Bilateral trade between Argentina and Viet Nam ,,,,,,,,,,,,,,,,,,,,,,,,,,,,,,,,,,,,,,,
Product: TOTAL All products,,,,,,,,,,,,,,,,,,,,,,,,,,,,,,,,,,,,,,,
,,,,,,,,,,,,,,,,,,,,,,,,,,,,,,,,,,,,,,,
"Sources: ITC calculations based on Instituto Nacional de Estadística y Censos statistics since January, 2007.",,,,,,,,,,,,,,,,,,,,,,,,,,,,,,,,,,,,,,,
"               ITC calculations based on Scavage, Foreign Trade Statistics statistics until January, 2007.",,,,,,,,,,,,,,,,,,,,,,,,,,,,,,,,,,,,,,,
Bilateral trade data have been reported by Argentina,,,,,,,,,,,,,,,,,,,,,,,,,,,,,,,,,,,,,,,
,,,,,,,,,,,,,,,,,,,,,,,,,,,,,,,,,,,,,,,
Argentina's exports have been reported by Argentina,,,,,,,,,,,,,,,,,,,,,,,,,,,,,,,,,,,,,,,
,,,,,,,,,,,,,,,,,,,,,,,,,,,,,,,,,,,,,,,
,,,,,,,,,,,,,,,,,,,,,,,,,,,,,,,,,,,,,,,
Unit : US Dollar thousand,,,,,,,,,,,,,,,,,,,,,,,,,,,,,,,,,,,,,,,
,,,,,,,,,,,,,,,,,,,,,,,,,,,,,,,,,,,,,,,
Product code,Product label,Argentina's exports to Viet Nam,,,,,,,,,,,,Viet Nam's imports from world,,,,,,,,,,,,,Argentina's exports to world,,,,,,,,,,,,
,,Value in 2025-M04,Value in 2025-M05,Value in 2025-M06,Value in 2025-M07,Value in 2025-M08,Value in 2025-M09,Value in 2025-M10,Value in 2025-M11,Value in 2025-M12,Value in 2026-M01,Value in 2026-M02,Value in 2026-M03,,Value in 2025-M04,Value in 2025-M05,Value in 2025-M06,Value in 2025-M07,Value in 2025-M08,Value in 2025-M09,Value in 2025-M10,Value in 2025-M11,Value in 2025-M12,Value in 2026-M01,Value in 2026-M02,Value in 2026-M03,,Value in 2025-M04,Value in 2025-M05,Value in 2025-M06,Value in 2025-M07,Value in 2025-M08,Value in 2025-M09,Value in 2025-M10,Value in 2025-M11,Value in 2025-M12,Value in 2026-M01,Value in 2026-M02,Value in 2026-M03
'TOTAL,All products,250145,198228,274508,300933,252426,157506,130164,156675,209924,297347,215465,404769,,,,,,,,,,,,,,,6674331,7095183,7275261,7760556,7903012,8128182,7962635,8132731,7448176,7245296,5963339,8644573
'853180,Electric sound or visual signalling apparatus (excl. indicator panels with liquid crystal devices ...,0,0,0,0,0,0,0,0,0,0,0,0,,,,,,,,,,,,,,,5,2,0,27,8,6,2,1,6,2,13,16
'853610,Fuses for a voltage <= 1.000 V,0,0,0,0,0,0,0,0,0,0,0,0,,,,,,,,,,,,,,,7,5,4,4,2,17,12,4,11,9,3,7
'853641,Relays for a voltage <= 60 V,0,0,0,0,0,0,0,0,0,0,0,0,,,,,,,,,,,,,,,20,67,32,184,78,48,57,101,59,81,16,35
'853910,Sealed beam lamp units,0,0,0,0,0,0,0,0,0,0,0,0,,,,,,,,,,,,,,,0,0,0,0,0,0,0,0,0,0,0,0
'853939,"Discharge lamps (excl. hot-cathode fluorescent lamps, mercury or sodium vapour lamps, metal ...",0,0,0,0,0,0,0,0,0,0,0,0,,,,,,,,,,,,,,,0,0,0,0,0,0,0,0,0,0,0,0
'854071,Magnetrons,0,0,0,0,0,0,0,0,0,0,0,0,,,,,,,,,,,,,,,0,0,0,0,0,0,0,0,0,0,0,0
'854143,Photovoltaic cells assembled in modules or made up into panels,0,0,0,0,0,0,0,0,0,0,0,0,,,,,,,,,,,,,,,0,0,0,1,0,0,0,0,0,0,0,0
'854190,"Parts of diodes, transistors and similar semiconductor devices; photosensitive semiconductor ...",0,0,0,0,0,0,0,0,0,0,0,0,,,,,,,,,,,,,,,0,0,0,0,0,0,0,0,0,0,0,0
'854999,"Electrical and electronic waste and scrap (excl. for the recovery of precious metal, electrical ...",0,0,0,0,0,0,0,0,0,0,0,0,,,,,,,,,,,,,,,0,0,0,0,0,0,0,0,0,0,0,0
'860791,"Parts of railway or tramway locomotives, n.e.s.",0,0,0,0,0,0,0,0,0,0,0,0,,,,,,,,,,,,,,,0,0,0,0,0,0,0,0,0,0,0,0
'860800,"Railway or tramway track fixtures and fittings (excl. sleepers of wood, concrete or steel, ...",0,0,0,0,0,0,0,0,0,0,0,0,,,,,,,,,,,,,,,0,0,0,0,0,0,0,114,0,0,0,0
'870121,"Road tractors for semi-trailers, with only compression-ignition internal combustion piston ...",0,0,0,0,0,0,0,0,0,0,0,0,,,,,,,,,,,,,,,0,0,0,0,0,0,0,0,0,0,0,0
'870210,"Motor vehicles for the transport of >= 10 persons, incl. driver, with only diesel engine",0,0,0,0,0,0,0,0,0,0,0,0,,,,,,,,,,,,,,,0,0,0,0,0,0,28631,0,0,0,0,0
'870421,"Motor vehicles for the transport of goods, with only compression-ignition internal combustion ...",0,0,0,0,0,0,0,0,0,0,0,0,,,,,,,,,,,,,,,336917,428581,476699,350556,364104,504402,525136,615809,484683,177435,291630,498495
'870451,"Motor vehicles for the transport of goods, with both spark-ignition internal combustion piston ...",0,0,0,0,0,0,0,0,0,0,0,0,,,,,,,,,,,,,,,0,0,0,0,0,0,0,0,0,0,0,0
'870540,Concrete-mixer lorries,0,0,0,0,0,0,0,0,0,0,0,0,,,,,,,,,,,,,,,0,0,0,0,0,0,0,0,0,0,0,0
'870810,"Bumpers and parts thereof for tractors, motor vehicles for the transport of ten or more persons, ...",0,0,0,0,0,0,0,0,0,0,0,0,,,,,,,,,,,,,,,1414,1708,1429,1887,1455,1578,1531,1554,1369,1357,1162,1538
'870822,"Front windscreens ""windshields"", rear windows and other windows for motor vehicles of headings ...",0,0,0,0,0,0,0,0,0,0,0,0,,,,,,,,,,,,,,,12,22,17,23,34,30,22,9,19,32,14,10
'870829,"Parts and accessories of bodies for tractors, motor vehicles for the transport of ten or more ...",0,0,0,0,0,0,0,0,0,0,0,0,,,,,,,,,,,,,,,5952,7192,5922,7910,5417,7203,9299,6020,5868,5590,5745,6711
'870919,"Works trucks, self-propelled, not fitted with lifting or handling equipment, of the type used ...",0,0,0,0,0,0,0,0,0,0,0,0,,,,,,,,,,,,,,,0,0,0,0,0,0,0,0,0,0,0,0
'871496,"Pedals and crank-gear, and parts thereof, for bicycles, n.e.s.",0,0,0,0,0,0,0,0,0,0,0,0,,,,,,,,,,,,,,,0,0,0,0,0,0,0,0,0,0,0,0
'880230,Aeroplanes and other powered aircraft of an unladen weight > 2.000 kg but <= 15.000 kg (excl. ...,0,0,0,0,0,0,0,0,0,0,0,0,,,,,,,,,,,,,,,0,0,0,0,0,0,0,0,0,0,0,0
'880529,"Ground flying trainers and parts thereof, n.e.s. (excl. air combat simulators and parts thereof)",0,0,0,0,0,0,0,0,0,0,0,0,,,,,,,,,,,,,,,0,0,0,0,0,0,0,0,0,0,0,0
'880692,"Unmanned aircraft, with maximum take-off weight > 250 g but <= 7 kg (excl. for passenger carriage ...",0,0,0,0,0,0,0,0,0,0,0,0,,,,,,,,,,,,,,,0,0,0,0,0,0,0,0,0,0,0,0
'890331,"Motorboats, of a length <= 7,5 m, for pleasure or sports (excl. inflatable and outboard)",0,0,0,0,0,0,0,0,0,0,0,0,,,,,,,,,,,,,,,0,0,0,0,0,0,0,0,0,0,0,0
'890393,"Outboard motorboats, for pleasure or sports, and rowing boats and canoes, of a length <= 7,5 ...",0,0,0,0,0,0,0,0,0,0,0,0,,,,,,,,,,,,,,,0,0,0,0,0,0,130,0,114,0,0,0
'890400,Tugs and pusher craft,0,0,0,0,0,0,0,0,0,0,0,0,,,,,,,,,,,,,,,0,0,0,0,0,0,0,0,0,0,0,0
'890710,Inflatable rafts,0,0,0,0,0,0,0,0,0,0,0,0,,,,,,,,,,,,,,,0,0,0,0,0,0,0,0,0,0,0,0
'900140,Spectacle lenses of glass,0,0,0,0,0,0,0,0,0,0,0,0,,,,,,,,,,,,,,,0,0,0,0,0,0,0,0,0,0,0,0
'900390,"Parts of frames and mountings for spectacles, goggles or the like, n.e.s.",0,0,0,0,0,0,0,0,0,0,0,0,,,,,,,,,,,,,,,0,0,0,0,0,0,0,0,0,0,0,0
'900590,"Parts and accessories, incl. mountings, for binoculars, monoculars, astronomical and other ...",0,0,0,0,0,0,0,0,0,0,0,0,,,,,,,,,,,,,,,0,0,0,0,0,0,0,0,0,0,0,0
'900661,Electronic discharge lamp flashlight apparatus for photographic purposes,0,0,0,0,0,0,0,0,0,0,0,0,,,,,,,,,,,,,,,0,0,0,0,0,0,0,0,0,0,0,0
'901390,"Parts and accessories for lasers and other appliances and instruments, n.e.s. in chapter 90",0,0,0,0,0,0,0,0,0,0,0,0,,,,,,,,,,,,,,,0,0,0,0,0,0,0,0,0,0,0,0
'901490,"Parts and accessories for compasses and other navigational instruments and appliances, n.e.s.",0,0,0,0,0,0,0,0,0,0,0,0,,,,,,,,,,,,,,,0,0,0,0,0,0,0,0,0,0,0,0
'901720,"Drawing, marking-out and mathematical calculating instruments (excl. drafting tables and machines ...",0,0,0,0,0,0,0,0,0,0,0,0,,,,,,,,,,,,,,,0,0,0,0,0,0,0,0,11,0,0,3
'901780,"Instruments for measuring length, for use in the hand, n.e.s.",0,0,0,0,0,0,0,0,0,0,0,0,,,,,,,,,,,,,,,0,6,0,2,0,12,8,8,0,0,0,11
'901790,"Parts and accessories for drawing, marking-out or mathematical calculating instruments and ...",0,0,0,0,0,0,0,0,0,0,0,0,,,,,,,,,,,,,,,0,0,0,0,0,0,0,0,0,0,0,0
'901811,Electro-cardiographs,0,0,0,0,0,0,0,0,0,0,0,0,,,,,,,,,,,,,,,59,41,33,24,144,0,43,32,31,127,94,69
'901813,Magnetic resonance imaging apparatus,0,0,0,0,0,0,0,0,0,0,0,0,,,,,,,,,,,,,,,85,274,86,143,120,94,408,219,144,186,161,0
'901850,"Ophthalmic instruments and appliances, n.e.s.",0,0,0,0,0,0,0,0,0,0,0,0,,,,,,,,,,,,,,,0,0,0,0,0,0,0,0,0,0,0,0
'902000,"Breathing appliances and gas masks, incl. parts and accessories (excl. protective masks having ...",0,0,0,0,0,0,0,0,0,0,0,0,,,,,,,,,,,,,,,0,0,0,0,0,0,0,0,0,0,0,0
'902150,Pacemakers for stimulating heart muscles (excl. parts and accessories),0,0,0,0,0,0,0,0,0,0,0,0,,,,,,,,,,,,,,,0,0,0,0,0,0,0,0,0,0,0,0
'902290,"X-ray generators other than X-ray tubes, high tension generators, control panels and desks, ...",0,0,0,0,0,0,0,0,0,0,0,0,,,,,,,,,,,,,,,70,116,17,55,52,124,217,15,6,15,99,40
'902690,"Parts and accessories for instruments and apparatus for measuring or checking the flow, level, ...",0,0,0,0,0,0,0,0,0,0,0,0,,,,,,,,,,,,,,,29,19,59,97,41,30,45,109,151,8,31,37
'903010,Instruments and apparatus for measuring or detecting ionising radiations,0,0,0,0,0,0,0,0,0,0,0,0,,,,,,,,,,,,,,,0,135,20,189,0,32,50,32,0,46,70,54
'903290,"Parts and accessories for regulating or controlling instruments and apparatus, n.e.s.",0,0,0,0,0,0,0,0,0,0,0,0,,,,,,,,,,,,,,,43,68,69,49,79,63,77,92,38,88,97,94
'910121,"Wrist-watches of precious metal or of metal clad with precious metal, whether or not incorporating ...",0,0,0,0,0,0,0,0,0,0,0,0,,,,,,,,,,,,,,,0,0,0,0,0,0,0,0,0,0,0,0
'910212,"Wrist-watches, whether or not incorporating a stop-watch facility, electrically operated, with ...",0,0,0,0,0,0,0,0,0,0,0,0,,,,,,,,,,,,,,,0,0,0,0,0,0,0,0,0,0,0,0
'910229,"Wrist-watches, whether or not incorporating a stop-watch facility, with hand winding only (excl. ...",0,0,0,0,0,0,0,0,0,0,0,0,,,,,,,,,,,,,,,0,0,0,0,0,0,0,0,0,0,0,0
'910511,"Alarm clocks, electrically operated",0,0,0,0,0,0,0,0,0,0,0,0,,,,,,,,,,,,,,,0,0,0,0,0,0,0,0,0,0,0,0
'910819,"Watch movements, complete and assembled, electrically operated, with combined opto-electronic ...",0,0,0,0,0,0,0,0,0,0,0,0,,,,,,,,,,,,,,,0,0,0,0,0,0,0,0,0,0,0,0
'910890,"Watch movements, complete and assembled, with hand winding only",0,0,0,0,0,0,0,0,0,0,0,0,,,,,,,,,,,,,,,0,0,0,0,0,0,0,0,0,0,0,0
'920590,Wind musical instruments (excl. brass-wind instruments),0,0,0,0,0,0,0,0,0,0,0,0,,,,,,,,,,,,,,,0,0,0,0,0,0,0,0,0,0,0,0
'920991,"Parts and accessories for pianos, n.e.s.",0,0,0,0,0,0,0,0,0,0,0,0,,,,,,,,,,,,,,,0,0,0,0,0,0,0,0,0,0,0,0
'930320,"Sporting, hunting or target-shooting shotguns, with at least one smooth barrel (excl. muzzle-loading ...",0,0,0,0,0,0,0,0,0,0,0,0,,,,,,,,,,,,,,,0,0,0,0,0,0,0,0,0,0,0,0
'930591,"Parts and accessories of military weapons of heading 9301, n.e.s.",0,0,0,0,0,0,0,0,0,0,0,0,,,,,,,,,,,,,,,0,0,0,0,0,0,0,0,0,0,0,0
'940180,"Seats, n.e.s.",0,0,0,0,0,0,0,0,0,0,0,0,,,,,,,,,,,,,,,46,68,45,71,77,126,176,150,140,87,65,99
'940391,"Parts of furniture, of wood, n.e.s. (excl. of seats or medical, surgical, dental or veterinary ...",0,0,0,0,0,0,0,0,0,0,0,0,,,,,,,,,,,,,,,146,108,173,205,109,56,56,49,15,2,9,65
'940410,Mattress supports for bed frames (excl. spring interiors for seats),0,0,0,0,0,0,0,0,0,0,0,0,,,,,,,,,,,,,,,0,19,20,0,0,0,0,68,34,0,25,26
'940542,"Luminaires and lighting fittings, solely for light-emitting diode ""LED"" light sources, n.e.s.",0,0,0,0,0,0,0,0,0,0,0,0,,,,,,,,,,,,,,,145,120,53,102,52,53,163,154,112,99,94,79
'940591,"Parts of lamps and lighting fittings, illuminated signs and nameplates and the like, of glass, ...",0,0,0,0,0,0,0,0,0,0,0,0,,,,,,,,,,,,,,,0,0,0,0,0,0,0,0,0,0,0,0
'950420,Billiards of all kinds and accessories,0,0,0,0,0,0,0,0,0,0,0,0,,,,,,,,,,,,,,,0,0,0,0,0,0,0,0,0,0,0,0
'950631,"Golf clubs, complete",0,0,0,0,0,0,0,0,0,0,0,0,,,,,,,,,,,,,,,0,0,0,0,0,0,0,0,0,0,0,0
'950824,Motion simulators and moving theatres,0,0,0,0,0,0,0,0,0,0,0,0,,,,,,,,,,,,,,,0,0,0,0,0,0,0,0,0,0,0,0
'950826,Water park amusements,0,0,0,0,0,0,0,0,0,0,0,0,,,,,,,,,,,,,,,0,0,0,0,0,0,0,0,0,0,0,0
'960910,"Pencils and crayons, with leads encased in a sheath",0,0,0,0,0,0,0,0,0,0,0,0,,,,,,,,,,,,,,,0,0,0,0,0,0,0,0,54,0,0,0
'961220,"Ink-pads, whether or not inked, with or without boxes",0,0,0,0,0,0,0,0,0,0,0,0,,,,,,,,,,,,,,,0,0,0,0,0,0,0,0,0,0,0,0
'961610,"Scent sprays and similar toilet sprays, and mounts and heads therefor",0,0,0,0,0,0,0,0,0,0,0,0,,,,,,,,,,,,,,,0,0,0,0,0,0,0,0,0,0,0,0
'961620,Powder puffs and pads for the application of cosmetics or toilet preparations,0,0,0,0,0,0,0,0,0,0,0,0,,,,,,,,,,,,,,,0,0,0,0,0,0,0,0,0,5,0,0
'961900,"Sanitary towels (pads) and tampons, napkins and napkin liners, and similar articles, of any ...",0,0,0,0,0,0,0,0,0,0,0,0,,,,,,,,,,,,,,,3809,3953,3002,3189,3081,2414,2189,2686,2397,2459,2404,2741
'970129,"Collages and similar decorative plaques, over 100 years old (excl. mosaics)",0,0,0,0,0,0,0,0,0,0,0,0,,,,,,,,,,,,,,,0,0,0,0,0,0,0,0,0,0,0,0
'970522,"Extinct or endangered species and parts thereof, as collections or collectors’ pieces of zoological, ...",0,0,0,0,0,0,0,0,0,0,0,0,,,,,,,,,,,,,,,0,0,0,0,0,0,0,0,0,0,0,0
'410712,"Grain splits leather ""incl. parchment-dressed leather"", of the whole hides and skins of bovine ...",0,0,0,0,0,0,0,0,0,0,0,0,,,,,,,,,,,,,,,0,0,0,398,411,0,0,586,0,0,0,0
'410791,"Full grains leather ""incl. parchment-dressed leather"", unsplit, of the portions, strips or ...",0,0,0,0,0,0,0,0,0,0,0,0,,,,,,,,,,,,,,,0,0,0,0,0,0,491,137,0,0,0,307
'411200,"Leather further prepared after tanning or crusting ""incl. parchment-dressed leather"", of sheep ...",0,0,0,0,0,0,0,0,0,0,0,0,,,,,,,,,,,,,,,0,0,0,0,0,0,0,0,0,0,0,0
'411330,"Leather further prepared after tanning or crusting ""incl. parchment-dressed leather"", of reptiles,, ...",0,0,0,0,0,0,0,0,0,0,0,0,,,,,,,,,,,,,,,0,0,0,0,0,0,0,0,0,0,0,0
'411390,"Leather further prepared after tanning or crusting ""incl. parchment-dressed leather"", of antelopes, ...",0,0,0,0,0,0,0,0,0,0,0,0,,,,,,,,,,,,,,,0,0,0,0,0,0,0,0,0,0,0,0
'420100,"Saddlery and harness for any animal, incl. traces, leads, knee pads, muzzles, saddle cloths, ...",0,0,0,0,0,0,0,0,0,0,0,0,,,,,,,,,,,,,,,309,352,360,363,482,259,243,364,315,292,138,311
'420212,"Trunks, suitcases, vanity cases, executive-cases, briefcases, school satchels and similar containers, ...",0,0,0,0,0,0,0,0,0,0,0,0,,,,,,,,,,,,,,,0,0,0,3,0,2,0,0,0,0,0,7
'420299,"Travelling-bags, shopping or tool bags, jewellery boxes, cutlery cases and similar, with outer ...",0,0,0,0,0,0,0,0,0,0,0,0,,,,,,,,,,,,,,,49,0,0,0,0,60,45,1,0,0,0,29
'420340,"Clothing accessories of leather or composition leather (excl. gloves, mittens and mitts, belts, ...",0,0,0,0,0,0,0,0,0,0,0,0,,,,,,,,,,,,,,,0,0,0,0,0,0,0,0,7,0,0,0
'430230,"Tanned or dressed whole furskins and pieces or cuttings thereof, assembled, without the addition ...",0,0,0,0,0,0,0,0,0,0,0,0,,,,,,,,,,,,,,,0,0,0,0,0,0,0,0,0,0,0,0
'440312,"Wood in the rough, treated with paint, stains, creosote or other preservatives, non-coniferous ...",0,0,0,0,0,0,0,0,0,0,0,0,,,,,,,,,,,,,,,0,0,0,0,0,0,0,0,0,0,0,0
'440839,"Sheets for veneering, incl. those obtained by slicing laminated wood, for plywood or for other ...",0,0,0,0,0,0,0,0,0,0,0,0,,,,,,,,,,,,,,,0,0,0,0,0,0,0,0,0,0,0,0
'440921,"Bamboo, incl. strips and friezes for parquet flooring, not assembled, continuously shaped ""tongued, ...",0,0,0,0,0,0,0,0,0,0,0,0,,,,,,,,,,,,,,,0,0,0,0,0,0,0,0,0,0,0,0
'441011,"Particle board of wood, whether or not agglomerated with resins or other organic binding substances ...",0,0,0,0,0,0,0,0,0,0,0,0,,,,,,,,,,,,,,,818,765,615,742,787,961,1136,754,976,0,771,851
'441090,"Board of bagasse, bamboo or cereal straw particles or other ligneous materials, whether or ...",0,0,0,0,0,0,0,0,0,0,0,0,,,,,,,,,,,,,,,0,0,0,0,0,0,0,0,0,0,0,0
'441239,"Plywood consisting solely of sheets of wood <= 6 mm thick, with both outer plies of coniferous ...",0,0,0,0,0,0,0,0,0,0,0,0,,,,,,,,,,,,,,,0,0,0,197,167,536,590,1567,1153,748,1788,1748
'441252,"Blockboard, laminboard and battenboard, with at least one outer ply of non-coniferous wood ...",0,0,0,0,0,0,0,0,0,0,0,0,,,,,,,,,,,,,,,0,0,0,0,0,0,0,0,0,0,0,0
'441291,"Laminated wood with at least one outer ply of tropical wood (excl. of bamboo, plywood consisting ...",0,0,0,0,0,0,0,0,0,0,0,0,,,,,,,,,,,,,,,0,0,0,0,0,0,0,0,0,0,0,0
'441829,"Doors and their frames and thresholds, of wood (excl. of tropical wood)",0,0,0,0,0,0,0,0,0,0,0,0,,,,,,,,,,,,,,,0,0,517,158,197,0,0,328,341,0,0,87
'441879,"Flooring panels, assembled, of wood other than bamboo (excl. multilayer panels and panels for ...",0,0,0,0,0,0,0,0,0,0,0,0,,,,,,,,,,,,,,,0,0,0,0,0,0,0,0,0,0,0,0
'441881,"Glue-laminated timber ""glulam""",0,0,0,0,0,0,0,0,0,0,0,0,,,,,,,,,,,,,,,189,0,0,0,0,0,0,180,87,0,0,0
'441883,"I beams, of wood",0,0,0,0,0,0,0,0,0,0,0,0,,,,,,,,,,,,,,,0,0,0,0,0,0,0,0,0,0,0,0
'441891,"Builders' joinery and carpentry, of bamboo (excl. windows, French windows and their frames, ...",0,0,0,0,0,0,0,0,0,0,0,0,,,,,,,,,,,,,,,0,0,0,0,0,0,0,0,0,0,0,0
'441911,"Bread boards, chopping boards and similar boards, of bamboo",0,0,0,0,0,0,0,0,0,0,0,0,,,,,,,,,,,,,,,0,0,0,0,0,0,0,0,0,0,0,0
'442199,"Articles of wood, n.e.s.",0,0,0,0,0,0,0,0,0,0,0,0,,,,,,,,,,,,,,,79,95,170,203,72,216,306,155,330,164,74,139
'450410,"Tiles of any shape, blocks, plates, sheets and strip, solid cylinders, incl. discs, of agglomerated ...",0,0,0,0,0,0,0,0,0,0,0,0,,,,,,,,,,,,,,,0,0,0,0,0,0,0,0,0,0,0,0
'450490,"Agglomerated cork, with or without a binding substance, and articles of agglomerated cork (excl. ...",0,0,0,0,0,0,0,0,0,0,0,0,,,,,,,,,,,,,,,0,12,0,14,0,15,0,0,18,8,6,14
'460193,"Plaits and similar products, of rattan plaiting materials, whether or not assembled into strips; ...",0,0,0,0,0,0,0,0,0,0,0,0,,,,,,,,,,,,,,,0,0,0,0,0,0,0,0,0,0,0,0
'460211,"Basketwork, wickerwork and other articles, made directly to shape from bamboo plaiting materials ...",0,0,0,0,0,0,0,0,0,0,0,0,,,,,,,,,,,,,,,0,0,0,0,0,0,0,0,0,0,0,0
'470311,"Unbleached coniferous chemical wood pulp, soda or sulphate (excl. dissolving grades)",0,0,0,0,0,0,0,0,0,0,0,0,,,,,,,,,,,,,,,0,0,0,0,0,0,0,0,0,0,0,0
'480256,"Uncoated paper and paperboard, of a kind used for writing, printing or other graphic purposes, ...",0,0,0,0,0,0,0,0,0,0,0,0,,,,,,,,,,,,,,,0,0,0,0,0,0,0,0,4737,0,0,0
'480258,"Uncoated paper and paperboard, of a kind used for writing, printing or other graphic purposes, ...",0,0,0,0,0,0,0,0,0,0,0,0,,,,,,,,,,,,,,,0,0,0,0,0,0,0,0,0,0,0,0
'480431,"Unbleached kraft paper and paperboard, uncoated, in rolls of a width > 36 cm or in square or ...",0,0,0,0,0,0,0,0,0,0,0,0,,,,,,,,,,,,,,,420,0,561,118,202,597,341,0,296,0,185,0
'480511,"Semi-chemical fluting paper, uncoated, in rolls of a width > 36 cm",0,0,0,0,0,0,0,0,0,0,0,0,,,,,,,,,,,,,,,0,0,0,0,0,0,0,0,0,0,0,0
'480591,"Paper and paperboard, uncoated, in rolls of a width > 36 cm or in square or rectangular sheets ...",0,0,0,0,0,0,0,0,0,0,0,0,,,,,,,,,,,,,,,0,16,0,32,0,0,0,0,0,0,2,0
'480630,"Tracing papers, in rolls of a width > 36 cm or in square or rectangular sheets with one side ...",0,0,0,0,0,0,0,0,0,0,0,0,,,,,,,,,,,,,,,0,0,0,0,0,0,0,0,0,0,0,0
'480920,"Self-copy paper, whether or not printed, in rolls of a width > 36 cm or in square or rectangular ...",0,0,0,0,0,0,0,0,0,0,0,0,,,,,,,,,,,,,,,0,0,0,0,0,0,0,0,0,0,0,0
'481032,"Kraft paper and paperboard, bleached uniformly throughout the mass and containing > 95% chemically ...",0,0,0,0,0,0,0,0,0,0,0,0,,,,,,,,,,,,,,,0,0,0,0,0,0,0,0,0,0,0,0
'481151,"Paper and paperboard, surface-coloured, surface-decorated or printed, coated, impregnated or ...",0,0,0,0,0,0,0,0,0,0,0,0,,,,,,,,,,,,,,,0,0,0,0,0,0,0,0,0,0,0,0
'481200,"Filter blocks, slabs and plates, of paper pulp",0,0,0,0,0,0,0,0,0,0,0,0,,,,,,,,,,,,,,,0,0,0,0,0,133,0,0,0,0,0,0
'481390,"Cigarette paper, whether or not cut to size (excl. in the form of booklets or tubes, and rolls ...",0,0,0,0,0,0,0,0,0,0,0,0,,,,,,,,,,,,,,,0,0,0,0,0,0,0,0,0,0,0,0
'481710,Envelopes of paper or paperboard (excl. letter cards),0,0,0,0,0,0,0,0,0,0,0,0,,,,,,,,,,,,,,,45,0,0,1,0,1,14,0,42,34,0,0
'481810,Toilet paper in rolls of a width of <= 36 cm,0,0,0,0,0,0,0,0,0,0,0,0,,,,,,,,,,,,,,,82,0,28,34,0,0,29,0,0,34,0,0
'481960,"Box files, letter trays, storage boxes and similar articles, of paperboard, of a kind used ...",0,0,0,0,0,0,0,0,0,0,0,0,,,,,,,,,,,,,,,1,0,0,1,2,0,1,0,1,2,0,3
'482369,"Trays, dishes, plates, cups and the like, of paper or paperboard (excl. of bamboo paper or ...",0,0,0,0,0,0,0,0,0,0,0,0,,,,,,,,,,,,,,,96,96,75,150,150,80,187,393,234,180,115,97
'490300,"Children's picture, drawing or colouring books",0,0,0,0,0,0,0,0,0,0,0,0,,,,,,,,,,,,,,,26,40,39,34,10,20,48,6,29,9,40,38
'490590,"Maps and hydrographic or similar charts of all kinds, incl. atlases, wall maps, topographical ...",0,0,0,0,0,0,0,0,0,0,0,0,,,,,,,,,,,,,,,0,0,0,0,0,0,0,0,0,0,0,0
'490890,"Transfers ""decalcomanias"" (excl. vitrifiable)",0,0,0,0,0,0,0,0,0,0,0,0,,,,,,,,,,,,,,,6,10,7,4,5,8,8,7,9,5,8,9
'491110,"Trade advertising material, commercial catalogues and the like",0,0,0,0,0,0,0,0,0,0,0,0,,,,,,,,,,,,,,,13,33,25,29,40,31,31,25,18,26,16,35
'491191,"Pictures, prints and photographs, n.e.s.",0,0,0,0,0,0,0,0,0,0,0,0,,,,,,,,,,,,,,,0,1,0,2,9,8,5,23,2,0,0,7
'500790,"Woven fabrics containing predominantly, but < 85% silk or silk waste by weight",0,0,0,0,0,0,0,0,0,0,0,0,,,,,,,,,,,,,,,0,0,0,0,0,0,0,0,0,0,0,0
'510219,"Fine animal hair, neither carded nor combed (excl. wool and hair of Kashmir ""cashmere"" goats)",0,0,0,0,0,0,0,0,0,0,0,0,,,,,,,,,,,,,,,0,0,0,0,0,0,0,0,0,0,0,0
'510320,"Waste of wool or of fine animal hair, incl. yarn waste (excl. noils and garnetted stock)",0,0,0,0,0,0,0,0,0,0,0,0,,,,,,,,,,,,,,,0,0,0,0,0,0,0,0,0,0,0,0
'510510,"Wool, carded",0,0,0,0,0,0,0,0,0,0,0,0,,,,,,,,,,,,,,,0,0,0,0,0,0,0,0,0,0,0,0
'510529,"Wool, combed (excl. that in fragments ""open tops"")",0,0,0,0,0,0,0,0,0,0,0,0,,,,,,,,,,,,,,,9889,7497,5081,5718,5703,6978,10883,6054,11070,7447,7514,9201
'510720,"Yarn of combed wool containing predominantly, but < 85% wool by weight (excl. that put up for ...",0,0,0,0,0,0,0,0,0,0,0,0,,,,,,,,,,,,,,,0,0,0,0,0,0,0,0,0,0,0,0
'520511,"Single cotton yarn, of uncombed fibres, containing >= 85% cotton by weight and with a linear ...",0,0,0,0,0,0,0,0,0,0,0,0,,,,,,,,,,,,,,,0,0,0,0,68,0,0,242,199,0,0,151
'520513,"Single cotton yarn, of uncombed fibres, containing >= 85% cotton by weight and with a linear ...",0,0,0,0,0,0,0,0,0,0,0,0,,,,,,,,,,,,,,,0,0,0,0,0,0,731,596,271,300,0,0
'520822,"Plain woven fabrics of cotton, containing >= 85% cotton by weight and weighing > 100 g to 200 ...",0,0,0,0,0,0,0,0,0,0,0,0,,,,,,,,,,,,,,,0,0,0,0,0,0,0,0,0,0,0,0
'520829,"Woven fabrics of cotton, containing >= 85% cotton by weight and weighing <= 200 g/m_, bleached ...",0,0,0,0,0,0,0,0,0,0,0,0,,,,,,,,,,,,,,,0,0,0,0,0,0,0,0,0,0,0,0
'520911,"Plain woven fabrics of cotton, containing >= 85% cotton by weight and weighing > 200 g/m_, ...",0,0,0,0,0,0,0,0,0,0,0,0,,,,,,,,,,,,,,,0,0,0,0,0,0,0,0,0,0,0,0
'520949,"Woven fabrics of cotton, containing >= 85% cotton by weight and weighing > 200 g/m_, made of ...",0,0,0,0,0,0,0,0,0,0,0,0,,,,,,,,,,,,,,,0,0,0,0,0,0,0,0,0,0,0,0
'521120,"Woven fabrics of cotton, containing predominantly, but < 85% cotton by weight, mixed principally ...",0,0,0,0,0,0,0,0,0,0,0,0,,,,,,,,,,,,,,,0,0,0,0,0,0,0,0,0,0,0,0
'521139,"Woven fabrics of cotton, containing predominantly, but < 85% cotton by weight, mixed principally ...",0,0,0,0,0,0,0,0,0,0,0,0,,,,,,,,,,,,,,,0,0,0,0,0,0,0,0,0,0,0,0
'521215,"Woven fabrics of cotton, containing predominantly, but < 85% cotton by weight, other than those ...",0,0,0,0,0,0,0,0,0,0,0,0,,,,,,,,,,,,,,,0,0,0,0,0,0,0,0,0,0,0,0
'530710,Single yarn of jute or of other textile bast fibres of heading 5303,0,0,0,0,0,0,0,0,0,0,0,0,,,,,,,,,,,,,,,0,0,0,0,0,0,0,0,0,0,0,0
'530921,"Woven fabrics of flax, containing predominantly, but < 85% flax by weight, unbleached or bleached",0,0,0,0,0,0,0,0,0,0,0,0,,,,,,,,,,,,,,,0,0,0,0,0,0,0,0,0,0,0,0
'531010,"Woven fabrics of jute or of other textile bast fibres of heading 5303, unbleached",0,0,0,0,0,0,0,0,0,0,0,0,,,,,,,,,,,,,,,0,0,0,0,0,0,0,0,0,0,0,0
'540231,"Textured filament yarn of nylon or other polyamides, with a linear density of <= 50 tex per ...",0,0,0,0,0,0,0,0,0,0,0,0,,,,,,,,,,,,,,,0,0,0,0,0,0,0,0,0,0,0,0
'540331,"Yarn of viscose rayon filament, incl. monofilament of < 67 decitex, single, untwisted or with ...",0,0,0,0,0,0,0,0,0,0,0,0,,,,,,,,,,,,,,,0,0,0,0,0,0,0,0,0,0,0,0
'540412,Polypropylene monofilament of >= 67 decitex and with a cross sectional dimension of <= 1 mm ...,0,0,0,0,0,0,0,0,0,0,0,0,,,,,,,,,,,,,,,0,0,0,0,0,0,0,0,0,0,0,0
'540742,"Woven fabrics of filament yarn containing >= 85% nylon or other polyamides by weight, incl. ...",0,0,0,0,0,0,0,0,0,0,0,0,,,,,,,,,,,,,,,0,0,0,0,0,0,0,0,0,0,0,0
'540752,"Woven fabrics of yarn containing >= 85% by weight of textured polyester filaments, incl. monofilament ...",0,0,0,0,0,0,0,0,0,0,0,0,,,,,,,,,,,,,,,0,0,0,0,0,0,0,0,0,0,0,0
'540773,"Woven fabrics of yarn containing >= 85% synthetic filament by weight, incl. monofilament of ...",0,0,0,0,0,0,0,0,0,0,0,0,,,,,,,,,,,,,,,0,0,0,0,0,0,0,0,0,0,0,0
'540791,"Woven fabrics of yarn containing predominantly, but < 85% synthetic filament by weight, incl. ...",0,0,0,0,0,0,0,0,0,0,0,0,,,,,,,,,,,,,,,0,0,0,0,0,0,0,0,0,0,0,0
'540792,"Woven fabrics of yarn containing predominantly, but < 85% synthetic filament by weight, incl. ...",0,0,0,0,0,0,0,0,0,0,0,0,,,,,,,,,,,,,,,0,0,0,0,0,0,0,0,0,0,0,0
'540810,"Woven fabrics of high-tenacity viscose yarn, incl. monofilament of >= 67 decitex and a maximum ...",0,0,0,0,0,0,0,0,0,0,0,0,,,,,,,,,,,,,,,0,0,0,0,0,0,0,0,0,0,0,0
'540823,"Woven fabrics of yarn containing >= 85% artificial filament by weight, incl. monofilament of ...",0,0,0,0,0,0,0,0,0,0,0,0,,,,,,,,,,,,,,,0,0,0,0,0,0,0,0,0,0,0,0
'540834,"Woven fabrics of yarn containing predominantly, but < 85% artificial filament by weight, incl. ...",0,0,0,0,0,0,0,0,0,0,0,0,,,,,,,,,,,,,,,0,0,0,0,0,0,0,0,0,0,0,0
'550951,"Yarn containing predominantly, but < 85% polyester staple fibres by weight, mixed principally ...",0,0,0,0,0,0,0,0,0,0,0,0,,,,,,,,,,,,,,,0,0,0,0,0,0,0,0,0,0,0,0
'550953,"Yarn containing predominantly, but < 85% polyester staple fibres by weight, mixed principally ...",0,0,0,0,0,0,0,0,0,0,0,0,,,,,,,,,,,,,,,0,0,0,0,0,0,0,0,0,0,0,0
'550962,"Yarn containing predominantly, but < 85% acrylic or modacrylic staple fibres by weight, mixed ...",0,0,0,0,0,0,0,0,0,0,0,0,,,,,,,,,,,,,,,0,0,0,0,0,0,0,0,0,0,0,0
'551311,"Plain woven fabrics containing predominantly, but < 85% polyester staple fibres by weight, ...",0,0,0,0,0,0,0,0,0,0,0,0,,,,,,,,,,,,,,,0,0,0,0,0,0,0,0,0,0,0,0
'551412,"Woven fabrics containing predominantly, but < 85% polyester staple fibres by weight, mixed ...",0,0,0,0,0,0,0,0,0,0,0,0,,,,,,,,,,,,,,,0,0,0,0,0,0,0,0,0,0,0,0
'551422,"Woven fabrics containing predominantly, but < 85% polyester staple fibres by weight, mixed ...",0,0,0,0,0,0,0,0,0,0,0,0,,,,,,,,,,,,,,,0,0,0,0,0,0,0,0,0,0,0,0
'551449,"Woven fabrics containing predominantly, but < 85% synthetic staple fibres by weight, mixed ...",0,0,0,0,0,0,0,0,0,0,0,0,,,,,,,,,,,,,,,0,0,0,0,0,0,0,0,0,0,0,0
'551622,"Woven fabrics containing predominantly, but < 85% artificial staple fibres, mixed principally ...",0,0,0,0,0,0,0,0,0,0,0,0,,,,,,,,,,,,,,,0,0,0,0,0,0,0,0,0,0,0,0
'560122,"Wadding of man-made fibres and articles thereof (excl. sanitary towels and tampons, napkins ...",0,0,0,0,0,0,0,0,0,0,0,0,,,,,,,,,,,,,,,0,0,0,0,0,0,0,0,0,0,2,0
'560393,"Nonwovens, whether or not impregnated, coated, covered or laminated, n.e.s., weighing > 70 ...",0,0,0,0,0,0,0,0,0,0,0,0,,,,,,,,,,,,,,,0,0,0,0,0,0,0,0,0,0,0,0
'560749,"Twine, cordage, ropes and cables of polyethylene or polypropylene, whether or not plaited or ...",0,0,0,0,0,0,0,0,0,0,0,0,,,,,,,,,,,,,,,0,0,0,74,0,3,46,0,0,0,0,0
'570390,"Carpet tiles of vegetable textile materials or coarse animal hair, tufted ""needle punched"", ...",0,0,0,0,0,0,0,0,0,0,0,0,,,,,,,,,,,,,,,0,0,0,0,0,0,0,0,0,0,0,0
'580300,Gauze (excl. narrow woven fabrics of heading 5806),0,0,0,0,0,0,0,0,0,0,0,0,,,,,,,,,,,,,,,0,0,0,0,0,0,0,0,0,0,0,0
'580710,"Labels, badges and similar articles, of textile materials, in the piece, in strips or cut to ...",0,0,0,0,0,0,0,0,0,0,0,0,,,,,,,,,,,,,,,0,0,0,0,0,0,0,0,0,0,0,0
'590610,"Adhesive tape of rubberised textile fabrics, of a width of <= 20 cm (excl. that impregnated ...",0,0,0,0,0,0,0,0,0,0,0,0,,,,,,,,,,,,,,,0,0,0,0,0,0,0,0,0,0,0,0
'591132,"Textile fabrics and felts, endless or fitted with linking devices, of a kind used in papermaking ...",0,0,0,0,0,0,0,0,0,0,0,0,,,,,,,,,,,,,,,108,0,36,0,0,65,55,0,0,0,0,0
'591140,"Filtering or straining cloth of a kind used in oil-presses or for similar technical purposes, ...",0,0,0,0,0,0,0,0,0,0,0,0,,,,,,,,,,,,,,,0,0,0,0,0,0,0,0,0,0,0,0
'600110,"""Long pile"" fabrics, knitted or crocheted",0,0,0,0,0,0,0,0,0,0,0,0,,,,,,,,,,,,,,,0,0,0,0,0,0,0,0,0,0,0,0
'600122,"Looped pile fabrics of man-made fibres, knitted or crocheted",0,0,0,0,0,0,0,0,0,0,0,0,,,,,,,,,,,,,,,0,0,0,0,0,0,0,0,0,0,0,0
'600240,"Knitted or crocheted fabrics, of a width of <= 30 cm, containing >= 5% by weight elastomeric ...",0,0,0,0,0,0,0,0,0,0,0,0,,,,,,,,,,,,,,,0,0,0,0,0,0,0,0,0,0,0,0
'600290,"Knitted or crocheted fabrics, of a width of <= 30 cm, containing >= 5% by weight elastomeric ...",0,0,0,0,0,0,0,0,0,0,0,0,,,,,,,,,,,,,,,0,0,0,0,0,0,0,0,0,0,0,0
'600522,"Dyed cotton warp knit fabrics ""incl. those made on galloon knitting machines"", of a width of ...",0,0,0,0,0,0,0,0,0,0,0,0,,,,,,,,,,,,,,,0,0,0,0,0,0,0,0,0,0,0,0
'600536,"Unbleached or bleached warp knit fabrics of synthetic fibres ""incl. those made on galloon knitting ...",0,0,0,0,0,0,0,0,0,0,0,0,,,,,,,,,,,,,,,0,0,0,0,0,0,0,0,0,0,0,0
'600634,"Printed fabrics, knitted or crocheted, of synthetic fibres, of a width of > 30 cm (excl. warp ...",0,0,0,0,0,0,0,0,0,0,0,0,,,,,,,,,,,,,,,0,0,0,0,0,0,0,0,0,0,0,0
'600643,"Fabrics, knitted or crocheted, of artificial fibres, of yarns of different colours, of a width ...",0,0,0,0,0,0,0,0,0,0,0,0,,,,,,,,,,,,,,,0,0,0,0,0,0,0,0,0,0,0,0
'610120,"Overcoats, car coats, capes, cloaks, anoraks, incl. ski jackets, windcheaters, wind-jackets ...",0,0,0,0,0,0,0,0,0,0,0,0,,,,,,,,,,,,,,,0,15,12,7,0,11,3,1,3,0,0,5
'610190,"Overcoats, car coats, capes, cloaks, anoraks, incl. ski jackets, windcheaters, wind-jackets ...",0,0,0,0,0,0,0,0,0,0,0,0,,,,,,,,,,,,,,,0,0,0,0,0,0,0,0,0,0,0,0
'610332,"Men's or boys' jackets and blazers of cotton, knitted or crocheted (excl. wind-jackets and ...",0,0,0,0,0,0,0,0,0,0,0,0,,,,,,,,,,,,,,,0,0,0,0,0,0,0,0,0,0,0,0
'610431,"Women's or girls' jackets and blazers of wool or fine animal hair, knitted or crocheted (excl. ...",0,0,0,0,0,0,0,0,0,0,0,0,,,,,,,,,,,,,,,0,0,0,0,0,0,0,0,0,0,0,0
'610839,"Women's or girls' nightdresses and pyjamas of textile materials, knitted or crocheted (excl. ...",0,0,0,0,0,0,0,0,0,0,0,0,,,,,,,,,,,,,,,0,0,0,0,0,0,0,0,0,0,0,0
'610891,"Women's or girls' négligés, bathrobes, dressing gowns, housejackets and similar articles of ...",0,0,0,0,0,0,0,0,0,0,0,0,,,,,,,,,,,,,,,0,0,0,0,0,0,0,0,0,0,0,0
'611300,"Garments, knitted or crocheted, rubberised or impregnated, coated or covered with plastics ...",0,0,0,0,0,0,0,0,0,0,0,0,,,,,,,,,,,,,,,0,0,0,0,0,0,0,0,0,0,0,0
'611599,"Full-length or knee-length stockings, socks and other hosiery, incl. footwear without applied ...",0,0,0,0,0,0,0,0,0,0,0,0,,,,,,,,,,,,,,,0,0,0,0,0,0,0,0,0,0,0,0
'611692,"Gloves, mittens and mitts, of cotton, knitted or crocheted (excl. impregnated, coated, covered ...",0,0,0,0,0,0,0,0,0,0,0,0,,,,,,,,,,,,,,,0,0,0,0,0,0,0,0,0,0,0,0
'611699,"Gloves, mittens and mitts, of textile materials, knitted or crocheted (excl. of wool, fine ...",0,0,0,0,0,0,0,0,0,0,0,0,,,,,,,,,,,,,,,0,0,0,0,0,0,0,0,0,0,0,0
'620429,"Women's or girls' ensembles of textile materials (excl. of wool, fine animal hair, cotton or ...",0,0,0,0,0,0,0,0,0,0,0,0,,,,,,,,,,,,,,,0,0,0,0,0,0,0,0,0,0,0,0
'620431,"Women's or girls' jackets and blazers of wool or fine animal hair (excl. knitted or crocheted, ...",0,0,0,0,0,0,0,0,0,0,0,0,,,,,,,,,,,,,,,0,0,0,0,0,0,0,0,0,0,0,0
'620444,Women's or girls' dresses of artificial fibres (excl. knitted or crocheted and petticoats),0,0,0,0,0,0,0,0,0,0,0,0,,,,,,,,,,,,,,,0,0,0,0,7,6,3,5,0,0,0,0
'620711,Men's or boys' underpants and briefs of cotton (excl. knitted or crocheted),0,0,0,0,0,0,0,0,0,0,0,0,,,,,,,,,,,,,,,0,0,0,0,0,0,0,0,0,0,0,0
'620721,"Men's or boys' nightshirts and pyjamas of cotton (excl. knitted or crocheted, vests, singlets ...",0,0,0,0,0,0,0,0,0,0,0,0,,,,,,,,,,,,,,,0,0,0,0,0,0,0,0,0,0,0,0
'620799,"Men's or boys' singlets and other vests, bathrobes and dressing gowns of textile materials ...",0,0,0,0,0,0,0,0,0,0,0,0,,,,,,,,,,,,,,,0,0,0,0,0,0,0,0,0,0,0,0
'620819,"Women's or girls' slips and petticoats of textile materials (excl. man-made fibres, knitted ...",0,0,0,0,0,0,0,0,0,0,0,0,,,,,,,,,,,,,,,0,0,0,0,0,0,0,0,0,0,0,0
'621120,Ski suits (excl. knitted or crocheted),0,0,0,0,0,0,0,0,0,0,0,0,,,,,,,,,,,,,,,0,0,0,0,0,0,0,0,0,0,0,0
'621139,"Men's or boys' tracksuits and other garments, n.e.s. of textile materials (excl. of cotton ...",0,0,0,0,0,0,0,0,0,0,0,0,,,,,,,,,,,,,,,0,0,0,0,0,0,0,0,0,0,0,0
'621149,"Women's or girls' tracksuits and other garments, n.e.s. of textile materials (excl. of cotton ...",0,0,0,0,0,0,0,0,0,0,0,0,,,,,,,,,,,,,,,0,1,0,0,5,6,6,5,2,0,0,0
'621210,"Brassieres of all types of textile materials, whether or not elasticated, incl. knitted or ...",0,0,0,0,0,0,0,0,0,0,0,0,,,,,,,,,,,,,,,8,21,4,11,12,5,12,4,2,10,0,23
'621290,"Corsets, braces, garters, suspenders and similar articles and parts thereof, incl. parts of ...",0,0,0,0,0,0,0,0,0,0,0,0,,,,,,,,,,,,,,,1,2,5,0,0,0,0,0,6,0,0,0
'621490,"Shawls, scarves, mufflers, mantillas, veils and similar articles of textile materials (excl. ...",0,0,0,0,0,0,0,0,0,0,0,0,,,,,,,,,,,,,,,0,0,0,0,0,0,0,0,0,0,0,0
'630590,"Sacks and bags, for the packing of goods, of textile materials (excl. man-made, cotton, jute ...",0,0,0,0,0,0,0,0,0,0,0,0,,,,,,,,,,,,,,,1,0,0,0,0,0,0,0,0,0,0,0
'630900,"Worn clothing and clothing accessories, blankets and travelling rugs, household linen and articles ...",0,0,0,0,0,0,0,0,0,0,0,0,,,,,,,,,,,,,,,0,0,0,0,0,0,0,0,0,0,0,0
'640299,Footwear with outer soles and uppers of rubber or plastics (excl. covering the ankle or with ...,0,0,0,0,0,0,0,0,0,0,0,0,,,,,,,,,,,,,,,238,28,78,0,0,0,0,261,8,266,61,0
'640391,"Footwear with outer soles of rubber, plastics or composition leather, with uppers of leather, ...",0,0,0,0,0,0,0,0,0,0,0,0,,,,,,,,,,,,,,,138,78,42,14,13,0,16,19,33,109,131,254
'640420,Footwear with outer soles of leather or composition leather and uppers of textile materials ...,0,0,0,0,0,0,0,0,0,0,0,0,,,,,,,,,,,,,,,0,0,0,0,0,0,0,0,0,0,0,0
'660191,Umbrellas having a telescopic shaft (excl. toy umbrellas),0,0,0,0,0,0,0,0,0,0,0,0,,,,,,,,,,,,,,,0,0,0,0,0,0,0,0,0,0,0,0
'670419,"False beards, eyebrows and eyelashes, switches and the like, of synthetic textile materials ...",0,0,0,0,0,0,0,0,0,0,0,0,,,,,,,,,,,,,,,0,0,0,0,0,0,0,0,0,0,0,0
'680210,"Tiles, cubes and other processed articles of natural stone, incl. slate, for mosaics and the ...",0,0,0,0,0,0,0,0,0,0,0,0,,,,,,,,,,,,,,,0,0,0,0,0,0,0,0,0,0,0,0
'680223,"Granite and articles thereof, simply cut or sawn, with a flat or even surface (excl. with a ...",0,0,0,0,0,0,0,0,0,0,0,0,,,,,,,,,,,,,,,0,0,0,0,0,0,0,0,0,0,0,0
'680229,"Monumental or building stone and articles thereof, simply cut or sawn, with a flat or even ...",0,0,0,0,0,0,0,0,0,0,0,0,,,,,,,,,,,,,,,0,0,0,0,0,44,0,44,0,0,0,0
'681389,"Friction material and articles thereof, e.g. sheets, rolls, strips, segments, discs, washers ...",0,0,0,0,0,0,0,0,0,0,0,0,,,,,,,,,,,,,,,0,0,0,0,0,0,0,0,0,0,0,0
'681410,"Plates, sheets and strips of agglomerated or reconstituted mica, whether or not on a support ...",0,0,0,0,0,0,0,0,0,0,0,0,,,,,,,,,,,,,,,0,0,0,0,0,0,0,0,0,0,0,0
'690290,"Refractory bricks, blocks, tiles and similar refractory ceramic constructional goods (excl. ...",0,0,0,0,0,0,0,0,0,0,0,0,,,,,,,,,,,,,,,0,0,0,0,0,0,0,0,0,0,0,0
'690410,"Building bricks (excl. those of siliceous fossil meals or similar siliceous earths, and refractory ...",0,0,0,0,0,0,0,0,0,0,0,0,,,,,,,,,,,,,,,0,0,0,0,0,0,0,0,0,0,0,0
'690600,"Ceramic pipes, conduits, guttering and pipe fittings (excl. of siliceous fossil meals or similar ...",0,0,0,0,0,0,0,0,0,0,0,0,,,,,,,,,,,,,,,0,0,0,0,0,0,0,0,0,0,0,0
'690740,Finishing ceramics (excl. refractory),0,0,0,0,0,0,0,0,0,0,0,0,,,,,,,,,,,,,,,0,0,0,0,0,0,0,0,0,0,0,0
'690912,"Ceramic articles having a hardness equivalent to >= 9 on the Mohs scale, for chemical or other ...",0,0,0,0,0,0,0,0,0,0,0,0,,,,,,,,,,,,,,,0,0,0,0,0,0,0,0,0,0,0,0
'691410,"Ceramic articles of porcelain or china, n.e.s.",0,0,0,0,0,0,0,0,0,0,0,0,,,,,,,,,,,,,,,0,0,0,0,0,0,0,0,0,0,0,0
'691490,"Ceramic articles, n.e.s. (excl. of porcelain or china)",0,0,0,0,0,0,0,0,0,0,0,0,,,,,,,,,,,,,,,0,1,0,0,14,14,0,0,11,0,0,5
'700210,"Glass in balls, unworked (excl. glass microspheres <= 1 mm in diameter, glass balls of the ...",0,0,0,0,0,0,0,0,0,0,0,0,,,,,,,,,,,,,,,0,0,0,0,0,0,0,0,0,0,0,0
'700239,"Tubes of glass, unworked (excl. tubes of glass having a linear coefficient of expansion <= ...",0,0,0,0,0,0,0,0,0,0,0,0,,,,,,,,,,,,,,,0,0,0,0,0,0,0,0,0,0,0,0
'700490,"Sheets of glass, drawn or blown, but not otherwise worked (excl. glass coloured throughout ...",0,0,0,0,0,0,0,0,0,0,0,0,,,,,,,,,,,,,,,0,0,0,0,0,0,0,0,0,0,0,0
'700600,"Sheets or profiles of glass, whether or not having an absorbent, reflecting or non-reflecting ...",0,0,0,0,0,0,0,0,0,0,0,0,,,,,,,,,,,,,,,0,0,0,0,0,0,0,0,0,28,0,28
'700729,"Laminated safety glass (excl. glass of size and shape suitable for incorporation in motor vehicles, ...",0,0,0,0,0,0,0,0,0,0,0,0,,,,,,,,,,,,,,,0,0,0,0,0,0,0,0,0,0,0,0
'701010,Glass ampoules,0,0,0,0,0,0,0,0,0,0,0,0,,,,,,,,,,,,,,,0,0,0,0,0,25,0,0,0,0,0,0
'701399,"Glassware of a kind used for toilet, office, indoor decoration or similar purposes (excl. glassware ...",0,0,0,0,0,0,0,0,0,0,0,0,,,,,,,,,,,,,,,0,2,9,2,2,0,4,7,0,0,10,11
'701400,"Signalling glassware and optical elements of glass, not optically worked (excl. clock or watch ...",0,0,0,0,0,0,0,0,0,0,0,0,,,,,,,,,,,,,,,0,0,0,0,0,0,0,0,0,0,0,0
'701919,"Glass fibre cakes ""textile cakes"" and chopped glass fibre strands of a length >50mm",0,0,0,0,0,0,0,0,0,0,0,0,,,,,,,,,,,,,,,0,0,0,0,0,0,0,0,0,0,0,0
'701964,"Closed woven fabrics, plain weave, of glass fibre yarns, coated or laminated",0,0,0,0,0,0,0,0,0,0,0,0,,,,,,,,,,,,,,,0,0,0,0,0,0,0,0,0,0,0,0
'701973,Chemically bonded open fabrics of glass fibres (excl. veils),0,0,0,0,0,0,0,0,0,0,0,0,,,,,,,,,,,,,,,0,0,0,0,0,0,0,0,0,0,0,0
'711320,"Articles of jewellery and parts thereof, of base metal clad with precious metal (excl. articles ...",0,0,0,0,0,0,0,0,0,0,0,0,,,,,,,,,,,,,,,0,0,0,0,0,0,0,0,0,0,0,0
'711510,"Catalysts in the form of wire cloth or grill, of platinum",0,0,0,0,0,0,0,0,0,0,0,0,,,,,,,,,,,,,,,0,0,0,0,0,0,0,0,0,0,0,0
'711590,"Articles of precious metal or of metal clad with precious metal, n.e.s.",0,0,0,0,0,0,0,0,0,0,0,0,,,,,,,,,,,,,,,0,0,0,0,0,0,0,0,0,0,0,0
'720260,Ferro-nickel,0,0,0,0,0,0,0,0,0,0,0,0,,,,,,,,,,,,,,,0,0,0,0,0,0,0,0,0,0,0,0
'720826,"Flat-rolled products of iron or non-alloy steel, of a width of >= 600 mm, in coils, simply ...",0,0,0,0,0,0,0,0,0,0,0,0,,,,,,,,,,,,,,,0,0,0,0,0,0,0,0,0,0,0,0
'720837,"Flat-rolled products of iron or non-alloy steel, of a width of >= 600 mm, in coils, simply ...",0,0,0,0,0,0,0,0,0,0,0,0,,,,,,,,,,,,,,,0,0,0,0,0,0,0,0,0,0,0,0
'720918,"Flat-rolled products of iron or non-alloy steel, of a width of >= 600 mm, in coils, simply ...",0,0,0,0,0,0,0,0,0,0,0,0,,,,,,,,,,,,,,,0,0,0,0,0,0,0,0,0,0,0,0
'720928,"Flat-rolled products of iron or non-alloy steel, of a width of >= 600 mm, not in coils, simply ...",0,0,0,0,0,0,0,0,0,0,0,0,,,,,,,,,,,,,,,0,0,0,0,0,0,0,0,0,0,0,0
'721070,"Flat products of iron or non-alloy steel, of a width of >= 600 mm, hot-rolled or cold-rolled ...",0,0,0,0,0,0,0,0,0,0,0,0,,,,,,,,,,,,,,,0,0,0,0,0,0,0,0,0,0,0,0
'721220,"Flat-rolled products of iron or non-alloy steel, of a width of < 600 mm, hot-rolled or cold-rolled ...",0,0,0,0,0,0,0,0,0,0,0,0,,,,,,,,,,,,,,,0,0,0,0,0,0,0,0,0,0,0,0
'722220,"Other bars and rods of stainless steel, not further worked than cold-formed or cold-finished",0,0,0,0,0,0,0,0,0,0,0,0,,,,,,,,,,,,,,,0,0,0,0,11,28,0,0,0,0,0,0
'722410,"Steel, alloy, other than stainless, in ingots or other primary forms (excl. waste and scrap ...",0,0,0,0,0,0,0,0,0,0,0,0,,,,,,,,,,,,,,,0,0,0,0,0,0,0,0,0,0,0,0
'722591,"Flat-rolled products of alloy steel other than stainless, of a width of >= 600 mm, hot-rolled ...",0,0,0,0,0,0,0,0,0,0,0,0,,,,,,,,,,,,,,,0,0,0,0,0,0,0,0,0,0,0,0
'722691,"Flat-rolled products of alloy steel other than stainless, of a width of < 600 mm, not further ...",0,0,0,0,0,0,0,0,0,0,0,0,,,,,,,,,,,,,,,0,0,0,0,0,0,0,0,0,0,0,0
'722840,"Bars and rods of alloy steel other than stainless, not further worked than forged (excl. products ...",0,0,0,0,0,0,0,0,0,0,0,0,,,,,,,,,,,,,,,0,0,0,0,0,0,0,0,0,0,0,0
'722850,"Bars and rods of alloy steel other than stainless, not further worked than cold-formed or cold-finished ...",0,0,0,0,0,0,0,0,0,0,0,0,,,,,,,,,,,,,,,0,0,0,0,0,0,0,0,0,0,0,0
'730422,"Drill pipe, seamless, of stainless steel, of a kind used in drilling for oil or gas",0,0,0,0,0,0,0,0,0,0,0,0,,,,,,,,,,,,,,,0,0,0,0,0,0,0,0,0,0,0,0
'730459,"Tubes, pipes and hollow profiles, seamless, of circular cross-section, of alloy steel other ...",0,0,0,0,0,0,0,0,0,0,0,0,,,,,,,,,,,,,,,0,0,4338,1039,1468,504,538,0,0,0,0,0
'730490,"Tubes, pipes and hollow profiles, seamless, of non-circular cross-section, of iron or steel ...",0,0,0,0,0,0,0,0,0,0,0,0,,,,,,,,,,,,,,,0,0,0,0,0,0,0,0,0,0,0,0
'730511,"Line pipe of a kind used for oil or gas pipelines, having circular cross-sections and an external ...",0,0,0,0,0,0,0,0,0,0,0,0,,,,,,,,,,,,,,,0,0,0,0,0,0,0,0,0,0,0,0
'730723,Butt welding tube or pipe fittings of stainless steel (excl. cast products),0,0,0,0,0,0,0,0,0,0,0,0,,,,,,,,,,,,,,,0,0,0,5,0,0,2,1,0,0,7,0
'730729,"Tube or pipe fittings of stainless steel (excl. cast products, flanges, threaded elbows, bends ...",0,0,0,0,0,0,0,0,0,0,0,0,,,,,,,,,,,,,,,92,13,46,28,95,55,58,20,17,20,88,32
'730793,"Butt welding fittings of iron or steel (excl. cast iron or stainless steel products, and flanges)",0,0,0,0,0,0,0,0,0,0,0,0,,,,,,,,,,,,,,,0,57,0,169,0,42,0,0,0,0,0,0
'730830,"Doors, windows and their frames and thresholds for doors, of iron or steel",0,0,0,0,0,0,0,0,0,0,0,0,,,,,,,,,,,,,,,147,165,117,184,0,43,0,0,76,0,0,27
'730890,"Structures and parts of structures, of iron or steel, n.e.s. (excl. bridges and bridge-sections, ...",0,0,0,0,0,0,0,0,0,0,0,0,,,,,,,,,,,,,,,680,797,625,878,437,356,668,351,424,211,183,608
'731439,"Grill, netting and fencing, of iron or steel wire, welded at the intersection (excl. products ...",0,0,0,0,0,0,0,0,0,0,0,0,,,,,,,,,,,,,,,0,0,0,0,0,0,0,0,0,0,0,0
'731589,"Chain of iron or steel (excl. articulated link chain, skid chain, stud-link chain, welded link ...",0,0,0,0,0,0,0,0,0,0,0,0,,,,,,,,,,,,,,,0,0,0,0,0,349,0,0,27,0,0,0
'731940,"Safety pins and other pins of iron or steel, n.e.s.",0,0,0,0,0,0,0,0,0,0,0,0,,,,,,,,,,,,,,,0,0,0,0,0,0,0,0,0,0,0,0
'732010,"Leaf-springs and leaves therefor, of iron or steel (excl. clock and watch springs and shock ...",0,0,0,0,0,0,0,0,0,0,0,0,,,,,,,,,,,,,,,181,325,119,94,34,31,73,89,119,78,82,167
'732393,"Table, kitchen or other household articles, and parts thereof, of stainless steel (excl. cans, ...",0,0,0,0,0,0,0,0,0,0,0,0,,,,,,,,,,,,,,,64,16,50,223,31,30,143,16,64,57,23,34
'732394,"Table, kitchen or other household articles, and parts thereof, of iron other than cast iron ...",0,0,0,0,0,0,0,0,0,0,0,0,,,,,,,,,,,,,,,0,0,13,14,0,0,0,0,0,0,7,0
'740329,"Copper alloys unwrought (excl. copper-zinc base alloys ""brass"", copper-tin base alloys ""bronze"", ...",0,0,0,0,0,0,0,0,0,0,0,0,,,,,,,,,,,,,,,0,0,0,0,0,0,0,0,0,0,0,0
'740500,"Master alloys of copper (excl. phosphorus-copper compounds ""copper phosphide"" containing by ...",0,0,0,0,0,0,0,0,0,0,0,0,,,,,,,,,,,,,,,0,0,0,0,0,0,0,0,0,0,0,0
'740929,"Plates, sheets and strip, of copper-zinc base alloys ""brass"", of a thickness of > 0,15 mm, ...",0,0,0,0,0,0,0,0,0,0,0,0,,,,,,,,,,,,,,,0,0,0,0,0,0,0,0,0,0,0,0
'741012,"Copper alloy foil, not backed, of a thickness of <= 0,15 mm (excl. stamping foils of heading ...",0,0,0,0,0,0,0,0,0,0,0,0,,,,,,,,,,,,,,,0,0,0,0,0,0,0,0,0,0,0,0
'741122,"Tubes and pipes of copper-nickel base alloys ""cupro-nickel"" or copper-nickel-zinc base alloys ...",0,0,0,0,0,0,0,0,0,0,0,0,,,,,,,,,,,,,,,0,0,0,0,0,0,0,0,0,0,0,0
'741920,"Articles of copper, cast, moulded, stamped or forged, but not further worked, n.e.s.",0,0,0,0,0,0,0,0,0,0,0,0,,,,,,,,,,,,,,,0,0,0,0,0,0,0,0,0,0,0,0
'750400,"Powders and flakes, of nickel (excl. nickel oxide sinters)",0,0,0,0,0,0,0,0,0,0,0,0,,,,,,,,,,,,,,,0,0,0,0,0,0,0,0,0,0,0,0
'750511,"Bars, rods, profiles and wire, of non-alloy nickel, n.e.s. (excl. electrically insulated products)",0,0,0,0,0,0,0,0,0,0,0,0,,,,,,,,,,,,,,,0,0,0,0,0,0,0,0,0,0,0,0
'750522,Wire of nickel alloys (excl. electrically insulated products),0,0,0,0,0,0,0,0,0,0,0,0,,,,,,,,,,,,,,,0,0,0,0,0,0,0,0,0,0,0,0
'760519,"Wire of non-alloy aluminium, with a maximum cross-sectional dimension of <= 7 mm (other than ...",0,0,0,0,0,0,0,0,0,0,0,0,,,,,,,,,,,,,,,0,0,0,0,0,0,0,0,0,0,0,0
'760521,"Wire of aluminium alloys, with a maximum cross-sectional dimension of > 7 mm (excl. stranded ...",0,0,0,0,0,0,0,0,0,0,0,0,,,,,,,,,,,,,,,0,0,0,0,0,0,0,0,0,0,0,0
'760612,"Plates, sheets and strip, of aluminium alloys, of a thickness of > 0,2 mm, square or rectangular ...",0,0,0,0,0,0,0,0,0,0,0,0,,,,,,,,,,,,,,,0,0,0,0,0,0,0,0,0,0,0,0
'760692,"Plates, sheets and strip, of aluminium alloys, of a thickness of > 0,2 mm (other than square ...",0,0,0,0,0,0,0,0,0,0,0,0,,,,,,,,,,,,,,,0,0,0,0,0,0,0,0,0,0,0,0
'761510,"Table, kitchen or other household articles and parts thereof, and pot scourers and scouring ...",0,0,0,0,0,0,0,0,0,0,0,0,,,,,,,,,,,,,,,261,288,355,354,344,439,406,312,333,362,577,341
'761610,"Nails, tacks, staples, screws, bolts, nuts, screw hooks, rivets, cotters, cotter pins, washers ...",0,0,0,0,0,0,0,0,0,0,0,0,,,,,,,,,,,,,,,2,9,6,18,4,10,5,5,6,27,3,4
'790120,Unwrought zinc alloys,0,0,0,0,0,0,0,0,0,0,0,0,,,,,,,,,,,,,,,0,0,0,0,0,0,0,0,0,0,0,0
'810210,Molybdenum powders,0,0,0,0,0,0,0,0,0,0,0,0,,,,,,,,,,,,,,,0,0,0,0,0,0,0,0,0,0,0,0
'810890,"Articles of titanium, n.e.s.",0,0,0,0,0,0,0,0,0,0,0,0,,,,,,,,,,,,,,,0,0,0,0,0,0,36,0,0,0,0,0
'820160,"Hedge shears, two-handed pruning shears and similar two-handed shears, with working parts of ...",0,0,0,0,0,0,0,0,0,0,0,0,,,,,,,,,,,,,,,0,0,0,0,0,0,0,0,0,0,0,0
'820291,"Straight saw blades, of base metal, for working metal",0,0,0,0,0,0,0,0,0,0,0,0,,,,,,,,,,,,,,,0,0,0,0,0,0,0,0,0,0,0,0
'820310,"Files, rasps and similar hand tools of base metal",0,0,0,0,0,0,0,0,0,0,0,0,,,,,,,,,,,,,,,0,0,0,0,0,0,0,0,0,0,0,0
'820530,"Planes, chisels, gouges and similar cutting tools for working wood",0,0,0,0,0,0,0,0,0,0,0,0,,,,,,,,,,,,,,,0,0,0,0,0,0,0,0,0,0,0,0
'820540,Hand-operated screwdrivers,0,0,0,0,0,0,0,0,0,0,0,0,,,,,,,,,,,,,,,10,20,1,0,13,0,3,4,8,0,16,2
'820590,Anvils; portable forges; hand- or pedal-operated grinding wheels with frameworks; sets of articles ...,0,0,0,0,0,0,0,0,0,0,0,0,,,,,,,,,,,,,,,3,0,0,2,8,0,9,0,11,5,7,4
'820720,Interchangeable dies for drawing or extruding metal,0,0,0,0,0,0,0,0,0,0,0,0,,,,,,,,,,,,,,,0,0,0,0,0,0,0,0,0,0,0,0
'821290,Parts of non-electric razors of base metal (excl. safety razor blades and razor blade blanks ...,0,0,0,0,0,0,0,0,0,0,0,0,,,,,,,,,,,,,,,0,0,0,0,0,0,0,0,0,0,0,0
'830110,Padlocks of base metal,0,0,0,0,0,0,0,0,0,0,0,0,,,,,,,,,,,,,,,0,0,0,6,0,0,0,6,0,0,0,0
'830210,"Hinges of all kinds, of base metal",0,0,0,0,0,0,0,0,0,0,0,0,,,,,,,,,,,,,,,50,74,38,75,62,24,67,75,64,36,90,135
'830230,"Base metal mountings, fittings and similar articles suitable for motor vehicles (excl. hinges ...",0,0,0,0,0,0,0,0,0,0,0,0,,,,,,,,,,,,,,,180,136,124,273,205,187,96,201,239,198,156,185
'830621,"Statuettes and other ornaments, of base metal, plated with precious metal (excl. works of art, ...",0,0,0,0,0,0,0,0,0,0,0,0,,,,,,,,,,,,,,,0,0,0,0,0,0,0,0,47,0,0,0
'830810,"Hooks, eyes and eyelets, of base metal, of a kind used for clothing, footwear, awnings, handbags, ...",0,0,0,0,0,0,0,0,0,0,0,0,,,,,,,,,,,,,,,0,0,0,0,0,0,0,0,0,0,0,0
'831130,"Coated rods and cored wire, of base metal, for soldering, brazing or welding by flame (excl. ...",0,0,0,0,0,0,0,0,0,0,0,0,,,,,,,,,,,,,,,0,0,0,0,0,0,0,0,0,0,0,0
'840211,Watertube boilers with a steam production > 45 t/hour,0,0,0,0,0,0,0,0,0,0,0,0,,,,,,,,,,,,,,,0,0,0,0,0,0,0,0,0,0,0,0
'840410,"Auxiliary plant for use with boilers of heading 8402 or 8403, e.g. economizers, superheaters, ...",0,0,0,0,0,0,0,0,0,0,0,0,,,,,,,,,,,,,,,0,0,0,0,0,0,0,0,0,0,0,0
'840733,"Spark-ignition reciprocating piston engine, of a kind used for vehicles of chapter 87, of a ...",0,0,0,0,0,0,0,0,0,0,0,0,,,,,,,,,,,,,,,0,0,0,0,0,0,0,0,0,0,0,0
'841221,"Hydraulic power engines and motors, linear acting ""cylinders""",0,0,0,0,0,0,0,0,0,0,0,0,,,,,,,,,,,,,,,89,202,63,156,179,62,129,186,107,1153,185,73
'841320,Hand pumps for liquids (excl. those of subheading 8413.11 and 8413.19),0,0,0,0,0,0,0,0,0,0,0,0,,,,,,,,,,,,,,,17,2,0,12,15,0,4,0,0,1,1,12
'841391,"Parts of pumps for liquids, n.e.s.",0,0,0,0,0,0,0,0,0,0,0,0,,,,,,,,,,,,,,,3347,3845,2668,2801,5303,2040,4282,1572,2652,790,1404,2190
'841410,Vacuum pumps,0,0,0,0,0,0,0,0,0,0,0,0,,,,,,,,,,,,,,,70,189,124,146,70,83,80,128,61,208,48,51
'841440,Air compressors mounted on a wheeled chassis for towing,0,0,0,0,0,0,0,0,0,0,0,0,,,,,,,,,,,,,,,0,0,0,0,0,0,0,0,0,0,0,0
'841490,"Parts of: air or vacuum pumps, air or other gas compressors, fans and ventilating or recycling ...",0,0,0,0,0,0,0,0,0,0,0,0,,,,,,,,,,,,,,,132,225,255,367,433,299,268,511,421,306,380,399
'841899,"Parts of refrigerating or freezing equipment and heat pumps, n.e.s.",0,0,0,0,0,0,0,0,0,0,0,0,,,,,,,,,,,,,,,1111,1271,1183,995,1420,1080,1228,1432,1038,1157,1145,923
'841920,"Medical, surgical or laboratory sterilizers",0,0,0,0,0,0,0,0,0,0,0,0,,,,,,,,,,,,,,,0,0,0,0,0,0,0,0,0,0,0,0
'842010,Calendering or other rolling machines (other than for metals or glass),0,0,0,0,0,0,0,0,0,0,0,0,,,,,,,,,,,,,,,0,0,0,0,0,0,312,0,0,0,0,0
'842119,"Centrifuges, incl. centrifugal dryers (excl. isotope separators, cream separators and clothes ...",0,0,0,0,0,0,0,0,0,0,0,0,,,,,,,,,,,,,,,0,78,76,79,51,243,0,29,0,0,0,173
'842132,"Catalytic converters or particulate filters, whether or not combined, for purifying or filtering ...",0,0,0,0,0,0,0,0,0,0,0,0,,,,,,,,,,,,,,,0,0,0,0,128,0,146,297,345,0,0,80
'842330,Constant weight scales and scales for discharging a pre-determined weight of material into ...,0,0,0,0,0,0,0,0,0,0,0,0,,,,,,,,,,,,,,,0,113,0,0,0,0,0,0,0,0,0,0
'842390,"Weighing machine weights of all kinds; parts of weighing machinery, n.e.s.",0,0,0,0,0,0,0,0,0,0,0,0,,,,,,,,,,,,,,,170,64,104,31,222,0,74,148,33,23,144,0
'842511,"Pulley tackle and hoists, powered by electric motor (other than skip hoists or hoists of a ...",0,0,0,0,0,0,0,0,0,0,0,0,,,,,,,,,,,,,,,0,0,0,0,0,0,0,0,0,0,0,0
'842542,"Jacks and hoists, hydraulic (excl. built-in jacking systems used in garages)",0,0,0,0,0,0,0,0,0,0,0,0,,,,,,,,,,,,,,,0,0,0,0,0,0,0,0,0,0,0,0
'842611,Overhead travelling cranes on fixed support,0,0,0,0,0,0,0,0,0,0,0,0,,,,,,,,,,,,,,,0,0,0,0,0,0,0,0,0,0,0,0
'842720,"Self-propelled trucks fitted with lifting or handling equipment, non-powered by an electric ...",0,0,0,0,0,0,0,0,0,0,0,0,,,,,,,,,,,,,,,0,0,0,0,0,0,0,0,0,0,0,0
'842920,Self-propelled graders and levellers,0,0,0,0,0,0,0,0,0,0,0,0,,,,,,,,,,,,,,,0,0,0,0,0,0,0,0,0,0,0,0
'843020,"Snowploughs and snowblowers (excl. those mounted on railway wagons, motor vehicle chassis or ...",0,0,0,0,0,0,0,0,0,0,0,0,,,,,,,,,,,,,,,0,0,0,0,0,0,0,0,0,0,0,0
'843050,"Self-propelled earth-moving machinery, n.e.s.",0,0,0,0,0,0,0,0,0,0,0,0,,,,,,,,,,,,,,,0,0,0,0,0,0,0,0,0,0,0,0
'843143,"Parts for boring or sinking machinery of subheading 8430.41 or 8430.49, n.e.s.",0,0,0,0,0,0,0,0,0,0,0,0,,,,,,,,,,,,,,,382,556,641,794,721,531,1009,783,1417,213,1396,671
'843311,"Mowers for lawns, parks or sports grounds, powered, with the cutting device rotating in a horizontal ...",0,0,0,0,0,0,0,0,0,0,0,0,,,,,,,,,,,,,,,0,0,0,0,0,0,0,0,0,0,0,0
'843390,"Parts of harvesting machinery, threshing machinery, mowers and machines for cleaning, sorting ...",0,0,0,0,0,0,0,0,0,0,0,0,,,,,,,,,,,,,,,337,532,569,1105,432,534,833,328,359,381,309,808
'843629,"Poultry-keeping machinery (excl. machines for sorting or grading eggs, poultry pickers of heading ...",0,0,0,0,0,0,0,0,0,0,0,0,,,,,,,,,,,,,,,0,0,0,0,0,0,0,0,0,0,0,0
'843820,"Machinery for the industrial preparation or manufacture of confectionery, cocoa or chocolate ...",0,0,0,0,0,0,0,0,0,0,0,0,,,,,,,,,,,,,,,0,0,0,0,0,0,0,0,0,0,0,0
'843830,"Machinery for sugar manufacture (excl. centrifuges and filtering, heating or refrigerating ...",0,0,0,0,0,0,0,0,0,0,0,0,,,,,,,,,,,,,,,0,0,0,0,0,0,0,0,0,0,0,0
'843880,"Machinery for the industrial preparation or manufacture of food or drink, n.e.s.",0,0,0,0,0,0,0,0,0,0,0,0,,,,,,,,,,,,,,,180,317,414,431,178,98,268,359,752,78,688,0
'843920,"Machinery for making paper or paperboard (excl. dryers and other heating appliances, calenders ...",0,0,0,0,0,0,0,0,0,0,0,0,,,,,,,,,,,,,,,0,0,0,0,0,0,0,0,0,0,0,0
'844130,"Machines for making cartons, boxes, cases, tubes, drums or similar containers (other than by ...",0,0,0,0,0,0,0,0,0,0,0,0,,,,,,,,,,,,,,,0,0,0,0,0,0,0,0,0,0,0,0
'844314,"Letterpress printing machinery, reel fed (excl. flexographic printing machinery)",0,0,0,0,0,0,0,0,0,0,0,0,,,,,,,,,,,,,,,0,0,0,0,0,0,0,0,0,0,0,0
'844316,Flexographic printing machinery,0,0,0,0,0,0,0,0,0,0,0,0,,,,,,,,,,,,,,,0,0,0,0,0,0,0,0,0,0,0,0
'844391,"Parts and accessories of printing machinery used for printing by means of plates, cylinders ...",0,0,0,0,0,0,0,0,0,0,0,0,,,,,,,,,,,,,,,0,83,0,0,0,62,17,73,27,0,0,59
'844513,Drawing or roving machines,0,0,0,0,0,0,0,0,0,0,0,0,,,,,,,,,,,,,,,0,0,0,0,0,0,0,0,0,0,0,0
'844610,Weaving machines for weaving fabrics of a width <= 30 cm,0,0,0,0,0,0,0,0,0,0,0,0,,,,,,,,,,,,,,,0,0,0,0,0,0,0,0,0,0,0,0
'844839,"Parts and accessories of machines of heading 8445, n.e.s.",0,0,0,0,0,0,0,0,0,0,0,0,,,,,,,,,,,,,,,0,0,0,0,0,0,0,0,0,0,0,0
'845019,"Household or laundry-type washing machines, of a dry linen capacity <= 6 kg (excl. fully-automatic ...",0,0,0,0,0,0,0,0,0,0,0,0,,,,,,,,,,,,,,,0,0,0,0,0,0,0,0,0,0,0,0
'845121,"Drying machines, of a dry linen capacity <= 10 kg (excl. centrifugal driers)",0,0,0,0,0,0,0,0,0,0,0,0,,,,,,,,,,,,,,,0,0,0,0,0,0,0,0,0,0,0,0
'845310,"Machinery for preparing, tanning or working hides, skins or leather (excl. drying machines, ...",0,0,0,0,0,0,0,0,0,0,0,0,,,,,,,,,,,,,,,0,0,0,0,0,0,0,0,0,0,0,0
'845970,Threading or tapping machines for metals (excl. way-type unit head machines),0,0,0,0,0,0,0,0,0,0,0,0,,,,,,,,,,,,,,,0,0,0,0,0,0,0,0,0,0,0,0
'846023,"Cylindrical grinding machines for finishing metal, numerically controlled (excl. gear finishing ...",0,0,0,0,0,0,0,0,0,0,0,0,,,,,,,,,,,,,,,0,0,0,0,0,0,0,0,0,0,0,0
'846225,Numerically controlled roll forming machines,0,0,0,0,0,0,0,0,0,0,0,0,,,,,,,,,,,,,,,0,0,0,0,0,0,0,0,0,0,0,0
'846232,"Slitting lines and cut-to-length lines, for flat products",0,0,0,0,0,0,0,0,0,0,0,0,,,,,,,,,,,,,,,0,0,0,0,0,0,0,0,0,0,0,0
'846259,"Machines for working tube, pipe, hollow section and bar (excl. presses, and numerically controlled)",0,0,0,0,0,0,0,0,0,0,0,0,,,,,,,,,,,,,,,0,0,0,0,0,0,0,0,0,0,0,0
'846261,Hydraulic cold metal working presses,0,0,0,0,0,0,0,0,0,0,0,0,,,,,,,,,,,,,,,0,0,0,0,0,0,0,0,0,0,0,0
'846263,Cold metal working servo-presses,0,0,0,0,0,0,0,0,0,0,0,0,,,,,,,,,,,,,,,0,0,0,0,0,0,0,0,0,0,0,0
'846330,"Machine tools for working metal wire, without removing material (excl. wire bending machines ...",0,0,0,0,0,0,0,0,0,0,0,0,,,,,,,,,,,,,,,0,0,0,0,0,0,0,0,0,0,0,0
'846410,"Sawing machines for working stone, ceramics, concrete, asbestos-cement or like mineral materials ...",0,0,0,0,0,0,0,0,0,0,0,0,,,,,,,,,,,,,,,0,0,0,0,0,0,0,0,0,0,0,0
'846591,"Sawing machines for working wood, cork, bone, hard rubber, hard plastics or similar hard materials ...",0,0,0,0,0,0,0,0,0,0,0,0,,,,,,,,,,,,,,,0,0,0,0,0,0,0,0,0,0,0,0
'846692,"Parts and accessories for machine tools for working wood, cork, bone, hard rubber, hard plastics ...",0,0,0,0,0,0,0,0,0,0,0,0,,,,,,,,,,,,,,,0,0,0,0,0,0,0,0,0,0,0,0
'846890,"Parts of machinery and apparatus for soldering, brazing, welding or surface tempering, non-electric, ...",0,0,0,0,0,0,0,0,0,0,0,0,,,,,,,,,,,,,,,0,0,0,0,0,0,0,0,0,0,0,0
'847340,"Parts and accessories of other office machines of heading 8472, n.e.s.",0,0,0,0,0,0,0,0,0,0,0,0,,,,,,,,,,,,,,,0,0,0,0,0,0,0,0,0,0,0,0
'847410,"Sorting, screening, separating or washing machines for solid mineral substances, incl. those ...",0,0,0,0,0,0,0,0,0,0,0,0,,,,,,,,,,,,,,,0,0,0,0,112,0,0,0,0,0,0,0
'847432,Machines for mixing mineral substances with bitumen,0,0,0,0,0,0,0,0,0,0,0,0,,,,,,,,,,,,,,,0,0,0,0,0,0,0,0,0,0,0,0
'847720,Extruders for working rubber or plastics,0,0,0,0,0,0,0,0,0,0,0,0,,,,,,,,,,,,,,,0,0,0,0,0,0,0,0,0,0,0,0
'847751,Machinery for moulding or retreading pneumatic tyres or for moulding or otherwise forming inner ...,0,0,0,0,0,0,0,0,0,0,0,0,,,,,,,,,,,,,,,0,0,0,0,0,0,0,0,0,0,0,0
'847971,"Passenger boarding bridges, of a kind used in airports",0,0,0,0,0,0,0,0,0,0,0,0,,,,,,,,,,,,,,,0,0,0,0,0,0,0,0,0,0,0,0
'848180,"Appliances for pipes, boiler shells, tanks, vats or the like (excl. pressure-reducing valves, ...",0,0,0,0,0,0,0,0,0,0,0,0,,,,,,,,,,,,,,,4302,4824,3803,4987,4313,3930,4441,4375,3166,3827,4280,4741
'848220,"Tapered roller bearings, incl. cone and tapered roller assemblies",0,0,0,0,0,0,0,0,0,0,0,0,,,,,,,,,,,,,,,17,73,19,29,41,41,31,28,33,120,137,60
'848291,"Balls, needles and rollers for bearings (excl. steel balls of heading 7326)",0,0,0,0,0,0,0,0,0,0,0,0,,,,,,,,,,,,,,,0,0,0,10,1,1,0,0,0,4,1,0
'848410,Gaskets and similar joints of metal sheeting combined with other material or of two or more ...,0,0,0,0,0,0,0,0,0,0,0,0,,,,,,,,,,,,,,,261,331,422,184,553,327,412,237,535,155,275,372
'848510,Machines for additive manufacturing by metal deposit,0,0,0,0,0,0,0,0,0,0,0,0,,,,,,,,,,,,,,,0,0,0,0,0,0,0,0,0,0,0,0
'848520,Machines for additive manufacturing by plastics or rubber deposit,0,0,0,0,0,0,0,0,0,0,0,0,,,,,,,,,,,,,,,0,0,0,0,0,0,0,0,0,0,0,0
'848690,Parts and accessories for machines and apparatus of a kind used solely or principally for the ...,0,0,0,0,0,0,0,0,0,0,0,0,,,,,,,,,,,,,,,0,0,0,0,0,0,0,0,0,0,0,0
'850110,"Motors of an output <= 37,5 W",0,0,0,0,0,0,0,0,0,0,0,0,,,,,,,,,,,,,,,4,19,14,6,14,5,20,8,7,6,22,14
'850131,"DC motors of an output > 37,5 W but <= 750 W and DC generators of an output <= 750 W (excl. ...",0,0,0,0,0,0,0,0,0,0,0,0,,,,,,,,,,,,,,,150,298,246,310,195,206,232,208,294,22,277,151
'850172,"Photovoltaic DC generators, of an output > 50 W",0,0,0,0,0,0,0,0,0,0,0,0,,,,,,,,,,,,,,,0,0,0,0,0,0,0,0,0,0,0,0
'850422,"Liquid dielectric transformers, having a power handling capacity > 650 kVA but <= 10.000 kVA",0,0,0,0,0,0,0,0,0,0,0,0,,,,,,,,,,,,,,,0,0,0,0,0,0,0,0,0,0,0,0
'850519,"Permanent magnets and articles intended to become permanent magnets after magnetization, of ...",0,0,0,0,0,0,0,0,0,0,0,0,,,,,,,,,,,,,,,0,0,0,0,0,0,0,0,1,0,0,5
'850640,Silver oxide cells and batteries (excl. spent),0,0,0,0,0,0,0,0,0,0,0,0,,,,,,,,,,,,,,,0,0,0,0,0,0,0,0,0,0,0,0
'850680,"Primary cells and primary batteries, electric (excl. spent, and those of silver oxide, mercuric ...",0,0,0,0,0,0,0,0,0,0,0,0,,,,,,,,,,,,,,,0,0,0,0,0,0,0,0,0,0,0,0
'850690,"Parts of primary cells and primary batteries, n.e.s.",0,0,0,0,0,0,0,0,0,0,0,0,,,,,,,,,,,,,,,0,0,0,0,0,0,0,0,0,0,0,0
'850780,"Electric accumulators (excl. spent, and lead-acid, nickel-cadmium, nickel-metal hydride and ...",0,0,0,0,0,0,0,0,0,0,0,0,,,,,,,,,,,,,,,0,0,0,0,0,0,0,0,0,0,0,0
'850790,"Plates, separators and other parts of electric accumulators, n.e.s.",0,0,0,0,0,0,0,0,0,0,0,0,,,,,,,,,,,,,,,0,0,0,0,0,0,0,0,0,0,0,0
'851020,Hair clippers with self-contained electric motor,0,0,0,0,0,0,0,0,0,0,0,0,,,,,,,,,,,,,,,0,0,0,0,0,0,0,0,0,0,0,0
'851030,Hair-removing appliances with self-contained electric motor,0,0,0,0,0,0,0,0,0,0,0,0,,,,,,,,,,,,,,,0,0,0,0,0,0,0,0,0,0,0,0
'851130,Distributors and ignition coils of a kind used for spark-ignition or compression-ignition internal ...,0,0,0,0,0,0,0,0,0,0,0,0,,,,,,,,,,,,,,,71,5,48,12,15,18,14,14,9,22,37,27
'851140,Starter motors and dual purpose starter-generators of a kind used for spark-ignition or compression-ignition ...,0,0,0,0,0,0,0,0,0,0,0,0,,,,,,,,,,,,,,,1,8,1,20,10,9,0,9,0,61,0,0
'851490,"Parts of electric industrial or laboratory furnaces and ovens, incl. of those functioning by ...",0,0,0,0,0,0,0,0,0,0,0,0,,,,,,,,,,,,,,,0,0,87,0,0,0,0,0,0,14,0,0
'851590,"Parts of machines and apparatus for soldering or welding or for hot spraying of metals, metal ...",0,0,0,0,0,0,0,0,0,0,0,0,,,,,,,,,,,,,,,16,14,25,2,9,8,37,9,47,21,16,3
'851629,Electric space-heating and soil-heating apparatus (excl. storage heating radiators),0,0,0,0,0,0,0,0,0,0,0,0,,,,,,,,,,,,,,,0,0,0,25,0,0,0,0,0,0,0,0
'851671,"Electro-thermic coffee or tea makers, for domestic use",0,0,0,0,0,0,0,0,0,0,0,0,,,,,,,,,,,,,,,0,0,0,0,0,0,0,0,0,0,0,0
'852352,"Cards incorporating one or more electronic integrated circuits ""smart cards""",0,0,0,0,0,0,0,0,0,0,0,0,,,,,,,,,,,,,,,0,689,0,0,98,0,98,0,65,550,563,878
'852412,"Flat panel display modules, whether or not incorporating touch-sensitive screens, without drivers ...",0,0,0,0,0,0,0,0,0,0,0,0,,,,,,,,,,,,,,,0,0,0,0,0,0,0,0,0,5,0,0
'852419,"Flat panel display modules, whether or not incorporating touch-sensitive screens, without drivers ...",0,0,0,0,0,0,0,0,0,0,0,0,,,,,,,,,,,,,,,0,0,0,0,0,0,0,0,0,0,0,0
'852871,"Reception apparatus for television, whether or not incorporating radio-broadcast receivers ...",0,0,0,0,0,0,0,0,0,0,0,0,,,,,,,,,,,,,,,0,0,0,0,0,0,0,0,0,0,0,0
'230330,Brewing or distilling dregs and waste,0,0,0,0,0,0,0,0,0,0,0,0,,,,,,,,,,,,,,,1492,852,1116,1807,1797,1671,811,959,1212,1771,1564,1501
'230641,"Oilcake and other solid residues, whether or not ground or in the form of pellets, resulting ...",0,0,0,0,0,0,0,0,0,0,0,0,,,,,,,,,,,,,,,0,0,0,0,0,0,0,0,0,0,0,0
'250200,Unroasted iron pyrites,0,0,0,0,0,0,0,0,0,0,0,0,,,,,,,,,,,,,,,0,0,0,0,0,0,0,0,0,0,0,0
'250700,"Kaolin and other kaolinic clays, whether or not calcined",0,0,0,0,0,0,0,0,0,0,0,0,,,,,,,,,,,,,,,9,0,13,0,4,0,0,0,0,0,0,0
'251010,"Natural calcium phosphates and natural aluminium calcium phosphates, natural and phosphatic ...",0,0,0,0,0,0,0,0,0,0,0,0,,,,,,,,,,,,,,,0,0,0,0,0,0,0,0,0,0,0,0
'251020,"Natural calcium phosphates and natural aluminium calcium phosphates, natural and phosphatic ...",0,0,0,0,0,0,0,0,0,0,0,0,,,,,,,,,,,,,,,0,0,0,0,0,0,0,0,0,0,0,0
'251611,"Granite, crude or roughly trimmed (excl. already with the characteristics of setts, curbstones ...",0,0,0,0,0,0,0,0,0,0,0,0,,,,,,,,,,,,,,,0,0,0,0,0,0,0,0,0,0,0,0
'251749,"Granules, chippings and powder, whether or not heat-treated, of travertine, ecaussine, alabaster, ...",0,0,0,0,0,0,0,0,0,0,0,0,,,,,,,,,,,,,,,164,141,97,74,0,0,91,0,154,176,177,0
'252620,"Natural steatite and talc, crushed or powdered",0,0,0,0,0,0,0,0,0,0,0,0,,,,,,,,,,,,,,,14,0,12,0,0,0,2,16,23,0,31,12
'252921,Fluorspar containing by weight <= 97% calcium fluoride,0,0,0,0,0,0,0,0,0,0,0,0,,,,,,,,,,,,,,,0,0,0,0,0,0,0,0,0,0,0,0
'252930,"Leucite, nepheline and nepheline syenite",0,0,0,0,0,0,0,0,0,0,0,0,,,,,,,,,,,,,,,0,0,0,0,0,0,0,0,0,0,0,0
'253010,"Vermiculite, perlite and chlorites, unexpanded",0,0,0,0,0,0,0,0,0,0,0,0,,,,,,,,,,,,,,,81,72,85,118,65,47,41,65,28,26,80,97
'260300,Copper ores and concentrates,0,0,0,0,0,0,0,0,0,0,0,0,,,,,,,,,,,,,,,0,0,0,0,0,0,0,0,0,0,0,0
'260800,Zinc ores and concentrates,0,0,0,0,0,0,0,0,0,0,0,0,,,,,,,,,,,,,,,0,0,0,0,0,0,0,0,0,0,0,0
'270112,"Bituminous coal, whether or not pulverised, non-agglomerated",0,0,0,0,0,0,0,0,0,0,0,0,,,,,,,,,,,,,,,0,0,0,0,0,0,0,0,0,0,0,0
'270820,Pitch coke obtained from coal tar or from other mineral tars,0,0,0,0,0,0,0,0,0,0,0,0,,,,,,,,,,,,,,,0,0,0,0,0,0,0,0,0,0,0,0
'271311,"Petroleum coke, non-calcined",0,0,0,0,0,0,0,0,0,0,0,0,,,,,,,,,,,,,,,0,20407,21018,24389,27546,23066,27485,22942,27432,27265,25695,0
'280110,Chlorine,0,0,0,0,0,0,0,0,0,0,0,0,,,,,,,,,,,,,,,0,0,0,0,0,0,0,0,0,0,0,0
'280200,"Sulphur, sublimed or precipitated; colloidal sulphur",0,0,0,0,0,0,0,0,0,0,0,0,,,,,,,,,,,,,,,0,0,0,0,0,0,0,0,0,0,0,0
'280410,Hydrogen,0,0,0,0,0,0,0,0,0,0,0,0,,,,,,,,,,,,,,,0,0,0,0,0,0,0,0,0,0,0,0
'280429,Rare gases (excl. argon),0,0,0,0,0,0,0,0,0,0,0,0,,,,,,,,,,,,,,,0,0,0,0,0,0,0,0,0,0,0,0
'280440,Oxygen,0,0,0,0,0,0,0,0,0,0,0,0,,,,,,,,,,,,,,,0,0,0,0,0,51,0,0,0,0,0,0
'280461,"Silicon containing >= 99,99% by weight of silicon",0,0,0,0,0,0,0,0,0,0,0,0,,,,,,,,,,,,,,,0,0,0,0,0,0,0,0,0,0,0,0
'280700,Sulphuric acid; oleum,0,0,0,0,0,0,0,0,0,0,0,0,,,,,,,,,,,,,,,0,0,0,0,0,0,15,0,36,0,0,0
'280920,"Phosphoric acid; polyphosphoric acids, whether or not chemically defined",0,0,0,0,0,0,0,0,0,0,0,0,,,,,,,,,,,,,,,0,0,0,0,0,0,0,0,0,0,0,35
'281213,Phosphorus trichloride,0,0,0,0,0,0,0,0,0,0,0,0,,,,,,,,,,,,,,,0,0,0,0,0,0,0,0,0,0,0,0
'281610,Hydroxide and peroxide of magnesium,0,0,0,0,0,0,0,0,0,0,0,0,,,,,,,,,,,,,,,0,0,0,0,0,0,0,0,0,0,0,0
'281640,"Oxides, hydroxides and peroxides, of strontium or barium",0,0,0,0,0,0,0,0,0,0,0,0,,,,,,,,,,,,,,,0,0,0,0,0,0,0,0,0,0,0,0
'282410,"Lead monoxide ""litharge, massicot""",0,0,0,0,0,0,0,0,0,0,0,0,,,,,,,,,,,,,,,0,0,0,0,0,0,0,0,0,0,0,0
'282630,"Sodium hexafluoroaluminate ""synthetic cryolite""",0,0,0,0,0,0,0,0,0,0,0,0,,,,,,,,,,,,,,,0,0,0,0,0,0,0,0,0,0,0,0
'282710,Ammonium chloride,0,0,0,0,0,0,0,0,0,0,0,0,,,,,,,,,,,,,,,0,0,0,0,0,0,0,0,0,0,0,0
'282720,Calcium chloride,0,0,0,0,0,0,0,0,0,0,0,0,,,,,,,,,,,,,,,0,0,0,0,0,0,0,0,0,0,0,0
'283421,Nitrate of potassium,0,0,0,0,0,0,0,0,0,0,0,0,,,,,,,,,,,,,,,0,0,0,0,0,0,0,0,0,0,0,0
'284020,"Borates (excl. disodium tetraborate ""refined borax"")",0,0,0,0,0,0,0,0,0,0,0,0,,,,,,,,,,,,,,,0,0,983,1288,1463,0,724,655,283,785,787,0
'284161,Potassium permanganate,0,0,0,0,0,0,0,0,0,0,0,0,,,,,,,,,,,,,,,0,0,0,0,0,0,0,0,0,0,0,0
'284170,Molybdates,0,0,0,0,0,0,0,0,0,0,0,0,,,,,,,,,,,,,,,0,0,0,0,0,0,0,0,0,0,0,0
'284290,"Salts of inorganic acids or peroxoacids (excl. of oxometallic or peroxometallic acids, double ...",0,0,0,0,0,0,0,0,0,0,0,0,,,,,,,,,,,,,,,0,2,0,0,0,0,0,0,0,0,0,0
'284321,Silver nitrate,0,0,0,0,0,0,0,0,0,0,0,0,,,,,,,,,,,,,,,0,0,0,0,0,0,0,0,0,0,0,0
'284443,"Radioactive elements and isotopes and compounds; alloys, dispersions incl. cermets, ceramic ...",0,0,0,0,0,0,0,0,0,0,0,0,,,,,,,,,,,,,,,0,2,19,14,0,0,66,0,2,0,0,109
'284690,"Compounds, inorganic or organic, of rare-earth metals, of yttrium or of scandium or of mixtures ...",0,0,0,0,0,0,0,0,0,0,0,0,,,,,,,,,,,,,,,0,0,0,0,0,0,0,0,0,0,0,0
'290211,Cyclohexane,0,0,0,0,0,0,0,0,0,0,0,0,,,,,,,,,,,,,,,0,0,0,0,0,0,0,0,0,0,0,0
'290230,Toluene,0,0,0,0,0,0,0,0,0,0,0,0,,,,,,,,,,,,,,,0,0,0,0,0,0,2368,0,0,0,0,153
'290250,Styrene,0,0,0,0,0,0,0,0,0,0,0,0,,,,,,,,,,,,,,,0,0,0,1173,0,1606,0,0,0,0,0,448
'290329,"Unsaturated chlorinated derivatives of acyclic hydrocarbons (excl. vinyl chloride ""chloroethylene"", ...",0,0,0,0,0,0,0,0,0,0,0,0,,,,,,,,,,,,,,,0,0,0,0,0,0,0,0,0,0,0,0
'290342,"Difluoromethane ""HFC-32""",0,0,0,0,0,0,0,0,0,0,0,0,,,,,,,,,,,,,,,0,0,0,0,0,0,0,0,0,0,0,0
'290344,"Pentafluoroethane ""HFC-125"", 1,1,1-trifluoroethane ""HFC-143a"" and 1,1,2-trifluoroethane ""HFC-143""",0,0,0,0,0,0,0,0,0,0,0,0,,,,,,,,,,,,,,,0,0,0,0,0,0,0,0,0,0,0,0
'290349,Saturated fluorinated derivatives of acyclic hydrocarbons (excl. products of 2903.41 to 2903.48),0,0,0,0,0,0,0,0,0,0,0,0,,,,,,,,,,,,,,,0,0,0,0,0,0,0,0,0,0,0,0
'290391,"Chlorobenzene, o-dichlorobenzene and p-dichlorobenzene",0,0,0,0,0,0,0,0,0,0,0,0,,,,,,,,,,,,,,,0,0,0,0,0,0,0,0,0,0,0,0
'290410,"Derivatives of hydrocarbons containing only sulpho groups, their salts and ethyl esters",0,0,0,0,0,0,0,0,0,0,0,0,,,,,,,,,,,,,,,0,0,0,0,0,0,0,0,0,0,0,0
'290420,Derivatives of hydrocarbons containing only nitro or nitroso groups,0,0,0,0,0,0,0,0,0,0,0,0,,,,,,,,,,,,,,,0,0,0,0,0,0,0,0,0,0,0,0
'290512,"Propan-1-ol ""propyl alcohol"" and propan-2-ol ""isopropyl alcohol""",0,0,0,0,0,0,0,0,0,0,0,0,,,,,,,,,,,,,,,0,0,3,0,0,2,0,0,0,0,0,0
'290545,Glycerol,0,0,0,0,0,0,0,0,0,0,0,0,,,,,,,,,,,,,,,1642,3675,2386,3016,2098,3037,3626,4039,3141,3714,2643,4017
'290899,"Halogenated, sulphonated, nitrated or nitrosated derivatives of phenols or phenol-alcohols ...",0,0,0,0,0,0,0,0,0,0,0,0,,,,,,,,,,,,,,,0,0,0,0,0,0,0,0,0,0,0,0
'290941,"2,2'-Oxydiethanol ""diethylene glycol, digol""",0,0,0,0,0,0,0,0,0,0,0,0,,,,,,,,,,,,,,,0,0,0,0,0,0,0,0,0,0,0,0
'291090,"Epoxides, epoxyalcohols, epoxyphenols and epoxyethers, with a three-membered ring, and their ...",0,0,0,0,0,0,0,0,0,0,0,0,,,,,,,,,,,,,,,0,0,0,0,0,0,0,0,0,0,0,0
'291249,"Aldehyde-alcohols, aldehyde-ethers, aldehyde-phenols and aldehydes with other oxygen function ...",0,0,0,0,0,0,0,0,0,0,0,0,,,,,,,,,,,,,,,0,0,0,0,0,0,0,0,0,0,0,0
'291511,Formic acid,0,0,0,0,0,0,0,0,0,0,0,0,,,,,,,,,,,,,,,0,0,0,0,0,0,0,0,0,0,0,0
'291611,Acrylic acid and its salts,0,0,0,0,0,0,0,0,0,0,0,0,,,,,,,,,,,,,,,0,0,0,0,0,0,0,0,0,0,0,0
'291816,"Gluconic acid, its salts and esters",0,0,0,0,0,0,0,0,0,0,0,0,,,,,,,,,,,,,,,0,0,10,0,41,17,0,58,0,0,0,12
'292029,"Phosphite esters and their salts; their halogenated, sulphonated, nitrated or nitrosated derivatives ...",0,0,0,0,0,0,0,0,0,0,0,0,,,,,,,,,,,,,,,0,0,0,0,0,0,0,0,0,0,0,0
'292130,"Cyclanic, cyclenic or cycloterpenic mono- or polyamines, and their derivatives; salts thereof",0,0,0,0,0,0,0,0,0,0,0,0,,,,,,,,,,,,,,,0,0,0,0,0,0,0,0,0,0,0,0
'292149,"Aromatic monoamines and derivatives; salts thereof (excl. aniline, toluidines, diphenylamine, ...",0,0,0,0,0,0,0,0,0,0,0,0,,,,,,,,,,,,,,,0,0,0,0,0,0,0,0,0,0,0,0
'292151,"o-Phenylenediamine, m-phenylenediamine, p-phenylenediamine or diaminotoluenes and their derivatives; ...",0,0,0,0,0,0,0,0,0,0,0,0,,,,,,,,,,,,,,,0,0,0,0,0,0,0,0,0,0,0,0
'292229,"Amino-naphthols and other amino-phenols, their ethers and esters; salts thereof (excl. those ...",0,0,0,0,0,0,0,0,0,0,0,0,,,,,,,,,,,,,,,0,0,0,0,0,0,0,0,0,0,0,0
'292242,Glutamic acid and its salts,0,0,0,0,0,0,0,0,0,0,0,0,,,,,,,,,,,,,,,0,0,0,0,0,0,0,0,0,0,0,0
'292249,"Amino-acids and their esters; salts thereof (excl. those with > one kind of oxygen function, ...",0,0,0,0,0,0,0,0,0,0,0,0,,,,,,,,,,,,,,,0,816,718,337,750,220,763,441,1004,264,280,533
'292390,"Quaternary ammonium salts and hydroxides (excl. choline and its salts, tetraethylammonium perfluorooctane ...",0,0,0,0,0,0,0,0,0,0,0,0,,,,,,,,,,,,,,,0,3,0,0,0,2,0,1,0,0,0,0
'292610,Acrylonitrile,0,0,0,0,0,0,0,0,0,0,0,0,,,,,,,,,,,,,,,0,0,0,0,0,0,0,0,0,0,0,0
'292910,Isocyanates,0,0,0,0,0,0,0,0,0,0,0,0,,,,,,,,,,,,,,,0,0,0,0,0,0,0,0,0,0,0,0
'293211,Tetrahydrofuran,0,0,0,0,0,0,0,0,0,0,0,0,,,,,,,,,,,,,,,0,0,0,0,0,0,0,0,0,0,0,0
'293213,Furfuryl alcohol and tetrahydrofurfuryl alcohol,0,0,0,0,0,0,0,0,0,0,0,0,,,,,,,,,,,,,,,0,0,0,0,0,0,0,0,0,0,0,0
'293311,"Phenazone ""antipyrin"" and its derivatives",0,0,0,0,0,0,0,0,0,0,0,0,,,,,,,,,,,,,,,0,0,0,0,0,0,0,0,0,0,0,0
'293353,"Allobarbital ""INN"", amobarbital ""INN"", barbital ""INN"", butalbital ""INN"", butobarbital ""INN"", ...",0,0,0,0,0,0,0,0,0,0,0,0,,,,,,,,,,,,,,,0,0,0,0,0,0,0,0,0,0,0,0
'293372,"Clobazam ""INN"" and methyprylon ""INN""",0,0,0,0,0,0,0,0,0,0,0,0,,,,,,,,,,,,,,,0,0,0,0,0,0,0,0,0,0,0,0
'293391,"Alprazolam ""INN"", camazepam ""INN"", chlordiazepoxide ""INN"", clonazepam ""INN"", clorazepate, delorazepam ...",0,0,0,0,0,0,0,0,0,0,0,0,,,,,,,,,,,,,,,0,0,0,0,0,0,0,0,0,0,0,0
'293410,"Heterocyclic compounds containing an unfused thiazole ring, whether or not hydrogenated, in ...",0,0,0,0,0,0,0,0,0,0,0,0,,,,,,,,,,,,,,,0,248,0,0,34,0,1661,0,0,235,0,186
'293499,"Nucleic acids and their salts, whether or not chemically defined; heterocyclic compounds (excl. ...",0,0,0,0,0,0,0,0,0,0,0,0,,,,,,,,,,,,,,,49,1743,0,1437,0,2,6,2,0,0,2,0
'293729,"Steroidal hormones, their derivatives and structural analogues, used primarily as hormones ...",0,0,0,0,0,0,0,0,0,0,0,0,,,,,,,,,,,,,,,0,0,0,0,0,0,0,0,0,1,0,0
'293911,"Concentrates of poppy straw; buprenorphine ""INN"", codeine, dihydrocodeine ""INN"", ethylmorphine, ...",0,0,0,0,0,0,0,0,0,0,0,0,,,,,,,,,,,,,,,0,0,0,0,0,0,0,0,0,0,0,0
'300214,"Immunological products, mixed, not put up in measured doses or in forms or packings for retail ...",0,0,0,0,0,0,0,0,0,0,0,0,,,,,,,,,,,,,,,422,0,0,9261,0,10339,483,4228,5606,6090,0,0
'300241,Vaccines for human medicine,0,0,0,0,0,0,0,0,0,0,0,0,,,,,,,,,,,,,,,0,50,191,916,40,0,124,0,0,0,411,0
'300432,"Medicaments containing corticosteroid hormones, their derivatives or structural analogues but ...",0,0,0,0,0,0,0,0,0,0,0,0,,,,,,,,,,,,,,,1066,2068,2124,1742,1610,2696,2879,1853,2912,1578,1468,1847
'300590,"Wadding, gauze, bandages and the like, e.g. dressings, adhesive plasters, poultices, impregnated ...",0,0,0,0,0,0,0,0,0,0,0,0,,,,,,,,,,,,,,,70,0,95,0,0,0,70,0,0,0,0,0
'310260,Double salts and mixtures of calcium nitrate and ammonium nitrate (excl. those in tablets or ...,0,0,0,0,0,0,0,0,0,0,0,0,,,,,,,,,,,,,,,0,0,0,0,0,0,0,0,0,0,0,0
'310311,"Superphosphates containing by weight => 35 % of diphosphorus pentaoxide ""P2O5"" (excl. such ...",0,0,0,0,0,0,0,0,0,0,0,0,,,,,,,,,,,,,,,0,0,0,0,0,0,0,0,0,0,0,0
'310559,Mineral or chemical fertilisers containing the two fertilising elements nitrogen (excl. nitrate) ...,0,0,0,0,0,0,0,0,0,0,0,0,,,,,,,,,,,,,,,0,0,0,0,0,0,0,386,0,0,0,0
'320120,Wattle extract,0,0,0,0,0,0,0,0,0,0,0,0,,,,,,,,,,,,,,,0,0,0,0,0,0,0,0,0,0,0,0
'320416,Synthetic organic reactive dyes; preparations based on synthetic organic reactive dyes of a ...,0,0,0,0,0,0,0,0,0,0,0,0,,,,,,,,,,,,,,,0,0,0,0,0,0,0,0,0,0,0,0
'320418,Synthetic carotenoid colouring matters and preparations based thereon of a kind used to dye ...,0,0,0,0,0,0,0,0,0,0,0,0,,,,,,,,,,,,,,,0,0,0,0,0,0,0,0,0,0,0,0
'320620,Pigments and preparations of a kind used for colouring any material or used as ingredients ...,0,0,0,0,0,0,0,0,0,0,0,0,,,,,,,,,,,,,,,0,0,0,0,0,0,0,0,0,0,0,0
'320642,Lithopone and other pigments and preparations based on zinc sulphide of a kind used for colouring ...,0,0,0,0,0,0,0,0,0,0,0,0,,,,,,,,,,,,,,,0,0,0,0,0,0,0,0,0,0,0,0
'320810,"Paints and varnishes, incl. enamels and lacquers, based on polyesters, dispersed or dissolved ...",0,0,0,0,0,0,0,0,0,0,0,0,,,,,,,,,,,,,,,278,278,185,250,189,272,294,244,506,259,225,292
'320820,"Paints and varnishes, incl. enamels and lacquers, based on acrylic or vinyl polymers, dispersed ...",0,0,0,0,0,0,0,0,0,0,0,0,,,,,,,,,,,,,,,496,241,160,246,257,179,361,161,310,216,126,273
'320910,"Paints and varnishes, incl. enamels and lacquers, based on acrylic or vinyl polymers, dispersed ...",0,0,0,0,0,0,0,0,0,0,0,0,,,,,,,,,,,,,,,743,513,276,476,493,399,627,449,842,389,377,441
'320990,"Paints and varnishes, incl. enamels and lacquers, based on synthetic or chemically modified ...",0,0,0,0,0,0,0,0,0,0,0,0,,,,,,,,,,,,,,,256,294,242,290,270,277,162,186,254,62,128,189
'321410,"Glaziers' putty, grafting putty, resin cements, caulking compounds and other mastics; painters' ...",0,0,0,0,0,0,0,0,0,0,0,0,,,,,,,,,,,,,,,462,383,410,567,395,536,387,668,481,380,406,556
'321511,"Black printing ink, whether or not concentrated or solid",0,0,0,0,0,0,0,0,0,0,0,0,,,,,,,,,,,,,,,21,21,29,8,30,29,45,28,0,22,29,10
'330710,"Shaving preparations, incl. pre-shave and aftershave products",0,0,0,0,0,0,0,0,0,0,0,0,,,,,,,,,,,,,,,72,360,297,464,28,344,25,33,37,0,7,8
'330741,"""Agarbatti"" and other odoriferous preparations which operate by burning",0,0,0,0,0,0,0,0,0,0,0,0,,,,,,,,,,,,,,,150,230,198,180,347,262,128,218,107,214,242,309
'330790,"Depilatories and other perfumery, toilet or cosmetic preparations, n.e.s.",0,0,0,0,0,0,0,0,0,0,0,0,,,,,,,,,,,,,,,232,413,315,275,435,297,411,353,402,283,199,310
'340120,"Soap in the form of flakes, granules, powder, paste or in aqueous solution",0,0,0,0,0,0,0,0,0,0,0,0,,,,,,,,,,,,,,,22,34,35,2,9,3,15,37,10,149,2,16
'340249,"Organic surface-active agents, whether or not put up for retail sale (excl. soap, anionic, ...",0,0,0,0,0,0,0,0,0,0,0,0,,,,,,,,,,,,,,,0,0,16,0,23,146,50,35,28,0,31,0
'340250,"Surface-active preparations, washing preparations, auxiliary washing preparations and cleaning ...",0,0,0,0,0,0,0,0,0,0,0,0,,,,,,,,,,,,,,,5600,4832,5143,5476,5220,4926,4591,4368,3125,4747,5028,4512
'340399,"Lubricant preparations, incl. cutting-oil preparations, bolt or nut release preparations, anti-rust ...",0,0,0,0,0,0,0,0,0,0,0,0,,,,,,,,,,,,,,,643,481,734,568,1095,1427,1173,869,1342,469,803,1039
'350190,Caseinates and other casein derivatives; casein glues (excl. those put up for retail sale as ...,0,0,0,0,0,0,0,0,0,0,0,0,,,,,,,,,,,,,,,0,0,0,0,0,0,0,0,0,0,0,0
'350400,"Peptones and their derivatives; other protein substances and their derivatives, n.e.s.; hide ...",0,0,0,0,0,0,0,0,0,0,0,0,,,,,,,,,,,,,,,0,19,1843,1314,0,34,1338,14,0,2632,4536,4439
'360200,Prepared explosives (excl. propellent powders),0,0,0,0,0,0,0,0,0,0,0,0,,,,,,,,,,,,,,,0,0,0,415,0,0,0,0,0,0,0,0
'370232,"Photographic film ""incl. instant print film"", in rolls, sensitised, unexposed, without perforations, ...",0,0,0,0,0,0,0,0,0,0,0,0,,,,,,,,,,,,,,,0,0,0,0,0,0,0,0,0,0,0,0
'370310,"Photographic paper, paperboard and textiles, sensitised, unexposed, in rolls > 610 mm wide",0,0,0,0,0,0,0,0,0,0,0,0,,,,,,,,,,,,,,,0,0,0,0,0,0,0,0,0,0,0,0
'380120,Colloidal or semi-colloidal graphite,0,0,0,0,0,0,0,0,0,0,0,0,,,,,,,,,,,,,,,0,0,0,0,0,0,0,0,0,0,0,0
'380620,"Salts of rosin, of resin acids or of derivatives of rosin or resin acids (excl. salts of rosin ...",0,0,0,0,0,0,0,0,0,0,0,0,,,,,,,,,,,,,,,0,0,0,0,0,0,0,0,0,0,0,0
'380630,Ester gums,0,0,0,0,0,0,0,0,0,0,0,0,,,,,,,,,,,,,,,0,0,0,0,0,0,0,0,0,73,89,0
'380690,"Derivatives of rosin, incl. salts of rosin adducts, and of resin acids, light and heavy resin ...",0,0,0,0,0,0,0,0,0,0,0,0,,,,,,,,,,,,,,,0,0,0,0,5,0,0,0,0,0,0,0
'381129,Prepared additives for oil lubricants not containing petroleum oil or bituminous mineral oil,0,0,0,0,0,0,0,0,0,0,0,0,,,,,,,,,,,,,,,0,0,0,0,0,0,0,0,0,0,0,0
'381519,"Supported catalysts, n.e.s. (excl. with precious metal, a precious-metal compound, nickel or ...",0,0,0,0,0,0,0,0,0,0,0,0,,,,,,,,,,,,,,,0,0,0,0,0,0,0,0,0,0,0,0
'381590,"Reaction initiators, reaction accelerators and catalytic preparations, n.e.s. (excl. rubber ...",0,0,0,0,0,0,0,0,0,0,0,0,,,,,,,,,,,,,,,0,0,5,0,0,0,61,0,1,0,0,0
'382370,"Fatty alcohols, industrial",0,0,0,0,0,0,0,0,0,0,0,0,,,,,,,,,,,,,,,0,0,0,0,0,0,0,0,0,0,0,0
'382430,Non-agglomerated metal carbides mixed together or with metallic binders,0,0,0,0,0,0,0,0,0,0,0,0,,,,,,,,,,,,,,,0,0,0,0,0,0,0,0,0,0,0,0
'390120,"Polyethylene with a specific gravity of >= 0,94, in primary forms",0,0,0,0,0,0,0,0,0,0,0,0,,,,,,,,,,,,,,,8382,6765,11549,15316,49,0,0,8661,0,0,0,13432
'390311,"Expansible polystyrene, in primary forms",0,0,0,0,0,0,0,0,0,0,0,0,,,,,,,,,,,,,,,0,0,0,0,0,0,0,0,0,0,0,0
'390422,"Plasticised poly""vinyl chloride"", in primary forms, mixed with other substances",0,0,0,0,0,0,0,0,0,0,0,0,,,,,,,,,,,,,,,0,696,0,992,1318,0,926,1020,688,875,917,1034
'390521,"Vinyl acetate copolymers, in aqueous dispersion",0,0,0,0,0,0,0,0,0,0,0,0,,,,,,,,,,,,,,,0,0,0,43,0,0,19,0,0,22,0,33
'390530,"Poly""vinyl alcohol"", in primary forms, whether or not containing unhydrolyzed acetate groups",0,0,0,0,0,0,0,0,0,0,0,0,,,,,,,,,,,,,,,0,0,0,0,3,18,0,0,20,0,0,0
'390730,"Epoxide resins, in primary forms",0,0,0,0,0,0,0,0,0,0,0,0,,,,,,,,,,,,,,,16,63,81,0,45,11,0,0,22,31,0,0
'390799,"Saturated polyesters in primary forms (excl. polycarbonates, alkyd resins, poly""ethylene terephthalate"" ...",0,0,0,0,0,0,0,0,0,0,0,0,,,,,,,,,,,,,,,331,428,272,318,192,175,316,556,237,343,513,668
'390810,"Polyamides-6, -11, -12, -6,6, -6,9, -6,10 or -6,12, in primary forms",0,0,0,0,0,0,0,0,0,0,0,0,,,,,,,,,,,,,,,0,0,0,0,0,0,0,0,0,0,0,0
'391590,"Waste, parings and scrap of plastics (excl. that of polymers of ethylene, styrene and vinyl ...",0,0,0,0,0,0,0,0,0,0,0,0,,,,,,,,,,,,,,,0,0,0,0,0,0,0,0,0,0,0,0
'391721,"Rigid tubes, pipes and hoses, of polymers of ethylene",0,0,0,0,0,0,0,0,0,0,0,0,,,,,,,,,,,,,,,141,0,0,271,0,449,397,407,0,0,0,355
'392071,"Plates, sheets, film, foil and strip, of non-cellular regenerated cellulose, not reinforced, ...",0,0,0,0,0,0,0,0,0,0,0,0,,,,,,,,,,,,,,,0,0,0,0,0,0,0,0,0,0,0,0
'392113,"Plates, sheets, film, foil and strip, of cellular polyurethanes, unworked or merely surface-worked ...",0,0,0,0,0,0,0,0,0,0,0,0,,,,,,,,,,,,,,,0,0,0,64,0,93,0,59,54,115,29,60
'392190,"Plates, sheets, film, foil and strip, of plastics, reinforced, laminated, supported or similarly ...",0,0,0,0,0,0,0,0,0,0,0,0,,,,,,,,,,,,,,,148,249,46,137,79,36,92,16,194,90,53,250
'392290,"Bidets, lavatory pans, flushing cisterns and similar sanitary ware, of plastics (excl. baths, ...",0,0,0,0,0,0,0,0,0,0,0,0,,,,,,,,,,,,,,,0,23,0,31,35,20,33,34,6,0,8,32
'392310,"Boxes, cases, crates and similar articles for the conveyance or packaging of goods, of plastics",0,0,0,0,0,0,0,0,0,0,0,0,,,,,,,,,,,,,,,139,174,273,375,155,426,586,582,729,409,62,153
'392410,"Tableware and kitchenware, of plastics",0,0,0,0,0,0,0,0,0,0,0,0,,,,,,,,,,,,,,,98,106,248,185,153,91,139,180,148,138,42,122
'400249,"Chloroprene ""chlorobutadiene rubber, CR"", in primary forms or in plates, sheets or strip (excl. ...",0,0,0,0,0,0,0,0,0,0,0,0,,,,,,,,,,,,,,,0,0,0,0,0,0,0,0,0,0,0,0
'400259,"Acrylonitrile-butadiene rubber ""NBR"", in primary forms or in plates, sheets or strip (excl. ...",0,0,0,0,0,0,0,0,0,0,0,0,,,,,,,,,,,,,,,0,0,0,0,185,0,0,0,0,0,0,112
'400270,"Ethylene-propylene diene rubber ""EPDM"", non-conjugated, in primary forms or in plates, sheets ...",0,0,0,0,0,0,0,0,0,0,0,0,,,,,,,,,,,,,,,0,0,0,0,0,0,0,0,0,0,0,0
'400829,"Rods, tubes and profile shapes, of non-cellular rubber",0,0,0,0,0,0,0,0,0,0,0,0,,,,,,,,,,,,,,,11,16,32,61,17,5,32,47,9,30,33,33
'400911,"Tubes, pipes and hoses, of vulcanised rubber (excl. hard rubber), not reinforced or otherwise ...",0,0,0,0,0,0,0,0,0,0,0,0,,,,,,,,,,,,,,,57,33,39,45,60,14,44,19,29,78,25,54
'010121,Pure-bred breeding horses,0,0,0,0,0,0,0,0,0,0,0,0,,,,,,,,,,,,,,,0,137,147,140,106,50,82,49,548,549,230,229
'010620,"Live reptiles ""e.g. snakes, turtles, alligators, caymans, iguanas, gavials and lizards""",0,0,0,0,0,0,0,0,0,0,0,0,,,,,,,,,,,,,,,0,0,0,0,0,0,0,0,0,0,0,0
'010632,"Live psittaciformes ""incl. parrots, parrakeets, macaws and cockatoos""",0,0,0,0,0,0,0,0,0,0,0,0,,,,,,,,,,,,,,,0,0,0,0,0,0,0,0,0,0,0,0
'010639,"Live birds (excl. birds of prey, psittaciformes, parrots, parrakeets, macaws, cockatoos, ostriches ...",0,0,0,0,0,0,0,0,0,0,0,0,,,,,,,,,,,,,,,0,0,0,0,0,0,0,0,0,0,0,0
'020220,"Frozen bovine cuts, with bone in (excl. carcases and half-carcases)",0,0,0,0,0,0,0,0,0,0,0,0,,,,,,,,,,,,,,,25615,28048,34550,33894,41695,40350,38246,39064,36351,30716,32579,45181
'020641,Frozen edible livers of swine,0,0,0,0,0,0,0,0,0,0,0,0,,,,,,,,,,,,,,,0,0,0,0,0,0,44,0,0,47,0,61
'020690,"Frozen edible offal of sheep, goats, horses, asses, mules and hinnies",0,0,0,0,0,0,0,0,0,0,0,0,,,,,,,,,,,,,,,0,11,25,37,0,0,0,0,68,353,38,35
'020910,"Pig fat, free of lean meat, not rendered or otherwise extracted, fresh, chilled, frozen, salted, ...",0,0,0,0,0,0,0,0,0,0,0,0,,,,,,,,,,,,,,,0,0,0,0,57,100,0,228,266,262,185,230
'030285,"Fresh or chilled sea bream ""Sparidae""",0,0,0,0,0,0,0,0,0,0,0,0,,,,,,,,,,,,,,,0,0,0,0,0,0,0,0,0,0,0,0
'030314,"Frozen trout ""Salmo trutta, Oncorhynchus mykiss, Oncorhynchus clarki, Oncorhynchus aguabonita, ...",0,0,0,0,0,0,0,0,0,0,0,0,,,,,,,,,,,,,,,0,0,0,0,0,0,0,0,0,0,0,0
'030343,"Frozen skipjack or stripe-bellied bonito ""Euthynnus -Katsuwonus- pelamis""",0,0,0,0,0,0,0,0,0,0,0,0,,,,,,,,,,,,,,,0,0,0,0,0,0,0,0,0,0,0,0
'030366,"Frozen hake ""Merluccius spp., Urophycis spp.""",0,0,0,0,0,0,0,0,0,0,0,0,,,,,,,,,,,,,,,6883,7433,7146,9050,7751,8019,10013,11141,11228,8867,4442,6638
'030368,"Frozen blue whiting ""Micromesistius poutassou, Micromesistius australis""",0,0,0,0,0,0,0,0,0,0,0,0,,,,,,,,,,,,,,,0,0,0,0,0,0,0,0,0,0,0,0
'030441,"Fresh or chilled fillets of Pacific salmon ""Oncorhynchus nerka, Oncorhynchus gorbuscha, Oncorhynchus ...",0,0,0,0,0,0,0,0,0,0,0,0,,,,,,,,,,,,,,,0,0,0,0,0,0,0,0,0,0,0,0
'030485,"Frozen fillets of toothfish ""Dissostichus spp.""",0,0,0,0,0,0,0,0,0,0,0,0,,,,,,,,,,,,,,,0,0,0,0,0,0,0,0,0,0,0,0
'030487,"Frozen fillets of tuna ""of the genus Thunnus"", skipjack or stripe-bellied bonito ""Euthynnus ...",0,0,0,0,0,0,0,0,0,0,0,0,,,,,,,,,,,,,,,0,0,0,0,0,0,0,0,0,0,0,0
'030732,"Mussels ""Mytilus spp., Perna spp."", frozen, even in shell",0,0,0,0,0,0,0,0,0,0,0,0,,,,,,,,,,,,,,,0,0,0,0,0,0,0,0,0,0,0,0
'040721,"Fresh eggs of domestic fowls, in shell (excl. fertilised for incubation)",0,0,0,0,0,0,0,0,0,0,0,0,,,,,,,,,,,,,,,0,0,0,0,0,0,0,0,0,0,0,0
'040891,"Dried birds' eggs, not in shell, whether or not sweetened (excl. egg yolks)",0,0,0,0,0,0,0,0,0,0,0,0,,,,,,,,,,,,,,,1723,1367,1587,1131,1159,0,1722,2285,2147,2626,1924,2128
'050800,"Coral and similar materials, shells of molluscs, crustaceans or echinoderms, cuttle-bone, powder ...",0,0,0,0,0,0,0,0,0,0,0,0,,,,,,,,,,,,,,,0,0,0,0,0,0,0,0,0,0,0,0
'060420,"Foliage, branches and other parts of plants, without flowers or flower buds, and grasses, mosses ...",0,0,0,0,0,0,0,0,0,0,0,0,,,,,,,,,,,,,,,0,0,0,0,0,0,0,0,0,0,0,0
'070190,Fresh or chilled potatoes (excl. seed),0,0,0,0,0,0,0,0,0,0,0,0,,,,,,,,,,,,,,,725,845,937,576,649,468,0,0,400,666,739,839
'070529,Fresh or chilled chicory (excl. witloof chicory),0,0,0,0,0,0,0,0,0,0,0,0,,,,,,,,,,,,,,,0,0,0,0,0,0,0,0,0,0,0,0
'070610,Fresh or chilled carrots and turnips,0,0,0,0,0,0,0,0,0,0,0,0,,,,,,,,,,,,,,,37,0,0,0,0,0,0,0,0,0,58,99
'071021,"Shelled or unshelled peas ""Pisum sativum"", uncooked or cooked by steaming or by boiling in ...",0,0,0,0,0,0,0,0,0,0,0,0,,,,,,,,,,,,,,,0,0,0,0,0,0,0,0,0,0,0,0
'071090,"Mixtures of vegetables, uncooked or cooked by steaming or by boiling in water, frozen",0,0,0,0,0,0,0,0,0,0,0,0,,,,,,,,,,,,,,,0,0,0,0,0,0,0,0,0,0,0,0
'071140,"Cucumbers and gherkins provisionally preserved, e.g. by sulphur dioxide gas, in brine, in sulphur ...",0,0,0,0,0,0,0,0,0,0,0,0,,,,,,,,,,,,,,,0,0,0,0,0,0,0,0,0,0,0,0
'071239,"Dried mushrooms and truffles, whole, cut, sliced, broken or in powder, but not further prepared ...",0,0,0,0,0,0,0,0,0,0,0,0,,,,,,,,,,,,,,,0,0,0,0,0,0,0,97,16,0,0,0
'071320,"Dried, shelled chickpeas ""garbanzos"", whether or not skinned or split",0,0,0,0,0,0,0,0,0,0,0,0,,,,,,,,,,,,,,,5960,8157,5847,4107,3335,2506,3951,4263,7333,10695,9614,7661
'071332,"Dried, shelled small red ""Adzuki"" beans ""Phaseolus or Vigna angularis"", whether or not skinned ...",0,0,0,226,167,0,0,0,0,0,0,0,,,,,,,,,,,,,,,154,163,830,1461,1422,653,710,952,1441,271,444,467
'071335,"Dried, shelled cow peas ""Vigna unguiculata"", whether or not skinned or split",0,0,0,0,0,0,0,0,0,0,0,0,,,,,,,,,,,,,,,0,0,0,0,0,354,150,314,370,274,0,344
'071340,"Dried, shelled lentils, whether or not skinned or split",0,0,0,0,0,0,0,0,0,0,0,0,,,,,,,,,,,,,,,637,207,724,0,55,0,0,13,99,130,0,85
'080212,"Fresh or dried almonds, shelled",0,0,0,0,0,0,0,0,0,0,0,0,,,,,,,,,,,,,,,0,0,0,0,0,0,0,0,0,0,0,0
'080292,"Fresh or dried pine nuts, shelled",0,0,0,0,0,0,0,0,0,0,0,0,,,,,,,,,,,,,,,0,0,0,0,0,0,0,0,0,0,0,0
'080410,Fresh or dried dates,0,0,0,0,0,0,0,0,0,0,0,0,,,,,,,,,,,,,,,0,0,0,0,0,0,0,0,0,0,0,0
'080440,Fresh or dried avocados,0,0,0,0,0,0,0,0,0,0,0,0,,,,,,,,,,,,,,,0,0,0,0,0,0,0,0,0,0,0,0
'080620,Dried grapes,0,0,0,0,0,0,0,0,0,0,0,0,,,,,,,,,,,,,,,8156,9435,8147,13217,10632,12506,10241,7016,4483,2039,1773,4908
'080921,"Fresh sour cherries ""Prunus cerasus""",0,0,0,0,0,0,0,0,0,0,0,0,,,,,,,,,,,,,,,0,0,0,0,0,0,0,0,12,0,0,0
'081110,"Frozen strawberries, uncooked or cooked by steaming or boiling in water, whether or not sweetened",0,0,0,0,0,0,0,0,0,0,0,0,,,,,,,,,,,,,,,456,0,0,0,0,1013,4013,1074,941,774,1108,694
'081350,Mixtures of nuts or dried fruits,0,0,0,0,0,0,0,0,0,0,0,0,,,,,,,,,,,,,,,0,0,0,0,0,0,0,0,0,0,0,0
'090121,Roasted coffee (excl. decaffeinated),0,0,0,0,0,0,0,0,0,0,0,0,,,,,,,,,,,,,,,322,265,0,353,507,429,435,492,658,502,239,452
'090240,"Black fermented tea and partly fermented tea, whether or not flavoured, in immediate packings ...",0,0,0,0,0,0,0,0,0,0,0,0,,,,,,,,,,,,,,,5711,5394,5074,7178,4182,4688,5175,5802,4489,5422,5311,5377
'090412,"Pepper of the genus Piper, crushed or ground",0,0,0,0,0,0,0,0,0,0,0,0,,,,,,,,,,,,,,,18,7,14,0,10,0,0,12,0,13,0,10
'090811,"Nutmeg, neither crushed nor ground",0,0,0,0,0,0,0,0,0,0,0,0,,,,,,,,,,,,,,,0,0,0,0,0,0,0,0,0,0,0,0
'090831,"Cardamoms, neither crushed nor ground",0,0,0,0,0,0,0,0,0,0,0,0,,,,,,,,,,,,,,,0,0,0,0,0,0,0,0,0,0,0,0
'090961,"Juniper berries and seeds of anise, badian, caraway or fennel, neither crushed nor ground",0,0,0,0,0,0,0,0,0,0,0,0,,,,,,,,,,,,,,,0,0,0,0,0,0,0,0,0,0,0,0
'091099,"Spices (excl. pepper of the genus Piper, fruit of the genus Capsicum or of the genus Pimenta, ...",0,0,0,0,0,0,0,0,0,0,0,0,,,,,,,,,,,,,,,17,17,0,0,14,25,0,13,13,27,0,4
'100111,Durum wheat seed for sowing,0,0,0,0,0,0,0,0,0,0,0,0,,,,,,,,,,,,,,,0,0,0,0,0,0,0,0,0,0,0,0
'100620,Husked or brown rice,0,0,0,0,0,0,0,0,0,0,0,0,,,,,,,,,,,,,,,7282,11978,11403,2192,11722,2426,3116,10221,1291,713,8969,1832
'110813,Potato starch,0,0,0,0,0,0,0,0,0,0,0,0,,,,,,,,,,,,,,,0,0,0,0,0,0,0,0,0,0,0,0
'110820,Inulin,0,0,0,0,0,0,0,0,0,0,0,0,,,,,,,,,,,,,,,0,0,0,0,0,0,0,0,0,0,0,0
'120230,"Groundnut seed, for sowing",0,0,0,0,0,0,0,0,0,0,0,0,,,,,,,,,,,,,,,0,0,0,0,0,0,0,0,0,0,0,0
'120760,"Safflower ""Carthamus tinctorius"" seeds",0,0,0,0,0,0,0,0,0,0,0,0,,,,,,,,,,,,,,,0,0,0,0,0,0,0,0,0,800,0,0
'130190,"Lac; natural gums, resins, gum-resins, balsams and other natural oleoresins (excl. gum Arabic)",0,0,0,0,0,0,0,0,0,0,0,0,,,,,,,,,,,,,,,49,66,33,68,0,78,0,88,73,0,111,0
'130213,Extracts of hops,0,0,0,0,0,0,0,0,0,0,0,0,,,,,,,,,,,,,,,0,0,0,0,0,0,0,0,0,0,0,0
'150710,"Crude soya-bean oil, whether or not degummed",0,0,0,0,0,0,0,0,0,0,0,0,,,,,,,,,,,,,,,583452,545460,478180,628404,508718,562953,548579,573178,534598,444611,253605,478632
'151521,Crude maize oil,0,0,0,0,0,0,0,0,0,0,0,0,,,,,,,,,,,,,,,5488,1115,287,14079,0,7127,1665,3265,4307,10398,0,4572
'151530,"Castor oil and fractions thereof, whether or not refined, but not chemically modified",0,0,0,0,0,0,0,0,0,0,0,0,,,,,,,,,,,,,,,0,0,0,0,0,0,0,0,0,0,0,0
'151790,Edible mixtures or preparations of animal or vegetable fats or oils and edible fractions of ...,0,0,0,0,0,0,0,0,0,0,0,0,,,,,,,,,,,,,,,1288,3061,2401,2238,8378,2068,7101,2288,1557,2107,1561,1925
'152190,"Beeswax, other insect waxes and spermaceti, whether or not refined or coloured",0,0,0,0,0,0,0,0,0,0,0,0,,,,,,,,,,,,,,,412,564,642,373,489,478,0,576,0,0,0,0
'160100,"Sausages and similar products, of meat, meat offal, blood or insects; food preparations based ...",0,0,0,0,0,0,0,0,0,0,0,0,,,,,,,,,,,,,,,95,0,85,92,46,0,110,0,0,0,0,58
'160241,"Hams of swine and cuts thereof, prepared or preserved",0,0,0,0,0,0,0,0,0,0,0,0,,,,,,,,,,,,,,,0,0,0,0,0,0,0,0,0,0,0,0
'170290,"Sugars in solid form, incl. invert sugar and chemically pure maltose, and sugar and sugar syrup ...",0,0,0,0,0,0,0,0,0,0,0,0,,,,,,,,,,,,,,,1423,1304,903,1117,842,881,790,969,1035,949,1214,1014
'170410,"Chewing gum, whether or not sugar-coated",0,0,0,0,0,0,0,0,0,0,0,0,,,,,,,,,,,,,,,0,0,0,0,0,0,0,125,0,0,0,0
'180690,"Chocolate and other preparations containing cocoa, in containers or immediate packings of <= ...",0,0,0,0,0,0,0,0,0,0,0,0,,,,,,,,,,,,,,,4804,3723,5343,6176,4786,7934,12116,13060,9937,7440,5419,5694
'190110,"Food preparations for infant use, put up for retail sale, of flour, groats, meal, starch or ...",0,0,0,0,0,0,0,0,0,0,0,0,,,,,,,,,,,,,,,469,1487,725,765,733,684,646,0,914,872,1268,1604
'200390,"Mushrooms and truffles, prepared or preserved otherwise than by vinegar or acetic acid (excl. ...",0,0,0,0,0,0,0,0,0,0,0,0,,,,,,,,,,,,,,,0,0,0,0,0,0,0,0,0,0,0,0
'200591,"Bamboo shoots, prepared or preserved otherwise than by vinegar or acetic acid (excl. frozen)",0,0,0,0,0,0,0,0,0,0,0,0,,,,,,,,,,,,,,,0,0,0,0,0,0,0,0,0,0,0,0
'200710,"Homogenised preparations of jams, jellies, marmalades, fruit or nut purées and nut pastes, ...",0,0,0,0,0,0,0,0,0,0,0,0,,,,,,,,,,,,,,,0,0,0,0,0,0,0,0,0,0,0,0
'200939,"Single citrus fruit juice, unfermented, Brix value > 20 at 20°C, whether or not containing ...",0,0,0,0,0,0,0,0,0,0,0,0,,,,,,,,,,,,,,,5255,12938,16172,19595,18997,23473,13980,14262,13017,9875,7385,8393
'210220,Inactive yeasts; other dead single-cell micro-organisms (excl. packaged as medicaments),0,0,0,0,0,0,0,0,0,0,0,0,,,,,,,,,,,,,,,212,155,0,302,0,0,0,168,0,0,0,0
'210410,Soups and broths and preparations therefor,0,0,0,0,0,0,0,0,0,0,0,0,,,,,,,,,,,,,,,0,0,0,0,0,0,0,0,0,0,0,0
'210690,"Food preparations, n.e.s.",0,0,0,0,0,0,0,0,0,0,0,0,,,,,,,,,,,,,,,7335,8584,9070,8912,8252,6962,9034,7015,7661,5219,3769,6375
'220300,Beer made from malt,0,0,0,0,0,0,0,0,0,0,0,0,,,,,,,,,,,,,,,974,1351,685,0,1037,1917,2616,2603,1794,1708,0,1308
'220510,"Vermouth and other wine of fresh grapes, flavoured with plants or aromatic substances, in containers ...",0,0,0,0,0,0,0,0,0,0,0,0,,,,,,,,,,,,,,,571,980,671,3666,1520,3822,3314,950,2197,1085,1558,896
'852713,"Radio-broadcast receivers capable of operating without an external source of power, combined ...",0,0,0,0,0,0,0,0,0,0,0,0,,,,,,,,,,,,,,,0,0,0,0,0,0,0,0,0,0,0,0
'852729,"Radio-broadcast receivers not capable of operating without an external source of power, of ...",0,0,0,0,0,0,0,0,0,0,0,0,,,,,,,,,,,,,,,1384,2794,935,1811,1416,0,0,820,0,0,1809,0
'852799,"Radio-broadcast receivers, for mains operation only, not combined with sound recording or reproducing ...",0,0,0,0,0,0,0,0,0,0,0,0,,,,,,,,,,,,,,,0,0,0,0,0,0,0,0,0,0,0,0
'852852,Monitors capable of directly connecting to and designed for use with an automatic data processing ...,0,0,0,0,0,0,0,0,0,0,0,0,,,,,,,,,,,,,,,0,0,0,2,0,0,11,0,0,0,4,0
'853090,"Parts of electrical signalling, safety or traffic control equipment, n.e.s.",0,0,0,0,0,0,0,0,0,0,0,0,,,,,,,,,,,,,,,0,0,0,0,0,0,0,0,0,0,0,0
'853190,"Parts of electric sound or visual signalling apparatus, n.e.s.",0,0,0,0,0,0,0,0,0,0,0,0,,,,,,,,,,,,,,,0,0,34,0,0,0,0,4,0,8,0,1
'853321,Fixed electrical resistors for a power handling capacity <= 20 W (excl. heating resistors),0,0,0,0,0,0,0,0,0,0,0,0,,,,,,,,,,,,,,,0,0,0,0,0,0,0,25,0,0,0,0
'853710,"Boards, cabinets and similar combinations of apparatus for electric control or the distribution ...",0,0,0,0,0,0,0,0,0,0,0,0,,,,,,,,,,,,,,,672,424,335,371,1103,439,962,521,1306,1012,565,323
'853922,Filament lamps of a power <= 200 W and for a voltage > 100 V (excl. tungsten halogen filament ...,0,0,0,0,0,0,0,0,0,0,0,0,,,,,,,,,,,,,,,0,0,0,0,0,0,0,0,0,0,0,0
'853951,"Light-emitting diode ""LED"" light source modules",0,0,0,0,0,0,0,0,0,0,0,0,,,,,,,,,,,,,,,0,0,0,0,0,0,0,0,0,0,0,0
'854130,"Thyristors, diacs and triacs (excl. photosensitive semiconductor devices)",0,0,0,0,0,0,0,0,0,0,0,0,,,,,,,,,,,,,,,0,0,0,0,0,0,0,0,0,0,0,0
'854149,Photosensitive semiconductor devices (excl. photovoltaic generators and cells),0,0,0,0,0,0,0,0,0,0,0,0,,,,,,,,,,,,,,,0,0,0,0,0,0,0,0,0,0,0,0
'854160,Mounted piezo-electric crystals,0,0,0,0,0,0,0,0,0,0,0,0,,,,,,,,,,,,,,,0,0,0,0,0,0,0,0,0,0,0,0
'854231,"Electronic integrated circuits as processors and controllers, whether or not combined with ...",0,0,0,0,0,0,0,0,0,0,0,0,,,,,,,,,,,,,,,9,0,23,1233,41,8,8,18,15,21,0,36
'854340,Electronic cigarettes and similar personal electric vaporizing devices,0,0,0,0,0,0,0,0,0,0,0,0,,,,,,,,,,,,,,,0,0,0,0,0,0,0,0,0,0,0,0
'854610,Electrical insulators of glass (excl. insulating fittings),0,0,0,0,0,0,0,0,0,0,0,0,,,,,,,,,,,,,,,0,0,0,0,0,0,0,0,0,0,0,0
'854710,"Insulating fittings for electrical purposes, of ceramics",0,0,0,0,0,0,0,0,0,0,0,0,,,,,,,,,,,,,,,0,0,0,0,0,0,0,0,0,0,0,0
'860400,"Railway or tramway maintenance or service vehicles, whether or not self-propelled, e.g., workshops, ...",0,0,0,0,0,0,0,0,0,0,0,0,,,,,,,,,,,,,,,0,0,0,0,0,0,0,0,0,0,0,0
'860691,"Railway or tramway goods vans and wagons, covered and closed (excl. self-discharging goods ...",0,0,0,0,0,0,0,0,0,0,0,0,,,,,,,,,,,,,,,0,0,0,0,0,0,0,0,0,0,0,0
'860719,"Axles, for electrical purposes, and wheels and parts thereof for railway or tramway locomotives ...",0,0,0,0,0,0,0,0,0,0,0,0,,,,,,,,,,,,,,,0,0,0,0,0,0,0,0,0,0,0,0
'870124,"Road tractors for semi-trailers, with only electric motor for propulsion",0,0,0,0,0,0,0,0,0,0,0,0,,,,,,,,,,,,,,,0,0,0,0,0,0,0,0,0,0,0,0
'870441,"Motor vehicles for the transport of goods, with both compression-ignition internal combustion ...",0,0,0,0,0,0,0,0,0,0,0,0,,,,,,,,,,,,,,,0,0,0,0,0,0,0,0,0,0,0,0
'870840,"Gear boxes and parts thereof, for tractors, motor vehicles for the transport of ten or more ...",0,0,0,0,0,0,0,0,0,0,0,0,,,,,,,,,,,,,,,27393,30334,29731,30755,29440,29964,31922,25276,21190,24459,19327,25957
'870870,"Road wheels and parts and accessories thereof, for tractors, motor vehicles for the transport ...",0,0,0,0,0,0,0,0,0,0,0,0,,,,,,,,,,,,,,,205,87,101,45,96,333,276,104,53,287,91,90
'870893,"Clutches and parts thereof, for tractors, motor vehicles for the transport of ten or more persons, ...",0,0,0,0,0,0,0,0,0,0,0,0,,,,,,,,,,,,,,,601,678,774,976,787,628,974,855,580,311,696,593
'870990,"Parts of self-propelled works trucks, not fitted with lifting or handling equipment, of the ...",0,0,0,0,0,0,0,0,0,0,0,0,,,,,,,,,,,,,,,0,0,0,0,0,0,0,0,0,0,0,0
'871160,"Motorcycles, incl. mopeds, and cycles fitted with an auxiliary motor, with electric motor for ...",0,0,0,0,0,0,0,0,0,0,0,0,,,,,,,,,,,,,,,0,0,0,0,0,0,0,0,0,0,0,0
'871200,"Bicycles and other cycles, incl. delivery tricycles, not motorised",0,0,0,0,0,0,0,0,0,0,0,0,,,,,,,,,,,,,,,0,0,0,0,0,0,0,0,0,0,0,0
'871390,"Carriages for disabled persons, motorised or otherwise mechanically propelled (excl. specially ...",0,0,0,0,0,0,0,0,0,0,0,0,,,,,,,,,,,,,,,0,0,0,0,0,0,0,0,0,0,0,0
'871492,"Wheel rims and spokes, for cycles (excl. for motorcycles)",0,0,0,0,0,0,0,0,0,0,0,0,,,,,,,,,,,,,,,0,0,0,0,0,0,0,0,0,0,0,0
'871494,"Brakes, incl. coaster braking hubs and hub brakes, and parts thereof, for cycles (excl. for ...",0,0,0,0,0,0,0,0,0,0,0,0,,,,,,,,,,,,,,,0,0,0,0,0,0,0,0,0,0,0,0
'871620,Self-loading or self-unloading trailers and semi-trailers for agricultural purposes,0,0,0,0,0,0,0,0,0,0,0,0,,,,,,,,,,,,,,,281,202,0,239,0,236,577,459,673,203,1254,1335
'871631,"Tanker trailers and tanker semi-trailers, not designed for running on rails",0,0,0,0,0,0,0,0,0,0,0,0,,,,,,,,,,,,,,,866,777,437,56,0,0,0,560,1553,680,0,815
'880622,"Unmanned aircraft, for remote-controlled flight only, with maximum take-off weight > 250 g ...",0,0,0,0,0,0,0,0,0,0,0,0,,,,,,,,,,,,,,,0,0,0,0,0,0,0,0,0,0,0,0
'880624,"Unmanned aircraft, for remote-controlled flight only, with maximum take-off weight > 25 kg ...",0,0,0,0,0,0,0,0,0,0,0,0,,,,,,,,,,,,,,,0,0,0,0,0,0,0,0,0,0,0,0
'890321,"Sailboats, with or without auxiliary motor, of a length <= 7,5 m (excl. inflatable)",0,0,0,0,0,0,0,0,0,0,0,0,,,,,,,,,,,,,,,0,0,0,0,0,0,0,0,0,0,0,0
'890690,"Vessels, incl. lifeboats (excl. warships, rowing boats and other vessels of heading 8901 to ...",0,0,0,0,0,0,0,0,0,0,0,0,,,,,,,,,,,,,,,0,0,0,0,0,0,0,0,0,0,0,0
'900110,"Optical fibres, optical fibre bundles and cables (excl. made up of individually sheathed fibres ...",0,0,0,0,0,0,0,0,0,0,0,0,,,,,,,,,,,,,,,0,0,0,0,0,0,0,0,0,0,0,0
'900120,Sheets and plates of polarising material,0,0,0,0,0,0,0,0,0,0,0,0,,,,,,,,,,,,,,,0,0,0,0,0,0,0,0,0,0,0,0
'900190,"Lenses, prisms, mirrors and other optical elements, of any material, unmounted (excl. such ...",0,0,0,0,0,0,0,0,0,0,0,0,,,,,,,,,,,,,,,0,0,0,0,0,0,0,0,0,0,0,0
'900710,Cinematographic cameras,0,0,0,0,0,0,0,0,0,0,0,0,,,,,,,,,,,,,,,0,0,0,0,0,0,0,0,0,0,0,0
'901320,Lasers (excl. laser diodes),0,0,0,0,0,0,0,0,0,0,0,0,,,,,,,,,,,,,,,0,0,0,0,0,29,0,0,0,0,0,0
'901480,"Navigational instruments and apparatus (excl. for aeronautical or space navigation, compasses ...",0,0,0,0,0,0,0,0,0,0,0,0,,,,,,,,,,,,,,,0,0,0,0,0,0,0,0,0,0,0,0
'901530,Levels,0,0,0,0,0,0,0,0,0,0,0,0,,,,,,,,,,,,,,,0,0,0,0,0,0,0,0,0,0,0,0
'901710,"Drafting tables and machines, whether or not automatic (excl. units for automatic data-processing ...",0,0,0,0,0,0,0,0,0,0,0,0,,,,,,,,,,,,,,,0,0,0,0,0,0,0,0,0,0,0,0
'901839,"Needles, catheters, cannulae and the like, used in medical, surgical, dental or veterinary ...",0,0,0,0,0,0,0,0,0,0,0,0,,,,,,,,,,,,,,,633,570,313,492,675,432,596,658,607,339,373,665
'902212,Computer tomography apparatus,0,0,0,0,0,0,0,0,0,0,0,0,,,,,,,,,,,,,,,0,0,0,0,0,0,0,0,0,0,0,0
'902214,"Apparatus based on the use of X-rays, for medical, surgical or veterinary uses (excl. for dental ...",0,0,0,0,0,0,0,0,0,0,0,0,,,,,,,,,,,,,,,0,0,0,0,0,0,0,0,0,0,0,0
'902229,"Apparatus based on the use of alpha, beta, gamma or other ionising radiation (other than for ...",0,0,0,0,0,0,0,0,0,0,0,0,,,,,,,,,,,,,,,0,0,0,0,0,0,0,0,0,0,0,0
'902410,Machines and appliances for testing metals,0,0,0,0,0,0,0,0,0,0,0,0,,,,,,,,,,,,,,,0,0,0,0,0,0,0,0,0,0,0,0
'902810,"Gas meters, incl. calibrating meters therefor",0,0,0,0,0,0,0,0,0,0,0,0,,,,,,,,,,,,,,,0,0,0,0,163,0,0,0,0,0,0,0
'902920,"Speed indicators and tachometers, stroboscopes",0,0,0,0,0,0,0,0,0,0,0,0,,,,,,,,,,,,,,,0,19,5,20,11,14,6,11,5,9,6,21
'902990,"Parts and accessories for revolution counters, production counters, taximeters, milometers, ...",0,0,0,0,0,0,0,0,0,0,0,0,,,,,,,,,,,,,,,5,0,0,40,0,1,0,49,35,0,0,0
'903020,Oscilloscopes and oscillographs,0,0,0,0,0,0,0,0,0,0,0,0,,,,,,,,,,,,,,,0,0,0,0,0,0,0,0,0,0,0,0
'910400,"Instrument panel clocks and clocks of a similar type for vehicles, aircraft, vessels and other ...",0,0,0,0,0,0,0,0,0,0,0,0,,,,,,,,,,,,,,,0,0,0,0,0,0,0,0,0,0,0,0
'910529,Wall clocks (excl. electrically operated),0,0,0,0,0,0,0,0,0,0,0,0,,,,,,,,,,,,,,,0,0,0,0,0,0,0,0,0,0,0,0
'910811,"Watch movements, complete and assembled, electrically operated, with mechanical display only ...",0,0,0,0,0,0,0,0,0,0,0,0,,,,,,,,,,,,,,,0,0,0,0,0,0,0,0,0,0,0,0
'911090,"Complete, unassembled or partly assembled clock movements ""movement sets""; incomplete clock ...",0,0,0,0,0,0,0,0,0,0,0,0,,,,,,,,,,,,,,,0,0,0,0,0,0,0,0,0,0,0,0
'911190,"Parts of cases for wrist-watches, pocket-watches and other watches of heading 9101 or 9102, ...",0,0,0,0,0,0,0,0,0,0,0,0,,,,,,,,,,,,,,,0,0,0,0,0,0,0,0,0,0,0,0
'920790,"Accordions and musical instruments without keyboards, the sound of which is produced, or must ...",0,0,0,0,0,0,0,0,0,0,0,0,,,,,,,,,,,,,,,0,0,0,0,0,0,0,0,0,0,0,0
'920890,"Fairground organs, mechanical street organs, mechanical singing birds, musical saws and other ...",0,0,0,0,0,0,0,0,0,0,0,0,,,,,,,,,,,,,,,0,0,0,0,0,0,0,0,0,0,0,0
'930330,"Sporting, hunting and target-shooting shotguns with one or more rifled bores (other than spring, ...",0,0,0,0,0,0,0,0,0,0,0,0,,,,,,,,,,,,,,,0,0,0,0,0,0,0,0,0,0,0,0
'930599,"Parts and accessories for weapons and the like of heading 9303 or 9304, n.e.s. (excl. of shotguns ...",0,0,0,0,0,0,0,0,0,0,0,0,,,,,,,,,,,,,,,0,0,0,0,0,0,0,0,0,0,0,0
'930621,Cartridges for smooth-barrelled shotguns,0,0,0,0,0,0,0,0,0,0,0,0,,,,,,,,,,,,,,,0,0,0,0,0,0,0,0,0,0,0,0
'940159,"Seats of cane, osier or similar materials (excl. of bamboo or rattan)",0,0,0,0,0,0,0,0,0,0,0,0,,,,,,,,,,,,,,,0,0,0,0,0,0,0,0,0,0,0,0
'940290,"Operating tables, examination tables, and other medical, dental, surgical or veterinary furniture ...",0,0,0,0,0,0,0,0,0,0,0,0,,,,,,,,,,,,,,,0,0,0,0,40,0,0,0,0,0,8,0
'940370,"Furniture of plastics (excl. medical, dental, surgical or veterinary, and seats)",0,0,0,0,0,0,0,0,0,0,0,0,,,,,,,,,,,,,,,0,60,40,32,28,34,36,28,43,19,18,17
'940382,"Furniture of bamboo (excl. seats and medical, surgical, dental or veterinary furniture)",0,0,0,0,0,0,0,0,0,0,0,0,,,,,,,,,,,,,,,0,0,0,0,0,0,0,0,0,0,0,0
'940490,"Articles of bedding and similar furnishing, fitted with springs or stuffed or internally filled ...",0,0,0,0,0,0,0,0,0,0,0,0,,,,,,,,,,,,,,,27,40,39,47,18,40,35,27,49,6,27,18
'940521,"Electric table, desk, bedside or floor-standing luminaires, solely for light-emitting diode ...",0,0,0,0,0,0,0,0,0,0,0,0,,,,,,,,,,,,,,,0,0,0,0,0,0,0,0,0,6,4,0
'940610,"Prefabricated buildings of wood, whether or not complete or already assembled",0,0,0,0,0,0,0,0,0,0,0,0,,,,,,,,,,,,,,,0,0,0,0,0,0,0,0,0,0,0,0
'940620,"Modular building units, of steel",0,0,0,0,0,0,0,0,0,0,0,0,,,,,,,,,,,,,,,0,0,0,0,0,0,0,0,0,0,0,0
'950300,"Tricycles, scooters, pedal cars and similar wheeled toys; dolls' carriages; dolls; other toys; ...",0,0,0,0,0,0,0,0,0,0,0,0,,,,,,,,,,,,,,,0,0,26,53,0,0,0,0,55,0,0,0
'950430,"Games with screens, flipper and other games, operated by coins, banknotes, bank cards, tokens ...",0,0,0,0,0,0,0,0,0,0,0,0,,,,,,,,,,,,,,,0,242,0,0,0,0,0,0,0,0,0,0
'950611,"Skis, for winter sports",0,0,0,0,0,0,0,0,0,0,0,0,,,,,,,,,,,,,,,0,0,0,0,0,0,0,0,0,0,0,0
'950670,"Ice skates and roller skates, incl. skating boots with skates or rollers attached",0,0,0,0,0,0,0,0,0,0,0,0,,,,,,,,,,,,,,,0,0,0,0,0,0,0,0,0,0,0,0
'950710,Fishing rods,0,0,0,0,0,0,0,0,0,0,0,0,,,,,,,,,,,,,,,0,0,0,0,0,0,0,0,0,0,0,0
'950822,"Carousels, swings and roundabouts",0,0,0,0,0,0,0,0,0,0,0,0,,,,,,,,,,,,,,,0,0,0,0,0,0,0,0,0,0,0,0
'950829,"Amusement park rides (excl. roller coasters, carousels, swings, roundabouts, dodge'em cars, ...",0,0,0,0,0,0,0,0,0,0,0,0,,,,,,,,,,,,,,,0,0,0,0,0,0,0,0,0,0,0,0
'960330,"Artists' brushes, writing brushes and similar brushes for the application of cosmetics",0,0,0,0,0,0,0,0,0,0,0,0,,,,,,,,,,,,,,,0,0,12,22,98,10,6,0,1,1,81,17
'960350,"Brushes constituting parts of machines, appliances or vehicles",0,0,0,0,0,0,0,0,0,0,0,0,,,,,,,,,,,,,,,19,46,4,6,37,43,33,14,3,15,15,24
'960621,"Buttons of plastics, not covered with textile material (excl. press-fasteners, snap-fasteners, ...",0,0,0,0,0,0,0,0,0,0,0,0,,,,,,,,,,,,,,,0,0,0,0,0,0,0,0,0,0,0,0
'960990,"Pencils, pastels, drawing charcoals, writing or drawing chalks and tailors' chalks",0,0,0,0,0,0,0,0,0,0,0,0,,,,,,,,,,,,,,,0,0,0,0,0,0,0,0,0,0,0,0
'961390,"Parts of lighters, n.e.s.",0,0,0,0,0,0,0,0,0,0,0,0,,,,,,,,,,,,,,,0,0,0,0,0,0,0,0,0,0,0,0
'970529,"Collections and collectors’ pieces of zoological, botanical, mineralogical, anatomical or paleontological ...",0,0,0,0,0,0,0,0,0,0,0,0,,,,,,,,,,,,,,,0,0,0,0,0,0,0,141,0,0,0,384
'230630,"Oilcake and other solid residues, whether or not ground or in the form of pellets, resulting ...",0,0,0,0,0,0,0,0,0,0,0,0,,,,,,,,,,,,,,,24126,23187,27810,25474,22136,28331,17426,17597,14648,26681,21907,35069
'230990,Preparations of a kind used in animal feeding (excl. dog or cat food put up for retail sale),0,0,0,0,0,0,0,0,0,116,0,0,,,,,,,,,,,,,,,4768,4703,5567,12995,8882,7534,5498,4587,9325,4145,4216,5758
'240110,"Tobacco, unstemmed or unstripped",0,0,0,0,0,0,0,0,0,0,0,0,,,,,,,,,,,,,,,3851,1536,747,793,1010,0,0,781,0,0,2033,6179
'240120,"Tobacco, partly or wholly stemmed or stripped, otherwise unmanufactured",0,0,0,0,0,0,0,0,0,0,0,0,,,,,,,,,,,,,,,11573,40237,27013,25231,25815,52244,46189,50572,20832,6480,17193,1034
'240130,Tobacco refuse,0,0,0,0,0,0,0,0,0,0,0,0,,,,,,,,,,,,,,,312,0,0,1377,742,2370,3189,1339,1151,520,363,655
'240319,"Smoking tobacco, whether or not containing tobacco substitutes in any proportion (excl. water-pipe ...",0,0,0,0,0,0,0,0,0,0,0,0,,,,,,,,,,,,,,,0,0,0,0,0,0,0,0,0,0,0,0
'250610,Quartz (excl. quartz sands),0,0,0,0,0,0,0,0,0,0,0,0,,,,,,,,,,,,,,,21,0,8,6,25,7,0,18,14,19,18,22
'250850,"Andalusite, kyanite and sillimanite",0,0,0,0,0,0,0,0,0,0,0,0,,,,,,,,,,,,,,,0,0,0,0,0,0,0,0,0,0,0,0
'250900,Chalk,0,0,0,0,0,0,0,0,0,0,0,0,,,,,,,,,,,,,,,0,0,0,88,0,0,88,0,0,0,0,0
'251512,"Marble and travertine, merely cut, by sawing or otherwise, into blocks or slabs of a square ...",0,0,0,0,0,0,0,0,0,0,0,0,,,,,,,,,,,,,,,0,0,0,0,0,0,0,0,0,0,0,0
'251690,"Porphyry, basalt and other monumental or building stone, whether or not roughly trimmed or ...",0,0,0,0,0,0,0,0,0,0,0,0,,,,,,,,,,,,,,,0,0,0,0,0,0,0,0,0,0,0,0
'252321,"White portland cement, whether or not artificially coloured",0,0,0,0,0,0,0,0,0,0,0,0,,,,,,,,,,,,,,,0,0,0,0,0,0,0,0,0,0,0,0
'252510,Crude mica and mica rifted into sheets or splittings,0,0,0,0,0,0,0,0,0,0,0,0,,,,,,,,,,,,,,,0,0,0,0,0,0,0,0,0,0,0,0
'260112,Agglomerated iron ores and concentrates (excl. roasted iron pyrites),0,0,0,0,0,0,0,0,0,0,0,0,,,,,,,,,,,,,,,0,0,0,0,0,0,0,0,0,0,0,0
'261400,Titanium ores and concentrates,0,0,0,0,0,0,0,0,0,0,0,0,,,,,,,,,,,,,,,0,0,0,0,0,0,0,0,0,0,0,0
'261510,Zirconium ores and concentrates,0,0,0,0,0,0,0,0,0,0,0,0,,,,,,,,,,,,,,,0,0,0,0,0,0,0,0,0,0,0,0
'270300,"Peat, incl. peat litter, whether or not agglomerated",0,0,0,0,0,0,0,0,0,0,0,0,,,,,,,,,,,,,,,0,0,84,250,228,0,119,122,0,0,193,0
'270799,Oils and other products of the distillation of high temperature coal tars; similar products ...,0,0,0,0,0,0,0,0,0,0,0,0,,,,,,,,,,,,,,,0,0,0,0,0,0,0,0,0,0,0,0
'271012,"Light oils and preparations, of petroleum or bituminous minerals which >= 90% by volume ""incl. ...",0,0,0,0,0,0,0,0,0,0,0,0,,,,,,,,,,,,,,,37103,66385,41295,48500,51549,78720,48450,43185,51161,48071,25576,60429
'271119,"Gaseous hydrocarbons, liquefied, n.e.s. (excl. natural gas, propane, butane, ethylene, propylene, ...",0,0,0,0,0,0,0,0,0,0,0,0,,,,,,,,,,,,,,,12238,8334,8452,8787,12930,2055,5682,7784,1911,6780,6636,6214
'271121,Natural gas in gaseous state,0,0,0,0,0,0,0,0,0,0,0,0,,,,,,,,,,,,,,,55271,64158,52184,57353,61714,36907,40289,49951,58375,49947,51465,53542
'271320,Petroleum bitumen,0,0,0,0,0,0,0,0,0,0,0,0,,,,,,,,,,,,,,,0,0,0,0,0,0,0,0,0,0,0,0
'280120,Iodine,0,0,0,0,0,0,0,0,0,0,0,0,,,,,,,,,,,,,,,0,0,0,0,0,0,0,0,0,0,0,0
'280421,Argon,0,0,0,0,0,0,0,0,0,0,0,0,,,,,,,,,,,,,,,0,0,0,0,0,0,0,0,0,0,0,0
'280490,Selenium,0,0,0,0,0,0,0,0,0,0,0,0,,,,,,,,,,,,,,,0,0,0,0,0,0,0,0,0,0,0,0
'281000,Oxides of boron; boric acids,0,0,0,0,0,0,0,0,0,0,0,0,,,,,,,,,,,,,,,1507,1335,1478,2156,2386,1977,2222,1348,1150,0,1326,2016
'281129,"Inorganic oxygen compounds of non-metals (excl. diphosphorus pentaoxide, oxides of boron, carbon ...",0,0,0,0,0,0,0,0,0,0,0,0,,,,,,,,,,,,,,,0,0,0,0,0,0,0,0,0,0,0,0
'281520,"Potassium hydroxide ""caustic potash""",0,0,0,0,0,0,0,0,0,0,0,0,,,,,,,,,,,,,,,0,0,0,0,0,0,0,0,0,0,0,0
'281700,Zinc oxide; zinc peroxide,0,0,0,0,0,0,0,0,0,0,0,0,,,,,,,,,,,,,,,0,0,0,0,0,0,0,0,0,9,0,0
'281810,"Corundum, artificial, whether or not chemically defined",0,0,0,0,0,0,0,0,0,0,0,0,,,,,,,,,,,,,,,0,0,0,0,0,0,0,0,0,0,0,0
'281820,Aluminium oxide (excl. artificial corundum),0,0,0,0,0,0,0,0,0,0,0,0,,,,,,,,,,,,,,,0,0,0,0,0,0,0,0,0,0,0,0
'281830,Aluminium hydroxide,0,0,0,0,0,0,0,0,0,0,0,0,,,,,,,,,,,,,,,0,0,0,0,0,0,0,0,0,0,0,0
'282010,Manganese dioxide,0,0,0,0,0,0,0,0,0,0,0,0,,,,,,,,,,,,,,,0,0,0,0,0,0,0,0,0,0,0,0
'282090,Manganese oxides (excl. manganese dioxide),0,0,0,0,0,0,0,0,0,0,0,0,,,,,,,,,,,,,,,0,0,0,0,0,0,0,0,0,0,0,0
'282510,Hydrazine and hydroxylamine and their inorganic salts,0,0,0,0,0,0,0,0,0,0,0,0,,,,,,,,,,,,,,,0,0,0,0,0,0,0,0,0,0,0,0
'282540,Nickel oxides and hydroxides,0,0,0,0,0,0,0,0,0,0,0,0,,,,,,,,,,,,,,,0,0,0,0,0,0,0,0,0,0,0,0
'282751,Bromides of sodium or of potassium,0,0,0,0,0,0,0,0,0,0,0,0,,,,,,,,,,,,,,,0,0,0,0,0,0,0,0,0,0,0,0
'282759,"Bromides and bromide oxides (excl. of sodium, potassium and mercury)",0,0,0,0,0,0,0,0,0,0,0,0,,,,,,,,,,,,,,,0,0,0,0,0,0,0,0,0,0,0,0
'283210,Sodium sulphites,0,0,0,0,0,0,0,0,0,0,0,0,,,,,,,,,,,,,,,0,126,0,0,0,4,0,111,157,0,0,0
'283539,"Polyphosphates, whether or not chemically defined (excl. sodium triphosphate ""sodium tripolyphosphate"", ...",0,0,0,0,0,0,0,0,0,0,0,0,,,,,,,,,,,,,,,0,0,0,0,0,0,0,0,0,0,0,0
'283719,Cyanides and cyanide oxides (excl. sodium and mercury),0,0,0,0,0,0,0,0,0,0,0,0,,,,,,,,,,,,,,,0,0,0,0,0,0,0,0,0,0,0,0
'284150,Chromates and dichromates; peroxochromates (excl. sodium dichromate and inorganic or organic ...,0,0,0,0,0,0,0,0,0,0,0,0,,,,,,,,,,,,,,,0,0,0,0,0,0,0,0,0,0,0,0
'284390,"Inorganic or organic compounds of precious metals, whether or not chemically defined (excl. ...",0,0,0,0,0,0,0,0,0,0,0,0,,,,,,,,,,,,,,,0,0,0,0,0,0,0,0,0,0,0,0
'290129,"Hydrocarbons, acyclic, unsaturated (excl. ethylene, propene ""propylene"", butene ""butylene"" ...",0,0,0,0,0,0,0,0,0,0,0,0,,,,,,,,,,,,,,,0,0,0,0,0,0,0,0,0,0,0,0
'290319,"Saturated chlorinated derivatives of acyclic hydrocarbons (excl. chloromethane [methyl chloride], ...",0,0,0,0,0,0,0,0,0,0,0,0,,,,,,,,,,,,,,,0,0,0,0,0,0,0,0,0,0,0,0
'290323,"Tetrachloroethylene ""perchloroethylene""",0,0,0,0,0,0,0,0,0,0,0,0,,,,,,,,,,,,,,,0,0,0,0,0,0,0,0,0,0,0,0
'290346,"1,1,1,2,3,3,3-Heptafluoropropane ""HFC-227ea"", 1,1,1,2,2,3-hexafluoropropane ""HFC-236cb"", 1,1,1,2,3,3-hexafluoropropane ...",0,0,0,0,0,0,0,0,0,0,0,0,,,,,,,,,,,,,,,0,0,0,0,0,0,0,0,0,0,0,0
'290351,"2,3,3,3-Tetrafluoropropene ""HFO-1234yf"", 1,3,3,3-tetrafluoropropene ""HFO-1234ze"" and (Z)-1,1,1,4,4,4-hexafluoro-2-butene ...",0,0,0,0,0,0,0,0,0,0,0,0,,,,,,,,,,,,,,,0,0,0,0,0,0,0,0,0,0,0,0
'290389,"Halogenated derivatives of cyclanic, cyclenic or cycloterpenic hydrocarbons (excl. 1,2,3,4,5,6-Hexachlorocyclohexane ...",0,0,0,0,0,0,0,0,0,0,0,0,,,,,,,,,,,,,,,0,0,0,0,0,0,0,0,0,0,0,0
'290499,"Sulphonated, nitrated or nitrosated derivatives of hydrocarbons, whether or not halogenated ...",0,0,0,0,0,0,0,0,0,0,0,0,,,,,,,,,,,,,,,0,0,0,0,0,0,0,0,0,0,0,0
'290514,"Butanols (excl. butan-1-ol ""n-butyl alcohol"")",0,0,0,0,0,0,0,0,0,0,0,0,,,,,,,,,,,,,,,0,0,0,0,0,0,0,0,0,0,0,0
'290516,"Octanol ""octyl alcohol"" and isomers thereof",0,0,0,0,0,0,0,0,0,0,0,0,,,,,,,,,,,,,,,0,0,0,0,0,0,0,0,0,0,3,0
'290531,"Ethylene glycol ""ethanediol""",0,0,0,0,0,0,0,0,0,0,0,0,,,,,,,,,,,,,,,3,13,0,0,0,0,0,0,1,0,0,0
'290943,Monobutyl ethers of ethylene glycol or of diethylene glycol,0,0,0,0,0,0,0,0,0,0,0,0,,,,,,,,,,,,,,,0,0,0,0,0,0,0,0,0,0,0,0
'291412,"Butanone ""methyl ethyl ketone""",0,0,0,0,0,0,0,0,0,0,0,0,,,,,,,,,,,,,,,0,0,0,0,0,0,0,0,0,0,0,0
'291479,"Halogenated, sulphonated, nitrated or nitrosated derivatives of ketones or quinones (excl. ...",0,0,0,0,0,0,0,0,0,0,0,0,,,,,,,,,,,,,,,0,0,0,0,0,0,0,0,0,0,0,0
'291521,Acetic acid,0,0,0,0,0,0,0,0,0,0,0,0,,,,,,,,,,,,,,,0,0,0,0,0,0,0,0,0,0,0,0
'291531,Ethyl acetate,0,0,0,0,0,0,0,0,0,0,0,0,,,,,,,,,,,,,,,0,0,0,0,0,0,0,0,0,0,0,0
'291533,n-Butyl acetate,0,0,0,0,0,0,0,0,0,0,0,0,,,,,,,,,,,,,,,0,0,0,0,0,0,0,0,0,0,0,0
'291613,Methacrylic acid and its salts,0,0,0,0,0,0,0,0,0,0,0,0,,,,,,,,,,,,,,,0,0,0,0,0,0,0,0,0,0,0,0
'291639,"Aromatic monocarboxylic acids, their anhydrides, halides, peroxides, peroxyacids and their ...",0,0,0,0,0,0,0,0,0,0,0,0,,,,,,,,,,,,,,,0,0,0,0,0,0,0,0,0,0,0,0
'291711,"Oxalic acid, its salts and esters (excl. inorganic or organic compounds of mercury)",0,0,0,0,0,0,0,0,0,0,0,0,,,,,,,,,,,,,,,0,0,0,0,0,0,0,0,0,0,0,0
'291713,"Azelaic acid, sebacic acid, their salts and esters",0,0,0,0,0,0,0,0,0,0,0,0,,,,,,,,,,,,,,,0,0,0,0,0,0,0,0,0,0,0,0
'291733,Dinonyl or didecyl orthophthalates,0,0,0,0,0,0,0,0,0,0,0,0,,,,,,,,,,,,,,,0,0,0,0,0,0,0,0,0,0,0,0
'291735,Phthalic anhydride,0,0,0,0,0,0,0,0,0,0,0,0,,,,,,,,,,,,,,,0,0,0,0,0,0,0,0,0,0,0,0
'292019,"Thiophosphoric esters ""phosphorothioates"" and their salts; their halogenated, sulphonated, ...",0,0,0,0,0,0,0,0,0,0,0,0,,,,,,,,,,,,,,,0,0,0,0,0,0,0,0,0,0,0,0
'292090,"Esters of inorganic acids of non-metals and their salts; their halogenated, sulphonated, nitrated ...",0,0,0,0,0,0,0,0,0,0,0,0,,,,,,,,,,,,,,,0,0,0,0,0,0,0,0,0,0,23,0
'292111,"Methylamine, dimethylamine or trimethylamine and their salts",0,0,0,0,0,0,0,0,0,0,0,0,,,,,,,,,,,,,,,0,0,0,0,0,0,0,0,0,0,0,0
'292119,"Acyclic monoamines and their derivatives; salts thereof (excl. methylamine, dimethylamine, ...",0,0,0,0,0,0,0,0,0,0,0,0,,,,,,,,,,,,,,,0,0,0,0,0,0,0,0,0,0,0,0
'292121,Ethylenediamine and its salts,0,0,0,0,0,0,0,0,0,0,0,0,,,,,,,,,,,,,,,0,0,0,0,0,0,0,0,0,0,0,0
'292142,Aniline derivatives and their salts,0,0,0,0,0,0,0,0,0,0,0,0,,,,,,,,,,,,,,,0,0,0,0,0,0,0,0,0,0,0,0
'292144,Diphenylamine and its derivatives; salts thereof,0,0,0,0,0,0,0,0,0,0,0,0,,,,,,,,,,,,,,,0,0,0,0,0,0,0,0,0,0,0,0
'292217,Methyldiethanolamine and ethyldiethanolamine,0,0,0,0,0,0,0,0,0,0,0,0,,,,,,,,,,,,,,,0,0,0,0,0,0,0,0,0,0,0,0
'292219,"Amino-alcohols, their ethers and esters; salts thereof (other than those containing > one kind ...",0,0,0,0,0,0,0,0,0,0,0,0,,,,,,,,,,,,,,,0,49,0,281,174,0,145,0,0,63,8,0
'292221,Aminohydroxynaphthalenesulphonic acids and their salts,0,0,0,0,0,0,0,0,0,0,0,0,,,,,,,,,,,,,,,0,0,0,0,0,0,0,0,0,0,0,0
'292419,"Acyclic amides, incl. acyclic carbamates, and their derivatives, and salts thereof (excl. meprobamate ...",0,0,0,0,0,0,0,0,0,0,0,0,,,,,,,,,,,,,,,0,0,0,0,0,0,0,0,0,0,0,0
'292421,Ureines and their derivatives; salts thereof,0,0,0,0,0,0,0,0,0,0,0,0,,,,,,,,,,,,,,,0,0,0,0,0,0,0,0,0,0,0,0
'292511,Saccharin and its salts,0,0,0,0,0,0,0,0,0,0,0,0,,,,,,,,,,,,,,,0,0,0,0,0,0,0,0,0,0,0,0
'292620,"1-Cyanoguanidine ""dicyandiamide""",0,0,0,0,0,0,0,0,0,0,0,0,,,,,,,,,,,,,,,0,0,0,0,0,0,0,0,0,0,0,0
'292690,"Nitrile-function compounds (excl. acrylonitrile, 1-cyanoguanidine ""dicyandiamide"", fenproporex ...",0,0,0,0,0,0,0,0,0,0,0,0,,,,,,,,,,,,,,,0,0,0,23,9,98,0,0,0,0,30,0
'293030,"Thiuram mono-, di- or tetrasulphides",0,0,0,0,0,0,0,0,0,0,0,0,,,,,,,,,,,,,,,0,0,0,0,0,0,0,0,0,0,0,0
'293154,"Trichlorfon ""ISO""",0,0,0,0,0,0,0,0,0,0,0,0,,,,,,,,,,,,,,,0,0,0,0,0,0,0,0,0,0,0,0
'293339,"Heterocyclic compounds with nitrogen hetero-atom[s] only, containing an unfused pyridine ring, ...",0,0,0,0,0,0,0,0,0,0,0,0,,,,,,,,,,,,,,,0,0,1210,0,0,1072,1563,0,0,0,0,7
'293621,"Vitamins A and their derivatives, used primarily as vitamins",0,0,0,0,0,0,0,0,0,0,0,0,,,,,,,,,,,,,,,0,0,0,0,0,0,0,0,0,0,0,0
'293712,"Insulin and its salts, used primarily as hormones",0,0,0,0,0,0,0,0,0,0,0,0,,,,,,,,,,,,,,,0,0,0,0,0,0,0,0,0,0,0,0
'293979,"Vegetal alkaloids, natural or reproduced by synthesis, and their salts, ethers, esters and ...",0,0,0,0,0,0,0,0,0,0,0,0,,,,,,,,,,,,,,,0,0,0,0,0,0,0,0,0,0,0,0
'293980,"Non-vegetal alkaloids, natural or reproduced by synthesis, and their salts, ethers, esters ...",0,0,0,0,0,0,0,0,0,0,0,0,,,,,,,,,,,,,,,0,0,0,0,0,0,0,0,0,0,0,0
'300120,"Extracts of glands or other organs or of their secretions, for organo-therapeutic uses",0,0,0,0,0,0,0,0,0,0,0,0,,,,,,,,,,,,,,,0,0,0,0,0,0,0,0,0,0,0,0
'300410,"Medicaments containing penicillins or derivatives thereof with a penicillanic acid structure, ...",0,0,0,0,0,0,0,0,0,0,0,0,,,,,,,,,,,,,,,913,1736,1563,2035,1523,1989,1299,1977,1300,2103,1531,1430
'300449,"Medicaments containing alkaloids or derivatives thereof, not containing hormones, steroids ...",0,0,0,0,0,0,0,0,0,0,0,0,,,,,,,,,,,,,,,487,474,433,565,722,755,472,508,582,240,484,580
'300510,"Adhesive dressings and other articles having an adhesive layer, impregnated or covered with ...",0,0,0,0,0,0,0,0,0,0,0,0,,,,,,,,,,,,,,,0,0,184,0,124,161,0,0,0,0,0,0
'300660,"Chemical contraceptive preparations based on hormones, prostaglandins, thromboxanes, leukotrienes, ...",0,0,0,0,0,0,0,0,0,0,0,0,,,,,,,,,,,,,,,172,773,240,168,164,122,145,48,165,100,110,623
'300670,Gel preparations designed to be used in human or veterinary medicine as a lubricant for parts ...,0,0,0,0,0,0,0,0,0,0,0,0,,,,,,,,,,,,,,,0,0,0,0,0,0,0,0,0,0,0,0
'320490,"Synthetic organic products of a kind used as luminophores, whether or not chemically defined",0,0,0,0,0,0,0,0,0,0,0,0,,,,,,,,,,,,,,,0,0,0,0,0,0,0,0,0,0,0,0
'320611,Pigments and preparations based on titanium dioxide of a kind used for colouring any material ...,0,0,0,0,0,0,0,0,0,0,0,0,,,,,,,,,,,,,,,32,0,0,0,0,0,0,0,0,0,0,0
'321210,Stamping foils of a kind used in the printing of book bindings or hatband leather,0,0,0,0,0,0,0,0,0,0,0,0,,,,,,,,,,,,,,,0,0,0,0,0,16,0,0,0,0,0,0
'330125,"Oils of mints, whether or not terpeneless, incl. concretes and absolutes (excl. those of peppermint ...",0,0,0,0,0,0,0,0,0,0,0,0,,,,,,,,,,,,,,,0,0,0,0,0,0,88,0,0,0,0,0
'330510,Shampoos,0,0,0,0,0,0,0,0,0,0,0,0,,,,,,,,,,,,,,,1767,2187,1671,1930,1810,1628,913,1171,1007,1510,819,1415
'330590,"Preparations for use on the hair (excl. shampoos, preparations for permanent waving or straightening ...",0,0,0,0,0,0,0,0,0,0,0,0,,,,,,,,,,,,,,,2435,2456,2402,2064,2448,2152,1951,2116,1499,2313,1811,2226
'340239,"Anionic organic surface-active agents, whether or not put up for retail sale (excl. linear ...",0,0,0,0,0,0,0,0,0,0,0,0,,,,,,,,,,,,,,,672,589,252,937,815,523,413,237,376,394,363,707
'340590,"Glass or metal polishes, whether or not in the form of paper, wadding, felt, nonwovens, cellular ...",0,0,0,0,0,0,0,0,0,0,0,0,,,,,,,,,,,,,,,45,46,106,104,100,52,86,112,93,158,90,110
'350211,"Egg albumin, dried ""e.g. in sheets, scales, flakes, powder""",0,0,0,0,0,0,0,0,0,0,0,0,,,,,,,,,,,,,,,0,0,0,0,0,0,0,0,0,0,0,0
'350290,"Albumins, albuminates and other albumin derivatives (excl. egg albumin and milk albumin [incl. ...",0,0,0,0,0,0,0,0,0,0,0,0,,,,,,,,,,,,,,,0,0,0,0,0,0,0,0,0,0,0,0
'350510,"Dextrins and other modified starches, e.g. pregelatinised or esterified starches",0,0,0,0,0,0,0,0,0,0,0,0,,,,,,,,,,,,,,,374,384,288,746,280,481,632,557,176,472,0,0
'350691,Adhesives based on polymers of headings 3901 to 3913 or on rubber (excl. put up for retail ...,0,0,0,0,0,0,0,0,0,0,0,0,,,,,,,,,,,,,,,484,593,815,772,596,1131,711,497,569,807,714,920
'360360,Electric detonators (excl. grenade detonators),0,0,0,0,0,0,0,0,0,0,0,0,,,,,,,,,,,,,,,0,0,0,0,0,0,0,0,0,0,0,0
'360500,Matches (excl. pyrotechnic articles of heading 3604),0,0,0,0,0,0,0,0,0,0,0,0,,,,,,,,,,,,,,,0,0,0,0,0,0,0,0,0,0,0,0
'370210,"Photographic film in rolls, unexposed, for X-ray (excl. of paper, paperboard or textiles)",0,0,0,0,0,0,0,0,0,0,0,0,,,,,,,,,,,,,,,0,0,0,0,0,0,0,0,0,0,0,0
'370244,"Photographic film ""incl. instant print film""m, sensitised, in rolls, unexposed, without perforations, ...",0,0,0,0,0,0,0,0,0,0,0,0,,,,,,,,,,,,,,,0,0,0,0,0,0,0,0,0,0,0,0
'370390,"Photographic paper, paperboard and textiles, sensitised, unexposed, for monochrome photography ...",0,0,0,0,0,0,0,0,0,0,0,0,,,,,,,,,,,,,,,0,0,0,0,0,0,0,0,0,0,0,0
'370400,"Photographic plates, film, paper, paperboard and textiles, exposed but not developed",0,0,0,0,0,0,0,0,0,0,0,0,,,,,,,,,,,,,,,0,0,0,0,0,0,0,0,0,0,0,0
'370690,"Cinematographic film, exposed and developed, whether or not incorporating soundtrack or consisting ...",0,0,0,0,0,0,0,0,0,0,0,0,,,,,,,,,,,,,,,0,0,0,0,0,0,0,0,0,0,0,0
'380590,Crude dipentene; sulphite turpentine and other crude para-cymene; terpenic oils produced by ...,0,0,0,0,0,0,0,0,0,0,0,0,,,,,,,,,,,,,,,0,0,0,0,0,0,0,0,0,0,0,0
'380892,"Fungicides, put up in forms or packings for retail sale or as preparations or articles (excl. ...",0,0,0,0,0,0,0,0,0,0,0,0,,,,,,,,,,,,,,,4575,3165,3456,2921,3989,3730,2318,3764,3369,686,359,2380
'380894,"Disinfectants, put up in forms or packings for retail sale or as preparations or articles (excl. ...",0,0,0,0,0,0,0,0,0,0,0,0,,,,,,,,,,,,,,,1674,1834,1363,1772,1346,1250,1339,820,1532,1139,1108,1616
'380991,"Finishing agents, dye carriers to accelerate the dyeing or fixing of dyestuffs, and other products ...",0,0,0,0,0,0,0,0,0,0,0,0,,,,,,,,,,,,,,,129,272,168,94,127,128,77,148,111,145,61,131
'381900,Hydraulic brake fluids and other prepared liquids for hydraulic transmission not containing ...,0,0,0,0,0,0,0,0,0,0,0,0,,,,,,,,,,,,,,,0,309,225,25,0,36,234,300,9,113,305,28
'382290,Certified reference materials,0,0,0,0,0,0,0,0,0,0,0,0,,,,,,,,,,,,,,,98,38,107,32,62,31,67,45,110,33,23,191
'382590,"Residual products of the chemical or allied industries, n.e.s. (excl. waste)",0,0,0,0,0,0,0,0,0,0,0,0,,,,,,,,,,,,,,,0,0,0,0,0,0,0,0,0,0,0,0
'382600,"Biodiesel and mixtures thereof, not containing or containing < 70 % by weight of petroleum ...",0,0,0,0,0,0,0,0,0,0,0,0,,,,,,,,,,,,,,,0,0,0,70281,58621,49768,72338,37821,0,0,0,0
'390130,"Ethylene-vinyl acetate copolymers, in primary forms",0,0,0,0,0,0,0,0,0,0,0,0,,,,,,,,,,,,,,,0,0,0,34,0,0,0,0,0,0,0,0
'390330,"Acrylonitrile-butadiene-styrene copolymers ""ABS"", in primary forms",0,0,0,0,0,0,0,0,0,0,0,0,,,,,,,,,,,,,,,0,0,0,0,0,0,0,0,0,0,0,0
'390390,"Polymers of styrene, in primary forms (excl. polystyrene, styrene-acrylonitrile copolymers ...",0,0,0,0,0,0,0,0,0,0,0,0,,,,,,,,,,,,,,,381,506,483,557,432,109,198,93,175,597,520,1213
'390721,"Bis(polyoxyethylene) methylphosphonate, in primary forms",0,0,0,0,0,0,0,0,0,0,0,0,,,,,,,,,,,,,,,0,0,0,0,0,0,0,0,0,0,0,0
'390920,"Melamine resins, in primary forms",0,0,0,0,0,0,0,0,0,0,0,0,,,,,,,,,,,,,,,0,0,0,0,0,0,0,0,0,0,0,0
'391190,"Polysulphides, polysulphones and other polymers and prepolymers produced by chemical synthesis, ...",0,0,0,0,0,0,0,0,0,0,0,0,,,,,,,,,,,,,,,0,171,0,31,176,0,0,42,0,0,16,0
'391733,"Flexible tubes, pipes and hoses of plastics, not reinforced or otherwise combined with other ...",0,0,0,0,0,0,0,0,0,0,0,0,,,,,,,,,,,,,,,55,22,10,19,13,20,3,28,27,11,13,17
'391740,"Fittings, e.g. joints, elbows, flanges, of plastics, for tubes, pipes and hoses",0,0,0,0,0,0,0,0,0,0,0,0,,,,,,,,,,,,,,,942,736,1076,983,1017,1119,1366,1195,1051,676,749,1183
'392043,"Plates, sheets, film, foil and strip, of non-cellular polymers of vinyl chloride, containing ...",0,0,0,0,0,0,0,0,0,0,0,0,,,,,,,,,,,,,,,394,353,0,91,0,714,957,655,0,662,545,667
'392061,"Plates, sheets, film, foil and strip, of non-cellular polycarbonates, not reinforced, laminated, ...",0,0,0,0,0,0,0,0,0,0,0,0,,,,,,,,,,,,,,,0,0,0,0,0,0,0,0,0,0,0,0
'392091,"Plates, sheets, film, foil and strip, of non-cellular poly""vinyl butyral"", not reinforced, ...",0,0,0,0,0,0,0,0,0,0,0,0,,,,,,,,,,,,,,,0,0,0,0,0,0,0,0,0,0,0,0
'392119,"Plates, sheets, film, foil and strip, of cellular plastic, unworked or merely surface-worked ...",0,0,0,0,0,0,0,0,0,0,0,0,,,,,,,,,,,,,,,38,55,47,69,52,69,56,95,72,69,28,101
'392520,"Doors, windows and their frames and thresholds for doors, of plastics",0,0,0,0,0,0,0,0,0,0,0,0,,,,,,,,,,,,,,,0,0,42,0,0,0,0,0,21,0,0,37
'392530,"Shutters, blinds, incl. Venetian blinds, and similar articles and parts thereof, of plastics ...",0,0,0,0,0,0,0,0,0,0,0,0,,,,,,,,,,,,,,,8,15,0,0,10,58,15,8,1,0,0,8
'400129,"Natural rubber in primary forms or in plates, sheets or strip (excl. smoked sheets, technically ...",0,0,0,0,0,0,0,0,0,0,0,0,,,,,,,,,,,,,,,0,0,0,0,0,0,0,0,0,0,0,0
'400510,"Rubber, unvulcanised, compounded with carbon black or silica, in primary forms or in plates, ...",0,0,0,0,0,0,0,0,0,0,0,0,,,,,,,,,,,,,,,0,0,735,0,0,0,0,0,0,0,0,0
'400922,"Tubes, pipes and hoses, of vulcanised rubber (excl. hard rubber), reinforced or otherwise combined ...",0,0,0,0,0,0,0,0,0,0,0,0,,,,,,,,,,,,,,,11,12,14,85,44,16,14,16,9,0,44,0
'401011,"Conveyor belts or belting, of vulcanised rubber, reinforced only with metal",0,0,0,0,0,0,0,0,0,0,0,0,,,,,,,,,,,,,,,0,0,0,0,0,0,0,0,0,0,0,0
'401039,"Transmission belts or belting, of vulcanised rubber (excl. endless transmission belts of trapezoidal ...",0,0,0,0,0,0,0,0,0,0,0,0,,,,,,,,,,,,,,,148,328,116,318,222,311,222,249,200,103,162,151
'401290,"Solid or cushion tyres, interchangeable tyre treads and tyre flaps, of rubber",0,0,0,0,0,0,0,0,0,0,0,0,,,,,,,,,,,,,,,58,0,61,0,0,62,45,86,75,0,92,0
'401610,"Articles of cellular rubber, n.e.s.",0,0,0,0,0,0,0,0,0,0,0,0,,,,,,,,,,,,,,,25,32,9,1,13,26,5,0,10,16,8,10
'401692,"Erasers, of vulcanised rubber (excl. hard rubber), conditioned (excl. those simply cut to rectangular ...",0,0,0,0,0,0,0,0,0,0,0,0,,,,,,,,,,,,,,,0,0,0,0,0,0,0,0,0,0,0,0
'410120,"Whole raw hides and skins of bovine ""incl. buffalo"" or equine animals, whether or not dehaired, ...",0,0,0,0,0,0,0,0,0,0,0,0,,,,,,,,,,,,,,,0,0,0,0,0,0,32,0,0,0,70,0
'410691,"Hides and skins of antelopes, deer, elks, elephants and other animals, incl. sea animals, without ...",0,0,0,0,0,0,0,0,0,0,0,0,,,,,,,,,,,,,,,0,0,0,0,0,0,0,0,0,0,0,0
'420222,"Handbags, whether or not with shoulder straps, incl. those without handles, with outer surface ...",0,0,0,0,0,0,0,0,0,0,0,0,,,,,,,,,,,,,,,9,2,0,0,4,3,5,5,18,14,2,4
'420239,"Wallets, purses, key-cases, cigarette-cases, tobacco-pouches and similar articles of a kind ...",0,0,0,0,0,0,0,0,0,0,0,0,,,,,,,,,,,,,,,0,0,0,0,0,0,0,0,0,0,0,0
'420329,"Gloves, mittens and mitts, of leather or composition leather (excl. special sports gloves)",0,0,0,0,0,0,0,0,0,0,0,0,,,,,,,,,,,,,,,0,0,0,6,0,0,5,0,0,0,0,0
'430180,"Raw furskins, whole, with or without heads, tails or paws (excl. those of mink, lamb - Astrachan, ...",0,0,0,0,0,0,0,0,0,0,0,0,,,,,,,,,,,,,,,0,0,0,0,0,0,84,0,0,0,0,0
'440500,"Wood wool; wood flour ""wood powder able to pass through a fine"", 0,63 mm mesh, sieve with a ...",0,0,0,0,0,0,0,0,0,0,0,0,,,,,,,,,,,,,,,0,0,0,0,0,0,0,0,0,0,0,0
'440794,"Cherry ""Prunus spp."", sawn or chipped lengthwise, sliced or peeled, whether or not planed, ...",0,0,0,0,0,0,0,0,0,0,0,0,,,,,,,,,,,,,,,0,0,0,0,0,0,0,0,0,0,0,0
'441112,"Medium density fibreboard ""MDF"" of wood, of a thickness <= 5 mm",0,0,0,0,0,0,0,0,0,0,0,0,,,,,,,,,,,,,,,0,86,0,0,0,130,0,124,123,0,88,100
'441234,"Plywood consisting solely of sheets of wood <= 6 mm thick, with at least one outer ply of non-coniferous ...",0,0,0,0,0,0,0,0,0,0,0,0,,,,,,,,,,,,,,,0,0,0,0,0,0,0,0,0,0,0,0
'441819,"Windows, French windows and their frames, of wood (excl. of tropical wood)",0,0,0,0,0,0,0,0,0,0,0,0,,,,,,,,,,,,,,,0,0,0,0,0,0,0,0,0,0,0,0
'460122,"Mats, matting and screens, of rattan plaiting materials, flat-woven or bound together in parallel",0,0,0,0,0,0,0,0,0,0,0,0,,,,,,,,,,,,,,,0,0,0,0,0,0,0,0,0,0,0,0
'460290,"Basketwork, wickerwork and other articles, made directly to shape from non-vegetable plaiting ...",0,0,0,0,0,0,0,0,0,0,0,0,,,,,,,,,,,,,,,0,0,0,0,0,0,0,0,0,0,0,0
'470693,"Semi-chemical pulp of fibrous cellulosic material (excl. that of bamboo, wood, cotton linters ...",0,0,0,0,0,0,0,0,0,0,0,0,,,,,,,,,,,,,,,0,0,0,0,0,0,0,0,0,0,0,0
'480261,"Uncoated paper and paperboard, of a kind used for writing, printing or other graphic purposes, ...",0,0,0,0,0,0,0,0,0,0,0,0,,,,,,,,,,,,,,,0,0,0,0,0,0,0,0,0,0,0,0
'480441,"Unbleached kraft paper and paperboard, uncoated, in rolls of a width > 36 cm or in square or ...",0,0,0,0,0,0,0,0,0,0,0,0,,,,,,,,,,,,,,,0,0,0,0,0,0,0,0,0,0,0,0
'480519,"Fluting paper, uncoated, in rolls of a width > 36 cm or in square or rectangular sheets with ...",0,0,0,0,0,0,0,0,0,0,0,0,,,,,,,,,,,,,,,0,396,328,0,154,289,329,294,598,701,453,414
'480525,"Testliner ""recycled liner board"", uncoated, in rolls of a width > 36 cm or in square or rectangular ...",0,0,0,0,0,0,0,0,0,0,0,0,,,,,,,,,,,,,,,0,0,0,0,0,0,0,0,0,0,0,0
'480620,"Greaseproof papers, in rolls of a width > 36 cm or in square or rectangular sheets with one ...",0,0,0,0,0,0,0,0,0,0,0,0,,,,,,,,,,,,,,,0,0,0,0,0,0,0,0,0,0,0,0
'480890,"Paper and paperboard, creped, crinkled, embossed or perforated, in rolls of a width > 36 cm ...",0,0,0,0,0,0,0,0,0,0,0,0,,,,,,,,,,,,,,,0,0,0,0,0,0,0,0,0,0,0,0
'481099,"Paper and paperboard, coated on one or both sides with kaolin ""China clay"" or other inorganic ...",0,0,0,0,0,0,0,0,0,0,0,0,,,,,,,,,,,,,,,0,0,0,0,0,0,0,0,0,0,0,0
'481110,"Tarred, bituminised or asphalted paper and paperboard, in rolls or in square or rectangular ...",0,0,0,0,0,0,0,0,0,0,0,0,,,,,,,,,,,,,,,0,0,0,0,0,0,0,0,0,0,0,0
'481149,"Gummed or adhesive paper and paperboard, surface-coloured, surface-decorated or printed, in ...",0,0,0,0,0,0,0,0,0,0,0,0,,,,,,,,,,,,,,,0,0,0,0,0,0,0,0,0,0,0,0
'481310,Cigarette paper in the form of booklets or tubes,0,0,0,0,0,0,0,0,0,0,0,0,,,,,,,,,,,,,,,0,0,0,0,0,0,0,0,0,0,0,0
'481420,"Wallpaper and similar wallcoverings of paper, consisting of paper coated or covered, on the ...",0,0,0,0,0,0,0,0,0,0,0,0,,,,,,,,,,,,,,,0,0,0,0,0,0,0,0,0,0,0,0
'481620,"Self-copy paper, in rolls of a width of <= 36 cm or in rectangular or square sheets with no ...",0,0,0,0,0,0,0,0,0,0,0,0,,,,,,,,,,,,,,,0,0,0,0,0,0,0,0,0,0,0,0
'490110,"Printed books, brochures and similar printed matter, in single sheets, whether or not folded ...",0,0,0,0,0,0,0,0,0,0,0,0,,,,,,,,,,,,,,,0,18,4,0,27,41,62,137,52,0,39,0
'490520,"Maps and hydrographic or similar charts of all kinds, incl. atlases and topographical plans, ...",0,0,0,0,0,0,0,0,0,0,0,0,,,,,,,,,,,,,,,0,0,0,0,0,0,0,0,0,0,0,0
'490600,"Plans and drawings for architectural, engineering, industrial, commercial, topographical or ...",0,0,0,0,0,0,0,0,0,0,0,0,,,,,,,,,,,,,,,0,0,0,0,0,0,0,0,0,0,0,0
'490900,"Printed or illustrated postcards; printed cards bearing personal greetings, messages or announcements, ...",0,0,0,0,0,0,0,0,0,0,0,0,,,,,,,,,,,,,,,2,3,0,1,0,3,6,1,2,0,0,10
'510539,"Fine animal hair, carded or combed (excl. wool and hair of Kashmir ""cashmere"" goats)",0,0,0,0,0,0,0,0,0,0,0,0,,,,,,,,,,,,,,,0,0,0,0,0,0,0,0,0,0,0,0
'510620,"Carded wool yarn containing predominantly, but < 85% wool by weight (excl. that put up for ...",0,0,0,0,0,0,0,0,0,0,0,0,,,,,,,,,,,,,,,0,0,0,0,0,0,0,0,0,0,0,0
'520291,Garnetted stock of cotton,0,0,0,0,0,0,0,0,0,0,0,0,,,,,,,,,,,,,,,40,0,0,0,0,0,0,0,0,0,0,0
'520300,"Cotton, carded or combed",0,0,0,0,0,0,0,0,0,0,0,0,,,,,,,,,,,,,,,0,0,0,0,0,0,0,0,0,0,0,0
'520411,"Sewing thread, containing >= 85% cotton by weight (excl. that put up for retail sale)",0,0,0,0,0,0,0,0,0,0,0,0,,,,,,,,,,,,,,,0,0,0,0,0,0,0,0,0,0,0,0
'520515,"Single cotton yarn, of uncombed fibres, containing >= 85% cotton by weight and with a linear ...",0,0,0,0,0,0,0,0,0,0,0,0,,,,,,,,,,,,,,,0,0,0,0,0,0,0,0,0,0,0,0
'520613,"Single cotton yarn containing predominantly, but < 85% cotton by weight, of uncombed fibres ...",0,0,0,0,0,0,0,0,0,0,0,0,,,,,,,,,,,,,,,0,0,0,0,0,0,0,0,0,0,0,0
'520642,"Multiple ""folded"" or cabled cotton yarn containing predominantly, but < 85% cotton by weight, ...",0,0,0,0,0,0,0,0,0,0,0,0,,,,,,,,,,,,,,,0,0,0,0,0,0,0,0,0,0,0,0
'520831,"Plain woven fabrics of cotton, containing >= 85% cotton by weight and weighing <= 100 g/m_, ...",0,0,0,0,0,0,0,0,0,0,0,0,,,,,,,,,,,,,,,0,0,0,0,0,0,0,0,0,0,0,0
'521059,"Woven fabrics of cotton, containing predominantly, but < 85% cotton by weight, mixed principally ...",0,0,0,0,0,0,0,0,0,0,0,0,,,,,,,,,,,,,,,0,0,0,0,0,0,0,0,0,0,0,0
'521149,"Woven fabrics of cotton, containing predominantly, but < 85% cotton by weight, mixed principally ...",0,0,0,0,0,0,0,0,0,0,0,0,,,,,,,,,,,,,,,0,0,0,0,0,0,0,0,0,0,0,0
'521151,"Plain woven fabrics of cotton, containing predominantly, but < 85% cotton by weight, mixed ...",0,0,0,0,0,0,0,0,0,0,0,0,,,,,,,,,,,,,,,0,0,0,0,0,0,0,0,0,0,0,0
'521223,"Woven fabrics of cotton, containing predominantly, but < 85% cotton by weight, other than those ...",0,0,0,0,0,0,0,0,0,0,0,0,,,,,,,,,,,,,,,0,0,0,0,0,0,0,0,0,0,0,0
'530129,"Flax, hackled or otherwise processed, but not spun (excl. broken, scutched and retted flax)",0,0,0,0,0,0,0,0,0,0,0,0,,,,,,,,,,,,,,,0,0,0,0,0,0,0,0,0,0,0,0
'530500,"Coconut, abaca ""Manila hemp or Musa textilis Nee"", ramie, agave and other vegetable textile ...",0,0,0,0,0,0,0,0,0,0,0,0,,,,,,,,,,,,,,,0,0,0,0,0,0,0,0,0,0,0,0
'540110,"Sewing thread of synthetic filaments, whether or not put up for retail sale",0,0,0,0,0,0,0,0,0,0,0,0,,,,,,,,,,,,,,,0,0,0,0,0,0,0,0,0,0,0,0
'540219,"High-tenacity filament yarn of nylon or other polyamides (excl. sewing thread, yarn put up ...",0,0,0,0,0,0,0,0,0,0,0,0,,,,,,,,,,,,,,,0,0,0,0,0,0,0,0,0,0,0,0
'540245,"Filament yarn of nylon or other polyamides, incl. monofilament of < 67 decitex, single, untwisted ...",0,0,0,0,0,0,0,0,0,0,0,0,,,,,,,,,,,,,,,0,0,0,0,0,0,0,0,0,0,0,0
'540247,"Filament yarn of polyester, incl. monofilament of < 67 decitex, single, untwisted or with a ...",0,0,0,0,0,0,0,0,0,0,0,0,,,,,,,,,,,,,,,0,0,0,0,0,0,0,0,0,0,0,0
'540259,"Synthetic filament yarn, incl. synthetic monofilament of < 67 decitex, single, with a twist ...",0,0,0,0,0,0,0,0,0,0,0,0,,,,,,,,,,,,,,,0,0,0,0,0,0,0,0,0,0,0,0
'540262,"Multiple ""folded"" or cabled filament yarn of polyester, incl. monofilament of < 67 decitex ...",0,0,0,0,0,0,0,0,0,0,0,0,,,,,,,,,,,,,,,0,0,0,0,0,0,0,0,0,0,0,0
'540419,Synthetic monofilament of >= 67 decitex and with a cross sectional dimension of <= 1 mm (excl. ...,0,0,0,0,0,0,0,0,0,0,0,0,,,,,,,,,,,,,,,0,0,0,0,0,0,0,0,0,0,0,0
'540600,"Man-made filament yarn, put up for retail sale (excl. sewing thread)",0,0,0,0,0,0,0,0,0,0,0,0,,,,,,,,,,,,,,,0,0,0,0,0,0,0,0,0,0,0,0
'540769,Woven fabrics of yarn containing >= 85% by weight of mixtures of textured and non-textured ...,0,0,0,0,0,0,0,0,0,0,0,0,,,,,,,,,,,,,,,0,0,0,0,0,0,0,0,0,0,0,0
'540794,"Woven fabrics of yarn containing predominantly, but < 85% synthetic filament by weight, incl. ...",0,0,0,0,0,0,0,0,0,0,0,0,,,,,,,,,,,,,,,0,0,0,0,0,0,0,0,0,0,0,0
'550311,"Staple fibres of aramids, not carded, combed or otherwise processed for spinning",0,0,0,0,0,0,0,0,0,0,0,0,,,,,,,,,,,,,,,0,0,0,0,0,0,0,0,0,0,0,0
'550610,"Staple fibres of nylon or other polyamides, carded, combed or otherwise processed for spinning",0,0,0,0,0,0,0,0,0,0,0,0,,,,,,,,,,,,,,,0,0,0,0,0,0,0,0,0,0,0,0
'550912,"Multiple ""folded"" or cabled yarn containing >= 85% nylon or other polyamide staple fibres by ...",0,0,0,0,0,0,0,0,0,0,0,0,,,,,,,,,,,,,,,0,0,0,0,0,0,0,0,0,0,0,0
'550941,"Single yarn containing >= 85% synthetic staple fibres by weight (excl. sewing thread, yarn ...",0,0,0,0,0,0,0,0,0,0,0,0,,,,,,,,,,,,,,,0,0,0,0,0,0,0,0,0,0,0,0
'550992,"Yarn containing predominantly, but < 85% synthetic staple fibres by weight, mixed principally ...",0,0,0,0,0,0,0,0,0,0,0,0,,,,,,,,,,,,,,,0,0,0,0,0,0,0,0,0,0,0,0
'551011,"Single yarn, containing >= 85% artificial staple fibres by weight (excl. sewing thread and ...",0,0,0,0,0,0,0,0,0,0,0,0,,,,,,,,,,,,,,,0,0,0,0,0,0,0,0,0,0,0,0
'551291,"Woven fabrics containing >= 85% synthetic staple fibres by weight, unbleached or bleached (excl. ...",0,0,0,0,0,0,0,0,0,0,0,0,,,,,,,,,,,,,,,0,0,0,0,0,0,0,0,0,0,0,0
'551313,"Woven fabrics containing predominantly, but < 85% polyester staple fibres by weight, mixed ...",0,0,0,0,0,0,0,0,0,0,0,0,,,,,,,,,,,,,,,0,0,0,0,0,0,0,0,0,0,0,0
'551323,"Woven fabrics containing predominantly, but < 85% polyester staple fibres by weight, mixed ...",0,0,0,0,0,0,0,0,0,0,0,0,,,,,,,,,,,,,,,0,0,0,0,0,0,0,0,0,0,0,0
'551519,"Woven fabrics containing predominantly, but < 85% polyester staple fibres by weight, other ...",0,0,0,0,0,0,0,0,0,0,0,0,,,,,,,,,,,,,,,0,0,0,0,0,0,0,0,0,0,0,0
'551599,"Woven fabrics containing predominantly, but < 85% synthetic staple fibres, other than those ...",0,0,0,0,0,0,0,0,0,0,0,0,,,,,,,,,,,,,,,0,0,0,0,0,0,0,0,0,0,0,0
'551624,"Woven fabrics containing predominantly, but < 85% artificial staple fibres by weight, mixed ...",0,0,0,0,0,0,0,0,0,0,0,0,,,,,,,,,,,,,,,0,0,0,0,0,0,0,0,0,0,0,0
'560229,"Felt, not impregnated, coated, covered or laminated (excl. that of wool or fine animal hair; ...",0,0,0,0,0,0,0,0,0,0,0,0,,,,,,,,,,,,,,,0,0,0,0,0,0,0,0,0,0,0,0
'560811,Made-up knotted fishing nets of man-made textile materials (excl. landing nets),0,0,0,0,0,0,0,0,0,0,0,0,,,,,,,,,,,,,,,0,0,0,0,0,0,0,0,0,0,0,0
'570190,"Carpets and other textile floor coverings, of textile materials, knotted, whether or not made ...",0,0,0,0,0,0,0,0,0,0,0,0,,,,,,,,,,,,,,,0,0,0,0,0,0,0,0,0,0,0,0
'570231,"Carpets and other floor coverings, of wool or fine animal hair, woven, not tufted or flocked, ...",0,0,0,0,0,0,0,0,0,0,0,0,,,,,,,,,,,,,,,0,0,0,0,0,0,0,0,0,0,0,0
'570292,"Carpets and other floor coverings, of man-made textile materials, woven, not tufted or flocked, ...",0,0,0,0,0,0,0,0,0,0,0,0,,,,,,,,,,,,,,,0,0,0,0,0,0,0,0,0,0,0,0
'570310,"Carpets and other floor coverings, of wool or fine animal hair, tufted ""needle punched"", whether ...",0,0,0,0,0,0,0,0,0,0,0,0,,,,,,,,,,,,,,,0,174,0,0,0,0,22,0,0,0,0,0
'580121,"Uncut weft pile fabrics, of cotton (excl. terry towelling and similar woven terry fabrics, ...",0,0,0,0,0,0,0,0,0,0,0,0,,,,,,,,,,,,,,,0,0,0,0,0,0,0,0,0,0,0,0
'580123,"Cut weft pile fabrics, of cotton (excl. terry towelling and similar woven terry fabrics, tufted ...",0,0,0,0,0,0,0,0,0,0,0,0,,,,,,,,,,,,,,,0,0,0,0,0,0,0,0,0,0,0,0
'580410,"Tulles and other net fabrics (excl. woven, knitted or crocheted fabrics)",0,0,0,0,0,0,0,0,0,0,0,0,,,,,,,,,,,,,,,0,0,0,0,0,0,0,0,0,0,0,0
'580790,"Labels, badges and similar articles, of textile materials, in the piece, in strips or cut to ...",0,0,0,0,0,0,0,0,0,0,0,0,,,,,,,,,,,,,,,0,0,0,0,0,0,0,0,0,0,0,0
'581092,"Embroidery of man-made fibres on a textile fabric base, in the piece, in strips or in motifs ...",0,0,0,0,0,0,0,0,0,0,0,0,,,,,,,,,,,,,,,0,0,0,0,0,0,0,0,0,0,0,0
'590500,Textile wallcoverings,0,0,0,0,0,0,0,0,0,0,0,0,,,,,,,,,,,,,,,0,0,0,0,0,0,0,0,0,0,0,0
'591000,"Transmission or conveyor belts or belting, of textile material, whether or not impregnated, ...",0,0,0,0,0,0,0,0,0,0,0,0,,,,,,,,,,,,,,,60,27,0,18,11,31,46,0,0,60,35,28
'600632,"Dyed fabrics, knitted or crocheted, of synthetic fibres, of a width of > 30 cm (excl. warp ...",0,0,0,0,0,0,0,0,0,0,0,0,,,,,,,,,,,,,,,0,0,0,0,0,0,0,0,0,0,0,0
'610323,"Men's or boys' ensembles of synthetic fibres, knitted or crocheted (excl. ski ensembles and ...",0,0,0,0,0,0,0,0,0,0,0,0,,,,,,,,,,,,,,,0,0,0,0,0,0,0,0,0,0,0,0
'610442,"Women's or girls' dresses of cotton, knitted or crocheted (excl. petticoats)",0,0,0,0,0,0,0,0,0,0,0,0,,,,,,,,,,,,,,,0,0,0,0,4,8,9,14,15,1,0,2
'610444,"Women's or girls' dresses of artificial fibres, knitted or crocheted (excl. petticoats)",0,0,0,0,0,0,0,0,0,0,0,0,,,,,,,,,,,,,,,1,1,0,0,4,2,4,4,7,2,1,2
'610451,"Women's or girls' skirts and divided skirts of wool or fine animal hair, knitted or crocheted ...",0,0,0,0,0,0,0,0,0,0,0,0,,,,,,,,,,,,,,,0,0,0,0,0,0,0,0,0,0,0,0
'610462,"Women's or girls' trousers, bib and brace overalls, breeches and shorts of cotton, knitted ...",0,0,0,0,0,0,0,0,0,0,0,0,,,,,,,,,,,,,,,13,13,12,14,12,6,21,11,12,63,5,19
'610469,"Women's or girls' trousers, bib and brace overalls, breeches and shorts of textile materials, ...",0,0,0,0,0,0,0,0,0,0,0,0,,,,,,,,,,,,,,,2,3,1,0,3,3,6,3,2,4,12,2
'610690,"Women's or girls' blouses, shirts and shirt-blouses of textile materials, knitted or crocheted ...",0,0,0,0,0,0,0,0,0,0,0,0,,,,,,,,,,,,,,,0,0,0,0,0,0,0,0,0,0,0,0
'610711,"Men's or boys' underpants and briefs of cotton, knitted or crocheted",0,0,0,0,0,0,0,0,0,0,0,0,,,,,,,,,,,,,,,146,48,47,18,128,0,164,0,0,0,0,0
'610811,"Women's or girls' slips and petticoats of man-made fibres, knitted or crocheted (excl. T-shirts ...",0,0,0,0,0,0,0,0,0,0,0,0,,,,,,,,,,,,,,,0,0,0,0,0,0,0,0,0,0,0,0
'610822,"Women's or girls' briefs and panties of man-made fibres, knitted or crocheted",0,0,0,0,0,0,0,0,0,0,0,0,,,,,,,,,,,,,,,5,11,1,5,5,0,4,2,1,3,0,8
'610829,"Women's or girls' briefs and panties of textile materials, knitted or crocheted (excl. cotton ...",0,0,0,0,0,0,0,0,0,0,0,0,,,,,,,,,,,,,,,0,0,0,0,0,0,0,0,0,0,0,0
'611020,"Jerseys, pullovers, cardigans, waistcoats and similar articles, of cotton, knitted or crocheted ...",0,0,0,0,0,0,0,0,0,0,0,0,,,,,,,,,,,,,,,74,44,87,50,37,27,27,25,100,159,56,58
'611521,"Pantyhose and tights of synthetic fibres, knitted or crocheted, measuring per single yarn < ...",0,0,0,0,0,0,0,0,0,0,0,0,,,,,,,,,,,,,,,0,0,0,0,0,0,0,0,0,0,0,0
'611530,"Women's full-length or knee-length hosiery, knitted or crocheted, measuring per single yarn ...",0,0,0,0,0,0,0,0,0,0,0,0,,,,,,,,,,,,,,,0,0,0,0,0,0,0,0,0,0,0,0
'611595,"Full-length or knee-length stockings, socks and other hosiery, incl. footwear without applied ...",0,0,0,0,0,0,0,0,0,0,0,0,,,,,,,,,,,,,,,737,767,518,833,1087,845,504,881,458,141,380,244
'620120,"Men's or boys' overcoats, car-coats, capes, cloaks, anoraks, incl. ski jackets, wind-cheaters, ...",0,0,0,0,0,0,0,0,0,0,0,0,,,,,,,,,,,,,,,0,0,0,0,0,0,0,0,0,0,0,0
'620190,"Men's or boys' overcoats, car-coats, capes, cloaks, anoraks, incl. ski jackets, wind-cheaters, ...",0,0,0,0,0,0,0,0,0,0,0,0,,,,,,,,,,,,,,,0,0,0,0,0,0,0,0,0,0,0,0
'620290,"Women's or girls' overcoats, car-coats, capes, cloaks, anoraks, incl. ski jackets, wind-cheaters, ...",0,0,0,0,0,0,0,0,0,0,0,0,,,,,,,,,,,,,,,0,0,0,0,0,0,0,0,0,0,0,0
'620312,"Men's or boys' suits of synthetic fibres (excl. knitted or crocheted, tracksuits, ski suits ...",0,0,0,0,0,0,0,0,0,0,0,0,,,,,,,,,,,,,,,0,0,0,0,0,0,0,0,0,0,0,0
'620423,"Women's or girls' ensembles of synthetic fibres (excl. knitted or crocheted, ski overalls and ...",0,0,0,0,0,0,0,0,0,0,0,0,,,,,,,,,,,,,,,0,0,0,0,0,0,0,0,0,0,0,0
'620452,Women's or girls' skirts and divided skirts of cotton (excl. knitted or crocheted and petticoats),0,0,0,0,0,0,0,0,0,0,0,0,,,,,,,,,,,,,,,7,16,2,11,10,10,8,22,11,7,6,5
'620610,"Women's or girls' blouses, shirts and shirt-blouses of silk or silk waste (excl. knitted or ...",0,0,0,0,0,0,0,0,0,0,0,0,,,,,,,,,,,,,,,0,0,0,0,0,0,0,0,0,0,0,0
'620640,"Women's or girls' blouses, shirts and shirt-blouses of man-made fibres (excl. knitted or crocheted ...",0,0,0,0,0,0,0,0,0,0,0,0,,,,,,,,,,,,,,,23,15,10,8,24,13,11,12,6,5,11,21
'620892,"Women's or girls' singlets and other vests, briefs, panties, négligés, bathrobes, dressing ...",0,0,0,0,0,0,0,0,0,0,0,0,,,,,,,,,,,,,,,0,2,0,1,0,0,0,0,0,0,0,0
'621010,"Garments made up of felt or nonwovens, whether or not impregnated, coated, covered or laminated ...",0,0,0,0,0,0,0,0,0,0,0,0,,,,,,,,,,,,,,,0,0,0,0,0,0,0,0,0,0,0,0
'621030,"Garments of the type described in heading 6202, rubberised or impregnated, coated, covered ...",0,0,0,0,0,0,0,0,0,0,0,0,,,,,,,,,,,,,,,0,9,0,0,0,0,0,0,0,0,0,0
'621111,Men's or boys' swimwear (excl. knitted or crocheted),0,0,0,0,0,0,0,0,0,0,0,0,,,,,,,,,,,,,,,0,0,0,0,0,0,7,0,2,0,0,0
'621133,"Men's or boys' tracksuits and other garments, n.e.s. of man-made fibres (excl. knitted or ...",0,0,0,0,0,0,0,0,0,0,0,0,,,,,,,,,,,,,,,0,2,0,0,0,0,0,0,0,0,0,0
'621220,"Girdles and panty girdles of all types of textile materials, whether or not elasticated, incl. ...",0,0,0,0,0,0,0,0,0,0,0,0,,,,,,,,,,,,,,,0,0,0,0,0,0,0,10,0,0,0,0
'621420,"Shawls, scarves, mufflers, mantillas, veils and similar articles of wool or fine animal hair ...",0,0,0,0,0,0,0,0,0,0,0,0,,,,,,,,,,,,,,,0,0,0,0,0,0,0,0,0,0,0,0
'630229,"Printed bedlinen of textile materials (excl. cotton and man-made fibres, knitted or crocheted)",0,0,0,0,0,0,0,0,0,0,0,0,,,,,,,,,,,,,,,0,0,0,0,0,0,0,0,0,0,0,0
'630260,"Toilet linen and kitchen linen, of terry towelling or similar terry fabrics of cotton (excl. ...",0,0,0,0,0,0,0,0,0,0,0,0,,,,,,,,,,,,,,,2,0,0,17,3,1,0,1,3,1,0,1
'630392,"Curtains, incl. drapes, and interior blinds, curtain or bed valances of synthetic fibres (excl. ...",0,0,0,0,0,0,0,0,0,0,0,0,,,,,,,,,,,,,,,15,15,15,36,28,82,35,33,17,11,19,8
'630499,"Articles for interior furnishing, of textile materials (excl. of cotton or synthetic fibres, ...",0,0,0,0,0,0,0,0,0,0,0,0,,,,,,,,,,,,,,,0,0,0,0,0,0,0,0,0,0,0,0
'630629,"Tents of textile materials (excl. of synthetic fibres, and umbrella and play tents)",0,0,0,0,0,0,0,0,0,0,0,0,,,,,,,,,,,,,,,0,0,0,0,0,0,0,0,0,0,0,0
'630630,"Sails for boats, sailboards or landcraft, of textile materials",0,0,0,0,0,0,0,0,0,0,0,0,,,,,,,,,,,,,,,0,0,0,0,0,0,0,0,0,0,0,0
'640340,"Footwear, incorporating a protective metal toecap, with outer soles of rubber, plastics, leather ...",0,0,0,0,0,0,0,0,0,0,0,0,,,,,,,,,,,,,,,0,0,0,0,0,0,0,0,0,0,0,0
'650400,"Hats and other headgear, plaited or made by assembling strips of any material, whether or not ...",0,0,0,0,0,0,0,0,0,0,0,0,,,,,,,,,,,,,,,0,0,0,0,0,0,0,0,0,0,0,0
'650691,"Bathing caps, hoods and other headgear, whether or not lined or trimmed, of rubber or plastics ...",0,0,0,0,0,0,0,0,0,0,0,0,,,,,,,,,,,,,,,0,0,0,0,0,0,0,0,0,0,0,0
'660199,"Umbrellas and sun umbrellas, incl. walking-stick umbrellas (excl. umbrellas having a telescopic ...",0,0,0,0,0,0,0,0,0,0,0,0,,,,,,,,,,,,,,,0,0,0,0,0,0,0,0,0,0,0,0
'660200,"Walking sticks, seat-sticks, whips, riding-crops and the like (excl. measure walking sticks, ...",0,0,0,0,0,0,0,0,0,0,0,0,,,,,,,,,,,,,,,0,0,0,0,0,0,0,0,0,0,0,0
'670300,"Human hair, dressed, thinned, bleached or otherwise worked; wool, other animal hair or other ...",0,0,0,0,0,0,0,0,0,0,0,0,,,,,,,,,,,,,,,0,0,0,0,0,0,0,0,0,0,0,0
'670411,Complete wigs of synthetic textile materials,0,0,0,0,0,0,0,0,0,0,0,0,,,,,,,,,,,,,,,0,0,0,0,0,0,0,0,0,0,0,0
'680221,"Marble, travertine and alabaster articles thereof, simply cut or sawn, with a flat or even ...",0,0,0,0,0,0,0,0,0,0,0,0,,,,,,,,,,,,,,,0,0,0,0,0,0,0,0,0,0,0,0
'680293,"Granite, in any form, polished, decorated or otherwise worked (excl. tiles, cubes and similar ...",0,0,0,0,0,0,0,0,0,0,0,0,,,,,,,,,,,,,,,0,0,0,0,0,0,0,0,0,0,0,0
'680430,Hand sharpening or polishing stones,0,0,0,0,0,0,0,0,0,0,0,0,,,,,,,,,,,,,,,0,0,0,0,0,0,0,0,0,0,0,0
'680510,"Natural or artificial abrasive powder or grain, on a base of woven textile fabric only, whether ...",0,0,0,0,0,0,0,0,0,0,0,0,,,,,,,,,,,,,,,69,64,109,72,46,47,21,0,62,0,0,44
'681011,"Building blocks and bricks of cement, concrete or artificial stone, whether or not reinforced",0,0,0,0,0,0,0,0,0,0,0,0,,,,,,,,,,,,,,,342,553,412,466,391,472,250,395,160,330,447,405
'681091,"Prefabricated structural components for building or civil engineering of cement, concrete or ...",0,0,0,0,0,0,0,0,0,0,0,0,,,,,,,,,,,,,,,0,0,0,0,0,0,0,0,0,0,0,0
'681189,"Articles of cellulose fibre-cement or the like, not containing asbestos (excl. corrugated and ...",0,0,0,0,0,0,0,0,0,0,0,0,,,,,,,,,,,,,,,0,0,0,0,0,0,0,0,0,0,0,0
'681511,Carbon fibres,0,0,0,0,0,0,0,0,0,0,0,0,,,,,,,,,,,,,,,0,0,0,0,0,0,0,0,0,0,0,0
'690100,"Bricks, blocks, tiles and other ceramic goods of siliceous fossil meals, e.g. kieselguhr, tripolite ...",0,0,0,0,0,0,0,0,0,0,0,0,,,,,,,,,,,,,,,0,0,0,0,0,0,0,0,0,0,0,0
'690220,"Refractory bricks, blocks, tiles and similar refractory ceramic constructional goods containing, ...",0,0,0,0,0,0,0,0,0,0,0,0,,,,,,,,,,,,,,,0,137,0,0,0,0,48,0,0,0,0,0
'690990,"Ceramic troughs, tubs and similar receptacles of a kind used in agriculture; ceramic pots, ...",0,0,0,0,0,0,0,0,0,0,0,0,,,,,,,,,,,,,,,0,0,0,0,0,0,0,0,0,0,0,0
'691010,"Ceramic sinks, washbasins, washbasin pedestals, baths, bidets, water closet pans, flushing ...",0,0,0,0,0,0,0,0,0,0,0,0,,,,,,,,,,,,,,,0,213,0,0,173,0,0,133,0,0,0,129
'691090,"Ceramic sinks, washbasins, washbasin pedestals, baths, bidets, water closet pans, flushing ...",0,0,0,0,0,0,0,0,0,0,0,0,,,,,,,,,,,,,,,0,0,0,0,0,0,0,0,0,0,0,12
'691110,"Tableware and kitchenware, of porcelain or china (excl. ornamental articles, pots, jars, carboys ...",0,0,0,0,0,0,0,0,0,0,0,0,,,,,,,,,,,,,,,0,0,0,0,3,0,0,0,0,4,0,2
'700800,Multiple-walled insulating units of glass,0,0,0,0,0,0,0,0,0,0,0,0,,,,,,,,,,,,,,,0,0,0,0,0,0,0,0,0,0,0,0
'701020,"Stoppers, lids and other closures, of glass",0,0,0,0,0,0,0,0,0,0,0,0,,,,,,,,,,,,,,,0,0,0,0,0,0,0,0,0,0,0,0
'701090,"Carboys, bottles, flasks, jars, pots, phials and other containers, of glass, of a kind used ...",0,0,0,0,0,0,0,0,0,0,0,0,,,,,,,,,,,,,,,671,1416,1086,1799,1018,692,859,925,1419,280,665,671
'701341,"Glassware of lead crystal, of a kind used for table or kitchen purposes (excl. articles of ...",0,0,0,0,0,0,0,0,0,0,0,0,,,,,,,,,,,,,,,0,0,0,0,0,0,0,0,0,0,0,0
'701590,"Clock or watch glasses and similar glasses, glasses for non-corrective spectacles, curved, ...",0,0,0,0,0,0,0,0,0,0,0,0,,,,,,,,,,,,,,,0,0,0,0,0,0,0,0,0,0,0,0
'701962,"Closed fabrics of rovings of glass fibres, mechanically bonded (excl. woven)",0,0,0,0,0,0,0,0,0,0,0,0,,,,,,,,,,,,,,,0,0,0,0,0,0,0,0,0,0,0,0
'702000,"Articles of glass, n.e.s.",0,0,0,0,0,0,0,0,0,0,0,0,,,,,,,,,,,,,,,0,0,17,2,0,0,0,3,0,0,0,0
'710310,"Precious stones and semi-precious stones, unworked or simply sawn or roughly shaped, whether ...",0,0,0,0,0,0,0,0,0,0,0,0,,,,,,,,,,,,,,,0,0,113,0,0,0,0,0,0,28,0,0
'710399,"Precious and semi-precious stones, worked, whether or not graded, but not strung, mounted or ...",0,0,0,0,0,0,0,0,0,0,0,0,,,,,,,,,,,,,,,0,0,0,0,0,0,0,0,0,0,0,0
'711019,"Platinum, in semi-manufactured forms",0,0,0,0,0,0,0,0,0,0,0,0,,,,,,,,,,,,,,,0,0,0,0,0,0,0,0,0,0,0,0
'711790,"Imitation jewellery (excl. jewellery, of base metal, whether or not clad with silver, gold ...",0,0,0,0,0,0,0,0,0,0,0,0,,,,,,,,,,,,,,,0,2,3,8,6,4,7,2,1,2,0,15
'720219,"Ferro-manganese, containing by weight <= 2% carbon",0,0,0,0,0,0,0,0,0,0,0,0,,,,,,,,,,,,,,,0,0,0,0,0,0,0,0,0,0,0,0
'720221,"Ferro-silicon, containing by weight > 55% of silicon",0,0,0,0,0,0,0,0,0,0,0,0,,,,,,,,,,,,,,,0,0,0,0,0,0,0,0,0,0,0,0
'720230,Ferro-silico-manganese,0,0,0,0,0,0,0,0,0,0,0,0,,,,,,,,,,,,,,,0,0,0,0,0,0,0,0,0,0,0,0
'720292,Ferro-vanadium,0,0,0,0,0,0,0,0,0,0,0,0,,,,,,,,,,,,,,,0,0,0,0,0,0,0,0,0,0,0,0
'720421,"Waste and scrap of stainless steel (excl. radioactive, and waste and scrap of batteries and ...",0,0,0,0,0,0,0,0,0,0,0,0,,,,,,,,,,,,,,,0,0,0,0,0,0,449,238,276,0,486,833
'720690,"Iron and non-alloy steel, in puddled bars or other primary forms (excl. ingots, remelted scrap ...",0,0,0,0,0,0,0,0,0,0,0,0,,,,,,,,,,,,,,,0,0,0,0,0,0,0,0,0,0,0,0
'720712,"Semi-finished products of iron or non-alloy steel containing, by weight, < 0,25% of carbon, ...",0,0,0,0,0,0,0,0,0,0,0,0,,,,,,,,,,,,,,,0,0,0,0,0,0,0,0,0,0,0,0
'720839,"Flat-rolled products of iron or non-alloy steel, of a width of >= 600 mm, in coils, simply ...",0,0,0,0,0,0,0,0,0,0,0,0,,,,,,,,,,,,,,,0,0,0,0,0,0,0,0,0,0,0,0
'720926,"Flat-rolled products of iron or non-alloy steel, of a width of >= 600 mm, not in coils, simply ...",0,0,0,0,0,0,0,0,0,0,0,0,,,,,,,,,,,,,,,0,0,0,0,0,0,0,0,0,0,0,0
'721030,"Flat-rolled products of iron or non-alloy steel, of a width of >= 600 mm, hot-rolled or cold-rolled ...",0,0,0,0,0,0,0,0,0,0,0,0,,,,,,,,,,,,,,,0,0,0,0,0,0,0,0,0,0,0,0
'721041,"Flat-rolled products of iron or non-alloy steel, of a width of >= 600 mm, hot-rolled or cold-rolled ...",0,0,0,0,0,0,0,0,0,0,0,0,,,,,,,,,,,,,,,0,0,0,0,0,0,0,0,0,0,0,0
'721114,"Flat-rolled products of iron or non-alloy steel, of a width < 600 mm, not further worked than ...",0,0,0,0,0,0,0,0,0,0,0,0,,,,,,,,,,,,,,,0,0,0,0,0,0,0,0,0,0,0,0
'721190,"Flat-rolled products of iron or non-alloy steel, of a width of < 600 mm, hot-rolled or cold-rolled ...",0,0,0,0,0,0,0,0,0,0,0,0,,,,,,,,,,,,,,,0,0,0,0,0,0,0,0,0,0,0,0
'721310,"Bars and rods, hot-rolled, in irregularly wound coils of iron or non-alloy steel, with indentations, ...",0,0,0,0,0,0,0,0,0,0,0,0,,,,,,,,,,,,,,,804,0,452,0,0,0,0,0,0,0,0,0
'721550,"Bars and rods, of iron or non-alloy steel, not further worked than cold-formed or cold-finished ...",0,0,0,0,0,0,0,0,0,0,0,0,,,,,,,,,,,,,,,0,0,0,0,0,0,0,0,0,0,0,0
'721610,"U, I or H sections of iron or non-alloy steel, not further worked than hot-rolled, hot-drawn ...",0,0,0,0,0,0,0,0,0,0,0,0,,,,,,,,,,,,,,,0,0,0,0,0,0,0,0,0,0,0,0
'721632,"I sections of iron or non-alloy steel, not further worked than hot-rolled, hot-drawn or hot-extruded, ...",0,0,0,0,0,0,0,0,0,0,0,0,,,,,,,,,,,,,,,0,0,0,0,0,0,0,0,0,0,0,0
'722550,"Flat-rolled products of alloy steel other than stainless, of a width of >= 600 mm, not further ...",0,0,0,0,0,0,0,0,0,0,0,0,,,,,,,,,,,,,,,0,0,0,0,0,0,0,0,0,0,0,0
'722790,"Bars and rods of alloy steel other than stainless, hot-rolled, in irregularly wound coils (excl. ...",0,0,0,0,0,0,0,0,0,0,0,0,,,,,,,,,,,,,,,0,0,0,0,0,0,0,0,0,0,0,0
'722820,"Bars and rods of silico-manganese steel (excl. semi-finished products, flat-rolled products ...",0,0,0,0,0,0,0,0,0,0,0,0,,,,,,,,,,,,,,,0,0,0,0,0,0,0,0,0,0,0,0
'722880,"Hollow drill bars and rods, of alloy or non-alloy steel",0,0,0,0,0,0,0,0,0,0,0,0,,,,,,,,,,,,,,,0,0,0,0,0,0,0,0,0,0,0,0
'722920,"Wire of silico-manganese steel, in coils (excl. bars and rods)",0,0,0,0,0,0,0,0,0,0,0,0,,,,,,,,,,,,,,,0,0,0,0,0,0,0,0,0,0,0,0
'730230,"Switch blades, crossing frogs, point rods and other crossing pieces, for railway or tramway ...",0,0,0,0,0,0,0,0,0,0,0,0,,,,,,,,,,,,,,,0,0,0,0,0,0,0,0,0,0,0,0
'730429,"Casing and tubing, seamless, of iron or steel, of a kind used in drilling for oil or gas (excl. ...",0,0,0,0,0,0,0,0,0,0,0,0,,,,,,,,,,,,,,,0,0,0,0,0,0,0,0,0,0,0,0
'730431,"Tubes, pipes and hollow profiles, seamless, of circular cross-section, of iron or non-alloy ...",0,0,0,0,0,0,0,0,0,0,0,0,,,,,,,,,,,,,,,1772,1223,1489,1008,1063,1637,1472,1056,1892,1298,1175,1344
'730590,"Tubes and pipes having circular cross-sections and an external diameter of > 406,4 mm, of flat-rolled ...",0,0,0,0,0,0,0,0,0,0,0,0,,,,,,,,,,,,,,,0,0,0,0,0,0,0,0,0,0,0,0
'730791,Flanges of iron or steel (excl. cast or stainless products),0,0,0,0,0,0,0,0,0,0,0,0,,,,,,,,,,,,,,,28,6,26,49,18,11,102,18,2,10,13,10
'731100,"Containers of iron or steel, for compressed or liquefied gas (excl. containers specifically ...",0,0,0,0,0,0,0,0,0,0,0,0,,,,,,,,,,,,,,,939,611,398,475,115,306,307,278,157,413,299,971
'731419,"Woven cloth, incl. endless bands, of iron or steel wire (excl. stainless and woven products ...",0,0,0,0,0,0,0,0,0,0,0,0,,,,,,,,,,,,,,,0,0,0,0,0,0,0,0,0,0,0,0
'731442,"Grill, netting and fencing, of iron or steel wire, not welded at the intersection, coated with ...",0,0,0,0,0,0,0,0,0,0,0,0,,,,,,,,,,,,,,,0,0,0,0,0,0,0,0,0,0,0,0
'731590,"Parts of skid chain, stud-link chain and other chains of heading 7315 (excl. articulated link ...",0,0,0,0,0,0,0,0,0,0,0,0,,,,,,,,,,,,,,,0,0,0,2,0,2,0,0,16,0,0,1
'731822,Washers of iron or steel (excl. spring washers and other lock washers),0,0,0,0,0,0,0,0,0,0,0,0,,,,,,,,,,,,,,,63,34,27,119,37,62,33,33,32,23,30,94
'731824,"Cotters and cotter pins, of iron or steel",0,0,0,0,0,0,0,0,0,0,0,0,,,,,,,,,,,,,,,10,10,6,60,4,13,5,10,4,24,13,16
'732020,"Helical springs, of iron or steel (excl. flat spiral springs, clock and watch springs, springs ...",0,0,0,0,0,0,0,0,0,0,0,0,,,,,,,,,,,,,,,248,190,210,336,205,142,159,221,113,247,126,283
'732090,"Springs and leaves for springs, of iron or steel, incl. flat spiral springs (excl. helical ...",0,0,0,0,0,0,0,0,0,0,0,0,,,,,,,,,,,,,,,8,25,7,15,40,13,18,15,6,1,12,13
'732119,"Appliances for baking, frying, grilling and cooking and plate warmers, for domestic use, of ...",0,0,0,0,0,0,0,0,0,0,0,0,,,,,,,,,,,,,,,180,98,127,101,142,117,182,19,94,81,69,94
'732310,"Iron or steel wool; pot scourers and scouring or polishing pads, gloves and the like, of iron ...",0,0,0,0,0,0,0,0,0,0,0,0,,,,,,,,,,,,,,,22,44,28,0,5,15,17,31,0,0,0,0
'732410,"Sinks and washbasins, of stainless steel",0,0,0,0,0,0,0,0,0,0,0,0,,,,,,,,,,,,,,,0,0,0,0,0,0,0,0,0,0,0,0
'740311,"Copper, refined, in the form of cathodes and sections of cathodes",0,0,0,0,0,0,0,0,0,0,0,0,,,,,,,,,,,,,,,0,0,0,0,0,0,0,0,0,0,0,0
'741510,"Nails, tacks, drawing pins, staples and similar articles, of copper or with shafts of iron ...",0,0,0,0,0,0,0,0,0,0,0,0,,,,,,,,,,,,,,,0,0,0,0,0,0,0,0,0,0,0,0
'750210,"Nickel, not alloyed, unwrought",0,0,0,0,0,0,0,0,0,0,0,0,,,,,,,,,,,,,,,0,0,0,0,0,0,0,0,0,0,0,0
'750610,"Plates, sheets, strip and foil, of non-alloy nickel (excl. expanded plates, sheets or strip)",0,0,0,0,0,0,0,0,0,0,0,0,,,,,,,,,,,,,,,0,0,0,0,0,0,0,0,0,0,0,0
'760310,"Powders of aluminium, of non-lamellar structure (excl. pellets of aluminium)",0,0,0,0,0,0,0,0,0,0,0,0,,,,,,,,,,,,,,,0,0,0,0,0,0,0,0,0,0,0,0
'760320,"Powders of aluminium, of lamellar structure, and flakes of aluminium (excl. pellets of aluminium, ...",0,0,0,0,0,0,0,0,0,0,0,0,,,,,,,,,,,,,,,0,0,0,0,0,0,0,0,0,0,0,0
'760719,"Aluminium foil, not backed, rolled and further worked, of a thickness of <= 2 mm (excl. stamping ...",0,0,0,0,0,0,0,0,0,0,0,0,,,,,,,,,,,,,,,0,0,0,0,0,0,0,18,0,0,0,0
'761699,"Articles of aluminium, n.e.s.",0,0,0,0,0,0,0,0,0,0,0,0,,,,,,,,,,,,,,,5284,5723,5368,6715,4547,3868,4198,3762,2753,2670,4041,4892
'780600,"Articles of lead, n.e.s.",0,0,0,0,0,0,0,0,0,0,0,0,,,,,,,,,,,,,,,0,0,0,0,0,0,0,0,0,0,0,0
'800120,Unwrought tin alloys,0,0,0,0,0,0,0,0,0,0,0,0,,,,,,,,,,,,,,,0,0,0,0,0,0,0,0,0,0,0,0
'810294,"Unwrought molybdenum, incl. bars and rods obtained simply by sintering",0,0,0,0,0,0,0,0,0,0,0,0,,,,,,,,,,,,,,,0,0,0,0,0,0,0,0,0,0,0,0
'810296,Molybdenum wire,0,0,0,0,0,0,0,0,0,0,0,0,,,,,,,,,,,,,,,0,0,0,0,0,0,0,0,0,0,0,0
'810430,"Magnesium raspings, turnings and granules, graded according to size; magnesium powders",0,0,0,0,0,0,0,0,0,0,0,0,,,,,,,,,,,,,,,0,0,0,0,0,0,0,0,0,0,0,0
'810590,"Articles of cobalt, n.e.s.",0,0,0,0,0,0,0,0,0,0,0,0,,,,,,,,,,,,,,,0,0,0,0,0,0,0,0,0,0,0,0
'811219,"Articles of beryllium, n.e.s.",0,0,0,0,0,0,0,0,0,0,0,0,,,,,,,,,,,,,,,0,0,0,0,0,0,0,0,0,0,0,0
'811300,"Cermets and articles thereof, n.e.s.; waste and scrap of cermets (excl. ash and residues containing ...",0,0,0,0,0,0,0,0,0,0,0,0,,,,,,,,,,,,,,,0,0,19,0,0,0,0,0,0,0,0,19
'820130,"Mattocks, picks, hoes and rakes, with working parts of base metal (excl. ice axes)",0,0,0,0,0,0,0,0,0,0,0,0,,,,,,,,,,,,,,,0,0,0,0,0,0,0,0,0,0,0,0
'820510,"Hand-operated drilling, threading or tapping hand tools",0,0,0,0,0,0,0,0,0,0,0,0,,,,,,,,,,,,,,,0,1,0,0,1,4,0,0,0,0,0,4
'820790,"Interchangeable tools for hand tools, whether or not power-operated, or for machine tools, ...",0,0,0,0,0,0,0,0,0,0,0,0,,,,,,,,,,,,,,,21,21,36,60,48,25,28,15,16,102,48,75
'821599,"Spoons, forks, ladles, skimmers, cake-servers, fish-knives, butter-knives, sugar tongs and ...",0,0,0,0,0,0,0,0,0,0,0,0,,,,,,,,,,,,,,,0,0,21,11,0,0,2,1,12,4,0,3
'830120,"Locks used for motor vehicles, of base metal",0,0,0,0,0,0,0,0,0,0,0,0,,,,,,,,,,,,,,,8,2,3,41,13,8,6,10,47,0,3,3
'830150,"Clasps and frames with clasps, incorporating locks, of base metal",0,0,0,0,0,0,0,0,0,0,0,0,,,,,,,,,,,,,,,0,0,0,0,0,0,0,0,0,0,0,0
'830241,Base metal mountings and fittings suitable for buildings (excl. locks with keys and hinges),0,0,0,0,0,0,0,0,0,0,0,0,,,,,,,,,,,,,,,54,188,38,42,64,28,32,84,32,46,40,92
'830629,"Statuettes and other ornaments, of base metal, not plated with precious metal (excl. works ...",0,0,0,0,0,0,0,0,0,0,0,0,,,,,,,,,,,,,,,0,4,0,0,6,0,3,0,64,1,0,0
'830630,"Photograph, picture or similar frames, of base metal; mirrors of base metal (excl. optical ...",0,0,0,0,0,0,0,0,0,0,0,0,,,,,,,,,,,,,,,0,0,0,0,0,0,0,0,0,0,0,0
'831000,"Sign-plates, nameplates, address-plates and similar plates, numbers, letters and other symbols, ...",0,0,0,0,0,0,0,0,0,0,0,0,,,,,,,,,,,,,,,135,6,201,160,98,65,162,105,66,0,37,55
'840390,"Parts of central heating boilers, n.e.s.",0,0,0,0,0,0,0,0,0,0,0,0,,,,,,,,,,,,,,,0,0,0,0,0,0,0,0,0,0,0,0
'840820,"Compression-ignition internal combustion piston engine ""diesel or semi-diesel engine"", for ...",0,0,0,0,0,0,0,0,0,0,0,0,,,,,,,,,,,,,,,0,23329,0,25500,22823,0,20075,0,13913,0,0,0
'841181,Gas turbines of a power <= 5.000 kW (excl. turbojets and turbopropellers),0,0,0,0,0,0,0,0,0,0,0,0,,,,,,,,,,,,,,,0,0,0,0,0,0,0,0,0,0,0,0
'841199,"Parts of gas turbines, n.e.s.",0,0,0,0,0,0,0,0,0,0,0,0,,,,,,,,,,,,,,,0,0,0,0,224,0,0,296,0,0,0,0
'841370,"Centrifugal pumps, power-driven (excl. those of subheading 8413.11 and 8413.19, fuel, lubricating ...",0,0,0,0,0,0,0,0,0,0,0,0,,,,,,,,,,,,,,,2220,746,1144,3148,1024,859,979,478,142,1659,610,1094
'841480,"Air pumps, air or other gas compressors and ventilating or recycling hoods incorporating a ...",0,0,0,0,0,0,0,0,0,0,0,0,,,,,,,,,,,,,,,32,774,21,1308,372,990,1259,37,8,14,43,38
'841780,"Industrial or laboratory furnaces and ovens, non-electric, incl. incinerators (excl. those ...",0,0,0,0,0,0,0,0,0,0,0,0,,,,,,,,,,,,,,,0,0,0,0,0,0,0,0,195,0,0,0
'841829,"Household refrigerators, absorption-type",0,0,0,0,0,0,0,0,0,0,0,0,,,,,,,,,,,,,,,0,0,0,0,0,0,0,0,0,0,0,0
'841830,"Freezers of the chest type, of a capacity <= 800 l",0,0,0,0,0,0,0,0,0,0,0,0,,,,,,,,,,,,,,,0,0,0,0,0,0,91,61,0,0,0,0
'841850,"Furniture ""chests, cabinets, display counters, show-cases and the like"" for storage and display, ...",0,0,0,0,0,0,0,0,0,0,0,0,,,,,,,,,,,,,,,708,982,373,823,1391,2246,506,464,957,0,838,623
'841911,Instantaneous gas water heaters (excl. boilers or water heaters for central heating),0,0,0,0,0,0,0,0,0,0,0,0,,,,,,,,,,,,,,,0,0,0,0,0,0,0,0,0,0,0,0
'841933,"Lyophilisation apparatus, freeze drying units and spray dryers",0,0,0,0,0,0,0,0,0,0,0,0,,,,,,,,,,,,,,,0,0,0,0,0,0,0,0,0,0,0,0
'841935,"Dryers, for wood, paper pulp, paper or paperboard (excl. lyophilisation apparatus, freeze drying ...",0,0,0,0,0,0,0,0,0,0,0,0,,,,,,,,,,,,,,,0,0,0,0,0,0,0,0,0,0,0,0
'841989,"Machinery, plant or laboratory equipment, whether or not electrically heated, for the treatment ...",0,0,0,0,0,0,0,0,0,0,0,0,,,,,,,,,,,,,,,1663,1242,1143,556,4348,160,1378,492,1625,1798,1005,1197
'842122,Machinery and apparatus for filtering or purifying beverages (excl.water),0,0,0,0,0,0,0,0,0,0,0,0,,,,,,,,,,,,,,,0,0,0,0,0,0,0,0,0,0,0,0
'842810,Lifts and skip hoists,0,0,0,0,0,0,0,0,0,0,0,0,,,,,,,,,,,,,,,0,0,0,0,0,0,0,0,0,0,0,583
'842860,"Teleferics, chairlifts, ski-draglines; traction mechanisms for funiculars",0,0,0,0,0,0,0,0,0,0,0,0,,,,,,,,,,,,,,,0,0,0,0,0,0,0,0,0,0,0,0
'842940,Self-propelled tamping machines and roadrollers,0,0,0,0,0,0,0,0,0,0,0,0,,,,,,,,,,,,,,,0,0,0,0,0,0,0,0,0,0,0,0
'842951,Self-propelled front-end shovel loaders,0,0,0,0,0,0,0,0,0,0,0,0,,,,,,,,,,,,,,,0,0,0,0,0,0,0,0,0,0,0,0
'843049,"Boring or sinking machinery for boring earth or extracting minerals or ores, not self-propelled ...",0,0,0,0,0,0,0,0,0,0,0,0,,,,,,,,,,,,,,,0,0,0,0,0,0,0,0,0,0,0,0
'843149,"Parts of machinery of heading 8426, 8429 and 8430, n.e.s.",0,0,0,0,0,0,0,0,0,0,0,0,,,,,,,,,,,,,,,703,537,315,456,355,768,629,724,147,196,438,346
'843353,Root or tuber harvesting machines,0,0,0,0,0,0,0,0,0,0,0,0,,,,,,,,,,,,,,,0,0,0,0,0,0,0,0,0,0,0,0
'843359,"Harvesting machinery for agricultural produce (excl. mowers, haymaking machinery, straw and ...",0,0,0,0,0,0,0,0,0,0,0,0,,,,,,,,,,,,,,,515,1286,948,1414,0,177,171,362,497,125,174,331
'843360,"Machines for cleaning, sorting or grading eggs, fruit or other agricultural produce (excl. ...",0,0,0,0,0,0,0,0,0,0,0,0,,,,,,,,,,,,,,,0,0,0,0,0,0,0,0,286,0,0,0
'843699,"Parts of agricultural, horticultural, forestry or bee-keeping machinery, n.e.s.",0,0,0,0,0,0,0,0,0,0,0,0,,,,,,,,,,,,,,,110,108,144,49,41,32,0,595,56,238,44,68
'843710,"Machines for cleaning, sorting or grading seed, grain or dried leguminous vegetables",0,0,0,0,0,0,0,0,0,0,0,0,,,,,,,,,,,,,,,0,0,109,488,0,0,0,0,97,0,128,0
'843780,Machinery used in the milling industry or for the working of cereals or dried leguminous vegetables ...,0,0,0,0,0,0,0,0,0,0,0,0,,,,,,,,,,,,,,,0,0,0,0,73,0,0,50,0,0,0,0
'843810,"Bakery machinery and machinery for the industrial preparation or manufacture of macaroni, spaghetti ...",0,0,0,0,0,0,0,0,0,0,0,0,,,,,,,,,,,,,,,116,347,579,414,355,156,289,345,484,432,108,331
'844120,"Machines for making bags, sacks or envelopes out of paper pulp, paper or paperboard (excl. ...",0,0,0,0,0,0,0,0,0,0,0,0,,,,,,,,,,,,,,,0,0,0,0,0,0,0,0,0,0,0,0
'844240,"Parts of machinery, apparatus and equipment for preparing or making printing plates, cylinders ...",0,0,0,0,0,0,0,0,0,0,0,0,,,,,,,,,,,,,,,0,0,0,0,0,0,0,0,0,0,0,0
'844712,"Circular knitting machines, with cylinder diameter > 165 mm",0,0,0,0,0,0,0,0,0,0,0,0,,,,,,,,,,,,,,,0,0,0,0,0,0,0,0,0,0,0,0
'844790,"Machines for making gimped yarn, tulle, lace, embroidery, trimmings, braid or net and machines ...",0,0,0,0,0,0,0,0,0,0,0,0,,,,,,,,,,,,,,,0,0,0,0,0,0,0,0,0,0,0,0
'844833,"Spindles, spindle flyers, spinning rings and ring travellers, for machines of heading 8445",0,0,0,0,0,0,0,0,0,0,0,0,,,,,,,,,,,,,,,0,0,0,0,0,0,0,0,0,0,0,0
'844859,"Parts and accessories of machines of heading 8447, n.e.s.",0,0,0,0,0,0,0,0,0,0,0,0,,,,,,,,,,,,,,,0,0,0,0,0,0,0,0,0,0,0,0
'845011,"Fully-automatic household or laundry-type washing machines, of a dry linen capacity <= 6 kg",0,0,0,0,0,0,0,0,0,0,0,0,,,,,,,,,,,,,,,0,0,0,0,0,0,0,0,0,0,0,0
'845190,"Parts of machines for washing, cleaning, wringing, drying, ironing, pressing, bleaching, dyeing, ...",0,0,0,0,0,0,0,0,0,0,0,0,,,,,,,,,,,,,,,0,0,0,0,0,0,0,0,0,0,0,0
'845320,"Machinery for making or repairing footwear of hides, skins or leather (excl. sewing machines)",0,0,0,0,0,0,0,0,0,0,0,0,,,,,,,,,,,,,,,0,0,0,0,0,0,0,0,0,0,0,0
'845490,"Parts of converters, ladles, ingot moulds and casting machines of a kind used in metallurgy ...",0,0,0,0,0,0,0,0,0,0,0,0,,,,,,,,,,,,,,,0,0,0,0,0,0,0,0,0,0,0,0
'845521,Hot or combination hot and cold metal-rolling mills (excl. tubes mills),0,0,0,0,0,0,0,0,0,0,0,0,,,,,,,,,,,,,,,0,0,0,0,0,0,0,0,0,0,0,0
'845891,"Lathes, incl. turning centres, for removing metal, numerically controlled (excl. horizontal ...",0,0,0,0,0,0,0,0,0,0,0,0,,,,,,,,,,,,,,,0,0,0,0,0,0,0,0,0,0,0,0
'845910,"Way-type unit head machines for drilling, boring, milling, threading or tapping metal",0,0,0,0,0,0,0,0,0,0,0,0,,,,,,,,,,,,,,,0,0,0,0,0,0,0,0,0,0,0,0
'845929,"Drilling machines for working metal, not numerically controlled (excl. way-type unit head machines ...",0,0,0,0,0,0,0,0,0,0,0,0,,,,,,,,,,,,,,,0,0,0,0,0,0,0,0,0,0,0,0
'845931,"Boring-milling machines for metals, numerically controlled (excl. way-type unit head machines)",0,0,0,0,0,0,0,0,0,0,0,0,,,,,,,,,,,,,,,0,0,0,0,0,0,0,0,0,0,0,0
'846039,"Sharpening ""tool or cutter grinding"" machines, not numerically controlled",0,0,0,0,0,0,0,0,0,0,0,0,,,,,,,,,,,,,,,0,0,0,0,0,0,0,0,0,0,0,0
'846269,"Cold metal working presses (excl. hydraulic, mechanical and servo-presses)",0,0,0,0,0,0,0,0,0,0,0,0,,,,,,,,,,,,,,,0,0,0,0,0,0,0,0,0,0,0,0
'846510,"Machines for working wood, cork, bone, hard rubber, hard plastics or similar hard materials, ...",0,0,0,0,0,0,0,0,0,0,0,0,,,,,,,,,,,,,,,0,0,0,0,0,0,0,0,0,0,0,0
'846719,"Pneumatic tools for working in the hand, non-rotary type",0,0,0,0,0,0,0,0,0,0,0,0,,,,,,,,,,,,,,,22,31,0,48,0,0,9,41,60,0,19,26
'846799,"Parts of pneumatic tools for working in the hand, hydraulic or with self-contained electric ...",0,0,0,0,0,0,0,0,0,0,0,0,,,,,,,,,,,,,,,0,0,9,0,5,0,2,5,2,1,22,3
'847029,"Electronic calculating machines not incorporating a printing device, with mains connection ...",0,0,0,0,0,0,0,0,0,0,0,0,,,,,,,,,,,,,,,0,0,0,0,0,0,0,0,0,0,0,0
'847190,"Magnetic or optical readers, machines for transcribing data onto data media in coded form and ...",0,0,0,0,0,0,0,0,0,0,0,0,,,,,,,,,,,,,,,8,28,0,0,19,0,88,27,20,0,3,80
'847321,"Parts and accessories of electronic calculating machines of subheading 8470.10, 8470.21 or ...",0,0,0,0,0,0,0,0,0,0,0,0,,,,,,,,,,,,,,,0,0,0,0,0,0,0,0,0,0,0,0
'847689,"Automatic goods-vending machines, without heating or refrigerating devices; money changing ...",0,0,0,0,0,0,0,0,0,0,0,0,,,,,,,,,,,,,,,0,0,0,0,0,0,0,0,0,0,0,0
'847920,Machinery for the extraction or preparation of animal or fixed vegetable or microbial fats ...,0,0,0,0,0,0,0,0,0,0,0,0,,,,,,,,,,,,,,,0,0,0,0,0,0,0,0,0,0,0,0
'847940,Rope or cable-making machines (excl. twisting machines of the type used in spinning mills),0,0,0,0,0,0,0,0,0,0,0,0,,,,,,,,,,,,,,,0,0,0,0,0,0,0,0,0,0,0,0
'847981,"Machinery for treating metal, incl. electric wire coil-winders, n.e.s. (excl. industrial robots, ...",0,0,0,0,0,0,0,0,0,0,0,0,,,,,,,,,,,,,,,0,0,0,0,0,0,0,0,0,0,0,0
'848340,"Gears and gearing for machinery (excl. toothed wheels, chain sprockets and other transmission ...",0,0,0,0,0,0,0,0,0,0,0,0,,,,,,,,,,,,,,,343,576,573,714,590,443,349,374,577,379,436,373
'848490,"Sets or assortments of gaskets and similar joints, dissimilar in composition, put up in pouches, ...",0,0,0,0,0,0,0,0,0,0,0,0,,,,,,,,,,,,,,,406,438,514,347,573,348,310,220,348,184,329,276
'850180,Photovoltaic AC generators,0,0,0,0,0,0,0,0,0,0,0,0,,,,,,,,,,,,,,,0,0,0,0,0,0,0,0,0,0,0,0
'850431,Transformers having a power handling capacity <= 1 kVA (excl. liquid dielectric transformers),0,0,0,0,0,0,0,0,0,0,0,0,,,,,,,,,,,,,,,6,10,3,16,332,8,34,5,47,38,2,30
'850433,Transformers having a power handling capacity > 16 kVA but <= 500 kVA (excl. liquid dielectric ...,0,0,0,0,0,0,0,0,0,0,0,0,,,,,,,,,,,,,,,0,0,0,0,0,0,0,0,36,0,0,0
'850450,Inductors (excl. inductors for discharge lamps or tubes),0,0,0,0,0,0,0,0,0,0,0,0,,,,,,,,,,,,,,,22,16,3,10,0,38,15,2,0,45,29,7
'850710,"Lead-acid accumulators of a kind used for starting piston engine ""starter batteries"" (excl. ...",0,0,0,0,0,0,0,0,0,0,0,0,,,,,,,,,,,,,,,0,0,0,0,0,0,0,0,0,0,40,0
'850720,Lead acid accumulators (excl. spent and starter batteries),0,0,0,0,0,0,0,0,0,0,0,0,,,,,,,,,,,,,,,0,0,0,0,0,14,0,17,4,0,0,0
'850870,"Parts of vacuum cleaners, dry cleaners and wet vacuum cleaners, n.e.s.",0,0,0,0,0,0,0,0,0,0,0,0,,,,,,,,,,,,,,,0,0,0,0,0,0,0,0,1,0,0,0
'851180,"Electrical ignition or starting equipment, incl. cut-outs, of a kind used for spark-ignition ...",0,0,0,0,0,0,0,0,0,0,0,0,,,,,,,,,,,,,,,18,19,80,26,20,94,30,35,21,62,0,49
'851230,Electrical sound signalling equipment for cycles or motor vehicles,0,0,0,0,0,0,0,0,0,0,0,0,,,,,,,,,,,,,,,0,0,0,1,0,0,0,0,0,7,0,0
'851411,Hot isostatic presses,0,0,0,0,0,0,0,0,0,0,0,0,,,,,,,,,,,,,,,0,0,0,0,0,0,0,0,0,0,0,0
'851420,Furnaces and ovens functioning by induction or dielectric loss,0,0,0,0,0,0,0,0,0,0,0,0,,,,,,,,,,,,,,,0,0,0,0,0,0,0,0,0,0,0,0
'851511,"Soldering irons and guns, electric",0,0,0,0,0,0,0,0,0,0,0,0,,,,,,,,,,,,,,,0,0,0,0,0,0,0,0,0,0,0,0
'851680,Electric heating resistors (excl. those of agglomerated coal and graphite),0,0,0,0,0,0,0,0,0,0,0,0,,,,,,,,,,,,,,,60,44,78,81,62,56,49,43,44,34,61,84
'851762,"Machines for the reception, conversion and transmission or regeneration of voice, images or ...",0,0,0,0,0,0,0,0,0,0,0,0,,,,,,,,,,,,,,,418,717,1570,1335,1343,516,1571,494,888,3443,497,352
'851822,"Multiple loudspeakers, mounted in the same enclosure",0,0,0,0,0,0,0,0,0,0,0,0,,,,,,,,,,,,,,,0,0,0,0,0,0,0,0,0,0,0,0
'852190,"Video recording or reproducing apparatus, whether or not incorporating a video tuner (excl. ...",0,0,0,0,0,0,0,0,0,0,0,0,,,,,,,,,,,,,,,0,0,0,0,0,0,0,0,0,0,0,0
'852560,"Transmission apparatus for radio-broadcasting or television, incorporating reception apparatus",0,0,0,0,0,0,0,0,0,0,0,0,,,,,,,,,,,,,,,0,0,0,0,0,0,0,0,0,0,0,0
'852581,"High-speed television cameras, digital cameras and video camera recorders specified in subheading ...",0,0,0,0,0,0,0,0,0,0,0,0,,,,,,,,,,,,,,,0,0,0,0,0,0,0,0,0,0,0,0
'852692,Radio remote control apparatus,0,0,0,0,0,0,0,0,0,0,0,0,,,,,,,,,,,,,,,6,0,5,13,25,0,19,5,4,2,6,2
'060110,"Bulbs, tubers, tuberous roots, corms, crowns and rhizomes, dormant (excl. those used for human ...",0,0,0,0,0,0,0,0,0,0,0,0,,,,,,,,,,,,,,,0,0,0,0,0,0,0,0,0,0,0,0
'060120,"Bulbs, tubers, tuberous roots, corms, crowns and rhizomes, in growth or in flower; chicory ...",0,0,0,0,0,0,0,0,0,0,0,0,,,,,,,,,,,,,,,0,0,0,0,0,0,0,0,0,0,0,0
'060290,"Live plants, incl. their roots, and mushroom spawn (excl. bulbs, tubers, tuberous roots, corms, ...",0,0,0,0,0,0,0,0,0,0,0,0,,,,,,,,,,,,,,,0,816,1261,774,0,0,548,247,0,0,0,0
'060314,"Fresh cut chrysanthemums and buds, of a kind suitable for bouquets or for ornamental purposes",0,0,0,0,0,0,0,0,0,0,0,0,,,,,,,,,,,,,,,0,0,0,0,0,0,0,0,0,0,0,0
'070110,Seed potatoes,0,0,0,0,0,0,0,0,0,0,0,0,,,,,,,,,,,,,,,0,0,0,0,0,0,0,0,0,0,0,0
'070690,"Fresh or chilled salad beetroot, salsify, celeriac, radishes and similar edible roots (excl. ...",0,0,0,0,0,0,0,0,0,0,0,0,,,,,,,,,,,,,,,0,0,0,0,0,0,0,0,0,0,0,6
'070920,Fresh or chilled asparagus,0,0,0,0,0,0,0,0,0,0,0,0,,,,,,,,,,,,,,,0,0,0,0,0,0,0,0,0,0,0,0
'071339,"Dried, shelled beans ""Vigna and Phaseolus"", whether or not skinned or split (excl. beans of ...",0,0,0,0,0,0,0,0,0,0,0,0,,,,,,,,,,,,,,,0,0,0,0,0,209,0,0,0,0,0,0
'071420,"Sweet potatoes, fresh, chilled, frozen or dried, whether or not sliced or in the form of pellets",0,0,0,0,0,0,0,0,0,0,0,0,,,,,,,,,,,,,,,0,194,552,151,0,0,0,0,0,0,0,0
'080122,"Fresh or dried brazil nuts, shelled",0,0,0,0,0,0,0,0,0,0,0,0,,,,,,,,,,,,,,,0,0,0,0,0,0,0,0,0,0,0,0
'080232,"Fresh or dried walnuts, shelled",0,0,0,0,0,0,0,0,0,0,0,0,,,,,,,,,,,,,,,143,828,828,940,735,1009,589,383,0,0,0,124
'080521,Fresh or dried mandarins incl. tangerines and satsumas (excl. clementines),0,0,0,0,0,0,0,0,0,0,0,0,,,,,,,,,,,,,,,210,306,607,498,137,219,267,263,0,0,0,0
'080540,Fresh or dried grapefruit and pomelos,0,0,0,0,0,0,0,0,0,0,0,0,,,,,,,,,,,,,,,0,13,30,19,25,17,8,0,0,0,0,0
'080719,Fresh melons (excl. watermelons),0,0,0,0,0,0,0,0,0,0,0,0,,,,,,,,,,,,,,,0,0,0,0,0,0,0,0,0,0,0,0
'080830,Fresh pears,0,0,0,0,0,0,0,0,0,0,0,0,,,,,,,,,,,,,,,37063,39165,27827,17336,14615,16669,13153,9991,5145,19924,41648,45203
'081070,Fresh persimmons,0,0,0,0,0,0,0,0,0,0,0,0,,,,,,,,,,,,,,,0,0,0,0,0,0,0,0,0,0,0,0
'081190,"Frozen fruit and nuts, uncooked or cooked by steaming or boiling in water, whether or not sweetened ...",0,0,0,0,0,0,0,0,0,0,0,0,,,,,,,,,,,,,,,141,0,80,0,160,0,585,2052,1156,906,484,676
'090210,Green tea in immediate packings of <= 3 kg,0,0,0,0,0,0,0,0,0,0,0,0,,,,,,,,,,,,,,,5,0,17,0,0,9,11,0,0,10,0,0
'090422,"Fruits of the genus Capsicum or of the genus Pimenta, crushed or ground",0,0,0,0,0,0,0,0,0,0,0,0,,,,,,,,,,,,,,,4,15,43,8,44,6,36,5,16,24,15,8
'090510,"Vanilla, neither crushed nor ground",0,0,0,0,0,0,0,0,0,0,0,0,,,,,,,,,,,,,,,0,0,0,0,0,0,0,0,0,0,0,0
'090932,"Cumin seeds, crushed or ground",0,0,0,0,0,0,0,0,0,0,0,0,,,,,,,,,,,,,,,0,1,0,0,0,0,0,0,1,0,0,0
'091012,"Ginger, crushed or ground",0,0,0,0,0,0,0,0,0,0,0,0,,,,,,,,,,,,,,,0,0,0,0,0,0,0,0,0,0,0,0
'100610,"Rice in the husk, ""paddy"" or rough",0,0,0,0,0,0,0,0,0,0,0,0,,,,,,,,,,,,,,,0,0,0,0,5560,0,0,0,0,0,0,0
'100630,"Semi-milled or wholly milled rice, whether or not polished or glazed",0,0,0,0,0,0,0,0,0,0,0,0,,,,,,,,,,,,,,,11517,12595,15106,9765,12840,10164,21657,9216,6387,7365,15054,8639
'100710,"Grain sorghum, for sowing",0,0,0,0,0,0,0,0,0,0,0,0,,,,,,,,,,,,,,,0,0,121,356,305,959,1367,506,358,632,0,92
'100790,Grain sorghum (excl. for sowing),0,0,0,0,0,0,0,0,0,0,0,0,,,,,,,,,,,,,,,0,0,71411,74873,50878,0,0,15080,31289,0,0,0
'100850,"Quinoa ""Chenopodium quinoa""",0,0,0,0,0,0,0,0,0,0,0,0,,,,,,,,,,,,,,,0,0,0,0,0,0,0,0,0,0,0,0
'110220,"Maize ""corn"" flour",0,0,0,0,0,0,0,0,0,0,0,0,,,,,,,,,,,,,,,148,121,169,164,0,0,106,21,73,176,206,205
'110610,"Flour, meal and powder of peas, beans, lentils and the other dried leguminous vegetables of ...",0,0,0,0,0,0,0,0,0,0,0,0,,,,,,,,,,,,,,,0,0,121,104,180,131,125,0,195,0,0,158
'110811,Wheat starch,0,0,0,0,0,0,0,0,0,0,0,0,,,,,,,,,,,,,,,0,0,0,0,0,0,0,0,0,0,0,0
'120590,"High erucic rape or colza seeds ""yielding a fixed oil which has an erucic acid content of >= ...",0,0,0,0,0,0,0,0,0,0,0,0,,,,,,,,,,,,,,,0,0,0,0,0,0,0,0,0,0,0,1726
'120721,Cotton seeds for sowing,0,0,0,0,0,0,0,0,0,0,0,0,,,,,,,,,,,,,,,0,0,0,0,0,0,0,0,0,0,0,0
'120799,"Oil seeds and oleaginous fruits, whether or not broken (excl. edible nuts, olives, soya beans, ...",0,0,0,0,0,0,0,0,0,0,0,0,,,,,,,,,,,,,,,305,306,241,216,404,1375,2013,1714,1333,905,640,558
'120929,"Seeds of forage plants for sowing (excl. of cereals and of sugar beet, alfalfa, clover ""Trifolium ...",0,0,0,0,0,0,0,0,0,0,0,0,,,,,,,,,,,,,,,555,804,890,641,1693,2257,2883,330,848,613,978,1232
'120930,"Seeds of herbaceous plants cultivated mainly for flowers, for sowing",0,0,0,0,0,0,0,0,0,0,0,0,,,,,,,,,,,,,,,0,0,0,0,0,0,0,0,0,0,0,0
'130232,"Mucilages and thickeners, derived from locust beans, locust bean seeds or guar seeds, whether ...",0,0,0,0,0,0,0,0,0,0,0,0,,,,,,,,,,,,,,,0,0,0,0,0,0,0,0,0,0,0,0
'140190,"Reeds, rushes, osier, raffia, cleaned, bleached or dyed cereal straw, lime bark and other vegetable ...",0,0,0,0,0,0,0,0,0,0,0,0,,,,,,,,,,,,,,,0,0,0,0,0,0,0,0,0,0,0,0
'150930,"Virgin olive oil ""EU cat. 2"" obtained from the fruit of the olive tree solely by mechanical ...",0,0,0,0,0,0,0,0,0,0,0,0,,,,,,,,,,,,,,,0,1447,2211,562,0,675,1092,0,200,496,967,0
'151090,"Other oils and their fractions ""EU cat. 7 and 8"", obtained solely from olives, whether or not ...",0,0,0,0,0,0,0,0,0,0,0,0,,,,,,,,,,,,,,,0,0,0,0,0,0,0,0,0,0,0,0
'151319,"Coconut oil and its fractions, whether or not refined, but not chemically modified (excl. crude)",0,0,0,0,0,0,0,0,0,0,0,0,,,,,,,,,,,,,,,0,0,0,0,0,0,0,0,0,0,0,0
'152200,Degras; residues resulting from the treatment of fatty substances or animal or vegetable waxes,0,0,0,0,0,0,0,0,0,0,0,0,,,,,,,,,,,,,,,0,0,0,0,0,0,0,0,0,0,0,0
'160413,"Prepared or preserved sardines, sardinella and brisling or sprats, whole or in pieces (excl. ...",0,0,0,0,0,0,0,0,0,0,0,0,,,,,,,,,,,,,,,0,0,0,0,0,0,0,0,0,0,0,0
'160415,"Prepared or preserved mackerel, whole or in pieces (excl. minced)",0,0,0,0,0,0,0,0,0,0,0,0,,,,,,,,,,,,,,,0,0,0,0,0,0,0,0,0,0,0,0
'170113,"Raw cane sugar, in solid form, not containing added flavouring or colouring matter, obtained ...",0,0,0,0,0,0,0,0,0,0,0,0,,,,,,,,,,,,,,,0,0,0,0,0,0,0,0,0,0,0,0
'170250,Chemically pure fructose in solid form,0,0,0,0,0,0,0,0,0,0,0,0,,,,,,,,,,,,,,,0,0,0,0,0,0,0,0,0,0,0,0
'180100,"Cocoa beans, whole or broken, raw or roasted",0,0,0,0,0,0,0,0,0,0,0,0,,,,,,,,,,,,,,,0,0,0,0,0,0,0,0,0,0,0,0
'180632,"Chocolate and other preparations containing cocoa, in blocks, slabs or bars of <= 2 kg (excl. ...",0,0,0,0,0,0,0,0,0,0,0,0,,,,,,,,,,,,,,,1430,1187,1890,1335,1015,1030,1315,650,797,617,628,1960
'190490,"Cereals (excl. maize [corn]) in grain or flake form or other worked grains, pre-cooked or otherwise ...",0,0,0,0,0,0,0,0,0,0,0,0,,,,,,,,,,,,,,,0,0,24,0,0,0,0,0,0,0,0,0
'200210,"Tomatoes, whole or in pieces, prepared or preserved otherwise than by vinegar or acetic acid",0,0,0,0,0,0,0,0,0,0,0,0,,,,,,,,,,,,,,,0,296,419,0,460,388,441,463,701,257,0,453
'200540,"Peas ""Pisum Sativum"", prepared or preserved otherwise than by vinegar or acetic acid (excl. ...",0,0,0,0,0,0,0,0,0,0,0,0,,,,,,,,,,,,,,,13,66,39,0,0,52,0,16,0,0,69,86
'200559,"Unshelled beans ""Vigna spp., Phaseolus spp."", prepared or preserved otherwise than by vinegar ...",0,0,0,0,0,0,0,0,0,0,0,0,,,,,,,,,,,,,,,0,0,0,0,0,0,0,0,0,0,0,0
'200799,"Jams, jellies, marmalades, purées or pastes of fruit, obtained by cooking, whether or not containing ...",0,0,0,0,0,0,0,0,0,0,0,0,,,,,,,,,,,,,,,2120,2585,2621,3823,3318,3765,3215,2416,3217,2396,2598,2904
'200811,"Groundnuts, prepared or preserved (excl. preserved with sugar)",0,0,0,0,0,0,0,0,0,0,0,0,,,,,,,,,,,,,,,12813,11691,10975,10570,11531,15142,14871,12629,12649,9487,7902,10918
'200860,"Cherries, prepared or preserved, whether or not containing added sugar or other sweetening ...",0,0,0,0,0,0,0,0,0,0,0,0,,,,,,,,,,,,,,,0,0,0,0,0,0,0,0,0,0,0,0
'200880,"Strawberries, prepared or preserved, whether or not containing added sugar or other sweetening ...",0,0,0,0,0,0,0,0,0,0,0,0,,,,,,,,,,,,,,,165,0,0,14,0,87,0,75,87,61,27,0
'200921,"Grapefruit juice, unfermented, Brix value <= 20 at 20°C, whether or not containing added sugar ...",0,0,0,0,0,0,0,0,0,0,0,0,,,,,,,,,,,,,,,0,0,0,0,0,0,0,0,0,0,0,0
'200979,"Apple juice, unfermented, Brix value > 20 at 20°C, whether or not containing added sugar or ...",0,0,0,0,0,0,0,0,0,0,0,0,,,,,,,,,,,,,,,1135,1810,2057,2895,2144,12101,1222,949,1763,2131,1710,1170
'210111,"Extracts, essences and concentrates, of coffee",0,0,0,0,0,0,0,0,0,0,0,0,,,,,,,,,,,,,,,0,86,0,78,76,60,70,0,125,49,30,132
'210330,"Mustard flour and meal, whether or not prepared, and mustard",0,0,0,0,0,0,0,0,0,0,0,0,,,,,,,,,,,,,,,102,107,147,128,114,115,0,127,123,75,77,0
'210420,"Food preparations consisting of finely homogenised mixtures of two or more basic ingredients, ...",0,0,0,0,0,0,0,0,0,0,0,0,,,,,,,,,,,,,,,0,0,0,0,0,0,0,0,0,0,0,0
'210500,"Ice cream and other edible ice, whether or not containing cocoa",0,0,0,0,0,0,0,0,0,0,0,0,,,,,,,,,,,,,,,504,833,1112,2090,1981,1723,2943,2614,1250,1560,2275,1623
'210610,Protein concentrates and textured protein substances,0,0,0,0,0,0,0,0,0,0,0,0,,,,,,,,,,,,,,,2455,2724,2691,2157,2545,2984,2515,2120,2614,2611,2231,2389
'220291,Non-alcoholic beer <= 0.5% vol alc,0,0,0,0,0,0,0,0,0,0,0,0,,,,,,,,,,,,,,,0,0,0,0,0,0,0,0,0,0,0,0
'220429,"Wine of fresh grapes, incl. fortified wines, and grape must whose fermentation has been arrested ...",0,0,0,0,0,0,0,0,0,0,0,0,,,,,,,,,,,,,,,2852,3622,3117,3076,4312,4276,2439,5198,2676,2328,4866,3968
'220590,"Vermouth and other wine of fresh grapes, flavoured with plants or aromatic substances, in containers ...",0,0,0,0,0,0,0,0,0,0,0,0,,,,,,,,,,,,,,,0,0,0,0,0,0,0,0,0,0,0,0
'220830,Whiskies,0,0,0,0,0,0,0,0,0,0,0,0,,,,,,,,,,,,,,,0,0,0,0,0,0,0,0,0,0,0,0
'220860,Vodka,0,0,0,0,0,0,0,0,0,0,0,0,,,,,,,,,,,,,,,0,0,0,40,0,110,63,0,0,58,0,46
'010614,Live rabbits and hares,0,0,0,0,0,0,0,0,0,0,0,0,,,,,,,,,,,,,,,0,0,0,0,0,0,0,0,0,0,0,0
'010641,Live bees,0,0,0,0,0,0,0,0,0,0,0,0,,,,,,,,,,,,,,,67,0,0,0,0,0,0,0,0,0,0,130
'020230,"Frozen, boneless meat of bovine animals",0,0,0,0,0,0,0,272,552,0,0,0,,,,,,,,,,,,,,,147608,160640,203055,213334,230640,238716,225794,210049,181074,191486,181103,230418
'020319,"Fresh or chilled meat of swine (excl. carcases and half-carcases, and hams, shoulders and cuts ...",0,0,0,0,0,0,0,0,0,0,0,0,,,,,,,,,,,,,,,0,0,0,0,0,0,0,0,0,0,0,0
'020321,Frozen carcases and half-carcases of swine,0,0,0,0,0,0,0,0,0,0,0,0,,,,,,,,,,,,,,,0,0,0,0,0,0,0,0,0,0,0,0
'020621,Frozen edible bovine tongues,0,0,0,0,0,0,0,0,0,0,0,0,,,,,,,,,,,,,,,1460,1656,4328,1621,1900,4383,3818,2269,2187,1656,1714,3067
'020629,Frozen edible bovine offal (excl. tongues and livers),0,0,0,0,0,0,0,308,286,0,0,0,,,,,,,,,,,,,,,6787,7735,7980,10293,10058,13717,12809,11453,12053,12055,8652,13260
'020680,"Fresh or chilled edible offal of sheep, goats, horses, asses, mules and hinnies",0,0,0,0,0,0,0,0,0,0,0,0,,,,,,,,,,,,,,,36,57,45,50,38,0,0,0,0,0,0,0
'020727,Frozen cuts and edible offal of turkeys of the species domesticus,0,0,0,0,0,0,0,0,0,0,0,0,,,,,,,,,,,,,,,0,0,0,0,0,0,0,0,0,0,0,0
'021011,"Hams, shoulders and cuts thereof of swine, salted, in brine, dried or smoked, with bone in",0,0,0,0,0,0,0,0,0,0,0,0,,,,,,,,,,,,,,,0,0,0,0,0,0,0,0,0,0,0,0
'030214,"Fresh or chilled Atlantic salmon ""Salmo salar"" and Danube salmon ""Hucho hucho""",0,0,0,0,0,0,0,0,0,0,0,0,,,,,,,,,,,,,,,0,0,0,0,0,0,0,0,0,0,0,0
'030389,"Frozen fish, n.e.s.",0,0,0,0,0,0,0,0,0,0,0,0,,,,,,,,,,,,,,,5196,4771,6262,12861,11288,8974,10127,7075,4203,2405,3135,3890
'030399,"Frozen fish fins, heads, tails, maws and other edible fish offal (excl. livers, roes, milt ...",0,0,0,0,0,0,0,0,0,0,0,0,,,,,,,,,,,,,,,329,24,0,0,193,14,0,190,135,0,48,0
'030481,"Frozen fillets of Pacific salmon ""Oncorhynchus nerka, Oncorhynchus gorbuscha, Oncorhynchus ...",0,0,0,0,0,0,0,0,0,0,0,0,,,,,,,,,,,,,,,0,0,0,0,0,0,0,0,0,0,0,0
'030539,"Fish fillets, dried, salted or in brine, but not smoked (excl. tilapia, catfish, carp, eels, ...",0,0,0,0,0,0,0,0,0,0,0,0,,,,,,,,,,,,,,,0,0,0,0,0,0,0,0,0,0,0,0
'030563,"Anchovies ""Engraulis spp."", salted or in brine only (excl. fillets and offal)",0,0,0,0,0,0,0,0,0,0,0,0,,,,,,,,,,,,,,,614,547,296,349,0,0,192,0,0,1746,1218,816
'030890,"Live, fresh, chilled, frozen, dried, salted or in brine, even smoked, aquatic invertebrates ...",0,0,0,0,0,0,0,0,0,0,0,0,,,,,,,,,,,,,,,0,0,0,0,0,0,0,0,0,0,0,0
'040110,"Milk and cream of a fat content by weight of <= 1%, not concentrated nor containing added sugar ...",0,0,0,0,0,0,0,0,0,0,0,0,,,,,,,,,,,,,,,65,0,79,0,97,78,0,91,0,150,66,124
'040221,"Milk and cream in solid forms, of a fat content by weight of > 1,5%, unsweetened",0,0,0,0,0,0,0,0,0,0,0,0,,,,,,,,,,,,,,,27607,35946,38810,39360,50922,74232,82265,45296,85811,44187,43704,48669
'520512,"Single cotton yarn, of uncombed fibres, containing >= 85% cotton by weight and with a linear ...",0,0,0,0,0,0,0,0,0,0,0,0,,,,,,,,,,,,,,,287,0,144,307,529,700,1196,1027,1098,1179,1136,1785
'520821,"Plain woven fabrics of cotton, containing >= 85% cotton by weight and weighing <= 200 g/m_, ...",0,0,0,0,0,0,0,0,0,0,0,0,,,,,,,,,,,,,,,0,0,0,0,0,0,0,0,0,0,0,0
'520833,"Woven fabrics of cotton, containing >= 85% cotton by weight and weighing <= 200 g/m_, in three-thread ...",0,0,0,0,0,0,0,0,0,0,0,0,,,,,,,,,,,,,,,0,0,0,0,0,0,0,0,0,0,0,0
'520841,"Plain woven fabrics of cotton, containing >= 85% cotton by weight and weighing <= 100 g/m_, ...",0,0,0,0,0,0,0,0,0,0,0,0,,,,,,,,,,,,,,,0,0,0,0,0,0,0,0,0,0,0,0
'520939,"Woven fabrics of cotton, containing >= 85% cotton by weight and weighing > 200 g/m_, dyed (excl. ...",0,0,0,0,0,0,0,0,0,0,0,0,,,,,,,,,,,,,,,0,0,0,0,0,0,0,0,0,0,0,0
'520951,"Plain woven fabrics of cotton, containing >= 85% cotton by weight and weighing > 200 g/m_, ...",0,0,0,0,0,0,0,0,0,0,0,0,,,,,,,,,,,,,,,0,0,0,0,0,0,0,0,0,0,0,0
'521019,"Woven fabrics of cotton, containing predominantly, but < 85% cotton by weight, mixed principally ...",0,0,0,0,0,0,0,0,0,0,0,0,,,,,,,,,,,,,,,0,0,0,0,0,0,0,0,0,0,0,0
'521029,"Woven fabrics of cotton, containing predominantly, but < 85% cotton by weight, mixed principally ...",0,0,0,0,0,0,0,0,0,0,0,0,,,,,,,,,,,,,,,0,0,0,0,0,0,0,0,0,0,0,0
'521041,"Plain woven fabrics of cotton, containing predominantly, but < 85% cotton by weight, mixed ...",0,0,0,0,0,0,0,0,0,0,0,0,,,,,,,,,,,,,,,0,0,0,0,0,0,0,0,0,0,0,0
'521131,"Plain woven fabrics of cotton, containing predominantly, but < 85% cotton by weight, mixed ...",0,0,0,0,0,0,0,0,0,0,0,0,,,,,,,,,,,,,,,0,0,0,0,0,0,0,0,0,0,0,0
'521214,"Woven fabrics of cotton, containing predominantly, but < 85% cotton by weight, other than those ...",0,0,0,0,0,0,0,0,0,0,0,0,,,,,,,,,,,,,,,0,0,0,0,0,0,0,0,0,0,0,0
'521225,"Woven fabrics of cotton, containing predominantly, but < 85% cotton by weight, other than those ...",0,0,0,0,0,0,0,0,0,0,0,0,,,,,,,,,,,,,,,0,0,0,0,0,0,0,0,0,0,0,0
'530290,"True hemp ""Cannabis sativa L."", processed but not spun; tow and waste of hemp, incl. yarn waste ...",0,0,0,0,0,0,0,0,0,0,0,0,,,,,,,,,,,,,,,0,0,0,0,0,0,0,0,0,0,0,0
'530929,"Woven fabrics of flax, containing predominantly, but < 85% flax by weight, dyed, made of yarn ...",0,0,0,0,0,0,0,0,0,0,0,0,,,,,,,,,,,,,,,0,0,0,0,0,0,0,0,0,0,0,0
'540249,"Synthetic filament yarn, incl. synthetic monofilament of < 67 decitex, single, untwisted or ...",0,0,0,0,0,0,0,0,0,0,0,0,,,,,,,,,,,,,,,0,0,0,0,0,0,0,0,0,0,0,0
'540252,"Filament yarn of polyester, incl. monofilament of < 67 decitex, single, with a twist of > 50 ...",0,0,0,0,0,0,0,0,0,0,0,0,,,,,,,,,,,,,,,0,0,0,0,0,0,0,0,0,0,0,0
'540263,"Multiple ""folded"" or cabled filament yarn of polypropylene, incl. monofilament of < 67 decitex ...",0,0,0,0,0,0,0,0,0,0,0,0,,,,,,,,,,,,,,,0,0,0,0,0,0,0,0,0,0,0,0
'540500,Artificial monofilament of >= 67 decitex and with a cross sectional dimension of <= 1 mm; strip ...,0,0,0,0,0,0,0,0,0,0,0,0,,,,,,,,,,,,,,,0,0,0,0,0,0,0,0,0,0,0,0
'540710,"Woven fabrics of high-tenacity yarn, nylon, other polyamides or polyesters, incl. monofilament ...",0,0,0,0,0,0,0,0,0,0,0,0,,,,,,,,,,,,,,,0,0,0,0,0,0,0,0,0,0,0,0
'540741,"Woven fabrics of yarn containing >= 85% by weight of filaments of nylon or other polyamides, ...",0,0,0,0,0,0,0,0,0,0,0,0,,,,,,,,,,,,,,,0,0,0,0,0,0,0,0,0,0,0,0
'540744,Woven fabrics of yarn containing >= 85% by weight of filaments of nylon or other polyamides ...,0,0,0,0,0,0,0,0,0,0,0,0,,,,,,,,,,,,,,,0,0,0,0,0,0,0,0,0,0,0,0
'540754,"Woven fabrics of yarn containing >= 85% by weight of textured polyester filaments, incl. monofilament ...",0,0,0,0,0,0,0,0,0,0,0,0,,,,,,,,,,,,,,,0,0,0,0,0,0,0,0,0,0,0,0
'540821,"Woven fabrics of yarn containing >= 85% artificial filament by weight, incl. monofilament of ...",0,0,0,0,0,0,0,0,0,0,0,0,,,,,,,,,,,,,,,0,0,0,0,0,0,0,0,0,0,0,0
'540832,"Woven fabrics of yarn containing predominantly, but < 85% artificial filament by weight, incl. ...",0,0,0,0,0,0,0,0,0,0,0,0,,,,,,,,,,,,,,,0,0,0,0,0,0,0,0,0,0,0,0
'550320,"Staple fibres of polyesters, not carded, combed or otherwise processed for spinning",0,0,0,0,0,0,0,0,0,0,0,0,,,,,,,,,,,,,,,0,0,0,0,0,0,0,0,0,0,0,0
'550340,"Staple fibres of polypropylene, not carded, combed or otherwise processed for spinning",0,0,0,0,0,0,0,0,0,0,0,0,,,,,,,,,,,,,,,0,0,0,0,0,0,0,0,0,0,0,0
'550931,Single yarn containing >= 85% acrylic or modacrylic staple fibres by weight (excl. sewing thread ...,0,0,0,0,0,0,0,0,0,0,0,0,,,,,,,,,,,,,,,0,0,0,0,0,0,0,0,0,0,0,0
'550959,"Yarn containing predominantly, but < 85% polyester staple fibres by weight, other than that ...",0,0,0,0,0,0,0,0,0,0,0,0,,,,,,,,,,,,,,,0,0,0,0,0,0,0,0,0,0,0,0
'551110,"Yarn containing >= 85% synthetic staple fibres by weight, put up for retail sale (excl. sewing ...",0,0,0,0,0,0,0,0,0,0,0,0,,,,,,,,,,,,,,,0,0,0,0,0,0,0,0,0,0,0,0
'551130,"Yarn of artificial staple fibres, put up for retail sale (excl. sewing thread)",0,0,0,0,0,0,0,0,0,0,0,0,,,,,,,,,,,,,,,0,0,0,0,0,0,0,0,0,0,0,0
'551299,"Woven fabrics containing >= 85% synthetic staple fibres by weight, dyed, made of yarn of different ...",0,0,0,0,0,0,0,0,0,0,0,0,,,,,,,,,,,,,,,0,0,0,0,0,0,0,0,0,0,0,0
'551321,"Plain woven fabrics containing predominantly, but < 85% polyester staple fibres by weight, ...",0,0,0,0,0,0,0,0,0,0,0,0,,,,,,,,,,,,,,,0,0,0,0,0,0,0,0,0,0,0,0
'551349,"Woven fabrics containing predominantly, but < 85% synthetic staple fibres by weight, mixed ...",0,0,0,0,0,0,0,0,0,0,0,0,,,,,,,,,,,,,,,0,0,0,0,0,0,0,0,0,0,0,0
'551411,"Plain woven fabrics containing predominantly, but < 85% polyester staple fibres by weight, ...",0,0,0,0,0,0,0,0,0,0,0,0,,,,,,,,,,,,,,,0,0,0,0,0,0,0,0,0,0,0,0
'551423,"Woven fabrics containing predominantly, but < 85% polyester staple fibres by weight, mixed ...",0,0,0,0,0,0,0,0,0,0,0,0,,,,,,,,,,,,,,,0,0,0,0,0,0,0,0,0,0,0,0
'551621,"Woven fabrics containing predominantly, but < 85% artificial staple fibres, mixed principally ...",0,0,0,0,0,0,0,0,0,0,0,0,,,,,,,,,,,,,,,0,0,0,0,0,0,0,0,0,0,0,0
'551643,"Woven fabrics containing predominantly, but < 85% artificial staple fibres by weight, mixed ...",0,0,0,0,0,0,0,0,0,0,0,0,,,,,,,,,,,,,,,0,0,0,0,0,0,0,0,0,0,0,0
'560130,Textile flock and dust and mill neps,0,0,0,0,0,0,0,0,0,0,0,0,,,,,,,,,,,,,,,0,0,0,0,0,0,0,0,0,0,0,0
'560210,"Needleloom felt and stitch-bonded fibre fabrics, whether or not impregnated, coated, covered ...",0,0,0,0,0,0,0,0,0,0,0,0,,,,,,,,,,,,,,,0,0,0,0,0,0,0,0,0,0,0,0
'560221,"Felt, not impregnated, coated, covered or laminated, of wool or fine animal hair, n.e.s. (excl. ...",0,0,0,0,0,0,0,0,0,0,0,0,,,,,,,,,,,,,,,0,0,0,0,0,0,0,0,0,0,0,0
'560314,"Nonwovens, whether or not impregnated, coated, covered or laminated, n.e.s., of man-made filaments, ...",0,0,0,0,0,0,0,0,0,0,0,0,,,,,,,,,,,,,,,0,0,0,0,0,0,0,0,0,0,0,0
'560394,"Nonwovens, whether or not impregnated, coated, covered or laminated, n.e.s., weighing > than ...",0,0,0,0,0,0,0,0,0,0,0,0,,,,,,,,,,,,,,,0,0,0,0,0,0,0,0,0,0,0,0
'560600,"Gimped yarn, gimped strip and the like of heading 5404 or 5405; chenille yarn, incl. flock ...",0,0,0,0,0,0,0,0,0,0,0,0,,,,,,,,,,,,,,,0,0,0,0,0,0,0,0,0,0,0,0
'580126,"Chenille fabrics, of cotton (excl. terry towelling and similar woven terry fabrics, tufted ...",0,0,0,0,0,0,0,0,0,0,0,0,,,,,,,,,,,,,,,0,0,0,0,0,0,0,0,0,0,0,0
'580137,"Warp pile fabrics, of man-made fibres (excl. terry towelling and similar woven terry fabrics, ...",0,0,0,0,0,0,0,0,0,0,0,0,,,,,,,,,,,,,,,0,0,0,0,0,0,0,0,0,0,0,0
'580230,Tufted textile fabrics (excl. carpets and other floor coverings),0,0,0,0,0,0,0,0,0,0,0,0,,,,,,,,,,,,,,,0,0,0,0,0,0,0,0,0,0,0,0
'580631,"Narrow woven fabrics of cotton, with a width of <= 30 cm, n.e.s.",0,0,0,0,0,0,0,0,0,0,0,0,,,,,,,,,,,,,,,0,0,0,0,0,0,0,0,0,0,0,0
'580632,"Narrow woven fabrics of man-made fibres, with a width of <= 30 cm, n.e.s.",0,0,0,0,0,0,0,0,0,0,0,0,,,,,,,,,,,,,,,0,5,0,0,48,0,0,0,28,0,21,6
'580900,"Woven fabrics of metal thread and woven fabrics of metallised yarn of heading 5605, of a kind ...",0,0,0,0,0,0,0,0,0,0,0,0,,,,,,,,,,,,,,,0,0,0,0,0,0,0,0,0,0,0,0
'581100,"Quilted textile products in the piece, composed of one or more layers of textile materials ...",0,0,0,0,0,0,0,0,0,0,0,0,,,,,,,,,,,,,,,0,0,0,0,0,0,0,0,0,0,0,0
'590410,"Linoleum, whether or not cut to shape",0,0,0,0,0,0,0,0,0,0,0,0,,,,,,,,,,,,,,,0,0,0,0,0,0,0,0,0,0,0,0
'591110,"Textile fabrics, felt and felt-lined woven fabrics, coated, covered or laminated with rubber, ...",0,0,0,0,0,0,0,0,0,0,0,0,,,,,,,,,,,,,,,0,0,0,0,0,0,0,0,0,0,0,0
'591190,"Textile products and articles, for technical purposes, specified in Note 7 to chapter 59, n.e.s.",0,0,0,0,0,0,0,0,0,0,0,0,,,,,,,,,,,,,,,60,52,18,111,28,52,34,61,31,30,35,36
'600320,"Knitted or crocheted fabrics of cotton, of a width of <= 30 cm (excl. those containing by weight ...",0,0,0,0,0,0,0,0,0,0,0,0,,,,,,,,,,,,,,,0,0,0,0,0,0,0,0,0,0,0,0
'600340,"Knitted or crocheted fabrics of artificial fibres, of a width of <= 30 cm (excl. those containing ...",0,0,0,0,0,0,0,0,0,0,0,0,,,,,,,,,,,,,,,0,0,0,0,0,0,0,0,0,0,0,0
'600490,"Knitted or crocheted fabrics, of a width of > 30 cm, containing >= 5% by weight elastomeric ...",0,0,0,0,0,0,0,0,0,0,0,0,,,,,,,,,,,,,,,0,0,0,0,0,0,0,0,0,0,0,0
'600538,"Warp knit fabrics of synthetic fibres, of yarns of different colours ""incl. those made on galloon ...",0,0,0,0,0,0,0,0,0,0,0,0,,,,,,,,,,,,,,,0,0,0,0,0,0,0,0,0,0,0,0
'600622,"Dyed cotton fabrics, knitted or crocheted, of a width of > 30 cm (excl. warp knit fabrics ""incl. ...",0,0,0,0,0,0,0,0,0,0,0,0,,,,,,,,,,,,,,,0,0,0,0,0,0,0,0,0,0,0,0
'600642,"Dyed fabrics, knitted or crocheted, of artificial fibres, of a width of > 30 cm (excl. warp ...",0,0,0,0,0,0,0,0,0,0,0,0,,,,,,,,,,,,,,,0,0,0,0,0,0,0,0,0,0,0,0
'610343,"Men's or boys' trousers, bib and brace overalls, breeches and shorts of synthetic fibres, knitted ...",0,0,0,0,0,0,0,0,0,0,0,0,,,,,,,,,,,,,,,0,1,1,3,2,9,1,3,9,0,6,9
'610419,"Women's or girls' suits of textile materials, knitted or crocheted (excl. of synthetic fibres, ...",0,0,0,0,0,0,0,0,0,0,0,0,,,,,,,,,,,,,,,0,0,0,0,0,0,0,0,0,0,0,0
'610422,"Women's or girls' ensembles of cotton, knitted or crocheted (excl. ski ensembles and swimwear)",0,0,0,0,0,0,0,0,0,0,0,0,,,,,,,,,,,,,,,0,0,0,0,0,0,4,0,4,0,0,0
'610429,"Women's or girls' ensembles of textile materials (excl. of cotton or synthetic fibres, ski ...",0,0,0,0,0,0,0,0,0,0,0,0,,,,,,,,,,,,,,,0,0,0,0,0,0,0,0,0,0,0,0
'610432,"Women's or girls' jackets and blazers of cotton, knitted or crocheted (excl. wind-jackets and ...",0,0,0,0,0,0,0,0,0,0,0,0,,,,,,,,,,,,,,,0,0,0,0,0,0,0,0,0,0,0,0
'610449,"Women's or girls' dresses of textile materials, knitted or crocheted (excl. of wool, fine animal ...",0,0,0,0,0,0,0,0,0,0,0,0,,,,,,,,,,,,,,,0,0,0,0,0,0,0,0,2,0,0,0
'610590,"Men's or boys' shirts of textile materials, knitted or crocheted (excl. of cotton or man-made ...",0,0,0,0,0,0,0,0,0,0,0,0,,,,,,,,,,,,,,,0,0,0,0,0,0,0,0,0,0,0,0
'611510,"Graduated compression hosiery [e.g., stockings for varicose veins], of textile materials, knitted ...",0,0,0,0,0,0,0,0,0,0,0,0,,,,,,,,,,,,,,,0,0,0,2,0,0,0,0,0,0,0,0
'611691,"Gloves, mittens and mitts, of wool or fine animal hair, knitted or crocheted (excl. impregnated, ...",0,0,0,0,0,0,0,0,0,0,0,0,,,,,,,,,,,,,,,0,0,0,0,0,0,0,0,0,0,0,0
'611780,"Ties, bow ties, cravats and other made-up clothing accessories, knitted or crocheted, n.e.s. ...",0,0,0,0,0,0,0,0,0,0,0,0,,,,,,,,,,,,,,,19,34,12,0,0,0,0,0,0,0,24,30
'620230,"Women's or girls' overcoats, car-coats, capes, cloaks, anoraks, incl. ski jackets, wind-cheaters, ...",0,0,0,0,0,0,0,0,0,0,0,0,,,,,,,,,,,,,,,23,18,7,16,15,10,9,6,5,7,15,20
'620412,"Women's or girls' suits of cotton (excl. knitted or crocheted, ski overalls and swimwear)",0,0,0,0,0,0,0,0,0,0,0,0,,,,,,,,,,,,,,,0,0,0,0,0,0,0,0,0,0,0,0
'620413,"Women's or girls' suits of synthetic fibres (excl. knitted or crocheted, ski overalls and swimwear)",0,0,0,0,0,0,0,0,0,0,0,0,,,,,,,,,,,,,,,0,0,0,0,0,0,0,0,0,0,0,0
'620432,"Women's or girls' jackets and blazers of cotton (excl. knitted or crocheted, wind-jackets and ...",0,0,0,0,0,0,0,0,0,0,0,0,,,,,,,,,,,,,,,1,0,0,0,0,0,1,2,2,0,0,0
'620459,"Women's or girls' skirts and divided skirts of textile materials (excl. of wool, fine animal ...",0,0,0,0,0,0,0,0,0,0,0,0,,,,,,,,,,,,,,,0,3,0,2,1,2,3,6,4,0,0,0
'620462,"Women's or girls' trousers, bib and brace overalls, breeches and shorts of cotton (excl. knitted ...",0,0,0,0,0,0,0,0,0,0,0,0,,,,,,,,,,,,,,,139,125,80,146,123,221,199,178,149,97,144,182
'620520,"Men's or boys' shirts of cotton (excl. knitted or crocheted, nightshirts, singlets and other ...",0,0,0,0,0,0,0,0,0,0,0,0,,,,,,,,,,,,,,,458,335,22,11,0,324,271,27,236,20,89,1
'620791,"Men's or boys' singlets and other vests, bathrobes, dressing gowns and similar articles of ...",0,0,0,0,0,0,0,0,0,0,0,0,,,,,,,,,,,,,,,0,0,0,0,0,0,0,0,0,0,0,0
'620811,Women's or girls' slips and petticoats of man-made fibres (excl. knitted or crocheted and vests),0,0,0,0,0,0,0,0,0,0,0,0,,,,,,,,,,,,,,,0,0,0,0,0,0,0,0,0,0,0,0
'620899,"Women's or girls' singlets and other vests, briefs, panties, négligés, bathrobes, dressing ...",0,0,0,0,0,0,0,0,0,0,0,0,,,,,,,,,,,,,,,0,0,0,0,0,0,0,0,0,0,0,0
'621320,"Handkerchiefs of cotton, of which no side exceeds 60 cm (excl. knitted or crocheted)",0,0,0,0,0,0,0,0,0,0,0,0,,,,,,,,,,,,,,,0,0,0,0,0,0,0,0,0,0,0,0
'630210,"Bedlinen, knitted or crocheted",0,0,0,0,0,0,0,0,0,0,0,0,,,,,,,,,,,,,,,0,0,0,0,0,0,0,0,0,0,0,0
'630222,Printed bedlinen of man-made fibres (excl. knitted or crocheted),0,0,0,0,0,0,0,0,0,0,0,0,,,,,,,,,,,,,,,0,0,7,0,0,0,0,0,0,0,0,0
'630510,"Sacks and bags, for the packing of goods, of jute or other textile bast fibres of heading 5303",0,0,0,0,0,0,0,0,0,0,0,0,,,,,,,,,,,,,,,0,0,0,0,0,0,0,0,0,0,0,0
'630520,"Sacks and bags, for the packing of goods, of cotton",0,0,0,0,0,0,0,0,0,0,0,0,,,,,,,,,,,,,,,0,0,0,0,0,0,0,0,0,0,0,0
'630612,"Tarpaulins, awnings and sunblinds of synthetic fibres (excl. flat covers of light fabrics made ...",0,0,0,0,0,0,0,0,0,0,0,0,,,,,,,,,,,,,,,0,10,0,0,0,7,25,0,0,0,0,0
'640291,"Footwear covering the ankle, with outer soles and uppers of rubber or plastics (excl. waterproof ...",0,0,0,0,0,0,0,0,0,0,0,0,,,,,,,,,,,,,,,18,3,4,0,0,0,0,2,3,0,1,6
'640510,"Footwear with uppers of leather or composition leather (excl. with outer soles of rubber, plastics, ...",0,0,0,0,0,0,0,0,0,0,0,0,,,,,,,,,,,,,,,0,0,0,0,0,0,0,0,0,0,0,0
'650500,"Hats and other headgear, knitted or crocheted, or made up from lace, felt or other textile ...",0,0,0,0,0,0,0,0,0,0,0,0,,,,,,,,,,,,,,,18,2,2,0,1,0,3,35,6,1,1,2
'680299,"Monumental or building stone, in any form, polished, decorated or otherwise worked (excl. calcareous ...",0,0,0,0,0,0,0,0,0,0,0,0,,,,,,,,,,,,,,,0,0,0,0,0,0,0,0,0,0,0,0
'680410,"Millstones and grindstones, without frameworks, for milling, grinding or pulping",0,0,0,0,0,0,0,0,0,0,0,0,,,,,,,,,,,,,,,0,0,0,0,0,0,0,0,0,0,0,0
'680520,"Natural or artificial abrasive powder or grain, on a base of paper or paperboard only, whether ...",0,0,0,0,0,0,0,0,0,0,0,0,,,,,,,,,,,,,,,0,0,0,0,0,0,0,0,10,0,0,18
'680610,"Slag-wool, rock-wool and similar mineral wools, incl. intermixtures thereof, in bulk, sheets ...",0,0,0,0,0,0,0,0,0,0,0,0,,,,,,,,,,,,,,,0,0,0,0,27,0,0,0,0,0,0,0
'680620,"Exfoliated vermiculite, expanded clays, foamed slag and similar expanded mineral materials, ...",0,0,0,0,0,0,0,0,0,0,0,0,,,,,,,,,,,,,,,0,0,0,0,29,0,0,38,0,0,0,0
'680710,"Articles of asphalt or of similar materials, e.g. petroleum bitumen or coal tar pitch, in rolls",0,0,0,0,0,0,0,0,0,0,0,0,,,,,,,,,,,,,,,533,740,637,856,709,589,618,648,686,616,471,933
'680800,"Panels, boards, tiles, blocks and similar articles of vegetable fibre, of straw or of shavings, ...",0,0,0,0,0,0,0,0,0,0,0,0,,,,,,,,,,,,,,,0,0,0,0,0,0,0,0,0,0,0,0
'680911,"Boards, sheets, panels, tiles and similar articles, of plaster or compositions based on plaster, ...",0,0,0,0,0,0,0,0,0,0,0,0,,,,,,,,,,,,,,,1345,1178,1350,1700,1526,1407,1334,1352,919,780,1133,1416
'681513,"Articles of carbon fibres, for non-electrical purposes (excl. fabrics)",0,0,0,0,0,0,0,0,0,0,0,0,,,,,,,,,,,,,,,0,0,0,0,0,0,0,0,0,0,0,0
'681520,Articles of peat (excl. textile products from peat fibres),0,0,0,0,0,0,0,0,0,0,0,0,,,,,,,,,,,,,,,0,0,0,0,0,0,0,0,0,0,0,0
'690210,"Refractory bricks, blocks, tiles and similar refractory ceramic constructional goods containing, ...",0,0,0,0,0,0,0,0,0,0,0,0,,,,,,,,,,,,,,,0,0,0,0,0,0,0,0,0,0,0,0
'690490,"Ceramic flooring blocks, support or filler tiles and the like (excl. those of siliceous fossil ...",0,0,0,0,0,0,0,0,0,0,0,0,,,,,,,,,,,,,,,0,0,0,0,0,0,0,0,0,0,0,0
'690730,"Ceramic mosaic cubes and the like, whether or not on a backing (excl. refractory and finishing ...",0,0,0,0,0,0,0,0,0,0,0,0,,,,,,,,,,,,,,,0,0,0,0,0,0,0,0,0,0,0,0
'691390,"Statuettes and other ornamental ceramic articles, n.e.s. (excl. of porcelain or china)",0,0,0,0,0,0,0,0,0,0,0,0,,,,,,,,,,,,,,,0,0,0,1,10,0,2,0,0,2,0,1
'700100,"Cullet and other waste and scrap of glass; glass in the mass (excl. glass in the form of powder, ...",0,0,0,0,0,0,0,0,0,0,0,0,,,,,,,,,,,,,,,0,0,0,0,0,0,0,0,0,0,0,0
'700231,"Tubes of fused quartz or other fused silica, unworked",0,0,0,0,0,0,0,0,0,0,0,0,,,,,,,,,,,,,,,0,0,0,0,0,0,0,0,0,0,0,0
'700521,"Float glass and surface ground glass, in sheets, coloured throughout the mass ""body tinted"", ...",0,0,0,0,0,0,0,0,0,0,0,0,,,,,,,,,,,,,,,0,0,0,0,0,0,0,0,0,0,0,0
'700711,"Toughened ""tempered"" safety glass, of size and shape suitable for incorporation in motor vehicles, ...",0,0,0,0,0,0,0,0,0,0,0,0,,,,,,,,,,,,,,,23,30,22,35,47,62,39,25,41,27,14,28
'701337,Drinking glasses (excl. glasses of glass ceramics or of lead crystal and stemware),0,0,0,0,0,0,0,0,0,0,0,0,,,,,,,,,,,,,,,77,129,207,134,186,223,180,249,115,259,77,142
'701690,"Paving blocks, slabs, bricks, squares, tiles and other articles of pressed or moulded glass, ...",0,0,0,0,0,0,0,0,0,0,0,0,,,,,,,,,,,,,,,0,0,0,0,0,0,0,0,0,0,0,0
'701810,"Glass beads, imitation pearls, imitation precious or semi-precious stones and similar glass ...",0,0,0,0,0,0,0,0,0,0,0,0,,,,,,,,,,,,,,,0,0,0,0,0,0,0,0,0,0,0,0
'701911,"Glass fibre threads ""chopped strands"", cut into lengths <= 50 mm",0,0,0,0,0,0,0,0,0,0,0,0,,,,,,,,,,,,,,,0,0,0,0,0,0,0,0,0,0,0,0
'701966,"Open woven fabrics of glass fibres, of a width > 30 cm",0,0,0,0,0,0,0,0,0,0,0,0,,,,,,,,,,,,,,,0,0,0,0,0,0,0,0,0,0,0,0
'701972,Chemically bonded closed fabrics of glass fibres (excl. veils),0,0,0,0,0,0,0,0,0,0,0,0,,,,,,,,,,,,,,,0,0,0,0,0,0,0,0,0,0,0,0
'710410,"Quartz, piezoelectric, of synthetic or reconstructed stone whether or not worked or graded, ...",0,0,0,0,0,0,0,0,0,0,0,0,,,,,,,,,,,,,,,0,0,0,0,0,0,0,0,0,0,0,0
'710692,"Silver, incl. silver plated with gold or platinum, semi-manufactured",0,0,0,0,0,0,0,0,0,0,0,0,,,,,,,,,,,,,,,0,0,0,0,0,0,0,0,0,0,0,0
'710700,"Base metals clad with silver, not further worked than semi-manufactured",0,0,0,0,0,0,0,0,0,0,0,0,,,,,,,,,,,,,,,0,0,0,0,0,0,0,0,0,0,0,0
'711419,"Articles of goldsmiths' or silversmiths' wares or parts thereof, of precious metal other than ...",0,0,0,0,0,0,0,0,0,0,0,0,,,,,,,,,,,,,,,0,0,0,0,0,0,0,0,0,0,0,0
'711711,"Cuff links and studs, of base metal, whether or not clad with silver, gold or platinum",0,0,0,0,0,0,0,0,0,0,0,0,,,,,,,,,,,,,,,0,0,0,0,0,0,0,0,0,0,0,0
'720270,Ferro-molybdenum,0,0,0,0,0,0,0,0,0,0,0,0,,,,,,,,,,,,,,,0,0,0,0,0,0,0,0,0,0,0,0
'720521,"Powders, of alloy steel (excl. powders of ferro-alloys and radioactive iron powders ""isotopes"")",0,0,0,0,0,0,0,0,0,0,0,0,,,,,,,,,,,,,,,0,0,0,0,0,0,0,0,0,0,0,0
'720853,"Flat-rolled products of iron or non-alloy steel, of a width of >= 600 mm, not in coils, simply ...",0,0,0,0,0,0,0,0,0,0,0,0,,,,,,,,,,,,,,,0,0,0,0,0,0,44,0,0,0,0,0
'720917,"Flat-rolled products of iron or non-alloy steel, of a width of >= 600 mm, in coils, simply ...",0,0,0,0,0,0,0,0,0,0,0,0,,,,,,,,,,,,,,,0,0,0,0,0,0,0,0,0,0,0,0
'720990,"Flat-rolled products of iron or steel, of a width of >= 600 mm, cold-rolled ""cold-reduced"", ...",0,0,0,0,0,0,0,0,0,0,0,0,,,,,,,,,,,,,,,0,0,0,0,0,0,0,0,0,0,0,0
'721012,"Flat-rolled products of iron or non-alloy steel, of a width of >= 600 mm, hot-rolled or cold-rolled ...",0,0,0,0,0,0,0,0,0,0,0,0,,,,,,,,,,,,,,,0,0,0,0,0,0,0,0,0,0,0,0
'721420,"Bars and rods, of iron or non-alloy steel, with indentations, ribs, groves or other deformations ...",0,0,0,0,0,0,0,0,0,0,0,0,,,,,,,,,,,,,,,3220,2600,0,0,1404,0,0,0,0,0,0,0
'721640,"L sections of iron or non-alloy steel, not further worked than hot-rolled, hot-drawn or hot-extruded, ...",0,0,0,0,0,0,0,0,0,0,0,0,,,,,,,,,,,,,,,0,0,0,0,0,0,0,0,0,0,0,0
'721691,"Angles, shapes and sections, of iron or non-alloy steel, cold-formed or cold-finished from ...",0,0,0,0,0,0,0,0,0,0,0,0,,,,,,,,,,,,,,,0,0,0,0,0,0,0,0,0,0,0,0
'721790,"Wire of iron or non-alloy steel, in coils, plated or coated (excl. plated or coated with base ...",0,0,0,0,0,0,0,0,0,0,0,0,,,,,,,,,,,,,,,0,0,0,0,0,0,0,0,0,0,0,0
'721923,"Flat-rolled products of stainless steel, of a width of >= 600 mm, not further worked than hot-rolled, ...",0,0,0,0,0,0,0,0,0,0,0,0,,,,,,,,,,,,,,,0,0,0,0,0,0,0,0,0,0,0,0
'721990,"Flat-rolled products of stainless steel, of a width of >= 600 mm, hot-rolled or cold-rolled ...",0,0,0,0,0,0,0,0,0,0,0,0,,,,,,,,,,,,,,,0,0,0,0,0,3,0,0,0,0,0,0
'722240,"Angles, shapes and sections of stainless steel, n.e.s.",0,0,0,0,0,0,0,0,0,0,0,0,,,,,,,,,,,,,,,0,0,0,0,0,0,0,0,0,0,0,0
'722599,"Flat-rolled products of alloy steel other than stainless, of a width of >= 600 mm, hot-rolled ...",0,0,0,0,0,0,0,0,0,0,0,0,,,,,,,,,,,,,,,0,0,0,0,0,0,0,0,0,0,0,0
'722619,"Flat-rolled products of silicon-electrical steel, of a width of < 600 mm, hot-rolled or cold-rolled ...",0,0,0,0,0,0,0,0,0,0,0,0,,,,,,,,,,,,,,,0,0,0,0,0,0,0,0,0,0,0,0
'722720,"Bars and rods of silico-manganese steel, hot-rolled, in irregularly wound coils",0,0,0,0,0,0,0,0,0,0,0,0,,,,,,,,,,,,,,,0,0,0,0,0,0,0,0,0,0,0,0
'730290,"Sleepers ""cross-ties"", check-rails, rack rails, chairs, chair wedges, rail clips, bedplates ...",0,0,0,0,0,0,0,0,0,0,0,0,,,,,,,,,,,,,,,0,0,0,0,0,0,0,0,0,0,0,0
'730411,"Line pipe of a kind used for oil or gas pipelines, seamless, of stainless steel",0,0,0,0,0,0,0,0,0,0,0,0,,,,,,,,,,,,,,,0,0,0,0,0,0,0,0,0,0,0,0
'730531,"Tubes and pipes having circular cross-sections and an external diameter of > 406,4 mm, of iron ...",0,0,0,0,0,0,0,0,0,0,0,0,,,,,,,,,,,,,,,0,0,0,0,0,0,0,0,0,0,0,0
'730629,"Casing and tubing of a kind used in drilling for oil or gas, welded, of flat-rolled products ...",0,0,0,0,0,0,0,0,0,0,0,0,,,,,,,,,,,,,,,0,0,0,0,0,0,0,0,0,0,0,0
'730669,"Tubes, pipes and hollow profiles, welded, of non-circular cross-section, of iron or steel (excl. ...",0,0,0,0,0,0,0,0,0,0,0,0,,,,,,,,,,,,,,,0,0,0,0,0,0,0,0,0,0,0,0
'731021,"Cans of iron or steel, of a capacity of < 50 l, which are to be closed by soldering or crimping ...",0,0,0,0,0,0,0,0,0,0,0,0,,,,,,,,,,,,,,,0,0,0,0,0,0,0,749,0,259,273,434
'731700,"Nails, tacks, drawing pins, corrugated nails, staples and similar articles of iron or steel, ...",0,0,0,0,0,0,0,0,0,0,0,0,,,,,,,,,,,,,,,53,91,67,76,42,73,50,35,43,23,7,72
'731814,"Self-tapping screws, of iron or steel (excl. wood screws)",0,0,0,0,0,0,0,0,0,0,0,0,,,,,,,,,,,,,,,15,0,23,1,0,23,0,20,11,0,0,14
'731990,"Knitting needles, bodkins, crochet hooks, embroidery stilettos and similar articles, for use ...",0,0,0,0,0,0,0,0,0,0,0,0,,,,,,,,,,,,,,,0,0,0,0,0,0,0,0,0,0,0,0
'732182,"Stoves, heaters, grates, fires, wash boilers, braziers and similar appliances, of iron or steel, ...",0,0,0,0,0,0,0,0,0,0,0,0,,,,,,,,,,,,,,,0,0,0,0,0,0,0,0,0,0,0,0
'732392,"Table, kitchen or other household articles, and parts thereof, of cast iron, enamelled (excl. ...",0,0,0,0,0,0,0,0,0,0,0,0,,,,,,,,,,,,,,,0,0,0,0,0,0,0,0,0,0,0,0
'732510,"Articles of non-malleable cast iron, n.e.s.",0,0,0,0,0,0,0,0,0,0,0,0,,,,,,,,,,,,,,,0,0,0,0,0,0,0,0,0,0,0,0
'740321,"Copper-zinc base alloys ""brass"" unwrought",0,0,0,0,0,0,0,0,0,0,0,0,,,,,,,,,,,,,,,0,0,0,0,0,0,0,0,0,0,0,0
'740710,"Bars, rods and profiles, of refined copper, n.e.s.",0,0,0,0,0,0,0,0,0,0,0,0,,,,,,,,,,,,,,,0,0,0,0,0,0,0,0,0,0,0,0
'740921,"Plates, sheets and strip, of copper-zinc base alloys ""brass"", of a thickness of > 0,15 mm, ...",0,0,0,0,0,0,0,0,0,0,0,0,,,,,,,,,,,,,,,0,0,0,0,0,0,0,0,0,0,0,0
'741011,"Refined copper foil, not backed, of a thickness of <= 0,15 mm (excl. stamping foils of heading ...",0,0,0,0,0,0,0,0,0,0,0,0,,,,,,,,,,,,,,,0,0,0,0,0,0,0,0,0,0,0,0
'741022,"Copper alloy foil, backed, of a thickness ""excl. any backing"" of <= 0,15 mm (excl. stamping ...",0,0,0,0,0,0,0,0,0,0,0,0,,,,,,,,,,,,,,,0,0,0,0,0,0,0,0,0,0,0,0
'741110,Tubes and pipes of refined copper,0,0,0,0,0,0,0,0,0,0,0,0,,,,,,,,,,,,,,,0,0,0,0,0,0,0,0,0,0,0,0
'741210,"Refined copper tube or pipe fittings ""e.g., couplings, elbows, sleeves""",0,0,0,0,0,0,0,0,0,0,0,0,,,,,,,,,,,,,,,0,0,0,0,0,0,0,0,0,0,0,0
'741521,"Washers, ""incl. spring washers and spring lock washers"", of copper",0,0,0,0,0,0,0,0,0,0,0,0,,,,,,,,,,,,,,,4,6,7,1,2,3,1,9,0,5,0,11
'750521,Wire of non-alloy nickel (excl. electrically insulated products),0,0,0,0,0,0,0,0,0,0,0,0,,,,,,,,,,,,,,,0,0,0,0,0,0,0,0,0,0,0,0
'750712,Tubes and pipes of nickel alloys,0,0,0,0,0,0,0,0,0,0,0,0,,,,,,,,,,,,,,,0,0,0,0,0,0,0,0,0,0,0,0
'750810,"Cloth, grill, netting and fencing, of nickel wire",0,0,0,0,0,0,0,0,0,0,0,0,,,,,,,,,,,,,,,0,0,0,0,0,0,0,0,0,0,0,0
'760110,"Aluminium, not alloyed, unwrought",0,0,0,0,0,0,0,0,0,0,0,0,,,,,,,,,,,,,,,0,0,0,0,0,0,0,0,0,0,0,0
'760429,"Bars, rods and solid profiles, of aluminium alloys, n.e.s.",0,0,0,0,0,0,0,0,0,0,0,0,,,,,,,,,,,,,,,63,66,49,134,100,65,120,51,78,87,75,75
'760691,"Plates, sheets and strip, of non-alloy aluminium, of a thickness of > 0,2 mm (other than square ...",0,0,0,0,0,0,0,0,0,0,0,0,,,,,,,,,,,,,,,0,0,0,0,0,0,0,0,0,0,0,0
'761090,"Structures and parts of structures, of aluminium, n.e.s., and plates, rods, profiles, tubes ...",0,0,0,0,0,0,0,0,0,0,0,0,,,,,,,,,,,,,,,52,83,141,101,105,69,76,106,178,85,32,134
'780110,"Unwrought lead, refined",0,0,0,0,0,0,0,0,0,0,0,0,,,,,,,,,,,,,,,0,0,0,1595,2145,1031,1140,2889,2514,1499,442,2275
'810991,"Articles of zirconium, containing < 1 part hafnium to 500 parts zirconium by weight, n.e.s.",0,0,0,0,0,0,0,0,0,0,0,0,,,,,,,,,,,,,,,0,0,0,0,0,0,0,0,0,0,0,0
'811100,"Manganese and articles thereof, n.e.s.; manganese waste and scrap (excl. ash and residues containing ...",0,0,0,0,0,0,0,0,0,0,0,0,,,,,,,,,,,,,,,0,0,0,0,0,0,0,0,0,0,0,0
'811229,"Articles of chromium, n.e.s.",0,0,0,0,0,0,0,0,0,0,0,0,,,,,,,,,,,,,,,0,0,0,0,0,0,0,0,0,0,0,0
'820411,"Hand-operated spanners and wrenches, incl. torque meter wrenches, of base metal, non-adjustable",0,0,0,0,0,0,0,0,0,0,0,0,,,,,,,,,,,,,,,239,195,83,161,171,249,2,245,86,1,86,94
'820600,"Sets of two or more tools of heading 8202 to 8205, put up in sets for retail sale",0,0,0,0,0,0,0,0,0,0,0,0,,,,,,,,,,,,,,,0,0,0,0,0,0,0,0,0,0,0,6
'820713,"Rock-drilling or earth-boring tools, interchangeable, with working parts of sintered metal ...",0,0,0,0,0,0,0,0,0,0,0,0,,,,,,,,,,,,,,,0,11,0,0,48,0,0,0,0,0,0,0
'821000,"Hand-operated mechanical devices, of base metal, weighing <= 10 kg, used in the preparation, ...",0,0,0,0,0,0,0,0,0,0,0,0,,,,,,,,,,,,,,,7,0,0,0,0,0,0,22,0,0,0,0
'821210,Non-electric razors of base metal,0,0,0,0,0,0,0,0,0,0,0,0,,,,,,,,,,,,,,,0,0,0,0,0,0,0,0,0,0,0,0
'821410,"Paperknives, letter openers, erasing knives, pencil sharpeners and blades therefor, of base ...",0,0,0,0,0,0,0,0,0,0,0,0,,,,,,,,,,,,,,,0,0,0,0,0,0,0,0,0,0,0,0
'830140,Locks of base metal (excl. padlocks and locks for motor vehicles or furniture),0,0,0,0,0,0,0,0,0,0,0,0,,,,,,,,,,,,,,,21,7,0,55,42,34,21,9,34,114,9,57
'830249,"Base metal mountings, fittings and similar articles (excl. locks with keys, clasps and frames ...",0,0,0,0,0,0,0,0,0,0,0,0,,,,,,,,,,,,,,,9,12,47,38,26,21,15,37,16,9,3,28
'830510,"Fittings for loose-leaf binders or files, of base metal (excl. drawing pins and clasps for ...",0,0,0,0,0,0,0,0,0,0,0,0,,,,,,,,,,,,,,,0,0,0,0,0,0,0,0,0,0,0,0
'830590,"Office articles such as letter clips, letter corners, paper clips and indexing tags, of base ...",0,0,0,0,0,0,0,0,0,0,0,0,,,,,,,,,,,,,,,0,0,0,0,0,0,0,0,0,0,0,0
'830890,"Clasps, frames with clasps without locks, buckles and buckle-clasps, of base metal, for clothing, ...",0,0,0,0,0,0,0,0,0,0,0,0,,,,,,,,,,,,,,,0,0,0,0,0,0,0,0,0,0,0,0
'840212,Watertube boilers with a steam production <= 45 t/hour (excl. central heating hot water boilers ...,0,0,0,0,0,0,0,0,0,0,0,0,,,,,,,,,,,,,,,0,0,0,0,0,0,0,0,0,0,0,0
'840290,"Parts of vapour generating boilers and superheated water boilers, n.e.s.",0,0,0,0,0,0,0,0,0,0,0,0,,,,,,,,,,,,,,,0,0,0,0,0,0,0,0,0,0,0,0
'840590,Parts of producer gas or water gas generators and acetylene gas generators or similar water ...,0,0,0,0,0,0,0,0,0,0,0,0,,,,,,,,,,,,,,,0,0,0,0,0,0,0,0,0,0,0,0
'840721,Spark-ignition outboard motors for marine propulsion,0,0,0,0,0,0,0,0,0,0,0,0,,,,,,,,,,,,,,,0,0,0,0,0,0,0,0,0,0,0,0
'840734,"Spark-ignition reciprocating piston engine, of a kind used for vehicles of chapter 87, of a ...",0,0,0,0,0,0,0,0,0,0,0,0,,,,,,,,,,,,,,,0,0,0,630,0,312,0,262,0,731,0,0
'840790,Spark-ignition reciprocating or rotary internal combustion piston engine (excl. those for aircraft ...,0,0,0,0,0,0,0,0,0,0,0,0,,,,,,,,,,,,,,,0,0,0,0,0,0,0,0,0,112,0,0
'840910,"Parts suitable for use solely or principally with internal combustion piston engine for aircraft, ...",0,0,0,0,0,0,0,0,0,0,0,0,,,,,,,,,,,,,,,0,0,0,0,142,0,0,0,0,0,0,0
'841090,Parts of hydraulic turbines and water wheels incl. regulators,0,0,0,0,0,0,0,0,0,0,0,0,,,,,,,,,,,,,,,0,0,0,0,0,0,0,0,0,0,0,0
'841229,"Hydraulic power engines and motors (excl. hydraulic turbines and water wheels of heading 8410, ...",0,0,0,0,0,0,0,0,0,0,0,0,,,,,,,,,,,,,,,68,74,172,112,65,56,52,20,9,137,24,187
'841510,"Air conditioning machines designed to be fixed to a window, wall, ceiling or floor, self-contained ...",0,0,0,0,0,0,0,0,0,0,0,0,,,,,,,,,,,,,,,0,0,0,0,0,0,17,0,0,0,0,0
'841582,Air conditioning machines incorporating a refrigerating unit but without a valve for reversal ...,0,0,0,0,0,0,0,0,0,0,0,0,,,,,,,,,,,,,,,0,0,0,0,0,0,0,0,0,0,0,0
'841620,"Furnace burners for pulverised solid fuel or gas, incl. combination burners",0,0,0,0,0,0,0,0,0,0,0,0,,,,,,,,,,,,,,,39,0,31,51,97,0,0,107,0,0,62,0
'841630,"Mechanical stokers, incl. their mechanical grates, mechanical ash dischargers and similar appliances ...",0,0,0,0,0,0,0,0,0,0,0,0,,,,,,,,,,,,,,,0,0,0,0,0,0,0,0,0,0,0,0
'841840,"Freezers of the upright type, of a capacity <= 900 l",0,0,0,0,0,0,0,0,0,0,0,0,,,,,,,,,,,,,,,0,0,0,18,0,36,22,0,21,0,0,0
'841950,Heat-exchange units (excl. those used with boilers),0,0,0,0,0,0,0,0,0,0,0,0,,,,,,,,,,,,,,,831,75,113,164,21,381,106,79,897,38,119,41
'842099,"Parts for calendering or rolling machines, n.e.s. (other than for metals or glass and excl. ...",0,0,0,0,0,0,0,0,0,0,0,0,,,,,,,,,,,,,,,0,0,0,0,0,0,0,0,0,0,0,0
'842112,Centrifugal clothes-dryers,0,0,0,0,0,0,0,0,0,0,0,0,,,,,,,,,,,,,,,0,0,0,0,0,0,0,0,0,0,0,0
'842121,Machinery and apparatus for filtering or purifying water,0,0,0,0,0,0,0,0,0,0,0,0,,,,,,,,,,,,,,,635,133,340,303,1192,401,482,848,289,371,99,708
'842131,Intake air filters for internal combustion engines,0,0,0,0,0,0,0,0,0,0,0,0,,,,,,,,,,,,,,,91,156,178,203,221,300,84,97,15,103,280,579
'842220,Machinery for cleaning or drying bottles or other containers (excl. dishwashing machines),0,0,0,0,0,0,0,0,0,0,0,0,,,,,,,,,,,,,,,0,0,0,0,0,0,0,0,0,179,0,0
'842240,"Packing or wrapping machinery, incl. heat-shrink wrapping machinery (excl. machinery for filling, ...",0,0,0,0,0,0,0,0,0,0,0,0,,,,,,,,,,,,,,,1207,1068,1151,1445,1394,1249,823,680,2456,670,399,363
'842389,Weighing machinery of a maximum weighing capacity > 5.000 kg,0,0,0,0,0,0,0,0,0,0,0,0,,,,,,,,,,,,,,,0,0,0,0,0,0,0,0,0,0,0,0
'842519,"Pulley tackle and hoists (other than skip hoists or hoists of a kind used for raising vehicles), ...",0,0,0,0,0,0,0,0,0,0,0,0,,,,,,,,,,,,,,,0,0,0,98,55,0,12,0,0,0,0,0
'842612,Mobile lifting frames on tyres and straddle carriers,0,0,0,0,0,0,0,0,0,0,0,0,,,,,,,,,,,,,,,0,0,0,0,0,0,0,0,0,0,0,0
'842619,"Overhead travelling cranes, transporter cranes, gantry cranes, bridge cranes and mobile lifting ...",0,0,0,0,0,0,0,0,0,0,0,0,,,,,,,,,,,,,,,0,0,0,0,0,0,0,0,0,0,0,0
'842691,Cranes designed for mounting on road vehicles,0,0,0,0,0,0,0,0,0,0,0,0,,,,,,,,,,,,,,,0,0,0,374,0,396,658,0,0,0,0,0
'842790,"Works trucks fitted with lifting or handling equipment, not self-propelled",0,0,0,0,0,0,0,0,0,0,0,0,,,,,,,,,,,,,,,0,0,0,0,0,0,0,0,0,0,0,0
'842839,"Continuous-action elevators and conveyors, for goods or materials (excl. those for underground ...",0,0,0,0,0,0,0,0,0,0,0,0,,,,,,,,,,,,,,,53,108,318,510,1120,949,1695,8787,1545,1376,942,717
'843039,"Coal or rock cutters and tunnelling machinery, not self-propelled (excl. hand-operated tools ...",0,0,0,0,0,0,0,0,0,0,0,0,,,,,,,,,,,,,,,0,0,0,0,0,0,0,0,0,0,0,0
'843221,"Disc harrows for use in agriculture, horticulture or forestry",0,0,0,0,0,0,0,0,0,0,0,0,,,,,,,,,,,,,,,0,0,0,0,0,0,0,0,0,0,0,0
'843290,"Parts of agricultural, horticultural or forestry machinery for soil preparation or cultivation ...",0,0,0,0,0,0,0,0,0,0,0,0,,,,,,,,,,,,,,,709,1509,662,1107,1228,1273,1108,801,1267,246,720,945
'843410,Milking machines,0,0,0,0,0,0,0,0,0,0,0,0,,,,,,,,,,,,,,,0,0,0,0,0,0,191,0,0,0,0,0
'843420,"Dairy machinery (excl. refrigerating or heat treatment equipment, cream separators, clarifying ...",0,0,0,0,0,0,0,0,0,0,0,0,,,,,,,,,,,,,,,0,0,0,0,0,0,0,0,429,0,764,0
'843621,Poultry incubators and brooders,0,0,0,0,0,0,0,0,0,0,0,0,,,,,,,,,,,,,,,0,0,0,0,0,0,0,0,0,0,0,0
'844090,"Parts of bookbinding machinery, n.e.s.",0,0,0,0,0,0,0,0,0,0,0,0,,,,,,,,,,,,,,,0,0,0,0,0,0,0,0,0,0,0,0
'844180,"Machinery for making up paper pulp, paper or paperboard, n.e.s.",0,0,0,0,0,0,0,0,0,0,0,0,,,,,,,,,,,,,,,0,0,0,0,0,0,0,0,0,0,0,0
'844230,"Machinery, apparatus and equipment for preparing or making printing plates, cylinders or other ...",0,0,0,0,0,0,0,0,0,0,0,0,,,,,,,,,,,,,,,0,0,0,0,0,0,0,0,0,0,0,0
'844315,Letterpress printing machinery (excl. flexographic printing and reel fed machinery),0,0,0,0,0,0,0,0,0,0,0,0,,,,,,,,,,,,,,,0,0,0,0,0,0,0,0,0,0,0,0
'844319,"Printing machinery used for printing by means of plates, cylinders and other printing components ...",0,0,0,0,0,0,0,0,0,0,0,0,,,,,,,,,,,,,,,0,0,0,0,0,0,0,0,0,0,0,0
'844331,"Machines which perform two or more of the functions of printing, copying or facsimile transmission, ...",0,0,0,0,0,0,0,0,0,0,0,0,,,,,,,,,,,,,,,0,0,0,0,0,0,0,0,0,20,0,0
'844511,Carding machines for preparing textile fibres,0,0,0,0,0,0,0,0,0,0,0,0,,,,,,,,,,,,,,,0,0,0,0,0,0,0,0,0,0,0,0
'844540,"Textile winding, incl. weft-winding, or reeling machines",0,0,0,0,0,0,0,0,0,0,0,0,,,,,,,,,,,,,,,0,0,0,0,0,0,0,0,0,0,0,0
'844629,"Hand looms for weaving fabrics of a width > 30 cm, shuttle type",0,0,0,0,0,0,0,0,0,0,0,0,,,,,,,,,,,,,,,0,0,0,0,0,0,0,0,0,0,0,0
'844720,Flat knitting machines; stitch-bonding machines,0,0,0,0,0,0,0,0,0,0,0,0,,,,,,,,,,,,,,,0,0,0,0,0,0,0,0,0,0,0,0
'844831,Card clothing for machines for preparing textile fibres,0,0,0,0,0,0,0,0,0,0,0,0,,,,,,,,,,,,,,,0,0,0,0,0,0,0,0,0,0,0,0
'845129,"Drying machines for textile yarns, fabrics or made-up textile articles (excl. machines of a ...",0,0,0,0,0,0,0,0,0,0,0,0,,,,,,,,,,,,,,,0,0,0,0,0,0,0,0,0,0,0,0
'845140,"Machines for washing, bleaching or dyeing textile yarns, fabrics or made-up textile articles ...",0,0,0,0,0,0,0,0,0,0,0,0,,,,,,,,,,,,,,,0,0,0,0,0,0,0,0,0,0,0,0
'845150,"Machines for reeling, unreeling, folding, cutting or pinking textile fabrics",0,0,0,0,0,0,0,0,0,0,0,0,,,,,,,,,,,,,,,0,0,0,0,0,0,0,0,0,0,0,0
'845390,"Parts of machinery for preparing, tanning or working hides, skins or leather or for making ...",0,0,0,0,0,0,0,0,0,0,0,0,,,,,,,,,,,,,,,0,0,0,0,0,0,0,0,0,0,0,0
'845611,"Machine tools for working any material by removal of material, operated by laser (excl. soldering ...",0,0,0,0,0,0,0,0,0,0,0,0,,,,,,,,,,,,,,,0,0,0,0,0,0,0,0,0,0,0,0
'845630,"Machine tools for working any material by removal of material, operated by electro-discharge ...",0,0,0,0,0,0,0,0,0,0,0,0,,,,,,,,,,,,,,,0,0,0,0,0,0,0,0,0,0,0,0
'845640,"Machine tools for working any material by removal of material, operated by plasma arc processes",0,0,0,0,0,0,0,0,0,0,0,0,,,,,,,,,,,,,,,0,0,0,0,0,0,0,0,96,0,0,0
'845811,"Horizontal lathes, incl. turning centres, for removing metal, numerically controlled",0,0,0,0,0,0,0,0,0,0,0,0,,,,,,,,,,,,,,,0,0,0,0,0,0,0,0,0,0,0,0
'845939,"Boring-milling machines for metals, not numerically controlled (excl. way-type unit head machines)",0,0,0,0,0,0,0,0,0,0,0,0,,,,,,,,,,,,,,,0,0,0,0,0,0,0,0,0,0,0,0
'845959,"Milling machines for metals, knee-type, not numerically controlled",0,0,0,0,0,0,0,0,0,0,0,0,,,,,,,,,,,,,,,0,0,0,0,0,0,0,0,0,0,0,0
'846012,"Flat-surface grinding machines for finishing metal, numerically controlled",0,0,0,0,0,0,0,0,0,0,0,0,,,,,,,,,,,,,,,0,0,0,0,0,0,0,0,0,0,0,0
'846190,"Planing machines and other machine tools for working metals, metal carbides or cermets by removing ...",0,0,0,0,0,0,0,0,0,0,0,0,,,,,,,,,,,,,,,0,0,0,0,0,0,0,0,0,0,0,0
'846224,Numerically controlled panel benders,0,0,0,0,0,0,0,0,0,0,0,0,,,,,,,,,,,,,,,0,0,0,0,0,0,0,0,0,0,0,0
'846251,"Machines for working tube, pipe, hollow section and bar, numerically controlled (excl. presses)",0,0,0,0,0,0,0,0,0,0,0,0,,,,,,,,,,,,,,,0,0,0,0,0,0,0,0,0,0,0,0
'846693,Parts and accessories for machine tools for working material by removing material of headings ...,0,0,0,0,0,0,0,0,0,0,0,0,,,,,,,,,,,,,,,24,0,0,0,32,33,13,0,8,35,39,0
'846694,"Parts and accessories for machine tools for working metal without removing material, n.e.s.",0,0,0,0,0,0,0,0,0,0,0,0,,,,,,,,,,,,,,,0,0,17,0,0,15,0,0,0,42,0,0
'846880,"Machinery and apparatus for welding, not gas-operated (excl. electric machines and apparatus ...",0,0,0,0,0,0,0,0,0,0,0,0,,,,,,,,,,,,,,,0,0,0,0,0,0,0,0,0,0,0,0
'847021,"Electronic calculating machines incorporating a printing device, with mains connection (excl. ...",0,0,0,0,0,0,0,0,0,0,0,0,,,,,,,,,,,,,,,0,0,0,0,0,0,0,0,0,0,0,0
'847130,"Data-processing machines, automatic, portable, weighing <= 10 kg, consisting of at least a ...",0,0,0,0,0,0,0,0,0,0,0,0,,,,,,,,,,,,,,,22,10,12,8,15,6,1,24,37,63,25,87
'847150,"Processing units for automatic data-processing machines, whether or not containing in the same ...",0,0,0,0,0,0,0,0,0,0,0,0,,,,,,,,,,,,,,,54,277,146,82,248,123,187,118,160,782,37,129
'847180,"Units for automatic data-processing machines (excl. processing units, input or output units ...",0,0,0,0,0,0,0,0,0,0,0,0,,,,,,,,,,,,,,,16,85,29,69,46,14,126,11,124,51,18,0
'847330,Parts and accessories of automatic data-processing machines or for other machines of heading ...,0,0,0,0,0,0,0,0,0,0,0,0,,,,,,,,,,,,,,,38,45,47,55,42,30,77,15,28,50,2,19
'847350,Parts and accessories equally suitable for use with machines of two or more of the headings ...,0,0,0,0,0,0,0,0,0,0,0,0,,,,,,,,,,,,,,,0,0,0,0,0,0,0,0,0,0,0,0
'847490,"Parts of machinery for working mineral substances of heading 8474, n.e.s.",0,0,0,0,0,0,0,0,0,0,0,0,,,,,,,,,,,,,,,767,1245,1088,1134,1015,670,450,576,605,1076,842,605
'847979,Passenger boarding bridges (excl. of a kind used in airports),0,0,0,0,0,0,0,0,0,0,0,0,,,,,,,,,,,,,,,0,0,0,0,0,0,0,0,0,0,0,0
'848190,"Parts of valves and similar articles for pipes, boiler shells, tanks, vats or the like, n.e.s.",0,0,0,0,0,0,0,0,0,0,0,0,,,,,,,,,,,,,,,1365,1585,1722,1331,1509,1523,1479,1407,1079,1220,1418,1357
'848630,Machines and apparatus for the manufacture of flat panel displays,0,0,0,0,0,0,0,0,0,0,0,0,,,,,,,,,,,,,,,0,0,0,0,0,0,0,0,0,0,0,0
'848640,Machines and apparatus specified in Note 11 C to chapter 84,0,0,0,0,0,0,0,0,0,0,0,0,,,,,,,,,,,,,,,0,0,0,0,0,0,0,0,0,0,0,0
'850134,DC motors and DC generators of an output > 375 kW (excl. photovoltaic generators),0,0,0,0,0,0,0,0,0,0,0,0,,,,,,,,,,,,,,,0,0,0,0,0,0,0,0,0,0,0,0
'850161,"AC generators ""alternators"", of an output <= 75 kVA (excl. photovoltaic generators)",0,0,0,0,0,0,0,0,0,0,0,0,,,,,,,,,,,,,,,0,0,0,0,0,0,0,0,0,0,0,0
'850163,"AC generators ""alternators"", of an output > 375 kVA but <= 750 kVA (excl. photovoltaic generators)",0,0,0,0,0,0,0,0,0,0,0,0,,,,,,,,,,,,,,,0,0,0,0,0,0,0,0,0,0,0,0
'850211,"Generating sets with compression-ignition internal combustion piston engine ""diesel or semi-diesel ...",0,0,0,0,0,0,0,0,0,0,0,0,,,,,,,,,,,,,,,0,0,0,0,0,0,0,0,0,0,0,0
'850423,"Liquid dielectric transformers, having a power handling capacity > 10.000 kVA",0,0,0,0,0,0,0,0,0,0,0,0,,,,,,,,,,,,,,,0,0,0,0,0,0,0,0,0,0,0,0
'850511,Permanent magnets of metal and articles intended to become permanent magnets after magnetization ...,0,0,0,0,0,0,0,0,0,0,0,0,,,,,,,,,,,,,,,0,0,0,0,0,0,0,0,0,0,0,0
'851110,Sparking plugs of a kind used for spark-ignition or compression-ignition internal combustion ...,0,0,0,0,0,0,0,0,0,0,0,0,,,,,,,,,,,,,,,0,5,3,3,4,3,0,2,0,0,0,0
'851120,"Ignition magnetos, magneto-dynamos and magnetic flywheels, for spark-ignition or compression-ignition ...",0,0,0,0,0,0,0,0,0,0,0,0,,,,,,,,,,,,,,,0,0,0,0,0,0,0,0,0,0,0,0
'851190,"Parts of electrical ignition or starting equipment, generators, etc. of heading 8511, n.e.s.",0,0,0,0,0,0,0,0,0,0,0,0,,,,,,,,,,,,,,,8,8,3,18,15,1,9,4,6,5,10,7
'851519,Brazing or soldering machines (excl. soldering irons and guns),0,0,0,0,0,0,0,0,0,0,0,0,,,,,,,,,,,,,,,0,0,0,0,0,0,0,0,0,0,0,0
'851531,"Fully or partly automatic machines for arc welding of metals, incl. plasma arc welding",0,0,0,0,0,0,0,0,0,0,0,0,,,,,,,,,,,,,,,0,0,0,0,0,0,0,0,0,0,0,0
'851632,Electro-thermic hairdressing apparatus (excl. hairdryers),0,0,0,0,0,0,0,0,0,0,0,0,,,,,,,,,,,,,,,0,0,0,0,0,0,0,0,0,0,0,0
'851672,"Electric toasters, for domestic use",0,0,0,0,0,0,0,0,0,0,0,0,,,,,,,,,,,,,,,0,0,0,0,0,0,0,0,0,0,0,0
'851711,Line telephone sets with cordless handsets,0,0,0,0,0,0,0,0,0,0,0,0,,,,,,,,,,,,,,,0,0,0,0,0,0,0,0,0,0,0,0
'100640,Broken rice,0,0,0,0,0,0,0,0,0,0,0,0,,,,,,,,,,,,,,,600,766,917,932,864,719,417,588,857,944,781,1430
'110100,Wheat or meslin flour,0,0,0,0,0,0,0,0,0,0,0,0,,,,,,,,,,,,,,,12281,14063,16394,14887,14551,16780,14911,12413,12983,13587,13357,16491
'110412,Rolled or flaked grains of oats,0,0,0,0,0,0,0,0,0,0,0,0,,,,,,,,,,,,,,,0,0,0,0,0,0,0,0,0,0,0,0
'110819,"Starch (excl. wheat, maize, potato and manioc)",0,0,0,0,0,0,0,0,0,0,0,0,,,,,,,,,,,,,,,0,0,0,0,0,0,0,0,0,0,0,0
'120510,"Low erucic acid rape or colza seeds ""yielding a fixed oil which has an erucic acid content ...",0,0,0,0,0,0,0,0,0,0,0,0,,,,,,,,,,,,,,,0,0,0,0,0,0,0,0,0,0,0,0
'121020,"Hop cones, ground, powdered or in the form of pellets; lupulin",0,0,0,0,0,0,0,0,0,0,0,0,,,,,,,,,,,,,,,0,0,0,0,0,0,0,0,0,0,0,0
'121120,"Ginseng roots, fresh, chilled, frozen or dried, whether or not cut, crushed or powdered",0,0,0,0,0,0,0,0,0,0,0,0,,,,,,,,,,,,,,,0,0,0,0,0,0,0,0,0,0,0,0
'121190,"Plants, parts of plants, incl. seeds and fruits, used primarily in perfumery, in pharmacy or ...",0,0,0,0,0,0,0,0,0,0,0,0,,,,,,,,,,,,,,,258,526,435,597,289,354,428,495,362,197,385,312
'130212,Extracts of liquorice (excl. that with a sucrose content by weight of > 10% or in the form ...,0,0,0,0,0,0,0,0,0,0,0,0,,,,,,,,,,,,,,,0,0,0,0,0,0,0,0,0,0,0,0
'150110,"Lard, rendered or otherwise extracted (excl. lard stearin and lard oil)",0,0,0,0,0,0,0,0,0,0,0,0,,,,,,,,,,,,,,,0,0,0,0,0,0,0,0,0,0,0,0
'150940,"Virgin olive oil ""EU cat. 3"" obtained from the fruit of the olive tree solely by mechanical ...",0,0,0,0,0,0,0,0,0,0,0,0,,,,,,,,,,,,,,,0,0,0,0,0,0,0,0,0,0,0,0
'151411,"Low erucic acid rape or colza oil ""fixed oil which has an erucic acid content of < 2%"", crude",0,0,0,0,0,0,0,0,0,0,0,0,,,,,,,,,,,,,,,0,0,0,0,0,0,0,0,0,0,0,0
'151529,"Maize oil and fractions thereof, whether or not refined, but not chemically modified (excl. ...",0,0,0,0,0,0,0,0,0,0,0,0,,,,,,,,,,,,,,,0,0,0,0,32,0,0,0,0,0,0,0
'151550,"Sesame oil and its fractions, whether or not refined, but not chemically modified",0,0,0,0,0,0,0,0,0,0,0,0,,,,,,,,,,,,,,,0,0,0,0,0,0,0,0,0,0,0,0
'160220,Preparations of liver of any animal (excl. sausages and similar products and finely homogenised ...,0,0,0,0,0,0,0,0,0,0,0,0,,,,,,,,,,,,,,,0,0,0,0,0,0,0,0,0,0,0,0
'160559,"Molluscs, prepared or preserved (excl. smoked, oysters, scallops, mussels, cuttle fish, squid, ...",0,0,0,0,0,0,0,0,0,0,0,0,,,,,,,,,,,,,,,0,0,0,0,0,0,0,0,0,0,0,0
'170114,"Raw cane sugar, in solid form, not containing added flavouring or colouring matter (excl. cane ...",0,0,0,0,0,0,0,0,0,0,0,0,,,,,,,,,,,,,,,1038,0,0,0,25776,3833,13049,18452,0,0,0,0
'170220,"Maple sugar, in solid form, and maple syrup (excl. flavoured or coloured)",0,0,0,0,0,0,0,0,0,0,0,0,,,,,,,,,,,,,,,0,0,0,0,0,0,0,0,0,0,0,0
'190211,"Uncooked pasta, not stuffed or otherwise prepared, containing eggs",0,0,0,0,0,0,0,0,0,0,0,0,,,,,,,,,,,,,,,0,0,46,0,0,0,0,35,0,0,0,0
'190300,"Tapioca and substitutes therefor prepared from starch, in the form of flakes, grains, pearls, ...",0,0,0,0,0,0,0,0,0,0,0,0,,,,,,,,,,,,,,,0,0,0,0,0,0,0,0,0,0,0,0
'190520,"Gingerbread and the like, whether or not containing cocoa",0,0,0,0,0,0,0,0,0,0,0,0,,,,,,,,,,,,,,,0,0,0,0,341,697,796,529,65,0,0,0
'200410,"Potatoes, prepared or preserved otherwise than by vinegar or acetic acid, frozen",0,0,0,0,0,0,0,0,0,0,0,0,,,,,,,,,,,,,,,29048,26695,28465,28771,24989,28669,29922,26123,30045,25222,25033,28934
'200600,"Vegetables, fruit, nuts, fruit-peel and other edible parts of plants, preserved by sugar ""drained, ...",0,0,0,0,0,0,0,0,0,0,0,0,,,,,,,,,,,,,,,0,0,41,130,133,0,0,112,0,0,0,0
'200989,"Juice of fruit or vegetables, unfermented, whether or not containing added sugar or other sweetening ...",0,0,0,0,0,0,0,0,0,0,0,0,,,,,,,,,,,,,,,3705,7306,5286,3517,1893,5853,919,959,1352,976,2338,2625
'210130,"Roasted chicory and other roasted coffee substitutes, and extracts, essences and concentrates ...",0,0,0,0,0,0,0,0,0,0,0,0,,,,,,,,,,,,,,,0,0,0,0,0,0,0,0,0,0,0,0
'210310,Soya sauce,0,0,0,0,0,0,0,0,0,0,0,0,,,,,,,,,,,,,,,0,0,0,0,0,0,0,0,0,0,0,0
'230320,"Beet-pulp, bagasse and other waste of sugar manufacture",0,0,0,0,0,0,0,0,0,0,0,0,,,,,,,,,,,,,,,0,0,0,0,0,0,0,0,0,0,0,0
'230610,"Oilcake and other solid residues, whether or not ground or in the form of pellets, resulting ...",0,0,0,0,0,0,0,0,0,0,0,0,,,,,,,,,,,,,,,0,0,0,0,0,0,0,0,0,0,0,0
'240210,"Cigars, cheroots and cigarillos containing tobacco",0,0,0,0,0,0,0,0,0,0,0,0,,,,,,,,,,,,,,,0,0,0,0,0,0,0,0,0,0,0,0
'240311,Water-pipe tobacco (excl. tobacco-free. See subheading note 1.),0,0,0,0,0,0,0,0,0,0,0,0,,,,,,,,,,,,,,,0,0,0,0,0,0,0,0,0,0,0,0
'250100,"Salts, incl. table salt and denatured salt, and pure sodium chloride, whether or not in aqueous ...",0,0,0,0,0,0,0,0,0,0,0,0,,,,,,,,,,,,,,,345,78,193,377,151,117,177,264,135,335,160,150
'250810,Bentonite,0,0,0,0,0,0,0,0,0,0,0,0,,,,,,,,,,,,,,,980,1293,1333,1125,1313,1164,1143,712,703,725,966,888
'251741,"Marble granules, chippings and powder, whether or not heat-treated",0,0,0,0,0,0,0,0,0,0,0,0,,,,,,,,,,,,,,,0,0,0,0,0,0,0,0,0,0,0,0
'252100,"Limestone flux; limestone and other calcareous stone, of a kind used for the manufacture of ...",0,0,0,0,0,0,0,0,0,0,0,0,,,,,,,,,,,,,,,0,0,0,0,0,0,0,0,0,0,0,0
'252220,Slaked lime,0,0,0,0,0,0,0,0,0,0,0,0,,,,,,,,,,,,,,,113,152,0,173,129,133,238,115,140,220,136,74
'252310,Cement clinkers,0,0,0,0,0,0,0,0,0,0,0,0,,,,,,,,,,,,,,,0,0,0,0,0,0,0,0,0,0,0,0
'252390,"Cement, whether or not coloured (excl. portland cement and aluminous cement)",0,0,0,0,0,0,0,0,0,0,0,0,,,,,,,,,,,,,,,0,0,0,0,0,0,0,0,0,0,0,0
'252800,"Borates, natural, and concentrates thereof, whether or not calcined, and natural boric acids ...",0,0,0,0,0,0,0,0,0,0,0,0,,,,,,,,,,,,,,,2981,3286,3461,5211,5119,6570,4830,3096,3727,2323,2224,3940
'260111,Non-agglomerated iron ores and concentrates (excl. roasted iron pyrites),0,0,0,0,0,0,0,0,0,0,0,0,,,,,,,,,,,,,,,0,0,0,0,0,0,0,0,0,0,0,0
'260200,"Manganese ores and concentrates, incl. ferruginous manganese ores and concentrates, with a ...",0,0,0,0,0,0,0,0,0,0,0,0,,,,,,,,,,,,,,,0,0,0,0,0,0,0,0,0,0,0,0
'261100,Tungsten ores and concentrates,0,0,0,0,0,0,0,0,0,0,0,0,,,,,,,,,,,,,,,0,0,0,0,0,0,0,0,0,0,0,0
'262099,"Slag, ash and residues, containing metals or metal compounds (excl. those from the manufacture ...",0,0,0,0,0,0,0,0,0,0,0,0,,,,,,,,,,,,,,,0,0,0,0,0,0,0,0,0,0,0,0
'270400,"Coke and semi-coke of coal, of lignite or of peat, whether or not agglomerated; retort carbon",0,0,0,0,0,0,0,0,0,0,0,0,,,,,,,,,,,,,,,170,107,87,0,0,99,0,190,75,0,0,0
'271500,"Bituminous mastics, cut-backs and other bituminous mixtures based on natural asphalt, on natural ...",0,0,0,0,0,0,0,0,0,0,0,0,,,,,,,,,,,,,,,0,0,0,0,0,0,0,0,0,0,0,0
'271600,Electrical energy,0,0,0,0,0,0,0,0,0,0,0,0,,,,,,,,,,,,,,,0,0,0,0,0,0,0,0,0,0,0,0
'280300,"Carbon ""carbon blacks and other forms of carbon"", n.e.s.",0,0,0,0,0,0,0,0,0,0,0,0,,,,,,,,,,,,,,,3014,3046,2109,2872,3592,2451,2873,2220,0,0,2631,3293
'280430,Nitrogen,0,0,0,0,0,0,0,0,0,0,0,0,,,,,,,,,,,,,,,0,0,0,0,0,0,0,0,0,0,0,0
'280469,"Silicon containing < 99,99% by weight of silicon",0,0,0,0,0,0,0,0,0,0,0,0,,,,,,,,,,,,,,,0,0,0,0,0,0,0,0,0,0,0,0
'280540,Mercury,0,0,0,0,0,0,0,0,0,0,0,0,,,,,,,,,,,,,,,0,0,0,0,0,0,0,0,0,0,0,0
'280610,"Hydrogen chloride ""hydrochloric acid""",0,0,0,0,0,0,0,0,0,0,0,0,,,,,,,,,,,,,,,0,131,0,0,0,0,0,0,0,0,0,155
'281910,Chromium trioxide,0,0,0,0,0,0,0,0,0,0,0,0,,,,,,,,,,,,,,,0,0,0,0,0,0,0,0,0,0,0,0
'282300,Titanium oxides,0,0,0,0,0,0,0,0,0,0,0,0,,,,,,,,,,,,,,,0,0,0,0,0,0,0,0,0,0,0,0
'282550,Copper oxides and hydroxides,0,0,0,0,0,0,0,0,0,0,0,0,,,,,,,,,,,,,,,0,0,0,0,0,0,0,0,0,0,0,0
'282732,Aluminium chloride,0,0,0,0,0,0,0,0,0,0,0,0,,,,,,,,,,,,,,,0,0,0,0,0,0,0,0,0,0,0,0
'282741,Chloride oxides and chloride hydroxides of copper,0,0,0,0,0,0,0,0,0,0,0,0,,,,,,,,,,,,,,,0,0,0,0,0,0,0,0,0,0,0,0
'282760,Iodides and iodide oxides (excl. inorganic or organic compounds of mercury),0,0,0,0,0,0,0,0,0,0,0,0,,,,,,,,,,,,,,,0,0,0,0,0,0,0,0,0,0,0,0
'283311,Disodium sulphate,0,0,0,0,0,0,0,0,0,0,0,0,,,,,,,,,,,,,,,0,0,0,0,0,0,0,0,0,0,0,0
'283327,Sulphate of barium,0,0,0,0,0,0,0,0,0,0,0,0,,,,,,,,,,,,,,,0,0,0,0,0,0,0,0,0,0,0,0
'283510,"Phosphinates ""hypophosphites"" and phosphonates ""phosphites""",0,0,0,0,0,0,0,0,0,0,0,0,,,,,,,,,,,,,,,0,0,0,0,0,0,0,0,0,0,0,0
'283919,"Silicates of sodium, incl. commercial silicates (excl. sodium metasilicates)",0,0,0,0,0,0,0,0,0,0,0,0,,,,,,,,,,,,,,,0,0,0,0,40,0,0,36,0,74,0,80
'284011,"Anhydrous disodium tetraborate ""refined borax""",0,0,0,0,0,0,0,0,0,0,0,0,,,,,,,,,,,,,,,0,0,0,0,0,0,0,0,0,0,0,0
'284190,"Salts of oxometallic or peroxometallic acids (excl. chromates, dichromates, peroxochromates, ...",0,0,0,0,0,0,0,0,0,0,0,0,,,,,,,,,,,,,,,0,0,0,0,0,0,0,0,0,0,0,0
'284442,"Actinium-225, actinium-227, californium-253, curium-240, curium-241, curium-242, curium-243, ...",0,0,0,0,0,0,0,0,0,0,0,0,,,,,,,,,,,,,,,0,0,0,0,0,0,0,0,0,0,0,0
'284510,"Heavy water ""deuterium oxide"" [Euratom]",0,0,0,0,0,0,0,0,0,0,0,0,,,,,,,,,,,,,,,0,0,0,0,0,0,0,0,0,0,0,0
'284610,Cerium compounds,0,0,0,0,0,0,0,0,0,0,0,0,,,,,,,,,,,,,,,0,0,0,0,0,0,0,0,0,0,0,0
'284990,"Carbides, whether or not chemically defined (excl. of calcium or silicon, and inorganic or ...",0,0,0,0,0,0,0,0,0,0,0,0,,,,,,,,,,,,,,,0,0,0,0,0,0,0,0,0,0,0,0
'285210,"Compounds, inorganic or organic, of mercury, chemically defined (excl. amalgams)",0,0,0,0,0,0,0,0,0,0,0,0,,,,,,,,,,,,,,,0,0,0,0,0,0,0,0,0,0,0,0
'290219,"Cyclanes, cyclenes and cycloterpenes (excl. cyclohexane)",0,0,0,0,0,0,0,0,0,0,0,0,,,,,,,,,,,,,,,0,0,0,0,0,0,0,0,4,0,0,0
'290313,"Chloroform ""trichloromethane""",0,0,0,0,0,0,0,0,0,0,0,0,,,,,,,,,,,,,,,0,0,0,0,0,0,0,0,0,0,0,0
'290343,"Fluoromethane ""HFC-41"", 1,2-difluoroethane ""HFC-152"" and 1,1-difluoroethane ""HFC-152a""",0,0,0,0,0,0,0,0,0,0,0,0,,,,,,,,,,,,,,,0,0,0,0,0,0,0,0,0,0,0,0
'290371,Chlorodifluoromethane,0,0,0,0,0,0,0,0,0,0,0,0,,,,,,,,,,,,,,,0,0,0,0,0,0,0,0,0,0,0,0
'290399,"Halogenated derivatives of aromatic hydrocarbons (excl. chlorobenzene, o-dichlorobenzene, p-dichlorobenzene, ...",0,0,0,0,0,0,0,0,0,0,0,0,,,,,,,,,,,,,,,0,0,0,0,0,0,0,0,0,0,0,0
'290712,Cresols and their salts,0,0,0,0,0,0,0,0,0,0,0,0,,,,,,,,,,,,,,,0,0,0,0,0,0,0,0,0,0,0,0
'290722,"Hydroquinone ""quinol"" and its salts",0,0,0,0,0,0,0,0,0,0,0,0,,,,,,,,,,,,,,,0,0,0,0,0,0,0,0,0,0,0,0
'290949,"Ether-alcohols and their halogenated, sulphonated, nitrated or nitrosated derivatives (excl. ...",0,0,0,0,0,0,0,0,0,0,0,0,,,,,,,,,,,,,,,0,0,21,0,0,0,0,0,0,0,0,0
'291100,"Acetals and hemiacetals, whether or not with other oxygen function, and their halogenated, ...",0,0,0,0,0,0,0,0,0,0,0,0,,,,,,,,,,,,,,,0,0,0,0,0,0,0,0,0,0,0,0
'291260,Paraformaldehyde,0,0,0,0,0,0,0,0,0,0,0,0,,,,,,,,,,,,,,,0,0,0,0,0,0,0,0,0,0,0,0
'291529,Salts of acetic acid (excl. inorganic or organic compounds of mercury),0,0,0,0,0,0,0,0,0,0,0,0,,,,,,,,,,,,,,,0,0,0,0,0,0,3,0,0,0,0,0
'291619,"Unsaturated acyclic monocarboxylic acids, their anhydrides, halides, peroxides, peroxyacids ...",0,0,0,0,0,0,0,0,0,0,0,0,,,,,,,,,,,,,,,0,0,0,0,0,0,0,0,0,0,0,0
'291737,Dimethyl terephthalate,0,0,0,0,0,0,0,0,0,0,0,0,,,,,,,,,,,,,,,0,0,0,0,0,0,0,0,0,0,0,0
'291817,"2,2-Diphenyl-2-hydroxyacetic acid ""benzilic acid""",0,0,0,0,0,0,0,0,0,0,0,0,,,,,,,,,,,,,,,0,0,0,0,0,0,0,0,0,0,0,0
'291899,"Carboxylic acids with additional oxygen function and their anhydrides, halides, peroxides and ...",0,0,0,0,0,0,0,0,0,0,0,0,,,,,,,,,,,,,,,0,0,0,0,0,0,0,0,0,0,0,0
'291990,"Phosphoric esters and their salts, incl. lactophosphates; their halogenated, sulphonated, nitrated ...",0,0,0,0,0,0,0,0,0,0,0,0,,,,,,,,,,,,,,,0,0,0,0,0,0,0,0,0,0,0,0
'292159,"Aromatic polyamines and their derivatives; salts thereof (excl. o-phenylenediamine, m-phenylenediamine, ...",0,0,0,0,0,0,0,0,0,0,0,0,,,,,,,,,,,,,,,0,0,0,0,0,0,0,0,0,0,0,0
'292519,"Imides and their derivatives; salts thereof (excl. saccharin and its salts, glutethimide [INN] ...",0,0,0,0,0,0,0,0,0,0,0,0,,,,,,,,,,,,,,,0,0,0,0,0,0,0,0,0,0,0,0
'293090,"Organo-sulphur compounds (excl. thiocarbamates and dithiocarbamates, thiuram mono-, di- or ...",0,0,0,0,0,0,0,0,0,0,0,0,,,,,,,,,,,,,,,0,0,4,15,2,0,4,0,0,0,0,0
'293120,Tributyltin compounds,0,0,0,0,0,0,0,0,0,0,0,0,,,,,,,,,,,,,,,0,0,0,0,0,0,0,0,0,0,0,0
'293212,"2-Furaldehyde ""furfuraldehyde""",0,0,0,0,0,0,0,0,0,0,0,0,,,,,,,,,,,,,,,0,0,0,0,0,0,0,0,0,0,0,0
'293329,"Heterocyclic compounds with nitrogen hetero-atom[s] only, containing an unfused imidazole ring, ...",0,0,0,0,0,0,0,0,0,0,0,0,,,,,,,,,,,,,,,0,0,0,0,0,0,142,23,0,0,0,0
'293335,3-Quinuclidinol,0,0,0,0,0,0,0,0,0,0,0,0,,,,,,,,,,,,,,,0,0,0,0,0,0,0,0,0,0,0,0
'293359,"Heterocyclic compounds with nitrogen hetero-atom[s] only, containing a pyrimidine ring, whether ...",0,0,0,0,0,0,0,0,0,0,0,0,,,,,,,,,,,,,,,0,0,150,27,0,0,0,106,0,0,0,54
'293361,Melamine,0,0,0,0,0,0,0,0,0,0,0,0,,,,,,,,,,,,,,,0,0,0,0,0,0,0,0,0,0,0,0
'293430,"Heterocyclic compounds containing in the structure a phenothiazine ring-system, whether or ...",0,0,0,0,0,0,0,0,0,0,0,0,,,,,,,,,,,,,,,0,0,0,0,0,0,0,0,0,0,0,0
'293623,"Vitamin B2 and its derivatives, used primarily as vitamins",0,0,0,0,0,0,0,0,0,0,0,0,,,,,,,,,,,,,,,0,0,0,0,0,0,0,0,0,0,0,0
'293628,"Vitamin E and its derivatives, used primarily as vitamins",0,0,0,0,0,0,0,0,0,0,0,0,,,,,,,,,,,,,,,1145,1203,1798,1356,979,929,1596,1863,876,500,1913,763
'293723,Oestrogens and progestogens,0,0,0,0,0,0,0,0,0,0,0,0,,,,,,,,,,,,,,,0,0,0,0,0,0,0,0,0,0,0,0
'293890,"Glycosides, natural or reproduced by synthesis, and their salts, ethers, esters and other derivatives ...",0,0,0,0,0,0,0,0,0,0,0,0,,,,,,,,,,,,,,,0,0,0,0,0,0,0,0,20,0,17,0
'293920,Alkaloids of cinchona and their derivatives; salts thereof,0,0,0,0,0,0,0,0,0,0,0,0,,,,,,,,,,,,,,,0,0,0,0,0,0,0,0,0,0,0,0
'293930,Caffeine and its salts,0,0,0,0,0,0,0,0,0,0,0,0,,,,,,,,,,,,,,,0,0,0,0,0,0,0,0,0,0,0,0
'293941,Ephedrine and its salts,0,0,0,0,0,0,0,0,0,0,0,0,,,,,,,,,,,,,,,0,0,0,0,0,0,0,0,0,0,0,0
'293942,"Pseudoephedrine ""INN"" and its salts",0,0,0,0,0,0,0,0,0,0,0,0,,,,,,,,,,,,,,,0,0,0,0,0,0,0,0,0,0,0,0
'294150,Erythromycin and its derivatives; salts thereof,0,0,0,0,0,0,0,0,0,0,0,0,,,,,,,,,,,,,,,0,0,0,0,0,0,0,0,0,0,0,0
'300242,Vaccines for veterinary medicine,0,0,0,0,0,0,0,0,0,0,0,0,,,,,,,,,,,,,,,749,1503,1608,1994,2230,2171,1115,1464,2006,2735,2609,1297
'300431,"Medicaments containing insulin but not antibiotics, put up in measured doses ""incl. those for ...",0,0,0,0,0,0,0,0,0,0,0,0,,,,,,,,,,,,,,,0,0,0,0,0,0,0,0,0,0,0,0
'300450,"Medicaments containing provitamins, vitamins, incl. natural concentrates and derivatives thereof ...",0,0,0,0,0,0,0,0,0,0,0,0,,,,,,,,,,,,,,,5592,4814,3206,4094,2851,3933,3327,3953,3895,4782,2273,2945
'300490,"Medicaments consisting of mixed or unmixed products for therapeutic or prophylactic purposes, ...",0,0,0,0,0,0,0,0,0,0,0,0,,,,,,,,,,,,,,,39787,52564,49464,50674,37901,46599,46817,38458,57874,32275,41340,40995
'300691,Appliances identifiable for ostomy use,0,0,0,0,0,0,0,0,0,0,0,0,,,,,,,,,,,,,,,0,0,0,0,0,0,0,0,0,0,0,0
'310240,Mixtures of ammonium nitrate with calcium carbonate or other inorganic non-fertilising substances ...,0,0,0,0,0,0,0,0,0,0,0,0,,,,,,,,,,,,,,,0,0,0,0,0,0,0,0,0,0,0,0
'310280,Mixtures of urea and ammonium nitrate in aqueous or ammoniacal solution (excl. those in packages ...,0,0,0,0,0,0,0,0,0,0,0,0,,,,,,,,,,,,,,,0,0,0,0,0,0,0,0,0,0,0,0
'310390,"Mineral or chemical phosphatic fertilisers (excl. superphosphates, those in tablets or similar ...",0,0,0,0,0,0,0,0,0,0,0,0,,,,,,,,,,,,,,,0,0,0,0,0,0,0,0,0,0,0,0
'310520,"Mineral or chemical fertilisers containing the three fertilising elements nitrogen, phosphorus ...",0,0,0,0,0,0,0,0,0,0,0,0,,,,,,,,,,,,,,,0,0,0,0,0,0,0,70,0,0,0,0
'320417,Synthetic organic pigments; preparations based on synthetic organic pigments of a kind used ...,0,0,0,0,0,0,0,0,0,0,0,0,,,,,,,,,,,,,,,92,94,43,80,129,118,54,143,290,74,102,64
'320890,"Paints and varnishes based, incl. enamels and lacquers, on synthetic polymers or chemically ...",0,0,0,0,0,0,0,0,0,0,0,0,,,,,,,,,,,,,,,548,416,445,416,518,461,424,327,400,535,380,612
'321490,"Non-refractory surfacing preparations for facades, inside walls, floors, ceilings and the like",0,0,0,0,0,0,0,0,0,0,0,0,,,,,,,,,,,,,,,415,436,272,460,326,285,546,508,321,301,212,270
'321519,"Printing ink, whether or not concentrated or solid (excl. black ink)",0,0,0,0,0,0,0,0,0,0,0,0,,,,,,,,,,,,,,,144,117,76,252,166,222,159,123,32,29,146,200
'330129,"Essential oils, whether or not terpeneless, incl. concretes and absolutes (excl. those of citrus ...",0,0,0,0,0,0,0,0,0,0,0,0,,,,,,,,,,,,,,,40,107,141,148,62,70,58,60,50,79,88,105
'340111,"Soap and organic surface-active products and preparations, in the form of bars, cakes, moulded ...",0,0,0,0,0,0,0,0,0,0,0,0,,,,,,,,,,,,,,,918,1938,1048,798,962,859,741,1480,539,546,1022,1215
'340391,Textile lubricant preparations and preparations of a kind used for the oil or grease treatment ...,0,0,0,0,0,0,0,0,0,0,0,0,,,,,,,,,,,,,,,37,87,30,160,116,43,166,86,74,0,0,86
'340540,"Scouring pastes and powders and other scouring preparations, whether or not in the form of ...",0,0,0,0,0,0,0,0,0,0,0,0,,,,,,,,,,,,,,,0,0,0,409,0,0,0,0,0,0,670,0
'350710,Rennet and concentrates thereof,0,0,0,0,0,0,0,0,0,0,0,0,,,,,,,,,,,,,,,0,0,0,0,0,0,0,0,0,0,0,0
'360310,Safety fuses,0,0,0,0,0,0,0,0,0,0,0,0,,,,,,,,,,,,,,,0,0,0,0,0,0,0,0,0,0,0,0
'360350,Igniters,0,0,0,0,0,0,0,0,0,0,0,0,,,,,,,,,,,,,,,0,0,0,0,0,0,0,0,0,0,0,0
'360690,"Ferro-cerium and other pyrophoric alloys in all forms; metaldehyde, hexamethylenetetramine ...",0,0,0,0,0,0,0,0,0,0,0,0,,,,,,,,,,,,,,,0,0,0,0,0,0,0,0,0,0,0,0
'370199,"Photographic plates and film in the flat for monochrome photography, sensitised, unexposed, ...",0,0,0,0,0,0,0,0,0,0,0,0,,,,,,,,,,,,,,,0,0,0,0,0,0,0,0,0,0,0,0
'370231,"Photographic film ""incl. instant print film"", in rolls, sensitised, unexposed, without perforations, ...",0,0,0,0,0,0,0,0,0,0,0,0,,,,,,,,,,,,,,,0,0,0,0,0,0,0,0,0,0,0,0
'370252,"Photographic film, sensitised, in rolls, unexposed, with perforations, for colour photography ...",0,0,0,0,0,0,0,0,0,0,0,0,,,,,,,,,,,,,,,0,0,0,0,0,0,0,0,0,0,0,0
'380290,"Activated kieselguhr and other activated natural mineral products; animal black, whether or ...",0,0,0,0,0,0,0,0,0,0,0,0,,,,,,,,,,,,,,,280,108,130,148,132,171,134,179,100,101,144,359
'380862,"Goods of heading 3808, containing alpha-cypermethrin ""ISO"", bendiocarb ""ISO"", bifenthrin ""ISO"", ...",0,0,0,0,0,0,0,0,0,0,0,0,,,,,,,,,,,,,,,0,0,0,0,0,0,0,0,0,0,0,0
'380899,Rodenticides and other plant protection products put up for retail sale or as preparations ...,0,0,0,0,0,0,0,0,0,0,0,0,,,,,,,,,,,,,,,0,0,0,46,0,192,74,0,73,68,0,0
'380910,"Finishing agents, dye carriers to accelerate the dyeing or fixing of dyestuffs and other products ...",0,0,0,0,0,0,0,0,0,0,0,0,,,,,,,,,,,,,,,0,0,0,0,0,0,0,0,0,0,0,0
'380993,"Finishing agents, dye carriers to accelerate the dyeing or fixing of dyestuffs, and other products ...",0,0,0,0,0,0,0,0,0,0,0,0,,,,,,,,,,,,,,,166,130,148,89,78,24,130,141,143,0,48,44
'381121,Prepared additives for oil lubricants containing petroleum oil or bituminous mineral oil,0,0,0,0,0,0,0,0,0,0,0,0,,,,,,,,,,,,,,,0,0,0,0,0,120,0,0,0,0,0,0
'382313,"Tall oil fatty acids, industrial",0,0,0,0,0,0,0,0,0,0,0,0,,,,,,,,,,,,,,,0,0,0,0,0,0,0,0,0,0,0,0
'382460,Sorbitol (excl. D-glucitol [sorbitol]),0,0,0,0,0,0,0,0,0,0,0,0,,,,,,,,,,,,,,,0,0,0,0,0,0,0,0,0,0,0,0
'382481,"Mixtures and preparations containing oxirane ""ethylene oxide""",0,0,0,0,0,0,0,0,0,0,0,0,,,,,,,,,,,,,,,0,0,0,0,0,0,0,0,0,0,0,0
'390190,"Polymers of ethylene, in primary forms (excl. polyethylene and ethylene-vinyl acetate copolymers)",0,0,0,0,0,0,0,0,0,0,0,0,,,,,,,,,,,,,,,946,0,0,510,728,0,0,0,0,0,0,718
'390320,"Styrene-acrylonitrile copolymers ""SAN"", in primary forms",0,0,0,0,0,0,0,0,0,0,0,0,,,,,,,,,,,,,,,0,0,0,0,0,0,0,0,0,0,0,0
'390410,"Poly""vinyl chloride"", in primary forms, not mixed with any other substances",0,0,0,0,0,0,0,0,0,0,0,0,,,,,,,,,,,,,,,0,0,0,0,0,0,0,0,0,0,0,0
'390421,"Non-plasticised poly""vinyl chloride"", in primary forms, mixed with other substances",0,0,0,0,0,0,0,0,0,0,0,0,,,,,,,,,,,,,,,0,0,0,0,75,0,0,0,0,92,61,67
'390690,"Acrylic polymers, in primary forms (excl. poly""methyl methacrylate"")",0,0,0,0,0,0,0,0,0,0,0,0,,,,,,,,,,,,,,,176,356,254,284,290,303,189,125,176,203,270,325
'390791,"Unsaturated polyallyl esters and other polyesters, in primary forms (excl. polycarbonates, ...",0,0,0,0,0,0,0,0,0,0,0,0,,,,,,,,,,,,,,,0,0,292,0,433,0,438,0,548,449,408,0
'390910,"Urea resins and thiourea resins, in primary forms",0,0,0,0,0,0,0,0,0,0,0,0,,,,,,,,,,,,,,,0,0,0,0,0,0,7,0,44,0,0,0
'390950,"Polyurethanes, in primary forms",0,0,0,0,0,0,0,0,0,0,0,0,,,,,,,,,,,,,,,74,140,30,93,40,3,0,19,100,0,0,129
'391231,"Carboxymethylcellulose and its salts, in primary forms",0,0,0,0,0,0,0,0,0,0,0,0,,,,,,,,,,,,,,,0,0,0,25,0,0,0,0,0,0,0,0
'391739,"Flexible tubes, pipes and hoses, of plastics, reinforced or otherwise combined with other materials ...",0,0,0,0,0,0,0,0,0,0,0,0,,,,,,,,,,,,,,,26,30,1929,15,32,33,22,83,28,60,9,19
'392030,"Plates, sheets, foil, film and strip, of non-cellular polymers of styrene, not reinforced, ...",0,0,0,0,0,0,0,0,0,0,0,0,,,,,,,,,,,,,,,61,103,75,98,0,27,61,78,63,46,53,40
'392063,"Plates, sheets, film, foil and strip, of non-cellular unsaturated polyesters, not reinforced, ...",0,0,0,0,0,0,0,0,0,0,0,0,,,,,,,,,,,,,,,0,0,0,0,0,0,0,0,0,0,0,0
'392114,"Plates, sheets, film, foil and strip, of regenerated cellular cellulose, unworked or merely ...",0,0,0,0,0,0,0,0,0,0,0,0,,,,,,,,,,,,,,,0,0,0,0,0,0,0,0,0,0,0,0
'392490,"Household articles and toilet articles, of plastics (excl. tableware, kitchenware, baths, shower-baths, ...",0,0,0,0,0,0,0,0,0,0,0,0,,,,,,,,,,,,,,,107,87,83,76,78,75,99,115,149,59,27,121
'400110,"Natural rubber latex, whether or not prevulcanised",0,0,0,0,0,0,0,0,0,0,0,0,,,,,,,,,,,,,,,0,0,0,0,0,0,0,0,0,0,0,0
'400241,"Chloroprene latex ""chlorobutadiene rubber, CR""",0,0,0,0,0,0,0,0,0,0,0,0,,,,,,,,,,,,,,,0,0,0,0,0,0,0,0,0,0,0,0
'400400,"Waste, parings and scrap of soft rubber and powders and granules obtained therefrom",0,0,0,0,0,0,0,0,0,0,0,0,,,,,,,,,,,,,,,0,0,0,0,0,0,0,0,0,0,0,0
'400690,"Rods, bars, tubes, profiles and other forms of unvulcanised rubber, incl. mixed rubber, and ...",0,0,0,0,0,0,0,0,0,0,0,0,,,,,,,,,,,,,,,0,0,0,0,0,0,0,0,7,0,0,0
'400811,"Plates, sheets and strip of cellular rubber",0,0,0,0,0,0,0,0,0,0,0,0,,,,,,,,,,,,,,,0,0,0,0,0,0,0,0,0,0,0,0
'400932,"Tubes, pipes and hoses, of vulcanised rubber (excl. hard rubber), reinforced or otherwise combined ...",0,0,0,0,0,0,0,0,0,0,0,0,,,,,,,,,,,,,,,79,50,54,88,108,29,44,31,35,59,40,22
'401035,"Endless synchronous belts, of vulcanised rubber, of an outside circumference > 60 cm but <= ...",0,0,0,0,0,0,0,0,0,0,0,0,,,,,,,,,,,,,,,0,0,485,1093,0,0,0,1547,937,1452,300,902
'401120,"New pneumatic tyres, of rubber, of a kind used for buses and lorries (excl. tyres with lug, ...",0,0,0,0,0,0,0,0,0,0,0,0,,,,,,,,,,,,,,,0,0,0,0,0,0,0,0,0,0,0,0
'401150,"New pneumatic tyres, of rubber, of a kind used for bicycles",0,0,0,0,0,0,0,0,0,0,0,0,,,,,,,,,,,,,,,0,0,0,0,0,0,0,0,0,0,0,0
'401694,"Boat or dock fenders, whether or not inflatable, of vulcanised rubber (excl. hard rubber and ...",0,0,0,0,0,0,0,0,0,0,0,0,,,,,,,,,,,,,,,0,0,0,0,0,0,0,0,0,0,0,0
'410190,"Butts, bends, bellies and split raw hides and skins of bovine ""incl. buffalo"" or equine animals, ...",0,0,0,0,0,0,0,0,0,0,0,0,,,,,,,,,,,,,,,0,0,0,0,0,0,0,0,0,0,0,0
'410210,"Raw skins of sheep or lambs, with wool on, fresh or salted, dried, limed, pickled or otherwise ...",0,0,0,0,0,0,0,0,0,0,0,0,,,,,,,,,,,,,,,0,0,0,0,67,0,88,111,0,94,0,130
'410411,"Full grains, unsplit and grain splits, in the wet state ""incl. wet-blue"", of hides and skins ...",0,0,0,0,0,0,0,0,0,0,0,0,,,,,,,,,,,,,,,0,1210,2266,0,2925,253,3202,1946,1978,2167,1287,2985
'010511,"Live fowls of the species Gallus domesticus, weighing <= 185 g (excl. turkeys and guinea fowls)",0,0,0,0,0,0,0,0,0,0,0,0,,,,,,,,,,,,,,,0,0,0,0,0,0,0,0,0,0,0,0
'020430,Frozen lamb carcases and half-carcases,0,0,0,0,0,0,0,0,0,0,0,0,,,,,,,,,,,,,,,0,1074,0,662,0,0,0,0,0,2392,2512,2975
'020442,"Frozen cuts of sheep, with bone in (excl. carcases and half-carcases)",0,0,0,0,0,0,0,0,0,0,0,0,,,,,,,,,,,,,,,1874,1484,1115,1096,744,568,366,0,783,1568,3173,3751
'020500,"Meat of horses, asses, mules or hinnies, fresh, chilled or frozen",0,0,0,0,0,0,0,0,0,0,0,0,,,,,,,,,,,,,,,3526,4055,3971,3775,3469,4403,4548,4222,4780,4585,3991,5190
'020610,Fresh or chilled edible offal of bovine animals,0,0,0,0,0,0,0,0,0,0,0,0,,,,,,,,,,,,,,,667,613,444,645,758,899,714,623,625,637,594,549
'020712,"Frozen fowls of the species Gallus domesticus, not cut in pieces",0,0,0,0,0,0,0,0,0,0,0,0,,,,,,,,,,,,,,,5459,5115,4878,6447,5983,3622,3427,6273,6362,6925,5644,2188
'021012,"Bellies ""streaky"" and cuts thereof of swine, salted, in brine, dried or smoked",0,0,0,0,0,0,0,0,0,0,0,0,,,,,,,,,,,,,,,0,0,0,0,0,0,0,0,0,0,0,0
'030119,Live ornamental fish (excl. freshwater),0,0,0,0,0,0,0,0,0,0,0,0,,,,,,,,,,,,,,,0,0,0,0,0,0,0,0,0,0,0,0
'030232,"Fresh or chilled yellowfin tunas ""Thunnus albacares""",0,0,0,0,0,0,0,0,0,0,0,0,,,,,,,,,,,,,,,0,0,0,0,0,0,0,0,0,0,0,0
'030326,"Frozen eels ""Anguilla spp.""",0,0,0,0,0,0,0,0,0,0,0,0,,,,,,,,,,,,,,,0,0,0,0,0,0,0,0,0,0,0,0
'030359,"Frozen anchovies ""Engraulis spp."", Indian mackerels ""Rastrelliger spp."", seerfishes ""Scomberomorus ...",0,0,0,0,0,0,0,0,0,0,0,0,,,,,,,,,,,,,,,0,0,0,0,0,0,0,0,0,0,0,0
'030384,"Frozen sea bass ""Dicentrarchus spp.""",0,0,0,0,0,0,0,0,0,0,0,0,,,,,,,,,,,,,,,0,0,0,0,0,0,0,0,0,0,0,0
'030442,"Fresh or chilled fillets of trout ""Salmo trutta, Oncorhynchus mykiss, Oncorhynchus clarki, ...",0,0,0,0,0,0,0,0,0,0,0,0,,,,,,,,,,,,,,,0,0,0,0,0,0,0,0,0,0,0,0
'030462,"Frozen fillets of catfish ""Pangasius spp., Silurus spp., Clarias spp., Ictalurus spp.""",0,0,0,0,0,0,0,0,0,0,0,0,,,,,,,,,,,,,,,0,0,0,0,0,0,0,0,0,0,0,0
'030496,"Frozen meat, whether or not minced, of dogfish and other sharks",0,0,0,0,0,0,0,0,0,0,0,0,,,,,,,,,,,,,,,0,0,0,0,0,0,0,0,0,0,0,0
'030551,"Dried cod ""Gadus morhua, Gadus ogac, Gadus macrocephalus"", even salted, not smoked (excl. fillets ...",0,0,0,0,0,0,0,0,0,0,0,0,,,,,,,,,,,,,,,0,0,0,0,0,0,0,0,0,0,0,0
'030571,"Shark fins, smoked, dried, salted or in brine",0,0,0,0,0,0,0,0,0,0,0,0,,,,,,,,,,,,,,,0,0,0,0,0,0,0,0,0,0,0,0
'040299,"Milk and cream, concentrated and sweetened (excl. in solid forms)",0,0,0,0,0,0,0,0,0,0,0,0,,,,,,,,,,,,,,,0,0,0,0,0,0,0,0,0,0,0,0
'040410,"Whey and modified whey, whether or not concentrated or containing added sugar or other sweetening ...",0,0,0,0,0,0,0,0,0,0,0,0,,,,,,,,,,,,,,,9388,9602,8316,6835,10795,8366,12141,6704,10131,9797,9229,9632
'050400,"Guts, bladders and stomachs of animals (other than fish), whole and pieces thereof, fresh, ...",0,0,0,0,0,0,0,0,0,0,0,0,,,,,,,,,,,,,,,3323,4824,3872,5013,6269,7855,8951,6230,6175,5879,3790,6031
'050790,"Tortoiseshell, whalebone and whalebone hair, horns, antlers, hooves, nails, claws and beaks, ...",0,0,0,0,0,0,0,0,0,0,0,0,,,,,,,,,,,,,,,0,0,0,0,0,0,0,0,0,0,0,0
'060312,"Fresh cut carnations and buds, of a kind suitable for bouquets or for ornamental purposes",0,0,0,0,0,0,0,0,0,0,0,0,,,,,,,,,,,,,,,0,0,0,0,0,0,0,0,0,0,0,0
'070200,"Tomatoes, fresh or chilled",0,0,0,0,0,0,0,0,0,0,0,0,,,,,,,,,,,,,,,525,236,0,0,0,0,0,0,0,0,68,190
'070511,Fresh or chilled cabbage lettuce,0,0,0,0,0,0,0,0,0,0,0,0,,,,,,,,,,,,,,,9,43,0,0,0,0,0,11,8,71,36,38
'070930,"Fresh or chilled aubergines ""eggplants""",0,0,0,0,0,0,0,0,0,0,0,0,,,,,,,,,,,,,,,0,0,0,0,0,0,0,0,0,0,0,0
'071022,"Shelled or unshelled beans ""Vigna spp., Phaseolus spp."", uncooked or cooked by steaming or ...",0,0,0,0,0,0,0,0,0,0,0,0,,,,,,,,,,,,,,,0,0,0,0,0,0,0,0,0,0,0,0
'071080,"Vegetables, uncooked or cooked by steaming or by boiling in water, frozen (excl. potatoes, ...",0,0,0,0,0,0,0,0,0,0,0,0,,,,,,,,,,,,,,,195,0,0,0,110,0,0,0,0,0,0,0
'071151,"Mushrooms of the genus ""Agaricus"", provisionally preserved, e.g., by sulphur dioxide gas, in ...",0,0,0,0,0,0,0,0,0,0,0,0,,,,,,,,,,,,,,,0,0,0,0,0,0,0,0,0,0,0,0
'071333,"Dried, shelled kidney beans ""Phaseolus vulgaris"", whether or not skinned or split",0,0,0,0,0,0,0,0,0,0,0,0,,,,,,,,,,,,,,,2723,4396,7033,36879,40523,47472,49957,27542,27356,21743,19605,25150
'080132,"Fresh or dried cashew nuts, shelled",0,0,0,0,0,0,0,0,0,0,0,0,,,,,,,,,,,,,,,0,134,0,0,0,0,0,0,0,0,0,0
'080222,"Fresh or dried hazelnuts or filberts ""Corylus spp."", shelled",0,0,0,0,0,0,0,0,0,0,0,0,,,,,,,,,,,,,,,0,0,0,0,0,0,0,0,0,0,0,0
'080231,"Fresh or dried walnuts, in shell",0,0,0,0,0,0,0,0,0,0,0,0,,,,,,,,,,,,,,,2859,3975,2109,2387,2251,1799,1116,516,0,0,0,0
'080251,"Fresh or dried pistachios, in shell",0,0,0,0,0,0,0,0,0,0,0,0,,,,,,,,,,,,,,,0,0,0,0,0,0,0,0,0,0,0,0
'080291,"Fresh or dried pine nuts, in shell",0,0,0,0,0,0,0,0,0,0,0,0,,,,,,,,,,,,,,,0,0,0,0,0,0,0,0,0,0,0,0
'080420,Fresh or dried figs,0,0,0,0,0,0,0,0,0,0,0,0,,,,,,,,,,,,,,,0,0,0,0,0,0,0,0,0,39,0,0
'080720,"Fresh pawpaws ""papayas""",0,0,0,0,0,0,0,0,0,0,0,0,,,,,,,,,,,,,,,0,0,0,0,0,0,0,0,0,0,0,0
'080929,Fresh cherries (excl. sour cherries),0,0,0,0,0,0,0,0,0,0,0,0,,,,,,,,,,,,,,,0,0,0,0,0,0,0,7679,9393,3657,1749,0
'081210,"Cherries, provisionally preserved, e.g. by sulphur dioxide gas, in brine, in sulphur water ...",0,0,0,0,0,0,0,0,0,0,0,0,,,,,,,,,,,,,,,0,0,0,0,0,0,0,0,0,0,0,0
'081320,Dried prunes,0,0,0,0,0,0,0,0,0,0,0,0,,,,,,,,,,,,,,,3240,4794,5445,6058,5102,8620,6791,6539,4296,1255,1709,1286
'081340,"Dried peaches, pears, papaws ""papayas"", tamarinds and other edible fruits (excl. nuts, bananas, ...",0,0,0,0,0,0,0,0,0,0,0,0,,,,,,,,,,,,,,,0,0,0,365,257,52,0,241,0,0,227,69
'090220,Green tea in immediate packings of > 3 kg,0,0,0,0,0,0,0,0,0,0,0,0,,,,,,,,,,,,,,,152,320,82,51,157,147,107,106,231,168,343,454
'090812,"Nutmeg, crushed or ground",0,0,0,0,0,0,0,0,0,0,0,0,,,,,,,,,,,,,,,0,0,0,0,0,0,0,0,0,0,0,0
'090821,"Mace, neither crushed nor ground",0,0,0,0,0,0,0,0,0,0,0,0,,,,,,,,,,,,,,,0,0,0,0,0,0,0,0,0,0,0,0
'090931,"Cumin seeds, neither crushed nor ground",0,0,0,0,0,0,0,0,0,0,0,0,,,,,,,,,,,,,,,0,0,0,0,0,0,0,0,0,0,0,0
'090962,"Juniper berries and seeds of anise, badian, caraway or fennel, crushed or ground",0,0,0,0,0,0,0,0,0,0,0,0,,,,,,,,,,,,,,,0,0,0,0,0,0,0,0,0,0,0,0
'100390,Barley (excl. seed for sowing),0,0,0,0,0,0,0,0,0,0,0,0,,,,,,,,,,,,,,,97479,42006,26881,49202,52182,16906,23299,37809,63690,280281,109097,125674
'411410,"Chamois leather, incl. combination chamois leather (excl. glacé-tanned leather subsequently ...",0,0,0,0,0,0,0,0,0,0,0,0,,,,,,,,,,,,,,,0,0,0,0,0,0,0,0,0,0,0,0
'411510,"Composition leather based on leather or leather fibre, in slabs, sheets or strip, whether or ...",0,0,0,0,0,0,0,0,0,0,0,0,,,,,,,,,,,,,,,0,0,0,0,0,0,0,0,0,0,0,0
'420291,"Travelling-bags, insulated food or beverage bags, toilet bags, rucksacks, shopping-bags, map-cases, ...",0,0,0,0,0,0,0,0,0,0,0,0,,,,,,,,,,,,,,,57,33,37,18,94,74,59,58,103,37,33,50
'430190,"Heads, tails, paws and other pieces or cuttings of furskins suitable for use in furriery",0,0,0,0,0,0,0,0,0,0,0,0,,,,,,,,,,,,,,,0,0,0,0,0,0,0,0,0,0,0,0
'440311,"Wood in the rough, treated with paint, stains, creosote or other preservatives, coniferous ...",0,0,0,0,0,0,0,0,0,0,0,0,,,,,,,,,,,,,,,0,0,0,0,0,0,0,0,0,0,0,0
'440398,"Eucalyptus ""Eucalyptus spp."" in the rough, whether or not stripped of bark or sapwood, or roughly ...",0,0,0,0,0,0,0,0,0,0,0,0,,,,,,,,,,,,,,,338,1773,625,793,525,836,0,2036,0,363,566,0
'440410,"Hoopwood; split poles; piles, pickets and stakes of wood, pointed but not sawn lengthwise; ...",0,0,0,0,0,0,0,0,0,0,0,0,,,,,,,,,,,,,,,0,0,0,0,0,0,0,0,0,0,0,0
'440712,"Fir ""Abies spp."" and spruce ""Picea spp."" sawn or chipped lengthwise, sliced or peeled, whether ...",0,0,0,0,0,0,0,0,0,0,0,0,,,,,,,,,,,,,,,0,0,0,0,0,0,0,0,0,0,0,0
'440810,"Sheets for veneering, incl. those obtained by slicing laminated wood, for coniferous plywood ...",0,0,0,0,0,0,0,0,0,0,0,0,,,,,,,,,,,,,,,681,577,445,326,118,58,139,55,188,322,329,471
'440922,"Tropical wood, incl. strips and friezes for parquet flooring, not assembled, continuously shaped ...",0,0,0,0,0,0,0,0,0,0,0,0,,,,,,,,,,,,,,,0,0,0,0,0,0,0,0,0,0,0,0
'441019,"Waferboard and similar board, of wood, whether or not agglomerated with resins or other organic ...",0,0,0,0,0,0,0,0,0,0,0,0,,,,,,,,,,,,,,,0,56,0,0,0,0,0,0,0,0,0,0
'441114,"Medium density fibreboard ""MDF"" of wood, of a thickness > 9 mm",0,0,0,0,0,0,0,0,0,0,0,0,,,,,,,,,,,,,,,2963,2695,2503,0,2557,2759,2424,2761,2278,2852,0,2602
'441912,Chopsticks of bamboo,0,0,0,0,0,0,0,0,0,0,0,0,,,,,,,,,,,,,,,0,0,0,0,0,0,0,0,0,0,0,0
'441990,"Tableware and kitchenware, of wood (excl. of bamboo or tropical wood, and interior fittings, ...",0,0,0,0,0,0,0,0,0,0,0,0,,,,,,,,,,,,,,,10,5,5,6,3,2,7,1,12,6,7,4
'442090,"Wood marquetry and inlaid wood; caskets and cases for jewellery or cutlery, and similar articles, ...",0,0,0,0,0,0,0,0,0,0,0,0,,,,,,,,,,,,,,,0,0,0,1,0,17,0,14,0,0,0,0
'442120,Coffins of wood,0,0,0,0,0,0,0,0,0,0,0,0,,,,,,,,,,,,,,,0,43,0,0,35,0,39,0,0,36,0,0
'442191,"Articles of bamboo, n.e.s.",0,0,0,0,0,0,0,0,0,0,0,0,,,,,,,,,,,,,,,0,0,0,0,0,0,0,0,0,0,0,0
'460192,"Plaits and similar products, of bamboo plaiting materials, whether or not assembled into strips; ...",0,0,0,0,0,0,0,0,0,0,0,0,,,,,,,,,,,,,,,0,0,0,0,0,0,0,0,0,0,0,0
'470321,"Semi-bleached or bleached coniferous chemical wood pulp, soda or sulphate (excl. dissolving ...",0,0,0,0,0,0,0,0,0,0,0,0,,,,,,,,,,,,,,,0,0,0,0,0,0,0,0,0,0,0,0
'470620,"Pulps of fibres derived from recovered ""waste and scrap"" paper or paperboard",0,0,0,0,0,0,0,0,0,0,0,0,,,,,,,,,,,,,,,0,0,0,0,0,0,0,0,0,0,0,0
'470710,"Recovered ""waste and scrap"" paper or paperboard of unbleached kraft paper, corrugated paper ...",0,0,0,0,0,0,0,0,0,0,0,0,,,,,,,,,,,,,,,0,0,0,0,0,0,0,0,0,0,0,0
'480220,"Paper and paperboard of a kind used as a base for photosensitive, heat-sensitive or electrosensitive ...",0,0,0,0,0,0,0,0,0,0,0,0,,,,,,,,,,,,,,,0,0,0,0,0,0,0,0,0,0,0,0
'480240,"Wallpaper base, uncoated",0,0,0,0,0,0,0,0,0,0,0,0,,,,,,,,,,,,,,,0,0,0,0,0,0,0,0,0,0,0,0
'480254,"Uncoated paper and paperboard, of a kind used for writing, printing or other graphic purposes, ...",0,0,0,0,0,0,0,0,0,0,0,0,,,,,,,,,,,,,,,0,0,0,0,0,0,0,0,0,0,0,0
'480419,"Kraftliner, uncoated, in rolls of a width > 36 cm (excl. unbleached and goods of heading 4802 ...",0,0,0,0,0,0,0,0,0,0,0,0,,,,,,,,,,,,,,,0,0,0,0,0,0,0,0,0,0,0,0
'480451,"Unbleached kraft paper and paperboard, uncoated, in rolls of a width > 36 cm or in square or ...",0,0,0,0,0,0,0,0,0,0,0,0,,,,,,,,,,,,,,,0,0,0,0,0,0,0,0,0,0,0,0
'480700,"Composite paper and paperboard ""made by sticking flat layers of paper or paperboard together ...",0,0,0,0,0,0,0,0,0,0,0,0,,,,,,,,,,,,,,,0,0,0,0,0,0,0,0,0,0,0,0
'480840,"Kraft paper, creped or crinkled, whether or not embossed or perforated, in rolls of a width ...",0,0,0,0,0,0,0,0,0,0,0,0,,,,,,,,,,,,,,,0,0,0,0,0,0,0,0,0,0,0,0
'480990,"Transfer papers, incl. coated or impregnated paper for duplicator stencils or offset plates, ...",0,0,0,0,0,0,0,0,0,0,0,0,,,,,,,,,,,,,,,0,0,0,0,0,0,0,0,0,0,0,0
'481014,"Paper and paperboard used for writing, printing or other graphic purposes, not containing fibres ...",0,0,0,0,0,0,0,0,0,0,0,0,,,,,,,,,,,,,,,0,0,0,0,0,0,0,0,0,0,0,0
'481092,"Multi-ply paper and paperboard, coated on one or both sides with kaolin or other inorganic ...",0,0,0,0,0,0,0,0,0,0,0,0,,,,,,,,,,,,,,,0,0,0,0,0,0,0,0,0,0,0,0
'481160,"Paper and paperboard, coated, impregnated or covered with wax, paraffin wax, stearin, oil or ...",0,0,0,0,0,0,0,0,0,0,0,0,,,,,,,,,,,,,,,71,50,0,156,67,72,74,90,32,122,82,45
'481690,"Copying or transfer papers, in rolls of a width of <= 36 cm or in rectangular or square sheets ...",0,0,0,0,0,0,0,0,0,0,0,0,,,,,,,,,,,,,,,0,0,0,0,0,0,0,0,0,0,0,0
'481890,"Paper, cellulose wadding or webs of cellulose fibres, of a kind used for household or sanitary ...",0,0,0,0,0,0,0,0,0,0,0,0,,,,,,,,,,,,,,,0,0,126,0,201,177,0,0,177,93,0,0
'481930,"Sacks and bags, of paper, paperboard, cellulose wadding or webs of cellulose fibres, having ...",0,0,0,0,0,0,0,0,0,0,0,0,,,,,,,,,,,,,,,1222,535,198,572,349,384,604,546,500,368,651,456
'481940,"Sacks and bags, incl. cones, of paper, paperboard, cellulose wadding or webs of cellulose fibres ...",0,0,0,0,0,0,0,0,0,0,0,0,,,,,,,,,,,,,,,302,538,487,484,610,383,439,402,362,250,422,500
'482210,"Bobbins, spools, cops and similar supports of paper pulp, paper or paperboard, whether or not ...",0,0,0,0,0,0,0,0,0,0,0,0,,,,,,,,,,,,,,,0,0,0,0,0,0,0,0,0,0,0,0
'482320,"Filter paper and paperboard, in strips or rolls of a width <= 36 cm, in rectangular or square ...",0,0,0,0,0,0,0,0,0,0,0,0,,,,,,,,,,,,,,,0,0,0,1,0,6,70,0,0,0,15,0
'482340,"Rolls, sheets and dials, printed for self-recording apparatus, in rolls of a width <= 36 cm, ...",0,0,0,0,0,0,0,0,0,0,0,0,,,,,,,,,,,,,,,0,0,0,0,0,0,0,0,0,0,0,0
'490400,"Music, printed or in manuscript, whether or not bound or illustrated",0,0,0,0,0,0,0,0,0,0,0,0,,,,,,,,,,,,,,,0,0,0,0,0,0,0,0,0,0,0,0
'510111,"Greasy shorn wool, incl. fleece-washed wool, neither carded nor combed",0,0,0,0,0,0,0,0,0,0,0,0,,,,,,,,,,,,,,,4507,2982,2617,2373,3903,3092,4796,6808,6183,8291,7105,7888
'510810,Carded yarn of fine animal hair (excl. that of wool or that put up for retail sale),0,0,0,0,0,0,0,0,0,0,0,0,,,,,,,,,,,,,,,0,0,0,0,0,0,0,0,0,0,0,0
'510910,"Yarn containing >= 85% wool or fine animal hair by weight, put up for retail sale",0,0,0,0,0,0,0,0,0,0,0,0,,,,,,,,,,,,,,,0,0,0,0,0,0,0,0,0,0,0,0
'511190,"Woven fabrics containing predominantly, but < 85% carded wool or carded fine animal hair by ...",0,0,0,0,0,0,0,0,0,0,0,0,,,,,,,,,,,,,,,0,0,0,0,0,0,0,0,0,0,0,0
'511300,Woven fabrics of coarse animal hair or of horsehair (excl. fabrics for technical uses of heading ...,0,0,0,0,0,0,0,0,0,0,0,0,,,,,,,,,,,,,,,0,0,0,0,0,0,0,0,0,0,0,0
'851810,Microphones and stands therefor (excl. cordless microphones with built-in transmitter),0,0,0,0,0,0,0,0,0,0,0,0,,,,,,,,,,,,,,,0,0,0,0,0,0,0,0,1,0,0,0
'851930,"Turntables ""record-decks""",0,0,0,0,0,0,0,0,0,0,0,0,,,,,,,,,,,,,,,0,0,0,0,0,0,0,0,0,0,0,0
'852210,Pick-up cartridges,0,0,0,0,0,0,0,0,0,0,0,0,,,,,,,,,,,,,,,0,0,0,0,0,0,0,0,0,0,0,0
'852290,Parts and accessories suitable for use solely or principally with sound reproducing and recording ...,0,0,0,0,0,0,0,0,0,0,0,0,,,,,,,,,,,,,,,0,0,0,0,0,0,0,0,0,0,0,0
'852341,"Optical media for the recording of sound or of other phenomena, unrecorded (excl. goods of ...",0,0,0,0,0,0,0,0,0,0,0,0,,,,,,,,,,,,,,,0,0,0,0,0,0,0,0,0,0,0,0
'852411,"Flat panel display modules, whether or not incorporating touch-sensitive screens, without drivers ...",0,0,0,0,0,0,0,0,0,0,0,0,,,,,,,,,,,,,,,0,0,0,0,0,0,0,0,0,0,0,0
'852492,"Flat panel display modules, whether or not incorporating touch-sensitive screens, with drivers ...",0,0,0,0,0,0,0,0,0,0,0,0,,,,,,,,,,,,,,,0,0,0,0,0,0,0,0,0,0,0,0
'852583,"Night vision television cameras, digital cameras and video camera recorders as specified in ...",0,0,0,0,0,0,0,0,0,0,0,0,,,,,,,,,,,,,,,0,0,0,0,0,0,0,0,0,0,0,0
'853080,"Electrical signalling, safety or traffic control equipment (excl. that for railways or tramways ...",0,0,0,0,0,0,0,0,0,0,0,0,,,,,,,,,,,,,,,0,0,0,0,0,0,0,0,28,0,0,0
'853110,Burglar or fire alarms and similar apparatus,0,0,0,0,0,0,0,0,0,0,0,0,,,,,,,,,,,,,,,0,76,0,178,0,0,0,0,0,6,0,0
'853120,"Indicator panels with liquid crystal devices ""LCD"" or light emitting diodes ""LED"" (excl. those ...",0,0,0,0,0,0,0,0,0,0,0,0,,,,,,,,,,,,,,,2,0,0,5,0,0,4,0,0,129,12,0
'853224,"Fixed electrical capacitors, ceramic dielectric, multilayer (excl. power capacitors)",0,0,0,0,0,0,0,0,0,0,0,0,,,,,,,,,,,,,,,0,0,0,0,0,0,0,0,0,0,0,0
'853340,"Electrical variable resistors, incl. rheostats and potentiometers (excl. wirewound variable ...",0,0,0,0,0,0,0,0,0,0,0,0,,,,,,,,,,,,,,,0,2,0,1,0,0,0,2,0,4,0,2
'853510,Fuses for a voltage > 1.000 V,0,0,0,0,0,0,0,0,0,0,0,0,,,,,,,,,,,,,,,0,0,0,0,0,0,0,0,0,0,0,0
'853540,"Lightning arresters, voltage limiters and surge suppressors, for a voltage > 1.000 V",0,0,0,0,0,0,0,0,0,0,0,0,,,,,,,,,,,,,,,0,0,0,0,0,0,0,0,0,0,0,0
'853669,Plugs and sockets for a voltage <= 1.000 V (excl. lamp holders),0,0,0,0,0,0,0,0,0,0,0,0,,,,,,,,,,,,,,,113,88,119,145,70,94,58,47,155,86,99,85
'853931,"Discharge lamps, fluorescent, hot cathode",0,0,0,0,0,0,0,0,0,0,0,0,,,,,,,,,,,,,,,0,0,0,0,0,0,0,0,0,0,0,0
'853949,Ultraviolet or infra-red lamps,0,0,0,0,0,0,0,0,0,0,0,0,,,,,,,,,,,,,,,0,3,0,0,0,0,0,0,2,0,0,13
'854081,"Receiver or amplifier valves and tubes (excl. microwave tubes, photo-cathode tubes and cathode ...",0,0,0,0,0,0,0,0,0,0,0,0,,,,,,,,,,,,,,,0,0,0,0,0,0,0,0,0,0,0,0
'854121,Transistors with a dissipation rate < 1 W (excl. photosensitive transistors),0,0,0,0,0,0,0,0,0,0,0,0,,,,,,,,,,,,,,,0,0,0,0,0,0,0,0,0,0,0,0
'854233,Electronic integrated circuits as amplifiers,0,0,0,0,0,0,0,0,0,0,0,0,,,,,,,,,,,,,,,0,0,0,0,0,0,0,0,0,0,0,0
'854320,"Signal generators, electrical",0,0,0,0,0,0,0,0,0,0,0,0,,,,,,,,,,,,,,,7,4,104,5,2,0,4,4,0,0,3,1
'854330,"Machines and apparatus for electroplating, electrolysis or electrophoresis",0,0,0,0,0,0,0,0,0,0,0,0,,,,,,,,,,,,,,,0,0,0,0,0,0,0,0,0,40,0,0
'860799,"Parts of rolling stock of heading 8603, 8604, 8605 or 8606, n.e.s.",0,0,0,0,0,0,0,0,0,0,0,0,,,,,,,,,,,,,,,0,0,0,0,0,0,0,0,0,0,0,0
'870129,"Road tractors for semi-trailers, with only spark-ignition internal combustion piston engine ...",0,0,0,0,0,0,0,0,0,0,0,0,,,,,,,,,,,,,,,0,0,0,0,0,0,0,0,0,0,0,0
'870710,Bodies for motor cars and other motor vehicles principally designed for the transport of persons,0,0,0,0,0,0,0,0,0,0,0,0,,,,,,,,,,,,,,,0,0,0,0,0,0,0,0,0,0,0,0
'870891,"Radiators and parts thereof, for tractors, motor vehicles for the transport of ten or more ...",0,0,0,0,0,0,0,0,0,0,0,0,,,,,,,,,,,,,,,168,165,97,191,198,206,194,222,104,145,413,97
'871190,"Motorcycles, incl. mopeds, and cycles fitted with an auxiliary motor and side cars for motorcycles ...",0,0,0,0,0,0,0,0,0,0,0,0,,,,,,,,,,,,,,,0,0,0,0,0,0,0,0,0,0,0,0
'871420,"Parts and accessories for carriages for disabled persons, n.e.s.",0,0,0,0,0,0,0,0,0,0,0,0,,,,,,,,,,,,,,,0,0,0,0,0,0,0,0,0,0,0,0
'871495,Saddles for cycles (excl. for motorcycles),0,0,0,0,0,0,0,0,0,0,0,0,,,,,,,,,,,,,,,0,0,0,0,0,0,0,0,0,0,0,0
'871639,"Trailers and semi-trailers for the transport of goods, not designed for running on rails (excl. ...",0,0,0,0,0,0,0,0,0,0,0,0,,,,,,,,,,,,,,,0,97,0,0,0,306,152,0,129,0,0,0
'880100,"Balloons and dirigibles; gliders, hang gliders and other non-powered aircraft",0,0,0,0,0,0,0,0,0,0,0,0,,,,,,,,,,,,,,,0,0,0,0,0,0,0,0,0,0,0,0
'880240,"Aeroplanes and other powered aircraft of an of an unladen weight > 15.000 kg (excl. helicopters, ...",0,0,0,0,0,0,0,0,0,0,0,0,,,,,,,,,,,,,,,0,0,0,0,0,0,0,0,0,0,0,0
'880710,"Propellers and rotors and parts thereof, for aircraft, n.e.s.",0,0,0,0,0,0,0,0,0,0,0,0,,,,,,,,,,,,,,,0,0,0,0,0,0,0,0,0,0,0,0
'890200,Fishing vessels; factory ships and other vessels for processing or preserving fishery products ...,0,0,0,0,0,0,0,0,0,0,0,0,,,,,,,,,,,,,,,0,0,0,0,0,0,0,0,0,0,0,0
'890312,"Inflatable ""incl. rigid hull inflatable"" boats, for pleasure or sports, not designed for use ...",0,0,0,0,0,0,0,0,0,0,0,0,,,,,,,,,,,,,,,0,0,0,0,0,0,0,0,0,0,0,0
'890319,"Inflatable ""incl. rigid hull inflatable"" boats, for pleasure or sports, unladen ""net"" weight ...",0,0,0,0,0,0,0,0,0,0,0,0,,,,,,,,,,,,,,,0,0,0,0,0,0,0,0,0,0,0,0
'890332,"Motorboats, of a length > 7,5 m but <= 24 m, for pleasure or sports (excl. inflatable and outboard)",0,0,0,0,0,0,0,0,0,0,0,0,,,,,,,,,,,,,,,0,0,0,0,0,0,0,0,0,0,0,0
'890399,"Outboard motorboats, for pleasure or sports, and rowing boats and canoes, of a length > 7,5 ...",0,0,0,0,0,0,0,0,0,0,0,0,,,,,,,,,,,,,,,0,0,0,0,0,0,0,0,0,0,0,0
'900150,Spectacle lenses of materials other than glass,0,0,0,0,0,0,0,0,0,0,0,0,,,,,,,,,,,,,,,0,0,0,0,0,0,0,0,0,0,0,0
'900211,"Objective lenses for cameras, projectors or photographic enlargers or reducers",0,0,0,0,0,0,0,0,0,0,0,0,,,,,,,,,,,,,,,0,0,0,0,0,0,0,0,0,0,0,0
'900640,Instant print cameras (excl. special cameras of subheading 9006.30),0,0,0,0,0,0,0,0,0,0,0,0,,,,,,,,,,,,,,,0,0,0,0,0,0,0,0,0,0,0,0
'900890,"Parts and accessories for image projectors, photographic enlargers and reducers, n.e.s.",0,0,0,0,0,0,0,0,0,0,0,0,,,,,,,,,,,,,,,0,0,0,0,0,0,0,0,0,0,0,0
'901180,"Optical microscopes (excl. for photomicrography, cinephotomicrography or microprojection, stereoscopic ...",0,0,0,0,0,0,0,0,0,0,0,0,,,,,,,,,,,,,,,0,0,0,0,0,0,0,0,0,0,0,0
'901290,"Parts and accessories for electron microscopes, proton microscopes and diffraction apparatus, ...",0,0,0,0,0,0,0,0,0,0,0,0,,,,,,,,,,,,,,,0,0,0,0,0,0,0,0,0,0,0,0
'901510,Rangefinders,0,0,0,0,0,0,0,0,0,0,0,0,,,,,,,,,,,,,,,0,0,0,0,0,0,0,0,0,0,0,0
'901520,"Theodolites and tachymeters ""tacheometers""",0,0,0,0,0,0,0,0,0,0,0,0,,,,,,,,,,,,,,,0,0,0,0,0,0,0,0,0,0,0,0
'901812,Ultrasonic scanning apparatus,0,0,0,0,0,0,0,0,0,0,0,0,,,,,,,,,,,,,,,0,0,0,0,0,0,0,0,0,0,0,0
'901890,"Instruments and appliances used in medical, surgical or veterinary sciences, n.e.s.",0,0,0,0,0,0,0,0,0,0,0,0,,,,,,,,,,,,,,,637,930,492,929,610,491,708,1171,659,510,1556,614
'901910,Mechano-therapy appliances; massage apparatus; psychological aptitude-testing apparatus,0,0,0,0,0,0,0,0,0,0,0,0,,,,,,,,,,,,,,,10,44,7,19,19,8,0,0,36,17,0,0
'901920,"Ozone therapy, oxygen therapy, aerosol therapy, artificial respiration or other therapeutic ...",0,0,0,0,0,0,0,0,0,0,0,0,,,,,,,,,,,,,,,23,0,0,68,0,184,707,866,170,0,38,812
'902219,"Apparatus based on the use of X-rays (other than for medical, surgical, dental or veterinary ...",0,0,0,0,0,0,0,0,0,0,0,0,,,,,,,,,,,,,,,0,0,0,0,0,0,0,0,0,0,0,0
'902300,"Instruments, apparatus and models designed for demonstrational purposes, e.g. in education ...",0,0,0,0,0,0,0,0,0,0,0,0,,,,,,,,,,,,,,,33,173,90,30,82,44,113,24,34,64,73,272
'902790,"Microtomes; parts and accessories of instruments and apparatus for physical or chemical analysis, ...",0,0,0,0,0,0,0,0,0,0,0,0,,,,,,,,,,,,,,,105,126,119,115,82,83,89,109,86,87,71,115
'903084,"Instruments and apparatus for measuring or checking electrical quantities, with recording device ...",0,0,0,0,0,0,0,0,0,0,0,0,,,,,,,,,,,,,,,0,0,0,0,0,0,0,0,0,0,0,0
'903110,Machines for balancing mechanical parts,0,0,0,0,0,0,0,0,0,0,0,0,,,,,,,,,,,,,,,0,0,0,0,0,0,0,0,0,0,0,0
'903120,"Test benches for motors, generators, pumps, etc.",0,0,0,0,0,0,0,0,0,0,0,0,,,,,,,,,,,,,,,0,0,0,190,0,0,14,0,0,49,0,48
'910129,"Wrist-watches of precious metal or of metal clad with precious metal, whether or not incorporating ...",0,0,0,0,0,0,0,0,0,0,0,0,,,,,,,,,,,,,,,0,0,0,0,0,0,0,0,0,0,0,0
'910211,"Wrist-watches, whether or not incorporating a stop-watch facility, electrically operated, with ...",0,0,0,0,0,0,0,0,0,0,0,0,,,,,,,,,,,,,,,0,0,0,0,0,0,0,0,0,0,0,0
'920290,"Guitars, harps and other string musical instruments (excl. with keyboard and those played with ...",0,0,0,0,0,0,0,0,0,0,0,0,,,,,,,,,,,,,,,0,0,0,0,0,0,0,0,0,0,0,0
'930520,"Parts and accessories of shotguns or rifles of heading 9303, n.e.s.",0,0,0,0,0,0,0,0,0,0,0,0,,,,,,,,,,,,,,,0,0,0,0,0,0,0,0,0,0,0,0
'940179,"Seats, with metal frames (excl. upholstered, swivel seats with variable height adjustments ...",0,0,0,0,0,0,0,0,0,0,0,0,,,,,,,,,,,,,,,20,14,42,50,22,90,38,170,107,34,136,35
'940421,"Mattresses of cellular rubber or plastics, whether or not covered",0,0,0,0,0,0,0,0,0,0,0,0,,,,,,,,,,,,,,,95,94,64,73,90,69,0,55,70,45,27,86
'940440,"Quilts, bedspreads, eiderdowns and duvets ""comforters""",0,0,0,0,0,0,0,0,0,0,0,0,,,,,,,,,,,,,,,0,20,12,7,0,0,11,0,0,1,0,0
'940561,"Illuminated signs, illuminated nameplates and the like, with a permanently fixed light-emitting ...",0,0,0,0,0,0,0,0,0,0,0,0,,,,,,,,,,,,,,,0,0,1793,789,1130,393,627,365,248,0,0,0
'940592,"Parts of lamps and lighting fittings, illuminated signs and nameplates and the like, of plastics, ...",0,0,0,0,0,0,0,0,0,0,0,0,,,,,,,,,,,,,,,0,0,0,0,0,2,0,9,0,0,0,0
'950490,"Tables for casino games, automatic bowling alley equipment, and other funfair, table or parlour ...",0,0,0,0,0,0,0,0,0,0,0,0,,,,,,,,,,,,,,,35,8,0,10,0,13,38,0,0,24,2,0
'950619,Ski equipment for winter sports (other than skis and ski-fastenings [ski-bindings]),0,0,0,0,0,0,0,0,0,0,0,0,,,,,,,,,,,,,,,0,0,0,0,0,0,0,0,0,0,0,0
'950639,Golf equipment (excl. balls and complete clubs),0,0,0,0,0,0,0,0,0,0,0,0,,,,,,,,,,,,,,,0,0,0,0,0,0,0,0,0,0,0,0
'950691,"Articles and equipment for general physical exercise, gymnastics or athletics",0,0,0,0,0,0,0,0,0,0,0,0,,,,,,,,,,,,,,,3,0,0,74,69,0,54,25,18,40,25,0
'950720,"Fish-hooks, whether or not snelled",0,0,0,0,0,0,0,0,0,0,0,0,,,,,,,,,,,,,,,0,0,0,0,0,0,0,0,0,0,0,0
'950790,"Line fishing tackle n.e.s; fish landing nets, butterfly nets and similar nets; decoys and similar ...",0,0,0,0,0,0,0,0,0,0,0,0,,,,,,,,,,,,,,,0,0,0,0,0,0,0,0,0,0,0,0
'950840,Travelling theatres,0,0,0,0,0,0,0,0,0,0,0,0,,,,,,,,,,,,,,,0,0,0,0,0,0,0,0,0,0,0,0
'960820,Felt-tipped and other porous-tipped pens and markers,0,0,0,0,0,0,0,0,0,0,0,0,,,,,,,,,,,,,,,0,6,11,4,22,0,0,19,0,0,0,0
'960860,"Refills for ball-point pens, comprising the ball-point and ink-reservoir",0,0,0,0,0,0,0,0,0,0,0,0,,,,,,,,,,,,,,,0,0,0,0,0,0,0,0,0,0,0,0
'961310,"Pocket lighters, gas fuelled, non-refillable",0,0,0,0,0,0,0,0,0,0,0,0,,,,,,,,,,,,,,,0,0,0,0,0,0,0,0,0,0,0,0
'970121,"Paintings, e.g. oil paintings, watercolours and pastels, and drawings executed entirely by ...",0,0,0,0,0,0,0,0,0,0,0,0,,,,,,,,,,,,,,,0,0,0,0,0,0,0,138,55,1596,0,3375
'970690,"Antiques, over 100 but at most 250 years old",0,0,0,0,0,0,0,0,0,0,0,0,,,,,,,,,,,,,,,0,0,0,0,0,0,0,0,0,0,0,0
'040120,"Milk and cream of a fat content by weight of > 1% but <= 6%, not concentrated nor containing ...",0,0,0,0,0,0,0,0,0,0,0,0,,,,,,,,,,,,,,,612,216,560,326,653,864,744,982,1172,657,360,474
'040150,"Milk and cream of a fat content by weight of > 10%, not concentrated nor containing added sugar ...",0,0,0,0,0,0,0,0,0,0,0,0,,,,,,,,,,,,,,,0,0,0,0,0,0,0,0,0,0,0,0
'040210,"Milk and cream in solid forms, of a fat content by weight of <= 1,5%",0,0,0,0,0,0,0,0,0,0,0,0,,,,,,,,,,,,,,,7670,5780,10222,9694,7667,9787,8635,7153,9487,7948,5261,8844
'040490,"Products consisting of natural milk constituents, whether or not sweetened, n.e.s.",0,0,0,0,0,0,0,0,0,0,0,0,,,,,,,,,,,,,,,3459,1655,3060,2094,2527,1597,1669,1428,2494,1552,2535,2083
'040590,"Fats and oils derived from milk, and dehydrated butter and ghee (excl. natural butter, recombined ...",0,0,0,0,0,0,0,0,0,0,0,0,,,,,,,,,,,,,,,1105,0,2217,0,1502,7202,5963,4409,0,0,2912,0
'040630,"Processed cheese, not grated or powdered",0,0,0,0,0,0,0,0,0,0,0,0,,,,,,,,,,,,,,,0,0,0,0,0,0,205,281,194,755,234,270
'040690,"Cheese (excl. fresh cheese, incl. whey cheese, curd, processed cheese, blue-veined cheese and ...",0,0,0,0,0,0,0,0,0,0,0,0,,,,,,,,,,,,,,,14817,16011,15482,19795,18848,18112,20277,16325,19790,18759,14419,13466
'041090,"Turtles' eggs, birds' nests and other edible products of animal origin, n.e.s.",0,0,0,0,0,0,0,0,0,0,0,0,,,,,,,,,,,,,,,0,0,0,0,0,0,0,0,0,0,0,0
'051000,"Ambergris, castoreum, civet and musk; cantharides; bile, whether or not dried; glands and other ...",0,0,0,0,0,0,0,0,0,0,0,0,,,,,,,,,,,,,,,450,647,0,0,151,1289,535,599,569,132,0,518
'051110,Bovine semen,0,0,0,0,0,0,0,0,0,0,0,0,,,,,,,,,,,,,,,0,0,68,126,503,447,360,217,183,0,0,0
'051199,"Products of animal origin, n.e.s., dead animals, unfit for human consumption (excl. fish, crustaceans, ...",0,0,0,0,0,0,0,0,0,0,0,0,,,,,,,,,,,,,,,782,868,1007,1179,1078,1450,1170,1474,1557,1446,1252,1998
'070390,"Leeks and other alliaceous vegetables, fresh or chilled (excl. onions, shallots and garlic)",0,0,0,0,0,0,0,0,0,0,0,0,,,,,,,,,,,,,,,0,0,0,0,0,0,0,0,0,0,0,0
'070970,"Fresh or chilled spinach, New Zealand spinach and orache spinach",0,0,0,0,0,0,0,0,0,0,0,0,,,,,,,,,,,,,,,0,0,0,0,0,0,0,0,0,0,0,0
'071220,"Dried onions, whole, cut, sliced, broken or in powder, but not further prepared",0,0,0,0,0,0,0,0,0,0,0,0,,,,,,,,,,,,,,,0,0,0,0,0,0,0,7,0,0,0,0
'071231,"Dried mushrooms of the genus ""Agaricus"", whole, cut, sliced, broken or in powder, but not further ...",0,0,0,0,0,0,0,0,0,0,0,0,,,,,,,,,,,,,,,0,0,0,0,0,0,0,0,0,0,0,0
'071232,"Dried wood ears ""Auricularia spp."", whole, cut, sliced, broken or in powder, but not further ...",0,0,0,0,0,0,0,0,0,0,0,0,,,,,,,,,,,,,,,0,0,0,0,0,0,0,0,0,0,0,0
'071310,"Dried, shelled peas ""Pisum sativum"", whether or not skinned or split",0,0,0,0,0,0,0,0,0,0,0,0,,,,,,,,,,,,,,,11864,4775,4508,4487,3305,2727,2332,2294,3932,4551,3651,7410
'080119,"Fresh coconuts, whether or not shelled or peeled (excl. in the inner shell ""endocarp"")",0,0,0,0,0,0,0,0,0,0,0,0,,,,,,,,,,,,,,,0,0,0,0,0,0,0,0,0,0,0,0
'080450,"Fresh or dried guavas, mangoes and mangosteens",0,0,0,0,0,0,0,0,0,0,0,0,,,,,,,,,,,,,,,0,0,0,0,0,0,0,0,0,0,0,0
'080529,Fresh or dried wilkings and similar citrus hybrids,0,0,0,0,0,0,0,0,0,0,0,0,,,,,,,,,,,,,,,99,1458,3582,3171,1904,1100,303,0,0,0,0,0
'080550,"Fresh or dried lemons ""Citrus limon, Citrus limonum"" and limes ""Citrus aurantifolia, Citrus ...",0,0,0,0,0,0,0,0,0,0,0,0,,,,,,,,,,,,,,,11123,40454,39220,34615,14293,1943,0,0,0,0,131,1127
'080711,Fresh watermelons,0,0,0,0,0,0,0,0,0,0,0,0,,,,,,,,,,,,,,,0,0,0,0,0,0,0,0,0,0,0,0
'090111,Coffee (excl. roasted and decaffeinated),0,0,0,0,0,0,0,0,0,0,0,0,,,,,,,,,,,,,,,0,0,0,0,0,0,0,0,0,0,0,0
'090411,"Pepper of the genus Piper, neither crushed nor ground",0,0,0,0,0,0,0,0,0,0,0,0,,,,,,,,,,,,,,,0,0,0,0,0,0,0,0,0,0,0,0
'090421,"Fruits of the genus Capsicum or of the genus Pimenta, dried, neither crushed nor ground",0,0,0,0,0,0,0,0,0,0,0,0,,,,,,,,,,,,,,,0,0,0,0,0,0,0,0,0,0,0,0
'090921,"Coriander seeds, neither crushed nor ground",0,0,0,0,0,0,0,0,0,0,0,0,,,,,,,,,,,,,,,619,472,344,263,334,320,295,504,776,981,1033,1436
'090922,"Coriander seeds, crushed or ground",0,0,0,0,0,0,0,0,0,0,0,0,,,,,,,,,,,,,,,0,0,0,0,0,0,0,0,0,0,0,0
'091020,Saffron,0,0,0,0,0,0,0,0,0,0,0,0,,,,,,,,,,,,,,,0,0,0,0,0,0,0,0,0,0,0,0
'100310,Barley seed for sowing,0,0,0,0,0,0,0,0,0,0,0,0,,,,,,,,,,,,,,,0,0,0,0,0,0,0,0,0,0,0,0
'100810,Buckwheat,0,0,0,0,0,0,0,0,0,0,0,0,,,,,,,,,,,,,,,0,0,0,0,0,0,0,0,0,0,0,0
'110313,"Groats and meal of maize ""corn""",0,0,0,0,0,0,0,0,0,0,0,0,,,,,,,,,,,,,,,0,0,0,0,138,0,0,0,0,132,0,0
'110419,Rolled or flaked grains of cereals (excl. oats),0,0,0,0,0,0,0,0,0,0,0,0,,,,,,,,,,,,,,,0,0,0,0,0,0,0,0,0,0,0,0
'110423,"Hulled, pearled, sliced, kibbled or otherwise worked maize grains (excl. rolled, flaked, pellets ...",0,0,0,0,0,0,0,0,0,0,0,0,,,,,,,,,,,,,,,1110,538,400,1246,1006,1157,1441,1182,810,1420,1355,1121
'110720,Roasted malt,0,0,0,0,0,0,0,0,0,0,0,0,,,,,,,,,,,,,,,64,0,0,0,0,0,0,0,0,76,0,0
'120600,"Sunflower seeds, whether or not broken",0,0,0,0,0,0,0,0,0,48,0,0,,,,,,,,,,,,,,,17834,14163,4192,6889,7438,5550,4886,16261,33099,53091,143986,155602
'120770,Melon seeds,0,0,0,0,0,0,0,0,0,0,0,0,,,,,,,,,,,,,,,0,0,0,0,0,0,0,0,0,0,0,0
'120890,Flours and meal of oil seeds or oleaginous fruit (excl. soya and mustard),0,0,0,0,0,0,0,0,0,0,0,0,,,,,,,,,,,,,,,0,0,0,32,0,0,0,0,0,0,0,0
'120922,"Clover ""Trifolium spp"" seed, for sowing",0,0,0,0,0,0,0,0,0,0,0,0,,,,,,,,,,,,,,,1327,374,0,607,322,0,1382,0,0,0,0,1289
'120923,Fescue seed for sowing,0,0,0,0,0,0,0,0,0,0,0,0,,,,,,,,,,,,,,,341,0,0,0,0,0,0,0,0,0,333,0
'121410,Alfalfa meal and pellets,0,0,0,0,0,0,0,0,0,0,0,0,,,,,,,,,,,,,,,325,360,254,455,484,397,419,352,351,372,354,455
'140120,Rattans,0,0,0,0,0,0,0,0,0,0,0,0,,,,,,,,,,,,,,,0,0,0,0,0,0,0,0,0,0,0,0
'140420,Cotton linters,0,0,0,0,0,0,0,0,0,0,0,0,,,,,,,,,,,,,,,0,0,0,0,0,0,0,0,0,0,0,0
'150790,"Soya-bean oil and its fractions, whether or not refined (excl. chemically modified and crude)",0,0,0,0,0,0,0,0,0,0,0,0,,,,,,,,,,,,,,,26559,27746,106176,110548,95672,107531,107166,88811,24878,59631,62478,59269
'151219,"Sunflower-seed or safflower oil and their fractions, whether or not refined, but not chemically ...",0,0,0,0,0,0,0,0,0,0,0,0,,,,,,,,,,,,,,,16445,29164,18637,31904,22443,26663,24777,16850,18634,25951,22788,21754
'151800,"Animal or vegetable fats and oils and their fractions, boiled, oxidised, dehydrated, sulphurised, ...",0,0,0,0,0,0,0,0,0,0,0,0,,,,,,,,,,,,,,,6101,5827,4515,5841,2807,6268,3292,2891,3765,4458,3533,3894
'160554,"Cuttlefish and squid, prepared or preserved (excl. smoked)",0,0,0,0,0,0,0,0,0,0,0,0,,,,,,,,,,,,,,,0,0,0,0,0,0,0,0,0,0,0,0
'160555,"Octopus, prepared or preserved (excl. smoked)",0,0,0,0,0,0,0,0,0,0,0,0,,,,,,,,,,,,,,,0,0,0,0,0,0,0,0,0,0,0,0
'170240,"Glucose in solid form and glucose syrup, not containing added flavouring or colouring matter, ...",0,0,0,0,0,0,0,0,0,0,0,0,,,,,,,,,,,,,,,0,0,0,0,0,0,0,0,0,0,0,0
'180200,"Cocoa shells, husks, skins and other cocoa waste",0,0,0,0,0,0,0,0,0,0,0,0,,,,,,,,,,,,,,,0,0,0,0,0,0,0,0,0,0,0,0
'180320,"Cocoa paste, wholly or partly defatted",0,0,0,0,0,0,0,0,0,0,0,0,,,,,,,,,,,,,,,0,0,0,0,0,0,0,0,0,0,0,0
'180500,"Cocoa powder, not containing added sugar or other sweetening matter",0,0,0,0,0,0,0,0,0,0,0,0,,,,,,,,,,,,,,,19,0,0,226,0,0,111,0,0,0,0,0
'180620,"Chocolate and other food preparations containing cocoa, in blocks, slabs or bars weighing > ...",0,0,0,0,0,0,0,0,0,0,0,0,,,,,,,,,,,,,,,523,558,158,1006,870,2165,2125,1431,1094,708,1123,1775
'190120,"Mixes and doughs of flour, groats, meal, starch or malt extract, not containing cocoa or containing ...",0,0,0,0,0,0,0,0,0,0,0,0,,,,,,,,,,,,,,,1653,1562,2230,2100,1935,2979,3206,1648,1643,1662,1492,1904
'190430,"Bulgur wheat in the form of worked grains, obtained by cooking hard wheat grains",0,0,0,0,0,0,0,0,0,0,0,0,,,,,,,,,,,,,,,0,0,0,0,0,0,0,0,0,0,0,0
'200490,"Vegetables and mixtures of vegetables, prepared or preserved otherwise than by vinegar or acetic ...",0,0,0,0,0,0,0,0,0,0,0,0,,,,,,,,,,,,,,,0,0,0,0,0,0,70,0,0,0,0,0
'200551,"Shelled beans ""Vigna spp., Phaseolus spp."", prepared or preserved otherwise than by vinegar ...",0,0,0,0,0,0,0,0,0,0,0,0,,,,,,,,,,,,,,,0,112,0,0,17,0,0,0,0,0,0,65
'200560,"Asparagus, prepared or preserved otherwise than by vinegar or acetic acid (excl. frozen)",0,0,0,0,0,0,0,0,0,0,0,0,,,,,,,,,,,,,,,0,0,0,0,0,0,0,0,0,0,0,0
'200791,"Citrus fruit jams, jellies, marmalades, purées or pastes, obtained by cooking, whether or not ...",0,0,0,0,0,0,0,0,0,0,0,0,,,,,,,,,,,,,,,24,0,0,0,0,0,0,0,0,0,7,0
'200893,"Cranberries ""Vaccinium macrocarpon, Vaccinium oxycoccos"" and lingonberries ""Vaccinium vitis-idaea"", ...",0,0,0,0,0,0,0,0,0,0,0,0,,,,,,,,,,,,,,,0,0,0,0,0,0,0,0,20,0,0,0
'200912,"Orange juice, unfermented, Brix value <= 20 at 20°C, whether or not containing added sugar ...",0,0,0,0,0,0,0,0,0,0,0,0,,,,,,,,,,,,,,,0,0,0,0,0,0,0,0,0,0,0,0
'200969,"Grape juice, incl. grape must, unfermented, Brix value > 30 at 20°C, whether or not containing ...",0,0,0,0,0,0,0,0,0,0,0,0,,,,,,,,,,,,,,,8548,11191,7665,12868,10643,14197,10430,11683,12212,7355,9629,12289
'210120,"Extracts, essences and concentrates, of tea or mate, and preparations with a basis of these ...",0,0,0,0,0,0,0,0,0,0,0,0,,,,,,,,,,,,,,,631,507,771,565,358,617,406,297,402,370,321,820
'210390,"Preparations for sauces and prepared sauces; mixed condiments and seasonings (excl. soya sauce, ...",0,0,0,0,0,0,0,0,0,0,0,0,,,,,,,,,,,,,,,1574,2089,1666,1828,2134,2467,2564,2211,2054,2224,1837,2021
'220110,"Mineral waters and aerated waters, not containing added sugar, other sweetening matter or flavoured",0,0,0,0,0,0,0,0,0,0,0,0,,,,,,,,,,,,,,,23,0,0,0,2,0,0,0,0,17,0,0
'220422,"Wine of fresh grapes, incl. fortified wines, and grape must whose fermentation has been arrested ...",0,0,0,0,0,0,0,0,0,0,0,0,,,,,,,,,,,,,,,107,50,61,29,43,77,55,58,41,14,29,53
'220710,"Undenatured ethyl alcohol, of actual alcoholic strength of >= 80%",0,0,0,0,0,0,0,0,0,0,0,0,,,,,,,,,,,,,,,1801,6726,1126,1962,12200,1411,6595,7187,9933,6862,6552,1404
'220820,Spirits obtained by distilling grape wine or grape marc,0,0,0,0,0,0,0,0,0,0,0,0,,,,,,,,,,,,,,,0,0,0,0,0,0,0,0,0,0,0,0
'220840,Rum and other spirits obtained by distilling fermented sugar-cane products,0,0,0,0,0,0,0,0,0,0,0,0,,,,,,,,,,,,,,,0,0,0,0,0,0,0,0,0,0,0,0
'230230,"Bran, sharps and other residues of wheat, whether or not in the form of pellets, derived from ...",0,0,0,0,0,0,0,0,0,0,0,0,,,,,,,,,,,,,,,5476,3320,2061,3246,2582,5065,3174,3340,2989,3651,1829,5438
'230800,"Acorns, horse-chestnuts, marc and other vegetable materials and vegetable waste, vegetable ...",0,0,0,0,0,0,0,0,0,0,0,0,,,,,,,,,,,,,,,1725,1591,6185,10738,12282,8751,9359,5953,8519,6898,3926,5108
'230910,"Dog or cat food, put up for retail sale",0,0,0,0,0,0,0,0,0,0,0,0,,,,,,,,,,,,,,,9936,10366,9502,12274,8328,9723,9165,8930,8318,6633,8295,9562
'240492,"Nicotine containing products intended for the intake of nicotine into the human body, for transdermal ...",0,0,0,0,0,0,0,0,0,0,0,0,,,,,,,,,,,,,,,0,0,0,0,0,0,0,0,0,0,0,0
'250300,"Sulphur of all kinds (excl. sublimed sulphur, precipitated sulphur and colloidal sulphur)",0,0,0,0,0,0,0,0,0,0,0,0,,,,,,,,,,,,,,,0,0,0,0,0,0,0,0,0,0,0,0
'250490,Natural graphite (excl. in powder or in flakes),0,0,0,0,0,0,0,0,0,0,0,0,,,,,,,,,,,,,,,0,0,0,0,0,0,0,0,0,0,0,0
'250830,Fireclay (excl. kaolin and other kaolinic clays and expanded clay),0,0,0,0,0,0,0,0,0,0,0,0,,,,,,,,,,,,,,,0,0,0,0,0,0,0,0,0,0,0,0
'250840,"Clays (excl. fireclay, bentonite, kaolin and other kaolinic clays and expanded clay)",0,0,0,0,0,0,0,0,0,0,0,0,,,,,,,,,,,,,,,0,0,0,30,0,71,0,0,76,0,76,0
'251320,"Emery; natural corundum, natural garnet and other natural abrasives, whether or not heat-treated",0,0,0,0,0,0,0,0,0,0,0,0,,,,,,,,,,,,,,,0,0,0,0,0,0,0,0,0,0,0,0
'251520,Ecaussine and other calcareous monumental or building stone of an apparent specific gravity ...,0,0,0,0,0,0,0,0,0,0,0,0,,,,,,,,,,,,,,,0,0,0,0,0,0,0,0,0,0,0,0
'251810,"Crude dolomite, not calcined or not sintered, incl. dolomite roughly trimmed or merely cut, ...",0,0,0,0,0,0,0,0,0,0,0,0,,,,,,,,,,,,,,,254,277,168,201,180,171,265,248,144,199,107,265
'251990,"Fused magnesia; dead-burned ""sintered"" magnesia, whether or not containing small quantities ...",0,0,0,0,0,0,0,0,0,0,0,0,,,,,,,,,,,,,,,0,0,0,0,0,0,0,0,0,0,0,0
'252020,"Plasters consisting of calcined gypsum or calcium sulphate, whether or not coloured, with or ...",0,0,0,0,0,0,0,0,0,0,0,0,,,,,,,,,,,,,,,138,170,96,177,138,197,224,194,113,116,228,292
'252329,"Portland cement (excl. white, whether or not artificially coloured)",0,0,0,0,0,0,0,0,0,0,0,0,,,,,,,,,,,,,,,392,0,0,0,0,0,281,0,171,173,0,0
'252330,Aluminous cement,0,0,0,0,0,0,0,0,0,0,0,0,,,,,,,,,,,,,,,0,0,0,0,0,0,0,0,0,0,0,0
'260600,Aluminium ores and concentrates,0,0,0,0,0,0,0,0,0,0,0,0,,,,,,,,,,,,,,,0,0,0,0,0,0,0,0,0,0,0,0
'260700,Lead ores and concentrates,0,0,0,0,0,0,0,0,0,0,0,0,,,,,,,,,,,,,,,0,0,0,0,0,0,0,0,0,0,0,0
'262190,"Slag and ash, incl. seaweed ash ""kelp"" (excl. slag, incl. granulated, from the manufacture ...",0,0,0,0,0,0,0,0,0,0,0,0,,,,,,,,,,,,,,,0,0,0,0,0,0,0,0,0,0,0,0
'270119,"Coal, whether or not pulverised, non-agglomerated (excl. anthracite and bituminous coal)",0,0,0,0,0,0,0,0,0,0,0,0,,,,,,,,,,,,,,,0,0,0,0,0,0,0,0,0,0,0,0
'270810,Pitch obtained from coal tar or from other mineral tars,0,0,0,0,0,0,0,0,0,0,0,0,,,,,,,,,,,,,,,0,0,0,0,0,0,0,0,0,0,0,0
'271019,"Medium oils and preparations, of petroleum or bituminous minerals, not containing biodiesel, ...",0,0,0,0,0,0,0,0,0,0,0,0,,,,,,,,,,,,,,,28487,39430,36285,31319,43121,23128,43821,27620,24314,23672,10732,48904
'271111,"Natural gas, liquefied",0,0,0,0,0,0,0,0,0,0,0,0,,,,,,,,,,,,,,,0,0,0,0,0,0,0,0,0,0,0,0
'271112,"Propane, liquefied",0,0,0,0,0,0,0,0,0,0,0,0,,,,,,,,,,,,,,,19029,6341,18468,18797,17937,16279,28252,29343,40127,33684,20330,36903
'280480,Arsenic,0,0,0,0,0,0,0,0,0,0,0,0,,,,,,,,,,,,,,,0,0,0,0,0,0,0,0,0,0,0,0
'280530,"Rare-earth metals, scandium and yttrium, whether or not intermixed or interalloyed",0,0,0,0,0,0,0,0,0,0,0,0,,,,,,,,,,,,,,,0,0,0,0,0,0,0,0,0,0,0,0
'280800,Nitric acid; sulphonitric acids,0,0,0,0,0,0,0,0,0,0,0,0,,,,,,,,,,,,,,,0,0,0,0,0,0,87,0,0,0,0,86
'281121,Carbon dioxide,0,0,0,0,0,0,0,0,0,0,0,0,,,,,,,,,,,,,,,1170,1117,574,1060,1003,1114,1217,1247,919,1460,899,1291
'281410,Anhydrous ammonia,0,0,0,0,0,0,0,0,0,0,0,0,,,,,,,,,,,,,,,0,0,0,0,0,0,0,0,0,0,0,0
'281530,Peroxides of sodium or potassium,0,0,0,0,0,0,0,0,0,0,0,0,,,,,,,,,,,,,,,0,0,0,0,0,0,0,0,0,0,0,0
'282490,"Lead oxides (excl. monoxide ""litharge, massicot"")",0,0,0,0,0,0,0,0,0,0,0,0,,,,,,,,,,,,,,,0,0,0,0,0,0,0,0,0,0,0,0
'282530,Vanadium oxides and hydroxides,0,0,0,0,0,0,0,0,0,0,0,0,,,,,,,,,,,,,,,0,0,0,0,0,0,0,0,0,0,0,0
'282619,Fluorides (excl. of aluminium and mercury),0,0,0,0,0,0,0,0,0,0,0,0,,,,,,,,,,,,,,,0,0,0,0,0,0,0,0,0,0,0,0
'282690,"Fluorosilicates, fluoroaluminates and other complex fluorine salts (excl. sodium hexafluoroaluminate ...",0,0,0,0,0,0,0,0,0,0,0,0,,,,,,,,,,,,,,,0,0,0,0,0,0,0,0,0,0,0,0
'282749,Chloride oxides and chloride hydroxides (excl. copper and mercury),0,0,0,0,0,0,0,0,0,0,0,0,,,,,,,,,,,,,,,69,136,271,0,171,0,189,84,178,137,0,0
'282810,"Calcium hypochlorites, incl. commercial calcium hypochlorite",0,0,0,0,0,0,0,0,0,0,0,0,,,,,,,,,,,,,,,0,0,0,0,0,0,0,0,0,0,0,0
'283110,Dithionite and sulfoxylate of sodium,0,0,0,0,0,0,0,0,0,0,0,0,,,,,,,,,,,,,,,0,0,0,0,0,0,0,0,0,0,0,0
'283220,Sulphites (excl. sodium),0,0,0,0,0,0,0,0,0,0,0,0,,,,,,,,,,,,,,,0,0,0,0,0,0,0,0,0,0,0,0
'283319,Sodium sulphates (excl. disodium),0,0,0,0,0,0,0,0,0,0,0,0,,,,,,,,,,,,,,,0,0,0,0,0,0,0,0,0,0,0,0
'283322,Sulphate of aluminium,0,0,0,0,0,0,0,0,0,0,0,0,,,,,,,,,,,,,,,0,0,0,0,0,0,0,0,0,0,0,0
'283340,"Peroxosulphates ""persulphates""",0,0,0,0,0,0,0,0,0,0,0,0,,,,,,,,,,,,,,,0,0,0,0,0,0,0,0,0,0,0,0
'283525,"Calcium hydrogenorthophosphate ""dicalcium phosphate""",0,0,0,0,0,0,0,0,0,0,0,0,,,,,,,,,,,,,,,0,0,0,0,0,0,0,0,0,0,0,0
'283526,"Phosphates of calcium (excl. calcium hydrogenorthophosphate ""dicalcium phosphate"")",0,0,0,0,0,0,0,0,0,0,0,0,,,,,,,,,,,,,,,0,0,0,0,0,0,0,0,0,0,0,0
'283531,"Sodium triphosphate ""sodium tripolyphosphate"", whether or not chemically defined",0,0,0,0,0,0,0,0,0,0,0,0,,,,,,,,,,,,,,,0,0,0,0,0,0,0,0,0,0,0,0
'283620,Disodium carbonate,0,0,0,0,0,0,0,0,0,0,0,0,,,,,,,,,,,,,,,0,0,0,0,0,0,0,0,0,0,0,0
'283660,Barium carbonate,0,0,0,0,0,0,0,0,0,0,0,0,,,,,,,,,,,,,,,0,0,0,0,0,0,0,0,0,0,0,0
'283711,Sodium cyanide,0,0,0,0,0,0,0,0,0,0,0,0,,,,,,,,,,,,,,,0,0,0,0,0,0,0,0,0,0,0,0
'283990,"Silicates, incl. commercial alkali metal silicates (excl. sodium silicates)",0,0,0,0,0,0,0,0,0,0,0,0,,,,,,,,,,,,,,,0,0,0,0,0,0,0,0,0,0,0,0
'284180,"Tungstates ""wolframates""",0,0,0,0,0,0,0,0,0,0,0,0,,,,,,,,,,,,,,,0,0,0,0,0,0,0,0,0,0,0,0
'290110,Saturated acyclic hydrocarbons,0,0,0,0,0,0,0,0,0,0,0,0,,,,,,,,,,,,,,,0,0,0,0,0,0,0,0,0,0,0,0
'290121,Ethylene,0,0,0,0,0,0,0,0,0,0,0,0,,,,,,,,,,,,,,,0,0,0,0,0,0,0,0,0,0,0,0
'290124,"Buta-1,3-diene and isoprene",0,0,0,0,0,0,0,0,0,0,0,0,,,,,,,,,,,,,,,0,0,0,0,0,0,0,0,0,0,0,0
'290220,Benzene,0,0,0,0,0,0,0,0,0,0,0,0,,,,,,,,,,,,,,,0,0,0,0,0,0,0,0,0,0,0,0
'290243,p-Xylene,0,0,0,0,0,0,0,0,0,0,0,0,,,,,,,,,,,,,,,0,0,0,0,0,0,0,0,0,0,0,0
'290312,"Dichloromethane ""methylene chloride""",0,0,0,0,0,0,0,0,0,0,0,0,,,,,,,,,,,,,,,0,0,0,0,0,0,0,0,0,0,0,0
'290542,Pentaerythritol,0,0,0,0,0,0,0,0,0,0,0,0,,,,,,,,,,,,,,,0,0,0,0,0,0,0,0,0,0,0,0
'290543,Mannitol,0,0,0,0,0,0,0,0,0,0,0,0,,,,,,,,,,,,,,,0,0,0,0,0,0,0,0,0,0,0,0
'290619,"Cyclanic, cyclenic or cycloterpenic alcohols and their halogenated, sulphonated, nitrated or ...",0,0,0,0,0,0,0,0,0,0,0,0,,,,,,,,,,,,,,,0,0,0,0,13,0,29,0,3,0,0,0
'290719,"Monophenols (excl. phenol ""hydroxybenzene"" and its salts, cresols and their salts, octylphenol, ...",0,0,0,0,0,0,0,0,0,0,0,0,,,,,,,,,,,,,,,0,0,0,0,0,0,0,0,0,0,0,0
'290960,"Alcohol peroxides, ether peroxides, acetal and hemiacetal peroxides, ketone peroxides and their ...",0,0,0,0,0,0,0,0,0,0,0,0,,,,,,,,,,,,,,,0,0,0,0,0,0,0,0,0,0,0,0
'291211,"Methanal ""formaldehyde""",0,0,0,0,0,0,0,0,0,0,0,0,,,,,,,,,,,,,,,0,0,0,0,0,0,0,0,0,0,240,0
'291462,"Coenzyme Q10 ""ubidecarenone ""INN""""",0,0,0,0,0,0,0,0,0,0,0,0,,,,,,,,,,,,,,,0,0,0,0,0,0,0,0,0,0,0,0
'291513,Esters of formic acid,0,0,0,0,0,0,0,0,0,0,0,0,,,,,,,,,,,,,,,0,0,0,0,14,0,0,0,0,0,0,0
'291539,"Esters of acetic acid (excl. ethyl, vinyl, n-butyl and dinoseb [ISO] acetates)",0,0,0,0,0,0,0,0,0,0,0,0,,,,,,,,,,,,,,,0,16,0,5,12,0,32,0,19,0,45,5
'291615,"Oleic, linoleic or linolenic acids, their salts and esters (excl. inorganic or organic compounds ...",0,0,0,0,0,0,0,0,0,0,0,0,,,,,,,,,,,,,,,0,0,0,0,0,0,0,0,0,0,0,0
'291720,"Cyclanic, cyclenic or cycloterpenic polycarboxylic acids, their anhydrides, halides, peroxides, ...",0,0,0,0,0,0,0,0,0,0,0,0,,,,,,,,,,,,,,,0,0,0,0,0,0,0,0,0,0,0,0
'291813,Salts and esters of tartaric acid,0,0,0,0,0,0,0,0,0,0,0,0,,,,,,,,,,,,,,,0,0,0,0,0,0,0,0,0,0,0,0
'291814,Citric acid,0,0,0,0,0,0,0,0,0,0,0,0,,,,,,,,,,,,,,,0,27,0,26,0,23,22,0,15,30,21,0
'292211,Monoethanolamine and its salts,0,0,0,0,0,0,0,0,0,0,0,0,,,,,,,,,,,,,,,0,0,0,0,0,0,0,0,0,0,0,0
'292250,"Amino-alcohol-phenols, amino-acid-phenols and other amino-compounds with oxygen function (excl. ...",0,0,0,0,0,0,0,0,0,0,0,0,,,,,,,,,,,,,,,0,0,0,0,0,0,0,0,0,0,0,0
'292429,"Cyclic amides, incl. cyclic carbamates, and their derivatives; salts thereof (excl. ureines ...",0,0,0,0,0,0,0,0,0,0,0,0,,,,,,,,,,,,,,,0,0,0,0,0,0,0,0,0,0,0,0
'292700,"Diazo-, azo- or azoxy-compounds",0,0,0,0,0,0,0,0,0,0,0,0,,,,,,,,,,,,,,,0,0,0,0,0,0,0,0,0,0,0,0
'293020,Thiocarbamates and dithiocarbamates (excl. inorganic or organic compounds of mercury),0,0,0,0,0,0,0,0,0,0,0,0,,,,,,,,,,,,,,,0,0,0,0,0,0,0,0,0,0,0,0
'293190,"Separate chemically defined organo-inorganic compounds (excl. organo-sulphur, mercury, tetramethyl ...",0,0,0,0,0,0,0,0,0,0,0,0,,,,,,,,,,,,,,,0,0,0,0,0,0,0,0,0,0,0,0
'293219,"Heterocyclic compounds with oxygen hetero-atom[s] only, containing an unfused furan ring, whether ...",0,0,0,0,0,0,0,0,0,0,0,0,,,,,,,,,,,,,,,0,0,0,5,3,1,1,0,0,0,0,0
'293331,Pyridine and its salts,0,0,0,0,0,0,0,0,0,0,0,0,,,,,,,,,,,,,,,0,0,0,0,0,0,0,0,0,0,0,0
'293332,Piperidine and its salts,0,0,0,0,0,0,0,0,0,0,0,0,,,,,,,,,,,,,,,0,0,0,0,0,0,0,0,0,0,0,0
'293420,"Heterocyclic compounds containing in the structure a benzothiazole ring-system, whether or ...",0,0,0,0,0,0,0,0,0,0,0,0,,,,,,,,,,,,,,,0,0,0,0,0,1,0,0,0,0,0,0
'293491,"Aminorex ""INN"", brotizolam ""INN"", clotiazepam ""INN"", cloxazolam ""INN"", dextromoramide ""INN"", ...",0,0,0,0,0,0,0,0,0,0,0,0,,,,,,,,,,,,,,,0,0,0,0,0,0,0,0,0,0,0,0
'293627,"Vitamin C and its derivatives, used primarily as vitamins",0,0,0,0,0,0,0,0,0,0,0,0,,,,,,,,,,,,,,,0,0,0,0,0,0,3,0,0,0,0,0
'293790,"Hormones, natural or reproduced by synthesis; derivatives and structural analogues thereof, ...",0,0,0,0,0,0,0,0,0,0,0,0,,,,,,,,,,,,,,,0,0,0,0,0,0,0,0,0,0,0,0
'293972,"Cocaine, ecgonine; salts, esters and other derivatives thereof",0,0,0,0,0,0,0,0,0,0,0,0,,,,,,,,,,,,,,,0,0,0,0,0,0,0,0,0,0,0,0
'294110,Penicillins and their derivatives with a penicillanic acid structure; salts thereof,0,0,0,0,0,0,0,0,0,0,0,0,,,,,,,,,,,,,,,0,0,0,0,0,0,0,0,0,0,0,0
'294190,"Antibiotics (excl. penicillins and their derivatives with a penicillanic acid structure, salts ...",0,0,0,0,0,0,0,0,0,0,0,0,,,,,,,,,,,,,,,0,0,0,0,0,0,0,0,0,0,0,0
'300190,"Dried glands and other organs for organo-therapeutic uses, whether or not powdered; heparin ...",0,0,0,0,0,0,0,0,0,0,0,0,,,,,,,,,,,,,,,43,48,24,96,41,0,2479,0,0,46,0,122
'300390,Medicaments consisting of two or more constituents mixed together for therapeutic or prophylactic ...,0,0,0,0,0,0,0,0,0,0,0,0,,,,,,,,,,,,,,,83,0,94,46,0,0,45,0,0,17,0,33
'300610,"Sterile surgical catgut, similar sterile suture materials, incl. sterile absorbable surgical ...",0,0,0,0,0,0,0,0,0,0,0,0,,,,,,,,,,,,,,,45,112,41,115,0,65,199,135,135,44,0,171
'300692,Waste pharmaceuticals,0,0,0,0,0,0,0,0,0,0,0,0,,,,,,,,,,,,,,,0,0,0,0,0,0,0,0,0,0,0,0
'310221,"Ammonium sulphate (excl. that in tablets or similar forms, or in packages with a gross weight ...",0,0,0,0,0,0,0,0,0,0,0,0,,,,,,,,,,,,,,,0,0,0,0,0,0,0,0,0,0,0,0
'310290,Mineral or chemical nitrogen fertilisers (excl. urea; ammonium sulphate; ammonium nitrate; ...,0,0,0,0,0,0,0,0,0,0,0,0,,,,,,,,,,,,,,,0,0,0,0,0,0,0,0,0,0,0,0
'310540,"Ammonium dihydrogenorthophosphate ""monoammonium phosphate"", whether or not mixed with diammonium ...",0,0,0,0,0,0,0,0,0,0,0,0,,,,,,,,,,,,,,,0,0,0,0,0,538,773,0,0,52,0,0
'310560,Mineral or chemical fertilisers containing the two fertilising elements phosphorus and potassium ...,0,0,0,0,0,0,0,0,0,0,0,0,,,,,,,,,,,,,,,0,0,0,0,0,0,0,0,0,0,0,0
'320412,"Synthetic organic acid dyes, whether or not metallised, and synthetic organic mordant dyes; ...",0,0,0,0,0,0,0,0,0,0,0,0,,,,,,,,,,,,,,,10,5,84,71,104,0,40,5,52,26,38,18
'320415,"Synthetic organic vat dyes, incl. those usable in that state as pigments; preparations based ...",0,0,0,0,0,0,0,0,0,0,0,0,,,,,,,,,,,,,,,0,0,0,0,0,0,0,0,0,0,0,0
'320650,"Inorganic products of a kind used as luminophores, whether or not chemically defined",0,0,0,0,0,0,0,0,0,0,0,0,,,,,,,,,,,,,,,0,0,0,0,0,0,0,0,0,0,0,0
'321290,"Pigments, incl. metallic powders and flakes, dispersed in non-aqueous media, in liquid or paste ...",0,0,0,0,0,0,0,0,0,0,0,0,,,,,,,,,,,,,,,78,78,81,96,56,58,53,54,100,33,63,97
'321310,"Sets of artist's, student's or signboard painter's colours, modifying tints, amusement colours ...",0,0,0,0,0,0,0,0,0,0,0,0,,,,,,,,,,,,,,,0,0,0,0,0,0,0,0,0,0,0,0
'321390,"Artist's, student's or signboard painter's colours, modifying tints, amusement colours and ...",0,0,0,0,0,0,0,0,0,0,0,0,,,,,,,,,,,,,,,0,42,0,0,0,0,0,36,0,0,0,0
'330420,Eye make-up preparations,0,0,0,0,0,0,0,0,0,0,0,0,,,,,,,,,,,,,,,1002,536,521,721,823,461,1115,672,754,354,581,993
'330491,"Make-up or skin care powders, incl. baby powders, whether or not compressed (excl. medicaments)",0,0,0,0,0,0,0,0,0,0,0,0,,,,,,,,,,,,,,,283,7,141,85,91,34,12,265,90,11,33,29
'340242,"Non-ionic organic surface-active agents, whether or not put up for retail sale (excl. soap)",0,0,0,0,0,0,0,0,0,0,0,0,,,,,,,,,,,,,,,318,418,257,512,899,435,564,827,215,1290,350,284
'350699,"Glues, prepared, and other prepared adhesives, n.e.s.",0,0,0,0,0,0,0,0,0,0,0,0,,,,,,,,,,,,,,,11,20,3,6,9,0,10,9,3,5,0,14
'360410,Fireworks,0,0,0,0,0,0,0,0,0,0,0,0,,,,,,,,,,,,,,,0,0,0,0,0,0,0,0,0,0,0,0
'360610,Liquid or liquefied-gas fuels in containers of a kind used for filling or refilling cigarette ...,0,0,0,0,0,0,0,0,0,0,0,0,,,,,,,,,,,,,,,0,0,0,0,0,0,0,0,0,0,0,0
'370110,"Photographic plates and film in the flat, sensitised, unexposed, for X-ray (excl. of paper, ...",0,0,0,0,0,0,0,0,0,0,0,0,,,,,,,,,,,,,,,0,0,0,0,0,0,0,0,0,0,0,0
'370297,"Photographic film, sensitised, in rolls, unexposed, with perforations, for monochrome photography, ...",0,0,0,0,0,0,0,0,0,0,0,0,,,,,,,,,,,,,,,0,0,0,0,0,0,0,0,0,0,0,0
'380300,"Tall oil, whether or not refined",0,0,0,0,0,0,0,0,0,0,0,0,,,,,,,,,,,,,,,0,0,0,0,0,0,0,0,0,0,0,0
'380861,"Goods of heading 3808, containing alpha-cypermethrin ""ISO"", bendiocarb ""ISO"", bifenthrin ""ISO"", ...",0,0,0,0,0,0,0,0,0,0,0,0,,,,,,,,,,,,,,,0,0,0,0,0,0,0,0,0,0,0,0
'381119,Anti-knock preparations for motor fuels (excl. those based on lead compounds),0,0,0,0,0,0,0,0,0,0,0,0,,,,,,,,,,,,,,,0,0,0,0,0,0,0,0,0,0,0,0
'381210,Prepared rubber accelerators,0,0,0,0,0,0,0,0,0,0,0,0,,,,,,,,,,,,,,,0,0,0,0,0,0,0,0,0,0,0,0
'381300,Preparations and charges for fire-extinguishers; charged fire-extinguishing grenades (excl. ...,0,0,0,0,0,0,0,0,0,0,0,0,,,,,,,,,,,,,,,0,0,0,0,0,0,0,0,0,0,0,0
'382211,"Diagnostic or laboratory reagents on a backing, prepared diagnostic or laboratory reagents ...",0,0,0,0,0,0,0,0,0,0,0,0,,,,,,,,,,,,,,,0,0,0,0,0,0,0,0,0,0,0,0
'382410,Prepared binders for foundry moulds or cores,0,0,0,0,0,0,0,0,0,0,0,0,,,,,,,,,,,,,,,0,0,0,0,0,0,0,0,0,0,0,0
'382569,"Wastes from chemical or allied industries (excl. wastes of metal pickling liquors, of hydraulic ...",0,0,0,0,0,0,0,0,0,0,0,0,,,,,,,,,,,,,,,0,0,0,0,0,0,0,0,0,0,0,0
'382751,"Mixtures containing trifluoromethane ""HFC-23"" (excl. containing chlorofluorocarbons ""CFCs"" ...",0,0,0,0,0,0,0,0,0,0,0,0,,,,,,,,,,,,,,,0,0,0,0,0,0,0,0,0,0,0,0
'382763,"Mixtures containing other hydrofluorocarbons ""HFCs"" than in subheadings of 3827 till 3827.59, ...",0,0,0,0,0,0,0,0,0,0,0,0,,,,,,,,,,,,,,,0,0,0,0,0,0,0,0,0,0,0,0
'390140,"Ethylene-alpha-olefin copolymers, having a specific gravity of < 0,94 , in primary forms",0,0,0,0,0,0,0,0,0,0,0,0,,,,,,,,,,,,,,,0,0,0,0,0,0,0,0,0,0,0,0
'390430,"Vinyl chloride-vinyl acetate copolymers, in primary forms",0,0,0,0,0,0,0,0,0,0,0,0,,,,,,,,,,,,,,,0,0,0,0,0,0,0,0,0,0,0,0
'390599,"Polymers of vinyl esters and other vinyl polymers, in primary forms (excl. those of vinyl chloride ...",0,0,0,0,0,0,0,0,0,0,0,0,,,,,,,,,,,,,,,14,0,0,2,0,0,0,2,0,0,0,0
'390610,"Poly""methyl methacrylate"", in primary forms",0,0,0,0,0,0,0,0,0,0,0,0,,,,,,,,,,,,,,,0,0,0,0,0,0,0,0,0,0,0,0
'390710,"Polyacetals, in primary forms",0,0,0,0,0,0,0,0,0,0,0,0,,,,,,,,,,,,,,,0,0,0,0,0,0,0,0,0,0,0,0
'390729,"Polyethers, in primary forms (excl. polyacetals, bis(polyoxyethylene) methylphosphonate and ...",0,0,0,0,0,0,0,0,0,0,0,0,,,,,,,,,,,,,,,18,0,158,216,193,61,26,77,0,171,0,0
'390940,"Phenolic resins, in primary forms",0,0,0,0,0,0,0,0,0,0,0,0,,,,,,,,,,,,,,,0,0,0,0,0,0,0,0,0,0,0,0
'391211,"Non-plasticised cellulose acetates, in primary forms",0,0,0,0,0,0,0,0,0,0,0,0,,,,,,,,,,,,,,,0,0,0,0,0,0,0,0,0,0,0,0
'391310,"Alginic acid, its salts and esters, in primary forms",0,0,0,0,0,0,0,0,0,0,0,0,,,,,,,,,,,,,,,0,0,0,0,0,0,0,0,0,0,0,0
'391723,"Rigid tubes, pipes and hoses, of polymers of vinyl chloride",0,0,0,0,0,0,0,0,0,0,0,0,,,,,,,,,,,,,,,156,39,96,70,41,26,9,98,65,41,46,115
'391729,"Rigid tubes, pipes and hoses, of plastics (excl. those of polymers of ethylene, propylene and ...",0,0,0,0,0,0,0,0,0,0,0,0,,,,,,,,,,,,,,,212,92,302,219,28,202,672,142,532,345,2,86
'391731,"Flexible tubes, pipes and hoses, of plastics, burst pressure >= 27,6 MPa",0,0,0,0,0,0,0,0,0,0,0,0,,,,,,,,,,,,,,,0,0,0,0,0,0,0,3,0,0,0,0
'391890,"Floor coverings of plastics, whether or not self-adhesive, in rolls or in the form of tiles, ...",0,0,0,0,0,0,0,0,0,0,0,0,,,,,,,,,,,,,,,0,0,0,0,0,0,0,0,0,0,0,0
'392049,"Plates, sheets, film, foil and strip, of non-cellular polymers of vinyl chloride, containing ...",0,0,0,0,0,0,0,0,0,0,0,0,,,,,,,,,,,,,,,1110,922,388,1984,803,919,688,717,547,1022,0,1325
'392051,"Plates, sheets, film, foil and strip, of non-cellular poly""methyl methacrylate"", not reinforced, ...",0,0,0,0,0,0,0,0,0,0,0,0,,,,,,,,,,,,,,,0,0,0,0,0,0,0,0,0,0,0,0
'392069,"Plates, sheets, film, foil and strip, of non-cellular polyesters, not reinforced, laminated, ...",0,0,0,0,0,0,0,0,0,0,0,0,,,,,,,,,,,,,,,0,139,0,0,0,92,0,0,0,0,0,0
'392111,"Plates, sheets, film, foil and strip, of cellular polymers of styrene, unworked or merely surface-worked ...",0,0,0,0,0,0,0,0,0,0,0,0,,,,,,,,,,,,,,,0,0,0,0,0,0,0,0,0,0,0,0
'392210,"Baths, shower-baths, sinks and washbasins, of plastics",0,0,0,0,0,0,0,0,0,0,0,0,,,,,,,,,,,,,,,0,46,20,32,17,18,18,0,15,0,0,48
'400121,Smoked sheets of natural rubber,0,0,0,0,0,0,0,0,0,0,0,0,,,,,,,,,,,,,,,0,0,0,0,0,0,0,0,0,0,0,0
'400700,Vulcanised rubber thread and cord (excl. ungimped single thread with a diameter of > 5 mm and ...,0,0,0,0,0,0,0,0,0,0,0,0,,,,,,,,,,,,,,,0,0,0,0,0,0,0,0,0,0,0,0
'400941,"Tubes, pipes and hoses, of vulcanised rubber (excl. hard rubber), reinforced or otherwise combined ...",0,0,0,0,0,0,0,0,0,0,0,0,,,,,,,,,,,,,,,403,162,328,248,239,213,218,235,159,5,14,39
'401031,"Endless transmission belts of trapezoidal cross-section ""V-belts"", of vulcanised rubber, V-ribbed, ...",0,0,0,0,0,0,0,0,0,0,0,0,,,,,,,,,,,,,,,643,822,466,628,783,357,458,596,277,173,57,234
'401140,"New pneumatic tyres, of rubber, of a kind used for motorcycles",0,0,0,0,0,0,0,0,0,0,0,0,,,,,,,,,,,,,,,0,0,0,0,0,0,0,0,0,0,0,0
'401590,"Articles of apparel and clothing accessories, for all purposes, of vulcanised rubber (excl. ...",0,0,0,0,0,0,0,0,0,0,0,0,,,,,,,,,,,,,,,0,0,0,0,0,0,0,0,0,0,0,0
'410640,"Tanned or crust hides and skins of reptiles, whether or not split (excl. further prepared)",0,0,0,0,0,0,0,0,0,0,0,0,,,,,,,,,,,,,,,74,0,0,0,0,0,0,0,0,0,0,0
'420219,"Trunks, suitcases, vanity cases, executive-cases, briefcases, school satchels and similar containers ...",0,0,0,0,0,0,0,0,0,0,0,0,,,,,,,,,,,,,,,0,0,0,0,0,0,0,0,0,0,0,0
'420229,"Handbags, whether or not with shoulder strap, incl. those without handle, with outer surface ...",0,0,0,0,0,0,0,0,0,0,0,0,,,,,,,,,,,,,,,0,0,0,0,0,0,0,0,0,0,0,0
'420231,"Wallets, purses, key-pouches, cigarette-cases, tobacco-pouches and similar articles carried ...",0,0,0,0,0,0,0,0,0,0,0,0,,,,,,,,,,,,,,,58,50,56,42,83,28,67,75,98,45,64,78
'420232,"Wallets, purses, key-pouches, cigarette-cases, tobacco-pouches and similar articles carried ...",0,0,0,0,0,0,0,0,0,0,0,0,,,,,,,,,,,,,,,3,1,2,0,1,0,0,0,3,0,0,0
'420321,"Specially designed gloves for use in sport, of leather or composition leather",0,0,0,0,0,0,0,0,0,0,0,0,,,,,,,,,,,,,,,0,0,0,0,0,0,0,0,0,0,0,0
'430220,"Heads, tails, paws and other pieces or cuttings of tanned or dressed furskins, not assembled",0,0,0,0,0,0,0,0,0,0,0,0,,,,,,,,,,,,,,,0,0,0,0,0,0,0,0,0,0,0,0
'440122,"Wood in chips or particles (excl. those of a kind used principally for dyeing or tanning purposes, ...",0,0,0,0,0,0,0,0,0,0,0,0,,,,,,,,,,,,,,,0,0,0,0,0,0,0,0,0,0,0,0
'440719,"Coniferous wood sawn or chipped lengthwise, sliced or peeled, whether or not planed, sanded ...",0,0,0,0,0,0,0,0,0,0,0,0,,,,,,,,,,,,,,,0,0,0,0,0,0,0,0,0,0,0,0
'441192,"Fibreboard of wood or other ligneous materials, whether or not agglomerated with resins or ...",0,0,0,0,0,0,0,0,0,0,0,0,,,,,,,,,,,,,,,0,0,0,0,0,0,0,0,0,0,0,0
'441193,"Fibreboard of wood or other ligneous materials, whether or not agglomerated with resins or ...",0,0,0,0,0,0,0,0,0,0,0,0,,,,,,,,,,,,,,,0,0,0,0,0,0,0,0,0,0,0,0
'441811,"Windows, French windows and their frames, of tropical wood",0,0,0,0,0,0,0,0,0,0,0,0,,,,,,,,,,,,,,,0,0,0,0,0,0,0,0,0,0,0,0
'441821,"Doors and their frames and thresholds, of tropical wood",0,0,0,0,0,0,0,0,0,0,0,0,,,,,,,,,,,,,,,0,0,0,0,0,0,0,0,0,0,0,0
'441850,"Shingles and shakes, of wood",0,0,0,0,0,0,0,0,0,0,0,0,,,,,,,,,,,,,,,0,0,0,0,0,0,0,0,0,0,0,0
'441920,"Tableware and kitchenware, of tropical wood (excl. interior fittings, ornaments, coopers' products, ...",0,0,0,0,0,0,0,0,0,0,0,0,,,,,,,,,,,,,,,0,0,0,0,0,0,0,0,0,0,0,0
'460129,"Mats, matting and screens, of vegetable plaiting materials, flat-woven or bound together in ...",0,0,0,0,0,0,0,0,0,0,0,0,,,,,,,,,,,,,,,0,0,0,0,0,0,0,0,0,0,0,0
'470200,"Chemical wood pulp, dissolving grades",0,0,0,0,0,0,0,0,0,0,0,0,,,,,,,,,,,,,,,0,0,0,0,0,0,0,0,0,0,0,0
'470329,"Semi-bleached or bleached non-coniferous chemical wood pulp, soda or sulphate (excl. dissolving ...",0,0,0,0,0,0,0,0,0,0,0,0,,,,,,,,,,,,,,,0,0,0,0,0,0,0,0,0,0,0,0
'480449,"Kraft paper and paperboard, uncoated, in rolls of a width > 36 cm or in square or rectangular ...",0,0,0,0,0,0,0,0,0,0,0,0,,,,,,,,,,,,,,,0,0,0,0,0,0,0,0,0,0,0,0
'480593,"Paper and paperboard, uncoated, in rolls of a width > 36 cm or in square or rectangular sheets ...",0,0,0,0,0,0,0,0,0,0,0,0,,,,,,,,,,,,,,,0,0,0,0,0,0,0,0,0,0,0,0
'480610,"Vegetable parchment, in rolls of a width > 36 cm or in square or rectangular sheets with one ...",0,0,0,0,0,0,0,0,0,0,0,0,,,,,,,,,,,,,,,0,0,0,0,0,0,0,0,0,0,0,0
'480810,"Corrugated paper and paperboard ""with or without glued flat surface sheets"", whether or not ...",0,0,0,0,0,0,0,0,0,0,0,0,,,,,,,,,,,,,,,143,117,107,140,181,132,0,82,72,0,82,108
'481022,"Lightweight coated paper used for writing, printing or other graphic purposes, total weight ...",0,0,0,0,0,0,0,0,0,0,0,0,,,,,,,,,,,,,,,0,0,0,0,0,0,0,0,0,0,0,0
'481141,"Self-adhesive paper and paperboard, surface-coloured, surface-decorated or printed, in rolls ...",0,0,0,0,0,0,0,0,0,0,0,0,,,,,,,,,,,,,,,547,2763,1147,1056,599,414,692,1003,527,697,748,338
'481720,"Letter cards, plain postcards and correspondence cards, of paper or paperboard (excl. those ...",0,0,0,0,0,0,0,0,0,0,0,0,,,,,,,,,,,,,,,0,0,0,0,0,0,0,0,0,0,0,0
'481950,"Packing containers, incl. record sleeves, of paper, paperboard, cellulose wadding or webs of ...",0,0,0,0,0,0,0,0,0,0,0,0,,,,,,,,,,,,,,,117,50,256,127,274,185,250,235,174,95,113,84
'482020,Exercise books of paper or paperboard,0,0,0,0,0,0,0,0,0,0,0,0,,,,,,,,,,,,,,,0,7,0,2,0,0,34,9,0,8,0,0
'482050,"Albums for samples or collections, of paper or paperboard",0,0,0,0,0,0,0,0,0,0,0,0,,,,,,,,,,,,,,,0,0,0,0,0,0,0,0,0,0,0,0
'482361,"Trays, dishes, plates, cups and the like, of bamboo paper or bamboo paperboard",0,0,0,0,0,0,0,0,0,0,0,0,,,,,,,,,,,,,,,0,0,0,0,0,0,0,0,0,0,0,0
'491000,"Calendars of any kinds, printed, incl. calendars blocks",0,0,0,0,0,0,0,0,0,0,0,0,,,,,,,,,,,,,,,0,0,0,0,0,0,45,34,0,0,0,0
'510121,"Shorn wool, degreased, non-carbonised, neither carded nor combed",0,0,0,0,0,0,0,0,0,0,0,0,,,,,,,,,,,,,,,407,382,583,229,534,477,571,591,20,280,330,268
'510310,Noils of wool or of fine animal hair (excl. garnetted stock),0,0,0,0,0,0,0,0,0,0,0,0,,,,,,,,,,,,,,,585,389,286,748,663,480,568,454,0,1312,438,654
'510710,Yarn of combed wool containing >= 85% wool by weight (excl. that put up for retail sale),0,0,0,0,0,0,0,0,0,0,0,0,,,,,,,,,,,,,,,0,0,0,0,0,0,0,0,0,0,0,0
'510820,Combed yarn of fine animal hair (excl. that of wool and that put up for retail sale),0,0,0,0,0,0,0,0,0,0,0,0,,,,,,,,,,,,,,,0,0,0,0,0,0,0,0,0,0,0,0
'510990,"Yarn containing predominantly, but < 85% wool or fine animal hair by weight, put up for retail ...",0,0,0,0,0,0,0,0,0,0,0,0,,,,,,,,,,,,,,,0,0,0,0,0,0,0,0,0,0,0,0
'520524,"Single cotton yarn, of combed fibres, containing >= 85% cotton by weight and with a linear ...",0,0,0,0,0,0,0,0,0,0,0,0,,,,,,,,,,,,,,,0,0,0,0,0,0,0,0,0,0,0,0
'520624,"Single cotton yarn containing predominantly, but < 85% cotton by weight, of combed fibres and ...",0,0,0,0,0,0,0,0,0,0,0,0,,,,,,,,,,,,,,,0,0,0,0,0,0,0,0,0,0,0,0
'520812,"Plain woven fabrics of cotton, containing >= 85% cotton by weight and weighing > 100 g to 200 ...",0,0,0,0,0,0,0,0,0,0,0,0,,,,,,,,,,,,,,,0,0,0,0,0,0,0,0,0,0,0,0
'520839,"Woven fabrics of cotton, containing >= 85% cotton by weight and weighing <= 200 g/m_, dyed ...",0,0,0,0,0,0,0,0,0,0,0,0,,,,,,,,,,,,,,,0,0,0,0,0,0,0,0,0,0,0,0
'520851,"Plain woven fabrics of cotton, containing >= 85% cotton by weight and weighing <= 100 g/m_, ...",0,0,0,0,0,0,0,0,0,0,0,0,,,,,,,,,,,,,,,0,0,0,0,0,0,0,0,0,0,0,0
'520943,"Woven fabrics of cotton, containing >= 85% cotton by weight and weighing > 200 g/m_, in three-thread ...",0,0,0,0,0,0,0,0,0,0,0,0,,,,,,,,,,,,,,,0,0,0,0,0,0,0,0,0,0,0,0
'521021,"Plain woven fabrics of cotton, containing predominantly, but < 85% cotton by weight, mixed ...",0,0,0,0,0,0,0,0,0,0,0,0,,,,,,,,,,,,,,,0,0,0,0,0,0,0,0,0,0,0,0
'521032,"Woven fabrics of cotton, containing predominantly, but < 85% cotton by weight, mixed principally ...",0,0,0,0,0,0,0,0,0,0,0,0,,,,,,,,,,,,,,,0,0,0,0,0,0,0,0,0,0,0,0
'521049,"Woven fabrics of cotton, containing predominantly, but < 85% cotton by weight, mixed principally ...",0,0,0,0,0,0,0,0,0,0,0,0,,,,,,,,,,,,,,,0,0,0,0,0,0,0,0,0,0,0,0
'521141,"Plain woven fabrics of cotton, containing predominantly, but < 85% cotton by weight, mixed ...",0,0,0,0,0,0,0,0,0,0,0,0,,,,,,,,,,,,,,,0,0,0,0,0,0,0,0,0,0,0,0
'521213,"Woven fabrics of cotton, containing predominantly, but < 85% cotton by weight, other than those ...",0,0,0,0,0,0,0,0,0,0,0,0,,,,,,,,,,,,,,,0,0,0,0,0,0,0,0,0,0,0,0
'530820,Hemp yarn,0,0,0,0,0,0,0,0,0,0,0,0,,,,,,,,,,,,,,,0,0,0,0,0,0,0,0,0,0,0,0
'530890,"Yarn of vegetable textile fibres (excl. flax yarn, yarn of jute or of other textile bast fibres ...",0,0,0,0,0,0,0,0,0,0,0,0,,,,,,,,,,,,,,,0,0,0,0,0,0,0,0,0,0,0,0
'540211,High-tenacity filament yarn of aramids (excl. sewing thread and yarn put up for retail sale),0,0,0,0,0,0,0,0,0,0,0,0,,,,,,,,,,,,,,,0,0,0,0,0,0,0,0,0,0,0,0
'540220,High-tenacity filament yarn of polyesters (excl. that put up for retail sale),0,0,0,0,0,0,0,0,0,0,0,0,,,,,,,,,,,,,,,0,0,0,14,0,0,0,0,0,0,0,0
'540782,"Woven fabrics of yarn containing predominantly, but < 85% synthetic filament by weight, incl. ...",0,0,0,0,0,0,0,0,0,0,0,0,,,,,,,,,,,,,,,0,0,0,0,0,0,0,0,0,0,0,0
'550130,"Filament tow as specified in Note 1 to chapter 55, acrylic or modacrylic",0,0,0,0,0,0,0,0,0,0,0,0,,,,,,,,,,,,,,,0,0,0,0,0,0,0,0,0,0,0,0
'550210,"Artificial filament tow as specified in Note 1 to chapter 55, of acetate",0,0,0,0,0,0,0,0,0,0,0,0,,,,,,,,,,,,,,,0,0,0,0,0,0,0,0,0,0,0,0
'550319,"Staple fibres of nylon or other polyamides, not carded, combed or otherwise processed for spinning ...",0,0,0,0,0,0,0,0,0,0,0,0,,,,,,,,,,,,,,,0,0,0,0,0,0,0,0,0,0,0,0
'550410,"Staple fibres of viscose rayon, not carded, combed or otherwise processed for spinning",0,0,0,0,0,0,0,0,0,0,0,0,,,,,,,,,,,,,,,0,0,0,0,0,0,0,0,0,0,0,0
'550810,"Sewing thread of synthetic staple fibres, whether or not put up for retail sale",0,0,0,0,0,0,0,0,0,0,0,0,,,,,,,,,,,,,,,0,0,0,0,0,0,0,0,0,0,0,0
'550922,"Multiple ""folded"" or cabled yarn containing >= 85% polyester staple fibres by weight (excl. ...",0,0,0,0,0,0,0,0,0,0,0,0,,,,,,,,,,,,,,,0,0,0,0,0,0,0,0,0,0,0,0
'550999,"Yarn containing predominantly, but < 85% synthetic staple fibres by weight, other than that ...",0,0,0,0,0,0,0,0,0,0,0,0,,,,,,,,,,,,,,,0,0,0,0,0,0,0,0,0,0,0,0
'551229,"Woven fabrics containing >= 85% acrylic or modacrylic staple fibres by weight, dyed, made of ...",0,0,0,0,0,0,0,0,0,0,0,0,,,,,,,,,,,,,,,0,0,0,0,0,0,0,0,0,0,0,0
'551339,"Woven fabrics containing predominantly, but < 85% synthetic staple fibres by weight, mixed ...",0,0,0,0,0,0,0,0,0,0,0,0,,,,,,,,,,,,,,,0,0,0,0,0,0,0,0,0,0,0,0
'551511,"Woven fabrics containing predominantly, but < 85% polyester staple fibres by weight, mixed ...",0,0,0,0,0,0,0,0,0,0,0,0,,,,,,,,,,,,,,,0,0,0,0,0,0,0,0,0,0,0,0
'551521,"Woven fabrics containing predominantly, but < 85% acrylic or modacrylic staple fibres by weight, ...",0,0,0,0,0,0,0,0,0,0,0,0,,,,,,,,,,,,,,,0,0,0,0,0,0,0,0,0,0,0,0
'551529,"Woven fabrics containing predominantly, but < 85% acrylic or modacrylic staple fibres by weight, ...",0,0,0,0,0,0,0,0,0,0,0,0,,,,,,,,,,,,,,,0,0,0,0,0,0,0,0,0,0,0,0
'551591,"Woven fabrics containing predominantly, but < 85% synthetic staple fibres, mixed principally ...",0,0,0,0,0,0,0,0,0,0,0,0,,,,,,,,,,,,,,,0,0,0,0,0,0,0,0,0,0,0,0
'551612,"Woven fabrics containing >= 85% artificial staple fibres by weight, dyed",0,0,0,0,0,0,0,0,0,0,0,0,,,,,,,,,,,,,,,0,0,0,0,0,0,0,0,0,0,0,0
'551632,"Woven fabrics containing predominantly, but < 85% artificial staple fibres by weight, mixed ...",0,0,0,0,0,0,0,0,0,0,0,0,,,,,,,,,,,,,,,0,0,0,0,0,0,0,0,0,0,0,0
'551633,"Woven fabrics containing predominantly, but < 85% artificial staple fibres by weight, mixed ...",0,0,0,0,0,0,0,0,0,0,0,0,,,,,,,,,,,,,,,0,0,0,0,0,0,0,0,0,0,0,0
'551691,"Woven fabrics containing predominantly, but < 85% artificial staple fibres by weight, other ...",0,0,0,0,0,0,0,0,0,0,0,0,,,,,,,,,,,,,,,0,0,0,0,0,0,0,0,0,0,0,0
'551694,"Woven fabrics containing predominantly, but < 85% artificial staple fibres by weight, other ...",0,0,0,0,0,0,0,0,0,0,0,0,,,,,,,,,,,,,,,0,0,0,0,0,0,0,0,0,0,0,0
'560129,Wadding of textile materials and articles thereof (excl. of cotton or man-made fibres; sanitary ...,0,0,0,0,0,0,0,0,0,0,0,0,,,,,,,,,,,,,,,0,0,0,0,0,0,0,0,0,0,0,0
'560311,"Nonwovens, whether or not impregnated, coated, covered or laminated, n.e.s., of synthetic or ...",0,0,0,0,0,0,0,0,0,0,0,0,,,,,,,,,,,,,,,931,1056,802,1027,1379,678,756,767,599,0,0,625
'560391,"Nonwovens, whether or not impregnated, coated, covered or laminated, n.e.s., weighing <= 25 ...",0,0,0,0,0,0,0,0,0,0,0,0,,,,,,,,,,,,,,,0,0,0,0,0,0,0,0,0,0,0,0
'560410,Textile-covered rubber thread and cord,0,0,0,0,0,0,0,0,0,0,0,0,,,,,,,,,,,,,,,0,0,0,0,0,0,0,0,0,0,0,0
'560490,"Textile yarn, strip and the like of heading 5404 and 5405, impregnated, coated, covered or ...",0,0,0,0,0,0,0,0,0,0,0,0,,,,,,,,,,,,,,,0,0,0,0,0,0,0,0,0,0,0,0
'560500,"Metallised yarn, whether or not gimped, being textile yarn, or strip or the like of heading ...",0,0,0,0,0,0,0,0,0,0,0,0,,,,,,,,,,,,,,,0,49,0,0,0,0,0,0,0,0,0,0
'560790,"Twine, cordage, ropes and cables, whether or not plaited or braided and whether or not impregnated, ...",0,0,0,0,0,0,0,0,0,0,0,0,,,,,,,,,,,,,,,0,0,0,0,0,0,0,0,0,0,0,0
'560819,"Knotted netting of twine, cordage, ropes or cables, by the piece or metre; made-up nets, of ...",0,0,0,0,0,0,0,0,0,0,0,0,,,,,,,,,,,,,,,0,0,0,0,0,0,0,0,0,0,0,0
'570241,"Carpets and other floor coverings, of wool or fine animal hair, woven, not tufted or flocked, ...",0,0,0,0,0,0,0,0,0,0,0,0,,,,,,,,,,,,,,,0,0,0,0,0,0,0,0,0,0,0,0
'570321,"Turf, of nylon or other polyamides, tufted ""needle punched""",0,0,0,0,0,0,0,0,0,0,0,0,,,,,,,,,,,,,,,0,0,0,0,0,0,0,0,0,0,0,0
'580127,"Warp pile fabrics, of cotton (excl. terry towelling and similar woven terry fabrics, tufted ...",0,0,0,0,0,0,0,0,0,0,0,0,,,,,,,,,,,,,,,0,0,0,0,0,0,0,0,0,0,0,0
'580131,"Uncut weft pile fabrics, of man-made fibres (excl. terry towelling and similar woven terry ...",0,0,0,0,0,0,0,0,0,0,0,0,,,,,,,,,,,,,,,0,0,0,0,0,0,0,0,0,0,0,0
'580136,"Chenille fabrics, of man-made fibres (excl. terry towelling and similar woven terry fabrics, ...",0,0,0,0,0,0,0,0,0,0,0,0,,,,,,,,,,,,,,,0,0,0,0,0,0,0,0,0,0,0,0
'580210,"Terry towelling and similar woven terry fabrics, of cotton (excl. narrow woven fabrics of heading ...",0,0,0,0,0,0,0,0,0,0,0,0,,,,,,,,,,,,,,,0,0,0,0,0,0,0,0,0,0,0,0
'580890,"Ornamental trimmings of textile materials, in the piece, not embroidered, other than knitted ...",0,0,0,0,0,0,0,0,0,0,0,0,,,,,,,,,,,,,,,0,0,0,0,0,0,0,0,0,0,0,0
'581010,"Embroidery on a textile fabric ground without visible ground, in the piece, in strips or in ...",0,0,0,0,0,0,0,0,0,0,0,0,,,,,,,,,,,,,,,0,0,0,0,0,0,0,0,0,0,0,0
'590691,"Knitted or crocheted textile fabrics, rubberised, n.e.s.",0,0,0,0,0,0,0,0,0,0,0,0,,,,,,,,,,,,,,,0,0,0,0,0,0,0,0,0,0,0,0
'590800,"Textile wicks, woven, plaited or knitted, for lamps, stoves, lighters, candles or the like; ...",0,0,0,0,0,0,0,0,0,0,0,0,,,,,,,,,,,,,,,0,0,0,3,0,0,0,0,0,0,0,0
'590900,"Textile hosepiping and similar textile tubing, whether or not impregnated or coated, with or ...",0,0,0,0,0,0,0,0,0,0,0,0,,,,,,,,,,,,,,,0,0,0,83,0,78,0,0,0,0,35,0
'600542,"Dyed warp knit fabrics of artificial fibres ""incl. those made on galloon knitting machines"", ...",0,0,0,0,0,0,0,0,0,0,0,0,,,,,,,,,,,,,,,0,0,0,0,0,0,0,0,0,0,0,0
'600590,"Warp knit fabrics ""incl. those made on galloon knitting machines"", of a width of > 30 cm (excl. ...",0,0,0,0,0,0,0,0,0,0,0,0,,,,,,,,,,,,,,,0,0,0,0,0,0,0,0,0,0,0,0
'600641,"Unbleached or bleached fabrics, knitted or crocheted, of artificial fibres, of a width of > ...",0,0,0,0,0,0,0,0,0,0,0,0,,,,,,,,,,,,,,,0,0,0,0,0,0,0,0,0,0,0,0
'610290,"Women's or girls' overcoats, car coats, capes, cloaks, anoraks, incl. ski jackets, windcheaters, ...",0,0,0,0,0,0,0,0,0,0,0,0,,,,,,,,,,,,,,,0,0,0,0,0,0,0,0,0,0,0,0
'610453,"Women's or girls' skirts and divided skirts of synthetic fibres, knitted or crocheted (excl. ...",0,0,0,0,0,0,0,0,0,0,0,0,,,,,,,,,,,,,,,1,2,7,11,0,1,3,4,3,0,0,4
'610459,"Women's or girls' skirts and divided skirts of textile materials, knitted or crocheted (excl. ...",0,0,0,0,0,0,0,0,0,0,0,0,,,,,,,,,,,,,,,0,0,0,0,3,3,3,4,2,3,0,0
'610520,"Men's or boys' shirts of man-made fibres, knitted or crocheted (excl. nightshirts, T-shirts, ...",0,0,0,0,0,0,0,0,0,0,0,0,,,,,,,,,,,,,,,0,0,0,0,0,0,0,0,0,0,0,1
'610610,"Women's or girls' blouses, shirts and shirt-blouses of cotton, knitted or crocheted (excl. ...",0,0,0,0,0,0,0,0,0,0,0,0,,,,,,,,,,,,,,,4,3,3,6,0,8,11,10,5,12,5,6
'610721,"Men's or boys' nightshirts and pyjamas of cotton, knitted or crocheted (excl. vests and singlets)",0,0,0,0,0,0,0,0,0,0,0,0,,,,,,,,,,,,,,,0,0,0,0,0,0,0,0,0,0,0,0
'611011,"Jerseys, pullovers, cardigans, waistcoats and similar articles, of wool, knitted or crocheted ...",0,0,0,0,0,0,0,0,0,0,0,0,,,,,,,,,,,,,,,25,9,9,0,50,0,0,0,22,0,18,22
'611090,"Jerseys, pullovers, cardigans, waistcoats and similar articles, of textile materials, knitted ...",0,0,0,0,0,0,0,0,0,0,0,0,,,,,,,,,,,,,,,0,0,0,0,0,0,0,0,0,0,0,0
'611130,"Babies' garments and clothing accessories of synthetic fibres, knitted or crocheted (excl. ...",0,0,0,0,0,0,0,0,0,0,0,0,,,,,,,,,,,,,,,0,0,0,0,0,0,0,0,5,0,0,0
'611239,"Men's or boys' swimwear of textile materials, knitted or crocheted (excl. synthetic fibres)",0,0,0,0,0,0,0,0,0,0,0,0,,,,,,,,,,,,,,,0,0,0,0,0,0,0,0,0,0,0,0
'611241,"Women's or girls' swimwear of synthetic fibres, knitted or crocheted",0,0,0,0,0,0,0,0,0,0,0,0,,,,,,,,,,,,,,,0,0,0,0,0,29,20,36,29,57,0,0
'611430,"Special garments for professional, sporting or other purposes, n.e.s., of man-made fibres, ...",0,0,0,0,0,0,0,0,0,0,0,0,,,,,,,,,,,,,,,9,17,7,32,12,10,35,25,29,6,7,11
'611710,"Shawls, scarves, mufflers, mantillas, veils and the like, knitted or crocheted",0,0,0,0,0,0,0,0,0,0,0,0,,,,,,,,,,,,,,,3,3,0,0,0,0,2,1,0,0,1,0
'620332,"Men's or boys' jackets and blazers of cotton (excl. knitted or crocheted, and wind-jackets ...",0,0,0,0,0,0,0,0,0,0,0,0,,,,,,,,,,,,,,,0,0,0,0,0,0,0,0,0,0,0,0
'620342,"Men's or boys' trousers, bib and brace overalls, breeches and shorts, of cotton (excl. knitted ...",0,0,0,0,0,0,0,0,0,0,0,0,,,,,,,,,,,,,,,103,43,14,112,83,113,124,213,37,117,24,233
'620422,"Women's or girls' ensembles of cotton (excl. knitted or crocheted, ski overalls and swimwear)",0,0,0,0,0,0,0,0,0,0,0,0,,,,,,,,,,,,,,,0,0,0,0,0,0,0,0,0,0,0,0
'620442,Women's or girls' dresses of cotton (excl. knitted or crocheted and petticoats),0,0,0,0,0,0,0,0,0,0,0,0,,,,,,,,,,,,,,,0,2,0,40,4,0,6,8,6,0,0,0
'620469,"Women's or girls' trousers, bib and brace overalls, breeches and shorts of textile materials ...",0,0,0,0,0,0,0,0,0,0,0,0,,,,,,,,,,,,,,,12,25,5,12,23,37,56,26,31,7,3,6
'620620,"Women's or girls' blouses, shirts and shirt-blouses of wool or fine animal hair (excl. knitted ...",0,0,0,0,0,0,0,0,0,0,0,0,,,,,,,,,,,,,,,0,0,0,0,0,0,0,0,0,0,0,0
'620630,"Women's or girls' blouses, shirts and shirt-blouses of cotton (excl. knitted or crocheted and ...",0,0,0,0,0,0,0,0,0,0,0,0,,,,,,,,,,,,,,,16,19,26,52,31,63,21,21,12,13,10,12
'620920,"Babies' garments and clothing accessories of cotton (excl. knitted or crocheted and hats, napkins ...",0,0,0,0,0,0,0,0,0,0,0,0,,,,,,,,,,,,,,,0,8,0,0,2,0,1,0,7,0,0,0
'621020,"Garments of the type described in heading 6201, rubberised or impregnated, coated, covered ...",0,0,0,0,0,0,0,0,0,0,0,0,,,,,,,,,,,,,,,0,0,0,0,0,0,0,0,0,0,0,0
'621040,"Men's or boys' garments of textile fabrics, rubberised or impregnated, coated, covered or laminated ...",0,0,0,0,0,0,0,0,0,0,0,0,,,,,,,,,,,,,,,0,0,0,0,0,0,0,0,0,0,0,0
'621050,"Women's or girls' garments of textile fabrics, rubberised or impregnated, coated, covered or ...",0,0,0,0,0,0,0,0,0,0,0,0,,,,,,,,,,,,,,,0,19,0,0,0,0,0,0,0,0,0,0
'621142,"Women's or girls' tracksuits and other garments, n.e.s. of cotton (excl. knitted or crocheted)",0,0,0,0,0,0,0,0,0,0,0,0,,,,,,,,,,,,,,,3,1,0,0,7,9,5,4,3,3,0,5
'621230,"Corselettes of all types of textile materials, whether or not elasticated, incl. knitted or ...",0,0,0,0,0,0,0,0,0,0,0,0,,,,,,,,,,,,,,,0,0,0,0,0,0,0,0,0,0,0,0
'621600,"Gloves, mittens and mitts, of all types of textile materials (excl. knitted or crocheted and ...",0,0,0,0,0,0,0,0,0,0,0,0,,,,,,,,,,,,,,,0,0,0,0,0,0,4,0,0,0,0,0
'630221,Printed bedlinen of cotton (excl. knitted or crocheted),0,0,0,0,0,0,0,0,0,0,0,0,,,,,,,,,,,,,,,0,0,0,0,0,0,0,0,6,0,0,0
'630299,"Toilet linen and kitchen linen of textile materials (excl. of cotton or man-made fibres, floorcloths, ...",0,0,0,0,0,0,0,0,0,0,0,0,,,,,,,,,,,,,,,0,0,0,0,0,0,0,0,0,0,0,0
'630399,"Curtains, incl. drapes, and interior blinds, curtain or bed valances of textile materials (excl. ...",0,0,0,0,0,0,0,0,0,0,0,0,,,,,,,,,,,,,,,0,0,0,0,0,0,0,0,0,0,0,0
'630690,"Camping goods of textile materials (excl. tents, awnings and sunblinds, sails, pneumatic mattresses, ...",0,0,0,0,0,0,0,0,0,0,0,0,,,,,,,,,,,,,,,0,0,0,0,0,0,0,0,0,0,0,0
'630710,"Floorcloths, dishcloths, dusters and similar cleaning cloths, of all types of textile materials",0,0,0,0,0,0,0,0,0,0,0,0,,,,,,,,,,,,,,,104,27,26,25,53,13,90,33,66,11,22,55
'640110,"Waterproof footwear incorporating a protective metal toecap, with outer soles and uppers of ...",0,0,0,0,0,0,0,0,0,0,0,0,,,,,,,,,,,,,,,0,0,0,0,0,0,0,0,0,0,0,0
'640620,"Outer soles and heels, of rubber or plastics",0,0,0,0,0,0,0,0,0,0,0,0,,,,,,,,,,,,,,,0,0,0,20,0,0,0,7,0,0,0,0
'650699,"Headgear, whether or not lined or trimmed, n.e.s.",0,0,0,0,0,0,0,0,0,0,0,0,,,,,,,,,,,,,,,0,31,0,0,0,0,2,0,0,21,0,0
'650700,"Headbands, linings, covers, hat foundations, hat frames, peaks and chinstraps, for headgear ...",0,0,0,0,0,0,0,0,0,0,0,0,,,,,,,,,,,,,,,0,0,0,0,0,0,0,0,0,0,0,0
'660320,"Umbrella frames, incl. frames mounted on shafts ""sticks"", for umbrellas and sun umbrellas of ...",0,0,0,0,0,0,0,0,0,0,0,0,,,,,,,,,,,,,,,0,0,0,0,0,0,0,0,0,0,0,0
'670210,"Artificial flowers, foliage and fruit and parts thereof, and articles made of artificial flowers, ...",0,0,0,0,0,0,0,0,0,0,0,0,,,,,,,,,,,,,,,0,0,0,0,0,0,0,0,0,0,0,0
'670290,"Artificial flowers, foliage and fruit and parts thereof, and articles made of artificial flowers, ...",0,0,0,0,0,0,0,0,0,0,0,0,,,,,,,,,,,,,,,0,0,0,0,0,0,0,0,0,0,0,0
'680300,"Worked slate and articles of slate or of agglomerated slate (excl. slate granules, chippings ...",0,0,0,0,0,0,0,0,0,0,0,0,,,,,,,,,,,,,,,0,0,0,0,0,0,0,0,0,0,0,0
'680423,"Millstones, grindstones, grinding wheels and the like, without frameworks, for sharpening, ...",0,0,0,0,0,0,0,0,0,0,0,0,,,,,,,,,,,,,,,0,0,0,0,0,0,0,0,0,0,0,0
'680790,"Articles of asphalt or of similar materials, e.g. petroleum bitumen or coal tar pitch (excl. ...",0,0,0,0,0,0,0,0,0,0,0,0,,,,,,,,,,,,,,,0,0,0,0,0,0,0,0,0,0,0,0
'681490,"Worked mica and articles of mica (excl. electrical insulators, insulating fittings, resistors ...",0,0,0,0,0,0,0,0,0,0,0,0,,,,,,,,,,,,,,,0,0,0,0,0,0,0,0,0,0,0,0
'690722,"Ceramic flags and paving, hearth or wall tiles, of a water absorption coefficient by weight ...",0,0,0,0,0,0,0,0,0,0,0,0,,,,,,,,,,,,,,,1256,531,539,956,0,0,941,530,330,1103,813,1138
'700330,"Profiles of glass, whether or not having an absorbent, reflecting or non-reflecting layer, ...",0,0,0,0,0,0,0,0,0,0,0,0,,,,,,,,,,,,,,,0,0,0,0,0,0,0,0,0,0,0,0
'700991,"Glass mirrors, unframed (excl. rear-view mirrors for vehicles, optical mirrors, optically worked, ...",0,0,0,0,0,0,0,0,0,0,0,0,,,,,,,,,,,,,,,125,0,0,256,0,0,0,0,0,0,260,0
'700992,"Glass mirrors, framed (excl. rear-view mirrors for vehicles, optical mirrors, optically processed, ...",0,0,0,0,0,0,0,0,0,0,0,0,,,,,,,,,,,,,,,0,2,5,0,3,5,5,6,14,0,0,2
'701510,"Glasses for corrective spectacles, curved, bent, hollowed or the like, but not optically worked ...",0,0,0,0,0,0,0,0,0,0,0,0,,,,,,,,,,,,,,,0,0,0,0,0,0,0,0,0,0,0,0
'701912,Rovings of glass fibres,0,0,0,0,0,0,0,0,0,0,0,0,,,,,,,,,,,,,,,0,0,0,0,0,0,0,0,0,0,0,0
'701915,Chemically bonded mats of glass fibres,0,0,0,0,0,0,0,0,0,0,0,0,,,,,,,,,,,,,,,0,0,0,0,0,0,0,0,0,0,0,0
'701971,"Thin sheets ""veils"" of irregularly laminated glass fibres",0,0,0,0,0,0,0,0,0,0,0,0,,,,,,,,,,,,,,,0,0,0,0,0,0,0,0,0,0,0,0
'701980,Glass wool and articles of glass wool,0,0,0,0,0,0,0,0,0,0,0,0,,,,,,,,,,,,,,,0,637,0,0,0,657,0,0,0,0,536,0
'701990,"Glass fibres and articles thereof, n.e.s.",0,0,0,0,0,0,0,0,0,0,0,0,,,,,,,,,,,,,,,248,226,201,210,299,279,220,360,343,171,225,427
'710590,Dust and powder of natural or synthetic precious or semi-precious stones (excl. dust and powder ...,0,0,0,0,0,0,0,0,0,0,0,0,,,,,,,,,,,,,,,0,0,0,0,0,0,0,0,0,0,0,0
'710900,"Base metals or silver, clad with gold, not further worked than semi-manufactured",0,0,0,0,0,0,0,0,0,0,0,0,,,,,,,,,,,,,,,0,0,0,0,0,0,0,0,0,0,0,0
'711292,"Waste and scrap of platinum, incl. metal clad with platinum, and other waste and scrap containing ...",0,0,0,0,0,0,0,0,0,0,0,0,,,,,,,,,,,,,,,0,0,0,0,0,0,0,0,0,0,0,0
'711610,"Articles of natural or cultured pearls, n.e.s.",0,0,0,0,0,0,0,0,0,0,0,0,,,,,,,,,,,,,,,0,0,0,0,0,0,0,0,0,0,0,0
'720110,"Non-alloy pig iron in pigs, blocks or other primary forms, containing, by weight, <= 0,5% of ...",0,0,0,0,0,0,0,0,0,0,0,0,,,,,,,,,,,,,,,0,0,0,0,0,0,0,0,0,0,0,0
'720429,"Waste and scrap of alloy steel (excl. stainless steel, and waste and scrap, radioactive, or ...",0,0,0,0,0,0,0,0,0,0,0,0,,,,,,,,,,,,,,,0,0,0,0,0,0,0,0,0,0,0,0
'720890,"Flat-rolled products of iron or steel, of a width >= 600 mm, hot-rolled and further worked, ...",0,0,0,0,0,0,0,0,0,0,0,0,,,,,,,,,,,,,,,0,0,0,0,0,0,0,0,0,0,0,0
'720916,"Flat-rolled products of iron or non-alloy steel, of a width of >= 600 mm, in coils, simply ...",0,0,0,0,0,0,0,0,0,0,0,0,,,,,,,,,,,,,,,0,0,0,0,0,0,0,0,0,0,0,0
'721049,"Flat-rolled products of iron or non-alloy steel, of a width of >= 600 mm, hot-rolled or cold-rolled ...",0,0,0,0,0,0,0,0,0,0,0,0,,,,,,,,,,,,,,,0,0,0,0,0,0,0,0,0,0,0,0
'721050,"Flat-rolled products of iron or non-alloy steel, of a width of >= 600 mm, hot-rolled or cold-rolled ...",0,0,0,0,0,0,0,0,0,0,0,0,,,,,,,,,,,,,,,0,0,0,0,0,0,0,0,0,0,0,0
'721123,"Flat-rolled products of iron or non-alloy steel, of a width of < 600 mm, simply cold-rolled ...",0,0,0,0,0,0,0,0,0,0,0,0,,,,,,,,,,,,,,,0,0,0,0,0,0,0,0,0,0,0,0
'721230,"Flat-rolled products of iron or non-alloy steel, of a width of < 600 mm, hot-rolled or cold-rolled ...",0,0,0,0,0,0,0,0,0,0,0,0,,,,,,,,,,,,,,,0,0,0,0,0,0,0,0,0,0,0,0
'721240,"Flat-rolled products of iron or non-alloy steel, of a width of < 600 mm, hot-rolled or cold-rolled ...",0,0,0,0,0,0,0,0,0,0,0,0,,,,,,,,,,,,,,,0,0,0,0,0,0,0,0,0,0,0,0
'721320,"Bars and rods, hot-rolled, in irregularly wound coils, of non-alloy free-cutting steel (excl. ...",0,0,0,0,0,0,0,0,0,0,0,0,,,,,,,,,,,,,,,0,0,0,0,0,0,0,0,0,0,0,0
'721391,"Bars and rods, hot-rolled, in irregularly wound coils, of iron or non-alloy steel, of circular ...",0,0,0,0,0,0,0,0,0,0,0,0,,,,,,,,,,,,,,,0,0,0,0,0,0,0,0,0,0,0,1981
'721499,"Bars and rods, of iron or non-alloy steel, only hot-rolled, only hot-drawn or only hot-extruded ...",0,0,0,0,0,0,0,0,0,0,0,0,,,,,,,,,,,,,,,365,554,0,0,181,0,0,0,47,0,104,140
'721730,"Wire of iron or non-alloy steel, in coils, plated or coated with base metals (excl. plated ...",0,0,0,0,0,0,0,0,0,0,0,0,,,,,,,,,,,,,,,0,0,0,0,0,0,0,0,0,0,0,0
'721921,"Flat-rolled products of stainless steel, of a width of >= 600 mm, not further worked than hot-rolled, ...",0,0,0,0,0,0,0,0,0,0,0,0,,,,,,,,,,,,,,,0,0,0,0,0,0,0,0,0,0,0,0
'721933,"Flat-rolled products of stainless steel, of a width of >= 600 mm, not further worked than cold-rolled ...",0,0,0,0,0,0,0,0,0,0,0,0,,,,,,,,,,,,,,,0,0,0,0,0,0,0,0,0,0,0,0
'721934,"Flat-rolled products of stainless steel, of a width of >= 600 mm, not further worked than cold-rolled ...",0,0,0,0,0,0,0,0,0,0,0,0,,,,,,,,,,,,,,,0,0,0,0,0,0,0,0,0,0,0,0
'722090,"Flat-rolled products of stainless steel, of a width of < 600 mm, hot-rolled or cold-rolled ...",0,0,0,0,0,0,0,0,0,0,0,0,,,,,,,,,,,,,,,0,0,0,0,0,0,0,0,0,0,0,0
'722511,"Flat-rolled products of silicon-electrical steel, of a width of >= 600 mm, grain-oriented",0,0,0,0,0,0,0,0,0,0,0,0,,,,,,,,,,,,,,,0,0,0,0,0,0,0,0,0,0,0,0
'722860,"Bars and rods of alloy steel other than stainless, cold-formed or cold-finished and further ...",0,0,0,0,0,0,0,0,0,0,0,0,,,,,,,,,,,,,,,0,0,0,0,0,0,0,0,0,0,0,0
'722990,"Wire of alloy steel other than stainless, in coils (excl. bars and rods and wire of silico-manganese ...",0,0,0,0,0,0,0,0,0,0,0,0,,,,,,,,,,,,,,,0,0,0,0,0,0,0,0,0,0,0,0
'730210,"Rails of iron or steel, for railway or tramway track (excl. check-rails)",0,0,0,0,0,0,0,0,0,0,0,0,,,,,,,,,,,,,,,0,0,0,0,0,0,0,0,0,0,0,0
'730240,"Fish-plates and sole plates of iron or steel, for railways or tramways",0,0,0,0,0,0,0,0,0,0,0,0,,,,,,,,,,,,,,,0,0,0,0,0,0,0,0,0,0,0,0
'730424,"Casing and tubing, seamless, of a kind used for drilling for oil or gas, of stainless steel",0,0,0,0,0,0,0,0,0,0,0,0,,,,,,,,,,,,,,,0,0,0,0,0,0,0,0,0,0,0,0
'730439,"Tubes, pipes and hollow profiles, seamless, of circular cross-section, of iron or non-alloy ...",0,0,0,0,0,0,0,0,0,0,0,0,,,,,,,,,,,,,,,0,0,354,948,0,786,509,1215,232,903,850,365
'730512,"Line pipe of a kind used for oil or gas pipelines, having circular cross-sections and an external ...",0,0,0,0,0,0,0,0,0,0,0,0,,,,,,,,,,,,,,,0,0,0,0,0,0,0,0,0,0,0,0
'730519,"Line pipe of a kind used for oil or gas pipelines, having circular cross-sections and an external ...",0,0,0,0,0,0,0,0,0,0,0,0,,,,,,,,,,,,,,,0,0,0,0,0,0,0,0,0,0,0,0
'730690,"Tubes, pipes and hollow profiles ""e.g., open seam, riveted or similarly closed"", of iron or ...",0,0,0,0,0,0,0,0,0,0,0,0,,,,,,,,,,,,,,,0,41,0,0,0,11,0,0,0,0,0,0
'730799,"Tube or pipe fittings, of iron or steel (excl. cast iron or stainless steel products; flanges; ...",0,0,0,0,0,0,0,0,0,0,0,0,,,,,,,,,,,,,,,126,213,254,265,39,160,152,49,109,59,156,108
'731414,"Woven cloth, incl. endless bands, of stainless steel wire (excl. woven products of metal fibres ...",0,0,0,0,0,0,0,0,0,0,0,0,,,,,,,,,,,,,,,6,0,0,0,0,5,29,13,22,0,0,0
'731420,"Grill, netting and fencing, welded at the intersection, having a mesh size of >= 100 cm_, of ...",0,0,0,0,0,0,0,0,0,0,0,0,,,,,,,,,,,,,,,0,0,0,0,0,0,0,0,0,0,0,0
'731449,"Grill, netting and fencing, of iron or steel wire, not welded at the intersection (excl. plated ...",0,0,0,0,0,0,0,0,0,0,0,0,,,,,,,,,,,,,,,0,0,0,0,0,0,0,0,0,0,0,0
'731511,Roller chain of iron or steel,0,0,0,0,0,0,0,0,0,0,0,0,,,,,,,,,,,,,,,14,2,13,14,9,3,4,15,4,8,17,56
'731813,"Screw hooks and screw rings, of iron or steel",0,0,0,0,0,0,0,0,0,0,0,0,,,,,,,,,,,,,,,0,0,0,2,0,0,0,11,0,0,2,12
'731829,"Non-threaded articles, of iron or steel",0,0,0,0,0,0,0,0,0,0,0,0,,,,,,,,,,,,,,,43,14,25,106,56,7,9,81,101,5,52,45
'732181,"Stoves, heaters, grates, fires, wash boilers, braziers and similar appliances, of iron or steel, ...",0,0,0,0,0,0,0,0,0,0,0,0,,,,,,,,,,,,,,,0,121,0,170,0,329,0,0,0,0,0,0
'732211,"Radiators for central heating, non-electrically heated, and parts thereof, of iron or steel ...",0,0,0,0,0,0,0,0,0,0,0,0,,,,,,,,,,,,,,,0,0,0,0,0,0,0,0,0,0,0,0
'732391,"Table, kitchen or other household articles, and parts thereof, of cast iron, not enamelled ...",0,0,0,0,0,0,0,0,0,0,0,0,,,,,,,,,,,,,,,0,0,0,0,0,0,0,0,0,1,0,1
'732429,Baths of steel sheet,0,0,0,0,0,0,0,0,0,0,0,0,,,,,,,,,,,,,,,0,0,0,0,0,0,0,0,0,0,0,0
'732619,"Articles of iron or steel, forged or stamped, but not further worked, n.e.s. (excl. grinding ...",0,0,0,0,0,0,0,0,0,0,0,0,,,,,,,,,,,,,,,41,7,31,12,24,11,2,6,5,0,3,11
'740729,"Bars, rods and profiles of copper alloys, n.e.s. (excl. such articles of copper-zinc base alloys ...",0,0,0,0,0,0,0,0,0,0,0,0,,,,,,,,,,,,,,,0,0,0,0,0,0,0,0,0,0,0,0
'740819,"Wire of refined copper, with a maximum cross-sectional dimension of <= 6 mm",0,0,0,0,0,0,0,0,0,0,0,0,,,,,,,,,,,,,,,0,0,0,0,0,0,0,0,0,0,0,0
'740821,"Wire of copper-zinc base alloys ""brass""",0,0,0,0,0,0,0,0,0,0,0,0,,,,,,,,,,,,,,,0,0,0,0,0,0,0,0,0,0,0,0
'740990,"Plates, sheets and strip, of copper alloys, of a thickness of > 0,15 mm (excl. copper-zinc ...",0,0,0,0,0,0,0,0,0,0,0,0,,,,,,,,,,,,,,,0,0,0,0,0,0,0,0,0,0,0,0
'741980,"Articles of copper, n.e.s.",0,0,0,0,0,0,0,0,0,0,0,0,,,,,,,,,,,,,,,12,54,12,13,26,32,15,6,12,47,12,22
'750220,Unwrought nickel alloys,0,0,0,0,0,0,0,0,0,0,0,0,,,,,,,,,,,,,,,0,0,0,0,0,0,0,0,0,0,0,0
'760711,"Aluminium foil, not backed, rolled but not further worked, of a thickness of <= 0,2 mm (excl. ...",0,0,0,0,0,0,0,0,0,0,0,0,,,,,,,,,,,,,,,73,0,0,0,0,127,0,0,0,0,0,0
'760820,Tubes and pipes of aluminium alloys (excl. hollow profiles),0,0,0,0,0,0,0,0,0,0,0,0,,,,,,,,,,,,,,,223,144,138,238,159,231,280,326,161,189,135,168
'761490,"Stranded wires, cables, ropes and similar articles, of aluminium (other than with steel core ...",0,0,0,0,0,0,0,0,0,0,0,0,,,,,,,,,,,,,,,0,0,0,0,276,0,257,0,0,0,0,0
'761691,"Cloth, grill, netting and fencing, of aluminium wire (excl. cloth of metal fibres for clothing, ...",0,0,0,0,0,0,0,0,0,0,0,0,,,,,,,,,,,,,,,0,0,0,0,0,0,0,0,0,0,0,0
'780411,"Lead sheets, strip and foil, of a thickness ""excl. any backing"" of <= 0,2 mm",0,0,0,0,0,0,0,0,0,0,0,0,,,,,,,,,,,,,,,0,0,0,0,0,0,0,0,0,0,0,0
'790400,"Zinc bars, rods, profiles and wire, n.e.s.",0,0,0,0,0,0,0,0,0,0,0,0,,,,,,,,,,,,,,,0,0,0,0,0,0,0,0,0,0,0,0
'800110,"Unwrought tin, not alloyed",0,0,0,0,0,0,0,0,0,0,0,0,,,,,,,,,,,,,,,0,0,0,0,0,0,0,0,0,0,0,0
'800300,"Tin bars, rods, profiles and wire, n.e.s.",0,0,0,0,0,0,0,0,0,0,0,0,,,,,,,,,,,,,,,0,0,0,0,0,0,0,0,0,0,0,0
'810196,Tungsten wire,0,0,0,0,0,0,0,0,0,0,0,0,,,,,,,,,,,,,,,0,0,0,0,0,0,0,0,0,0,0,0
'810419,"Unwrought magnesium, containing < 99,8% by weight of magnesium",0,0,0,0,0,0,0,0,0,0,0,0,,,,,,,,,,,,,,,0,0,0,0,0,0,0,0,0,0,0,0
'810490,"Articles of magnesium, n.e.s.",0,0,0,0,0,0,0,0,0,0,0,0,,,,,,,,,,,,,,,0,0,0,0,0,0,0,0,0,0,0,0
'810820,Unwrought titanium; titanium powders,0,0,0,0,0,0,0,0,0,0,0,0,,,,,,,,,,,,,,,0,0,0,0,0,0,0,0,0,0,0,0
'810929,"Unwrought zirconium and zirconium powders, containing => 1 part hafnium to 500 parts zirconium ...",0,0,0,0,0,0,0,0,0,0,0,0,,,,,,,,,,,,,,,0,0,0,0,0,0,0,0,0,0,0,0
'811090,"Articles of antimony, n.e.s.",0,0,0,0,0,0,0,0,0,0,0,0,,,,,,,,,,,,,,,0,0,0,0,0,0,0,0,0,0,0,0
'820150,"Secateurs and similar one-handed pruners and shears, incl. poultry shears, with working parts ...",0,0,0,0,0,0,0,0,0,0,0,0,,,,,,,,,,,,,,,0,0,0,0,0,0,0,0,0,0,0,0
'820220,Bandsaw blades of base metal,0,0,0,0,0,0,0,0,0,0,0,0,,,,,,,,,,,,,,,17,0,0,0,0,14,0,0,0,0,0,0
'820330,"Metal-cutting shears and similar hand tools, of base metal",0,0,0,0,0,0,0,0,0,0,0,0,,,,,,,,,,,,,,,0,0,0,0,0,0,0,0,0,0,0,0
'820340,"Pipe-cutters, bolt croppers, perforating punches and similar hand tools, of base metal",0,0,0,0,0,0,0,0,0,0,0,0,,,,,,,,,,,,,,,3,3,3,4,3,2,4,2,3,1,8,5
'820520,Hammers and sledge hammers with working parts of base metal,0,0,0,0,0,0,0,0,0,0,0,0,,,,,,,,,,,,,,,0,4,0,0,0,0,0,0,0,0,1,0
'820780,Interchangeable tools for turning,0,0,0,0,0,0,0,0,0,0,0,0,,,,,,,,,,,,,,,0,0,0,0,0,0,0,0,0,0,0,0
'820810,"Knives and cutting blades, of base metal, for machines or for mechanical appliances, for m ...",0,0,0,0,0,0,0,0,0,0,0,0,,,,,,,,,,,,,,,0,0,0,0,0,0,0,0,0,0,0,0
'820820,"Knives and cutting blades, of base metal, for machines or for mechanical appliances, for w ...",0,0,0,0,0,0,0,0,0,0,0,0,,,,,,,,,,,,,,,0,0,0,0,0,0,0,0,0,0,0,0
'820840,"Knives and cutting blades, of base metal, for agricultural, horticultural or forestry machines ...",0,0,0,0,0,0,0,0,0,0,0,0,,,,,,,,,,,,,,,39,179,186,442,393,197,185,582,326,228,142,49
'821191,"Table knives having fixed blades of base metal, incl. handles (excl. butter knives and fish ...",0,0,0,0,0,0,0,0,0,0,0,0,,,,,,,,,,,,,,,0,0,0,0,0,0,0,0,16,0,0,0
'821192,"Knives with fixed blades of base metal (excl. straw knives, machetes, knives and cutting blades ...",0,0,0,0,0,0,0,0,0,0,0,0,,,,,,,,,,,,,,,0,25,0,0,8,8,4,0,0,0,0,0
'821300,"Scissors, tailors' shears and similar shears, and blades therefor, of base metal (excl. hedge ...",0,0,0,0,0,0,0,0,0,0,0,0,,,,,,,,,,,,,,,0,1,0,0,0,0,4,0,1,7,7,0
'821520,"Sets consisting of one or more knives of heading 8211 and at least an equal number of spoons, ...",0,0,0,0,0,0,0,0,0,0,0,0,,,,,,,,,,,,,,,1,0,3,0,54,0,0,0,0,15,0,4
'830170,"Keys presented separately for padlocks, locks, clasps and frames with clasps incorporating ...",0,0,0,0,0,0,0,0,0,0,0,0,,,,,,,,,,,,,,,1,0,2,0,26,0,1,0,0,0,0,13
'830260,Automatic door closers of base metal,0,0,0,0,0,0,0,0,0,0,0,0,,,,,,,,,,,,,,,0,0,0,0,0,0,0,0,0,0,0,0
'830520,"Staples in strips, of base metal",0,0,0,0,0,0,0,0,0,0,0,0,,,,,,,,,,,,,,,0,0,0,0,0,0,0,0,0,0,0,0
'830790,"Flexible tubing of base metal other than iron or steel, with or without fittings",0,0,0,0,0,0,0,0,0,0,0,0,,,,,,,,,,,,,,,0,0,0,0,0,0,0,0,0,0,0,0
'831190,"Wire, rods, tubes, plates, electrodes and the like, of base metal or of metal carbides, coated ...",0,0,0,0,0,0,0,0,0,0,0,0,,,,,,,,,,,,,,,0,0,0,0,0,0,0,0,0,0,0,0
'840310,"Central heating boilers, non-electric (excl. vapour generating boilers and superheated water ...",0,0,0,0,0,0,0,0,0,0,0,0,,,,,,,,,,,,,,,0,0,0,0,0,0,0,0,0,0,0,0
'840420,Condensers for steam or other vapour power units,0,0,0,0,0,0,0,0,0,0,0,0,,,,,,,,,,,,,,,0,0,0,0,0,0,0,0,0,0,0,0
'840490,Parts of auxiliary plant of heading 8402 or 8403 and condensers for steam or other vapour power ...,0,0,0,0,0,0,0,0,0,0,0,0,,,,,,,,,,,,,,,0,0,0,0,0,0,0,0,0,0,0,0
'840731,"Spark-ignition reciprocating piston engine, of a kind used for the propulsion of vehicles of ...",0,0,0,0,0,0,0,0,0,0,0,0,,,,,,,,,,,,,,,0,0,0,0,0,0,0,0,0,0,0,0
'840890,"Compression-ignition internal combustion piston engine ""diesel or semi-diesel engine"" (excl. ...",0,0,0,0,0,0,0,0,0,0,0,0,,,,,,,,,,,,,,,0,0,0,0,0,0,0,0,0,0,0,0
'840999,Parts suitable for use solely or principally with compression-ignition internal combustion ...,0,0,0,0,0,0,0,0,0,0,0,0,,,,,,,,,,,,,,,6781,6780,8051,7673,5942,8963,5787,6293,5420,4462,4491,6408
'841210,Reaction engines other than turbojets,0,0,0,0,0,0,0,0,0,0,0,0,,,,,,,,,,,,,,,0,0,0,0,0,0,0,0,0,0,0,0
'841231,"Pneumatic power engines and motors, linear-acting, ""cylinders""",0,0,0,0,0,0,0,0,0,0,0,0,,,,,,,,,,,,,,,47,83,66,119,98,21,58,30,72,30,32,25
'841319,"Pumps for liquids, fitted or designed to be fitted with a measuring device (excl. pumps for ...",0,0,0,0,0,0,0,0,0,0,0,0,,,,,,,,,,,,,,,0,0,20,0,0,11,0,0,0,0,0,0
'841350,"Reciprocating positive displacement pumps for liquids, power-driven (excl. those of subheading ...",0,0,0,0,0,0,0,0,0,0,0,0,,,,,,,,,,,,,,,203,346,52,133,56,32,141,78,30,198,129,1031
'841382,Liquid elevators (excl. pumps),0,0,0,0,0,0,0,0,0,0,0,0,,,,,,,,,,,,,,,0,0,0,0,0,0,0,0,0,0,0,0
'841451,"Table, floor, wall, window, ceiling or roof fans, with a self-contained electric motor of an ...",0,0,0,0,0,0,0,0,0,0,0,0,,,,,,,,,,,,,,,0,0,0,0,0,0,0,0,0,0,0,0
'841460,"Hoods incorporating a fan, whether or not fitted with filters, having a maximum horizontal ...",0,0,0,0,0,0,0,0,0,0,0,0,,,,,,,,,,,,,,,0,0,0,0,0,0,0,0,0,0,0,0
'841590,"Parts of air conditioning machines, comprising a motor-driven fan and elements for changing ...",0,0,0,0,0,0,0,0,0,0,0,0,,,,,,,,,,,,,,,13,16,44,65,63,61,34,26,144,19,23,58
'841720,"Bakery ovens, incl. biscuit ovens, non-electric",0,0,0,0,0,0,0,0,0,0,0,0,,,,,,,,,,,,,,,0,0,99,0,0,0,0,0,163,0,0,0
'841821,"Household refrigerators, compression-type",0,0,0,0,0,0,0,0,0,0,0,0,,,,,,,,,,,,,,,0,0,0,0,0,0,0,0,0,0,0,0
'841960,Machinery for liquefying air or other gases,0,0,0,0,0,0,0,0,0,0,0,0,,,,,,,,,,,,,,,0,0,0,0,0,0,0,0,0,0,0,0
'841990,"Parts of machinery, plant and laboratory equipment, whether or not electrically heated, for ...",0,0,0,0,0,0,0,0,0,0,0,0,,,,,,,,,,,,,,,45,44,39,26,32,266,311,0,250,68,66,420
'842191,"Parts of centrifuges, incl. centrifugal dryers, n.e.s.",0,0,0,0,0,0,0,0,0,0,0,0,,,,,,,,,,,,,,,0,0,0,0,0,0,0,0,0,6,24,14
'842211,Dishwashing machines of the household type,0,0,0,0,0,0,0,0,0,0,0,0,,,,,,,,,,,,,,,0,0,0,0,0,0,0,0,0,0,0,0
'842310,"Personal weighing machines, incl. baby scales; household scales",0,0,0,0,0,0,0,0,0,0,0,0,,,,,,,,,,,,,,,0,0,0,0,0,0,0,0,0,0,0,0
'842490,"Parts of fire extinguishers, spray guns and similar appliances, steam or sand blasting machines ...",0,0,0,0,0,0,0,0,0,0,0,0,,,,,,,,,,,,,,,2980,3208,2450,4358,2496,4199,3723,2918,2309,2997,2202,2322
'842539,"Winches and capstans, non-powered by electric motor",0,0,0,0,0,0,0,0,0,0,0,0,,,,,,,,,,,,,,,0,0,0,0,0,0,52,0,0,0,0,0
'842549,"Jacks and hoists of a kind used for raising vehicles, not hydraulic",0,0,0,0,0,0,0,0,0,0,0,0,,,,,,,,,,,,,,,10,41,3,3,25,4,47,2,0,4,2,40
'842840,Escalators and moving walkways,0,0,0,0,0,0,0,0,0,0,0,0,,,,,,,,,,,,,,,0,0,0,0,0,0,0,0,0,0,0,0
'842911,"Self-propelled bulldozers and angledozers, track laying",0,0,0,0,0,0,0,0,0,0,0,0,,,,,,,,,,,,,,,0,0,0,0,0,0,0,0,0,0,0,0
'843010,"Pile-drivers and pile-extractors (excl. those mounted on railway wagons, motor vehicle chassis ...",0,0,0,0,0,0,0,0,0,0,0,0,,,,,,,,,,,,,,,0,0,0,0,0,0,0,0,0,0,0,0
'843041,Self-propelled boring or sinking machinery for boring earth or extracting minerals or ores ...,0,0,0,0,0,0,0,0,0,0,0,0,,,,,,,,,,,,,,,0,0,0,0,0,0,0,0,0,0,0,0
'843061,"Tamping or compacting machinery, not self-propelled (excl. hand-operated tools)",0,0,0,0,0,0,0,0,0,0,0,0,,,,,,,,,,,,,,,0,0,0,0,0,0,0,0,0,0,0,0
'843141,"Buckets, shovels, grabs and grips for machinery of heading 8426, 8429 and 8430",0,0,0,0,0,0,0,0,0,0,0,0,,,,,,,,,,,,,,,0,0,0,61,0,19,0,11,0,21,0,0
'843510,"Presses, crushers and similar machinery used in the manufacture of wine, cider, fruit juices ...",0,0,0,0,0,0,0,0,0,0,0,0,,,,,,,,,,,,,,,0,0,0,0,0,0,0,0,0,0,0,0
'843610,Machinery for preparing animal feedingstuffs in agricultural holdings and similar undertakings ...,0,0,0,0,0,0,0,0,0,0,0,0,,,,,,,,,,,,,,,0,0,323,0,0,0,0,0,0,0,0,322
'843691,"Parts of poultry-keeping machinery or poultry incubators and brooders, n.e.s.",0,0,0,0,0,0,0,0,0,0,0,0,,,,,,,,,,,,,,,0,0,0,0,0,0,0,0,0,0,0,0
'844250,"Printing plates, cylinders and other printing components; plates, cylinders and lithographic ...",0,0,0,0,0,0,0,0,0,0,0,0,,,,,,,,,,,,,,,23,0,0,0,0,0,0,0,0,0,0,0
'844339,"Printers, copying machines and facsimile machines, whether or not combined (excl. those capable ...",0,0,0,0,0,0,0,0,0,0,0,0,,,,,,,,,,,,,,,0,0,0,0,0,0,0,0,0,0,0,0
'844519,"Machines for preparing textile fibres (excl. carding, combing, drawing or roving machines)",0,0,0,0,0,0,0,0,0,0,0,0,,,,,,,,,,,,,,,0,0,0,0,0,0,0,0,0,0,0,0
'844520,Textile spinning machines (excl. extruding and drawing or roving machines),0,0,0,0,0,0,0,0,0,0,0,0,,,,,,,,,,,,,,,0,0,0,0,0,0,0,0,0,0,0,0
'844842,"Reeds for looms, healds and heald-frames",0,0,0,0,0,0,0,0,0,0,0,0,,,,,,,,,,,,,,,0,0,0,0,0,0,0,0,0,0,0,0
'844849,"Parts and accessories of weaving machines ""looms"" and their auxiliary machinery, n.e.s.",0,0,0,0,0,0,0,0,0,0,0,0,,,,,,,,,,,,,,,0,0,0,0,0,0,0,0,0,0,0,0
'845210,Sewing machines of the household type,0,0,0,0,0,0,0,0,0,0,0,0,,,,,,,,,,,,,,,0,0,0,0,0,0,0,0,0,0,0,0
'845430,Casting machines of a kind used in metallurgy or in metal foundries,0,0,0,0,0,0,0,0,0,0,0,0,,,,,,,,,,,,,,,0,0,0,0,0,0,0,0,0,0,0,0
'845530,Rolls for metal-rolling mills,0,0,0,0,0,0,0,0,0,0,0,0,,,,,,,,,,,,,,,0,0,0,0,0,0,0,0,0,0,0,0
'845590,"Parts of metal-rolling mills, n.e.s.",0,0,0,0,0,0,0,0,0,0,0,0,,,,,,,,,,,,,,,262,0,0,444,0,0,0,195,0,0,0,0
'845612,"Machine tools for working any material by removal of material, operated by light or photon ...",0,0,0,0,0,0,0,0,0,0,0,0,,,,,,,,,,,,,,,0,0,0,0,0,0,0,0,0,0,0,0
'845710,Machining centres for working metal,0,0,0,0,0,0,0,0,0,0,0,0,,,,,,,,,,,,,,,0,0,0,0,0,0,0,0,0,0,0,0
'845720,"Unit construction machines ""single station"", for working metal",0,0,0,0,0,0,0,0,0,0,0,0,,,,,,,,,,,,,,,0,0,0,0,0,0,0,0,0,0,0,0
'845899,"Lathes, incl. turning centres, for removing metal, not numerically controlled (excl. horizontal ...",0,0,0,0,0,0,0,0,0,0,0,0,,,,,,,,,,,,,,,0,0,0,0,0,0,0,0,0,0,0,0
'846029,"Grinding machines for finishing metal, not numerically controlled (excl. flat-surface and gear ...",0,0,0,0,0,0,0,0,0,0,0,0,,,,,,,,,,,,,,,0,0,0,0,0,0,0,0,0,0,0,0
'846120,"Shaping or slotting machines, for working metals, metal carbides or cermets",0,0,0,0,0,0,0,0,0,0,0,0,,,,,,,,,,,,,,,0,0,0,0,0,0,0,0,0,0,0,0
'846130,"Broaching machines, for working metals, metal carbides or cermets",0,0,0,0,0,0,0,0,0,0,0,0,,,,,,,,,,,,,,,0,0,0,0,0,0,0,0,0,0,0,0
'846140,"Gear cutting, gear grinding or gear finishing machines, for working metals, metal carbides ...",0,0,0,0,0,0,0,0,0,0,0,0,,,,,,,,,,,,,,,0,0,0,0,0,0,0,0,0,0,0,0
'846211,Closed die forging machines,0,0,0,0,0,0,0,0,0,0,0,0,,,,,,,,,,,,,,,0,0,0,0,0,0,0,0,0,0,0,0
'846239,"Shearing machines, for flat products (excl. slitting lines, cut-to-length lines, presses, combined ...",0,0,0,0,0,0,0,0,0,0,0,0,,,,,,,,,,,,,,,0,0,0,0,0,0,0,0,0,0,0,0
'846249,"Punching, notching or nibbling machines for flat products incl. combined punching and shearing ...",0,0,0,0,0,0,0,0,0,0,0,0,,,,,,,,,,,,,,,0,0,0,0,0,0,0,0,0,0,0,0
'846520,"Machining centres for working wood, cork, bone, hard rubber, hard plastics or similar hard ...",0,0,0,0,0,0,0,0,0,0,0,0,,,,,,,,,,,,,,,0,0,0,0,0,0,0,0,0,0,0,0
'846593,"Grinding, sanding or polishing machines for working wood, cork, bone, hard rubber, hard plastics ...",0,0,0,0,0,0,0,0,0,0,0,0,,,,,,,,,,,,,,,0,0,0,0,0,0,0,0,0,0,0,0
'846594,"Bending or assembling machines for working wood, cork, bone, hard rubber, hard plastics or ...",0,0,0,0,0,0,0,0,0,0,0,0,,,,,,,,,,,,,,,0,0,0,0,0,0,0,0,0,0,0,0
'847141,"Data-processing machines, automatic, comprising in the same housing at least a central processing ...",0,0,0,0,0,0,0,0,0,0,0,0,,,,,,,,,,,,,,,0,0,0,0,50,33,0,0,0,0,0,0
'847230,"Machines for sorting or folding mail or for inserting mail in envelopes or bands, machines ...",0,0,0,0,0,0,0,0,0,0,0,0,,,,,,,,,,,,,,,0,0,0,0,0,0,0,0,0,0,0,0
'847329,"Parts and accessories of non-electronic calculators for accounting machines, cash registers ...",0,0,0,0,0,0,0,0,0,0,0,0,,,,,,,,,,,,,,,0,0,0,0,0,0,0,0,0,0,0,0
'847420,Crushing or grinding machines for solid mineral substances,0,0,0,0,0,0,0,0,0,0,0,0,,,,,,,,,,,,,,,0,0,0,0,0,0,0,0,0,0,0,0
'847529,Machines for manufacturing or hot working glass or glassware (excl. machines for making optical ...,0,0,0,0,0,0,0,0,0,0,0,0,,,,,,,,,,,,,,,0,0,0,0,0,0,0,0,0,0,0,0
'847681,Automatic goods-vending machines incorporating heating or refrigerating devices (excl. automatic ...,0,0,0,0,0,0,0,0,0,0,0,0,,,,,,,,,,,,,,,0,0,0,0,0,0,0,0,0,0,0,0
'847790,Parts of machinery for working rubber or plastics or for the manufacture of products from these ...,0,0,0,0,0,0,0,0,0,0,0,0,,,,,,,,,,,,,,,74,0,40,0,75,41,0,27,23,42,0,36
'847890,"Parts of machinery for preparing or making up tobacco, n.e.s.",0,0,0,0,0,0,0,0,0,0,0,0,,,,,,,,,,,,,,,0,0,0,0,0,0,0,0,0,0,0,0
'847989,"Machines and mechanical appliances, n.e.s.",0,0,0,0,0,0,0,0,0,0,0,0,,,,,,,,,,,,,,,1043,2063,1455,6780,4566,2573,2237,1807,869,558,507,795
'848010,Moulding boxes for metal foundry,0,0,0,0,0,0,0,0,0,0,0,0,,,,,,,,,,,,,,,0,0,0,0,0,0,0,0,0,0,0,0
'848050,Moulds for glass (excl. moulds of graphite or other carbons and ceramic moulds),0,0,0,0,0,0,0,0,0,0,0,0,,,,,,,,,,,,,,,0,0,0,0,0,0,0,0,0,0,0,0
'848120,Valves for oleohydraulic or pneumatic transmission,0,0,0,0,0,0,0,0,0,0,0,0,,,,,,,,,,,,,,,139,252,150,293,263,344,315,113,121,123,120,198
'848280,"Roller bearings, incl. combined ball-roller bearings (excl. ball bearings, tapered roller bearings, ...",0,0,0,0,0,0,0,0,0,0,0,0,,,,,,,,,,,,,,,6,11,1,7,6,0,13,18,6,15,0,46
'848590,Parts of machines for additive manufacturing,0,0,0,0,0,0,0,0,0,0,0,0,,,,,,,,,,,,,,,0,0,0,0,0,0,0,0,0,0,0,0
'850152,"AC motors, multi-phase, of an output > 750 W but <= 75 kW",0,0,0,0,0,0,0,0,0,0,0,0,,,,,,,,,,,,,,,26,36,25,20,134,39,65,29,18,42,20,14
'850590,"Electromagnets and electromagnetic lifting heads, and their parts (excl. magnets for medical ...",0,0,0,0,0,0,0,0,0,0,0,0,,,,,,,,,,,,,,,32,52,18,77,4,0,5,5,12,5,0,9
'850730,Nickel-cadmium accumulators (excl. spent),0,0,0,0,0,0,0,0,0,0,0,0,,,,,,,,,,,,,,,0,0,0,0,0,0,0,0,0,0,0,0
'850811,"Vacuum cleaners, incl. dry cleaners and wet vacuum cleaners, with self-contained electric motor, ...",0,0,0,0,0,0,0,0,0,0,0,0,,,,,,,,,,,,,,,0,0,0,0,0,0,0,0,11,0,0,10
'851010,"Shavers, electric",0,0,0,0,0,0,0,0,0,0,0,0,,,,,,,,,,,,,,,0,0,0,0,0,0,0,0,0,0,0,0
'851150,Generators of a kind used for internal combustion engines (excl. magneto dynamos and dual purpose ...,0,0,0,0,0,0,0,0,0,0,0,0,,,,,,,,,,,,,,,5,1,52,17,20,4,5,0,0,0,0,15
'851310,Portable electrical lamps designed to function by their own source of energy,0,0,0,0,0,0,0,0,0,0,0,0,,,,,,,,,,,,,,,0,0,0,0,0,0,0,0,0,0,0,0
'851390,"Parts of portable electrical lamps designed to function by their own source of energy, n.e.s.",0,0,0,0,0,0,0,0,0,0,0,0,,,,,,,,,,,,,,,0,0,0,0,0,0,0,0,0,0,0,0
'851829,"Loudspeakers, without enclosure",0,0,0,0,0,0,0,0,0,0,0,0,,,,,,,,,,,,,,,3,0,0,0,0,1,0,0,0,0,0,0
'851890,"Parts of microphones, loudspeakers, headphones and earphones, earphones, audio-frequency electric ...",0,0,0,0,0,0,0,0,0,0,0,0,,,,,,,,,,,,,,,0,0,0,0,0,0,0,0,0,0,0,0
'852499,"Flat panel display modules, whether or not incorporating touch-sensitive screens, with drivers ...",0,0,0,0,0,0,0,0,0,0,0,0,,,,,,,,,,,,,,,0,0,0,0,0,0,0,0,0,0,0,10
'852589,"Television cameras, digital cameras and video camera recorders (excl. high-speed, radiation-hardened ...",0,0,0,0,0,0,0,0,0,0,0,0,,,,,,,,,,,,,,,6,34,11,11,53,28,64,0,13,18,16,237
'852610,Radar apparatus,0,0,0,0,0,0,0,0,0,0,0,0,,,,,,,,,,,,,,,0,0,0,0,0,0,0,0,0,0,0,0
'852721,"Radio-broadcast receivers not capable of operating without an external source of power, of ...",0,0,0,0,0,0,0,0,0,0,0,0,,,,,,,,,,,,,,,2213,2283,2737,2245,3212,0,3677,2018,0,2166,2588,2606
'852791,"Radio-broadcast receivers, for mains operation only, combined with sound recording or reproducing ...",0,0,0,0,0,0,0,0,0,0,0,0,,,,,,,,,,,,,,,0,0,0,0,0,0,0,0,0,0,0,0
'852842,"Cathode-ray tube monitors ""CRT"" capable of directly connecting to and designed for use with ...",0,0,0,0,0,0,0,0,0,0,0,0,,,,,,,,,,,,,,,0,0,0,0,0,0,0,0,0,0,0,0
'852869,"Projectors (excl. with TV receiver, designed for computer use)",0,0,0,0,0,0,0,0,0,0,0,0,,,,,,,,,,,,,,,0,0,0,0,0,0,0,0,0,0,0,0
'852910,"Aerials and aerial reflectors of all kinds; parts suitable for use therewith, n.e.s.",0,0,0,0,0,0,0,0,0,0,0,0,,,,,,,,,,,,,,,29,1,220,2,2,23,0,20,24,14,30,2
'853222,"Fixed electrical capacitors, aluminium electrolytic (excl. power capacitors)",0,0,0,0,0,0,0,0,0,0,0,0,,,,,,,,,,,,,,,0,0,0,0,0,0,0,0,0,0,0,0
'853230,"Variable or adjustable ""pre-set"" electrical capacitors",0,0,0,0,0,0,0,0,0,0,0,0,,,,,,,,,,,,,,,0,0,0,0,0,0,0,0,0,0,0,0
'853390,"Parts of electrical resistors, incl. rheostats and potentiometers, n.e.s.",0,0,0,0,0,0,0,0,0,0,0,0,,,,,,,,,,,,,,,0,0,0,0,0,0,0,0,0,0,0,0
'853530,"Isolating switches and make-and-break switches, for a voltage > 1.000 V",0,0,0,0,0,0,0,0,0,0,0,0,,,,,,,,,,,,,,,0,0,0,0,0,0,0,0,0,0,0,0
'853650,Switches for a voltage <= 1.000 V (excl. relays and automatic circuit breakers),0,0,0,0,0,0,0,0,0,0,0,0,,,,,,,,,,,,,,,362,400,328,348,401,289,500,289,396,502,356,487
'853810,"Boards, panels, consoles, desks, cabinets and other bases for the goods of heading 8537, not ...",0,0,0,0,0,0,0,0,0,0,0,0,,,,,,,,,,,,,,,84,295,275,383,148,268,92,45,121,98,114,111
'853929,"Filament lamps, electric (excl. tungsten halogen lamps, lamps of a power <= 200 W and for a ...",0,0,0,0,0,0,0,0,0,0,0,0,,,,,,,,,,,,,,,0,0,0,0,0,0,0,0,0,0,0,0
'854110,"Diodes (excl. photosensitive or light emitting diodes ""LED"")",0,0,0,0,0,0,0,0,0,0,0,0,,,,,,,,,,,,,,,0,0,0,1,0,0,0,0,0,0,0,0
'854141,"Light emitting diodes ""LED""",0,0,0,0,0,0,0,0,0,0,0,0,,,,,,,,,,,,,,,0,0,0,0,0,0,0,0,0,0,0,0
'854159,"Semiconductor devices, n.e.s.",0,0,0,0,0,0,0,0,0,0,0,0,,,,,,,,,,,,,,,0,0,0,0,0,0,0,0,0,0,0,0
'854310,"Electrical particle accelerators for electrons, protons, etc. (excl. ion implanters for doping ...",0,0,0,0,0,0,0,0,0,0,0,0,,,,,,,,,,,,,,,0,0,0,0,0,0,0,0,0,0,0,0
'854430,"Ignition wiring sets and other wiring sets for vehicles, aircraft or ships",0,0,0,0,0,0,0,0,0,0,0,0,,,,,,,,,,,,,,,1493,1348,1131,1437,905,1340,630,788,353,743,748,878
'854442,"Electric conductors for a voltage <= 1.000 V, insulated, fitted with connectors, n.e.s.",0,0,0,0,0,0,0,0,0,0,0,0,,,,,,,,,,,,,,,307,260,473,286,212,174,233,154,90,112,135,106
'854449,"Electric conductors, for a voltage <= 1.000 V, insulated, not fitted with connectors, n.e.s.",0,0,0,0,0,0,0,0,0,0,0,0,,,,,,,,,,,,,,,1199,843,3211,1805,1536,6318,18036,14939,1939,1676,2608,1626
'860120,Rail locomotives powered by electric accumulators,0,0,0,0,0,0,0,0,0,0,0,0,,,,,,,,,,,,,,,0,0,0,0,0,0,0,0,0,0,0,0
'860730,"Hooks and other coupling devices, buffers, and parts thereof, for railway or tramway locomotives ...",0,0,0,0,0,0,0,0,0,0,0,0,,,,,,,,,,,,,,,0,0,0,0,0,0,0,0,0,0,0,0
'870192,"Tractors, of an engine power > 18 kW but <= 37 kW (excl. those of heading 8709, pedestrian-controlled ...",0,0,0,0,0,0,0,0,0,0,0,0,,,,,,,,,,,,,,,0,0,0,0,0,0,0,0,0,0,0,0
'870193,"Tractors, of an engine power > 37 kW but <= 75 kW (excl. those of heading 8709, pedestrian-controlled ...",0,0,0,0,0,0,0,0,0,0,0,0,,,,,,,,,,,,,,,0,0,0,0,0,0,0,0,0,0,0,0
'870323,Motor cars and other motor vehicles principally designed for the transport of ...,0,0,0,0,0,0,0,0,0,0,0,0,,,,,,,,,,,,,,,0,274,240,0,0,0,613,0,0,0,0,0
'870340,Motor cars and other motor vehicles principally designed for the transport of ...,0,0,0,0,0,0,0,0,0,0,0,0,,,,,,,,,,,,,,,0,0,0,0,0,0,0,0,0,0,0,0
'870410,Dumpers for off-highway use,0,0,0,0,0,0,0,0,0,0,0,0,,,,,,,,,,,,,,,0,0,0,0,0,0,0,0,0,0,0,0
'870423,"Motor vehicles for the transport of goods, with only compression-ignition internal combustion ...",0,0,0,0,0,0,0,0,0,0,0,0,,,,,,,,,,,,,,,0,0,0,0,0,0,0,0,0,0,0,0
'870530,Fire fighting vehicles (excl. vehicles for transporting persons),0,0,0,0,0,0,0,0,0,0,0,0,,,,,,,,,,,,,,,0,0,0,0,0,0,0,0,0,0,0,0
'870590,Special purpose motor vehicles (other than those principally designed for the transport of ...,0,0,0,0,0,0,0,0,0,0,0,0,,,,,,,,,,,,,,,0,0,0,0,0,0,0,0,0,0,0,0
'870895,"Safety airbags with inflator system and parts thereof, for tractors, motor vehicles for the ...",0,0,0,0,0,0,0,0,0,0,0,0,,,,,,,,,,,,,,,6,61,30,29,79,0,16,36,30,47,13,0
'870911,"Electrical vehicles not fitted with lifting or handling equipment, of the type used in factories, ...",0,0,0,0,0,0,0,0,0,0,0,0,,,,,,,,,,,,,,,0,0,0,0,0,0,0,0,0,0,0,0
'871150,"Motorcycles, incl. mopeds, with reciprocating internal combustion piston engine of a cylinder ...",0,0,0,0,0,0,0,0,0,0,0,0,,,,,,,,,,,,,,,0,0,0,0,0,0,0,0,0,0,0,0
'871410,"Parts and accessories of motorcycles, incl. mopeds, n.e.s.",0,0,0,0,0,0,0,0,0,0,0,0,,,,,,,,,,,,,,,897,774,836,1049,438,1032,477,811,0,229,543,353
'871499,"Parts and accessories, for bicycles, n.e.s.",0,0,0,0,0,0,0,0,0,0,0,0,,,,,,,,,,,,,,,0,0,0,0,0,0,0,0,0,0,0,0
'871680,Vehicles pushed or drawn by hand and other vehicles not mechanically propelled (excl. trailers ...,0,0,0,0,0,0,0,0,0,0,0,0,,,,,,,,,,,,,,,6,24,0,28,34,42,92,30,77,12,0,19
'880212,Helicopters of an unladen weight > 2.000 kg (excl. unmanned of heading 8806),0,0,0,0,0,0,0,0,0,0,0,0,,,,,,,,,,,,,,,0,0,0,0,0,0,0,0,0,0,0,0
'880694,"Unmanned aircraft, with maximum take-off weight > 25 kg but <= 150 kg (excl. for passenger ...",0,0,0,0,0,0,0,0,0,0,0,0,,,,,,,,,,,,,,,0,0,0,0,0,0,0,0,0,0,0,0
'880720,"Under-carriages and parts thereof, for aircraft, n.e.s.",0,0,0,0,0,0,0,0,0,0,0,0,,,,,,,,,,,,,,,0,0,52,0,0,0,0,0,0,0,0,33
'890590,"Light-vessels, fire-floats, floating cranes and other vessels, the navigability of which is ...",0,0,0,0,0,0,0,0,0,0,0,0,,,,,,,,,,,,,,,0,0,0,0,0,0,0,0,0,0,0,0
'890790,"Rafts, tanks, coffer-dams, landing stages, buoys, beacons and other floating structures (excl. ...",0,0,0,0,0,0,0,0,0,0,0,0,,,,,,,,,,,,,,,0,0,0,0,0,0,0,0,0,0,0,0
'900219,"Objective lenses (excl. for cameras, projectors or photographic enlargers or reducers)",0,0,0,0,0,0,0,0,0,0,0,0,,,,,,,,,,,,,,,0,0,0,0,0,0,0,0,0,0,0,0
'900630,"Cameras specially designed for underwater use, for aerial survey or for medical or surgical ...",0,0,0,0,0,0,0,0,0,0,0,0,,,,,,,,,,,,,,,0,0,0,0,0,0,0,0,0,0,0,0
'900653,Cameras for roll film of a width of 35 mm (excl. instant print cameras and special cameras ...,0,0,0,0,0,0,0,0,0,0,0,0,,,,,,,,,,,,,,,0,0,0,0,0,0,0,0,0,0,0,0
'900791,"Parts and accessories for cinematographic cameras, n.e.s.",0,0,0,0,0,0,0,0,0,0,0,0,,,,,,,,,,,,,,,0,0,0,0,0,0,0,0,0,0,0,0
'901110,Stereoscopic optical microscopes,0,0,0,0,0,0,0,0,0,0,0,0,,,,,,,,,,,,,,,0,0,0,0,0,0,0,0,0,0,0,0
'901210,"Electron microscopes, proton microscopes and diffraction apparatus",0,0,0,0,0,0,0,0,0,0,0,0,,,,,,,,,,,,,,,0,0,0,0,0,0,0,0,0,0,0,0
'901580,"Instruments and appliances used in geodesy, topography, hydrography, oceanography, hydrology, ...",0,0,0,0,0,0,0,0,0,0,0,0,,,,,,,,,,,,,,,249,36,0,0,0,118,59,70,0,0,23,0
'901590,"Parts and accessories for instruments and appliances used in geodesy, topography, photogrammetrical ...",0,0,0,0,0,0,0,0,0,0,0,0,,,,,,,,,,,,,,,0,161,24,0,0,26,0,0,0,0,0,0
'901831,"Syringes, with or without needles, used in medical, surgical, dental or veterinary sciences",0,0,0,0,0,0,0,0,0,0,0,0,,,,,,,,,,,,,,,0,122,71,13,123,58,57,118,73,36,122,68
'902139,Artificial parts of the body (excl. artificial teeth and dental fittings and artificial joints),0,0,0,0,0,0,0,0,0,0,0,0,,,,,,,,,,,,,,,483,1088,0,294,390,794,1243,938,866,657,619,0
'902221,"Apparatus based on the use of alpha, beta, gamma or other ionising radiation, for medical, ...",0,0,0,0,0,0,0,0,0,0,0,0,,,,,,,,,,,,,,,0,0,0,0,0,0,0,0,0,0,0,0
'902230,X-ray tubes,0,0,0,0,0,0,0,0,0,0,0,0,,,,,,,,,,,,,,,32,119,59,52,29,0,400,121,129,0,27,119
'010392,"Live pure-bred swine, weighing >= 50 kg (excl. pure-bred for breeding)",0,0,0,0,0,0,0,0,0,0,0,0,,,,,,,,,,,,,,,0,0,0,0,0,0,0,0,0,0,0,0
'010611,Live primates,0,0,0,0,0,0,0,0,0,0,0,0,,,,,,,,,,,,,,,0,0,0,0,0,0,0,0,0,0,0,0
'010649,Live insects (excl. bees),0,0,0,0,0,0,0,0,0,0,0,0,,,,,,,,,,,,,,,0,0,0,0,0,0,0,0,25,0,14,18
'020450,"Fresh, chilled or frozen meat of goats",0,0,0,0,0,0,0,0,0,0,0,0,,,,,,,,,,,,,,,0,0,0,0,0,0,0,0,0,115,0,0
'020810,"Fresh, chilled or frozen meat and edible offal of rabbits or hares",0,0,0,0,0,0,0,0,0,0,0,0,,,,,,,,,,,,,,,0,0,0,0,1053,779,0,0,0,0,0,0
'021019,"Meat of swine, salted, in brine, dried or smoked (excl. hams, shoulders and cuts thereof, with ...",0,0,0,0,0,0,0,0,0,0,0,0,,,,,,,,,,,,,,,0,0,0,0,0,0,0,0,0,0,0,0
'030254,"Fresh or chilled hake ""Merluccius spp., Urophycis spp.""",0,0,0,0,0,0,0,0,0,0,0,0,,,,,,,,,,,,,,,0,0,0,0,0,0,0,0,0,0,0,0
'030354,"Frozen mackerel ""Scomber scombrus, Scomber australasicus, Scomber japonicus""",0,0,0,0,0,0,0,0,0,0,0,0,,,,,,,,,,,,,,,0,0,0,0,0,0,0,753,777,0,0,0
'030383,"Frozen toothfish ""Dissostichus spp.""",0,0,0,0,0,0,0,0,0,0,0,0,,,,,,,,,,,,,,,0,0,10492,5994,5267,0,0,0,9700,0,4163,0
'030474,"Frozen fillets of hake ""Merluccius spp., Urophycis spp.""",0,0,0,0,0,0,0,0,0,0,0,0,,,,,,,,,,,,,,,15846,17503,17274,23649,20462,21098,23724,21121,22224,13584,12764,21256
'030489,"Frozen fish fillets, n.e.s.",0,0,0,0,0,0,0,0,0,0,0,0,,,,,,,,,,,,,,,2069,1629,1503,726,622,788,561,1203,1965,1123,1651,1442
'030492,"Frozen meat, whether or not minced, of toothfish ""Dissostichus spp."" (excl. fillets)",0,0,0,0,0,0,0,0,0,0,0,0,,,,,,,,,,,,,,,0,0,0,0,0,0,0,0,0,0,0,0
'030614,"Frozen crabs, even smoked, whether in shell or not, incl. crabs in shell, cooked by steaming ...",0,0,0,0,0,0,0,0,0,0,0,0,,,,,,,,,,,,,,,2583,2544,737,0,0,0,0,9134,0,0,6605,0
'030633,"Crabs, whether in shell or not, live, fresh or chilled",0,0,0,0,0,0,0,0,0,0,0,0,,,,,,,,,,,,,,,0,0,0,0,0,0,0,0,0,0,0,0
'030729,"Scallops and other molluscs of the family Pectinidae, smoked, dried, salted or in brine, even ...",0,0,0,0,0,0,0,0,0,0,0,0,,,,,,,,,,,,,,,0,0,0,0,0,0,0,0,0,0,0,0
'030739,"Mussels ""Mytilus spp., Perna spp."", smoked, dried, salted or in brine, even in shell",0,0,0,0,0,0,0,0,0,0,0,0,,,,,,,,,,,,,,,0,0,0,0,0,0,0,0,0,0,0,0
'902590,"Parts and accessories for hydrometers, areometers and similar floating instruments, thermometers, ...",0,0,0,0,0,0,0,0,0,0,0,0,,,,,,,,,,,,,,,105,44,69,92,76,73,69,62,75,16,66,57
'902789,"Instruments and apparatus for physical or chemical analysis, or for measuring or checking viscosity, ...",0,0,0,0,0,0,0,0,0,0,0,0,,,,,,,,,,,,,,,112,69,282,190,140,146,288,136,81,149,75,268
'903090,Parts and accessories for instruments and apparatus for measuring or checking electrical quantities ...,0,0,0,0,0,0,0,0,0,0,0,0,,,,,,,,,,,,,,,0,0,0,0,57,0,0,0,72,0,0,0
'903281,Hydraulic or pneumatic regulating or controlling instruments and apparatus (excl. manostats ...,0,0,0,0,0,0,0,0,0,0,0,0,,,,,,,,,,,,,,,0,0,0,0,0,0,0,0,0,0,0,0
'910521,"Wall clocks, electrically operated",0,0,0,0,0,0,0,0,0,0,0,0,,,,,,,,,,,,,,,0,0,0,0,0,0,0,0,0,0,0,0
'910610,Time registers and time recorders,0,0,0,0,0,0,0,0,0,0,0,0,,,,,,,,,,,,,,,0,0,0,0,0,0,0,0,0,0,0,0
'910690,"Time of day recording apparatus and apparatus for measuring, recording or otherwise indicating ...",0,0,0,0,0,0,0,0,0,0,0,0,,,,,,,,,,,,,,,0,0,0,0,0,0,0,0,0,0,0,0
'910820,"Watch movements, complete and assembled, with automatic winding",0,0,0,0,0,0,0,0,0,0,0,0,,,,,,,,,,,,,,,0,0,0,0,0,0,0,0,0,0,0,0
'911120,"Cases for wrist-watches, pocket-watches and other watches of heading 9101 or 9102, of base ...",0,0,0,0,0,0,0,0,0,0,0,0,,,,,,,,,,,,,,,0,0,0,0,0,0,0,0,0,0,0,0
'930200,Revolvers and pistols (excl. those of heading 9303 or 9304 and sub-machine guns for military ...,0,0,0,0,0,0,0,0,0,0,0,0,,,,,,,,,,,,,,,0,0,0,0,0,0,0,0,0,0,0,0
'930400,"Spring, air or gas guns and pistols, truncheons and other non-firearms (excl. swords, cutlasses, ...",0,0,0,0,0,0,0,0,0,0,0,0,,,,,,,,,,,,,,,0,0,0,0,0,0,0,0,0,0,0,0
'930690,"Bombs, grenades, torpedos, mines, missiles, and other ammunition and projectiles, and parts ...",0,0,0,0,0,0,0,0,0,0,0,0,,,,,,,,,,,,,,,0,0,0,0,0,0,0,0,0,0,0,0
'940120,Seats for motor vehicles,0,0,0,0,0,0,0,0,0,0,0,0,,,,,,,,,,,,,,,740,253,273,774,203,65,546,282,262,429,115,160
'940139,"Swivel seats with variable height adjustments (excl. of wood, and medical, surgical, dental ...",0,0,0,0,0,0,0,0,0,0,0,0,,,,,,,,,,,,,,,5,0,0,0,0,0,0,6,0,0,0,0
'940149,"Seats, convertible into beds (excl. of wood, and garden seats and camping equipment, and medical, ...",0,0,0,0,0,0,0,0,0,0,0,0,,,,,,,,,,,,,,,0,0,0,0,0,0,0,0,0,0,0,0
'940191,"Parts of seats, of wood, n.e.s.",0,0,0,0,0,0,0,0,0,0,0,0,,,,,,,,,,,,,,,0,0,17,0,0,0,0,0,0,22,0,0
'940210,"Dentists', barbers' or similar chairs having rotating as well as both reclining and elevating ...",0,0,0,0,0,0,0,0,0,0,0,0,,,,,,,,,,,,,,,0,0,0,0,0,0,0,0,0,0,0,0
'940310,Metal furniture for offices (excl. seats),0,0,0,0,0,0,0,0,0,0,0,0,,,,,,,,,,,,,,,0,0,0,0,0,0,0,111,0,0,12,0
'940389,"Furniture of other materials, including cane, osier or similar materials (excl. of bamboo, ...",0,0,0,0,0,0,0,0,0,0,0,0,,,,,,,,,,,,,,,0,0,5,17,0,29,0,0,0,0,0,0
'940430,"Sleeping bags, whether or non-electrically heated",0,0,0,0,0,0,0,0,0,0,0,0,,,,,,,,,,,,,,,0,0,0,0,0,0,0,0,0,0,0,0
'950590,"Festival, carnival or other entertainment articles, incl. conjuring tricks and novelty jokes, ...",0,0,0,0,0,0,0,0,0,0,0,0,,,,,,,,,,,,,,,0,0,48,25,22,0,52,29,427,867,0,0
'950621,Sailboards,0,0,0,0,0,0,0,0,0,0,0,0,,,,,,,,,,,,,,,0,0,0,0,0,0,0,0,0,0,0,0
'960340,"Paint, distemper, varnish or similar brushes, paint pads and rollers (excl. artists' and similar ...",0,0,0,0,0,0,0,0,0,0,0,0,,,,,,,,,,,,,,,24,17,18,48,13,7,41,30,86,0,59,33
'960610,"Press-fasteners, snap-fasteners and press studs and parts therefor",0,0,0,0,0,0,0,0,0,0,0,0,,,,,,,,,,,,,,,0,0,0,0,0,0,0,0,0,0,0,10
'960630,Button moulds and other parts of buttons; button blanks,0,0,0,0,0,0,0,0,0,0,0,0,,,,,,,,,,,,,,,0,0,0,0,0,0,0,0,0,0,0,0
'960810,Ball-point pens,0,0,0,0,0,0,0,0,0,0,0,0,,,,,,,,,,,,,,,0,2,1,4,0,1,2,17,1,1,1,1
'960840,Propelling or sliding pencils,0,0,0,0,0,0,0,0,0,0,0,0,,,,,,,,,,,,,,,0,0,0,0,0,0,0,0,0,0,0,0
'961100,"Hand-operated date, sealing or numbering stamps, and the like; hand-operated composing sticks ...",0,0,0,0,0,0,0,0,0,0,0,0,,,,,,,,,,,,,,,0,0,5,0,0,0,0,0,6,0,0,0
'961210,"Typewriter or similar ribbons, inked or otherwise prepared for giving impressions, whether ...",0,0,0,0,0,0,0,0,0,0,0,0,,,,,,,,,,,,,,,0,0,0,0,0,0,12,0,0,0,0,0
'961511,"Combs, hair-slides and the like of hard rubber or plastics",0,0,0,0,0,0,0,0,0,0,0,0,,,,,,,,,,,,,,,0,0,4,0,4,0,0,0,0,0,0,0
'962000,"Monopods, bipods, tripods and similar articles",0,0,0,0,0,0,0,0,0,0,0,0,,,,,,,,,,,,,,,0,0,0,0,0,0,0,0,0,0,0,0
'970192,Mosaics (excl. over 100 years old),0,0,0,0,0,0,0,0,0,0,0,0,,,,,,,,,,,,,,,0,0,0,0,0,0,0,0,0,0,0,0
'970390,"Original sculptures and statuary, in any material (excl. over 100 years old)",0,0,0,0,0,0,0,0,0,0,0,0,,,,,,,,,,,,,,,199,0,9,0,23,350,0,217,0,0,0,327
'853290,"Parts of electrical ""pre-set"" capacitors, fixed, variable or adjustable, n.e.s.",0,0,0,0,0,0,0,0,0,0,0,0,,,,,,,,,,,,,,,0,0,0,0,0,0,0,0,0,0,0,0
'853331,"Wirewound variable electrical resistors, incl. rheostats and potentiometers, for a power handling ...",0,0,0,0,0,0,0,0,0,0,0,0,,,,,,,,,,,,,,,0,1,0,1,1,0,3,4,0,0,0,0
'853521,"Automatic circuit breakers for a voltage > 1.000 V but < 72,5 kV",0,0,0,0,0,0,0,0,0,0,0,0,,,,,,,,,,,,,,,0,0,0,0,0,0,0,0,0,0,0,0
'853630,Apparatus for protecting electrical circuits for a voltage <= 1.000 V (excl. fuses and automatic ...,0,0,0,0,0,0,0,0,0,0,0,0,,,,,,,,,,,,,,,31,0,0,0,0,27,15,0,16,1,0,0
'853649,Relays for a voltage > 60 V but <= 1.000 V,0,0,0,0,0,0,0,0,0,0,0,0,,,,,,,,,,,,,,,12,35,13,11,2,17,104,8,88,5,2,6
'854020,Television camera tubes; image converters and intensifiers; other photo cathode tubes (excl. ...,0,0,0,0,0,0,0,0,0,0,0,0,,,,,,,,,,,,,,,0,0,0,0,0,0,0,0,0,0,0,0
'854079,"Microwave tubes, e.g. travelling wave tubes and carcinotrons (excl. magnetrons and grid-controlled ...",0,0,0,0,0,0,0,0,0,0,0,0,,,,,,,,,,,,,,,0,0,0,0,0,0,0,0,0,0,0,0
'854142,Photovoltaic cells not assembled in modules or made up into panels,0,0,0,0,0,0,0,0,0,0,0,0,,,,,,,,,,,,,,,0,0,0,0,0,0,0,0,0,0,0,0
'854370,"Electrical machines and apparatus, having individual functions, n.e.s. in chapter 85",0,0,0,0,0,0,0,0,0,0,0,0,,,,,,,,,,,,,,,35,373,156,97,484,15717,386,757,120,63,132,88
'854720,"Insulating fittings for electrical purposes, of plastics",0,0,0,0,0,0,0,0,0,0,0,0,,,,,,,,,,,,,,,17,22,58,29,7,28,16,39,72,6,33,20
'854800,"Electrical parts of machinery or apparatus, n.e.s. in chapter 85",0,0,0,0,0,0,0,0,0,0,0,0,,,,,,,,,,,,,,,0,0,0,0,0,0,0,0,0,0,0,0
'854929,"Electrical and electronic waste and scrap, of a kind used principally for the recovery of precious ...",0,0,0,0,0,0,0,0,0,0,0,0,,,,,,,,,,,,,,,0,0,0,0,0,0,0,0,0,0,0,0
'860210,Diesel-electric locomotives,0,0,0,0,0,0,0,0,0,0,0,0,,,,,,,,,,,,,,,0,0,0,0,0,0,0,0,0,0,0,0
'860699,Railway or tramway goods vans and wagons (excl. those specially designed for the transport ...,0,0,0,0,0,0,0,0,0,0,0,0,,,,,,,,,,,,,,,0,0,0,0,0,0,0,0,0,0,0,0
'860712,Bogies and driving bissel-bogies for railway or tramway locomotives or rolling stock (excl. ...,0,0,0,0,0,0,0,0,0,0,0,0,,,,,,,,,,,,,,,0,0,0,0,0,0,0,0,0,0,0,0
'870194,"Tractors, of an engine power > 75 kW but <= 130 kW (excl. those of heading 8709, pedestrian-controlled ...",0,0,0,0,0,0,0,0,0,0,0,0,,,,,,,,,,,,,,,0,0,0,0,0,0,0,0,0,0,0,0
'870195,"Tractors, of an engine power > 130 kW (excl. those of heading 8709, pedestrian-controlled tractors, ...",0,0,0,0,0,0,0,0,0,0,0,0,,,,,,,,,,,,,,,0,0,0,0,0,0,0,0,0,0,0,0
'870321,Motor cars and other motor vehicles principally designed for the transport of ...,0,0,0,0,0,0,0,0,0,0,0,0,,,,,,,,,,,,,,,59881,49039,37697,20936,81491,76292,57396,31543,54193,9481,61362,35095
'870333,Motor cars and other motor vehicles principally designed for the transport of ...,0,0,0,0,0,0,0,0,0,0,0,0,,,,,,,,,,,,,,,0,0,0,0,0,0,0,0,0,0,0,0
'870380,Motor cars and other motor vehicles principally designed for the transport of ...,0,0,0,0,0,0,0,0,0,0,0,0,,,,,,,,,,,,,,,0,0,0,0,0,0,0,0,0,0,0,0
'870432,"Motor vehicles for the transport of goods, with only spark-ignition internal combustion piston ...",0,0,0,0,0,0,0,0,0,0,0,0,,,,,,,,,,,,,,,0,0,0,0,0,0,0,0,0,0,0,0
'870490,"Motor vehicles for the transport of goods, with engines other than internal combustion piston ...",0,0,0,0,0,0,0,0,0,0,0,0,,,,,,,,,,,,,,,0,0,0,0,0,0,0,0,0,0,0,0
'870510,Crane lorries (excl. breakdown lorries),0,0,0,0,0,0,0,0,0,0,0,0,,,,,,,,,,,,,,,0,0,0,0,0,0,0,0,0,0,0,0
'870600,"Chassis fitted with engines, for tractors, motor vehicles for the transport of ten or more ...",0,0,0,0,0,0,0,0,0,0,0,0,,,,,,,,,,,,,,,0,0,0,0,0,0,0,0,0,0,0,0
'870790,"Bodies for tractors, motor vehicles for the transport of ten or more persons, motor vehicles ...",0,0,0,0,0,0,0,0,0,0,0,0,,,,,,,,,,,,,,,0,0,244,0,0,123,586,801,0,0,0,0
'870830,"Brakes and servo-brakes and their parts, for tractors, motor vehicles for the transport of ...",0,0,0,0,0,0,0,0,0,0,0,0,,,,,,,,,,,,,,,72,171,89,77,153,85,102,177,254,110,126,86
'871110,"Motorcycles, incl. mopeds, with reciprocating internal combustion piston engine of a cylinder ...",0,0,0,0,0,0,0,0,0,0,0,0,,,,,,,,,,,,,,,0,0,0,0,0,0,0,0,0,0,0,0
'871140,"Motorcycles, incl. mopeds, with reciprocating internal combustion piston engine of a cylinder ...",0,0,0,0,0,0,0,0,0,0,0,0,,,,,,,,,,,,,,,0,0,0,0,0,0,0,0,0,0,0,0
'880400,"Parachutes, incl. dirigible parachutes and paragliders, and rotochutes; parts thereof and accessories ...",0,0,0,0,0,0,0,0,0,0,0,0,,,,,,,,,,,,,,,0,0,0,0,0,0,0,0,0,0,0,0
'880521,Air combat simulators and parts thereof,0,0,0,0,0,0,0,0,0,0,0,0,,,,,,,,,,,,,,,0,0,0,0,0,0,0,0,0,0,0,0
'880629,"Unmanned aircraft, for remote-controlled flight only, with maximum take-off weight > 150 kg ...",0,0,0,0,0,0,0,0,0,0,0,0,,,,,,,,,,,,,,,0,0,0,0,0,0,0,0,0,0,0,0
'880691,"Unmanned aircraft, with maximum take-off weight <= 250 g (excl. for remote-controlled flight ...",0,0,0,0,0,0,0,0,0,0,0,0,,,,,,,,,,,,,,,0,0,0,0,0,0,0,0,0,0,0,0
'890120,Tankers,0,0,0,0,0,0,0,0,0,0,0,0,,,,,,,,,,,,,,,0,0,0,0,0,0,0,0,0,0,0,0
'900580,"Monoculars, astronomical and other optical telescopes and other astronomical instruments (excl. ...",0,0,0,0,0,0,0,0,0,0,0,0,,,,,,,,,,,,,,,0,0,0,0,0,0,0,0,0,0,0,0
'900669,Photographic flashlights and flashlight apparatus (excl. with electronic discharge lamps),0,0,0,0,0,0,0,0,0,0,0,0,,,,,,,,,,,,,,,0,0,0,0,0,0,0,0,0,0,0,0
'900691,"Parts and accessories for photographic cameras, n.e.s.",0,0,0,0,0,0,0,0,0,0,0,0,,,,,,,,,,,,,,,0,0,0,0,0,0,0,0,0,0,0,0
'900792,"Parts and accessories for cinematographic projectors, n.e.s.",0,0,0,0,0,0,0,0,0,0,0,0,,,,,,,,,,,,,,,0,0,0,0,0,0,0,0,0,0,0,0
'900850,"Image projectors, and photographic enlargers and reducers (excl. cinematographic and parts)",0,0,0,0,0,0,0,0,0,0,0,0,,,,,,,,,,,,,,,0,0,0,0,0,0,0,0,0,0,0,0
'901120,"Optical microscopes, for photomicrography, cinephotomicrography or microprojection (excl. stereoscopic ...",0,0,0,0,0,0,0,0,0,0,0,0,,,,,,,,,,,,,,,0,0,0,0,0,0,0,0,0,0,0,0
'901540,Photogrammetrical surveying instruments and appliances,0,0,0,0,0,0,0,0,0,0,0,0,,,,,,,,,,,,,,,0,0,0,0,0,0,0,0,0,0,0,0
'901814,Scintigraphic apparatus,0,0,0,0,0,0,0,0,0,0,0,0,,,,,,,,,,,,,,,0,0,0,0,0,0,2,0,0,0,0,0
'901819,"Electro-diagnostic apparatus, incl. apparatus for functional exploratory examination or for ...",0,0,0,0,0,0,0,0,0,0,0,0,,,,,,,,,,,,,,,93,270,144,125,142,207,158,158,130,164,324,117
'901820,"Ultraviolet or infra-red ray apparatus used in medical, surgical, dental or veterinary sciences",0,0,0,0,0,0,0,0,0,0,0,0,,,,,,,,,,,,,,,0,0,0,0,58,0,0,233,0,0,0,0
'901832,"Tubular metal needles and needles for sutures, used in medical, surgical, dental or veterinary ...",0,0,0,0,0,0,0,0,0,0,0,0,,,,,,,,,,,,,,,85,53,68,54,35,114,91,44,64,38,53,46
'902121,Artificial teeth,0,0,0,0,0,0,0,0,0,0,0,0,,,,,,,,,,,,,,,0,0,0,0,0,0,0,0,0,0,0,0
'902190,"Articles and appliances, which are worn or carried, or implanted in the body, to compensate ...",0,0,0,0,0,0,0,0,0,0,0,0,,,,,,,,,,,,,,,0,401,287,0,251,376,349,402,0,220,0,255
'902720,Chromatographs and electrophoresis instruments,0,0,0,0,0,0,0,0,0,0,0,0,,,,,,,,,,,,,,,0,0,0,0,0,0,0,0,0,0,0,0
'902730,"Spectrometers, spectrophotometers and spectrographs using optical radiations, such as UV, visible, ...",0,0,0,0,0,0,0,0,0,0,0,0,,,,,,,,,,,,,,,0,0,0,0,0,0,0,0,0,0,0,0
'902750,"Instruments and apparatus for physical or chemical analysis, using UV, visible or IR optical ...",0,0,0,0,0,0,0,0,0,0,0,0,,,,,,,,,,,,,,,0,170,200,0,0,0,0,0,175,0,0,0
'902910,"Revolution counters, production counters, taximeters, milometers, pedometers and the like (excl. ...",0,0,0,0,0,0,0,0,0,0,0,0,,,,,,,,,,,,,,,0,1,0,0,0,0,0,0,0,0,6,0
'903032,Multimeters with recording device,0,0,0,0,0,0,0,0,0,0,0,0,,,,,,,,,,,,,,,0,0,0,0,0,0,0,0,0,0,0,0
'903149,"Optical instruments, appliances and machines for measuring or checking, not elsewhere specified ...",0,0,0,0,0,0,0,0,0,0,0,0,,,,,,,,,,,,,,,224,732,365,219,382,252,128,293,298,0,445,179
'903190,"Parts and accessories for instruments, appliances and machines for measuring and checking, ...",0,0,0,0,0,0,0,0,0,0,0,0,,,,,,,,,,,,,,,278,284,143,197,83,67,71,171,270,168,247,233
'903210,Thermostats,0,0,0,0,0,0,0,0,0,0,0,0,,,,,,,,,,,,,,,354,304,292,369,395,390,324,229,532,3,394,207
'903220,"Manostats (excl. taps, cocks and valves of heading 8481)",0,0,0,0,0,0,0,0,0,0,0,0,,,,,,,,,,,,,,,4,7,4,16,14,3,4,5,7,7,0,4
'910221,"Wrist-watches, whether or not incorporating a stop-watch facility, with automatic winding (excl. ...",0,0,0,0,0,0,0,0,0,0,0,0,,,,,,,,,,,,,,,0,0,0,0,0,0,0,0,0,0,0,0
'910291,"Pocket-watches and the like, incl. stop-watches, electrically operated (excl. of precious metal ...",0,0,0,0,0,0,0,0,0,0,0,0,,,,,,,,,,,,,,,0,0,0,0,0,0,0,0,0,0,0,0
'910310,"Clocks with watch movements, electrically operated (excl. wrist-watches, pocket-watches and ...",0,0,0,0,0,0,0,0,0,0,0,0,,,,,,,,,,,,,,,0,0,0,0,0,0,0,0,0,0,0,0
'910519,Alarm clocks (excl. electrically operated),0,0,0,0,0,0,0,0,0,0,0,0,,,,,,,,,,,,,,,0,0,0,0,0,0,0,0,0,0,0,0
'910700,Time switches with clock or watch movement or with synchronous motor,0,0,0,0,0,0,0,0,0,0,0,0,,,,,,,,,,,,,,,15,34,4,0,0,0,0,12,0,20,0,0
'910990,"Clock movements, complete and assembled (excl. electrically operated and watch movements)",0,0,0,0,0,0,0,0,0,0,0,0,,,,,,,,,,,,,,,0,0,0,0,0,0,0,0,0,0,0,0
'911180,"Cases for wrist-watches, pocket-watches and other watches of heading 9101 or 9102, of materials ...",0,0,0,0,0,0,0,0,0,0,0,0,,,,,,,,,,,,,,,0,0,0,0,0,0,0,0,0,0,0,0
'920210,Violins and other string instruments,0,0,0,0,0,0,0,0,0,0,0,0,,,,,,,,,,,,,,,0,0,0,0,0,0,0,0,0,0,0,0
'920600,"Percussion musical instruments, e.g. drums, xylophones, cymbals, castanets, maracas",0,0,0,0,0,0,0,0,0,0,0,0,,,,,,,,,,,,,,,0,0,0,0,0,0,0,0,0,0,0,0
'920992,"Parts and accessories for string musical instruments without keyboards, n.e.s. (excl. strings ...",0,0,0,0,0,0,0,0,0,0,0,0,,,,,,,,,,,,,,,0,0,0,0,0,0,0,0,0,0,0,0
'930310,"Muzzle-loading firearms, neither designed nor suitable for projecting cartridges",0,0,0,0,0,0,0,0,0,0,0,0,,,,,,,,,,,,,,,0,0,0,0,0,0,0,0,0,0,0,0
'930510,"Parts and accessories for revolvers or pistols, n.e.s.",0,0,0,0,0,0,0,0,0,0,0,0,,,,,,,,,,,,,,,0,0,0,0,0,0,0,0,0,0,0,0
'930700,"Swords, cutlasses, bayonets, lances and similar arms and parts thereof, and scabbards and sheaths ...",0,0,0,0,0,0,0,0,0,0,0,0,,,,,,,,,,,,,,,0,0,0,0,0,0,0,0,0,0,0,0
'940141,"Seats, convertible into beds, of wood (excl. garden seats and camping equipment, and medical, ...",0,0,0,0,0,0,0,0,0,0,0,0,,,,,,,,,,,,,,,0,0,0,0,0,0,0,0,0,0,0,0
'940169,"Seats, with wooden frames (excl. upholstered)",0,0,0,0,0,0,0,0,0,0,0,0,,,,,,,,,,,,,,,0,7,74,2,4,37,0,23,14,39,18,4
'940360,"Wooden furniture (excl. for offices, kitchens and bedrooms, and seats)",0,0,0,0,0,0,0,0,0,0,0,0,,,,,,,,,,,,,,,65,48,433,111,195,261,84,313,135,139,36,31
'940399,"Parts of furniture, not of wood, n.e.s. (excl. of seats or medical, surgical, dental or veterinary ...",0,0,0,0,0,0,0,0,0,0,0,0,,,,,,,,,,,,,,,37,46,0,64,1,55,52,182,26,44,30,9
'940511,"Chandeliers and other electric ceiling or wall lighting fittings, solely for light-emitting ...",0,0,0,0,0,0,0,0,0,0,0,0,,,,,,,,,,,,,,,150,115,72,442,134,98,137,184,116,137,210,16
'940529,"Electric table, desk, bedside or floor-standing luminaires (excl. those solely for light-emitting ...",0,0,0,0,0,0,0,0,0,0,0,0,,,,,,,,,,,,,,,0,5,2,2,3,1,8,7,0,0,0,0
'940550,"Non-electrical luminaires and lighting fittings, n.e.s.",0,0,0,0,0,0,0,0,0,0,0,0,,,,,,,,,,,,,,,0,3,0,0,0,0,3,0,0,0,0,0
'940599,"Parts of lamps and lighting fittings, illuminated signs and nameplates and the like, n.e.s.",0,0,0,0,0,0,0,0,0,0,0,0,,,,,,,,,,,,,,,7,215,408,404,480,144,174,336,92,20,1,26
'950450,Video game consoles and machines (excl. operated by any means of payment),0,0,0,0,0,0,0,0,0,0,0,0,,,,,,,,,,,,,,,0,0,0,0,0,0,0,0,0,0,0,0
'950629,"Water-skis, surfboards and other water-sport equipment (other than sailboards)",0,0,0,0,0,0,0,0,0,0,0,0,,,,,,,,,,,,,,,0,0,0,0,0,0,0,0,0,0,0,0
'950640,Articles and equipment for table-tennis,0,0,0,0,0,0,0,0,0,0,0,0,,,,,,,,,,,,,,,0,0,0,0,0,0,0,0,0,0,0,0
'950651,"Tennis rackets, whether or not strung (excl. table-tennis bats)",0,0,0,0,0,0,0,0,0,0,0,0,,,,,,,,,,,,,,,0,0,0,0,0,0,0,0,0,0,0,0
'950810,Travelling circuses and travelling menageries,0,0,0,0,0,0,0,0,0,0,0,0,,,,,,,,,,,,,,,0,0,0,0,0,0,0,0,0,0,0,0
'950830,Fairground amusements,0,0,0,0,0,0,0,0,0,0,0,0,,,,,,,,,,,,,,,0,0,0,0,0,0,0,0,0,0,0,0
'960190,"Worked bone, tortoiseshell, horn, antlers, coral, mother-of-pearl and other animal carving ...",0,0,0,0,0,0,0,0,0,0,0,0,,,,,,,,,,,,,,,0,0,0,0,0,0,0,0,0,0,0,0
'960719,Slide fasteners (excl. fitted with chain scoops of base metal),0,0,0,0,0,0,0,0,0,0,0,0,,,,,,,,,,,,,,,0,0,0,0,0,0,0,0,0,0,0,0
'960720,Parts of slide fasteners,0,0,0,0,0,0,0,0,0,0,0,0,,,,,,,,,,,,,,,0,0,0,0,0,0,0,0,0,0,0,0
'960850,"Sets of articles from two or more of the following: ball-point pens, felt or fibre-tipped pens ...",0,0,0,0,0,0,0,0,0,0,0,0,,,,,,,,,,,,,,,0,0,0,0,0,0,0,0,0,0,0,0
'960920,"Pencil leads, black or coloured",0,0,0,0,0,0,0,0,0,0,0,0,,,,,,,,,,,,,,,0,0,0,0,0,0,0,0,0,0,0,0
'961320,"Pocket lighters, gas fuelled, refillable",0,0,0,0,0,0,0,0,0,0,0,0,,,,,,,,,,,,,,,0,0,0,0,0,0,0,0,0,0,0,0
'961590,"Hairpins, curling pins, curling grips, hair-curlers and the like, and parts thereof, n.e.s. ...",0,0,0,0,0,0,0,0,0,0,0,0,,,,,,,,,,,,,,,0,0,0,0,0,0,0,0,0,0,0,0
'961700,"Vacuum flasks and other vacuum vessels, and parts thereof (excl. glass inners)",0,0,0,0,0,0,0,0,0,0,0,0,,,,,,,,,,,,,,,10,37,10,0,9,15,21,3,22,33,0,34
'961800,"Tailors' dummies and other lay figures, automata and other animated displays used for shop ...",0,0,0,0,0,0,0,0,0,0,0,0,,,,,,,,,,,,,,,0,0,0,0,0,3,0,0,0,0,0,0
'970191,"Paintings, e.g. oil paintings, watercolours and pastels, and drawings executed entirely by ...",0,0,0,0,0,0,0,0,0,0,0,0,,,,,,,,,,,,,,,77,64,49,356,61,23,40,119,416,174655,188,942
'970290,"Original engravings, prints and lithographs (excl. over 100 years old)",0,0,0,0,0,0,0,0,0,0,0,0,,,,,,,,,,,,,,,0,0,0,0,0,0,0,0,0,0,0,0
'970510,"Collections and collectors’ pieces of archaeological, ethnographic or historical interest",0,0,0,0,0,0,0,0,0,0,0,0,,,,,,,,,,,,,,,0,0,0,0,0,0,0,0,0,0,0,0
'970610,"Antiques, over 250 years old",0,0,0,0,0,0,0,0,0,0,0,0,,,,,,,,,,,,,,,0,0,0,0,0,0,0,0,0,0,0,0
'271091,"Waste oils containing polychlorinated biphenyls [PCBs], polychlorinated terphenyls [PCTs] or ...",0,0,0,0,0,0,0,0,0,0,0,0,,,,,,,,,,,,,,,0,0,0,0,0,0,0,0,0,0,0,0
'271220,"Paraffin wax containing < 0,75% by weight of oil",0,0,0,0,0,0,0,0,0,0,0,0,,,,,,,,,,,,,,,0,0,0,0,0,0,0,0,0,0,0,0
'280512,Calcium,0,0,0,0,0,0,0,0,0,0,0,0,,,,,,,,,,,,,,,0,0,0,0,0,0,0,0,0,0,0,0
'281290,Halides and halide oxides of non-metals (excl. chlorides and chloride oxides),0,0,0,0,0,0,0,0,0,0,0,0,,,,,,,,,,,,,,,0,0,0,0,0,0,0,0,0,0,0,0
'282120,Earth colours containing >= 70% by weight of combined iron evaluated as Fe2O3,0,0,0,0,0,0,0,0,0,0,0,0,,,,,,,,,,,,,,,0,0,0,0,0,0,0,0,0,0,0,0
'282200,Cobalt oxides and hydroxides; commercial cobalt oxides,0,0,0,0,0,0,0,0,0,0,0,0,,,,,,,,,,,,,,,0,0,0,0,0,0,0,0,0,0,0,0
'282520,Lithium oxide and hydroxide,0,0,0,0,0,0,0,0,0,0,0,0,,,,,,,,,,,,,,,0,0,0,0,0,0,0,0,0,0,0,0
'282580,Antimony oxides,0,0,0,0,0,0,0,0,0,0,0,0,,,,,,,,,,,,,,,0,0,0,0,0,0,0,0,0,0,0,0
'282731,Magnesium chloride,0,0,0,0,0,0,0,0,0,0,0,0,,,,,,,,,,,,,,,0,0,0,0,0,0,0,0,0,0,0,0
'283325,Sulphates of copper,0,0,0,0,0,0,0,0,0,0,0,0,,,,,,,,,,,,,,,0,0,0,0,0,0,0,0,0,0,0,0
'283330,Alums,0,0,0,0,0,0,0,0,0,0,0,0,,,,,,,,,,,,,,,0,0,0,0,0,0,0,0,0,0,0,0
'283429,Nitrates (excl. of potassium and of mercury),0,0,0,0,0,0,0,0,0,0,0,0,,,,,,,,,,,,,,,0,0,0,0,0,0,0,0,0,0,0,0
'283630,"Sodium hydrogencarbonate ""sodium bicarbonate""",0,0,0,0,0,0,0,0,0,0,0,0,,,,,,,,,,,,,,,36,0,0,0,12,0,0,0,0,28,0,11
'283650,Calcium carbonate,0,0,0,0,0,0,0,0,0,0,0,0,,,,,,,,,,,,,,,68,0,42,40,48,24,0,0,50,0,19,0
'284030,"Peroxoborates ""perborates""",0,0,0,0,0,0,0,0,0,0,0,0,,,,,,,,,,,,,,,0,0,0,0,0,0,0,0,0,0,0,0
'284130,Sodium dichromate,0,0,0,0,0,0,0,0,0,0,0,0,,,,,,,,,,,,,,,0,0,0,0,0,0,0,0,0,0,0,0
'284169,"Manganites, manganates and permanganates (excl. potassium permanganate)",0,0,0,0,0,0,0,0,0,0,0,0,,,,,,,,,,,,,,,0,0,0,0,0,0,0,0,0,0,0,0
'284310,Colloidal precious metals,0,0,0,0,0,0,0,0,0,0,0,0,,,,,,,,,,,,,,,0,0,0,0,0,0,0,0,0,0,0,0
'284329,"Silver compounds, inorganic or organic, whether or not chemically defined (excl. of mercury ...",0,0,0,0,0,0,0,0,0,0,0,0,,,,,,,,,,,,,,,0,0,0,0,0,0,0,0,0,0,0,0
'285000,"Hydrides, nitrides, azides, silicides and borides, whether or not chemically defined (excl. ...",0,0,0,0,0,0,0,0,0,0,0,0,,,,,,,,,,,,,,,0,0,0,0,0,0,0,0,0,0,0,0
'285390,"Phosphides, whether or not chemically defined (excl. ferrophosphorus); inorganic compounds, ...",0,0,0,0,0,0,0,0,0,0,0,0,,,,,,,,,,,,,,,0,0,0,0,0,0,0,0,0,0,0,0
'290122,"Propene ""propylene""",0,0,0,0,0,0,0,0,0,0,0,0,,,,,,,,,,,,,,,0,0,0,0,0,0,0,0,0,0,0,0
'290372,Dichlorotrifluoroethanes,0,0,0,0,0,0,0,0,0,0,0,0,,,,,,,,,,,,,,,0,0,0,0,0,0,0,0,0,0,0,0
'290513,"Butan-1-ol ""n-butyl alcohol""",0,0,0,0,0,0,0,0,0,0,0,0,,,,,,,,,,,,,,,0,0,0,0,0,0,0,0,0,0,0,0
'290539,"Diols (excl. ethylene glycol ""ethanediol"" and propylene glycol ""propane-1,2-diol"")",0,0,0,0,0,0,0,0,0,0,0,0,,,,,,,,,,,,,,,0,0,0,0,0,0,0,0,0,0,0,0
'290613,Sterols and inositols,0,0,0,0,0,0,0,0,0,0,0,0,,,,,,,,,,,,,,,0,0,0,0,47,0,0,0,0,0,0,0
'290919,"Acyclic ethers and their halogenated, sulphonated, nitrated or nitrosated derivatives (excl. ...",0,0,0,0,0,0,0,0,0,0,0,0,,,,,,,,,,,,,,,0,0,0,0,0,0,0,0,0,0,0,0
'290944,Monoalkylethers of ethylene glycol or of diethylene glycol (excl. monobutyl ethers),0,0,0,0,0,0,0,0,0,0,0,0,,,,,,,,,,,,,,,0,0,0,0,0,0,0,0,0,0,0,0
'290950,"Ether-phenols, ether-alcohol-phenols and their halogenated, sulphonated, nitrated or nitrosated ...",0,0,0,0,0,0,0,0,0,0,0,0,,,,,,,,,,,,,,,0,0,0,0,1,0,0,0,0,0,0,0
'291010,"Oxirane ""ethylene oxide""",0,0,0,0,0,0,0,0,0,0,0,0,,,,,,,,,,,,,,,0,0,0,0,0,0,0,0,0,0,0,0
'291030,"1-Chloro-2,3-epoxypropane ""epichlorohydrin""",0,0,0,0,0,0,0,0,0,0,0,0,,,,,,,,,,,,,,,0,0,0,0,0,0,0,0,0,0,0,0
'291212,"Ethanal ""acetaldehyde""",0,0,0,0,0,0,0,0,0,0,0,0,,,,,,,,,,,,,,,0,0,0,0,0,0,0,0,0,0,0,0
'291241,"Vanillin ""4-hydroxy-3-methoxybenzaldehyde""",0,0,0,0,0,0,0,0,0,0,0,0,,,,,,,,,,,,,,,0,0,0,0,0,0,0,0,0,0,0,0
'291300,"Halogenated, sulphonated, nitrated or nitrosated derivatives of cyclic polymers of aldehydes ...",0,0,0,0,0,0,0,0,0,0,0,0,,,,,,,,,,,,,,,0,0,0,0,0,0,0,0,0,0,0,0
'291422,Cyclohexanone and methylcyclohexanones,0,0,0,0,0,0,0,0,0,0,0,0,,,,,,,,,,,,,,,0,0,0,0,0,0,0,0,0,0,0,0
'291429,"Cyclanic, cyclenic or cycloterpenic ketones, without other oxygen function (excl. cyclohexanone, ...",0,0,0,0,0,0,0,0,0,0,0,0,,,,,,,,,,,,,,,0,0,0,7,314,305,113,0,53,38,0,14
'291560,"Butanoic acids, pentanoic acids, their salts and esters",0,0,0,0,0,0,0,0,0,0,0,0,,,,,,,,,,,,,,,0,0,0,0,0,0,0,0,6,0,5,0
'291570,"Palmitic acid, stearic acid, their salts and esters",0,0,0,0,0,0,0,0,0,0,0,0,,,,,,,,,,,,,,,0,0,0,89,17,0,0,15,0,0,0,0
'291614,Esters of methacrylic acid,0,0,0,0,0,0,0,0,0,0,0,0,,,,,,,,,,,,,,,0,0,0,0,0,0,0,0,0,0,0,0
'291631,"Benzoic acid, its salts and esters (excl. inorganic or organic compounds of mercury)",0,0,0,0,0,0,0,0,0,0,0,0,,,,,,,,,,,,,,,0,0,0,0,0,22,0,16,0,0,0,0
'291719,"Acyclic polycarboxylic acids, their anhydrides, halides, peroxides, peroxyacids and their halogenated, ...",0,0,0,0,0,0,0,0,0,0,0,0,,,,,,,,,,,,,,,0,0,0,0,0,0,0,0,0,0,0,0
'291739,"Aromatic polycarboxylic acids, their anhydrides, halides, peroxides, peroxyacids and their ...",0,0,0,0,0,0,0,0,0,0,0,0,,,,,,,,,,,,,,,0,0,0,0,0,0,0,0,0,0,0,0
'291815,Salts and esters of citric acid (excl. inorganic or organic compounds of mercury),0,0,0,0,0,0,0,0,0,0,0,0,,,,,,,,,,,,,,,185,139,163,288,93,206,0,239,76,158,88,76
'291822,"o-Acetylsalicylic acid, its salts and esters",0,0,0,0,0,0,0,0,0,0,0,0,,,,,,,,,,,,,,,0,0,0,0,0,0,0,0,0,0,0,0
'292141,Aniline and its salts (excl. inorganic or organic compounds of mercury),0,0,0,0,0,0,0,0,0,0,0,0,,,,,,,,,,,,,,,0,0,0,0,0,0,0,0,0,0,0,0
'292146,"Amfetamine ""INN"", benzfetamine ""INN"", dexamfetamine ""INN"", etilamfetamine ""INN"", fencamfamine ...",0,0,0,0,0,0,0,0,0,0,0,0,,,,,,,,,,,,,,,0,0,0,0,0,0,0,0,0,0,0,0
'292215,Triethanolamine,0,0,0,0,0,0,0,0,0,0,0,0,,,,,,,,,,,,,,,0,0,0,0,0,0,0,0,0,0,0,0
'292231,"Amfepramone ""INN"", methadone ""INN"" and normethadone ""INN"", and salts thereof",0,0,0,0,0,0,0,0,0,0,0,0,,,,,,,,,,,,,,,0,0,0,0,0,0,0,0,0,0,0,0
'293214,Sucralose,0,0,0,0,0,0,0,0,0,0,0,0,,,,,,,,,,,,,,,0,0,0,0,0,0,0,0,0,0,0,0
'293299,Heterocyclic compounds with oxygen hetero-atom[s] only (excl. compounds containing unfused ...,0,0,0,0,0,0,0,0,0,0,0,0,,,,,,,,,,,,,,,0,0,8,89,20,150,16,7,21,46,201,438
'293319,"Heterocyclic compounds with nitrogen hetero-atom[s] only, containing an unfused pyrazole ring, ...",0,0,0,0,0,0,0,0,0,0,0,0,,,,,,,,,,,,,,,0,0,0,0,0,0,0,0,0,0,0,0
'293371,"6-Hexanelactam ""epsilon-caprolactam""",0,0,0,0,0,0,0,0,0,0,0,0,,,,,,,,,,,,,,,0,0,0,0,0,0,0,0,0,0,0,0
'293399,Heterocyclic compounds with nitrogen hetero-atom[s] only (excl. those containing an unfused ...,0,0,0,0,0,0,0,0,0,0,0,0,,,,,,,,,,,,,,,0,33,258,116,29,337,23,232,438,0,27,0
'293625,"Vitamin B6 and its derivatives, used primarily as vitamins",0,0,0,0,0,0,0,0,0,0,0,0,,,,,,,,,,,,,,,0,0,0,0,0,0,0,0,0,0,0,0
'293690,"Provitamins and mixtures of vitamins, of provitamins or of concentrates, whether or not in ...",0,0,0,0,0,0,0,0,0,0,0,0,,,,,,,,,,,,,,,0,83,30,0,0,66,89,0,0,46,42,0
'293721,"Cortisone, hydrocortisone, prednisone ""dehydrocortisone"" and prednisolone ""dehydrohydrocortisone""",0,0,0,0,0,0,0,0,0,0,0,0,,,,,,,,,,,,,,,0,0,0,0,0,0,0,0,0,0,0,0
'293919,"Alkaloids of opium and their derivatives, and salts thereof (excl. concentrates of poppy straw; ...",0,0,0,0,0,0,0,0,0,0,0,0,,,,,,,,,,,,,,,0,0,0,0,0,0,0,0,0,0,0,0
'300213,"Immunological products, unmixed, not put up in measured doses or in forms or packings for retail ...",0,0,0,0,0,0,0,0,0,0,0,0,,,,,,,,,,,,,,,0,0,0,0,0,0,0,0,0,0,0,0
'300249,"Toxins, cultures of micro-organisms and similar products, e.g. plasmodia (excl. yeasts and ...",0,0,0,0,0,0,0,0,0,0,0,0,,,,,,,,,,,,,,,4570,5487,4557,6548,6550,4660,5971,1410,2661,2220,414,201
'300693,"Placebos and blinded or double-blinded clinical trial kits for a recognised clinical trial, ...",0,0,0,0,0,0,0,0,0,0,0,0,,,,,,,,,,,,,,,0,0,0,0,0,0,0,0,0,0,0,0
'310319,"Superphosphates (excl. such products containing by weight => 35 % of diphosphorus pentaoxide, ...",0,0,0,0,0,0,0,0,0,0,0,0,,,,,,,,,,,,,,,0,0,0,0,0,0,0,0,0,0,0,0
'310490,"Carnallite, sylvite and other crude natural potassium salts, potassium magnesium sulphate and ...",0,0,0,0,0,0,0,0,0,0,0,0,,,,,,,,,,,,,,,0,0,0,0,0,0,0,0,0,0,0,0
'320110,Quebracho extract,0,0,0,0,0,0,0,0,0,0,0,0,,,,,,,,,,,,,,,5617,6082,4375,4330,4604,6018,7771,5128,5014,0,6565,0
'320190,Tanning extracts of vegetable origin (excl. quebracho extract and wattle extract); tannins ...,0,0,0,0,0,0,0,0,0,0,0,0,,,,,,,,,,,,,,,0,0,0,0,0,0,0,0,0,0,0,0
'320210,Synthetic organic tanning substances,0,0,0,0,0,0,0,0,0,0,0,0,,,,,,,,,,,,,,,113,160,40,0,15,66,93,178,153,97,80,375
'320419,Synthetic organic colouring matter and preparations of the kind used for colouring any materials ...,0,0,0,0,0,0,0,0,0,0,0,0,,,,,,,,,,,,,,,189,107,15,87,180,110,115,1,90,43,102,61
'320420,"Synthetic organic products of a kind used as fluorescent brightening agents, whether or not ...",0,0,0,0,0,0,0,0,0,0,0,0,,,,,,,,,,,,,,,0,0,0,0,0,0,0,0,0,0,0,0
'320720,"Vitrifiable enamels and glazes, engobes ""slips"" and similar preparations of the kind used in ...",0,0,0,0,0,0,0,0,0,0,0,0,,,,,,,,,,,,,,,0,0,0,0,0,0,0,0,0,0,0,0
'320730,"Liquid lustres and similar preparations of the kind used in the ceramic, enamelling or glass ...",0,0,0,0,0,0,0,0,0,0,0,0,,,,,,,,,,,,,,,0,0,0,0,0,0,0,0,0,0,0,0
'330112,"Oils of sweet and bitter orange, whether or not terpeneless, incl. concretes and absolutes ...",0,0,0,0,0,0,0,0,0,0,0,0,,,,,,,,,,,,,,,824,633,157,1134,468,856,533,165,10430,1978,125,896
'330119,"Essential oils of citrus fruit, whether or not terpeneless, incl. concretes and absolutes (excl. ...",0,0,0,0,0,0,0,0,0,0,0,0,,,,,,,,,,,,,,,375,100,72,65,129,0,479,72,1490,1538,34,0
'330210,"Mixtures of odoriferous substances and mixtures, incl. alcoholic solutions, with a basis of ...",0,0,0,0,0,0,0,0,0,0,0,0,,,,,,,,,,,,,,,4809,5862,5846,6618,5922,6181,5911,7020,6710,4798,5546,5706
'340119,"Soap and organic surface-active products and preparations, in the form of bars, cakes, moulded ...",0,0,0,0,0,0,0,0,0,0,0,0,,,,,,,,,,,,,,,312,0,0,303,0,132,183,62,51,0,0,102
'340241,"Cationic organic surface-active agents, whether or not put up for retail sale",0,0,0,0,0,0,0,0,0,0,0,0,,,,,,,,,,,,,,,0,0,0,0,42,0,202,0,41,58,0,178
'340311,Textile lubricant preparations and preparations of a kind used for the oil or grease treatment ...,0,0,0,0,0,0,0,0,0,0,0,0,,,,,,,,,,,,,,,0,31,0,0,21,0,0,0,0,0,0,0
'340530,"Polishes and similar preparations for coachwork, whether or not in the form of paper, wadding, ...",0,0,0,0,0,0,0,0,0,0,0,0,,,,,,,,,,,,,,,31,12,0,97,45,26,18,40,4,45,10,0
'340600,"Candles, tapers and the like",0,0,0,0,0,0,0,0,0,0,0,0,,,,,,,,,,,,,,,0,63,4,42,49,0,62,95,9,0,32,0
'350300,"Gelatin, whether or not in square or rectangular sheets, whether or not surface-worked or coloured, ...",0,0,0,0,0,0,0,0,0,0,0,0,,,,,,,,,,,,,,,0,0,0,0,4742,0,0,0,0,0,0,0
'350520,"Glues based on starches, dextrins or other modified starches (excl. those put up for retail ...",0,0,0,0,0,0,0,0,0,0,0,0,,,,,,,,,,,,,,,0,0,0,0,0,0,0,0,0,0,0,0
'360490,"Signalling flares, rain rockets, fog signals and other pyrotechnic articles (excl. fireworks ...",0,0,0,0,0,0,0,0,0,0,0,0,,,,,,,,,,,,,,,0,0,0,0,0,0,0,0,0,0,0,0
'370500,"Photographic plates and film, exposed and developed (excl. products made of paper, paperboard ...",0,0,0,0,0,0,0,0,0,0,0,0,,,,,,,,,,,,,,,0,0,0,0,0,0,0,0,0,0,0,0
'380400,"Residual lyes from the manufacture of wood pulp, whether or not concentrated, desugared or ...",0,0,0,0,0,0,0,0,0,0,0,0,,,,,,,,,,,,,,,0,0,0,0,0,0,0,0,0,0,0,0
'381010,"Pickling preparations for metal surfaces; soldering, brazing or welding pastes and powders ...",0,0,0,0,0,0,0,0,0,0,0,0,,,,,,,,,,,,,,,28,0,76,0,91,0,52,0,0,0,0,85
'381220,"Compound plasticisers for rubber or plastics, n.e.s.",0,0,0,0,0,0,0,0,0,0,0,0,,,,,,,,,,,,,,,2254,2382,2480,2167,2573,2485,2801,1978,2523,1752,2644,3400
'381512,"Supported catalysts with precious metal or a precious-metal compound as the active substance, ...",0,0,0,0,0,0,0,0,0,0,0,0,,,,,,,,,,,,,,,0,0,0,0,0,0,0,0,0,0,0,0
'381600,"Refractory cements, mortars, concretes and similar compositions, incl. dolomite ramming mix ...",0,0,0,0,0,0,0,0,0,0,0,0,,,,,,,,,,,,,,,16,0,108,508,691,328,136,55,84,86,190,177
'382312,"Oleic acid, industrial",0,0,0,0,0,0,0,0,0,0,0,0,,,,,,,,,,,,,,,585,0,0,635,0,0,0,0,0,272,0,0
'382762,"Mixtures containing other hydrofluorocarbons ""HFCs"" than in subheadings of 3827 till 3827.59, ...",0,0,0,0,0,0,0,0,0,0,0,0,,,,,,,,,,,,,,,0,0,0,0,0,0,0,0,0,0,0,0
'382765,"Mixtures containing other hydrofluorocarbons ""HFCs"" than in subheadings of 3827 till 3827.59, ...",0,0,0,0,0,0,0,0,0,0,0,0,,,,,,,,,,,,,,,0,0,0,0,0,0,0,0,0,0,0,0
'390110,"Polyethylene with a specific gravity of < 0,94, in primary forms",0,0,0,0,0,0,0,0,0,0,0,0,,,,,,,,,,,,,,,6085,5854,5968,7148,6102,9174,9479,8,8251,0,5764,13626
'390230,"Propylene copolymers, in primary forms",0,0,0,0,0,0,0,0,0,0,0,0,,,,,,,,,,,,,,,0,478,68,0,416,1572,0,1094,0,1208,972,1403
'390319,"Polystyrene, in primary forms (excl. expansible)",0,0,0,0,0,0,0,0,0,0,0,0,,,,,,,,,,,,,,,0,0,0,0,0,0,0,0,0,0,0,0
'390469,"Fluoropolymers of vinyl chloride or of other halogenated olefins, in primary forms (excl. ...",0,0,0,0,0,0,0,0,0,0,0,0,,,,,,,,,,,,,,,0,0,0,0,0,0,0,0,0,0,0,0
'390490,"Polymers of vinyl chloride or other halogenated olefins, in primary forms (excl. poly""vinyl ...",0,0,0,0,0,0,0,0,0,0,0,0,,,,,,,,,,,,,,,0,0,0,0,0,0,0,0,0,0,0,0
'390512,"Poly""vinyl acetate"", in aqueous dispersion",0,0,0,0,0,0,0,0,0,0,0,0,,,,,,,,,,,,,,,0,0,0,0,0,0,0,0,0,0,0,0
'390591,"Copolymers of vinyl, in primary forms (excl. vinyl chloride-vinyl acetate copolymers and other ...",0,0,0,0,0,0,0,0,0,0,0,0,,,,,,,,,,,,,,,0,0,0,0,0,0,0,0,0,0,0,0
'390740,"Polycarbonates, in primary forms",0,0,0,0,0,0,0,0,0,0,0,0,,,,,,,,,,,,,,,0,0,0,0,0,0,0,0,0,0,0,0
'390761,"Poly""ethylene terephthalate"", in primary forms, having a viscosity number of >= 78 ml/g",0,0,0,0,0,0,0,0,0,0,0,0,,,,,,,,,,,,,,,0,0,1345,0,0,0,0,0,0,0,0,0
'391000,Silicones in primary forms,0,0,0,0,0,0,0,0,0,0,0,0,,,,,,,,,,,,,,,0,44,18,31,12,103,11,24,43,33,58,157
'391110,"Petroleum resins, coumarone, indene or coumarone-indene resins and polyterpenes, in primary ...",0,0,0,0,0,0,0,0,0,0,0,0,,,,,,,,,,,,,,,0,0,0,0,0,0,0,0,0,0,0,0
'391390,"Natural polymers and modified natural polymers, e.g. hardened proteins, chemical derivatives ...",0,0,0,0,0,0,0,0,0,0,0,0,,,,,,,,,,,,,,,0,1938,35,2272,1957,2173,109,107,0,2073,0,0
'391990,"Self-adhesive plates, sheets, film, foil, tape, strip and other flat shapes, of plastics, whether ...",0,0,0,0,0,0,0,0,0,0,0,0,,,,,,,,,,,,,,,326,211,322,597,308,386,439,364,321,158,771,830
'392079,"Plates, sheets, film, foil and strip, of non-cellular cellulose derivatives, not reinforced, ...",0,0,0,0,0,0,0,0,0,0,0,0,,,,,,,,,,,,,,,0,0,0,0,0,0,0,0,0,0,0,0
'392112,"Plates, sheets, film, foil and strip, of cellular polymers of vinyl chloride, unworked or merely ...",0,0,0,0,0,0,0,0,0,0,0,0,,,,,,,,,,,,,,,0,0,11,0,0,0,0,0,0,0,0,0
'392329,"Sacks and bags, incl. cones, of plastics (excl. those of polymers of ethylene)",0,0,0,0,0,0,0,0,0,0,0,0,,,,,,,,,,,,,,,376,777,591,698,968,531,335,864,512,90,598,236
'392590,"Building elements for the manufacture of floors, walls, partition walls, ceilings, roofs, etc., ...",0,0,0,0,0,0,0,0,0,0,0,0,,,,,,,,,,,,,,,337,271,304,442,343,327,470,384,419,372,293,392
'392620,Articles of apparel and clothing accessories produced by the stitching or sticking together ...,0,0,0,0,0,0,0,0,0,0,0,0,,,,,,,,,,,,,,,6,3,8,10,8,9,7,8,9,8,1,8
'392630,"Fittings for furniture, coachwork and the like, of plastics (excl. building components for ...",0,0,0,0,0,0,0,0,0,0,0,0,,,,,,,,,,,,,,,29,66,33,52,53,68,70,45,67,40,32,62
'392690,"Articles of plastics and articles of other materials of heading 3901 to 3914, n.e.s (excl. ...",0,0,0,0,0,0,0,0,0,0,0,0,,,,,,,,,,,,,,,1529,1928,1671,1752,1295,1430,1553,1763,1720,1108,1252,1369
'400122,"Technically specified natural rubber ""TSNR""",0,0,0,0,0,0,0,0,0,0,0,0,,,,,,,,,,,,,,,0,0,0,0,0,0,0,0,0,0,0,0
'400219,"Styrene-butadiene rubber ""SBR""; carboxylated styrene-butadiene rubber ""XSBR"", in primary forms ...",0,0,0,0,0,0,0,0,0,0,0,0,,,,,,,,,,,,,,,0,0,0,0,0,0,0,0,0,0,0,0
'400231,"Isobutylene isoprene rubber ""IIR"", in primary forms or in plates, sheets or strip",0,0,0,0,0,0,0,0,0,0,0,0,,,,,,,,,,,,,,,0,0,0,0,0,0,0,0,0,0,0,0
'400251,"Latex of acrylonitrile-butadiene rubber ""NBR""",0,0,0,0,0,0,0,0,0,0,0,0,,,,,,,,,,,,,,,0,0,0,0,0,0,0,0,0,0,0,0
'400291,"Synthetic rubber and factice derived from oils, in primary forms or in plates, sheets or strip ...",0,0,0,0,0,0,0,0,0,0,0,0,,,,,,,,,,,,,,,0,0,0,0,0,0,0,0,0,0,0,0
'400591,"Compounded rubber, unvulcanised, in the form of plates, sheets or strip (excl. rubber compounded ...",0,0,0,0,0,0,0,0,0,0,0,0,,,,,,,,,,,,,,,109,0,168,138,103,188,210,171,0,0,67,0
'400610,"'Camel-back' strips of unvulcanised rubber, for retreading rubber tyres",0,0,0,0,0,0,0,0,0,0,0,0,,,,,,,,,,,,,,,0,0,0,0,0,0,0,0,0,0,0,0
'400821,"Plates, sheets and strip, of non-cellular rubber",0,0,0,0,0,0,0,0,0,0,0,0,,,,,,,,,,,,,,,0,0,0,0,0,0,0,0,0,28,0,0
'401012,"Conveyor belts or belting, of vulcanised rubber, reinforced only with textile materials",0,0,0,0,0,0,0,0,0,0,0,0,,,,,,,,,,,,,,,3,0,0,0,0,25,0,0,0,0,0,0
'401033,"Endless transmission belts of trapezoidal cross-section ""V-belts"", of vulcanised rubber, V-ribbed, ...",0,0,0,0,0,0,0,0,0,0,0,0,,,,,,,,,,,,,,,215,0,0,0,0,0,159,0,0,0,0,111
'401170,"New pneumatic tyres, of rubber, of a kind used on agricultural or forestry vehicles and machines",0,0,0,0,0,0,0,0,0,0,0,0,,,,,,,,,,,,,,,306,177,216,0,112,36,14,81,41,0,0,0
'401190,"New pneumatic tyres, of rubber (excl. of a kind used on agricultural, forestry, construction, ...",0,0,0,0,0,0,0,0,0,0,0,0,,,,,,,,,,,,,,,0,142,0,0,0,0,0,0,0,0,0,0
'401320,"Inner tubes, of rubber, of a kind used for bicycles",0,0,0,0,0,0,0,0,0,0,0,0,,,,,,,,,,,,,,,0,0,0,0,0,0,0,0,0,0,0,0
'401390,"Inner tubes, of rubber (excl. those of a kind used on motor cars, incl. station wagons and ...",0,0,0,0,0,0,0,0,0,0,0,0,,,,,,,,,,,,,,,0,0,0,0,0,0,0,0,0,0,0,0
'401695,"Inflatable mattresses and cushions and other inflatable articles, of vulcanised rubber (excl. ...",0,0,0,0,0,0,0,0,0,0,0,0,,,,,,,,,,,,,,,0,0,0,0,0,0,0,0,0,0,0,0
'410799,"Leather ""incl. parchment-dressed leather"" of the portions, strips or sheets of hides and skins ...",0,0,0,0,0,0,0,0,0,0,0,0,,,,,,,,,,,,,,,64,71,56,37,0,0,60,0,116,0,47,165
'411420,Patent leather and patent laminated leather; metallised leather (excl. lacquered or metallised ...,0,0,0,0,0,0,0,0,0,0,0,0,,,,,,,,,,,,,,,0,0,0,0,0,0,0,0,0,0,0,0
'420500,Articles of leather or composition leather (excl. saddlery and harness bags; cases and similar ...,0,0,0,0,0,0,0,0,0,0,0,0,,,,,,,,,,,,,,,108,132,169,147,148,228,268,301,161,249,216,92
'420600,"Articles of gut, goldbeater's skin, bladders or tendons (excl. silkworm gut, sterile catgut, ...",0,0,0,0,0,0,0,0,0,0,0,0,,,,,,,,,,,,,,,0,0,0,0,0,0,0,0,0,0,0,0
'440121,Coniferous wood in chips or particles (excl. those of a kind used principally for dyeing or ...,0,0,0,0,0,0,0,0,0,0,0,0,,,,,,,,,,,,,,,0,0,0,0,0,0,0,0,0,0,0,0
'440131,Wood pellets,0,0,0,0,0,0,0,0,0,0,0,0,,,,,,,,,,,,,,,77,262,241,261,409,1051,935,609,1484,1055,535,1026
'440729,"Tropical wood, sawn or chipped lengthwise, sliced or peeled, whether or not planed, sanded ...",0,0,0,0,0,0,0,0,0,0,0,0,,,,,,,,,,,,,,,0,0,0,0,0,0,0,0,0,0,0,0
'440791,"Oak ""Quercus spp."", sawn or chipped lengthwise, sliced or peeled, whether or not planed, sanded ...",0,0,0,0,0,0,0,0,0,0,0,0,,,,,,,,,,,,,,,0,0,0,0,0,0,0,0,0,0,0,0
'440799,"Wood, sawn or chipped lengthwise, sliced or peeled, whether or not planed, sanded or end-jointed, ...",0,0,0,0,0,0,0,0,0,0,0,0,,,,,,,,,,,,,,,212,187,173,298,200,247,168,235,397,307,403,362
'440890,"Sheets for veneering, incl. those obtained by slicing laminated wood, for plywood or for other ...",0,0,0,0,0,0,0,0,0,0,0,0,,,,,,,,,,,,,,,41,25,23,33,33,51,34,19,26,0,37,27
'440910,"Coniferous wood, incl. strips and friezes for parquet flooring, not assembled, continuously ...",0,0,0,0,0,0,0,0,0,0,0,0,,,,,,,,,,,,,,,3643,2838,4065,3439,3393,4072,3072,2251,4404,3793,3203,3911
'440929,"Wood, incl. strips and friezes for parquet flooring, not assembled, continuously shaped ""tongued, ...",0,0,0,0,0,0,0,0,0,0,0,0,,,,,,,,,,,,,,,0,68,0,0,0,0,0,0,28,0,0,0
'441012,"Oriented strand board ""OSB"", of wood",0,0,0,0,0,0,0,0,0,0,0,0,,,,,,,,,,,,,,,0,0,0,0,0,0,0,0,0,0,0,0
'441292,"Laminated wood with at least one outer ply of non-coniferous wood (excl. of bamboo, with an ...",0,0,0,0,0,0,0,0,0,0,0,0,,,,,,,,,,,,,,,0,0,0,0,0,0,0,0,0,0,0,0
'441874,"Flooring panels for mosaic floors, assembled, of wood other than bamboo",0,0,0,0,0,0,0,0,0,0,0,0,,,,,,,,,,,,,,,0,0,0,0,0,0,0,0,0,0,0,0
'441899,"Builders' joinery and carpentry, of wood (excl. of bamboo, windows, French windows and their ...",0,0,0,0,0,0,0,0,0,0,0,0,,,,,,,,,,,,,,,376,0,188,345,352,249,181,671,405,354,240,447
'441919,"Tableware and kitchenware, of bamboo (excl. chopsticks, bread boards, chopping boards and similar ...",0,0,0,0,0,0,0,0,0,0,0,0,,,,,,,,,,,,,,,0,0,0,0,0,0,0,0,0,0,0,0
'442011,"Statuettes and other ornaments, of tropical wood (excl. wood marquetry and inlaid wood)",0,0,0,0,0,0,0,0,0,0,0,0,,,,,,,,,,,,,,,0,0,0,0,0,0,0,0,0,0,0,0
'450310,"Corks and stoppers of all types, of natural cork, incl. round-edged blanks",0,0,0,0,0,0,0,0,0,0,0,0,,,,,,,,,,,,,,,0,0,0,0,0,0,0,0,0,0,0,0
'460194,"Plaits and similar products of vegetable plaiting materials, whether or not assembled into ...",0,0,0,0,0,0,0,0,0,0,0,0,,,,,,,,,,,,,,,0,0,0,0,0,0,0,0,0,0,0,0
'460212,"Basketwork, wickerwork and other articles, made directly to shape from rattan plaiting materials ...",0,0,0,0,0,0,0,0,0,0,0,0,,,,,,,,,,,,,,,0,0,0,0,0,0,0,0,0,0,0,0
'460219,"Basketwork, wickerwork and other articles, made directly to shape from vegetable plaiting materials ...",0,0,0,0,0,0,0,0,0,0,0,0,,,,,,,,,,,,,,,0,0,0,0,0,0,0,0,0,0,0,0
'470610,Pulp of cotton linters,0,0,0,0,0,0,0,0,0,0,0,0,,,,,,,,,,,,,,,0,0,0,0,0,0,0,0,0,0,0,0
'470720,"Recovered ""waste and scrap"" paper or paperboard made mainly of bleached chemical pulp, not ...",0,0,0,0,0,0,0,0,0,0,0,0,,,,,,,,,,,,,,,0,0,0,0,0,0,0,0,0,0,0,0
'470730,"Recovered ""waste and scrap"" paper or paperboard made mainly of mechanical pulp, e.g. newspapers, ...",0,0,0,0,0,0,0,0,0,0,0,0,,,,,,,,,,,,,,,0,0,0,0,0,0,0,0,0,0,0,0
'470790,"Recovered ""waste and scrap"" paper or paperboard, incl. unsorted waste and scrap (excl. waste ...",0,0,0,0,0,0,0,0,0,0,0,0,,,,,,,,,,,,,,,0,0,0,0,0,0,0,0,0,0,0,0
'480257,"Uncoated paper and paperboard, of a kind used for writing, printing or other graphic purposes, ...",0,0,0,0,0,0,0,0,0,0,0,0,,,,,,,,,,,,,,,0,392,0,0,0,0,0,0,0,0,0,0
'480439,"Kraft paper and paperboard, uncoated, in rolls of a width > 36 cm or in square or rectangular ...",0,0,0,0,0,0,0,0,0,0,0,0,,,,,,,,,,,,,,,0,0,0,0,0,0,167,0,0,0,0,0
'481490,"Wallpaper and similar wallcoverings of paper, and window transparencies of paper (excl. wallcoverings ...",0,0,0,0,0,0,0,0,0,0,0,0,,,,,,,,,,,,,,,0,0,0,0,0,0,0,0,0,0,0,0
'481820,"Handkerchiefs, cleansing or facial tissues and towels, of paper pulp, paper, cellulose wadding ...",0,0,0,0,0,0,0,0,0,0,0,0,,,,,,,,,,,,,,,151,125,90,76,74,40,41,22,31,57,0,0
'481830,"Tablecloths and serviettes of paper pulp, paper, cellulose wadding or webs of cellulose fibres",0,0,0,0,0,0,0,0,0,0,0,0,,,,,,,,,,,,,,,65,62,25,95,55,40,37,85,41,75,20,34
'482010,"Registers, account books, notebooks, order books, receipt books, letter pads, memorandum pads, ...",0,0,0,0,0,0,0,0,0,0,0,0,,,,,,,,,,,,,,,3,6,4,7,35,21,60,55,15,8,10,2
'482110,"Paper or paperboard labels of all kinds, printed",0,0,0,0,0,0,0,0,0,0,0,0,,,,,,,,,,,,,,,620,590,390,877,676,418,545,320,574,355,331,304
'490191,"Dictionaries and encyclopaedias, and serial instalments thereof",0,0,0,0,0,0,0,0,0,0,0,0,,,,,,,,,,,,,,,2,0,13,9,0,0,4,0,0,0,0,1
'491199,"Printed matter, n.e.s.",0,0,0,0,0,0,0,0,0,0,0,0,,,,,,,,,,,,,,,408,197,99,149,201,220,178,225,219,135,291,58
'500710,Woven fabrics of noil silk,0,0,0,0,0,0,0,0,0,0,0,0,,,,,,,,,,,,,,,0,0,0,0,0,0,0,0,0,0,0,0
'500720,Woven fabrics containing >= 85% silk or schappe by weight,0,0,0,0,0,0,0,0,0,0,0,0,,,,,,,,,,,,,,,0,0,0,0,0,0,0,0,0,0,0,0
'510130,"Carbonised wool, neither carded nor combed",0,0,0,0,0,0,0,0,0,0,0,0,,,,,,,,,,,,,,,0,0,0,0,0,0,0,0,0,0,0,0
'510521,"Wool, combed, in fragments ""open tops""",0,0,0,0,0,0,0,0,0,0,0,0,,,,,,,,,,,,,,,0,0,0,0,0,0,0,0,0,0,0,0
'511119,Woven fabrics containing >= 85% carded wool or carded fine animal hair by weight and weighing ...,0,0,0,0,0,0,0,0,0,0,0,0,,,,,,,,,,,,,,,0,0,0,0,0,0,0,0,0,0,0,0
'511220,"Woven fabrics containing predominantly, but < 85% combed wool or combed fine animal hair by ...",0,0,0,0,0,0,0,0,0,0,0,0,,,,,,,,,,,,,,,0,0,0,0,0,0,0,0,0,0,0,0
'520420,"Cotton sewing thread, put up for retail sale",0,0,0,0,0,0,0,0,0,0,0,0,,,,,,,,,,,,,,,0,0,0,0,0,0,0,0,0,0,0,0
'520531,"Multiple ""folded"" or cabled cotton yarn, of uncombed fibres, containing >= 85% cotton by weight ...",0,0,0,0,0,0,0,0,0,0,0,0,,,,,,,,,,,,,,,0,0,0,0,0,0,0,0,0,0,0,0
'520542,"Multiple ""folded"" or cabled cotton yarn, of combed fibres, containing >= 85% cotton by weight ...",0,0,0,0,0,0,0,0,0,0,0,0,,,,,,,,,,,,,,,0,0,0,0,0,0,0,0,0,0,0,0
'520631,"Multiple ""folded"" or cabled cotton yarn containing predominantly, but < 85% cotton by weight, ...",0,0,0,0,0,0,0,0,0,0,0,0,,,,,,,,,,,,,,,0,0,0,0,0,0,0,0,0,0,0,0
'520710,"Cotton yarn containing >= 85% cotton by weight, put up for retail sale (excl. sewing thread)",0,0,0,0,0,0,0,0,0,0,0,0,,,,,,,,,,,,,,,0,0,0,0,0,0,0,0,0,0,0,0
'520823,"Woven fabrics of cotton, containing >= 85% cotton by weight and weighing <= 200 g/m_, in three-thread ...",0,0,0,0,0,0,0,0,0,0,0,0,,,,,,,,,,,,,,,0,0,0,0,0,0,0,0,0,0,0,0
'520843,"Woven fabrics of cotton, containing >= 85% cotton by weight and weighing <= 200 g/m_, in three-thread ...",0,0,0,0,0,0,0,0,0,0,0,0,,,,,,,,,,,,,,,0,0,0,0,0,0,0,0,0,0,0,0
'520912,"Woven fabrics of cotton, containing >= 85% cotton by weight and weighing > 200 g/m_, in three-thread ...",0,0,0,0,0,0,0,0,0,0,0,0,,,,,,,,,,,,,,,0,0,0,0,0,0,0,0,0,0,0,0
'520919,"Woven fabrics of cotton, containing >= 85% cotton by weight and weighing > 200 g/m_, unbleached ...",0,0,0,0,0,0,0,0,0,0,0,0,,,,,,,,,,,,,,,0,0,0,0,0,0,0,0,0,0,0,0
'520922,"Woven fabrics of cotton, containing >= 85% cotton by weight and weighing > 200 g/m_, in three-thread ...",0,0,0,0,0,0,0,0,0,0,0,0,,,,,,,,,,,,,,,0,0,0,0,0,0,0,0,0,0,0,0
'520932,"Woven fabrics of cotton, containing >= 85% cotton by weight and weighing > 200 g/m_, in three-thread ...",0,0,0,0,0,0,0,0,0,0,0,0,,,,,,,,,,,,,,,0,0,0,0,0,0,0,0,0,0,0,0
'520941,"Plain woven fabrics of cotton, containing >= 85% cotton by weight and weighing > 200 g/m_, ...",0,0,0,0,0,0,0,0,0,0,0,0,,,,,,,,,,,,,,,0,0,0,0,0,0,0,0,0,0,0,0
'520952,"Woven fabrics of cotton, containing >= 85% cotton by weight and weighing > 200 g/m_, in three-thread ...",0,0,0,0,0,0,0,0,0,0,0,0,,,,,,,,,,,,,,,0,0,0,0,0,0,0,0,0,0,0,0
'521031,"Plain woven fabrics of cotton, containing predominantly, but < 85% cotton by weight, mixed ...",0,0,0,0,0,0,0,0,0,0,0,0,,,,,,,,,,,,,,,0,0,0,0,0,0,0,0,0,0,0,0
'521051,"Plain woven fabrics of cotton, containing predominantly, but < 85% cotton by weight, mixed ...",0,0,0,0,0,0,0,0,0,0,0,0,,,,,,,,,,,,,,,0,0,0,0,0,0,0,0,0,0,0,0
'521212,"Woven fabrics of cotton, containing predominantly, but < 85% cotton by weight, other than those ...",0,0,0,0,0,0,0,0,0,0,0,0,,,,,,,,,,,,,,,0,0,0,0,0,0,0,0,0,0,0,0
'530620,"Multiple ""folded"" or cabled flax yarn",0,0,0,0,0,0,0,0,0,0,0,0,,,,,,,,,,,,,,,0,0,0,0,0,0,0,0,0,0,0,0
'531090,"Woven fabrics of jute or of other textile bast fibres of heading 5303, bleached, dyed, made ...",0,0,0,0,0,0,0,0,0,0,0,0,,,,,,,,,,,,,,,0,0,0,0,0,0,0,0,0,0,0,0
'531100,Woven fabrics of other vegetable textile fibres; woven fabrics of paper yarn (excl. those of ...,0,0,0,0,0,0,0,0,0,0,0,0,,,,,,,,,,,,,,,0,0,0,0,0,0,0,0,0,0,0,0
'540232,"Textured filament yarn of nylon or other polyamides, with a linear density of > 50 tex per ...",0,0,0,0,0,0,0,0,0,0,0,0,,,,,,,,,,,,,,,0,0,0,0,0,0,0,0,0,0,0,0
'540234,Textured synthetic filament yarn of polypropylene (excl. sewing thread and yarn put up for ...,0,0,0,0,0,0,0,0,0,0,0,0,,,,,,,,,,,,,,,0,0,0,0,0,0,0,0,0,0,0,0
'540253,"Filament yarn of polypropylene, incl. monofilament of < 67 decitex, single, with a twist of ...",0,0,0,0,0,0,0,0,0,0,0,0,,,,,,,,,,,,,,,0,0,0,0,0,0,0,0,0,0,0,0
'540269,"Multiple ""folded"" or cabled synthetic filament yarn, incl. synthetic monofilament of < 67 decitex ...",0,0,0,0,0,0,0,0,0,0,0,0,,,,,,,,,,,,,,,0,0,0,0,0,0,0,0,0,0,0,0
'540761,"Woven fabrics of yarn containing >= 85% by weight of non-textured polyester filaments, incl. ...",0,0,0,0,0,0,0,0,0,0,0,0,,,,,,,,,,,,,,,0,0,0,0,0,0,0,0,0,0,0,0
'540771,"Woven fabrics of yarn containing >= 85% synthetic filament by weight, incl. monofilament of ...",0,0,0,0,0,0,0,0,0,0,0,0,,,,,,,,,,,,,,,0,0,0,0,0,0,0,0,0,0,0,0
'540772,"Woven fabrics of yarn containing >= 85% synthetic filament by weight, incl. monofilament of ...",0,0,0,0,0,0,0,0,0,0,0,0,,,,,,,,,,,,,,,0,0,0,0,0,0,0,0,0,0,0,0
'540781,"Woven fabrics of yarn containing predominantly, but < 85% synthetic filament by weight, incl. ...",0,0,0,0,0,0,0,0,0,0,0,0,,,,,,,,,,,,,,,0,0,0,0,0,0,0,0,0,0,0,0
'540793,"Woven fabrics of yarn containing predominantly, but < 85% synthetic filament by weight, incl. ...",0,0,0,0,0,0,0,0,0,0,0,0,,,,,,,,,,,,,,,0,0,0,0,0,0,0,0,0,0,0,0
'540824,"Woven fabrics of yarn containing >= 85% artificial filament by weight, incl. monofilament of ...",0,0,0,0,0,0,0,0,0,0,0,0,,,,,,,,,,,,,,,0,0,0,0,0,0,0,0,0,0,0,0
'550330,"Acrylic or modacrylic staple fibres, not carded, combed or otherwise processed for spinning",0,0,0,0,0,0,0,0,0,0,0,0,,,,,,,,,,,,,,,0,0,0,0,0,0,0,0,0,0,0,0
'550820,"Sewing thread of artificial staple fibres, whether or not put up for retail sale",0,0,0,0,0,0,0,0,0,0,0,0,,,,,,,,,,,,,,,0,0,0,0,0,0,0,0,0,0,0,0
'550961,"Yarn containing predominantly, but < 85% acrylic or modacrylic staple fibres by weight, mixed ...",0,0,0,0,0,0,0,0,0,0,0,0,,,,,,,,,,,,,,,0,0,0,0,0,0,0,0,0,0,0,0
'551090,"Yarn containing predominantly, but < 85% artificial staple fibres by weight, other than that ...",0,0,0,0,0,0,0,0,0,0,0,0,,,,,,,,,,,,,,,0,0,0,0,0,0,0,0,0,0,0,0
'551312,"Woven fabrics containing predominantly, but < 85% polyester staple fibres by weight, mixed ...",0,0,0,0,0,0,0,0,0,0,0,0,,,,,,,,,,,,,,,0,0,0,0,0,0,0,0,0,0,0,0
'551421,"Plain woven fabrics containing predominantly, but < 85% polyester staple fibres by weight, ...",0,0,0,0,0,0,0,0,0,0,0,0,,,,,,,,,,,,,,,0,0,0,0,0,0,0,0,0,0,0,0
'551441,"Plain woven fabrics containing predominantly, but < 85% polyester staple fibres by weight, ...",0,0,0,0,0,0,0,0,0,0,0,0,,,,,,,,,,,,,,,0,0,0,0,0,0,0,0,0,0,0,0
'551611,"Woven fabrics containing >= 85% artificial staple fibres by weight, unbleached or bleached",0,0,0,0,0,0,0,0,0,0,0,0,,,,,,,,,,,,,,,0,0,0,0,0,0,0,0,0,0,0,0
'551614,"Woven fabrics containing >= 85% artificial staple fibres by weight, printed",0,0,0,0,0,0,0,0,0,0,0,0,,,,,,,,,,,,,,,0,0,0,0,0,0,0,0,0,0,0,0
'551641,"Woven fabrics containing predominantly, but < 85% artificial staple fibres by weight, mixed ...",0,0,0,0,0,0,0,0,0,0,0,0,,,,,,,,,,,,,,,0,0,0,0,0,0,0,0,0,0,0,0
'560290,"Felt, impregnated, coated, covered or laminated (excl. needleloom felt and stitch-bonded fibre ...",0,0,0,0,0,0,0,0,0,0,0,0,,,,,,,,,,,,,,,0,0,0,0,0,0,0,0,0,0,0,0
'560312,"Nonwovens, whether or not impregnated, coated, covered or laminated, n.e.s., of man-made filaments, ...",0,0,0,0,0,0,0,0,0,0,0,0,,,,,,,,,,,,,,,128,250,195,277,204,319,307,196,164,0,144,220
'560741,"Binder or baler twine, of polyethylene or polypropylene",0,0,0,0,0,0,0,0,0,0,0,0,,,,,,,,,,,,,,,0,0,0,0,0,0,0,0,0,0,0,0
'560890,"Knotted netting of twine, cordage, ropes or cables, by the piece or metre; made-up fishing ...",0,0,0,0,0,0,0,0,0,0,0,0,,,,,,,,,,,,,,,0,0,0,0,0,0,0,0,0,0,0,0
'570250,"Carpets and other textile floor coverings, woven, not tufted or flocked, not of pile construction, ...",0,0,0,0,0,0,0,0,0,0,0,0,,,,,,,,,,,,,,,0,0,0,0,0,0,0,0,0,0,0,0
'570299,"Carpets and other floor coverings, of vegetable textile materials or coarse animal hair, woven, ...",0,0,0,0,0,0,0,0,0,0,0,0,,,,,,,,,,,,,,,0,0,0,0,0,0,0,0,0,0,0,0
'570500,"Carpets and other textile floor coverings, whether or not made up (excl. knotted, woven or ...",0,0,0,0,0,0,0,0,0,0,0,0,,,,,,,,,,,,,,,0,0,0,0,0,0,0,0,0,0,0,0
'580132,"Cut corduroy, of man-made fibres (excl. terry towelling and similar woven terry fabrics, tufted ...",0,0,0,0,0,0,0,0,0,0,0,0,,,,,,,,,,,,,,,0,0,0,0,0,0,0,0,0,0,0,0
'580640,"Narrow fabrics consisting of warp without weft assembled by means of an adhesive ""bolducs"", ...",0,0,0,0,0,0,0,0,0,0,0,0,,,,,,,,,,,,,,,0,0,0,0,0,0,0,0,0,0,0,0
'581099,"Embroidery of materials other than cotton or man-made fibres, on a textile fabric base, in ...",0,0,0,0,0,0,0,0,0,0,0,0,,,,,,,,,,,,,,,0,0,0,0,0,0,0,0,0,0,0,0
'590310,"Textile fabrics impregnated, coated, covered or laminated with poly""vinyl chloride"" (excl. ...",0,0,0,0,0,0,0,0,0,0,0,0,,,,,,,,,,,,,,,0,3,0,0,0,0,0,0,0,0,0,0
'590390,"Textile fabrics impregnated, coated, covered or laminated with plastics other than poly""vinyl ...",0,0,0,0,0,0,0,0,0,0,0,0,,,,,,,,,,,,,,,0,0,0,0,0,83,0,0,63,30,0,40
'590490,"Floor coverings consisting of a coating or covering applied on a textile backing, whether or ...",0,0,0,0,0,0,0,0,0,0,0,0,,,,,,,,,,,,,,,0,0,0,0,0,0,0,0,0,0,0,0
'590700,"Impregnated, coated or covered textile fabrics; painted canvas being theatrical scenery, studio ...",0,0,0,0,0,0,0,0,0,0,0,0,,,,,,,,,,,,,,,0,0,0,0,0,0,0,0,0,0,0,0
'591120,"Bolting cloth, whether or not made up",0,0,0,0,0,0,0,0,0,0,0,0,,,,,,,,,,,,,,,0,0,0,0,0,0,0,25,0,0,0,0
'591131,"Textile fabrics and felts, endless or fitted with linking devices, of a kind used in papermaking ...",0,0,0,0,0,0,0,0,0,0,0,0,,,,,,,,,,,,,,,0,0,0,0,0,0,0,0,0,0,0,0
'600192,"Pile fabrics of man-made fibres, knitted or crocheted (excl. ""long pile"" fabrics)",0,0,0,0,0,0,0,0,0,0,0,0,,,,,,,,,,,,,,,0,0,0,0,0,0,0,0,0,0,0,0
'600330,"Knitted or crocheted fabrics of synthetic fibres, of a width of <= 30 cm (excl. those containing ...",0,0,0,0,0,0,0,0,0,0,0,0,,,,,,,,,,,,,,,0,0,0,0,0,0,0,0,0,0,0,0
'600690,"Fabrics, knitted or crocheted, of a width of > 30 cm (excl. of man-made fibres, cotton, wool ...",0,0,0,0,0,0,0,0,0,0,0,0,,,,,,,,,,,,,,,0,0,0,0,0,0,0,0,0,0,0,0
'610220,"Women's or girls' overcoats, car coats, capes, cloaks, anoraks, incl. ski jackets, windcheaters, ...",0,0,0,0,0,0,0,0,0,0,0,0,,,,,,,,,,,,,,,0,0,4,0,0,0,4,0,7,0,0,14
'610230,"Women's or girls' overcoats, car coats, capes, cloaks, anoraks, incl. ski jackets, windcheaters, ...",0,0,0,0,0,0,0,0,0,0,0,0,,,,,,,,,,,,,,,3,3,3,2,4,4,0,0,0,0,0,0
'610439,"Women's or girls' jackets and blazers of textile materials, knitted or crocheted (excl. of ...",0,0,0,0,0,0,0,0,0,0,0,0,,,,,,,,,,,,,,,0,0,0,0,0,0,0,0,0,0,0,0
'610452,"Women's or girls' skirts and divided skirts of cotton, knitted or crocheted (excl. petticoats)",0,0,0,0,0,0,0,0,0,0,0,0,,,,,,,,,,,,,,,0,0,0,0,0,0,0,0,7,0,0,0
'610719,"Men's or boys' underpants and briefs of other textile materials, knitted or crocheted (excl. ...",0,0,0,0,0,0,0,0,0,0,0,0,,,,,,,,,,,,,,,0,0,0,0,0,0,0,0,0,0,0,0
'610791,"Men's or boys' bathrobes, dressing gowns and similar articles of cotton, knitted or crocheted",0,0,0,0,0,0,0,0,0,0,0,0,,,,,,,,,,,,,,,0,0,0,0,0,0,0,0,0,0,0,0
'610831,"Women's or girls' nightdresses and pyjamas of cotton, knitted or crocheted (excl. T-shirts, ...",0,0,0,0,0,0,0,0,0,0,0,0,,,,,,,,,,,,,,,0,0,0,0,0,0,9,0,1,0,0,0
'610832,"Women's or girls' nightdresses and pyjamas of man-made fibres, knitted or crocheted (excl. ...",0,0,0,0,0,0,0,0,0,0,0,0,,,,,,,,,,,,,,,0,0,0,0,0,0,0,0,1,0,0,0
'610899,"Women's or girls' négligés, bathrobes, dressing gowns, housejackets and similar articles of ...",0,0,0,0,0,0,0,0,0,0,0,0,,,,,,,,,,,,,,,0,0,0,0,0,0,0,0,0,0,0,0
'610990,"T-shirts, singlets and other vests of textile materials, knitted or crocheted (excl. cotton)",0,0,0,0,0,0,0,0,0,0,0,0,,,,,,,,,,,,,,,11,155,135,174,63,175,29,49,143,67,155,40
'611012,"Jerseys, pullovers, cardigans, waistcoats and similar articles, of hair of Kashmir ""cashmere"" ...",0,0,0,0,0,0,0,0,0,0,0,0,,,,,,,,,,,,,,,0,0,0,0,0,0,0,0,0,0,0,0
'611120,"Babies' garments and clothing accessories of cotton, knitted or crocheted (excl. hats)",0,0,0,0,0,0,0,0,0,0,0,0,,,,,,,,,,,,,,,0,41,9,15,27,10,18,16,33,0,0,10
'611211,"Track-suits of cotton, knitted or crocheted",0,0,0,0,0,0,0,0,0,0,0,0,,,,,,,,,,,,,,,0,0,0,0,0,0,0,0,0,0,0,0
'611220,"Ski-suits, knitted or crocheted",0,0,0,0,0,0,0,0,0,0,0,0,,,,,,,,,,,,,,,0,0,0,0,0,0,0,0,0,0,0,0
'611693,"Gloves, mittens and mitts, of synthetic fibres, knitted or crocheted (excl. impregnated, coated, ...",0,0,0,0,0,0,0,0,0,0,0,0,,,,,,,,,,,,,,,0,0,176,0,0,133,376,0,223,0,0,161
'620319,"Men's or boys' suits of textile materials (excl. of wool, fine animal hair or synthetic fibres, ...",0,0,0,0,0,0,0,0,0,0,0,0,,,,,,,,,,,,,,,0,0,0,0,0,0,0,0,0,0,0,0
'620331,"Men's or boys' jackets and blazers of wool or fine animal hair (excl. knitted or crocheted, ...",0,0,0,0,0,0,0,0,0,0,0,0,,,,,,,,,,,,,,,0,0,0,0,0,0,0,0,0,0,0,0
'620333,"Men's or boys' jackets and blazers of synthetic fibres (excl. knitted or crocheted, and wind-jackets ...",0,0,0,0,0,0,0,0,0,0,0,0,,,,,,,,,,,,,,,0,0,0,0,0,0,0,0,0,0,0,0
'620419,"Women's or girls' suits of textile materials (excl. of wool, fine animal hair, cotton or synthetic ...",0,0,0,0,0,0,0,0,0,0,0,0,,,,,,,,,,,,,,,0,0,0,0,0,0,0,0,0,0,0,0
'620439,"Women's or girls' jackets and blazers of textile materials (excl. of wool, fine animal hair, ...",0,0,0,0,0,0,0,0,0,0,0,0,,,,,,,,,,,,,,,0,0,0,0,0,12,8,3,5,0,0,0
'620441,Women's or girls' dresses of wool or fine animal hair (excl. knitted or crocheted and petticoats),0,0,0,0,0,0,0,0,0,0,0,0,,,,,,,,,,,,,,,0,0,0,0,0,0,0,0,0,0,0,0
'620443,Women's or girls' dresses of synthetic fibres (excl. knitted or crocheted and petticoats),0,0,0,0,0,0,0,0,0,0,0,0,,,,,,,,,,,,,,,1,1,0,0,3,7,2,6,3,0,1,4
'620719,Men's or boys' underpants and briefs of textile materials (excl. cotton and knitted or crocheted),0,0,0,0,0,0,0,0,0,0,0,0,,,,,,,,,,,,,,,0,0,0,0,0,0,0,0,0,0,0,0
'620822,"Women's or girls' nightdresses and pyjamas of man-made fibres (excl. knitted or crocheted, ...",0,0,0,0,0,0,0,0,0,0,0,0,,,,,,,,,,,,,,,0,0,0,0,0,0,0,0,0,0,0,0
'620990,Babies' garments and clothing accessories of textile materials (excl. of cotton or synthetic ...,0,0,0,0,0,0,0,0,0,0,0,0,,,,,,,,,,,,,,,0,0,0,0,0,0,0,0,0,0,0,0
'621510,"Ties, bow ties and cravats of silk or silk waste (excl. knitted or crocheted)",0,0,0,0,0,0,0,0,0,0,0,0,,,,,,,,,,,,,,,0,0,0,0,0,0,0,0,0,0,0,0
'621790,"Parts of garments or clothing accessories, of all types of textile materials, n.e.s. (excl. ...",0,0,0,0,0,0,0,0,0,0,0,0,,,,,,,,,,,,,,,0,0,0,0,0,0,0,0,0,0,0,0
'630110,Electric blankets of all types of textile materials,0,0,0,0,0,0,0,0,0,0,0,0,,,,,,,,,,,,,,,0,0,0,0,0,0,0,0,0,0,0,0
'630140,"Blankets and travelling rugs of synthetic fibres (excl. electric, table covers, bedspreads ...",0,0,0,0,0,0,0,0,0,0,0,0,,,,,,,,,,,,,,,0,5,0,1,2,0,0,0,3,0,1,0
'630232,"Bedlinen of man-made fibres (excl. printed, knitted or crocheted)",0,0,0,0,0,0,0,0,0,0,0,0,,,,,,,,,,,,,,,0,0,0,0,0,0,0,0,0,0,0,0
'630239,"Bedlinen of textile materials (excl. of cotton and man-made fibres, printed, knitted or crocheted)",0,0,0,0,0,0,0,0,0,0,0,0,,,,,,,,,,,,,,,0,0,0,0,0,0,0,0,0,0,0,0
'630253,Table linen of man-made fibres (excl. knitted or crocheted),0,0,0,0,0,0,0,0,0,0,0,0,,,,,,,,,,,,,,,0,0,0,0,0,0,0,0,0,0,0,0
'630312,"Curtains, incl. drapes, and interior blinds, curtain or bed valances of synthetic fibres, knitted ...",0,0,0,0,0,0,0,0,0,0,0,0,,,,,,,,,,,,,,,0,0,0,0,0,0,0,0,0,0,0,0
'630411,"Knitted or crocheted bedspreads (excl. bedlinen, quilts and eiderdowns)",0,0,0,0,0,0,0,0,0,0,0,0,,,,,,,,,,,,,,,0,0,0,0,0,0,0,0,0,0,0,0
'630492,"Articles for interior furnishing, of cotton (excl. knitted or crocheted, blankets and travelling ...",0,0,0,0,0,0,0,0,0,0,0,0,,,,,,,,,,,,,,,0,0,0,0,0,0,0,0,0,0,0,0
'630800,"Sets consisting of woven fabric and yarn, whether or not with accessories, for making up into ...",0,0,0,0,0,0,0,0,0,0,0,0,,,,,,,,,,,,,,,0,0,0,0,0,0,0,0,0,0,0,0
'640192,"Waterproof footwear covering the ankle, but not the knee, with outer soles and uppers of rubber ...",0,0,0,0,0,0,0,0,0,0,0,0,,,,,,,,,,,,,,,0,0,0,0,0,0,0,0,0,0,0,0
'640199,"Waterproof footwear covering neither the ankle nor the knee, with outer soles and uppers of ...",0,0,0,0,0,0,0,0,0,0,0,0,,,,,,,,,,,,,,,0,0,0,0,0,0,0,0,0,0,0,0
'640212,"Ski-boots, cross-country ski footwear and snowboard boots, with outer soles and uppers of rubber ...",0,0,0,0,0,0,0,0,0,0,0,0,,,,,,,,,,,,,,,0,0,0,0,0,0,0,0,0,0,0,0
'640219,Sports footwear with outer soles and uppers of rubber or plastics (excl. waterproof footwear ...,0,0,0,0,0,0,0,0,0,0,0,0,,,,,,,,,,,,,,,0,0,0,0,0,0,0,0,0,0,0,0
'640399,"Footwear with outer soles of rubber, plastics or composition leather, with uppers of leather ...",0,0,0,0,0,0,0,0,0,0,0,0,,,,,,,,,,,,,,,513,28,23,110,192,233,122,133,71,347,146,109
'640520,"Footwear with uppers of textile materials (excl. with outer soles of rubber, plastics, leather ...",0,0,0,0,0,0,0,0,0,0,0,0,,,,,,,,,,,,,,,0,0,0,0,0,0,0,15,89,0,0,0
'640590,"Footwear with outer soles of rubber or plastics, with uppers other than rubber, plastics, leather ...",0,0,0,0,0,0,0,0,0,0,0,0,,,,,,,,,,,,,,,0,0,0,0,0,0,0,0,0,0,0,0
'640610,Uppers and parts thereof (excl. stiffeners and general parts made of asbestos),0,0,0,0,0,0,0,0,0,0,0,0,,,,,,,,,,,,,,,0,0,0,0,0,0,0,0,0,0,0,0
'670490,"Wigs, false beards, eyebrows and eyelashes, switches and the like, of animal hair or textile ...",0,0,0,0,0,0,0,0,0,0,0,0,,,,,,,,,,,,,,,0,0,0,0,0,0,0,0,0,0,0,0
'680292,"Calcareous stone, in any form (excl. marble, travertine and alabaster, tiles, cubes and similar ...",0,0,0,0,0,0,0,0,0,0,0,0,,,,,,,,,,,,,,,0,0,0,0,0,0,0,0,0,0,0,0
'680421,"Millstones, grindstones, grinding wheels and the like, without frameworks, for sharpening, ...",0,0,0,0,0,0,0,0,0,0,0,0,,,,,,,,,,,,,,,11,13,4,4,0,17,8,3,0,6,7,7
'681182,"Sheets, panels, paving, tiles and similar articles, of cellulose fibre-cement or the like, ...",0,0,0,0,0,0,0,0,0,0,0,0,,,,,,,,,,,,,,,0,0,0,0,0,0,0,0,0,0,0,0
'681381,"Brake linings and pads, with a basis of mineral substances or cellulose, whether or not combined ...",0,0,0,0,0,0,0,0,0,0,0,0,,,,,,,,,,,,,,,0,0,0,0,0,0,0,0,0,0,0,0
'690390,"Retorts, crucibles, mufflers, nozzles, plugs, supports, cupels, tubes, pipes, sheaths, rods, ...",0,0,0,0,0,0,0,0,0,0,0,0,,,,,,,,,,,,,,,0,0,0,0,0,0,0,0,0,0,0,0
'691200,"Tableware, kitchenware, other household articles and toilet articles, of ceramics other than ...",0,0,0,0,0,0,0,0,0,0,0,0,,,,,,,,,,,,,,,0,0,0,0,6,0,3,0,0,9,0,0
'700530,"Float glass and surface ground and polished glass, in sheets, whether or not having an absorbent, ...",0,0,0,0,0,0,0,0,0,0,0,0,,,,,,,,,,,,,,,0,0,0,0,0,0,0,0,0,0,0,0
'700721,"Laminated safety glass, of size and shape suitable for incorporation in motor vehicles, aircraft, ...",0,0,0,0,0,0,0,0,0,0,0,0,,,,,,,,,,,,,,,256,547,308,428,366,446,247,277,294,254,242,287
'700910,"Rear-view mirrors, whether or not framed, for vehicles",0,0,0,0,0,0,0,0,0,0,0,0,,,,,,,,,,,,,,,45,64,68,411,1122,786,998,1012,480,536,837,870
'701391,"Glassware, of lead crystal, of a kind used for toilet, office, indoor decoration or similar ...",0,0,0,0,0,0,0,0,0,0,0,0,,,,,,,,,,,,,,,0,0,0,0,0,0,0,0,0,0,0,0
'701790,"Laboratory, hygienic or pharmaceutical glassware, whether or not graduated or calibrated (excl. ...",0,0,0,0,0,0,0,0,0,0,0,0,,,,,,,,,,,,,,,0,0,0,0,0,0,34,0,0,6,0,0
'701890,"Glass eyes (excl. prosthetic articles); articles of glass beads, or of imitation pearls, imitation ...",0,0,0,0,0,0,0,0,0,0,0,0,,,,,,,,,,,,,,,0,0,0,0,0,0,0,0,0,0,0,0
'701914,Mechanically bonded mats of glass fibres,0,0,0,0,0,0,0,0,0,0,0,0,,,,,,,,,,,,,,,0,0,0,0,0,0,0,0,0,0,0,0
'710499,"Precious and semi-precious stones, synthetic or reconstructed, worked, whether or not graded ...",0,0,0,0,0,0,0,0,0,0,0,0,,,,,,,,,,,,,,,0,0,0,0,0,0,0,0,0,0,0,0
'711311,"Articles of jewellery and parts thereof, of silver, whether or not plated or clad with other ...",0,0,0,0,0,0,0,0,0,0,0,0,,,,,,,,,,,,,,,0,0,0,0,0,0,0,0,0,0,0,0
'711620,"Articles of precious or semi-precious stones ""natural, synthetic or reconstructed"", n.e.s.",0,0,0,0,0,0,0,0,0,0,0,0,,,,,,,,,,,,,,,0,0,0,0,0,0,0,0,0,0,0,0
'711810,"Coin (excl. legal tender, gold coins, medals, jewellery made from coins, collectors' items ...",0,0,0,0,0,0,0,0,0,0,0,0,,,,,,,,,,,,,,,0,0,0,0,0,0,0,0,0,0,0,0
'720299,"Ferro-alloys (excl. ferro-manganese, ferro-silicon, ferro-silico-manganese, ferro-chromium, ...",0,0,0,0,0,0,0,0,0,0,0,0,,,,,,,,,,,,,,,0,0,0,0,0,0,0,0,0,0,0,0
'720510,"Granules, of pig iron, spiegeleisen, iron or steel (excl. granules of ferro-alloys, turnings ...",0,0,0,0,0,0,0,0,0,0,0,0,,,,,,,,,,,,,,,0,76,37,0,0,0,0,70,0,65,0,0
'720720,"Semi-finished products of iron or non-alloy steel containing, by weight, >= 0,25% of carbon",0,0,0,0,0,0,0,0,0,0,0,0,,,,,,,,,,,,,,,0,16648,0,0,0,0,0,0,0,0,0,0
'720825,"Flat-rolled products of iron or non-alloy steel, of a width of >= 600 mm, in coils, simply ...",0,0,0,0,0,0,0,0,0,0,0,0,,,,,,,,,,,,,,,0,0,0,0,0,0,0,0,0,0,0,0
'720836,"Flat-rolled products of iron or non-alloy steel, of a width of >= 600 mm, in coils, simply ...",0,0,0,0,0,0,0,0,0,0,0,0,,,,,,,,,,,,,,,0,0,0,0,0,0,0,0,0,0,0,0
'720927,"Flat-rolled products of iron or non-alloy steel, of a width of >= 600 mm, not in coils, simply ...",0,0,0,0,0,0,0,0,0,0,0,0,,,,,,,,,,,,,,,0,0,0,0,0,0,0,0,0,0,0,0
'721119,"Flat-rolled products of iron or non-alloy steel, of a width < 600 mm, simply hot-rolled, not ...",0,0,0,0,0,0,0,0,0,0,0,0,,,,,,,,,,,,,,,0,0,0,0,0,0,0,0,0,0,0,0
'721129,"Flat-rolled products of iron or non-alloy steel, of a width of < 600 mm, simply cold-rolled ...",0,0,0,0,0,0,0,0,0,0,0,0,,,,,,,,,,,,,,,0,0,0,0,0,0,0,0,0,0,0,0
'721410,"Bars and rods, of iron or non-alloy steel, not further worked than forged (excl. in irregularly ...",0,0,0,0,0,0,0,0,0,0,0,0,,,,,,,,,,,,,,,0,0,0,0,0,0,0,0,0,0,0,0
'721430,"Bars and rods, of non-alloy free-cutting steel, not further worked than hot-rolled, hot-drawn ...",0,0,0,0,0,0,0,0,0,0,0,0,,,,,,,,,,,,,,,0,0,0,0,0,0,0,0,0,0,0,0
'721621,"L sections of iron or non-alloy steel, not further worked than hot-rolled, hot-drawn or extruded, ...",0,0,0,0,0,0,0,0,0,0,0,0,,,,,,,,,,,,,,,0,0,0,0,0,0,0,0,0,0,0,0
'721661,"Angles, shapes and sections, of iron or non-alloy steel, from flat-rolled products simply cold-formed ...",0,0,0,0,0,0,0,0,0,0,0,0,,,,,,,,,,,,,,,0,0,0,0,0,0,0,0,0,0,0,0
'721913,"Flat-rolled products of stainless steel, of a width of >= 600 mm, not further worked than hot-rolled, ...",0,0,0,0,0,0,0,0,0,0,0,0,,,,,,,,,,,,,,,0,0,0,0,0,0,0,0,0,0,0,0
'721931,"Flat-rolled products of stainless steel, of a width of >= 600 mm, not further worked than cold-rolled ...",0,0,0,0,0,0,0,0,0,0,0,0,,,,,,,,,,,,,,,0,0,0,0,0,0,0,0,0,0,0,0
'722592,"Flat-rolled products of alloy steel other than stainless, of a width of >= 600 mm, hot-rolled ...",0,0,0,0,0,0,0,0,0,0,0,0,,,,,,,,,,,,,,,0,0,0,0,0,0,0,0,0,0,0,0
'722699,"Flat-rolled products of alloy steel other than stainless, of a width of < 600 mm, hot-rolled ...",0,0,0,0,0,0,0,0,0,0,0,0,,,,,,,,,,,,,,,0,0,0,0,0,0,0,0,0,0,0,0
'730120,"Angles, shapes and sections, of iron or steel, welded",0,0,0,0,0,0,0,0,0,0,0,0,,,,,,,,,,,,,,,0,0,0,0,0,0,0,0,0,0,0,0
'730721,Flanges of stainless steel (excl. cast products),0,0,0,0,0,0,0,0,0,0,0,0,,,,,,,,,,,,,,,0,6,0,1,0,4,0,1,2,2,0,0
'730792,"Threaded elbows, bends and sleeves, of stainless steel (excl. cast or stainless products)",0,0,0,0,0,0,0,0,0,0,0,0,,,,,,,,,,,,,,,597,1604,740,986,1497,475,1075,266,40,745,224,73
'731210,"Stranded wire, ropes and cables, of iron or steel (excl. electrically insulated products and ...",0,0,0,0,0,0,0,0,0,0,0,0,,,,,,,,,,,,,,,1507,1443,1263,1474,1567,1009,1762,2085,1045,1233,1248,1094
'731412,"Endless bands of stainless steel wire, for machinery",0,0,0,0,0,0,0,0,0,0,0,0,,,,,,,,,,,,,,,0,0,0,0,0,0,0,0,0,0,0,0
'731811,Coach screws of iron or steel,0,0,0,0,0,0,0,0,0,0,0,0,,,,,,,,,,,,,,,0,0,0,1,1,5,0,2,1,2,0,0
'731816,Nuts of iron or steel,0,0,0,0,0,0,0,0,0,0,0,0,,,,,,,,,,,,,,,61,84,90,102,50,79,41,47,66,41,51,35
'732112,"Appliances for baking, frying, grilling and cooking and plate warmers, for domestic use, of ...",0,0,0,0,0,0,0,0,0,0,0,0,,,,,,,,,,,,,,,0,0,0,0,0,0,0,0,0,0,0,0
'732190,"Parts of domestic appliances non-electrically heated of heading 7321, n.e.s.",0,0,0,0,0,0,0,0,0,0,0,0,,,,,,,,,,,,,,,22,42,15,24,12,3,10,3,29,2,8,34
'732490,"Sanitary ware, incl. parts thereof (excl. cans, boxes and similar containers of heading 7310, ...",0,0,0,0,0,0,0,0,0,0,0,0,,,,,,,,,,,,,,,5,26,11,10,9,95,30,99,6,88,2,22
'740610,"Copper powders, of non-lamellar structure (excl. grains of copper)",0,0,0,0,0,0,0,0,0,0,0,0,,,,,,,,,,,,,,,0,0,0,0,0,0,0,0,0,0,0,0
'740620,"Copper powders, of lamellar structure, and flakes of copper (excl. grains of copper and spangles ...",0,0,0,0,0,0,0,0,0,0,0,0,,,,,,,,,,,,,,,0,0,0,0,0,0,0,0,0,0,0,0
'740721,"Bars, rods and profiles, of copper-zinc base alloys ""brass"", n.e.s.",0,0,0,0,0,0,0,0,0,0,0,0,,,,,,,,,,,,,,,0,0,0,0,0,0,671,733,0,0,606,0
'741220,"Copper alloy tube or pipe fittings ""e.g., couplings, elbows, sleeves""",0,0,0,0,0,0,0,0,0,0,0,0,,,,,,,,,,,,,,,84,97,69,108,100,103,142,153,31,111,44,44
'741300,"Stranded wire, cables, plaited bands and the like, of copper (excl. electrically insulated ...",0,0,0,0,0,0,0,0,0,0,0,0,,,,,,,,,,,,,,,0,0,0,0,0,13,351,0,268,0,0,52
'741810,"Table, kitchen or other household articles and parts thereof, and pot scourers and scouring ...",0,0,0,0,0,0,0,0,0,0,0,0,,,,,,,,,,,,,,,27,5,14,0,29,15,26,19,50,0,32,20
'741820,"Sanitary ware and parts thereof, of copper (excl. cans, boxes and similar containers of heading ...",0,0,0,0,0,0,0,0,0,0,0,0,,,,,,,,,,,,,,,0,0,0,0,0,0,0,0,0,0,0,0
'750720,"Tube or pipe fittings, of nickel",0,0,0,0,0,0,0,0,0,0,0,0,,,,,,,,,,,,,,,0,0,0,0,0,0,0,0,0,0,0,0
'750890,"Articles of nickel, n.e.s.",0,0,0,0,0,0,0,0,0,0,0,0,,,,,,,,,,,,,,,0,0,3,34,0,4,12,0,19,14,0,0
'760511,"Wire of non-alloy aluminium, with a maximum cross-sectional dimension of > 7 mm (excl. stranded ...",0,0,0,0,0,0,0,0,0,0,0,0,,,,,,,,,,,,,,,0,0,0,0,0,0,0,0,0,0,0,0
'760529,"Wire, of aluminium alloys, having a maximum cross-sectional dimension of <= 7 mm (other than ...",0,0,0,0,0,0,0,0,0,0,0,0,,,,,,,,,,,,,,,0,0,0,0,0,0,0,0,0,0,0,0
'760810,Tubes and pipes of non-alloy aluminium (excl. hollow profiles),0,0,0,0,0,0,0,0,0,0,0,0,,,,,,,,,,,,,,,1,0,2,5,0,0,0,0,15,0,0,2
'761210,"Collapsible tubular containers, of aluminium",0,0,0,0,0,0,0,0,0,0,0,0,,,,,,,,,,,,,,,0,0,0,0,0,0,0,0,0,0,0,0
'761290,"Casks, drums, cans, boxes and similar containers, incl. rigid tubular containers, of aluminium, ...",0,0,0,0,0,0,0,0,0,0,0,0,,,,,,,,,,,,,,,14,8,2405,10,630,3552,14,14,12,10,0,4
'780199,Unwrought lead (excl. refined lead and lead containing by weight antimony as the principal ...,0,0,0,0,0,0,0,0,0,0,0,0,,,,,,,,,,,,,,,0,0,0,0,0,0,0,0,1091,0,1453,0
'790700,"Articles of zinc, n.e.s.",0,0,0,0,0,0,0,0,0,0,0,0,,,,,,,,,,,,,,,139,244,0,257,0,7,66,124,118,0,8,19
'811239,"Articles of hafnium, n.e.s.",0,0,0,0,0,0,0,0,0,0,0,0,,,,,,,,,,,,,,,0,0,0,0,0,0,0,0,0,0,0,0
'811269,"Cadmium and articles of cadmium, n.e.s.",0,0,0,0,0,0,0,0,0,0,0,0,,,,,,,,,,,,,,,0,0,0,0,0,0,0,0,0,0,0,0
'820190,"Scythes, sickles, hay knives, timber wedges and other hand tools of a kind used in agriculture, ...",0,0,0,0,0,0,0,0,0,0,0,0,,,,,,,,,,,,,,,0,0,0,0,0,0,0,0,0,0,0,0
'820210,"Handsaws, with working parts of base metal (excl. power-operated saws)",0,0,0,0,0,0,0,0,0,0,0,0,,,,,,,,,,,,,,,0,1,0,0,0,0,0,0,0,0,2,0
'820299,"Saw blades, incl. toothless saw blades, of base metal (excl. bandsaw blades, circular saw blades, ...",0,0,0,0,0,0,0,0,0,0,0,0,,,,,,,,,,,,,,,0,0,0,0,0,0,0,0,0,0,0,0
'820551,"Household hand tools, non-mechanical, with working parts of base metal, n.e.s.",0,0,0,0,0,0,0,0,0,0,0,0,,,,,,,,,,,,,,,13,16,8,14,6,16,9,9,12,6,10,5
'820570,"Vices, clamps and the like (excl. accessories for and parts of machine tools or water-jet cutting ...",0,0,0,0,0,0,0,0,0,0,0,0,,,,,,,,,,,,,,,0,4,0,0,0,0,0,0,0,0,0,0
'820740,"Tools for tapping or threading, interchangeable",0,0,0,0,0,0,0,0,0,0,0,0,,,,,,,,,,,,,,,0,63,6,0,0,0,5,0,0,0,0,0
'820770,Interchangeable tools for milling,0,0,0,0,0,0,0,0,0,0,0,0,,,,,,,,,,,,,,,0,0,0,0,0,0,16,0,0,0,0,0
'821194,"Blades of base metal for table knives, pocket knives and other knives of heading 8211",0,0,0,0,0,0,0,0,0,0,0,0,,,,,,,,,,,,,,,0,0,0,0,0,0,0,0,0,0,0,0
'821490,"Hair clippers, butchers' or kitchen cleavers and other articles of cutlery of base metal, n.e.s.",0,0,0,0,0,0,0,0,0,0,0,0,,,,,,,,,,,,,,,0,0,0,0,0,0,0,0,0,0,0,0
'830242,"Base metal mountings, fittings and similar articles suitable for furniture (excl. locks with ...",0,0,0,0,0,0,0,0,0,0,0,0,,,,,,,,,,,,,,,27,38,17,14,32,10,13,37,31,33,17,31
'830400,"Filing cabinets, card-index cabinets, paper trays, paper rests, pen trays, office-stamp stands ...",0,0,0,0,0,0,0,0,0,0,0,0,,,,,,,,,,,,,,,0,0,0,0,0,0,0,0,0,0,0,0
'830910,Crown corks of base metal,0,0,0,0,0,0,0,0,0,0,0,0,,,,,,,,,,,,,,,0,0,0,0,0,0,0,0,0,0,0,0
'840219,"Vapour generating boilers, incl. hybrid boilers (excl. central heating hot water boilers capable ...",0,0,0,0,0,0,0,0,0,0,0,0,,,,,,,,,,,,,,,0,0,0,0,0,0,0,0,0,0,0,0
'840510,"Producer gas or water gas generators, with or without their purifiers; acetylene gas generators ...",0,0,0,0,0,0,0,0,0,0,0,0,,,,,,,,,,,,,,,0,0,0,0,0,0,0,0,0,0,0,0
'840710,"Spark-ignition reciprocating or rotary internal combustion piston engine, for aircraft",0,0,0,0,0,0,0,0,0,0,0,0,,,,,,,,,,,,,,,0,0,0,0,0,0,0,0,0,0,0,0
'840810,"Compression-ignition internal combustion piston engine ""diesel or semi-diesel engine"", for ...",0,0,0,0,0,0,0,0,0,0,0,0,,,,,,,,,,,,,,,0,0,0,0,0,0,0,0,0,0,0,0
'841340,Concrete pumps,0,0,0,0,0,0,0,0,0,0,0,0,,,,,,,,,,,,,,,0,0,0,0,0,0,0,0,0,0,0,0
'841360,"Rotary positive displacement pumps for liquids, power-driven (excl. those of subheading 8413.11 ...",0,0,0,0,0,0,0,0,0,0,0,0,,,,,,,,,,,,,,,518,600,496,570,675,484,393,431,511,358,338,656
'841392,"Parts of liquid elevators, n.e.s.",0,0,0,0,0,0,0,0,0,0,0,0,,,,,,,,,,,,,,,0,0,0,0,0,0,0,0,0,0,0,0
'841520,"Air conditioning machines of a kind used for persons, in motor vehicles",0,0,0,0,0,0,0,0,0,0,0,0,,,,,,,,,,,,,,,0,0,0,0,0,0,1,6,0,18,0,21
'842111,Centrifugal cream separators,0,0,0,0,0,0,0,0,0,0,0,0,,,,,,,,,,,,,,,0,0,0,0,0,0,0,0,0,0,0,0
'842320,Scales for continuous weighing of goods on conveyors,0,0,0,0,0,0,0,0,0,0,0,0,,,,,,,,,,,,,,,0,0,0,0,0,0,0,0,0,0,0,0
'842382,Weighing machinery of a maximum weighing capacity > 30 kg but <= 5.000 kg (excl. personal weighing ...,0,0,0,0,0,0,0,0,0,0,0,0,,,,,,,,,,,,,,,0,0,0,15,0,8,0,0,0,0,0,0
'842410,"Fire extinguishers, whether or not charged",0,0,0,0,0,0,0,0,0,0,0,0,,,,,,,,,,,,,,,0,0,0,0,0,0,0,0,0,0,0,0
'842420,"Spray guns and similar appliances (other than electrical machines, appliances and other devices ...",0,0,0,0,0,0,0,0,0,0,0,0,,,,,,,,,,,,,,,1,1,14,4,0,0,0,17,4,5,0,0
'842449,Agricultural or horticultural sprayers (excl. portable),0,0,0,0,0,0,0,0,0,0,0,0,,,,,,,,,,,,,,,0,0,0,0,88,0,0,0,27,0,0,0
'842630,Portal or pedestal jib cranes,0,0,0,0,0,0,0,0,0,0,0,0,,,,,,,,,,,,,,,0,0,0,0,0,0,0,0,0,0,0,0
'842641,"Mobile cranes and works trucks fitted with a crane, self-propelled, on tyres (excl. wheel-mounted ...",0,0,0,0,0,0,0,0,0,0,0,0,,,,,,,,,,,,,,,0,0,0,0,0,0,0,0,0,0,0,0
'842890,"Machinery for lifting, handling, loading or unloading, n.e.s.",0,0,0,0,0,0,0,0,0,0,0,0,,,,,,,,,,,,,,,1422,606,540,807,696,1096,1182,1225,946,1229,351,335
'843131,"Parts of lifts, skip hoists or escalators, n.e.s.",0,0,0,0,0,0,0,0,0,0,0,0,,,,,,,,,,,,,,,500,0,0,0,384,0,0,0,0,434,0,0
'843142,"Bulldozer or angledozer blades, n.e.s.",0,0,0,0,0,0,0,0,0,0,0,0,,,,,,,,,,,,,,,0,0,0,0,0,0,0,0,0,0,0,0
'843239,"Seeders, planters and transplanters (excl. no-till machines)",0,0,0,0,0,0,0,0,0,0,0,0,,,,,,,,,,,,,,,0,0,0,0,0,0,0,0,0,0,0,0
'843280,"Agricultural, horticultural or forestry machinery for soil preparation or cultivation; lawn ...",0,0,0,0,0,0,0,0,0,0,0,0,,,,,,,,,,,,,,,0,0,0,0,0,0,20,0,53,0,0,0
'843319,"Mowers for lawns, parks or sports grounds, powered, with the cutting device rotating in a vertical ...",0,0,0,0,0,0,0,0,0,0,0,0,,,,,,,,,,,,,,,0,0,0,0,0,0,0,0,0,0,0,0
'844190,"Parts of machinery for making up paper pulp, paper or paperboard, n.e.s.",0,0,0,0,0,0,0,0,0,0,0,0,,,,,,,,,,,,,,,0,0,0,0,0,0,0,0,0,0,0,0
'844313,"Offset printing machinery (excl. sheet fed offset printing machinery, sheet size <= 22 x 36 ...",0,0,0,0,0,0,0,0,0,0,0,0,,,,,,,,,,,,,,,0,0,0,0,255,0,0,0,0,0,0,0
'844317,Gravure printing machinery,0,0,0,0,0,0,0,0,0,0,0,0,,,,,,,,,,,,,,,0,0,0,0,0,0,0,0,0,0,0,0
'844399,"Parts and accessories of printers, copying machines and facsimile machines, n.e.s. (excl. of ...",0,0,0,0,0,0,0,0,0,0,0,0,,,,,,,,,,,,,,,0,0,96,2,1,0,4,0,15,28,0,0
'844512,Combing machines for preparing textile fibres,0,0,0,0,0,0,0,0,0,0,0,0,,,,,,,,,,,,,,,0,0,0,0,0,0,0,0,0,0,0,0
'844630,"Weaving machines for weaving fabrics of a width > 30 cm, shuttleless type",0,0,0,0,0,0,0,0,0,0,0,0,,,,,,,,,,,,,,,0,0,0,0,0,0,0,0,0,0,0,0
'844819,"Auxiliary machinery for machines of heading 8444, 8445, 8446 or 8447 (excl. doobies and jacquards, ...",0,0,0,0,0,0,0,0,0,0,0,0,,,,,,,,,,,,,,,0,0,0,0,0,0,0,0,0,0,0,0
'845020,"Laundry-type washing machines, of a dry linen capacity > 10 kg",0,0,0,0,0,0,0,0,0,0,0,0,,,,,,,,,,,,,,,0,0,0,0,0,0,0,0,0,0,0,0
'845090,"Parts of household or laundry-type washing machines, n.e.s.",0,0,0,0,0,0,0,0,0,0,0,0,,,,,,,,,,,,,,,0,0,0,1,0,0,12,0,0,0,0,0
'845110,Dry-cleaning machines for made-up textile articles,0,0,0,0,0,0,0,0,0,0,0,0,,,,,,,,,,,,,,,0,0,0,0,0,0,0,0,0,0,0,0
'845130,"Ironing machines and presses, incl. fusing presses (excl. calenders)",0,0,0,0,0,0,0,0,0,0,0,0,,,,,,,,,,,,,,,0,0,0,0,0,0,0,0,0,0,0,0
'845180,"Machinery for dressing, finishing, coating or impregnating textile yarns, fabrics or other ...",0,0,0,0,0,0,0,0,0,0,0,0,,,,,,,,,,,,,,,0,0,0,0,0,0,0,0,0,0,0,0
'845221,"Automatic sewing machines, industrial type",0,0,0,0,0,0,0,0,0,0,0,0,,,,,,,,,,,,,,,0,0,0,0,0,0,0,0,0,0,0,0
'845380,"Machinery for making or repairing articles of hides, skins or leather (excl. footwear and sewing ...",0,0,0,0,0,0,0,0,0,0,0,0,,,,,,,,,,,,,,,0,0,0,0,0,0,0,0,0,0,0,0
'845730,Multi-station transfer machines for working metal,0,0,0,0,0,0,0,0,0,0,0,0,,,,,,,,,,,,,,,0,0,0,0,0,0,0,0,0,0,0,0
'845921,"Drilling machines for working metal, numerically controlled (excl. way-type unit head machines)",0,0,0,0,0,0,0,0,0,0,0,0,,,,,,,,,,,,,,,0,0,0,0,0,0,0,0,0,0,0,0
'846024,"Grinding machines for finishing metal, numerically controlled (excl. flat-surface, cylindrical ...",0,0,0,0,0,0,0,0,0,0,0,0,,,,,,,,,,,,,,,0,0,0,0,0,0,0,0,0,0,0,0
'846150,"Sawing or cutting-off machines, for working metals, metal carbides or cermets (excl. machines ...",0,0,0,0,0,0,0,0,0,0,0,0,,,,,,,,,,,,,,,0,0,18,0,0,0,0,0,0,0,0,0
'846226,"Numerically controlled bending, folding, straightening or flattening machines for flat products ...",0,0,0,0,0,0,0,0,0,0,0,0,,,,,,,,,,,,,,,0,0,0,0,0,0,0,0,0,0,0,0
'846242,"Punching, notching or nibbling machines for flat products incl. combined punching and shearing ...",0,0,0,0,0,0,0,0,0,0,0,0,,,,,,,,,,,,,,,0,0,0,0,0,0,0,0,0,0,0,0
'846262,Mechanical cold metal working presses,0,0,0,0,0,0,0,0,0,0,0,0,,,,,,,,,,,,,,,0,0,0,0,0,0,0,0,0,0,0,0
'846592,"Planing, milling or moulding -by cutting- machines, for working wood, cork, bone, hard rubber, ...",0,0,0,0,0,0,0,0,0,0,0,0,,,,,,,,,,,,,,,0,0,0,0,0,0,0,0,0,0,0,0
'846599,"Machine tools for working wood, cork, bone, hard rubber, hard plastics or similar hard materials ...",0,0,0,0,0,0,0,0,0,0,0,0,,,,,,,,,,,,,,,0,0,0,0,0,0,0,0,0,0,0,0
'846792,"Parts of pneumatic tools for working in the hand, n.e.s.",0,0,0,0,0,0,0,0,0,0,0,0,,,,,,,,,,,,,,,0,0,0,0,0,0,0,0,0,0,0,14
'847050,Cash registers incorporating a calculating device,0,0,0,0,0,0,0,0,0,0,0,0,,,,,,,,,,,,,,,0,0,0,0,0,0,0,0,0,0,0,0
'847160,"Input or output units for automatic data-processing machines, whether or not containing storage ...",0,0,0,0,0,0,0,0,0,0,0,0,,,,,,,,,,,,,,,4,2,5,0,2,1,1,2,12,0,1,1
'847439,"Machinery for mixing or kneading solid mineral substances, incl. those in powder or paste form ...",0,0,0,0,0,0,0,0,0,0,0,0,,,,,,,,,,,,,,,0,0,0,0,0,0,0,0,0,0,0,0
'847629,"Automatic beverage-vending machines, without heating or refrigerating devices",0,0,0,0,0,0,0,0,0,0,0,0,,,,,,,,,,,,,,,0,0,0,0,0,0,0,0,0,0,0,0
'848049,"Moulds for metal or metal carbides (excl. moulds of graphite or other carbons, ceramic or glass ...",0,0,0,0,0,0,0,0,0,0,0,0,,,,,,,,,,,,,,,0,0,0,0,0,0,0,0,0,0,0,0
'848110,Pressure-reducing valves,0,0,0,0,0,0,0,0,0,0,0,0,,,,,,,,,,,,,,,267,682,755,329,524,535,449,437,169,206,99,443
'848210,Ball bearings,0,0,0,0,0,0,0,0,0,0,0,0,,,,,,,,,,,,,,,972,881,1341,905,1378,814,1366,1101,1192,347,396,43
'848299,"Parts of ball or roller bearings (excl. balls, needles and rollers), n.e.s.",0,0,0,0,0,0,0,0,0,0,0,0,,,,,,,,,,,,,,,2,4,0,8,5,5,44,3,2,4,1,3
'848320,"Bearing housings, incorporating ball or roller bearings, for machinery",0,0,0,0,0,0,0,0,0,0,0,0,,,,,,,,,,,,,,,172,20,25,152,100,54,62,43,100,17,87,33
'848330,"Bearing housings for machinery, not incorporating ball or roller bearings; plain shaft bearings ...",0,0,0,0,0,0,0,0,0,0,0,0,,,,,,,,,,,,,,,552,392,320,297,327,185,159,303,262,327,239,377
'848350,"Flywheels and pulleys, incl. pulley blocks",0,0,0,0,0,0,0,0,0,0,0,0,,,,,,,,,,,,,,,515,548,680,694,398,575,584,408,257,273,165,178
'848420,Mechanical seals,0,0,0,0,0,0,0,0,0,0,0,0,,,,,,,,,,,,,,,120,108,178,51,73,114,85,80,186,37,23,96
'850132,DC motors and DC generators of an output > 750 W but <= 75 kW (excl. photovoltaic generators),0,0,0,0,0,0,0,0,0,0,0,0,,,,,,,,,,,,,,,0,0,0,0,15,0,0,0,9,0,16,0
'850153,"AC motors, multi-phase, of an output > 75 kW",0,0,0,0,0,0,0,0,0,0,0,0,,,,,,,,,,,,,,,0,0,0,148,0,0,0,76,0,0,0,0
'850171,"Photovoltaic DC generators, of an output <= 50 W",0,0,0,0,0,0,0,0,0,0,0,0,,,,,,,,,,,,,,,0,0,0,0,0,0,0,0,0,0,0,0
'850212,"Generating sets with compression-ignition internal combustion piston engine ""diesel or semi-diesel ...",0,0,0,0,0,0,0,0,0,0,0,0,,,,,,,,,,,,,,,0,0,0,0,0,0,0,0,0,0,0,0
'850240,Electric rotary converters,0,0,0,0,0,0,0,0,0,0,0,0,,,,,,,,,,,,,,,0,0,0,0,0,0,0,0,0,0,0,0
'850421,"Liquid dielectric transformers, having a power handling capacity <= 650 kVA",0,0,0,0,0,0,0,0,0,0,0,0,,,,,,,,,,,,,,,0,0,0,0,0,0,0,0,0,0,0,225
'850520,"Electromagnetic couplings, clutches and brakes",0,0,0,0,0,0,0,0,0,0,0,0,,,,,,,,,,,,,,,16,19,0,12,11,15,8,16,0,32,10,4
'850760,Lithium-ion accumulators (excl. spent),0,0,0,0,0,0,0,0,0,0,0,0,,,,,,,,,,,,,,,500,42,30,30,9,23,26,82,47,46,316,1458
'851220,Electrical lighting or visual signalling equipment for motor vehicles (excl. lamps of heading ...,0,0,0,0,0,0,0,0,0,0,0,0,,,,,,,,,,,,,,,529,393,443,564,591,448,1495,1208,1657,881,856,1074
'851419,"Industrial and laboratory furnaces and ovens, resistance heated (excl. hot isostatic presses, ...",0,0,0,0,0,0,0,0,0,0,0,0,,,,,,,,,,,,,,,0,0,0,0,0,0,0,0,0,0,0,0
'851633,Electric hand-drying apparatus,0,0,0,0,0,0,0,0,0,0,0,0,,,,,,,,,,,,,,,0,0,0,0,0,0,0,0,0,0,0,0
'851640,Electric smoothing irons,0,0,0,0,0,0,0,0,0,0,0,0,,,,,,,,,,,,,,,0,0,0,0,0,0,0,0,0,0,0,0
'851713,Smartphones for wireless networks,0,0,0,0,0,0,0,0,0,0,0,0,,,,,,,,,,,,,,,15,60,71,76,29,0,16,20,53,101,119,12
'851718,Telephone sets (excl. line telephone sets with cordless handsets and telephones for cellular ...,0,0,0,0,0,0,0,0,0,0,0,0,,,,,,,,,,,,,,,0,0,0,0,0,0,0,0,0,0,0,0
'851769,"Apparatus for the transmission or reception of voice, images or other data, incl. apparatus ...",0,0,0,0,0,0,0,0,0,0,0,0,,,,,,,,,,,,,,,0,0,0,0,0,0,0,0,0,0,0,0
'851779,"Parts of telephone sets, telephones for cellular networks or for other wireless networks and ...",0,0,0,0,0,0,0,0,0,0,0,0,,,,,,,,,,,,,,,20,16,31,33,69,66,15,21,221,117,55,2
'852110,"Magnetic tape-type video recording or reproducing apparatus, whether or not incorporating a ...",0,0,0,0,0,0,0,0,0,0,0,0,,,,,,,,,,,,,,,0,0,0,0,0,0,0,0,0,0,0,0
'852321,Cards incorporating a magnetic stripe for the recording of sound or of other phenomena,0,0,0,0,0,0,0,0,0,0,0,0,,,,,,,,,,,,,,,0,0,0,0,3,19,7,0,0,3,0,0
'852351,"Solid-state, non-volatile data storage devices for recording data from an external source [flash ...",0,0,0,0,0,0,0,0,0,0,0,0,,,,,,,,,,,,,,,1,16,12,4,6,8,66,8,8,14,1,5
'852380,"Media for the recording of sound or of other phenomena, whether or not recorded, incl. matrices ...",0,0,0,0,0,0,0,0,0,0,0,0,,,,,,,,,,,,,,,0,113,41,115,66,43,158,92,118,87,65,253
'852872,"Reception apparatus for television, colour, whether or not incorporating radio-broadcast receivers ...",0,0,0,0,0,0,0,0,0,0,0,0,,,,,,,,,,,,,,,0,0,0,0,0,0,0,0,0,0,0,0
'030324,"Frozen catfish ""Pangasius spp., Silurus spp., Clarias spp., Ictalurus spp.""",0,0,0,0,0,0,0,0,0,0,0,0,,,,,,,,,,,,,,,0,0,0,0,0,0,0,0,0,0,0,0
'030342,"Frozen yellowfin tunas ""Thunnus albacares""",0,0,0,0,0,0,0,0,0,0,0,0,,,,,,,,,,,,,,,0,0,0,0,0,0,0,0,0,0,0,0
'030357,"Frozen swordfish ""Xiphias gladius""",0,0,0,0,0,0,0,0,0,0,0,0,,,,,,,,,,,,,,,0,0,0,0,0,0,0,0,0,0,0,0
'030392,Frozen shark fins,0,0,0,0,0,0,0,0,0,0,0,0,,,,,,,,,,,,,,,0,0,0,0,0,0,0,0,64,0,0,0
'030444,"Fresh or chilled fillets of fish of the families Bregmacerotidae, Euclichthyidae, Gadidae, ...",0,0,0,0,0,0,0,0,0,0,0,0,,,,,,,,,,,,,,,185,190,205,205,266,195,204,211,122,0,208,297
'030479,"Frozen fillets of fish of the families Bregmacerotidae, Euclichthyidae, Gadidae, Macrouridae, ...",0,0,0,0,0,0,0,0,0,0,0,0,,,,,,,,,,,,,,,0,0,0,0,0,0,0,0,0,0,0,0
'030494,"Frozen meat, whether or not minced, of Alaska pollack ""Theragra chalcogramma"" (excl. fillets)",0,0,0,0,0,0,0,0,0,0,0,0,,,,,,,,,,,,,,,0,0,0,0,0,0,0,0,0,0,0,0
'030541,"Smoked Pacific salmon ""Oncorhynchus nerka, Oncorhynchus gorbuscha, Oncorhynchus keta, Oncorhynchus ...",0,0,0,0,0,0,0,0,0,0,0,0,,,,,,,,,,,,,,,0,0,0,0,0,0,0,0,0,0,0,0
'030636,"Shrimps and prawns, whether in shell or not, live, fresh or chilled (excl. cold-water shrimps ...",0,0,0,0,0,0,0,0,0,0,0,0,,,,,,,,,,,,,,,0,0,0,0,0,0,0,0,0,0,0,0
'030752,"Octopus ""Octopus spp."", frozen",0,0,0,0,0,0,0,0,0,0,0,0,,,,,,,,,,,,,,,0,0,0,0,0,0,0,0,0,0,0,0
'030772,"Frozen, even in shell, clams, cockles and ark shells ""families Arcidae, Arcticidae, Cardiidae, ...",0,0,0,0,0,0,0,0,0,0,0,0,,,,,,,,,,,,,,,0,0,0,0,0,0,0,0,0,0,0,0
'030779,"Smoked, dried, salted or in brine, even in shell, clams, cockles and ark shells ""families Arcidae, ...",0,0,0,0,0,0,0,0,0,0,0,0,,,,,,,,,,,,,,,0,0,0,0,0,0,0,0,0,0,0,0
'040390,"Buttermilk, curdled milk and cream, kephir and other fermented or acidified milk and cream, ...",0,0,0,0,0,0,0,0,0,0,0,0,,,,,,,,,,,,,,,199,0,0,459,0,0,0,457,244,0,669,586
'040900,Natural honey,0,0,0,0,0,0,0,0,0,0,0,0,,,,,,,,,,,,,,,19669,22694,19486,22052,18382,22823,20809,15119,11932,13966,20968,38967
'050510,"Feathers used for stuffing and down, not further worked than cleaned, disinfected or treated ...",0,0,0,0,0,0,0,0,0,0,0,0,,,,,,,,,,,,,,,0,0,0,0,0,0,0,0,0,0,0,0
'060210,Unrooted cuttings and slips,0,0,0,0,0,0,0,0,0,0,0,0,,,,,,,,,,,,,,,0,0,0,0,0,0,0,0,0,0,0,0
'060319,"Fresh cut flowers and buds, of a kind suitable for bouquets or for ornamental purposes (excl. ...",0,0,0,0,0,0,0,0,0,0,0,0,,,,,,,,,,,,,,,0,0,0,0,0,0,0,0,0,0,0,0
'060490,"Foliage, branches and other parts of plants, without flowers or flower buds, and grasses, mosses ...",0,0,0,0,0,0,0,0,0,0,0,0,,,,,,,,,,,,,,,0,0,0,0,0,0,0,0,0,0,0,0
'070410,Fresh or chilled cauliflowers and broccoli,0,0,0,0,0,0,0,0,0,0,0,0,,,,,,,,,,,,,,,0,0,0,0,0,0,0,0,0,0,0,0
'070521,Fresh or chilled witloof chicory,0,0,0,0,0,0,0,0,0,0,0,0,,,,,,,,,,,,,,,0,0,0,0,0,0,0,0,0,0,0,0
'070956,"Fresh or chilled truffles ""Tuber spp.""",0,0,0,0,0,0,0,0,0,0,0,0,,,,,,,,,,,,,,,0,0,0,0,0,0,0,0,0,0,0,0
'070999,Fresh or chilled vegetables n.e.s.,0,0,0,0,0,0,0,0,0,0,0,0,,,,,,,,,,,,,,,0,0,359,162,226,125,125,0,0,10,0,0
'071029,"Leguminous vegetables, shelled or unshelled, uncooked or cooked by steaming or by boiling in ...",0,0,0,0,0,0,0,0,0,0,0,0,,,,,,,,,,,,,,,0,0,0,0,0,0,0,0,0,0,0,0
'071030,"Spinach, New Zealand spinach and orache spinach, uncooked or cooked by steaming or by boiling ...",0,0,0,0,0,0,0,0,0,0,0,0,,,,,,,,,,,,,,,0,0,0,0,0,0,0,0,0,0,0,0
'071120,"Olives, provisionally preserved, e.g. by sulphur dioxide gas, in brine, in sulphur water or ...",0,0,0,0,0,0,0,0,0,0,0,0,,,,,,,,,,,,,,,0,0,0,0,0,0,0,0,0,0,0,0
'071190,"Vegetables and mixtures of vegetables provisionally preserved, e.g. by sulphur dioxide gas, ...",0,0,0,0,0,0,0,0,0,0,0,0,,,,,,,,,,,,,,,0,0,0,0,0,0,0,0,0,0,0,0
'071233,"Dried jelly fungi ""Tremella spp."", whole, cut, sliced, broken or in powder, but not further ...",0,0,0,0,0,0,0,0,0,0,0,0,,,,,,,,,,,,,,,0,0,0,0,0,0,0,0,0,0,0,0
'080112,"Fresh coconuts in the inner shell ""endocarp""",0,0,0,0,0,0,0,0,0,0,0,0,,,,,,,,,,,,,,,0,0,0,0,0,0,0,0,0,0,0,0
'080211,Fresh or dried almonds in shell,0,0,0,0,0,0,0,0,0,0,0,0,,,,,,,,,,,,,,,0,0,0,0,0,0,0,0,0,0,0,0
'080221,"Fresh or dried hazelnuts or filberts ""Corylus spp."", in shell",0,0,0,0,0,0,0,0,0,0,0,0,,,,,,,,,,,,,,,0,0,0,0,0,0,0,0,0,0,0,0
'080310,Fresh or dried plantains,0,0,0,0,0,0,0,0,0,0,0,0,,,,,,,,,,,,,,,0,0,0,0,0,0,0,0,0,0,0,0
'080590,"Fresh or dried citrus fruit (excl. oranges, lemons ""Citrus limon, Citrus limonum"", limes ""Citrus ...",0,0,0,0,0,0,0,0,0,0,0,0,,,,,,,,,,,,,,,0,0,0,0,0,0,0,0,0,0,0,0
'080930,"Fresh peaches, incl. nectarines",0,0,0,0,0,0,0,0,0,0,0,0,,,,,,,,,,,,,,,0,0,0,0,0,0,0,29,370,864,2906,1938
'081090,"Fresh tamarinds, cashew apples, jackfruit, lychees, sapodillo plums, passion fruit, carambola, ...",0,0,0,0,0,0,0,0,0,0,0,0,,,,,,,,,,,,,,,1451,1094,0,0,0,0,0,0,0,0,19,577
'081310,Dried apricots,0,0,0,0,0,0,0,0,0,0,0,0,,,,,,,,,,,,,,,0,0,0,0,17,0,0,0,0,0,33,0
'081330,Dried apples,0,0,0,0,0,0,0,0,0,0,0,0,,,,,,,,,,,,,,,0,0,0,0,0,0,0,0,0,0,0,680
'090112,Decaffeinated coffee (excl. roasted),0,0,0,0,0,0,0,0,0,0,0,0,,,,,,,,,,,,,,,0,0,0,0,0,0,0,0,0,0,0,0
'090122,"Roasted, decaffeinated coffee",0,0,0,0,0,0,0,0,0,0,0,0,,,,,,,,,,,,,,,0,0,0,0,0,0,5,0,0,0,0,0
'090190,Coffee husks and skins; coffee substitutes containing coffee in any proportion,0,0,0,0,0,0,0,0,0,0,0,0,,,,,,,,,,,,,,,0,0,0,0,0,0,0,0,0,0,0,0
'090230,"Black fermented tea and partly fermented tea, whether or not flavoured, in immediate packings ...",0,0,0,0,0,0,0,0,0,0,0,0,,,,,,,,,,,,,,,19,15,0,21,56,34,12,36,0,25,12,29
'090611,"Cinnamon ""Cinnamomum zeylanicum Blume"" (excl. crushed and ground)",0,0,0,0,0,0,0,0,0,0,0,0,,,,,,,,,,,,,,,0,0,0,0,0,0,0,0,0,0,0,0
'110311,Groats and meal of wheat,0,0,0,0,0,0,0,0,0,0,0,0,,,,,,,,,,,,,,,0,0,0,0,0,1249,1121,0,0,0,0,0
'110422,"Hulled, pearled, sliced, kibbled or otherwise worked oat grains (excl. rolled, flaked, pellets ...",0,0,0,0,0,0,0,0,0,0,0,0,,,,,,,,,,,,,,,0,0,0,0,0,0,0,0,0,0,0,0
'110520,"Flakes, granules and pellets of potatoes",0,0,0,0,0,0,0,0,0,0,0,0,,,,,,,,,,,,,,,307,0,232,0,0,0,0,0,0,0,0,0
'110620,"Flour, meal and powder of sago or of roots or tubers of manioc, arrowroot, salep, sweet potatoes ...",0,0,0,0,0,0,0,0,0,0,0,0,,,,,,,,,,,,,,,0,0,0,0,0,0,0,0,0,0,0,0
'110710,Malt (excl. roasted),0,0,0,0,0,0,0,0,0,0,0,0,,,,,,,,,,,,,,,25341,11866,42396,0,17518,0,19622,22103,24477,25874,14655,11140
'110812,Maize starch,0,0,0,0,0,0,0,0,0,0,0,0,,,,,,,,,,,,,,,2726,2700,2544,3610,2409,3155,2592,2577,2485,2679,2468,2790
'110900,"Wheat gluten, whether or not dried",0,0,0,0,0,0,0,0,0,0,0,0,,,,,,,,,,,,,,,0,0,0,0,0,0,0,0,0,0,0,0
'120190,"Soya beans, whether or not broken (excl. seed for sowing)",0,0,0,0,0,0,0,0,0,0,0,0,,,,,,,,,,,,,,,66511,479206,392544,543867,709432,816585,670368,875186,346858,21963,1707,1511
'120921,Alfalfa seed for sowing,0,0,0,0,0,0,0,0,0,0,0,0,,,,,,,,,,,,,,,0,0,0,0,0,0,0,0,0,0,0,0
'120925,"Ryegrass ""Lolium multiflorum lam., Lolium perenne L."" seed, for sowing",0,0,0,0,0,0,0,0,0,0,0,0,,,,,,,,,,,,,,,334,1256,1572,1628,711,312,404,424,358,1822,1303,1205
'120999,"Seeds, fruits and spores, for sowing (excl. leguminous vegetables and sweetcorn, coffee, tea, ...",0,0,0,0,0,0,0,0,0,0,0,0,,,,,,,,,,,,,,,0,0,0,0,0,0,0,0,0,0,0,0
'130219,"Vegetable saps and extracts (excl. liquorice, hops, opium and ephedra)",0,0,0,0,0,0,0,0,0,0,0,0,,,,,,,,,,,,,,,1390,905,486,680,164,86,425,531,189,317,577,552
'150290,"Fats of bovine animals, sheep or goats (excl. tallow, oleostearin and oleo-oil)",0,0,0,0,0,0,0,0,0,0,0,0,,,,,,,,,,,,,,,938,916,1413,1274,2057,1727,2287,2422,2011,1741,2185,3078
'150300,"Lard stearin, lard oil, oleostearin, oleo-oil and tallow oil (excl. emulsified, mixed or otherwise ...",0,0,0,0,0,0,0,0,0,0,0,0,,,,,,,,,,,,,,,0,0,0,0,0,0,0,0,0,0,0,0
'150420,"Fats and oils of fish and their fractions, whether or not refined (excl. liver oils and chemically ...",0,0,0,0,0,0,0,0,0,0,0,0,,,,,,,,,,,,,,,0,0,0,0,0,0,0,0,0,0,0,0
'150500,"Wool grease and fatty substances derived therefrom, incl. lanolin",0,0,0,0,0,0,0,0,0,0,0,0,,,,,,,,,,,,,,,0,0,0,0,0,0,0,0,0,0,0,0
'151311,Crude coconut oil,0,0,0,0,0,0,0,0,0,0,0,0,,,,,,,,,,,,,,,0,0,0,0,0,0,0,0,0,0,0,0
'151499,"High erucic acid rape or colza oil ""fixed oil which has an erucic acid content of >= 2%"", and ...",0,0,0,0,0,0,0,0,0,0,0,0,,,,,,,,,,,,,,,0,0,0,0,0,0,0,0,0,0,0,0
'151519,"Linseed oil and fractions thereof, whether or not refined, but not chemically modified (excl. ...",0,0,0,0,0,0,0,0,0,0,0,0,,,,,,,,,,,,,,,0,0,0,0,0,0,0,0,0,0,0,0
'151560,"Microbial fats and oils and their fractions, whether or not refined, but not chemically modified",0,0,0,0,0,0,0,0,0,0,0,0,,,,,,,,,,,,,,,0,0,0,0,0,0,0,0,0,0,0,0
'151590,"Fixed vegetable fats and oils and their fractions, whether or not refined, but not chemically ...",0,0,0,0,0,0,0,0,0,0,0,0,,,,,,,,,,,,,,,0,1583,904,726,726,0,1069,1137,987,1514,2510,3322
'152110,"Vegetable waxes, whether or not refined or coloured (excl. triglycerides)",0,0,0,0,0,0,0,0,0,0,0,0,,,,,,,,,,,,,,,0,0,0,0,0,0,0,0,0,0,0,0
'160250,"Prepared or preserved meat or offal of bovine animals (excl. sausages and similar products, ...",0,0,298,0,837,1321,0,1264,960,0,819,0,,,,,,,,,,,,,,,5075,4806,4606,6691,6302,6800,5147,5800,5865,5421,4196,6727
'160419,"Prepared or preserved fish, whole or in pieces (excl. minced, merely smoked, and salmon, herrings, ...",0,0,0,0,0,0,0,0,0,0,0,0,,,,,,,,,,,,,,,470,497,484,359,696,411,249,594,488,0,686,911
'160420,Prepared or preserved fish (excl. whole or in pieces),0,0,0,0,0,0,0,0,0,0,0,0,,,,,,,,,,,,,,,461,299,472,669,384,445,207,408,387,257,354,511
'160521,"Shrimps and prawns, prepared or preserved, not in airtight containers (excl. smoked)",0,0,0,0,0,0,0,0,0,0,0,0,,,,,,,,,,,,,,,0,0,0,0,0,0,0,0,0,0,0,0
'170219,"Lactose in solid form and lactose syrup, not containing added flavouring or colouring matter, ...",0,0,0,0,0,0,0,0,0,0,0,0,,,,,,,,,,,,,,,0,0,0,0,0,0,0,0,0,0,0,0
'170230,"Glucose in solid form and glucose syrup, not containing added flavouring or colouring matter ...",0,0,0,0,0,0,0,0,0,0,0,0,,,,,,,,,,,,,,,1009,971,1095,1135,1248,1122,1144,1177,1118,882,921,955
'190230,"Pasta, cooked or otherwise prepared (excl. stuffed)",0,0,0,0,0,0,0,0,0,0,0,0,,,,,,,,,,,,,,,134,61,129,171,0,149,163,182,158,0,177,131
'190531,Sweet biscuits,0,0,0,0,0,0,0,0,0,0,0,0,,,,,,,,,,,,,,,3980,4452,4310,4130,4174,3739,3925,3374,2522,3046,3344,4773
'190590,"Bread, pastry, cakes, biscuits and other bakers' wares, whether or not containing cocoa; communion ...",0,0,0,0,0,0,0,0,0,0,0,0,,,,,,,,,,,,,,,4918,5165,4945,4340,4392,6266,4758,4529,3766,3796,4285,5430
'200190,"Vegetables, fruit, nuts and other edible parts of plants, prepared or preserved by vinegar ...",0,0,0,0,0,0,0,0,0,0,0,0,,,,,,,,,,,,,,,0,0,0,152,0,0,0,0,0,0,0,0
'200580,"Sweetcorn ""Zea Mays var. Saccharata"", prepared or preserved otherwise than by vinegar or acetic ...",0,0,0,0,0,0,0,0,0,0,0,0,,,,,,,,,,,,,,,0,0,0,0,0,0,0,0,0,0,0,0
'200870,"Peaches, incl. nectarines, prepared or preserved, whether or not containing added sugar or ...",0,0,0,0,0,0,0,0,0,0,0,0,,,,,,,,,,,,,,,1438,2420,1098,2842,4264,6352,5583,3834,2692,1429,1208,1640
'200891,"Palm hearts, prepared or preserved, whether or not containing added sugar or other sweetening ...",0,0,0,0,0,0,0,0,0,0,0,0,,,,,,,,,,,,,,,0,0,0,0,0,0,0,0,0,0,0,0
'200961,"Grape juice, incl. grape must, unfermented, Brix value <= 30 at 20°C, whether or not containing ...",0,0,0,0,0,0,0,0,0,0,0,0,,,,,,,,,,,,,,,0,0,0,0,0,0,1132,1416,680,0,0,0
'210320,Tomato ketchup and other tomato sauces,0,0,0,0,0,0,0,0,0,0,0,0,,,,,,,,,,,,,,,629,335,379,248,521,367,435,389,332,397,297,383
'220430,"Grape must, of an actual alcoholic strength of > 0,5% vol (excl. grape must whose fermentation ...",0,0,0,0,0,0,0,0,0,0,0,0,,,,,,,,,,,,,,,0,0,0,0,0,0,0,0,0,0,0,0
'220720,Denatured ethyl alcohol and other spirits of any strength,0,0,0,0,0,0,0,0,0,0,0,0,,,,,,,,,,,,,,,0,0,0,0,0,0,0,0,0,0,0,0
'230250,"Bran, sharps and other residues of leguminous plants, whether or not in the form of pellets, ...",0,0,0,0,0,0,0,0,0,0,0,0,,,,,,,,,,,,,,,18655,18776,20176,13561,26179,20317,23232,27385,25800,17802,22884,22887
'230500,"Oilcake and other solid residues, whether or not ground or in the form of pellets, resulting ...",0,0,0,0,0,0,0,0,0,0,0,0,,,,,,,,,,,,,,,807,554,799,512,622,698,855,703,638,403,693,616
'230620,"Oilcake and other solid residues, whether or not ground or in the form of pellets, resulting ...",0,0,0,0,0,0,0,0,0,0,0,0,,,,,,,,,,,,,,,0,0,0,0,0,0,0,0,0,0,0,0
'230690,"Oilcake and other solid residues, whether or not ground or in the form of pellets, resulting ...",0,0,0,0,0,0,0,0,0,0,0,0,,,,,,,,,,,,,,,0,0,0,0,0,0,0,0,0,0,0,0
'240220,"Cigarettes, containing tobacco",0,0,0,0,0,0,0,0,0,0,0,0,,,,,,,,,,,,,,,0,0,0,0,0,0,0,0,0,0,0,0
'252520,Mica powder,0,0,0,0,0,0,0,0,0,0,0,0,,,,,,,,,,,,,,,0,0,0,0,0,0,0,0,0,0,0,0
'252922,Fluorspar containing by weight > 97% calcium fluoride,0,0,0,0,0,0,0,0,0,0,0,0,,,,,,,,,,,,,,,0,0,0,0,0,0,0,0,0,0,0,0
'253090,"Arsenic sulfides, alunite, pozzuolana, earth colours and other mineral substances, n.e.s.",0,0,0,0,0,0,0,0,0,0,0,0,,,,,,,,,,,,,,,121,101,18,55,66,32,124,236,109,121,22,65
'262019,"Slag, ash and residues containing mainly zinc (excl. hard zinc spelter)",0,0,0,0,0,0,0,0,0,0,0,0,,,,,,,,,,,,,,,0,0,0,0,0,0,0,0,0,0,0,0
'270111,"Anthracite, whether or not pulverised, non-agglomerated",0,0,0,0,0,0,0,0,0,0,0,0,,,,,,,,,,,,,,,0,0,0,0,0,0,0,0,0,0,0,0
'270730,"Xylol ""xylenes"" containing > 50% of xylenes (excl. chemically defined)",0,0,0,0,0,0,0,0,0,0,0,0,,,,,,,,,,,,,,,0,0,1021,967,1020,0,0,0,0,0,0,1318
'852859,"Monitors (excl. with TV receiver, CRT and those designed for computer use)",0,0,0,0,0,0,0,0,0,0,0,0,,,,,,,,,,,,,,,37,330,18,24,12,11,20,10,151,12,7,8
'852990,"Parts suitable for use solely or principally with flat panel display modules, transmission ...",0,0,0,0,0,0,0,0,0,0,0,0,,,,,,,,,,,,,,,0,2260,2391,0,0,0,0,0,0,0,3,18
'853010,"Electrical signalling, safety or traffic control equipment for railways or tramways (excl. ...",0,0,0,0,0,0,0,0,0,0,0,0,,,,,,,,,,,,,,,0,0,0,0,0,0,0,0,0,0,0,0
'853221,"Fixed electrical capacitors, tantalum (excl. power capacitors)",0,0,0,0,0,0,0,0,0,0,0,0,,,,,,,,,,,,,,,0,0,0,0,2,0,0,0,0,0,0,0
'853529,"Automatic circuit breakers for a voltage >= 72,5 kV",0,0,0,0,0,0,0,0,0,0,0,0,,,,,,,,,,,,,,,0,0,0,0,0,0,0,0,0,0,0,0
'853690,"Electrical apparatus for switching electrical circuits, or for making connections to or in ...",0,0,0,0,0,0,0,0,0,0,0,0,,,,,,,,,,,,,,,197,367,184,382,162,88,283,314,311,157,89,118
'853720,"Boards, cabinets and similar combinations of apparatus for electric control or the distribution ...",0,0,0,0,0,0,0,0,0,0,0,0,,,,,,,,,,,,,,,0,0,517,0,478,0,0,0,0,294,0,285
'854060,"Cathoderay tubes (excl. television and video-monitor cathoderay tubes, television camera tubes, ...",0,0,0,0,0,0,0,0,0,0,0,0,,,,,,,,,,,,,,,0,0,0,0,0,0,0,0,0,0,0,0
'854099,"Parts of thermionic, cold cathode or photo cathode valves and tubes, n.e.s. (excl. parts of ...",0,0,0,0,0,0,0,0,0,0,0,0,,,,,,,,,,,,,,,0,0,0,0,0,0,0,0,0,0,0,0
'854390,"Parts of electrical machines and apparatus, having individual functions, n.e.s. in chapter ...",0,0,0,0,0,0,0,0,0,0,0,0,,,,,,,,,,,,,,,0,0,0,0,0,4,4,4,9,9,0,0
'854411,"Winding wire for electrical purposes, of copper, insulated",0,0,0,0,0,0,0,0,0,0,0,0,,,,,,,,,,,,,,,0,0,0,0,0,0,0,0,0,0,0,0
'854420,"Coaxial cable and other coaxial electric conductors, insulated",0,0,0,0,0,0,0,0,0,0,0,0,,,,,,,,,,,,,,,0,4,1,0,0,5,0,4,5,0,0,0
'854470,"Optical fibre cables made up of individually sheathed fibres, whether or not containing electric ...",0,0,0,0,0,0,0,0,0,0,0,0,,,,,,,,,,,,,,,0,0,0,9,0,17,0,4,0,0,0,5
'854511,"Electrodes of graphite or other carbon, for electric furnaces",0,0,0,0,0,0,0,0,0,0,0,0,,,,,,,,,,,,,,,0,0,0,0,0,0,0,0,0,1,0,0
'854590,"Articles of graphite or other carbon, for electrical purposes (excl. electrodes and carbon ...",0,0,0,0,0,0,0,0,0,0,0,0,,,,,,,,,,,,,,,0,0,0,0,0,0,0,0,0,0,0,0
'854620,Electrical insulators of ceramics (excl. insulating fittings),0,0,0,0,0,0,0,0,0,0,0,0,,,,,,,,,,,,,,,0,0,0,0,0,0,0,0,0,0,0,0
'854790,"Insulating fittings for electrical purposes, of materials other than ceramics or plastics; ...",0,0,0,0,0,0,0,0,0,0,0,0,,,,,,,,,,,,,,,0,0,0,0,0,0,0,0,0,0,0,0
'854919,"Primary cells, primary batteries and electric accumulators: spent goods and waste and scrap, ...",0,0,0,0,0,0,0,0,0,0,0,0,,,,,,,,,,,,,,,0,0,0,0,0,0,0,0,0,0,0,0
'860729,"Brakes (other than air brakes), and parts thereof, for railway or tramway locomotives or rolling ...",0,0,0,0,0,0,0,0,0,0,0,0,,,,,,,,,,,,,,,0,0,0,0,0,0,0,0,0,0,0,0
'870110,Pedestrian-controlled agricultural tractors and similar tractors for industry (excl. tractor ...,0,0,0,0,0,0,0,0,0,0,0,0,,,,,,,,,,,,,,,0,0,0,0,0,0,0,0,0,0,0,0
'870130,Track-laying tractors (excl. pedestrian-controlled),0,0,0,0,0,0,0,0,0,0,0,0,,,,,,,,,,,,,,,0,0,0,0,0,0,0,0,0,0,0,0
'870191,"Tractors, of an engine power <= 18 kW (excl. those of heading 8709, pedestrian-controlled tractors, ...",0,0,0,0,0,0,0,0,0,0,0,0,,,,,,,,,,,,,,,0,0,0,0,0,0,0,0,0,0,0,0
'870240,"Motor vehicles for the transport of >= 10 persons, incl. driver, with only electric motor for ...",0,0,0,0,0,0,0,0,0,0,0,0,,,,,,,,,,,,,,,0,0,0,0,0,0,0,0,0,0,0,0
'870310,Vehicles for the transport of,0,0,0,0,0,0,0,0,0,0,0,0,,,,,,,,,,,,,,,0,0,0,0,0,0,0,0,0,0,0,0
'870322,Motor cars and other motor vehicles principally designed for the transport of ...,0,0,0,0,0,0,0,0,0,0,0,0,,,,,,,,,,,,,,,64456,63627,0,0,45646,34425,45313,35031,0,7184,0,30575
'870360,Motor cars and other motor vehicles principally designed for the transport of ...,0,0,0,0,0,0,0,0,0,0,0,0,,,,,,,,,,,,,,,0,0,0,0,0,0,0,0,0,0,0,0
'870422,"Motor vehicles for the transport of goods, with only compression-ignition internal combustion ...",0,0,0,0,0,0,0,0,0,0,0,0,,,,,,,,,,,,,,,0,0,0,0,0,0,0,0,0,0,0,0
'870460,"Motor vehicles for the transport of goods, with only electric motor as motor for propulsion ...",0,0,0,0,0,0,0,0,0,0,0,0,,,,,,,,,,,,,,,0,0,0,0,0,0,0,0,0,0,0,0
'870880,"Suspension systems and parts thereof, incl. shock-absorbers, for tractors, motor vehicles for ...",0,0,0,0,0,0,0,0,0,0,0,0,,,,,,,,,,,,,,,2851,3673,4173,4090,3943,3991,4123,2660,4629,1478,2821,3395
'871120,"Motorcycles, incl. mopeds, with reciprocating internal combustion piston engine of a cylinder ...",0,0,0,0,0,0,0,0,0,0,0,0,,,,,,,,,,,,,,,0,0,0,0,0,0,0,0,0,0,0,0
'871640,"Trailers and semi-trailers, not designed for running on rails (excl. trailers and semi-trailers ...",0,0,0,0,0,0,0,0,0,0,0,0,,,,,,,,,,,,,,,0,0,0,0,163,0,0,131,146,99,120,79
'880211,Helicopters of an unladen weight <= 2.000 kg (excl. unmanned of heading 8806),0,0,0,0,0,0,0,0,0,0,0,0,,,,,,,,,,,,,,,0,0,0,0,0,0,0,0,0,0,0,0
'880693,"Unmanned aircraft, with maximum take-off weight > 7 kg but <= 25 kg (excl. for passenger carriage ...",0,0,0,0,0,0,0,0,0,0,0,0,,,,,,,,,,,,,,,0,0,0,0,0,0,0,0,0,0,0,0
'890110,"Cruise ships, excursion boats and similar vessels principally designed for the transport of ...",0,0,0,0,0,0,0,0,0,0,0,0,,,,,,,,,,,,,,,0,0,0,0,0,0,0,0,0,0,0,0
'890311,"Inflatable ""incl. rigid hull inflatable"" boats, for pleasure or sports, fitted or designed ...",0,0,0,0,0,0,0,0,0,0,0,0,,,,,,,,,,,,,,,0,0,0,0,0,0,0,0,0,0,0,0
'900290,"Lenses, prisms, mirrors and other optical elements, mounted, of any material, being parts of ...",0,0,0,0,0,0,0,0,0,0,0,0,,,,,,,,,,,,,,,0,0,0,0,0,0,0,0,0,0,0,0
'900319,"Frames and mountings for spectacles, goggles or the like (excl. of plastics)",0,0,0,0,0,0,0,0,0,0,0,0,,,,,,,,,,,,,,,0,0,0,0,0,0,0,0,0,0,0,0
'900410,Sunglasses,0,0,0,0,0,0,0,0,0,0,0,0,,,,,,,,,,,,,,,0,0,23,0,0,32,18,34,47,0,0,0
'900490,"Spectacles, goggles and the like, corrective, protective or other (excl. spectacles for testing ...",0,0,0,0,0,0,0,0,0,0,0,0,,,,,,,,,,,,,,,0,31,0,0,0,0,0,0,0,0,0,0
'900699,"Parts and accessories for photographic flashlights and flashlight apparatus, n.e.s.",0,0,0,0,0,0,0,0,0,0,0,0,,,,,,,,,,,,,,,0,0,0,0,0,0,0,0,0,0,0,0
'901060,Projection screens,0,0,0,0,0,0,0,0,0,0,0,0,,,,,,,,,,,,,,,0,0,0,0,0,0,0,0,0,0,0,0
'901420,Instruments and appliances for aeronautical or space navigation (excl. compasses and radio ...,0,0,0,0,0,0,0,0,0,0,0,0,,,,,,,,,,,,,,,0,0,0,0,0,0,0,0,0,0,0,0
'901730,"Micrometers, callipers and gauges (excl. gauges without adjustable devices of subheading 9031.80)",0,0,0,0,0,0,0,0,0,0,0,0,,,,,,,,,,,,,,,0,0,0,0,0,0,0,0,0,0,0,20
'901849,"Instruments and appliances used in dental sciences, n.e.s.",0,0,0,0,0,0,0,0,0,0,0,0,,,,,,,,,,,,,,,0,0,0,0,0,0,0,0,0,0,0,0
'902140,Hearing aids (excl. parts and accessories),0,0,0,0,0,0,0,0,0,0,0,0,,,,,,,,,,,,,,,0,0,0,0,0,0,0,0,0,0,0,0
'902490,Parts and accessories for machines and appliances for testing the mechanical properties of ...,0,0,0,0,0,0,0,0,0,0,0,0,,,,,,,,,,,,,,,0,0,0,0,0,0,0,0,0,0,0,0
'902519,"Thermometers and pyrometers, not combined with other instruments (excl. liquid-filled thermometers ...",0,0,0,0,0,0,0,0,0,0,0,0,,,,,,,,,,,,,,,80,40,4,68,84,40,27,5,11,25,177,55
'902820,"Liquid meters, incl. calibrating meters therefor",0,0,0,0,0,0,0,0,0,0,0,0,,,,,,,,,,,,,,,0,0,0,8,0,0,0,0,0,0,0,0
'903031,"Multimeters for voltage, current, resistance or electrical power, without recording device",0,0,0,0,0,0,0,0,0,0,0,0,,,,,,,,,,,,,,,0,0,0,0,0,0,0,0,0,0,0,0
'903082,"Instruments and apparatus for measuring or checking semiconductor wafers or devices, incl. ...",0,0,0,0,0,0,0,0,0,0,0,0,,,,,,,,,,,,,,,0,0,0,0,0,0,0,0,0,0,0,0
'903089,"Instruments and apparatus for measuring or checking electrical quantities, without recording ...",0,0,0,0,0,0,0,0,0,0,0,0,,,,,,,,,,,,,,,0,0,0,0,0,0,0,0,0,0,0,0
'903180,"Instruments, appliances and machines for measuring or checking, not elsewhere specified in ...",0,0,0,0,0,0,0,0,0,0,0,0,,,,,,,,,,,,,,,692,2448,331,779,1139,1191,767,525,975,1560,1388,368
'910111,"Wrist-watches of precious metal or of metal clad with precious metal, whether or not incorporating ...",0,0,0,0,0,0,0,0,0,0,0,0,,,,,,,,,,,,,,,0,0,0,0,0,0,0,0,0,0,0,0
'910299,"Pocket-watches and the like, incl. stop-watches, with hand or automatic winding (excl. of precious ...",0,0,0,0,0,0,0,0,0,0,0,0,,,,,,,,,,,,,,,0,0,0,0,0,0,0,0,0,0,0,0
'910390,"Clocks with watch movements (excl. electrically operated, wrist-watches, pocket-watches and ...",0,0,0,0,0,0,0,0,0,0,0,0,,,,,,,,,,,,,,,0,0,0,0,0,0,0,0,0,0,0,0
'910591,"Clocks, electrically operated (excl. wrist-watches, pocket-watches and other watches of heading ...",0,0,0,0,0,0,0,0,0,0,0,0,,,,,,,,,,,,,,,0,0,0,0,0,0,0,0,0,0,0,0
'911390,"Watch straps, watch bands and watch bracelets, and parts thereof, n.e.s.",0,0,0,0,0,0,0,0,0,0,0,0,,,,,,,,,,,,,,,0,0,0,0,0,0,0,0,0,0,0,0
'911440,Plates and bridges for clocks or watches,0,0,0,0,0,0,0,0,0,0,0,0,,,,,,,,,,,,,,,0,0,0,0,0,0,0,0,0,0,0,0
'920710,"Keyboard instruments, the sound of which is produced, or must be amplified, electrically (excl. ...",0,0,0,0,0,0,0,0,0,0,0,0,,,,,,,,,,,,,,,0,0,0,0,0,0,0,0,0,0,0,0
'920810,Musical boxes,0,0,0,0,0,0,0,0,0,0,0,0,,,,,,,,,,,,,,,0,0,0,0,0,0,0,0,0,0,0,0
'930190,"Military weapons, incl. sub-machine guns (excl. artillery weapons, rocket launchers, flame-throwers, ...",0,0,0,0,0,0,0,0,0,0,0,0,,,,,,,,,,,,,,,0,0,0,0,0,0,0,0,0,0,0,0
'930390,"Firearms and similar devices which operate by the firing of an explosive charge (excl. sporting, ...",0,0,0,0,0,0,0,0,0,0,0,0,,,,,,,,,,,,,,,0,0,0,0,0,0,0,0,0,0,0,0
'930629,Parts of cartridges for smooth-barrelled shotguns; lead shot for air rifles and pistols,0,0,0,0,0,0,0,0,0,0,0,0,,,,,,,,,,,,,,,128,232,513,526,447,0,0,224,0,232,161,345
'940110,Seats for aircraft,0,0,0,0,0,0,0,0,0,0,0,0,,,,,,,,,,,,,,,0,0,0,0,0,0,0,0,0,0,0,0
'940152,Seats of bamboo,0,0,0,0,0,0,0,0,0,0,0,0,,,,,,,,,,,,,,,0,0,0,0,0,0,0,0,0,0,0,0
'940153,Seats of rattan,0,0,0,0,0,0,0,0,0,0,0,0,,,,,,,,,,,,,,,0,0,0,0,0,0,0,0,0,0,0,0
'940171,"Upholstered seats, with metal frames (excl. seats for aircraft or motor vehicles, swivel seats ...",0,0,0,0,0,0,0,0,0,0,0,0,,,,,,,,,,,,,,,0,18,0,0,33,4,15,7,0,10,0,0
'940330,Wooden furniture for offices (excl. seats),0,0,0,0,0,0,0,0,0,0,0,0,,,,,,,,,,,,,,,94,113,0,41,13,59,60,18,49,0,48,26
'940539,Electric lighting strings of a kind used for Christmas trees (excl. those solely for light-emitting ...,0,0,0,0,0,0,0,0,0,0,0,0,,,,,,,,,,,,,,,0,0,0,0,0,0,0,0,0,0,0,0
'940549,"Electric luminaires and lighting fittings, n.e.s.",0,0,0,0,0,0,0,0,0,0,0,0,,,,,,,,,,,,,,,0,2,4,3,3,20,1,1,5,16,5,1
'950440,Playing cards,0,0,0,0,0,0,0,0,0,0,0,0,,,,,,,,,,,,,,,13,0,10,11,3,0,0,1,13,0,0,0
'960200,Worked vegetable or mineral carving material and articles of these materials n.e.s; moulded ...,0,0,0,0,0,0,0,0,0,0,0,0,,,,,,,,,,,,,,,12,0,33,0,0,50,0,0,0,13,5,0
'960310,"Brooms and brushes, consisting of twigs or other vegetable materials bound together, with or ...",0,0,0,0,0,0,0,0,0,0,0,0,,,,,,,,,,,,,,,0,0,0,0,0,0,0,0,0,0,0,0
'960329,"Shaving brushes, hair brushes, nail brushes, eyelash brushes and other brushes for use on the ...",0,0,0,0,0,0,0,0,0,0,0,0,,,,,,,,,,,,,,,0,0,17,10,0,1,0,1,12,2,0,34
'960629,"Buttons (excl. of plastics or base metal, not covered with textile material, press-fasteners, ...",0,0,0,0,0,0,0,0,0,0,0,0,,,,,,,,,,,,,,,0,0,0,0,0,0,0,0,0,0,0,0
'300259,"Cell cultures, whether or not modified (excl. cell therapy products)",0,0,0,0,0,0,0,0,0,0,0,0,,,,,,,,,,,,,,,0,0,0,0,0,0,0,0,0,0,0,0
'300339,"Medicaments containing hormones or steroids used as hormones, not containing antibiotics, not ...",0,0,0,0,0,0,0,0,0,0,0,0,,,,,,,,,,,,,,,0,0,0,0,0,0,0,0,0,0,0,0
'300439,"Medicaments containing hormones or steroids used as hormones but not antibiotics, put up in ...",0,0,0,0,0,0,0,0,0,0,0,0,,,,,,,,,,,,,,,7540,9115,9396,10047,5780,10485,7472,8640,10071,6746,5417,8183
'300442,"Medicaments containing pseudoephedrine ""INN"" or its salts, not containing hormones, steroids ...",0,0,0,0,0,0,0,0,0,0,0,0,,,,,,,,,,,,,,,1008,0,0,0,1290,0,0,0,0,0,0,0
'300650,First-aid boxes and kits,0,0,0,0,0,0,0,0,0,0,0,0,,,,,,,,,,,,,,,0,0,0,0,0,0,0,0,0,0,0,0
'320290,"Inorganic tanning substances; tanning preparations, whether or not containing natural tanning ...",0,0,0,0,0,0,0,0,0,0,0,0,,,,,,,,,,,,,,,0,166,118,72,122,51,317,203,90,100,95,83
'320413,Basic synthetic organic dyes; preparations based on basic synthetic organic dyes of a kind ...,0,0,0,0,0,0,0,0,0,0,0,0,,,,,,,,,,,,,,,0,0,0,18,0,7,0,0,2,0,0,1
'320414,Direct synthetic organic dyes; preparations based on direct synthetic organic dyes of a kind ...,0,0,0,0,0,0,0,0,0,0,0,0,,,,,,,,,,,,,,,0,3,0,0,0,0,0,0,3,3,0,44
'320619,Pigments and preparations based on titanium dioxide of a kind used for colouring any material ...,0,0,0,0,0,0,0,0,0,0,0,0,,,,,,,,,,,,,,,628,438,474,898,693,610,868,428,622,208,869,838
'320710,"Prepared pigments, prepared opacifiers, prepared colours and similar preparations of a kind ...",0,0,0,0,0,0,0,0,0,0,0,0,,,,,,,,,,,,,,,0,0,0,0,0,0,0,0,0,0,0,0
'320740,"Glass frit and other glass in the form of powder, granules or flakes",0,0,0,0,0,0,0,0,0,0,0,0,,,,,,,,,,,,,,,0,0,0,0,0,0,0,0,0,0,0,0
'321000,"Paints and varnishes, incl. enamels, lacquers and distempers (excl. those based on synthetic ...",0,0,0,0,0,0,0,0,0,0,0,0,,,,,,,,,,,,,,,104,0,0,7,0,0,0,0,10,0,6,7
'321590,"Ink, whether or not concentrated or solid (excl. printing ink)",0,0,0,0,0,0,0,0,0,0,0,0,,,,,,,,,,,,,,,0,0,0,0,0,0,0,0,0,0,2,0
'330113,"Oils of lemon, whether or not terpeneless, incl. concretes and absolutes",0,0,0,0,0,0,0,0,0,0,0,0,,,,,,,,,,,,,,,3166,3832,2711,12362,26827,42284,40340,17066,24656,25891,13419,6289
'330130,Resinoids,0,0,0,0,0,0,0,0,0,0,0,0,,,,,,,,,,,,,,,0,0,0,0,0,0,0,0,0,0,0,0
'330290,"Mixtures of odoriferous substances and mixtures, incl. alcoholic solutions, based on one or ...",0,0,0,0,0,0,0,0,0,0,0,0,,,,,,,,,,,,,,,1833,2559,1383,2195,1696,2021,1306,2076,1646,1410,1608,2190
'330530,Hair lacquers,0,0,0,0,0,0,0,0,0,0,0,0,,,,,,,,,,,,,,,22,21,68,66,46,20,82,23,33,45,40,0
'330610,"Dentifrices, incl. those used by dental practitioners",0,0,0,0,0,0,0,0,0,0,0,0,,,,,,,,,,,,,,,95,161,37,239,0,170,162,127,160,98,194,0
'340231,Linear alkylbenzene sulphonic acids and their salts,0,0,0,0,0,0,0,0,0,0,0,0,,,,,,,,,,,,,,,2258,2598,1979,2765,2144,2763,2455,2267,1665,2362,2645,3022
'340290,"Surface-active preparations, washing preparations, incl. auxiliary washing preparations and ...",0,0,0,0,0,0,0,0,0,0,0,0,,,,,,,,,,,,,,,686,1086,760,911,1578,685,880,1043,851,709,756,909
'340510,"Polishes, creams and similar preparations, for footwear or leather, whether or not in the form ...",0,0,0,0,0,0,0,0,0,0,0,0,,,,,,,,,,,,,,,62,0,0,0,0,162,2,0,0,0,0,0
'350610,"Products suitable for use as glues or adhesives put up for retail sale as glues or adhesives, ...",0,0,0,0,0,0,0,0,0,0,0,0,,,,,,,,,,,,,,,101,42,26,250,200,150,263,122,506,579,300,476
'360320,Detonating cords,0,0,0,0,0,0,0,0,0,0,0,0,,,,,,,,,,,,,,,0,0,0,0,0,0,0,0,0,0,0,0
'370254,"Photographic film, sensitised, in rolls, unexposed, with perforations, for colour photography ...",0,0,0,0,0,0,0,0,0,0,0,0,,,,,,,,,,,,,,,0,0,0,0,0,0,0,0,0,0,0,0
'370296,"Photographic film, sensitised, in rolls, unexposed, with perforations, for monochrome photography, ...",0,0,0,0,0,0,0,0,0,0,0,0,,,,,,,,,,,,,,,0,0,0,0,0,0,0,0,0,0,0,0
'380130,Carbonaceous pastes for electrodes and similar pastes for furnace linings,0,0,0,0,0,0,0,0,0,0,0,0,,,,,,,,,,,,,,,0,0,0,0,0,0,0,0,0,0,0,0
'380190,"Preparations based on graphite or other carbon in the form of pastes, blocks, plates or other ...",0,0,0,0,0,0,0,0,0,0,0,0,,,,,,,,,,,,,,,0,0,0,0,0,0,0,0,0,0,0,0
'380210,"Activated carbon (excl. medicaments or deodorant products for fridges, vehicles etc., put up ...",0,0,0,0,0,0,0,0,0,0,0,0,,,,,,,,,,,,,,,0,0,0,0,0,0,0,0,0,0,0,0
'380700,Wood tar; wood tar oils; wood creosote; wood naphtha; vegetable pitch; brewer's pitch and similar ...,0,0,0,0,0,0,0,0,0,0,0,0,,,,,,,,,,,,,,,0,0,0,0,0,0,0,0,0,0,0,0
'381090,"Fluxes and other auxiliary preparations for soldering, brazing or welding; preparations of ...",0,0,0,0,0,0,0,0,0,0,0,0,,,,,,,,,,,,,,,0,0,0,0,0,0,0,0,0,0,0,0
'381239,Anti-oxidising preparations and other compound stabilisers for rubber or plastics (excl. mixtures ...,0,0,0,0,0,0,0,0,0,0,0,0,,,,,,,,,,,,,,,996,553,755,1177,392,470,576,742,460,772,716,672
'381400,"Organic composite solvents and thinners, n.e.s.; prepared paint or varnish removers (excl. ...",0,0,0,0,0,0,0,0,0,0,0,0,,,,,,,,,,,,,,,35,23,27,14,75,26,11,30,29,24,20,35
'381511,"Supported catalysts with nickel or a nickel compound as the active substance, n.e.s.",0,0,0,0,0,0,0,0,0,0,0,0,,,,,,,,,,,,,,,0,0,0,0,0,0,0,0,0,0,0,0
'382000,Anti-freezing preparations and prepared de-icing fluids (excl. prepared additives for mineral ...,0,0,0,0,0,0,0,0,0,0,0,0,,,,,,,,,,,,,,,144,84,56,39,21,61,35,116,78,124,56,84
'382100,"Prepared culture media for the development or maintenance of micro-organisms ""incl. viruses ...",0,0,0,0,0,0,0,0,0,0,0,0,,,,,,,,,,,,,,,1656,1198,1563,1505,1282,1779,1578,1703,2184,639,0,1545
'382212,"Diagnostic or laboratory reagents on a backing, prepared diagnostic or laboratory reagents ...",0,0,0,0,0,0,0,0,0,0,0,0,,,,,,,,,,,,,,,0,0,0,0,0,0,0,0,0,0,0,0
'382440,"Prepared additives for cements, mortars or concretes",0,0,0,0,0,0,0,0,0,0,0,0,,,,,,,,,,,,,,,111,252,157,237,185,469,457,452,289,91,65,148
'382499,"Chemical products and preparations of the chemical or allied industries, incl. those consisting ...",0,0,0,0,0,0,0,0,0,0,0,0,,,,,,,,,,,,,,,3293,3287,4111,4185,4626,5000,4971,5695,3524,3440,4213,3604
'382761,"Mixtures containing other hydrofluorocarbons ""HFCs"" than in subheadings of 3827 till 3827.59, ...",0,0,0,0,0,0,0,0,0,0,0,0,,,,,,,,,,,,,,,0,0,0,0,0,0,0,0,0,0,0,0
'390210,"Polypropylene, in primary forms",0,0,0,0,0,0,0,0,0,0,0,0,,,,,,,,,,,,,,,0,8483,7982,10105,7605,9283,12820,8572,8088,9003,6568,7416
'390290,"Polymers of propylene or of other olefins, in primary forms (excl. polypropylene, polyisobutylene ...",0,0,0,0,0,0,0,0,0,0,0,0,,,,,,,,,,,,,,,0,0,0,0,0,19,0,0,0,0,0,0
'390450,"Vinylidene chloride polymers, in primary forms",0,0,0,0,0,0,0,0,0,0,0,0,,,,,,,,,,,,,,,0,0,0,0,0,0,0,0,0,0,0,0
'390750,"Alkyd resins, in primary forms",0,0,0,0,0,0,0,0,0,0,0,0,,,,,,,,,,,,,,,549,386,560,387,522,382,594,710,572,440,540,584
'391212,"Plasticised cellulose acetates, in primary forms",0,0,0,0,0,0,0,0,0,0,0,0,,,,,,,,,,,,,,,0,0,0,0,0,0,0,0,0,0,0,0
'391220,"Cellulose nitrates, incl. collodions, in primary forms",0,0,0,0,0,0,0,0,0,0,0,0,,,,,,,,,,,,,,,0,0,0,0,0,0,0,0,0,0,0,0
'391239,"Cellulose ethers, in primary forms (excl. carboxymethylcellulose and its salts)",0,0,0,0,0,0,0,0,0,0,0,0,,,,,,,,,,,,,,,0,0,0,0,0,0,0,0,51,42,17,8
'391290,"Cellulose and chemical derivatives thereof, n.e.s., in primary forms (excl. cellulose acetates, ...",0,0,0,0,0,0,0,0,0,0,0,0,,,,,,,,,,,,,,,0,0,0,0,0,0,0,0,0,0,0,0
'391690,"Monofilament of which any cross-sectional dimension > 1 mm, rods, sticks and profile shapes, ...",0,0,0,0,0,0,0,0,0,0,0,0,,,,,,,,,,,,,,,195,197,20,82,90,153,377,0,22,0,177,286
'391722,"Rigid tubes, pipes and hoses of polymers of propylene",0,0,0,0,0,0,0,0,0,0,0,0,,,,,,,,,,,,,,,470,313,595,464,635,528,820,484,645,264,289,763
'391810,"Floor coverings, whether or not self-adhesive, in rolls or in the form of tiles, and wall or ...",0,0,0,0,0,0,0,0,0,0,0,0,,,,,,,,,,,,,,,0,0,23,0,0,0,63,0,54,17,7,58
'392010,"Plates, sheets, film, foil and strip, of non-cellular polymers of ethylene, not reinforced, ...",0,0,0,0,0,0,0,0,0,0,0,0,,,,,,,,,,,,,,,1970,2133,2097,2414,1846,2298,2065,2033,1995,1746,1819,2476
'392073,"Plates, sheets, film, foil and strip, of non-cellular cellulose acetates, not reinforced, laminated, ...",0,0,0,0,0,0,0,0,0,0,0,0,,,,,,,,,,,,,,,0,0,0,0,0,0,0,0,0,0,0,0
'392099,"Plates, sheets, film, foil and strip, of non-cellular plastics, n.e.s., not reinforced, laminated, ...",0,0,0,0,0,0,0,0,0,0,0,0,,,,,,,,,,,,,,,6,0,2,1,0,1,5,0,0,0,5,15
'392390,"Articles for the conveyance or packaging of goods, of plastics (excl. boxes, cases, crates ...",0,0,0,0,0,0,0,0,0,0,0,0,,,,,,,,,,,,,,,1839,1870,1312,1829,1632,1697,1480,1563,1578,1588,1718,1603
'392510,"Reservoirs, tanks, vats and similar containers, of plastics, with a capacity of > 300 l",0,0,0,0,0,0,0,0,0,0,0,0,,,,,,,,,,,,,,,15,62,0,21,7,0,0,86,100,0,78,63
'400211,"Styrene-butadiene rubber latex ""SBR""; carboxylated styrene-butadiene rubber latex ""XSBR""",0,0,0,0,0,0,0,0,0,0,0,0,,,,,,,,,,,,,,,0,0,0,0,0,0,0,0,0,0,0,0
'400942,"Tubes, pipes and hoses, of vulcanised rubber (excl. hard rubber), reinforced or otherwise combined ...",0,0,0,0,0,0,0,0,0,0,0,0,,,,,,,,,,,,,,,50,0,8,141,136,80,64,8,18,65,28,60
'401019,"Conveyor belts or belting, of vulcanised rubber (excl. reinforced only with metal or only with ...",0,0,0,0,0,0,0,0,0,0,0,0,,,,,,,,,,,,,,,7,2,4,0,13,14,14,5,14,12,3,5
'401032,"Endless transmission belts of trapezoidal cross-section ""V-belts"", of vulcanised rubber, of ...",0,0,0,0,0,0,0,0,0,0,0,0,,,,,,,,,,,,,,,1,0,0,0,3,2,5,2,0,0,0,0
'401130,"New pneumatic tyres, of rubber, of a kind used for aircraft",0,0,0,0,0,0,0,0,0,0,0,0,,,,,,,,,,,,,,,0,0,0,0,0,0,0,0,0,0,0,0
'401310,"Inner tubes, of rubber, of a kind used on motor cars, incl. station wagons and racing cars, ...",0,0,0,0,0,0,0,0,0,0,0,0,,,,,,,,,,,,,,,0,0,0,0,0,0,0,0,0,0,0,0
'401699,"Articles of vulcanised rubber (excl. hard rubber), n.e.s.",0,0,0,0,0,0,0,0,0,0,0,0,,,,,,,,,,,,,,,695,644,275,708,362,493,436,729,549,565,506,419
'410320,"Raw hides and skins of reptiles, fresh or salted, dried, limed, pickled or otherwise preserved ...",0,0,0,0,0,0,0,0,0,0,0,0,,,,,,,,,,,,,,,0,0,0,0,0,0,0,0,0,0,0,0
'410530,"Skins of sheep or lambs, in the dry state ""crust"", without wool on, whether or not split (excl. ...",0,0,0,0,0,0,0,0,0,0,0,0,,,,,,,,,,,,,,,0,0,0,0,0,0,0,0,0,0,0,0
'410622,"Hides and skins of goats or kids, in the dry state ""crust"", without wool on, whether or not ...",0,0,0,0,0,0,0,0,0,0,0,0,,,,,,,,,,,,,,,0,0,0,0,0,0,0,0,0,0,0,0
'420292,"Travelling-bags, insulated food or beverage bags, toilet bags, rucksacks, shopping-bags, map-cases, ...",0,0,0,0,0,0,0,0,0,0,0,0,,,,,,,,,,,,,,,296,115,136,40,94,157,199,47,120,148,70,137
'430310,"Articles of apparel and clothing accessories of furskin (excl. gloves made of leather and furskin, ...",0,0,0,0,0,0,0,0,0,0,0,0,,,,,,,,,,,,,,,0,0,0,0,0,0,0,0,0,0,0,0
'440141,"Sawdust, not agglomerated",0,0,0,0,0,0,0,0,0,0,0,0,,,,,,,,,,,,,,,0,0,0,17,14,25,15,0,0,0,11,7
'440290,"Wood charcoal, whether or not agglomerated (excl. of bamboo or shell or nut, charcoal used ...",0,0,0,0,0,0,0,0,0,0,0,0,,,,,,,,,,,,,,,1290,1316,1254,1752,1392,2049,2409,1530,1217,1211,978,1256
'440612,"Railway or tramway sleepers ""cross-ties"" of wood, not impregnated, non-coniferous",0,0,0,0,0,0,0,0,0,0,0,0,,,,,,,,,,,,,,,0,0,0,0,0,0,0,0,0,0,0,0
'441194,"Fibreboard of wood or other ligneous materials, whether or not agglomerated with resins or ...",0,0,0,0,0,0,0,0,0,0,0,0,,,,,,,,,,,,,,,0,0,0,0,0,0,0,0,0,0,0,0
'441210,"Plywood, veneered panel and similar laminated wood, of bamboo, not containing particle board ...",0,0,0,0,0,0,0,0,0,0,0,0,,,,,,,,,,,,,,,0,0,0,0,0,0,0,0,0,0,0,0
'441231,"Plywood consisting solely of sheets of wood <= 6 mm thick, with at least one outer ply of tropical ...",0,0,0,0,0,0,0,0,0,0,0,0,,,,,,,,,,,,,,,0,0,0,0,0,0,0,0,0,0,0,0
'441490,"Wooden frames for paintings, photographs, mirrors or similar objects (excl. of tropical wood)",0,0,0,0,0,0,0,0,0,0,0,0,,,,,,,,,,,,,,,0,0,0,0,0,0,0,0,0,0,0,0
'441520,"Pallets, box pallets and other load boards, of wood; pallet collars of wood (excl. containers ...",0,0,0,0,0,0,0,0,0,0,0,0,,,,,,,,,,,,,,,46,57,21,23,43,9,25,14,33,12,9,2
'441700,"Tools, tool bodies, tool handles, broom or brush bodies and handles, of wood; boot or shoe ...",0,0,0,0,0,0,0,0,0,0,0,0,,,,,,,,,,,,,,,0,163,179,0,292,0,340,143,452,153,275,319
'441840,Wooden shuttering for concrete constructional work (excl. plywood boarding),0,0,0,0,0,0,0,0,0,0,0,0,,,,,,,,,,,,,,,0,0,0,0,0,0,0,0,0,0,0,0
'441875,"Flooring panels, multilayer, assembled, of wood other than bamboo (excl. for mosaic floors)",0,0,0,0,0,0,0,0,0,0,0,0,,,,,,,,,,,,,,,0,0,0,0,0,0,0,0,0,0,0,0
'441889,Engineered structural timber products (excl. glue-laminated or cross-laminated timber and I ...,0,0,0,0,0,0,0,0,0,0,0,0,,,,,,,,,,,,,,,0,0,0,0,0,0,0,0,0,0,0,0
'442110,Clothes hangers of wood,0,0,0,0,0,0,0,0,0,0,0,0,,,,,,,,,,,,,,,0,0,0,0,0,0,0,0,0,0,0,0
'450190,"Cork waste; crushed, powdered or ground cork",0,0,0,0,0,0,0,0,0,0,0,0,,,,,,,,,,,,,,,0,0,0,0,0,0,0,0,0,0,0,0
'470429,"Semi-bleached or bleached non-coniferous chemical wood pulp, sulphite (excl. dissolving grades)",0,0,0,0,0,0,0,0,0,0,0,0,,,,,,,,,,,,,,,0,0,0,0,0,0,0,0,0,0,0,0
'470630,Pulps of fibrous cellulosic bamboo material,0,0,0,0,0,0,0,0,0,0,0,0,,,,,,,,,,,,,,,0,0,0,0,0,0,0,0,0,0,0,0
'470691,"Mechanical pulp of fibrous cellulosic material (excl. that of bamboo, wood, cotton linters ...",0,0,0,0,0,0,0,0,0,0,0,0,,,,,,,,,,,,,,,0,0,0,0,0,0,0,0,0,0,0,0
'480100,"Newsprint as specified in Note 4 to chapter 48, in rolls of a width > 28 cm or in square or ...",0,0,0,0,0,0,0,0,0,0,0,0,,,,,,,,,,,,,,,0,0,0,0,0,0,0,0,0,0,0,0
'480255,"Uncoated paper and paperboard, of a kind used for writing, printing or other graphic purposes, ...",0,0,0,0,0,0,0,0,0,0,0,0,,,,,,,,,,,,,,,0,0,0,0,0,0,0,0,0,94,0,0
'480269,"Uncoated paper and paperboard, of a kind used for writing, printing or other graphic purposes, ...",0,0,0,0,0,0,0,0,0,0,0,0,,,,,,,,,,,,,,,0,0,0,0,0,0,0,0,0,0,0,0
'480300,"Toilet or facial tissue stock, towel or napkin stock and similar paper for household or sanitary ...",0,0,0,0,0,0,0,0,0,0,0,0,,,,,,,,,,,,,,,0,322,0,0,0,839,0,3962,4174,0,2275,0
'480421,"Unbleached sack kraft paper, uncoated, in rolls of a width > 36 cm (excl. goods of heading ...",0,0,0,0,0,0,0,0,0,0,0,0,,,,,,,,,,,,,,,0,0,0,0,0,0,0,0,0,0,0,0
'480550,"Felt paper and paperboard, in rolls of a width > 36 cm or in square or rectangular sheets with ...",0,0,0,0,0,0,0,0,0,0,0,0,,,,,,,,,,,,,,,0,0,0,0,0,0,0,0,0,0,0,0
'480592,"Paper and paperboard, uncoated, in rolls of a width > 36 cm or in square or rectangular sheets ...",0,0,0,0,0,0,0,0,0,0,0,0,,,,,,,,,,,,,,,0,0,0,0,0,0,0,0,0,0,0,0
'481013,"Paper and paperboard used for writing, printing or other graphic purposes, not containing fibres ...",0,0,0,0,0,0,0,0,0,0,0,0,,,,,,,,,,,,,,,0,0,0,0,0,0,0,0,0,0,0,0
'481039,"Kraft paper and paperboard, coated on one or both sides with kaolin or other inorganic substances, ...",0,0,0,0,0,0,0,0,0,0,0,0,,,,,,,,,,,,,,,0,0,0,0,0,0,0,0,0,0,0,0
'481159,"Paper and paperboard, surface-coloured, surface-decorated or printed, coated, impregnated or ...",0,0,0,0,0,0,0,0,0,0,0,0,,,,,,,,,,,,,,,0,179,131,43,386,0,337,137,147,0,167,0
'481190,"Paper, paperboard, cellulose wadding and webs of soft cellulose, coated, impregnated, covered, ...",0,0,0,0,0,0,0,0,0,0,0,0,,,,,,,,,,,,,,,23,1,4,156,221,447,499,312,111,133,40,79
'481320,Cigarette paper in rolls of a width of <= 5 cm,0,0,0,0,0,0,0,0,0,0,0,0,,,,,,,,,,,,,,,0,0,0,0,0,0,0,0,0,0,0,0
'481850,"Articles of apparel and clothing accessories, of paper pulp, paper, cellulose wadding or webs ...",0,0,0,0,0,0,0,0,0,0,0,0,,,,,,,,,,,,,,,0,0,0,0,0,0,0,0,0,0,0,0
'482190,"Paper or paperboard labels of all kinds, non-printed",0,0,0,0,0,0,0,0,0,0,0,0,,,,,,,,,,,,,,,34,0,94,17,8,0,36,0,62,3,0,28
'490290,"Newspapers, journals and periodicals, whether or not illustrated or containing advertising ...",0,0,0,0,0,0,0,0,0,0,0,0,,,,,,,,,,,,,,,24,62,28,37,38,37,18,27,31,0,48,0
'510610,Carded wool yarn containing >= 85% wool by weight (excl. that put up for retail sale),0,0,0,0,0,0,0,0,0,0,0,0,,,,,,,,,,,,,,,0,0,0,0,0,0,0,0,0,0,0,0
'511130,"Woven fabrics containing predominantly, but < 85% carded wool or carded fine animal hair by ...",0,0,0,0,0,0,0,0,0,0,0,0,,,,,,,,,,,,,,,0,0,0,0,0,0,0,0,0,0,0,0
'511219,Woven fabrics containing >= 85% combed wool or combed fine animal hair by weight and weighing ...,0,0,0,0,0,0,0,0,0,0,0,0,,,,,,,,,,,,,,,0,0,0,0,0,0,0,0,0,0,0,0
'511230,"Woven fabrics containing predominantly, but < 85% combed wool or combed fine animal hair by ...",0,0,0,0,0,0,0,0,0,0,0,0,,,,,,,,,,,,,,,0,0,0,0,0,0,0,0,0,0,0,0
'511290,"Woven fabrics containing predominantly, but < 85% combed wool or combed fine animal hair by ...",0,0,0,0,0,0,0,0,0,0,0,0,,,,,,,,,,,,,,,0,0,0,0,0,0,0,0,0,0,0,0
'520299,"Cotton waste (excl. yarn waste, thread waste and garnetted stock)",0,0,0,0,0,0,0,0,0,0,0,0,,,,,,,,,,,,,,,0,178,233,0,234,180,177,0,125,109,96,132
'520522,"Single cotton yarn, of combed fibres, containing >= 85% cotton by weight and with a linear ...",0,0,0,0,0,0,0,0,0,0,0,0,,,,,,,,,,,,,,,0,0,0,0,0,0,0,0,0,0,0,0
'520523,"Single cotton yarn, of combed fibres, containing >= 85% cotton by weight and with a linear ...",0,0,0,0,0,0,0,0,0,0,0,0,,,,,,,,,,,,,,,0,0,0,180,0,0,0,0,0,0,335,0
'520543,"Multiple ""folded"" or cabled cotton yarn, of combed fibres, containing >= 85% cotton by weight ...",0,0,0,0,0,0,0,0,0,0,0,0,,,,,,,,,,,,,,,0,0,0,0,0,0,0,0,0,0,0,0
'520622,"Single cotton yarn containing predominantly, but < 85% cotton by weight, of combed fibres and ...",0,0,0,0,0,0,0,0,0,0,0,0,,,,,,,,,,,,,,,0,0,0,0,0,0,0,0,0,0,0,0
'520623,"Single cotton yarn containing predominantly, but < 85% cotton by weight, of combed fibres and ...",0,0,0,0,0,0,0,0,0,0,0,0,,,,,,,,,,,,,,,0,0,0,0,0,0,0,0,0,0,0,0
'520811,"Plain woven fabrics of cotton, containing >= 85% cotton by weight and weighing <= 100 g/m_, ...",0,0,0,0,0,0,0,0,0,0,0,0,,,,,,,,,,,,,,,0,0,0,0,0,0,0,0,0,0,0,0
'520921,"Plain woven fabrics of cotton, containing >= 85% cotton by weight and weighing > 200 g/m_, ...",0,0,0,0,0,0,0,0,0,0,0,0,,,,,,,,,,,,,,,0,0,0,0,0,0,0,0,0,0,0,0
'520942,"Denim, containing >= 85% cotton by weight and weighing > 200 g/m_, made of yarn of different ...",0,0,0,0,0,0,0,0,0,0,0,0,,,,,,,,,,,,,,,0,0,0,0,0,0,0,0,0,0,0,0
'521119,"Woven fabrics of cotton, containing predominantly, but < 85% cotton by weight, mixed principally ...",0,0,0,0,0,0,0,0,0,0,0,0,,,,,,,,,,,,,,,0,0,0,0,0,0,0,0,0,0,0,0
'521132,"Woven fabrics of cotton, containing predominantly, but < 85% cotton by weight, mixed principally ...",0,0,0,0,0,0,0,0,0,0,0,0,,,,,,,,,,,,,,,0,0,0,0,0,0,0,0,0,0,0,0
'521142,"Denim, containing predominantly, but < 85% cotton by weight, mixed principally or solely with ...",0,0,0,0,0,0,0,0,0,0,0,0,,,,,,,,,,,,,,,0,0,0,0,0,0,0,0,0,0,0,0
'521143,"Woven fabrics of cotton, containing predominantly, but < 85% cotton by weight, mixed principally ...",0,0,0,0,0,0,0,0,0,0,0,0,,,,,,,,,,,,,,,0,0,0,0,0,0,0,0,0,0,0,0
'521159,"Woven fabrics of cotton, containing predominantly, but < 85% cotton by weight, mixed principally ...",0,0,0,0,0,0,0,0,0,0,0,0,,,,,,,,,,,,,,,0,0,0,0,0,0,0,0,0,0,0,0
'530911,"Woven fabrics of flax, containing >= 85% flax by weight, unbleached or bleached",0,0,0,0,0,0,0,0,0,0,0,0,,,,,,,,,,,,,,,0,0,0,0,0,0,0,0,0,0,0,0
'540411,Elastomeric monofilament of >= 67 decitex and with a cross sectional dimension of <= 1 mm,0,0,0,0,0,0,0,0,0,0,0,0,,,,,,,,,,,,,,,0,0,0,0,0,0,0,0,0,0,0,0
'540730,"Woven fabrics of synthetic filament yarn, incl. monofilament of >= 67 decitex and with a cross ...",0,0,0,0,0,0,0,0,0,0,0,0,,,,,,,,,,,,,,,0,0,0,0,0,0,0,0,0,0,0,0
'540743,Woven fabrics of yarn containing >= 85% by weight of filaments of nylon or other polyamides ...,0,0,0,0,0,0,0,0,0,0,0,0,,,,,,,,,,,,,,,0,0,0,0,0,0,0,0,0,0,0,0
'540783,"Woven fabrics of yarn containing predominantly, but < 85% synthetic filament by weight, incl. ...",0,0,0,0,0,0,0,0,0,0,0,0,,,,,,,,,,,,,,,0,0,0,0,0,0,0,0,0,0,0,0
'540784,"Woven fabrics of yarn containing predominantly, but < 85% synthetic filament by weight, incl. ...",0,0,0,0,0,0,0,0,0,0,0,0,,,,,,,,,,,,,,,0,0,0,0,0,0,0,0,0,0,0,0
'550390,"Synthetic staple fibres, not carded, combed or otherwise processed for spinning (excl. those ...",0,0,0,0,0,0,0,0,0,0,0,0,,,,,,,,,,,,,,,0,0,0,0,0,0,0,0,0,0,0,0
'550921,Single yarn containing >= 85% polyester staple fibres by weight (excl. sewing thread and yarn ...,0,0,0,0,0,0,0,0,0,0,0,0,,,,,,,,,,,,,,,0,0,0,0,0,0,0,0,0,0,0,0
'551030,"Yarn containing predominantly, but < 85% artificial staple fibres by weight, mixed principally ...",0,0,0,0,0,0,0,0,0,0,0,0,,,,,,,,,,,,,,,0,0,0,0,0,0,0,0,0,0,0,0
'551219,"Woven fabrics containing >= 85% polyester staple fibres by weight, dyed, made of yarn of different ...",0,0,0,0,0,0,0,0,0,0,0,0,,,,,,,,,,,,,,,0,0,0,0,0,0,0,0,0,0,0,0
'551341,"Plain woven fabrics containing predominantly, but < 85% polyester staple fibres by weight, ...",0,0,0,0,0,0,0,0,0,0,0,0,,,,,,,,,,,,,,,0,0,0,0,0,0,0,0,0,0,0,0
'551512,"Woven fabrics containing predominantly, but < 85% polyester staple fibres by weight, mixed ...",0,0,0,0,0,0,0,0,0,0,0,0,,,,,,,,,,,,,,,0,0,0,0,0,0,0,0,0,0,0,0
'551513,"Woven fabrics containing predominantly, but < 85% polyester staple fibres by weight, mixed ...",0,0,0,0,0,0,0,0,0,0,0,0,,,,,,,,,,,,,,,0,0,0,0,0,0,0,0,0,0,0,0
'551522,"Woven fabrics containing predominantly, but < 85% acrylic or modacrylic staple fibres by weight, ...",0,0,0,0,0,0,0,0,0,0,0,0,,,,,,,,,,,,,,,0,0,0,0,0,0,0,0,0,0,0,0
'551692,"Woven fabrics containing predominantly, but < 85% artificial staple fibres by weight, other ...",0,0,0,0,0,0,0,0,0,0,0,0,,,,,,,,,,,,,,,0,0,0,0,0,0,0,0,0,0,0,0
'551693,"Woven fabrics containing predominantly, but < 85% artificial staple fibres by weight, other ...",0,0,0,0,0,0,0,0,0,0,0,0,,,,,,,,,,,,,,,0,0,0,0,0,0,0,0,0,0,0,0
'560392,"Nonwovens, whether or not impregnated, coated, covered or laminated, n.e.s., weighing > 25 ...",0,0,0,0,0,0,0,0,0,0,0,0,,,,,,,,,,,,,,,0,0,0,0,0,0,0,0,0,0,0,0
'560721,"Binder or baler twine, of sisal or other textile fibres of the genus Agave",0,0,0,0,0,0,0,0,0,0,0,0,,,,,,,,,,,,,,,0,0,0,0,0,0,0,0,0,0,0,0
'560900,"Articles of yarn, strip or the like of heading 5404 or 5405, or of twine, cordage, ropes or ...",0,0,0,0,0,0,0,0,0,0,0,0,,,,,,,,,,,,,,,69,0,63,0,0,121,0,0,41,46,0,0
'570210,"Kelem, Schumacks, Karamanie and similar hand-woven rugs, whether or not made up",0,0,0,0,0,0,0,0,0,0,0,0,,,,,,,,,,,,,,,0,0,0,0,0,0,0,0,0,0,0,0
'570339,"Carpets and other floor coverings, of man-made textile materials, tufted ""needle punched"", ...",0,0,0,0,0,0,0,0,0,0,0,0,,,,,,,,,,,,,,,0,0,0,0,0,0,0,0,0,0,0,0
'570410,"Floor tiles, of felt, not tufted or flocked, with an area of <= 0,3 m_",0,0,0,0,0,0,0,0,0,0,0,0,,,,,,,,,,,,,,,0,0,0,0,0,0,0,0,0,0,0,0
'570490,"Carpets and other floor coverings, of felt, not tufted or flocked, whether or not made up (excl. ...",0,0,0,0,0,0,0,0,0,0,0,0,,,,,,,,,,,,,,,0,0,0,0,0,0,6,0,0,0,0,0
'580133,"Cut weft pile fabrics, of man-made fibres (excl. terry towelling and similar woven terry fabrics, ...",0,0,0,0,0,0,0,0,0,0,0,0,,,,,,,,,,,,,,,0,0,0,0,0,0,0,0,0,0,0,0
'580421,"Mechanically made lace of man-made fibres in the piece, in strips or in motifs (excl. fabrics ...",0,0,0,0,0,0,0,0,0,0,0,0,,,,,,,,,,,,,,,0,0,0,0,0,0,0,0,0,0,0,0
'580610,"Narrow woven pile fabrics, incl. terry towelling and similar terry fabrics, and chenille fabrics, ...",0,0,0,0,0,0,0,0,0,0,0,0,,,,,,,,,,,,,,,0,0,0,0,0,0,0,0,0,0,0,0
'590190,Tracing cloth; prepared painting canvas; buckram and similar stiffened textile fabrics of a ...,0,0,0,0,0,0,0,0,0,0,0,0,,,,,,,,,,,,,,,0,0,0,0,0,0,0,0,0,0,0,0
'590220,"Tyre cord fabric of high-tenacity polyester yarn, whether or not dipped or impregnated with ...",0,0,0,0,0,0,0,0,0,0,0,0,,,,,,,,,,,,,,,0,0,0,0,0,0,0,0,0,0,0,0
'590320,"Textile fabrics impregnated, coated, covered or laminated with polyurethane (excl. wallcoverings ...",0,0,0,0,0,0,0,0,0,0,0,0,,,,,,,,,,,,,,,0,0,0,0,0,0,0,0,0,0,0,0
'600121,"Looped pile fabrics of cotton, knitted or crocheted",0,0,0,0,0,0,0,0,0,0,0,0,,,,,,,,,,,,,,,0,0,0,0,0,0,0,0,0,0,0,0
'600191,"Pile fabrics of cotton, knitted or crocheted (excl. ""long pile"" fabrics)",0,0,0,0,0,0,0,0,0,0,0,0,,,,,,,,,,,,,,,0,0,0,0,0,0,0,0,0,0,0,0
'600410,"Knitted or crocheted fabrics, of a width of > 30 cm, containing >= 5% by weight elastomeric ...",0,0,0,0,0,0,0,0,0,0,0,0,,,,,,,,,,,,,,,0,0,0,0,0,0,0,0,0,0,0,0
'600543,"Warp knit fabrics of artificial fibres, of yarns of different colours ""incl. those made on ...",0,0,0,0,0,0,0,0,0,0,0,0,,,,,,,,,,,,,,,0,0,0,0,0,0,0,0,0,0,0,0
'600624,"Printed cotton fabrics, knitted or crocheted, of a width of > 30 cm (excl. warp knit fabrics ...",0,0,0,0,0,0,0,0,0,0,0,0,,,,,,,,,,,,,,,0,0,0,0,0,0,0,0,0,0,0,0
'600644,"Printed fabrics, knitted or crocheted, of artificial fibres, of a width of > 30 cm (excl. warp ...",0,0,0,0,0,0,0,0,0,0,0,0,,,,,,,,,,,,,,,0,0,0,0,0,0,0,0,0,0,0,0
'610210,"Women's or girls' overcoats, car coats, capes, cloaks, anoraks, incl. ski jackets, windcheaters, ...",0,0,0,0,0,0,0,0,0,0,0,0,,,,,,,,,,,,,,,0,0,0,0,0,0,0,0,12,0,0,0
'610329,"Men's or boys' ensembles of textile materials (excl. wool, fine animal hair, cotton or synthetic ...",0,0,0,0,0,0,0,0,0,0,0,0,,,,,,,,,,,,,,,0,0,0,0,0,0,0,0,0,0,0,0
'610341,"Men's or boys' trousers, bib and brace overalls, breeches and shorts of wool or fine animal ...",0,0,0,0,0,0,0,0,0,0,0,0,,,,,,,,,,,,,,,0,0,0,0,0,0,0,0,0,0,0,0
'610413,"Women's or girls' suits of synthetic fibres, knitted or crocheted (excl. ski overalls and swimwear)",0,0,0,0,0,0,0,0,0,0,0,0,,,,,,,,,,,,,,,0,0,0,0,0,0,0,0,0,0,0,0
'610433,"Women's or girls' jackets and blazers of synthetic fibres, knitted or crocheted (excl. wind-jackets ...",0,0,0,0,0,0,0,0,0,0,0,0,,,,,,,,,,,,,,,0,0,0,0,0,0,0,0,0,0,0,0
'610461,"Women's or girls' trousers, bib and brace overalls, breeches and shorts of wool or fine animal ...",0,0,0,0,0,0,0,0,0,0,0,0,,,,,,,,,,,,,,,0,0,0,0,0,0,0,0,0,0,0,0
'610821,"Women's or girls' briefs and panties of cotton, knitted or crocheted",0,0,0,0,0,0,0,0,0,0,0,0,,,,,,,,,,,,,,,1,5,0,3,4,0,0,0,2,3,0,0
'611030,"Jerseys, pullovers, cardigans, waistcoats and similar articles, of man-made fibres, knitted ...",0,0,0,0,0,0,0,0,0,0,0,0,,,,,,,,,,,,,,,20,30,36,19,24,14,8,4,15,4,25,39
'611190,"Babies' garments and clothing accessories of textile materials, knitted or crocheted (excl. ...",0,0,0,0,0,0,0,0,0,0,0,0,,,,,,,,,,,,,,,0,0,0,0,0,0,0,0,0,0,0,0
'611490,"Special garments for professional, sporting or other purposes, n.e.s., of textile materials, ...",0,0,0,0,0,0,0,0,0,0,0,0,,,,,,,,,,,,,,,0,0,0,0,0,0,0,0,0,0,0,0
'611529,"Pantyhose and tights of textile materials, knitted or crocheted (excl. graduated compression ...",0,0,0,0,0,0,0,0,0,0,0,0,,,,,,,,,,,,,,,0,0,0,0,0,0,0,0,0,0,0,0
'611610,"Gloves, mittens and mitts, impregnated, coated, covered or laminated with plastics or rubber, ...",0,0,0,0,0,0,0,0,0,0,0,0,,,,,,,,,,,,,,,0,0,0,0,0,0,0,0,0,0,0,0
'620130,"Men's or boys' overcoats, car-coats, capes, cloaks, anoraks, incl. ski jackets, wind-cheaters, ...",0,0,0,0,0,0,0,0,0,0,0,0,,,,,,,,,,,,,,,3,2,5,3,2,0,3,0,2,0,0,0
'620323,"Men's or boys' ensembles of synthetic fibres (excl. knitted or crocheted, ski ensembles and ...",0,0,0,0,0,0,0,0,0,0,0,0,,,,,,,,,,,,,,,0,0,0,0,0,0,0,0,0,0,0,0
'620341,"Men's or boys' trousers, bib and brace overalls, breeches and shorts, of wool or fine animal ...",0,0,0,0,0,0,0,0,0,0,0,0,,,,,,,,,,,,,,,0,0,0,0,0,0,0,0,0,0,0,0
'620343,"Men's or boys' trousers, bib and brace overalls, breeches and shorts of synthetic fibres (excl. ...",0,0,0,0,0,0,0,0,0,0,0,0,,,,,,,,,,,,,,,0,9,7,31,69,9,15,8,6,8,0,0
'620530,"Men's or boys' shirts of man-made fibres (excl. knitted or crocheted, nightshirts, singlets ...",0,0,0,0,0,0,0,0,0,0,0,0,,,,,,,,,,,,,,,0,1,1,6,0,0,1,8,10,1,0,0
'620722,"Men's or boys' nightshirts and pyjamas of man-made fibres (excl. knitted or crocheted, vests, ...",0,0,0,0,0,0,0,0,0,0,0,0,,,,,,,,,,,,,,,0,0,0,0,0,0,0,0,0,0,0,0
'620821,"Women's or girls' nightdresses and pyjamas of cotton (excl. knitted or crocheted, vests and ...",0,0,0,0,0,0,0,0,0,0,0,0,,,,,,,,,,,,,,,0,0,0,0,0,0,0,0,0,0,0,0
'621143,"Women's or girls' tracksuits and other garments, n.e.s. of man-made fibres (excl. knitted or ...",0,0,0,0,0,0,0,0,0,0,0,0,,,,,,,,,,,,,,,20,1,3,9,20,3,3,10,3,13,0,1
'621390,"Handkerchiefs of textile materials, of which no side exceeds 60 cm (excl. of cotton, and knitted ...",0,0,0,0,0,0,0,0,0,0,0,0,,,,,,,,,,,,,,,0,0,0,0,0,0,0,0,0,0,0,0
'621410,"Shawls, scarves, mufflers, mantillas, veils and similar articles of silk or silk waste (excl. ...",0,0,0,0,0,0,0,0,0,0,0,0,,,,,,,,,,,,,,,0,0,0,0,0,0,0,0,0,0,0,0
'621590,"Ties, bow ties and cravats of textile materials (excl. of silk, silk waste or man-made fibres, ...",0,0,0,0,0,0,0,0,0,0,0,0,,,,,,,,,,,,,,,0,0,0,0,0,0,0,0,0,0,0,0
'630130,"Blankets and travelling rugs of cotton (excl. electric, table covers, bedspreads and articles ...",0,0,0,0,0,0,0,0,0,0,0,0,,,,,,,,,,,,,,,0,0,0,0,3,0,1,0,8,0,0,0
'630240,"Table linen, knitted or crocheted",0,0,0,0,0,0,0,0,0,0,0,0,,,,,,,,,,,,,,,0,0,0,0,0,0,0,0,0,0,0,0
'630259,"Table linen of textile materials (excl. of cotton or man-made fibres, knitted or crocheted)",0,0,0,0,0,0,0,0,0,0,0,0,,,,,,,,,,,,,,,0,0,0,0,0,0,0,0,0,0,0,0
'630532,"Flexible intermediate bulk containers, for the packing of goods, of synthetic or man-made textile ...",0,0,0,0,0,0,0,0,0,0,0,0,,,,,,,,,,,,,,,0,0,0,0,0,0,0,0,0,0,0,0
'630533,"Sacks and bags, for the packing of goods, of polyethylene or polypropylene strip or the like ...",0,0,0,0,0,0,0,0,0,0,0,0,,,,,,,,,,,,,,,11,0,0,29,0,0,0,10,0,0,0,65
'630622,Tents of synthetic fibres (excl. umbrella and play tents),0,0,0,0,0,0,0,0,0,0,0,0,,,,,,,,,,,,,,,0,0,0,0,0,0,0,0,0,31,3,0
'630640,Pneumatic mattresses of textile materials,0,0,0,0,0,0,0,0,0,0,0,0,,,,,,,,,,,,,,,0,0,0,0,0,0,0,0,0,0,0,0
'640319,"Sports footwear, with outer soles of rubber, plastics, leather or composition leather and uppers ...",0,0,0,0,0,0,0,0,0,0,0,0,,,,,,,,,,,,,,,0,0,0,0,0,0,0,0,0,0,0,0
'640359,"Footwear with outer soles and uppers of leather (excl. covering the ankle, incorporating a ...",0,0,0,0,0,0,0,0,0,0,0,0,,,,,,,,,,,,,,,32,9,0,0,0,94,21,6,5,7,17,0
'640411,"Sports footwear, incl. tennis shoes, basketball shoes, gym shoes, training shoes and the like, ...",0,0,0,0,0,0,0,0,0,0,0,0,,,,,,,,,,,,,,,0,0,286,0,0,0,0,0,0,0,0,0
'650610,"Safety headgear, whether or not lined or trimmed",0,0,0,0,0,0,0,0,0,0,0,0,,,,,,,,,,,,,,,23,0,0,0,0,0,0,21,0,0,11,0
'660390,"Parts, trimmings and accessories for umbrellas and sun umbrellas of heading 6601 or for walking ...",0,0,0,0,0,0,0,0,0,0,0,0,,,,,,,,,,,,,,,0,0,0,0,0,0,0,0,0,0,0,0
'680100,"Setts, curbstones and flagstones, of natural stone (excl. slate)",0,0,0,0,0,0,0,0,0,0,0,0,,,,,,,,,,,,,,,0,0,0,0,0,76,0,0,0,0,0,0
'680990,Articles of plaster or of compositions based on plaster (excl. plaster bandages for straightening ...,0,0,0,0,0,0,0,0,0,0,0,0,,,,,,,,,,,,,,,15,0,8,11,22,0,2,0,0,4,17,2
'681019,"Tiles, flagstones, bricks and similar articles, of cement, concrete or artificial stone (excl. ...",0,0,0,0,0,0,0,0,0,0,0,0,,,,,,,,,,,,,,,128,0,145,155,176,136,247,94,112,176,70,174
'681519,"Articles of graphite or carbon, for non-electrical purposes (excl. carbon fibres and articles ...",0,0,0,0,0,0,0,0,0,0,0,0,,,,,,,,,,,,,,,0,0,0,0,22,0,9,18,8,5,0,3
'681591,"Articles of stone or other mineral substances, n.e.s. containing magnesite, magnesia in the ...",0,0,0,0,0,0,0,0,0,0,0,0,,,,,,,,,,,,,,,0,0,0,0,0,0,0,0,0,0,0,0
'690320,"Retorts, crucibles, mufflers, nozzles, plugs, supports, cupels, tubes, pipes, sheaths, rods ...",0,0,0,0,0,0,0,0,0,0,0,0,,,,,,,,,,,,,,,0,0,0,0,0,48,0,0,0,19,0,0
'690590,"Ceramic chimney pots, cowls, chimney liners, architectural ornaments and other ceramic constructional ...",0,0,0,0,0,0,0,0,0,0,0,0,,,,,,,,,,,,,,,0,0,0,0,0,0,0,0,0,0,0,0
'690721,"Ceramic flags and paving, hearth or wall tiles, of a water absorption coefficient by weight ...",0,0,0,0,0,0,0,0,0,0,0,0,,,,,,,,,,,,,,,744,507,307,287,309,291,338,182,239,266,96,285
'690919,"Ceramic wares for chemical or other technical uses (excl. of porcelain or china, articles having ...",0,0,0,0,0,0,0,0,0,0,0,0,,,,,,,,,,,,,,,0,0,0,0,0,0,0,0,0,0,0,0
'700232,Tubes of glass having a linear coefficient of expansion <= 5 x 10-6 per kelvin within a temperature ...,0,0,0,0,0,0,0,0,0,0,0,0,,,,,,,,,,,,,,,0,0,0,0,0,0,0,0,0,0,0,0
'700312,"Cast glass and rolled glass, in non-wired sheets, coloured throughout the mass ""body tinted"", ...",0,0,0,0,0,0,0,0,0,0,0,0,,,,,,,,,,,,,,,0,0,0,0,0,0,0,0,0,0,0,0
'700510,"Float glass and surface ground or polished glass, in sheets, having an absorbent, reflecting ...",0,0,0,0,0,0,0,0,0,0,0,0,,,,,,,,,,,,,,,0,0,0,0,0,0,0,0,0,0,0,0
'701328,"Drinking glasses, stemware (excl. of glass ceramics or of lead crystal)",0,0,0,0,0,0,0,0,0,0,0,0,,,,,,,,,,,,,,,0,0,1,4,11,0,0,0,2,0,0,0
'701349,Glassware for table or kitchen purposes (excl. glass having a linear coefficient of expansion ...,0,0,0,0,0,0,0,0,0,0,0,0,,,,,,,,,,,,,,,76,46,134,163,78,191,35,71,40,59,0,77
'701710,"Laboratory, hygienic or pharmaceutical glassware, whether or not graduated or calibrated, of ...",0,0,0,0,0,0,0,0,0,0,0,0,,,,,,,,,,,,,,,0,0,0,0,0,0,0,0,0,0,0,0
'701913,"Yarn and slivers of glass fibres (excl. in chopped strands of a length of <= 50 mm, and rovings)",0,0,0,0,0,0,0,0,0,0,0,0,,,,,,,,,,,,,,,0,0,0,0,0,0,0,0,0,0,0,0
'701969,"Mechanically bonded fabrics of glass fibres (excl. closed fabrics of rovings, and woven fabrics)",0,0,0,0,0,0,0,0,0,0,0,0,,,,,,,,,,,,,,,0,0,0,0,0,0,0,0,0,0,0,0
'710121,"Cultured pearls, unworked, whether or not graded",0,0,0,0,0,0,0,0,0,0,0,0,,,,,,,,,,,,,,,0,0,0,0,0,0,0,0,0,0,0,0
'711011,"Platinum, unwrought or in powder form",0,0,0,0,0,0,0,0,0,0,0,0,,,,,,,,,,,,,,,0,0,0,0,0,0,0,0,0,0,0,0
'711420,"Articles of goldsmiths' or silversmiths' wares and parts thereof, of base metal clad with precious ...",0,0,0,0,0,0,0,0,0,0,0,0,,,,,,,,,,,,,,,0,0,0,0,0,0,0,0,0,0,0,0
'720211,"Ferro-manganese, containing by weight > 2% of carbon",0,0,0,0,0,0,0,0,0,0,0,0,,,,,,,,,,,,,,,0,0,0,0,0,0,0,0,0,0,0,0
'720229,"Ferro-silicon, containing by weight <= 55% silicon",0,0,0,0,0,0,0,0,0,0,0,0,,,,,,,,,,,,,,,0,0,0,0,0,0,0,0,0,0,0,0
'720241,"Ferro-chromium, containing by weight > 4% of carbon",0,0,0,0,0,0,0,0,0,0,0,0,,,,,,,,,,,,,,,0,0,0,0,0,0,0,0,0,0,0,0
'720410,"Waste and scrap, of cast iron (excl. radioactive)",0,0,0,0,0,0,0,0,0,0,0,0,,,,,,,,,,,,,,,0,0,0,0,0,0,0,0,0,0,0,0
'720430,"Waste and scrap of tinned iron or steel (excl. radioactive, and waste and scrap of batteries ...",0,0,0,0,0,0,0,0,0,0,0,0,,,,,,,,,,,,,,,0,0,0,0,0,0,0,0,0,0,0,0
'720719,"Semi-finished products of iron or non-alloy steel containing, by weight, < 0,25% of carbon, ...",0,0,0,0,0,0,0,0,0,0,0,0,,,,,,,,,,,,,,,0,0,0,0,0,0,0,0,0,0,0,0
'721069,"Flat-rolled products of iron or non-alloy steel, of a width of >= 600 mm, hot-rolled or cold-rolled ...",0,0,0,0,0,0,0,0,0,0,0,0,,,,,,,,,,,,,,,0,0,0,0,0,0,0,0,0,0,0,0
'721922,"Flat-rolled products of stainless steel, of a width of >= 600 mm, not further worked than hot-rolled, ...",0,0,0,0,0,0,0,0,0,0,0,0,,,,,,,,,,,,,,,0,0,0,0,0,0,0,0,0,0,0,0
'721932,"Flat-rolled products of stainless steel, of a width of >= 600 mm, not further worked than cold-rolled ...",0,0,0,0,0,0,0,0,0,0,0,0,,,,,,,,,,,,,,,0,0,0,0,0,0,0,0,0,0,0,0
'721935,"Flat-rolled products of stainless steel, of a width of >= 600 mm, not further worked than cold-rolled ...",0,0,0,0,0,0,0,0,0,0,0,0,,,,,,,,,,,,,,,0,0,0,0,0,0,0,0,0,0,0,0
'722011,"Flat-rolled products of stainless steel, of a width of < 600 mm, not further worked than hot-rolled, ...",0,0,0,0,0,0,0,0,0,0,0,0,,,,,,,,,,,,,,,0,0,0,0,0,0,0,0,0,0,0,0
'722012,"Flat-rolled products of stainless steel, of a width of < 600 mm, not further worked than hot-rolled, ...",0,0,0,0,0,0,0,0,0,0,0,0,,,,,,,,,,,,,,,0,0,0,0,0,0,0,0,0,0,0,0
'722211,"Bars and rods of stainless steel, only hot-rolled, only hot-drawn or only hot-extruded, of ...",0,0,0,0,0,0,0,0,0,0,0,0,,,,,,,,,,,,,,,0,0,0,0,0,0,0,0,0,0,0,0
'722810,"Bars and rods of high-speed steel (excl. semi-finished products, flat-rolled products and hot-rolled ...",0,0,0,0,0,0,0,0,0,0,0,0,,,,,,,,,,,,,,,0,0,0,0,0,0,0,0,0,0,0,0
'722870,"Angles, shapes and sections of alloy steel other than stainless, n.e.s.",0,0,0,0,0,0,0,0,0,0,0,0,,,,,,,,,,,,,,,0,0,0,0,0,0,0,0,0,0,0,0
'730110,"Sheet piling of iron or steel, whether or not drilled, punched or made from assembled elements",0,0,0,0,0,0,0,0,0,0,0,0,,,,,,,,,,,,,,,0,0,0,0,0,0,0,0,0,0,0,0
'730423,"Drill pipe, seamless, of a kind used in drilling for oil or gas, of iron or steel (excl. products ...",0,0,0,0,0,0,0,0,0,0,0,0,,,,,,,,,,,,,,,0,0,0,0,0,0,0,0,0,0,0,0
'730630,"Tubes, pipes and hollow profiles, welded, of circular cross-section, of iron or non-alloy steel ...",0,0,0,0,0,0,0,0,0,0,0,0,,,,,,,,,,,,,,,370,48,38,36,31,54,74,206,99,66,53,67
'730650,"Tubes, pipes and hollow profiles, welded, of circular cross-section, of alloy steel other than ...",0,0,0,0,0,0,0,0,0,0,0,0,,,,,,,,,,,,,,,0,4,13,8,0,0,0,0,161,23,0,3
'730719,Cast tube or pipe fittings of iron or steel (excl. products of non-malleable cast iron),0,0,0,0,0,0,0,0,0,0,0,0,,,,,,,,,,,,,,,1,14,5,18,5,1,9,12,14,9,30,15
'730810,"Bridges and bridge-sections, of iron or steel",0,0,0,0,0,0,0,0,0,0,0,0,,,,,,,,,,,,,,,0,0,0,0,0,0,0,0,0,0,0,0
'731581,Stud-link of iron or steel,0,0,0,0,0,0,0,0,0,0,0,0,,,,,,,,,,,,,,,0,0,0,0,0,0,0,0,0,0,0,0
'731812,Wood screws of iron or steel (excl. coach screws),0,0,0,0,0,0,0,0,0,0,0,0,,,,,,,,,,,,,,,0,16,0,0,0,29,0,0,6,0,0,1
'731815,"Threaded screws and bolts, of iron or steel, whether or not with their nuts and washers (excl. ...",0,0,0,0,0,0,0,0,0,0,0,0,,,,,,,,,,,,,,,885,686,852,938,824,1038,726,789,635,486,511,790
'732111,"Appliances for baking, frying, grilling and cooking and plate warmers, for domestic use, of ...",0,0,0,0,0,0,0,0,0,0,0,0,,,,,,,,,,,,,,,0,32,0,0,0,0,5,5,0,0,0,3
'732591,"Grinding balls and similar articles for mills, cast (excl. such articles of non-malleable cast ...",0,0,0,0,0,0,0,0,0,0,0,0,,,,,,,,,,,,,,,0,0,0,0,0,0,0,0,0,0,0,0
'732690,"Articles of iron or steel, n.e.s. (excl. cast articles or articles of iron or steel wire)",0,0,0,0,0,0,0,0,0,0,0,0,,,,,,,,,,,,,,,1027,1148,1039,1466,1390,1697,1798,1669,1161,1210,1638,1039
'740319,"Copper, refined, unwrought (excl. copper in the form of billets, wire-bars, cathodes and sections ...",0,0,0,0,0,0,0,0,0,0,0,0,,,,,,,,,,,,,,,0,0,0,0,0,0,0,0,0,0,0,0
'740322,"Copper-tin base alloys ""bronze"" unwrought",0,0,0,0,0,0,0,0,0,0,0,0,,,,,,,,,,,,,,,0,0,0,0,0,0,0,0,0,0,0,0
'740822,"Wire of copper-nickel alloys ""cupro-nickel"" or copper-nickel-zinc alloys ""nickel silver""",0,0,0,0,0,0,0,0,0,0,0,0,,,,,,,,,,,,,,,0,0,0,0,0,0,0,0,0,0,0,0
'740911,"Plates, sheets and strip, of refined copper, in coils, of a thickness of > 0,15 mm (excl. expanded ...",0,0,0,0,0,0,0,0,0,0,0,0,,,,,,,,,,,,,,,0,0,0,0,0,0,0,0,0,0,0,0
'740939,"Plates, sheets and strip, of copper-tin base alloys ""bronze"", of a thickness of > 0,15 mm, ...",0,0,0,0,0,0,0,0,0,0,0,0,,,,,,,,,,,,,,,0,0,0,0,0,0,0,0,0,0,0,0
'740940,"Plates, sheets and strip, of copper-nickel base alloys ""cupro-nickel"" or copper-nickel-zinc ...",0,0,0,0,0,0,0,0,0,0,0,0,,,,,,,,,,,,,,,0,0,0,0,0,0,0,0,0,0,0,0
'741121,"Tubes and pipes of copper-zinc base alloys ""brass""",0,0,0,0,0,0,0,0,0,0,0,0,,,,,,,,,,,,,,,0,0,0,0,0,0,0,0,0,0,0,0
'760120,Unwrought aluminium alloys,0,0,0,0,0,0,0,0,0,0,0,0,,,,,,,,,,,,,,,52715,0,11299,0,29216,2539,32693,35179,42673,30249,14974,45254
'760410,"Bars, rods and profiles, of non-alloy aluminium, n.e.s.",0,0,0,0,0,0,0,0,0,0,0,0,,,,,,,,,,,,,,,15,0,0,0,0,0,0,0,0,0,0,0
'760611,"Plates, sheets and strip, of non-alloy aluminium, of a thickness of > 0,2 mm, square or rectangular ...",0,0,0,0,0,0,0,0,0,0,0,0,,,,,,,,,,,,,,,0,93,0,0,75,0,0,0,18,0,0,0
'761520,"Sanitary ware and parts thereof, of aluminium (excl. cans, boxes and similar containers of ...",0,0,0,0,0,0,0,0,0,0,0,0,,,,,,,,,,,,,,,0,0,0,0,0,0,0,0,0,0,0,0
'780191,"Unwrought lead, containing by weight antimony as the principal other element",0,0,0,0,0,0,0,0,0,0,0,0,,,,,,,,,,,,,,,1108,0,1208,1897,2465,1482,2752,1640,2549,2664,0,2506
'790112,"Unwrought zinc, not alloyed, containing by weight < 99,99% of zinc",0,0,0,0,0,0,0,0,0,0,0,0,,,,,,,,,,,,,,,0,0,0,0,0,0,0,0,0,0,0,0
'790310,Zinc dust,0,0,0,0,0,0,0,0,0,0,0,0,,,,,,,,,,,,,,,0,0,0,0,0,0,0,0,0,0,0,0
'800700,"Articles of tin, n.e.s.",0,0,0,0,0,0,0,0,0,0,0,0,,,,,,,,,,,,,,,0,0,0,0,0,0,0,0,0,0,0,0
'810194,"Unwrought tungsten, incl. bars and rods of tungsten obtained simply by sintering",0,0,0,0,0,0,0,0,0,0,0,0,,,,,,,,,,,,,,,0,0,0,0,0,0,0,0,0,0,0,0
'810690,"Bismuth and articles thereof incl. waste and scrap, containing <= 99,99 % of bismuth by weight, ...",0,0,0,0,0,0,0,0,0,0,0,0,,,,,,,,,,,,,,,0,0,0,0,0,0,0,0,0,0,0,0
'810999,"Articles of zirconium, containing => 1 part hafnium to 500 parts zirconium by weight, n.e.s.",0,0,0,0,0,0,0,0,0,0,0,0,,,,,,,,,,,,,,,0,0,0,0,0,0,0,0,0,0,0,0
'811299,"Articles of niobium ""columbium"", gallium, indium, vanadium and germanium, n.e.s.",0,0,0,0,0,0,0,0,0,0,0,0,,,,,,,,,,,,,,,0,0,0,0,0,0,0,0,0,0,0,0
'820110,"Spades and shovels, with working parts of base metal",0,0,0,0,0,0,0,0,0,0,0,0,,,,,,,,,,,,,,,21,27,1,11,29,0,37,5,0,0,11,40
'820239,"Circular saw blades, incl. slitting or slotting saw blades, and parts thereof, of base metal, ...",0,0,0,0,0,0,0,0,0,0,0,0,,,,,,,,,,,,,,,0,0,0,0,0,0,0,0,0,0,0,0
'820240,Chainsaw blades of base metal,0,0,0,0,0,0,0,0,0,0,0,0,,,,,,,,,,,,,,,0,0,0,0,0,0,0,0,0,0,0,0
'820412,"Hand-operated spanners and wrenches, incl. torque meter wrenches, of base metal, adjustable ...",0,0,0,0,0,0,0,0,0,0,0,0,,,,,,,,,,,,,,,0,87,279,106,26,0,0,183,46,5,1,406
'820420,"Interchangeable spanner sockets, with or without handles, of base metal",0,0,0,0,0,0,0,0,0,0,0,0,,,,,,,,,,,,,,,0,24,0,11,0,0,0,4,0,0,0,4
'820760,Interchangeable tools for boring or broaching,0,0,0,0,0,0,0,0,0,0,0,0,,,,,,,,,,,,,,,0,0,0,0,0,0,0,0,0,0,0,0
'820830,"Knives and cutting blades, of base metal, for kitchen appliances or for machines used by the ...",0,0,0,0,0,0,0,0,0,0,0,0,,,,,,,,,,,,,,,25,35,0,30,17,42,2,11,21,10,40,47
'820900,"Plates, sticks, tips and the like for tools, unmounted, of sintered metal carbides or cermets",0,0,0,0,0,0,0,0,0,0,0,0,,,,,,,,,,,,,,,0,0,0,0,0,0,0,0,0,0,0,0
'821193,"Knives having other than fixed blades, incl. pruning knives, of base metal (excl. razors)",0,0,0,0,0,0,0,0,0,0,0,0,,,,,,,,,,,,,,,0,0,0,0,0,0,0,0,0,0,0,0
'821420,"Manicure or pedicure sets and instruments, incl. nail files, of base metal (excl. ordinary ...",0,0,0,0,0,0,0,0,0,0,0,0,,,,,,,,,,,,,,,0,0,1,0,0,0,0,0,2,0,0,0
'821591,"Spoons, forks, ladles, skimmers, cake-servers, fish-knives, butter-knives, sugar tongs and ...",0,0,0,0,0,0,0,0,0,0,0,0,,,,,,,,,,,,,,,0,0,0,0,0,0,0,0,0,0,0,0
'830130,"Locks used for furniture, of base metal",0,0,0,0,0,0,0,0,0,0,0,0,,,,,,,,,,,,,,,0,0,0,0,0,0,0,0,0,0,0,0
'830250,"Hat-racks, hat-pegs, brackets and similar fixtures of base metal",0,0,0,0,0,0,0,0,0,0,0,0,,,,,,,,,,,,,,,59,1354,49,425,369,19,29,58,329,24,26,45
'830820,"Tubular or bifurcated rivets, of base metal",0,0,0,0,0,0,0,0,0,0,0,0,,,,,,,,,,,,,,,0,29,18,10,0,0,0,0,0,0,55,0
'831120,"Cored wire of base metal, for electric arc-welding",0,0,0,0,0,0,0,0,0,0,0,0,,,,,,,,,,,,,,,0,0,0,0,0,0,0,0,0,0,0,0
'840220,Superheated water boilers,0,0,0,0,0,0,0,0,0,0,0,0,,,,,,,,,,,,,,,0,0,0,0,0,0,0,0,0,0,0,0
'840682,"Steam and other vapour turbines, of an output <= 40 MW (excl. those for marine propulsion)",0,0,0,0,0,0,0,0,0,0,0,0,,,,,,,,,,,,,,,0,0,0,0,0,0,0,0,0,0,0,0
'840732,"Spark-ignition reciprocating piston engine, of a kind used for the propulsion of vehicles of ...",0,0,0,0,0,0,0,0,0,0,0,0,,,,,,,,,,,,,,,0,0,0,0,0,0,0,0,0,0,0,0
'841191,"Parts of turbojets or turbopropellers, n.e.s.",0,0,0,0,0,0,0,0,0,0,0,0,,,,,,,,,,,,,,,0,0,0,0,0,0,0,0,206,0,0,0
'841290,"Parts of non-electrical engines and motors, n.e.s.",0,0,0,0,0,0,0,0,0,0,0,0,,,,,,,,,,,,,,,51,199,110,157,185,276,196,235,264,154,556,179
'841381,"Pumps for liquids, power-driven (excl. those of subheading 8413.11 and 8413.19, fuel, lubricating ...",0,0,0,0,0,0,0,0,0,0,0,0,,,,,,,,,,,,,,,11,40,28,52,48,28,60,17,56,4,6,6
'841690,"Parts of furnace burners such as mechanical stokers, incl. their mechanical grates, mechanical ...",0,0,0,0,0,0,0,0,0,0,0,0,,,,,,,,,,,,,,,0,41,41,0,5,0,0,49,0,3,0,0
'841810,"Combined refrigerator-freezers, with separate external doors or drawers, or combinations thereof",0,0,0,0,0,0,0,0,0,0,0,0,,,,,,,,,,,,,,,0,0,0,0,0,0,0,0,0,0,0,0
'841869,Refrigerating or freezing equipment (excl. refrigerating and freezing furniture),0,0,0,0,0,0,0,0,0,0,0,0,,,,,,,,,,,,,,,36,152,56,56,483,318,0,183,105,102,13,64
'841981,"Machinery, plant and equipment for making hot drinks or for cooking or heating food (excl. ...",0,0,0,0,0,0,0,0,0,0,0,0,,,,,,,,,,,,,,,0,285,166,231,420,597,370,276,567,0,387,849
'842290,"Parts of dishwashing machines, packing or wrapping machinery and other machinery and apparatus ...",0,0,0,0,0,0,0,0,0,0,0,0,,,,,,,,,,,,,,,497,426,792,477,540,697,566,633,611,506,434,435
'842441,"Agricultural or horticultural sprayers, portable",0,0,0,0,0,0,0,0,0,0,0,0,,,,,,,,,,,,,,,0,0,0,0,0,0,0,0,0,0,0,0
'842489,"Mechanical appliances, whether or not hand-operated, for projecting, dispersing or spraying ...",0,0,0,0,0,0,0,0,0,0,0,0,,,,,,,,,,,,,,,170,274,154,532,906,451,846,452,423,467,347,285
'842820,Pneumatic elevators and conveyors,0,0,0,0,0,0,0,0,0,0,0,0,,,,,,,,,,,,,,,28,0,0,61,0,0,0,0,70,0,0,0
'842832,"Continuous-action elevators and conveyors for goods or materials, bucket type (excl. for underground ...",0,0,0,0,0,0,0,0,0,0,0,0,,,,,,,,,,,,,,,0,0,66,0,0,0,0,0,0,0,0,0
'842833,"Continuous-action elevators and conveyors for goods or materials, belt type (excl. those for ...",0,0,0,0,0,0,0,0,0,0,0,0,,,,,,,,,,,,,,,199,78,97,142,77,0,336,0,110,45,67,221
'842959,"Self-propelled mechanical shovels, excavators and shovel loaders (excl. self-propelled mechanical ...",0,0,0,0,0,0,0,0,0,0,0,0,,,,,,,,,,,,,,,0,0,0,0,0,0,0,0,0,0,0,0
'843110,"Parts of pulley tackles and hoists (other than skip hoists), winches, capstans and jacks, n.e.s.",0,0,0,0,0,0,0,0,0,0,0,0,,,,,,,,,,,,,,,2,19,2,0,0,15,4,6,11,4,2,0
'843242,Fertiliser distributors (excl. sprayers and manure spreaders),0,0,0,0,0,0,0,0,0,0,0,0,,,,,,,,,,,,,,,0,81,0,0,0,0,0,0,0,0,0,0
'843351,Combine harvester-threshers,0,0,0,0,0,0,0,0,0,0,0,0,,,,,,,,,,,,,,,0,0,0,0,0,0,0,0,0,0,0,0
'843490,"Parts of milking machines and dairy machinery, n.e.s.",0,0,0,0,0,0,0,0,0,0,0,0,,,,,,,,,,,,,,,1,96,39,71,6,0,57,45,134,20,45,82
'843850,Machinery for the industrial preparation of meat or poultry (excl. cooking and other heating ...,0,0,0,0,0,0,0,0,0,0,0,0,,,,,,,,,,,,,,,45,0,97,8,122,0,63,52,678,51,82,45
'843991,"Parts of machinery for making pulp of fibrous cellulosic material, n.e.s.",0,0,0,0,0,0,0,0,0,0,0,0,,,,,,,,,,,,,,,0,0,0,0,0,0,0,0,0,0,0,0
'844110,"Cutting machines for making up paper pulp, paper or paperboard (excl. bookbinding machinery ...",0,0,0,0,0,0,0,0,0,0,0,0,,,,,,,,,,,,,,,0,0,0,0,0,0,0,0,0,0,0,0
'844851,"Sinkers, needles and other articles used in forming stitches, for machines of heading 8447",0,0,0,0,0,0,0,0,0,0,0,0,,,,,,,,,,,,,,,0,0,0,0,0,0,0,0,0,0,0,0
'845229,"Sewing machines, industrial type (excl. automatic units)",0,0,0,0,0,0,0,0,0,0,0,0,,,,,,,,,,,,,,,0,0,0,0,0,0,0,0,0,0,0,0
'845620,"Machine tools for working any material by removal of material, operated by ultrasonic processes ...",0,0,0,0,0,0,0,0,0,0,0,0,,,,,,,,,,,,,,,0,0,0,0,0,0,0,0,0,0,0,0
'845690,"Machine tools for working any material by removal of material, operated by electro-chemical, ...",0,0,0,0,0,0,0,0,0,0,0,0,,,,,,,,,,,,,,,0,0,0,0,0,0,0,0,0,0,0,0
'845941,"Boring machines for metals, numerically controlled (excl. way-type unit head machines and boring-milling ...",0,0,0,0,0,0,0,0,0,0,0,0,,,,,,,,,,,,,,,0,0,0,0,0,0,0,0,0,0,0,0
'845961,"Milling machines for metals, numerically controlled (excl. way-type unit head machines, boring-milling ...",0,0,0,0,0,0,0,0,0,0,0,0,,,,,,,,,,,,,,,0,0,0,0,0,0,0,0,0,0,0,0
'846031,"Sharpening ""tool or cutter grinding"" machines, numerically controlled",0,0,0,0,0,0,0,0,0,0,0,0,,,,,,,,,,,,,,,0,0,0,0,0,0,0,0,0,0,0,0
'846040,"Honing or lapping machines, for working metals, metal carbides or cermets (excl. gear cutting, ...",0,0,0,0,0,0,0,0,0,0,0,0,,,,,,,,,,,,,,,0,0,0,0,0,0,0,0,0,0,0,0
'846222,"Profile forming machines, for flat products",0,0,0,0,0,0,0,0,0,0,0,0,,,,,,,,,,,,,,,0,0,0,0,0,0,0,0,0,0,0,0
'846223,Numerically controlled press brakes,0,0,0,0,0,0,0,0,0,0,0,0,,,,,,,,,,,,,,,0,0,0,0,0,0,0,0,0,0,0,0
'846229,"Bending, folding, straightening or flattening machines for flat products (excl. numerically ...",0,0,0,0,0,0,0,0,0,0,0,0,,,,,,,,,,,,,,,0,0,0,0,0,0,0,0,0,0,0,0
'846390,"Machine tools for working metal, sintered metal carbides or cermets, without removing metal ...",0,0,0,0,0,0,0,0,0,0,0,0,,,,,,,,,,,,,,,0,0,0,0,0,0,0,0,0,0,0,0
'846490,"Machine tools for working stones, concrete, asbestos cement or similar mineral substances or ...",0,0,0,0,0,0,0,0,0,0,0,0,,,,,,,,,,,,,,,0,0,0,0,0,0,0,0,0,0,0,0
'846595,"Drilling or mortising machines for working wood, cork, bone, hard rubber, hard plastics or ...",0,0,0,0,0,0,0,0,0,0,0,0,,,,,,,,,,,,,,,0,0,0,0,0,0,0,0,0,0,0,0
'846596,"Splitting, slicing or paring machines, for working wood (excl. machining centres)",0,0,0,0,0,0,0,0,0,0,0,0,,,,,,,,,,,,,,,0,0,0,0,0,0,0,0,0,0,0,0
'846610,"Tool holders, incl. tool holders for any type of tool for working in the hand, and self-opening ...",0,0,0,0,0,0,0,0,0,0,0,0,,,,,,,,,,,,,,,0,22,0,0,1,0,0,4,0,0,0,0
'846630,"Dividing heads and other special attachments for machine tools, n.e.s.",0,0,0,0,0,0,0,0,0,0,0,0,,,,,,,,,,,,,,,0,0,0,0,0,0,0,0,0,0,0,0
'846691,"Parts and accessories for machine tools for working stone, ceramics, concrete, asbestos-cement ...",0,0,0,0,0,0,0,0,0,0,0,0,,,,,,,,,,,,,,,0,0,0,0,0,0,0,0,0,0,0,0
'846711,"Tools for working in the hand, pneumatic, rotary type, incl. combined rotary-percussion",0,0,0,0,0,0,0,0,0,0,0,0,,,,,,,,,,,,,,,0,0,0,0,0,0,29,0,0,0,0,0
'846722,"Saws for working in the hand, with self-contained electric motor",0,0,0,0,0,0,0,0,0,0,0,0,,,,,,,,,,,,,,,0,0,0,0,0,0,0,0,0,0,0,0
'846729,"Electromechanical tools for working in the hand, with self-contained electric motor (excl. ...",0,0,0,0,0,0,0,0,0,0,0,0,,,,,,,,,,,,,,,0,0,0,82,0,0,0,27,0,0,0,8
'846781,"Chainsaws for working in the hand, with self-contained non-electric motor",0,0,0,0,0,0,0,0,0,0,0,0,,,,,,,,,,,,,,,0,0,0,0,0,0,0,0,0,0,0,0
'846791,"Parts of chainsaws, for working in the hand, with self-contained electric or non-electric motor, ...",0,0,0,0,0,0,0,0,0,0,0,0,,,,,,,,,,,,,,,0,0,0,0,0,0,0,0,0,0,0,0
'847290,"Office machines, n.e.s.",0,0,0,0,0,0,0,0,0,0,0,0,,,,,,,,,,,,,,,0,0,0,0,0,0,0,0,0,0,0,0
'847621,Automatic beverage-vending machines incorporating heating or refrigerating devices,0,0,0,0,0,0,0,0,0,0,0,0,,,,,,,,,,,,,,,0,0,0,0,0,0,0,0,0,0,0,0
'847740,Vacuum-moulding machines and other thermoforming machines for working rubber or plastics,0,0,0,0,0,0,0,0,0,0,0,0,,,,,,,,,,,,,,,0,0,0,0,0,0,0,0,0,0,0,0
'847780,"Machinery for working rubber or plastics or for the manufacture of products from these materials, ...",0,0,0,0,0,0,0,0,0,0,0,0,,,,,,,,,,,,,,,0,0,0,0,0,0,0,0,0,0,0,0
'847910,"Machinery for public works, building or the like, n.e.s.",0,0,0,0,0,0,0,0,0,0,0,0,,,,,,,,,,,,,,,0,0,0,0,0,0,0,0,120,0,0,0
'847930,Presses for the manufacture of particle board or fibre building board of wood or other ligneous ...,0,0,0,0,0,0,0,0,0,0,0,0,,,,,,,,,,,,,,,0,0,0,0,0,0,0,0,0,0,0,0
'847950,"Industrial robots, n.e.s.",0,0,0,0,0,0,0,0,0,0,0,0,,,,,,,,,,,,,,,0,0,0,0,0,0,0,0,0,0,0,0
'848071,Injection or compression-type moulds for rubber or plastics,0,0,0,0,0,0,0,0,0,0,0,0,,,,,,,,,,,,,,,0,44,0,581,99,0,136,53,59,0,107,69
'848130,"Check ""non-return"" valves for pipes, boiler shells, tanks, vats or the like",0,0,0,0,0,0,0,0,0,0,0,0,,,,,,,,,,,,,,,65,109,56,72,60,63,92,41,20,85,80,26
'848230,Spherical roller bearings,0,0,0,0,0,0,0,0,0,0,0,0,,,,,,,,,,,,,,,0,0,0,0,0,0,9,0,0,0,0,35
'848240,"Needle roller bearings, incl. cage and needle roller assemblies",0,0,0,0,0,0,0,0,0,0,0,0,,,,,,,,,,,,,,,10,37,7,17,4,6,11,6,12,13,12,21
'848250,"Cylindrical roller bearings, incl. cage and roller assemblies (excl. bearings of 8482 10 to ...",0,0,0,0,0,0,0,0,0,0,0,0,,,,,,,,,,,,,,,24,24,2,18,2,11,7,9,0,18,34,16
'848390,"Toothed wheels, chain sprockets and other transmission elements presented separately; parts ...",0,0,0,0,0,0,0,0,0,0,0,0,,,,,,,,,,,,,,,351,397,227,526,172,401,220,215,299,438,108,310
'848580,"Machines for additive manufacturing (excl. by metal, plastics, rubber, plaster, cement, ceramics ...",0,0,0,0,0,0,0,0,0,0,0,0,,,,,,,,,,,,,,,0,0,0,0,0,0,0,0,0,0,0,0
'848710,Ships' or boats' propellers and blades therefor,0,0,0,0,0,0,0,0,0,0,0,0,,,,,,,,,,,,,,,0,0,0,0,0,0,0,0,0,0,0,0
'850151,"AC motors, multi-phase, of an output > 37,5 W but <= 750 W",0,0,0,0,0,0,0,0,0,0,0,0,,,,,,,,,,,,,,,13,2,0,0,11,6,0,7,17,9,0,0
'850164,"AC generators ""alternators"", of an output > 750 kVA (excl. photovoltaic generators)",0,0,0,0,0,0,0,0,0,0,0,0,,,,,,,,,,,,,,,0,0,0,0,0,0,0,0,0,0,0,0
'850231,"Generating sets, wind-powered",0,0,0,0,0,0,0,0,0,0,0,0,,,,,,,,,,,,,,,0,0,0,0,0,0,0,0,0,0,0,0
'850490,"Parts of electrical transformers and inductors, n.e.s.",0,0,0,0,0,0,0,0,0,0,0,0,,,,,,,,,,,,,,,10,0,0,10,19,12,0,11,0,40,0,0
'850650,Lithium cells and batteries (excl. spent),0,0,0,0,0,0,0,0,0,0,0,0,,,,,,,,,,,,,,,0,0,0,0,0,37,0,0,0,0,0,0
'850860,"Vacuum cleaners, incl. dry cleaners and wet vacuum cleaners (excl. with self-contained electric ...",0,0,0,0,0,0,0,0,0,0,0,0,,,,,,,,,,,,,,,0,0,0,0,0,0,0,0,0,0,0,0
'850980,"Electromechanical domestic appliances, with self-contained electric motor (excl. vacuum cleaners, ...",0,0,0,0,0,0,0,0,0,0,0,0,,,,,,,,,,,,,,,0,0,0,0,0,0,0,0,0,0,0,0
'850990,"Parts of electromechanical domestic appliances, with self-contained electric motor, n.e.s. ...",0,0,0,0,0,0,0,0,0,0,0,0,,,,,,,,,,,,,,,0,0,0,0,0,0,0,0,0,0,0,0
'851240,"Electrical windscreen wipers, defrosters and demisters, for motor vehicles",0,0,0,0,0,0,0,0,0,0,0,0,,,,,,,,,,,,,,,0,0,0,0,0,0,0,0,0,0,0,0
'851529,"Machines for resistance welding of metals, neither fully nor partly automatic",0,0,0,0,0,0,0,0,0,0,0,0,,,,,,,,,,,,,,,0,0,0,0,0,0,0,0,0,0,0,0
'851580,"Electric machines and apparatus for laser or other light or photon beam, ultrasonic, electron ...",0,0,0,0,0,0,0,0,0,0,0,0,,,,,,,,,,,,,,,0,2,0,0,0,16,0,6,0,0,3,0
'851610,Electric instantaneous or storage water heaters and immersion heaters,0,0,0,0,0,0,0,0,0,0,0,0,,,,,,,,,,,,,,,50,0,0,7,0,0,0,0,28,0,0,0
'851714,Telephones for cellular networks or for other wireless networks (excl. line telephone sets ...,0,0,0,0,0,0,0,0,0,0,0,0,,,,,,,,,,,,,,,0,0,0,0,0,0,0,0,0,0,0,0
'851830,"Headphones and earphones, whether or not combined with microphone, and sets consisting of a ...",0,0,0,0,0,0,0,0,0,0,0,0,,,,,,,,,,,,,,,0,0,0,5,0,0,0,0,0,0,0,0
'851981,"Sound recording or sound reproducing apparatus, using magnetic, optical or semiconductor media ...",0,0,0,0,0,0,0,0,0,0,0,0,,,,,,,,,,,,,,,0,0,0,0,0,0,0,0,0,0,0,0
'852349,Optical media for the recording of sound or of other phenomena (excl. unrecorded and goods ...,0,0,0,0,0,0,0,0,0,0,0,0,,,,,,,,,,,,,,,45,45,75,54,41,57,47,47,53,30,21,44
'220600,"Cider, perry, mead, saké and other fermented beverages and mixtures of fermented beverages ...",0,0,0,0,0,0,0,0,0,0,0,0,,,,,,,,,,,,,,,0,0,0,0,0,974,2160,800,399,0,0,0
'220870,Liqueurs and cordials,0,0,0,0,0,0,0,0,0,0,0,0,,,,,,,,,,,,,,,327,0,0,249,68,284,620,418,141,0,442,113
'220890,"Ethyl alcohol of an alcoholic strength of < 80% vol, not denatured; spirits and other spirituous ...",0,0,0,0,0,0,0,0,0,0,0,0,,,,,,,,,,,,,,,2577,2656,2967,3005,2446,1780,2131,1688,1636,2484,1819,3257
'230120,"Flours, meals and pellets of fish or crustaceans, molluscs or other aquatic invertebrates, ...",0,0,0,0,0,0,0,0,0,0,0,0,,,,,,,,,,,,,,,1881,0,1264,2143,1603,1340,2606,1870,2630,2621,3109,2430
'250510,"Silica sands and quartz sands, whether or not coloured",0,0,0,0,0,0,0,0,0,0,0,0,,,,,,,,,,,,,,,133,57,95,99,89,70,73,96,84,79,34,113
'250590,"Natural sands of all kinds, whether or not coloured (excl. silica sands, quartz sands, gold- ...",0,0,0,0,0,0,0,0,0,0,0,0,,,,,,,,,,,,,,,0,0,0,0,0,0,0,0,0,0,0,0
'250620,"Quartzite, merely cut, by sawing or otherwise, in blocks or slabs of a square or rectangular ...",0,0,0,0,0,0,0,0,0,0,0,0,,,,,,,,,,,,,,,0,0,0,0,0,0,0,0,0,0,0,0
'251310,Pumice stone,0,0,0,0,0,0,0,0,0,0,0,0,,,,,,,,,,,,,,,0,0,0,0,0,0,0,0,0,0,0,0
'251820,"Calcined or sintered dolomite (excl. broken or crushed dolomite for concrete aggregates, road ...",0,0,0,0,0,0,0,0,0,0,0,0,,,,,,,,,,,,,,,44,0,0,60,0,0,135,0,0,0,0,0
'252010,Gypsum; anhydrite,0,0,0,0,0,0,0,0,0,0,0,0,,,,,,,,,,,,,,,90,71,162,28,44,223,90,81,0,0,51,0
'252910,Feldspar,0,0,0,0,0,0,0,0,0,0,0,0,,,,,,,,,,,,,,,53,0,135,0,0,0,0,0,0,0,29,0
'270210,"Lignite, whether or not pulverised, non-agglomerated (excl. jet)",0,0,0,0,0,0,0,0,0,0,0,0,,,,,,,,,,,,,,,0,0,0,0,0,0,0,0,0,0,0,0
'271020,Petroleum oils and oils obtained from bituminous minerals (other than crude) and preparations ...,0,0,0,0,0,0,0,0,0,0,0,0,,,,,,,,,,,,,,,0,0,0,0,0,0,0,0,0,0,0,0
'271113,"Butanes, liquefied (excl. of a purity of >= 95% of N-butane or isobutane)",0,0,0,0,0,0,0,0,0,0,0,0,,,,,,,,,,,,,,,13817,22183,22732,19283,21316,21093,29939,43202,31938,40518,28295,38941
'271129,"Hydrocarbons in gaseous state, n.e.s. (excl. natural gas)",0,0,0,0,0,0,0,0,0,0,0,0,,,,,,,,,,,,,,,0,0,0,0,0,0,0,0,0,0,0,0
'271290,"Paraffin wax, microcrystalline petroleum wax, slack wax, ozokerite, lignite wax, peat wax, ...",0,0,0,0,0,0,0,0,0,0,0,0,,,,,,,,,,,,,,,0,0,0,0,0,0,0,0,0,0,0,0
'271312,"Petroleum coke, calcined",0,0,0,0,0,0,0,0,0,0,0,0,,,,,,,,,,,,,,,0,0,0,0,0,0,0,0,0,0,0,0
'280511,Sodium,0,0,0,0,0,0,0,0,0,0,0,0,,,,,,,,,,,,,,,0,0,0,0,0,0,0,0,0,0,0,0
'281119,"Inorganic acids (excl. hydrogen chloride ""hydrochloric acid"", chlorosulphuric acid, sulphuric ...",0,0,0,0,0,0,0,0,0,0,0,0,,,,,,,,,,,,,,,0,0,0,0,0,0,0,0,0,0,0,0
'281122,Silicon dioxide,0,0,0,0,0,0,0,0,0,0,0,0,,,,,,,,,,,,,,,0,0,0,1,0,0,0,0,0,0,0,0
'281217,Thionyl chloride,0,0,0,0,0,0,0,0,0,0,0,0,,,,,,,,,,,,,,,0,0,0,0,0,0,0,0,0,0,0,0
'281310,Carbon disulphide,0,0,0,0,0,0,0,0,0,0,0,0,,,,,,,,,,,,,,,0,0,0,0,0,0,0,0,0,0,0,0
'281511,"Sodium hydroxide ""caustic soda"" solid",0,0,0,0,0,0,0,0,0,0,0,0,,,,,,,,,,,,,,,0,0,0,0,0,0,0,0,0,0,0,0
'281512,"Sodium hydroxide ""caustic soda"" in aqueous solution ""soda lye or liquid soda""",0,0,0,0,0,0,0,0,0,0,0,0,,,,,,,,,,,,,,,0,0,0,0,0,0,0,0,0,2477,0,1743
'282110,Iron oxides and hydroxides,0,0,0,0,0,0,0,0,0,0,0,0,,,,,,,,,,,,,,,0,0,0,0,0,0,0,21,0,0,0,2
'282560,Germanium oxides and zirconium dioxide,0,0,0,0,0,0,0,0,0,0,0,0,,,,,,,,,,,,,,,0,0,0,0,0,0,0,0,0,0,0,0
'282890,"Hypochlorites, chlorites and hypobromites (excl. calcium hypochlorites)",0,0,0,0,0,0,0,0,0,0,0,0,,,,,,,,,,,,,,,0,0,0,0,0,0,0,0,0,0,0,0
'282919,Chlorates (excl. sodium),0,0,0,0,0,0,0,0,0,0,0,0,,,,,,,,,,,,,,,0,0,0,0,0,0,0,0,0,0,0,0
'283321,Sulphate of magnesium,0,0,0,0,0,0,0,0,0,0,0,0,,,,,,,,,,,,,,,0,0,0,0,0,0,0,0,0,0,0,0
'283324,Sulphates of nickel,0,0,0,0,0,0,0,0,0,0,0,0,,,,,,,,,,,,,,,0,0,0,0,0,0,0,0,0,0,0,0
'283524,Phosphates of potassium,0,0,0,0,0,0,0,0,0,0,0,0,,,,,,,,,,,,,,,0,22,0,0,0,0,0,0,0,0,0,0
'283640,Potassium carbonates,0,0,0,0,0,0,0,0,0,0,0,0,,,,,,,,,,,,,,,0,0,0,0,0,0,0,0,0,0,0,0
'283699,"Carbonates and peroxocarbonates ""percarbonates""; commercial ammonium carbonate containing ammonium ...",0,0,0,0,0,0,0,0,0,0,0,0,,,,,,,,,,,,,,,0,0,0,0,0,0,0,0,0,0,0,0
'284910,"Carbides of calcium, whether or not chemically defined",0,0,0,0,0,0,0,0,0,0,0,0,,,,,,,,,,,,,,,0,0,0,0,0,0,0,0,0,0,0,0
'290123,"Butene ""butylene"" and isomers thereof",0,0,0,0,0,0,0,0,0,0,0,0,,,,,,,,,,,,,,,0,0,0,0,0,0,0,0,0,0,0,0
'290241,o-Xylene,0,0,0,0,0,0,0,0,0,0,0,0,,,,,,,,,,,,,,,0,0,0,0,0,0,0,0,0,0,0,0
'290244,Mixed xylene isomers,0,0,0,0,0,0,0,0,0,0,0,0,,,,,,,,,,,,,,,0,0,0,0,0,0,0,0,0,0,0,0
'290315,"Ethylene dichloride ""ISO"" ""1,2 dichloroethane""",0,0,0,0,0,0,0,0,0,0,0,0,,,,,,,,,,,,,,,0,0,0,0,0,0,0,0,0,0,0,0
'290359,"Unsaturated fluorinated derivatives of acyclic hydrocarbons (excl. 2,3,3,3-tetrafluoropropene ...",0,0,0,0,0,0,0,0,0,0,0,0,,,,,,,,,,,,,,,0,0,0,0,0,0,0,0,0,0,0,0
'290361,"Methyl bromide ""bromomethane""",0,0,0,0,0,0,0,0,0,0,0,0,,,,,,,,,,,,,,,0,0,0,0,0,0,0,0,0,0,0,0
'290491,"Trichloronitromethane ""chloropicrin""",0,0,0,0,0,0,0,0,0,0,0,0,,,,,,,,,,,,,,,0,0,0,0,0,0,0,0,0,0,0,0
'290519,"Saturated monohydric acyclic alcohols (excl. methanol ""methyl alcohol"", propan-1-ol ""propyl ...",0,0,0,0,0,0,0,0,0,0,0,0,,,,,,,,,,,,,,,0,0,0,0,0,0,0,0,0,0,0,0
'290522,Acyclic terpene alcohols,0,0,0,0,0,0,0,0,0,0,0,0,,,,,,,,,,,,,,,0,0,0,0,0,0,92,0,0,0,0,0
'290541,"2-Ethyl-2-""hydroxymethyl"" propane-1,3-diol ""trimethylolpropane""",0,0,0,0,0,0,0,0,0,0,0,0,,,,,,,,,,,,,,,0,0,0,0,0,0,0,0,0,0,0,0
'290544,"D-glucitol ""sorbitol""",0,0,0,0,0,0,0,0,0,0,0,0,,,,,,,,,,,,,,,0,0,0,0,0,0,0,0,0,0,0,0
'290559,"Halogenated, sulphonated, nitrated or nitrosated derivatives or acyclic alcohols (excl. ethchlorvynol ...",0,0,0,0,0,0,0,0,0,0,0,0,,,,,,,,,,,,,,,0,0,0,0,0,0,0,0,0,0,0,0
'290930,"Aromatic ethers and their halogenated, sulphonated, nitrated or nitrosated derivatives",0,0,0,0,0,0,0,0,0,0,0,0,,,,,,,,,,,,,,,0,0,0,0,0,0,0,0,0,0,0,0
'291219,"Acyclic aldehydes, without other oxygen function (excl. methanal [formaldehyde] and ethanal ...",0,0,0,0,0,0,0,0,0,0,0,0,,,,,,,,,,,,,,,58,0,0,0,0,30,14,0,25,0,0,0
'291221,Benzaldehyde,0,0,0,0,0,0,0,0,0,0,0,0,,,,,,,,,,,,,,,0,0,0,0,0,0,0,0,0,0,0,0
'291242,"Ethylvanillin ""3-ethoxy-4-hydroxybenzaldehyde""",0,0,0,0,0,0,0,0,0,0,0,0,,,,,,,,,,,,,,,0,0,0,0,0,0,0,0,0,0,0,0
'291419,"Acyclic ketones, without other oxygen function (excl. acetone, butanone ""methyl ethyl ketone"" ...",0,0,0,0,0,0,0,0,0,0,0,0,,,,,,,,,,,,,,,0,0,0,0,0,0,0,0,0,0,0,0
'291461,Anthraquinone,0,0,0,0,0,0,0,0,0,0,0,0,,,,,,,,,,,,,,,0,0,0,0,0,0,0,0,0,0,0,0
'291512,Salts of formic acid,0,0,0,0,0,0,0,0,0,0,0,0,,,,,,,,,,,,,,,0,0,0,0,0,0,0,0,0,0,0,0
'291524,Acetic anhydride,0,0,0,0,0,0,0,0,0,0,0,0,,,,,,,,,,,,,,,0,0,0,0,0,0,0,0,0,0,0,0
'291540,"Mono- di- or trichloroacetic acids, their salts and esters",0,0,0,0,0,0,0,0,0,0,0,0,,,,,,,,,,,,,,,0,0,0,0,0,0,0,0,0,0,0,0
'291550,"Propionic acid, its salts and esters",0,0,0,0,0,0,0,0,0,0,0,0,,,,,,,,,,,,,,,0,0,0,0,0,0,0,0,0,0,0,0
'291620,"Cyclanic, cyclenic or cycloterpenic monocarboxylic acids, their anhydrides, halides, peroxides, ...",0,0,0,0,0,0,0,0,0,0,0,0,,,,,,,,,,,,,,,0,0,0,0,0,10,0,0,0,0,0,0
'291634,Phenylacetic acid and its salts,0,0,0,0,0,0,0,0,0,0,0,0,,,,,,,,,,,,,,,0,0,0,0,0,0,0,0,0,0,0,0
'291811,"Lactic acid, its salts and esters (excl. inorganic or organic compounds of mercury)",0,0,0,0,0,0,0,0,0,0,0,0,,,,,,,,,,,,,,,0,0,0,0,0,0,0,0,3,2,0,3
'291812,Tartaric acid,0,0,0,0,0,0,0,0,0,0,0,0,,,,,,,,,,,,,,,0,0,0,0,0,0,0,0,0,0,0,0
'291821,Salicylic acid and its salts (excl. inorganic or organic compounds of mercury),0,0,0,0,0,0,0,0,0,0,0,0,,,,,,,,,,,,,,,0,0,0,0,0,0,0,0,0,0,0,0
'292129,"Acyclic polyamines and their derivatives; salts thereof (excl. ethylenediamine and hexamethylenediamine, ...",0,0,0,0,0,0,0,0,0,0,0,0,,,,,,,,,,,,,,,0,0,0,0,0,0,0,0,0,0,0,0
'292212,Diethanolamine and its salts,0,0,0,0,0,0,0,0,0,0,0,0,,,,,,,,,,,,,,,0,0,0,0,0,0,0,0,0,0,0,0
'292310,Choline and its salts,0,0,0,0,0,0,0,0,0,0,0,0,,,,,,,,,,,,,,,0,0,0,0,0,0,0,0,0,0,0,0
'292320,"Lecithins and other phosphoaminolipids, whether or not chemically defined",0,0,0,0,710,697,621,636,0,515,0,0,,,,,,,,,,,,,,,7360,8397,9693,12215,9857,14980,13238,10153,12696,8898,6100,9516
'292529,Imines and their derivatives; salts thereof (excl. chlordimeform [ISO]),0,0,0,0,0,0,0,0,0,0,0,0,,,,,,,,,,,,,,,0,0,0,0,0,0,0,0,0,0,0,0
'293040,Methionine,0,0,0,0,0,0,0,0,0,0,0,0,,,,,,,,,,,,,,,0,0,0,0,0,0,0,0,0,0,0,0
'293333,"Alfentanil ""INN"", anileridine ""INN"", bezitramide ""INN"", bromazepam ""INN"", carfentanil ""INN"", ...",0,0,0,0,0,0,0,0,0,0,0,0,,,,,,,,,,,,,,,0,0,0,0,0,0,0,0,0,0,0,0
'293354,"Derivatives of malonylurea ""barbituric acid"" and salts thereof (excl. salts of malonylurea)",0,0,0,0,0,0,0,0,0,0,0,0,,,,,,,,,,,,,,,0,0,0,0,0,0,0,0,0,0,0,0
'293379,"Lactams (excl. 6-hexanelactam ""epsilon-caprolactam"", clobazam ""INN"", methyprylon ""INN"", and ...",0,0,0,0,0,0,0,0,0,0,0,0,,,,,,,,,,,,,,,0,0,0,2,0,0,5,0,1,0,0,0
'293626,"Vitamin B12 and its derivatives, used primarily as vitamins",0,0,0,0,0,0,0,0,0,0,0,0,,,,,,,,,,,,,,,0,0,0,0,0,20,0,0,0,1,0,0
'293719,"Polypeptide hormones, protein hormones and glycoprotein hormones, their derivatives and structural ...",0,0,0,0,0,0,0,0,0,0,0,0,,,,,,,,,,,,,,,0,0,0,0,0,0,0,0,0,0,0,0
'293722,Halogenated derivatives of corticosteroidal hormones,0,0,0,0,0,0,0,0,0,0,0,0,,,,,,,,,,,,,,,0,0,0,0,0,0,0,0,0,0,0,0
'293969,"Alkaloids of rye ergot and their derivatives; salts thereof (excl. lysergic acid, ergotamine ...",0,0,0,0,0,0,0,0,0,0,0,0,,,,,,,,,,,,,,,0,0,0,0,0,0,0,0,0,0,0,0
'294000,"Sugars, chemically pure (excl. sucrose, lactose, maltose, glucose and fructose); sugar ethers, ...",0,0,0,0,0,0,0,0,0,0,0,0,,,,,,,,,,,,,,,0,0,0,0,0,0,0,0,0,28,50,0
'294130,Tetracyclines and their derivatives; salts thereof,0,0,0,0,0,0,0,0,0,0,0,0,,,,,,,,,,,,,,,0,0,0,0,0,0,0,0,0,0,0,0
'294200,"Separate chemically defined organic compounds, n.e.s.",0,0,0,0,0,0,0,0,0,0,0,0,,,,,,,,,,,,,,,0,0,0,0,0,0,0,0,0,0,0,0
'100410,Oats seed for sowing,0,0,0,0,0,0,0,0,0,0,0,0,,,,,,,,,,,,,,,0,0,0,0,0,0,0,0,0,0,0,50
'100829,"Millet (excl. grain sorghum, and seed for sowing)",0,0,0,0,0,0,0,0,0,0,0,0,,,,,,,,,,,,,,,73,75,152,109,81,39,136,51,150,152,163,243
'100830,Canary seed,0,0,0,0,0,0,0,0,0,0,0,0,,,,,,,,,,,,,,,829,771,923,770,1005,952,704,605,593,782,771,896
'110290,"Cereal flours (excl. wheat, meslin and maize)",0,0,0,0,0,0,0,0,0,0,0,0,,,,,,,,,,,,,,,0,44,0,0,0,0,0,0,0,0,38,0
'110630,"Flour, meal and powder of produce of chapter 8 ""Edible fruit and nuts; peel of citrus fruits ...",0,0,0,0,0,0,0,0,0,0,0,0,,,,,,,,,,,,,,,0,0,0,0,0,0,0,0,0,0,0,0
'120110,"Soya bean seed, for sowing",0,0,0,0,0,0,0,0,0,0,0,0,,,,,,,,,,,,,,,1176,603,0,0,746,1014,1564,326,61,0,0,243
'120241,"Groundnuts, in shell (excl. seed for sowing, roasted or otherwise cooked)",0,0,0,0,0,0,0,0,0,0,0,0,,,,,,,,,,,,,,,0,0,0,0,0,0,0,0,0,0,0,0
'120729,Cotton seeds (excl. for sowing),0,0,0,0,0,0,0,0,0,0,0,0,,,,,,,,,,,,,,,0,129,147,82,297,0,0,0,0,0,0,0
'120791,"Poppy seeds, whether or not broken",0,0,0,0,0,0,0,0,0,0,0,0,,,,,,,,,,,,,,,0,0,0,0,0,0,0,0,0,0,0,0
'120910,"Sugar beet seed, for sowing",0,0,0,0,0,0,0,0,0,0,0,0,,,,,,,,,,,,,,,0,0,0,0,0,0,0,0,0,0,0,0
'120924,"Kentucky blue grass ""Poa pratensis L."" seed for sowing",0,0,0,0,0,0,0,0,0,0,0,0,,,,,,,,,,,,,,,0,0,0,0,0,0,0,0,0,0,0,0
'121221,"Seaweeds and other algae, fresh, chilled, frozen or dried, whether or not ground, fit for human ...",0,0,0,0,0,0,0,0,0,0,0,0,,,,,,,,,,,,,,,0,0,0,0,0,0,0,0,0,0,0,0
'121294,"Chicory roots, fresh, chilled, frozen or dried, whether or not ground",0,0,0,0,0,0,0,0,0,0,0,0,,,,,,,,,,,,,,,0,0,0,0,0,0,0,0,0,0,0,0
'130120,Natural gum Arabic,0,0,0,0,0,0,0,0,0,0,0,0,,,,,,,,,,,,,,,0,0,0,0,0,0,0,0,0,0,0,0
'130239,"Mucilages and thickeners derived from vegetable products, whether or not modified (excl. from ...",0,0,0,0,0,0,0,0,0,0,0,0,,,,,,,,,,,,,,,0,0,0,0,0,0,0,0,0,0,0,0
'150210,"Tallow of bovine animals, sheep or goats (excl. oil and oleostearin)",0,0,0,0,0,0,0,0,0,0,0,0,,,,,,,,,,,,,,,5650,5477,5521,1589,15639,15684,25697,4512,14836,7944,4514,8941
'151190,"Palm oil and its fractions, whether or not refined (excl. chemically modified and crude)",0,0,0,0,0,0,0,0,0,0,0,0,,,,,,,,,,,,,,,0,0,0,0,0,0,0,0,0,0,0,0
'151329,"Palm kernel and babassu oil and their fractions, whether or not refined, but not chemically ...",0,0,0,0,0,0,0,0,0,0,0,0,,,,,,,,,,,,,,,0,0,0,0,0,0,0,0,0,0,0,0
'151710,Margarine (excl. liquid),0,0,0,0,0,0,0,0,0,0,0,0,,,,,,,,,,,,,,,775,913,1020,1189,773,665,1025,977,952,676,774,900
'160290,"Prepared or preserved meat, offal, blood or insects (excl. meat or offal of poultry, swine ...",0,0,0,0,0,0,0,0,0,0,0,0,,,,,,,,,,,,,,,0,0,0,0,0,0,0,0,0,0,0,0
'160553,"Mussels, prepared or preserved (excl. smoked)",0,0,0,0,0,0,0,0,0,0,0,0,,,,,,,,,,,,,,,0,0,0,0,0,0,0,0,0,0,0,0
'160556,"Clams, cockles and arkshells, prepared or preserved (excl. smoked)",0,0,0,0,0,0,0,0,0,0,0,0,,,,,,,,,,,,,,,0,0,0,0,0,0,0,0,0,0,0,0
'160569,"Aquatic invertebrates, prepared or preserved (excl. smoked, crustaceans, molluscs, sea cucumbers, ...",0,0,0,0,0,0,0,0,0,0,0,0,,,,,,,,,,,,,,,0,0,0,0,0,0,0,0,0,0,0,0
'170191,"Refined cane or beet sugar, containing added flavouring or colouring, in solid form",0,0,0,0,0,0,0,0,0,0,0,0,,,,,,,,,,,,,,,0,0,0,0,0,0,0,0,0,0,0,0
'170260,"Fructose in solid form and fructose syrup, not containing added flavouring or colouring matter ...",0,0,0,0,0,0,0,0,0,0,0,0,,,,,,,,,,,,,,,791,543,796,730,828,1079,747,771,896,842,844,1009
'170310,Cane molasses resulting from the extraction or refining of sugar,0,0,0,0,0,0,0,0,0,0,0,0,,,,,,,,,,,,,,,0,0,0,0,0,0,0,0,0,0,0,0
'180310,Cocoa paste (excl. defatted),0,0,0,0,0,0,0,0,0,0,0,0,,,,,,,,,,,,,,,0,0,0,0,0,0,0,0,0,0,0,0
'190240,"Couscous, whether or not prepared",0,0,0,0,0,0,0,0,0,0,0,0,,,,,,,,,,,,,,,0,0,0,0,0,0,0,0,0,0,0,0
'190420,Prepared foods obtained from unroasted cereal flakes or from mixtures of unroasted cereal flakes ...,0,0,0,0,0,0,0,0,0,0,0,0,,,,,,,,,,,,,,,55,0,0,0,64,21,18,23,69,49,0,74
'200110,"Cucumbers and gherkins, prepared or preserved by vinegar or acetic acid",0,0,0,0,0,0,0,0,0,0,0,0,,,,,,,,,,,,,,,0,53,0,0,0,39,25,0,0,0,0,29
'200520,"Potatoes, prepared or preserved otherwise than by vinegar or acetic acid (excl. frozen)",0,0,0,0,0,0,0,0,0,0,0,0,,,,,,,,,,,,,,,838,845,864,773,838,730,859,1063,761,598,588,1096
'200819,"Nuts and other seeds, incl. mixtures, prepared or preserved (excl. prepared or preserved with ...",0,0,0,0,0,0,0,0,0,0,0,0,,,,,,,,,,,,,,,193,321,284,579,202,184,436,174,131,60,24,17
'200911,"Frozen orange juice, unfermented, whether or not containing added sugar or other sweetening ...",0,0,0,0,0,0,0,0,0,0,0,0,,,,,,,,,,,,,,,2481,3431,3257,3180,3850,4045,5795,4622,4183,4892,2895,2152
'200929,"Grapefruit juice, unfermented, Brix value > 20 at 20°C, whether or not containing added sugar ...",0,0,0,0,0,0,0,0,0,0,0,0,,,,,,,,,,,,,,,0,0,0,0,0,0,0,0,0,0,0,0
'200971,"Apple juice, unfermented, Brix value <= 20 at 20°C, whether or not containing added sugar or ...",0,0,0,0,0,0,0,0,0,0,0,0,,,,,,,,,,,,,,,0,0,0,0,0,0,0,0,0,0,0,0
'200990,"Mixtures of fruit juices, incl. grape must, and vegetable juices, unfermented, whether or not ...",0,0,0,0,0,0,0,0,0,0,0,0,,,,,,,,,,,,,,,0,0,78,42,0,57,39,74,82,0,42,54
'220299,"Non-alcoholic beverages (excl. water, fruit or vegetable juices, milk and beer)",0,0,0,0,0,0,0,0,0,0,0,0,,,,,,,,,,,,,,,4011,4024,3050,1970,2667,3272,1560,1384,1829,1679,1731,737
'030353,"Frozen sardines ""Sardina pilchardus, Sardinops spp."", sardinella ""Sardinella spp."", brisling ...",0,0,0,0,0,0,0,0,0,0,0,0,,,,,,,,,,,,,,,0,0,0,0,0,0,0,0,0,0,0,0
'030369,"Frozen fish of the families Bregmacerotidae, Euclichthyidae, Gadidae, Macrouridae, Melanonidae, ...",0,0,0,0,0,0,0,0,0,0,0,0,,,,,,,,,,,,,,,113,42,67,48,371,80,51,0,143,0,0,0
'030381,Frozen dogfish and other sharks,0,0,0,0,0,0,0,0,0,0,0,0,,,,,,,,,,,,,,,0,0,0,0,0,0,0,0,0,0,0,0
'030382,"Frozen rays and skates ""Rajidae""",0,0,0,0,0,0,0,0,0,0,0,0,,,,,,,,,,,,,,,1136,973,1234,1018,1001,1338,1198,727,506,427,488,1030
'030449,"Fresh or chilled fillets of fish, n.e.s.",0,0,0,0,0,0,0,0,0,0,0,0,,,,,,,,,,,,,,,0,0,0,0,0,0,0,0,0,0,0,0
'030461,"Frozen fillets of tilapia ""Oreochromis spp.""",0,0,0,0,0,0,0,0,0,0,0,0,,,,,,,,,,,,,,,0,0,0,0,0,0,0,0,0,0,0,0
'030488,"Frozen fillets of dogfish, other sharks, rays and skates ""Rajidae""",0,0,0,0,0,0,0,0,0,0,0,0,,,,,,,,,,,,,,,0,0,0,0,0,0,0,0,0,0,0,0
'030553,"Dried fish of the families Bregmacerotidae, Euclichthyidae, Gadidae, Macrouridae, Melanonidae, ...",0,0,0,0,0,0,0,0,0,0,0,0,,,,,,,,,,,,,,,0,0,0,0,0,0,0,0,0,0,0,0
'040229,"Milk and cream in solid forms, of a fat content by weight of > 1,5%, sweetened",0,0,0,0,0,0,0,0,0,0,0,0,,,,,,,,,,,,,,,0,0,0,0,0,0,0,0,0,0,0,0
'040320,"Yogurt, whether or not flavoured or containing added sugar or other sweetening matter, fruit, ...",0,0,0,0,0,0,0,0,0,0,0,0,,,,,,,,,,,,,,,0,0,0,0,0,0,0,0,0,0,0,0
'040640,"Blue-veined cheese and other cheese containing veins produced by ""Penicillium roqueforti""",0,0,0,0,0,0,0,0,0,0,0,0,,,,,,,,,,,,,,,1234,850,1214,1541,1067,1464,1816,806,1398,675,766,729
'060220,"Edible fruit or nut trees, shrubs and bushes, whether or not grafted",0,0,0,0,0,0,0,0,0,0,0,0,,,,,,,,,,,,,,,0,0,0,0,0,0,0,0,0,0,0,0
'060240,"Roses, whether or not grafted",0,0,0,0,0,0,0,0,0,0,0,0,,,,,,,,,,,,,,,0,0,0,0,0,0,0,0,0,0,0,0
'070310,Fresh or chilled onions and shallots,0,0,0,0,0,0,0,0,0,0,0,0,,,,,,,,,,,,,,,4159,8695,3731,1058,516,154,0,69,270,119,290,4554
'070490,"Fresh or chilled cabbages, kohlrabi, kale and similar edible brassicas (excl. cauliflowers, ...",0,0,0,0,0,0,0,0,0,0,0,0,,,,,,,,,,,,,,,7,4,0,0,0,0,0,0,0,7,6,27
'070700,"Cucumbers and gherkins, fresh or chilled",0,0,0,0,0,0,0,0,0,0,0,0,,,,,,,,,,,,,,,0,0,0,0,0,0,0,0,0,0,0,0
'070890,"Fresh or chilled leguminous vegetables, shelled or unshelled (excl. peas ""Pisum sativum"" and ...",0,0,0,0,0,0,0,0,0,0,0,0,,,,,,,,,,,,,,,0,0,0,0,0,0,0,0,0,0,0,0
'071010,"Potatoes, uncooked or cooked by steaming or by boiling in water, frozen",0,0,0,0,0,0,0,0,0,0,0,0,,,,,,,,,,,,,,,0,0,0,0,0,0,0,0,0,0,0,0
'010310,Pure-bred breeding swine,0,0,0,0,0,0,0,0,0,0,0,0,,,,,,,,,,,,,,,0,0,0,0,0,0,0,0,0,0,0,0
'010612,"Live whales, dolphins and porpoises (mammals of the order Cetacea); manatees and dugongs (mammals ...",0,0,0,0,0,0,0,0,0,0,0,0,,,,,,,,,,,,,,,0,0,0,0,0,0,0,0,0,0,0,0
'010690,"Live animals (excl. mammals, reptiles, birds, insects, fish, crustaceans, molluscs and other ...",0,0,0,0,0,0,0,0,0,0,0,0,,,,,,,,,,,,,,,0,0,0,0,0,0,0,0,0,0,0,0
'020329,"Frozen meat of swine (excl. carcases and half-carcases, and hams, shoulders and cuts thereof, ...",0,0,0,0,0,0,0,0,0,0,0,0,,,,,,,,,,,,,,,154,178,322,434,355,342,499,486,454,635,373,495
'080430,Fresh or dried pineapples,0,0,0,0,0,0,0,0,0,0,0,0,,,,,,,,,,,,,,,0,0,0,0,0,0,0,0,0,0,0,0
'080510,Fresh or dried oranges,0,0,0,0,0,0,0,0,0,0,0,0,,,,,,,,,,,,,,,177,857,3172,10967,8179,2382,1450,1645,590,124,132,126
'080610,Fresh grapes,0,0,0,0,0,0,0,0,0,0,0,0,,,,,,,,,,,,,,,0,0,0,0,0,0,0,0,0,441,644,572
'080910,Fresh apricots,0,0,0,0,0,0,0,0,0,0,0,0,,,,,,,,,,,,,,,0,0,0,0,0,0,0,0,0,0,0,0
'080940,Fresh plums and sloes,0,0,0,0,0,0,0,0,0,0,0,0,,,,,,,,,,,,,,,56,46,13,0,0,0,0,0,66,158,306,543
'081040,"Fresh cranberries, bilberries and other fruits of the genus Vaccinium",0,0,0,0,0,0,0,0,0,0,0,0,,,,,,,,,,,,,,,0,0,0,0,807,2828,10530,4052,246,0,0,0
'853225,"Fixed electrical capacitors, dielectric of paper or plastics (excl. power capacitors)",0,0,0,0,0,0,0,0,0,0,0,0,,,,,,,,,,,,,,,0,0,0,0,0,0,0,0,0,0,0,0
'853329,Fixed electrical resistors for a power handling capacity > 20 W (excl. heating resistors),0,0,0,0,0,0,0,0,0,0,0,0,,,,,,,,,,,,,,,65,0,0,27,0,0,14,0,1,0,0,31
'853339,"Wirewound variable electrical resistors, incl. rheostats and potentiometers, for a power handling ...",0,0,0,0,0,0,0,0,0,0,0,0,,,,,,,,,,,,,,,5,0,0,0,0,0,0,0,4,0,0,0
'853400,Printed circuits,0,0,0,0,0,0,0,0,0,0,0,0,,,,,,,,,,,,,,,0,0,0,0,0,0,0,0,0,0,0,0
'853620,Automatic circuit breakers for a voltage <= 1.000 V,0,0,0,0,0,0,0,0,0,0,0,0,,,,,,,,,,,,,,,596,615,356,655,164,989,173,474,1032,565,498,489
'853661,Lamp holders for a voltage <= 1.000 V,0,0,0,0,0,0,0,0,0,0,0,0,,,,,,,,,,,,,,,0,1,0,0,0,0,1,0,1,3,0,0
'853670,"Connectors for optical fibres, optical fibre bundles or cables",0,0,0,0,0,0,0,0,0,0,0,0,,,,,,,,,,,,,,,0,0,0,0,0,54,0,0,0,0,0,30
'853932,Mercury or sodium vapour lamps; metal halide lamps,0,0,0,0,0,0,0,0,0,0,0,0,,,,,,,,,,,,,,,0,0,0,0,0,0,0,0,0,0,0,0
'853941,Arc lamps,0,0,0,0,0,0,0,0,0,0,0,0,,,,,,,,,,,,,,,0,0,0,0,0,0,0,0,0,0,0,0
'853990,"Parts of electric filament or discharge lamps, sealed beam lamp units, ultraviolet or infra-red ...",0,0,0,0,0,0,0,0,0,0,0,0,,,,,,,,,,,,,,,0,0,0,0,0,0,0,0,0,0,0,0
'854089,"Electronic valves and tubes (excl. receiver or amplifier valves and tubes, microwave tubes, ...",0,0,0,0,0,0,0,0,0,0,0,0,,,,,,,,,,,,,,,0,0,0,0,0,0,0,0,0,0,0,0
'854129,Transistors with a dissipation rate >= 1 W (excl. photosensitive transistors),0,0,0,0,0,0,0,0,0,0,0,0,,,,,,,,,,,,,,,0,0,0,0,0,0,0,0,0,0,0,0
'854232,Electronic integrated circuits as memories,0,0,0,0,0,0,0,0,0,0,0,0,,,,,,,,,,,,,,,0,0,0,0,0,0,0,0,0,0,0,0
'854239,"Electronic integrated circuits (excl. such as processors, controllers, memories and amplifiers)",0,0,0,0,0,0,0,0,0,0,0,0,,,,,,,,,,,,,,,0,0,0,0,0,0,0,0,5,0,0,0
'854290,"Parts of electronic integrated circuits, n.e.s.",0,0,0,0,0,0,0,0,0,0,0,0,,,,,,,,,,,,,,,0,0,0,0,0,0,0,0,0,0,0,0
'854519,"Electrodes of graphite or other carbon, for electrical purposes (excl. those used for furnaces)",0,0,0,0,0,0,0,0,0,0,0,0,,,,,,,,,,,,,,,0,0,0,0,0,0,0,0,0,0,0,0
'854520,Carbon brushes for electrical purposes,0,0,0,0,0,0,0,0,0,0,0,0,,,,,,,,,,,,,,,0,0,2,23,11,116,0,5,0,0,0,3
'854690,Electrical insulators (excl. those of glass or ceramics and insulating fittings),0,0,0,0,0,0,0,0,0,0,0,0,,,,,,,,,,,,,,,68,259,0,374,410,232,325,171,371,0,202,138
'860310,"Self-propelled railway or tramway coaches, vans and trucks, powered from an external source ...",0,0,0,0,0,0,0,0,0,0,0,0,,,,,,,,,,,,,,,0,0,0,0,0,0,0,0,0,0,0,0
'870290,"Motor vehicles for the transport of >= 10 persons, incl. driver (excl. with diesel engine or ...",0,0,0,0,0,0,0,0,0,0,0,0,,,,,,,,,,,,,,,0,0,0,0,0,0,0,0,0,0,0,0
'870324,Motor cars and other motor vehicles principally designed for the transport of ...,0,0,0,0,0,0,0,0,0,0,0,0,,,,,,,,,,,,,,,0,0,0,0,0,170,0,0,0,0,0,0
'870332,Motor cars and other motor vehicles principally designed for the transport of ...,0,0,0,0,0,0,0,0,0,0,0,0,,,,,,,,,,,,,,,0,0,0,0,0,0,0,0,0,0,0,0
'870431,"Motor vehicles for the transport of goods, with only spark-ignition internal combustion piston ...",0,0,0,0,0,0,0,0,0,0,0,0,,,,,,,,,,,,,,,0,0,0,10745,0,22847,26373,0,0,0,0,0
'870892,"Silencers ""mufflers"" and exhaust pipes, and parts thereof, for tractors, motor vehicles for ...",0,0,0,0,0,0,0,0,0,0,0,0,,,,,,,,,,,,,,,372,66,14,64,17,49,166,223,285,128,117,168
'870894,"Steering wheels, steering columns and steering boxes, and parts thereof, for tractors, motor ...",0,0,0,0,0,0,0,0,0,0,0,0,,,,,,,,,,,,,,,1229,964,1067,819,1121,1073,939,835,822,1107,593,1248
'870899,"Parts and accessories, for tractors, motor vehicles for the transport of ten or more persons, ...",0,0,0,0,0,0,0,0,0,0,0,0,,,,,,,,,,,,,,,2626,2621,2341,3379,2836,2960,2145,2491,2710,1794,2323,2435
'871000,"Tanks and other armoured fighting vehicles, motorised, whether or not fitted with weapons, ...",0,0,0,0,0,0,0,0,0,0,0,0,,,,,,,,,,,,,,,0,0,0,0,0,0,0,0,0,0,0,0
'871500,"Baby carriages and parts thereof, n.e.s.",0,0,0,0,0,0,0,0,0,0,0,0,,,,,,,,,,,,,,,0,0,0,0,0,0,0,0,0,0,0,0
'871690,"Parts of trailers and semi-trailers and other vehicles not mechanically propelled, n.e.s.",0,0,0,0,0,0,0,0,0,0,0,0,,,,,,,,,,,,,,,25,107,130,118,164,176,134,131,87,179,109,277
'880621,"Unmanned aircraft, for remote-controlled flight only, with maximum take-off weight <= 250 g",0,0,0,0,0,0,0,0,0,0,0,0,,,,,,,,,,,,,,,0,0,0,0,0,0,0,0,0,0,0,0
'880699,"Unmanned aircraft, with maximum take-off weight > 150 kg (excl. for passenger carriage or for ...",0,0,0,0,0,0,0,0,0,0,0,0,,,,,,,,,,,,,,,0,0,0,0,0,0,0,0,0,0,0,0
'900130,Contact lenses,0,0,0,0,0,0,0,0,0,0,0,0,,,,,,,,,,,,,,,0,0,0,0,0,0,0,0,0,0,0,0
'900510,Binoculars,0,0,0,0,0,0,0,0,0,0,0,0,,,,,,,,,,,,,,,0,0,0,0,0,0,0,0,0,0,0,0
'901010,Apparatus and equipment for automatically developing photographic or cinematographic film or ...,0,0,0,0,0,0,0,0,0,0,0,0,,,,,,,,,,,,,,,0,0,0,0,0,0,0,0,0,0,0,0
'901380,"Optical appliances and instruments, n.e.s. in chapter 90",0,0,0,0,0,0,0,0,0,0,0,0,,,,,,,,,,,,,,,0,0,0,0,0,0,0,0,0,0,0,0
'901410,Direction finding compasses,0,0,0,0,0,0,0,0,0,0,0,0,,,,,,,,,,,,,,,0,0,0,0,0,0,0,0,0,0,0,0
'902110,Orthopaedic or fracture appliances,0,0,0,0,0,0,0,0,0,0,0,0,,,,,,,,,,,,,,,378,268,492,286,317,280,286,256,274,130,261,307
'902129,Dental fittings (excl. artificial teeth),0,0,0,0,0,0,0,0,0,0,0,0,,,,,,,,,,,,,,,0,0,0,0,0,0,0,0,0,0,0,0
'902511,"Thermometers, liquid-filled, for direct reading, not combined with other instruments",0,0,0,0,0,0,0,0,0,0,0,0,,,,,,,,,,,,,,,0,0,0,0,0,0,0,0,0,0,0,0
'902620,Instruments and apparatus for measuring or checking pressure of liquids or gases (excl. regulators),0,0,0,0,0,0,0,0,0,0,0,0,,,,,,,,,,,,,,,48,23,52,407,98,86,227,55,212,97,44,144
'902710,Gas or smoke analysis apparatus,0,0,0,0,0,0,0,0,0,0,0,0,,,,,,,,,,,,,,,51,0,29,23,0,26,14,9,0,72,27,24
'902890,"Parts and accessories for gas, liquid or electricity supply or production meters, n.e.s.",0,0,0,0,0,0,0,0,0,0,0,0,,,,,,,,,,,,,,,0,97,25,123,89,0,29,159,0,28,0,48
'903033,"Instruments and apparatus for measuring or checking voltage, current, resistance or electrical ...",0,0,0,0,0,0,0,0,0,0,0,0,,,,,,,,,,,,,,,0,0,0,7,0,10,17,39,0,19,10,0
'903040,"Instruments and apparatus for measuring or checking electrical quantities, specifically for ...",0,0,0,0,0,0,0,0,0,0,0,0,,,,,,,,,,,,,,,0,0,0,0,0,0,0,0,0,0,0,0
'910219,"Wrist-watches, whether or not incorporating a stop-watch facility, electrically operated, with ...",0,0,0,0,0,0,0,0,0,0,0,0,,,,,,,,,,,,,,,0,0,0,0,0,0,0,0,0,0,0,0
'911490,"Clock or watch parts, n.e.s.",0,0,0,0,0,0,0,0,0,0,0,0,,,,,,,,,,,,,,,0,0,0,0,0,0,0,0,0,0,0,0
'920930,Musical instrument strings,0,0,0,0,0,0,0,0,0,0,0,0,,,,,,,,,,,,,,,145,58,91,82,89,36,61,160,131,57,149,105
'930630,"Cartridges for smooth-barrelled shotguns, revolvers and pistols and cartridges for riveting ...",0,0,0,0,0,0,0,0,0,0,0,0,,,,,,,,,,,,,,,0,0,0,0,0,0,0,0,0,0,0,0
'940340,Wooden furniture for kitchens (excl. seats),0,0,0,0,0,0,0,0,0,0,0,0,,,,,,,,,,,,,,,228,348,436,274,340,0,191,0,0,0,0,0
'940350,Wooden furniture for bedrooms (excl. seats),0,0,0,0,0,0,0,0,0,0,0,0,,,,,,,,,,,,,,,54,81,87,105,105,110,205,211,287,88,54,183
'940429,"Mattresses, fitted with springs or stuffed or internally filled with any material (excl. cellular ...",0,0,0,0,0,0,0,0,0,0,0,0,,,,,,,,,,,,,,,49,27,70,31,33,18,89,118,72,0,86,67
'940519,Chandeliers and other electric ceiling or wall lighting fittings (excl. for lighting public ...,0,0,0,0,0,0,0,0,0,0,0,0,,,,,,,,,,,,,,,0,61,0,36,94,6,89,64,0,32,9,80
'940531,"Lighting strings of a kind used for Christmas trees, solely for light-emitting diode ""LED"" ...",0,0,0,0,0,0,0,0,0,0,0,0,,,,,,,,,,,,,,,0,0,0,0,0,0,0,0,0,0,0,0
'940569,"Illuminated signs, illuminated nameplates and the like, with a permanently fixed light source ...",0,0,0,0,0,0,0,0,0,0,0,0,,,,,,,,,,,,,,,0,26,43,0,0,0,19,87,61,0,4,0
'950510,"Christmas articles (excl. candles and electric lighting sets, natural Christmas trees and Christmas ...",0,0,0,0,0,0,0,0,0,0,0,0,,,,,,,,,,,,,,,0,0,0,0,0,0,0,0,0,0,0,0
'950632,Golf balls,0,0,0,0,0,0,0,0,0,0,0,0,,,,,,,,,,,,,,,0,0,0,0,0,0,0,0,0,0,0,0
'950659,"Badminton and similar rackets, whether or not strung (other than tennis rackets and table-tennis ...",0,0,0,0,0,0,0,0,0,0,0,0,,,,,,,,,,,,,,,0,0,0,0,0,0,0,0,0,0,0,0
'950662,Inflatable balls,0,0,0,0,0,0,0,0,0,0,0,0,,,,,,,,,,,,,,,0,0,0,0,0,0,0,0,0,0,0,0
'950669,"Balls (excl. inflatable, tennis balls, golf balls, and table-tennis balls)",0,0,0,0,0,0,0,0,0,0,0,0,,,,,,,,,,,,,,,0,0,0,0,0,0,0,0,0,0,0,0
'950699,Articles and equipment for sport and outdoor games n.e.s; swimming and paddling pools,0,0,0,0,0,0,0,0,0,0,0,0,,,,,,,,,,,,,,,110,138,71,261,114,115,123,184,313,82,75,230
'960390,Mops and leather dusters; prepared knots and tufts for broom or brush making; squeegees of ...,0,0,0,0,0,0,0,0,0,0,0,0,,,,,,,,,,,,,,,48,81,28,14,95,22,98,79,108,40,45,81
'960711,Slide fasteners fitted with chain scoops of base metal,0,0,0,0,0,0,0,0,0,0,0,0,,,,,,,,,,,,,,,0,0,0,0,0,0,0,0,0,0,0,0
'960899,"Parts of ball-point pens, felt-tipped and other porous-tipped pens and markers, fountain pens ...",0,0,0,0,0,0,0,0,0,0,0,0,,,,,,,,,,,,,,,0,0,0,0,0,0,0,0,0,0,0,0
'961000,"Slates and boards, with writing or drawing surfaces, whether or not framed",0,0,0,0,0,0,0,0,0,0,0,0,,,,,,,,,,,,,,,0,0,0,0,0,0,0,0,0,0,0,0
'961400,"Smoking pipes, incl. pipe bowls, cigar or cigarette holders, and parts thereof, n.e.s.",0,0,0,0,0,0,0,0,0,0,0,0,,,,,,,,,,,,,,,0,0,0,0,0,0,0,0,0,0,0,0
'970199,"Collages and similar decorative plaques (excl. over 100 years old, and mosaics)",0,0,0,0,0,0,0,0,0,0,0,0,,,,,,,,,,,,,,,0,0,0,0,0,0,0,0,0,0,20,0
'999999,Commodities not elsewhere specified,0,0,0,0,0,0,0,0,0,0,0,0,,,,,,,,,,,,,,,753571,745698,662960,851028,746014,737643,735182,915249,820681,743371,658004,1041075
'010221,Pure-bred cattle for breeding,0,0,0,0,0,0,0,0,0,0,0,0,,,,,,,,,,,,,,,0,0,0,0,0,0,0,0,0,0,0,0
'010410,Live sheep,0,0,0,0,0,0,0,0,0,0,0,0,,,,,,,,,,,,,,,0,0,0,0,0,0,0,0,0,0,0,0
'010420,Live goats,0,0,0,0,0,0,0,0,0,0,0,0,,,,,,,,,,,,,,,0,0,0,0,0,0,0,0,0,0,0,0
'010613,Live camels and other camelids [Camelidae],0,0,0,0,0,0,0,0,0,0,0,0,,,,,,,,,,,,,,,0,0,0,0,0,0,0,0,0,0,0,0
'020120,"Fresh or chilled bovine cuts, with bone in (excl. carcases and 1/2 carcases)",0,0,0,0,0,0,0,0,0,0,0,0,,,,,,,,,,,,,,,188,229,205,382,562,708,244,509,454,493,452,660
'020441,Frozen sheep carcases and half-carcases (excl. lambs),0,0,0,0,0,0,0,0,0,0,0,0,,,,,,,,,,,,,,,0,0,0,0,0,0,0,0,0,0,227,0
'020622,Frozen edible bovine livers,0,0,0,0,0,0,0,0,0,0,0,0,,,,,,,,,,,,,,,1927,2001,2457,1797,2465,5410,6332,3903,4723,3746,3441,4077
'030111,Live ornamental freshwater fish,0,0,0,0,0,0,0,0,0,0,0,0,,,,,,,,,,,,,,,0,0,0,0,0,0,0,0,0,0,0,0
'030193,"Live carp ""Cyprinus spp., Carassius spp., Ctenopharyngodon idellus, Hypophthalmichthys spp., ...",0,0,0,0,0,0,0,0,0,0,0,0,,,,,,,,,,,,,,,0,0,0,0,0,0,0,0,0,0,0,0
'030325,"Frozen carp ""Cyprinus spp., Carassius spp., Ctenopharyngodon idellus, Hypophthalmichthys spp., ...",0,0,0,0,0,0,0,0,0,0,0,0,,,,,,,,,,,,,,,0,0,0,0,0,0,0,0,0,0,50,70
'030391,"Frozen fish livers, roes and milt",0,0,0,0,0,0,0,0,0,0,0,0,,,,,,,,,,,,,,,0,0,0,0,0,0,0,0,0,0,0,0
'030471,"Frozen fillets of cod ""Gadus morhua, Gadus ogac, Gadus macrocephalus""",0,0,0,0,0,0,0,0,0,0,0,0,,,,,,,,,,,,,,,0,0,0,0,0,0,0,0,0,0,0,0
'030495,"Frozen meat, whether or not minced, of fish of the families Bregmacerotidae, Euclichthyidae, ...",0,0,0,0,0,0,0,0,0,0,0,0,,,,,,,,,,,,,,,0,0,0,163,0,0,0,0,1336,0,1231,0
'030532,"Fillets, dried, salted or in brine, but not smoked, of fish of the families Bregmacerotidae, ...",0,0,0,0,0,0,0,0,0,0,0,0,,,,,,,,,,,,,,,0,0,0,0,0,0,0,0,0,0,0,0
'030572,"Fish heads, tails and maws, smoked, dried, salted or in brine",0,0,0,0,0,0,0,0,0,0,0,0,,,,,,,,,,,,,,,0,0,0,0,0,0,0,0,0,0,0,0
'030722,"Scallops and other molluscs of the family Pectinidae, frozen, even in shell",0,0,0,0,0,0,0,0,0,0,0,0,,,,,,,,,,,,,,,0,0,0,0,0,0,0,0,0,0,0,0
'030749,"Cuttle fish and squid, smoked, dried, salted or in brine, with or without shell",0,0,0,0,0,0,0,0,0,0,0,0,,,,,,,,,,,,,,,0,0,0,0,0,0,0,0,0,0,0,0
'040291,"Milk and cream, concentrated but unsweetened (excl. in solid forms)",0,0,0,0,0,0,0,0,0,0,0,0,,,,,,,,,,,,,,,0,0,0,0,0,0,0,0,0,0,0,0
'040610,"Fresh cheese ""unripened or uncured cheese"", incl. whey cheese, and curd",0,0,1233,0,1299,895,0,0,0,0,582,0,,,,,,,,,,,,,,,17598,21217,20618,20917,21327,22760,18629,21328,20471,23770,11978,17377
'040620,"Grated or powdered cheese, of all kinds",0,0,0,0,0,0,0,0,0,0,0,0,,,,,,,,,,,,,,,230,294,247,275,279,297,358,243,244,84,199,269
'040711,"Fertilised eggs for incubation, of domestic fowls",0,0,0,0,0,0,0,0,0,0,0,0,,,,,,,,,,,,,,,0,0,0,0,0,0,0,0,0,0,0,0
'050210,"Pigs', hogs' or boars' bristles and waste of such bristles",0,0,0,0,0,0,0,0,0,0,0,0,,,,,,,,,,,,,,,0,0,0,0,0,0,0,0,0,0,0,0
'051191,"Products of fish or crustaceans, molluscs or other aquatic invertebrates; dead fish, crustaceans, ...",0,0,0,0,0,0,0,0,0,0,0,0,,,,,,,,,,,,,,,0,0,0,0,0,0,0,0,0,0,0,0
'060311,"Fresh cut roses and buds, of a kind suitable for bouquets or for ornamental purposes",0,0,0,0,0,0,0,0,0,0,0,0,,,,,,,,,,,,,,,0,0,0,0,0,0,0,0,0,0,0,0
'070519,Fresh or chilled lettuce (excl. cabbage lettuce),0,0,0,0,0,0,0,0,0,0,0,0,,,,,,,,,,,,,,,0,0,0,0,0,0,0,0,0,0,0,0
'070993,"Fresh or chilled pumpkins, squash and gourds ""Cucurbita spp.""",0,0,0,0,0,0,0,0,0,0,0,0,,,,,,,,,,,,,,,269,160,0,0,321,48,38,0,128,328,197,418
'071234,"Dried shiitake ""Lentinus edodes"", whole, cut, sliced, broken or in powder, but not further ...",0,0,0,0,0,0,0,0,0,0,0,0,,,,,,,,,,,,,,,0,0,0,0,0,0,0,0,0,0,0,0
'071290,"Dried vegetables and mixtures of vegetables, whole, cut, sliced, broken or in powder, but not ...",0,0,0,0,0,0,0,0,0,0,0,0,,,,,,,,,,,,,,,12,2,50,307,62,153,321,16,254,20,0,16
'080111,Desiccated coconuts,0,0,0,0,0,0,0,0,0,0,0,0,,,,,,,,,,,,,,,0,0,0,0,0,0,0,0,0,0,0,0
'080252,"Fresh or dried pistachios, shelled",0,0,0,0,0,0,0,0,0,0,0,0,,,,,,,,,,,,,,,0,0,0,0,0,0,0,0,0,0,0,0
'080390,Fresh or dried bananas (excl. plantains),0,0,0,0,0,0,0,0,0,0,0,0,,,,,,,,,,,,,,,0,0,0,0,0,0,0,0,0,0,0,0
'080810,Fresh apples,0,0,0,0,0,0,0,0,0,0,0,0,,,,,,,,,,,,,,,8106,9429,8116,6627,7338,7681,5384,4393,4141,1743,3543,5641
'081120,"Frozen raspberries, blackberries, mulberries, loganberries, black-, white- or red currants ...",0,0,0,0,0,0,0,0,0,0,0,0,,,,,,,,,,,,,,,0,0,0,0,0,0,0,0,0,0,0,0
'081400,"Peel of citrus fruit or melons, incl. watermelons, fresh, frozen, dried or provisionally preserved ...",0,0,0,0,0,0,0,0,0,0,0,0,,,,,,,,,,,,,,,0,0,0,0,0,0,0,0,0,0,0,0
'090300,Mate,0,0,0,0,0,0,0,0,0,0,0,0,,,,,,,,,,,,,,,5387,8865,9306,10440,7384,10133,17079,7462,9383,6646,5608,9156
'090619,"Cinnamon and cinnamon-tree flowers (excl. cinnamon ""Cinnamomum zeylanicum Blume"" and crushed ...",0,0,0,0,0,0,0,0,0,0,0,0,,,,,,,,,,,,,,,0,0,0,0,0,0,0,0,0,0,0,0
'090620,Crushed or ground cinnamon and cinnamon-tree flowers,0,0,0,0,0,0,0,0,0,0,0,0,,,,,,,,,,,,,,,0,0,0,0,0,0,0,0,0,0,0,0
'091091,Mixtures of different types of spices,0,0,0,0,0,0,0,0,0,0,0,0,,,,,,,,,,,,,,,0,0,0,0,0,0,0,0,0,0,0,0
'100191,"Seed of wheat and meslin, for sowing (excl. durum)",0,0,0,0,0,0,0,0,0,0,0,0,,,,,,,,,,,,,,,65,94,0,0,0,0,0,0,0,0,0,0
'100290,Rye (excl. seed for sowing),0,0,0,0,0,0,0,0,0,0,0,0,,,,,,,,,,,,,,,0,0,0,0,0,0,0,0,0,0,0,0
'100490,Oats (excl. seed for sowing),0,0,0,0,0,0,0,0,0,0,0,0,,,,,,,,,,,,,,,0,0,0,0,0,0,0,0,0,0,0,0
'100510,Maize seed for sowing,0,0,0,0,0,0,0,0,0,0,0,0,,,,,,,,,,,,,,,2745,1386,1770,4184,11255,8157,1542,3906,2080,235,224,1476
'110319,Groats and meal of cereals (excl. wheat and maize),0,0,0,0,0,0,0,0,0,0,0,0,,,,,,,,,,,,,,,0,0,0,0,0,0,0,0,0,0,0,0
'110814,Manioc starch,0,0,0,0,0,0,0,0,0,0,0,0,,,,,,,,,,,,,,,0,0,0,0,0,0,0,0,0,0,0,0
'120750,"Mustard seeds, whether or not broken",0,0,0,0,0,0,0,0,0,0,0,0,,,,,,,,,,,,,,,0,0,0,0,0,0,0,0,0,0,0,0
'120810,Soya bean flour and meal,0,0,0,0,0,0,0,0,0,0,0,0,,,,,,,,,,,,,,,421,329,452,455,691,479,287,339,0,134,60,81
'120991,"Vegetable seeds, for sowing",0,0,0,0,0,0,0,0,0,0,0,0,,,,,,,,,,,,,,,6286,3837,2157,983,1067,502,116,130,447,0,4712,7900
'121292,"Locust beans ""carob"", fresh, chilled, frozen or dried, whether or not ground",0,0,0,0,0,0,0,0,0,0,0,0,,,,,,,,,,,,,,,0,0,0,0,0,0,0,0,0,0,0,0
'121299,"Fruit stones and kernels and other vegetable products, incl. unroasted chicory roots of the ...",0,0,0,0,0,0,0,0,0,0,0,0,,,,,,,,,,,,,,,0,0,0,0,0,0,0,0,0,0,0,0
'121490,"Swedes, mangolds, fodder roots, hay, lucerne ""alfalfa"", clover, sainfoin, forage kale, lupines, ...",0,0,0,0,0,0,0,0,0,0,0,0,,,,,,,,,,,,,,,4497,3143,3474,2413,3193,1589,4729,6014,9778,14902,10164,4931
'130220,"Pectic substances, pectinates and pectates",0,0,0,0,0,0,0,0,0,0,0,0,,,,,,,,,,,,,,,0,0,0,0,0,0,0,0,0,0,0,0
'140490,Vegetable products n.e.s,0,0,0,0,0,0,0,0,0,0,0,0,,,,,,,,,,,,,,,0,0,0,0,0,0,0,0,0,0,0,0
'150190,"Poultry fat, rendered or otherwise extracted",0,0,0,0,0,0,0,0,0,0,0,0,,,,,,,,,,,,,,,0,0,0,0,0,0,0,0,0,0,0,0
'150810,Crude groundnut oil,0,0,0,0,0,0,0,0,0,0,0,0,,,,,,,,,,,,,,,5059,8607,14385,9367,10763,8090,11265,9482,7850,10863,6699,12487
'151229,"Cotton-seed oil and its fractions, whether or not refined, but not chemically modified (excl. ...",0,0,0,0,0,0,0,0,0,0,0,0,,,,,,,,,,,,,,,0,0,0,0,0,0,0,0,0,0,0,0
'151419,"Low erucic acid rape or colza oil ""fixed oil which has an erucic acid content of < 2%"" and ...",0,0,0,0,0,0,0,0,0,0,0,0,,,,,,,,,,,,,,,0,0,0,0,0,0,0,0,0,0,0,0
'151491,"High erucic acid rape or colza oil ""fixed oil which has an erucic acid content of >= 2%"" and ...",0,0,0,0,0,0,0,0,0,0,0,0,,,,,,,,,,,,,,,0,0,0,0,0,0,0,0,0,0,0,0
'151511,Crude linseed oil,0,0,0,0,0,0,0,0,0,0,0,0,,,,,,,,,,,,,,,0,0,0,0,0,0,0,0,0,0,0,0
'151620,"Vegetable fats and oils and their fractions, partly or wholly hydrogenated, inter-esterified, ...",0,0,0,0,0,0,0,0,0,0,0,0,,,,,,,,,,,,,,,2534,0,1394,2628,252,4535,56,4883,402,45,4986,515
'152000,"Glycerol, crude; glycerol waters and glycerol lyes",0,0,0,0,0,0,0,0,0,0,0,0,,,,,,,,,,,,,,,0,210,477,1908,2100,2320,2150,1170,1128,1056,1351,613
'160231,"Meat or offal of turkeys ""Gallus domesticus"", prepared or preserved (excl. sausages and similar ...",0,0,0,0,0,0,0,0,0,0,0,0,,,,,,,,,,,,,,,0,0,0,0,0,0,0,0,0,0,0,0
'160232,"Meat or offal of fowls of the species ""Gallus domesticus"", prepared or preserved (excl. sausages ...",0,0,0,0,0,0,0,0,0,0,0,0,,,,,,,,,,,,,,,0,0,0,0,0,0,1643,0,1449,0,0,0
'160411,"Prepared or preserved salmon, whole or in pieces (excl. minced)",0,0,0,0,0,0,0,0,0,0,0,0,,,,,,,,,,,,,,,0,0,0,0,0,0,0,0,0,0,0,0
'160416,"Prepared or preserved anchovies, whole or in pieces (excl. minced)",0,0,0,0,0,0,0,0,0,0,0,0,,,,,,,,,,,,,,,0,0,0,0,0,0,0,199,0,0,0,0
'160432,Caviar substitutes prepared from fish eggs,0,0,0,0,0,0,0,0,0,0,0,0,,,,,,,,,,,,,,,0,0,0,0,0,0,0,0,0,0,0,0
'160529,"Shrimps and prawns, prepared or preserved, in airtight containers (excl. smoked)",0,0,0,0,0,0,0,0,0,0,0,0,,,,,,,,,,,,,,,0,0,0,0,0,0,0,0,0,0,0,0
'170211,"Lactose in solid form and lactose syrup, not containing added flavouring or colouring matter, ...",0,0,0,0,0,0,0,0,0,0,0,0,,,,,,,,,,,,,,,0,0,0,0,0,0,0,0,64,0,0,0
'190190,"Malt extract; food preparations of flour, groats, meal, starch or malt extract, not containing ...",0,0,0,0,0,0,0,0,0,0,0,0,,,,,,,,,,,,,,,5641,4271,3996,5521,6187,7764,7501,5235,4112,7232,8360,6938
'190219,"Uncooked pasta, not stuffed or otherwise prepared, not containing eggs",0,0,0,0,0,0,0,0,0,0,0,0,,,,,,,,,,,,,,,1783,2141,1869,1525,1493,1436,1075,921,767,805,986,1255
'190220,"Pasta, stuffed with meat or other substances, whether or not cooked or otherwise prepared",0,0,0,0,0,0,0,0,0,0,0,0,,,,,,,,,,,,,,,263,371,281,389,241,238,281,255,221,187,297,437
'190410,"Prepared foods obtained by swelling or roasting cereals or cereal products, e.g. corn flakes",0,0,0,0,0,0,0,0,0,0,0,0,,,,,,,,,,,,,,,522,610,522,561,488,541,505,650,417,531,408,701
'190532,Waffles and wafers,0,0,0,0,0,0,0,0,0,0,0,0,,,,,,,,,,,,,,,857,1093,1015,1301,1687,1594,1154,681,678,823,508,1384
'190540,"Rusks, toasted bread and similar toasted products",0,0,0,0,0,0,0,0,0,0,0,0,,,,,,,,,,,,,,,95,90,0,139,93,121,86,170,78,121,92,87
'200820,"Pineapples, prepared or preserved, whether or not containing added sugar or other sweetening ...",0,0,0,0,0,0,0,0,0,0,0,0,,,,,,,,,,,,,,,0,0,0,0,0,0,0,0,0,0,0,0
'200830,"Citrus fruit, prepared or preserved, whether or not containing added sugar or other sweetening ...",0,0,0,0,0,0,0,0,0,0,0,0,,,,,,,,,,,,,,,547,605,651,571,762,1248,420,619,336,0,538,595
'200897,"Mixtures of fruits, nuts and other edible parts of plants, prepared or preserved, whether or ...",0,0,0,0,0,0,0,0,0,0,0,0,,,,,,,,,,,,,,,0,0,0,0,0,916,0,0,9,0,0,0
'200899,"Fruit and other edible parts of plants, prepared or preserved, whether or not containing added ...",0,0,0,0,0,0,0,0,0,0,0,0,,,,,,,,,,,,,,,0,38,35,25,3,26,8,21,43,47,37,0
'200919,"Orange juice, unfermented, whether or not containing added sugar or other sweetening matter ...",0,0,0,0,0,0,0,0,0,0,0,0,,,,,,,,,,,,,,,0,0,0,0,0,0,0,0,0,0,231,730
'200949,"Pineapple juice, unfermented, Brix value > 20 at 20°C, whether or not containing added sugar ...",0,0,0,0,0,0,0,0,0,0,0,0,,,,,,,,,,,,,,,0,0,0,0,0,0,0,0,0,0,0,0
'210210,Active yeasts,0,0,0,0,0,0,0,0,0,0,0,0,,,,,,,,,,,,,,,2311,2526,2363,2816,2313,2733,2841,2072,2274,1775,2359,2040
'210230,Prepared baking powders,0,0,0,0,0,0,0,0,0,0,0,0,,,,,,,,,,,,,,,0,0,0,0,0,0,0,0,0,0,0,0
'220210,"Waters, incl. mineral and aerated, with added sugar, sweetener or flavour, for direct consumption ...",0,0,0,0,0,0,0,0,0,0,0,0,,,,,,,,,,,,,,,374,510,432,497,365,519,767,638,600,248,227,476
'250870,Chamotte or dinas earths,0,0,0,0,0,0,0,0,0,0,0,0,,,,,,,,,,,,,,,0,0,0,0,0,0,0,0,0,0,0,0
'251200,"Siliceous fossil meals, e.g. kieselguhr, tripolite and diatomite, and similar siliceous earths, ...",0,0,0,0,0,0,0,0,0,0,0,0,,,,,,,,,,,,,,,395,274,370,498,422,429,496,335,385,301,287,320
'251400,"Slate, whether or not roughly trimmed or merely cut, by sawing or otherwise, into blocks or ...",0,0,0,0,0,0,0,0,0,0,0,0,,,,,,,,,,,,,,,0,0,0,0,0,0,0,0,0,0,0,0
'251620,"Sandstone, whether or not roughly trimmed or merely cut, by sawing or otherwise, into blocks ...",0,0,0,0,0,0,0,0,0,0,0,0,,,,,,,,,,,,,,,0,0,0,0,0,0,0,0,0,0,0,0
'252210,Quicklime,0,0,0,0,0,0,0,0,0,0,0,0,,,,,,,,,,,,,,,3572,4182,2425,4855,2970,3554,4432,2899,4281,3123,2378,1543
'252610,"Natural steatite, whether or not roughly trimmed or merely cut, by sawing or otherwise, into ...",0,0,0,0,0,0,0,0,0,0,0,0,,,,,,,,,,,,,,,0,0,0,0,0,0,0,0,0,0,0,0
'261000,Chromium ores and concentrates,0,0,0,0,0,0,0,0,0,0,0,0,,,,,,,,,,,,,,,0,0,0,0,0,0,0,0,0,0,0,0
'261900,"Slag, dross, scalings and other waste from the manufacture of iron or steel (excl. granulated ...",0,0,0,0,0,0,0,0,0,0,0,0,,,,,,,,,,,,,,,0,0,0,0,0,0,0,0,0,0,0,0
'270710,"Benzol ""benzene"" containing > 50% of benzene (excl. chemically defined)",0,0,0,0,0,0,0,0,0,0,0,0,,,,,,,,,,,,,,,0,0,0,0,0,0,0,0,0,0,0,0
'271099,Waste oils containing mainly petroleum or bituminous minerals (excl. those containing polychlorinated ...,0,0,0,0,0,0,0,0,0,0,0,0,,,,,,,,,,,,,,,0,0,0,0,0,0,0,0,0,0,0,0
'271210,Petroleum jelly,0,0,0,0,0,0,0,0,0,0,0,0,,,,,,,,,,,,,,,0,0,0,0,0,0,0,0,0,0,0,0
'271490,"Bitumen and asphalt, natural; asphaltites and asphaltic rocks",0,0,0,0,0,0,0,0,0,0,0,0,,,,,,,,,,,,,,,80,0,45,0,53,0,0,106,0,0,0,0
'280470,Phosphorus,0,0,0,0,0,0,0,0,0,0,0,0,,,,,,,,,,,,,,,0,0,0,0,0,0,0,0,0,0,0,0
'282735,Nickel chloride,0,0,0,0,0,0,0,0,0,0,0,0,,,,,,,,,,,,,,,0,0,0,0,0,0,0,0,0,0,0,0
'282911,Chlorate of sodium,0,0,0,0,0,0,0,0,0,0,0,0,,,,,,,,,,,,,,,0,0,0,0,0,0,0,0,0,0,0,0
'282990,Perchlorates; bromates and perbromates; iodates and periodates (excl. inorganic or organic ...,0,0,0,0,0,0,0,0,0,0,0,0,,,,,,,,,,,,,,,0,0,0,0,0,0,0,0,0,0,0,0
'283522,Mono- or disodium phosphate,0,0,0,0,0,0,0,0,0,0,0,0,,,,,,,,,,,,,,,8,0,3,0,0,0,0,0,0,0,0,0
'283529,"Phosphates (excl. phosphates of monosodium, disodium, potassium, calcium and mercury)",0,0,0,0,0,0,0,0,0,0,0,0,,,,,,,,,,,,,,,0,0,0,0,0,0,0,0,0,0,0,0
'283911,"Metasilicates of sodium, incl. commercial metasilicates",0,0,0,0,0,0,0,0,0,0,0,0,,,,,,,,,,,,,,,0,0,0,0,0,0,0,0,0,0,0,0
'284019,"Disodium tetraborate ""refined borax"" (excl. anhydrous)",0,0,0,0,0,0,0,0,0,0,0,0,,,,,,,,,,,,,,,0,0,1505,0,995,0,0,0,1136,0,0,0
'284210,"Double or complex silicates of inorganic acids or peroxoacids, incl. aluminosilicates whether ...",0,0,0,0,0,0,0,0,0,0,0,0,,,,,,,,,,,,,,,0,0,0,0,18,0,36,36,0,0,0,0
'284330,"Gold compounds, inorganic or organic, whether or not chemically defined",0,0,0,0,0,0,0,0,0,0,0,0,,,,,,,,,,,,,,,0,0,0,0,0,0,0,0,0,0,0,0
'284410,"Natural uranium and its compounds; alloys, dispersions, incl. cermets, ceramic products and ...",0,0,0,0,0,0,0,0,0,0,0,0,,,,,,,,,,,,,,,0,0,0,0,0,0,0,0,0,0,0,0
'284590,"Non-radioactive isotopes; inorganic or organic compounds of such isotopes, whether or not chemically ...",0,0,0,0,0,0,0,0,0,0,0,0,,,,,,,,,,,,,,,0,0,0,0,0,0,0,0,0,0,0,0
'284920,"Carbides of silicon, whether or not chemically defined",0,0,0,0,0,0,0,0,0,0,0,0,,,,,,,,,,,,,,,0,0,0,0,0,0,0,0,0,0,0,0
'290373,Dichlorofluoroethanes,0,0,0,0,0,0,0,0,0,0,0,0,,,,,,,,,,,,,,,0,0,0,0,0,0,0,0,0,0,0,0
'290379,Halogenated derivatives of acyclic hydrocarbons containing two or more different halogens (excl. ...,0,0,0,0,0,0,0,0,0,0,0,0,,,,,,,,,,,,,,,0,0,0,0,0,0,0,0,0,0,0,0
'290549,"Tri- and other polyhydric acyclic alcohols (excl. 2-ethyl-2-""hydroxymethyl"" propane-1,3-diol ...",0,0,0,0,0,0,0,0,0,0,0,0,,,,,,,,,,,,,,,0,0,0,0,0,0,0,0,0,0,0,0
'290629,"Aromatic cyclic alcohols and their halogenated, sulphonated, nitrated or nitrosated derivatives ...",0,0,0,0,0,0,0,0,0,0,0,0,,,,,,,,,,,,,,,0,0,0,0,0,0,0,0,13,0,2,0
'290713,"Octylphenol, nonylphenol and their isomers; salts thereof",0,0,0,0,0,0,0,0,0,0,0,0,,,,,,,,,,,,,,,0,0,0,0,0,0,0,0,0,0,0,0
'290715,Naphthols and their salts,0,0,0,0,0,0,0,0,0,0,0,0,,,,,,,,,,,,,,,0,0,0,0,0,0,0,0,0,0,0,0
'290911,Diethyl ether,0,0,0,0,0,0,0,0,0,0,0,0,,,,,,,,,,,,,,,0,0,0,0,0,0,0,0,0,0,0,0
'291411,Acetone,0,0,0,0,0,0,0,0,0,0,0,0,,,,,,,,,,,,,,,0,0,0,0,0,0,0,0,0,0,0,0
'291413,"4-Methylpentan-2-one ""methyl isobutyl ketone""",0,0,0,0,0,0,0,0,0,0,0,0,,,,,,,,,,,,,,,0,0,0,0,0,0,0,0,0,0,0,0
'291423,Ionones and methylionones,0,0,0,0,0,0,0,0,0,0,0,0,,,,,,,,,,,,,,,0,0,0,0,0,0,0,0,0,0,0,0
'291439,"Ketones, aromatic, without other oxygen function (excl. phenylacetone [phenylpropan-2-one])",0,0,0,0,0,0,0,0,0,0,0,0,,,,,,,,,,,,,,,0,0,0,0,0,0,0,0,0,0,0,0
'291440,Ketone-alcohols and ketone-aldehydes,0,0,0,0,0,0,0,0,0,0,0,0,,,,,,,,,,,,,,,0,0,0,0,0,0,0,0,0,0,0,0
'291532,Vinyl acetate,0,0,0,0,0,0,0,0,0,0,0,0,,,,,,,,,,,,,,,0,0,0,0,0,0,0,0,0,0,0,0
'291590,"Saturated acyclic monocarboxylic acids, their anhydrides, halides, peroxides and peroxyacids; ...",0,0,0,0,0,0,0,0,0,0,0,0,,,,,,,,,,,,,,,0,0,0,2,20,8,0,0,3,0,0,0
'291632,Benzoyl peroxide and benzoyl chloride,0,0,0,0,0,0,0,0,0,0,0,0,,,,,,,,,,,,,,,0,0,0,0,0,0,0,0,0,0,0,0
'291714,Maleic anhydride,0,0,0,0,0,0,0,0,0,0,0,0,,,,,,,,,,,,,,,0,0,0,0,0,0,0,0,0,0,0,0
'291736,Terephthalic acid and its salts,0,0,0,0,0,0,0,0,0,0,0,0,,,,,,,,,,,,,,,0,0,0,0,0,0,0,0,0,0,0,0
'291823,"Esters of salicylic acid and their salts (excl. o-acetylsalicylic acid, its salts and esters)",0,0,0,0,0,0,0,0,0,0,0,0,,,,,,,,,,,,,,,0,0,0,0,0,0,0,0,10,0,0,0
'292143,Toluidines and their derivatives; salts thereof,0,0,0,0,0,0,0,0,0,0,0,0,,,,,,,,,,,,,,,0,0,0,0,0,0,0,0,0,0,0,0
'292241,Lysine and its esters; salts thereof,0,0,0,0,0,0,0,0,0,0,0,0,,,,,,,,,,,,,,,0,0,0,0,0,0,0,0,0,0,0,0
'292800,Organic derivatives of hydrazine or of hydroxylamine,0,0,0,0,0,0,0,0,0,0,0,0,,,,,,,,,,,,,,,0,0,0,0,0,0,6,0,0,0,0,0
'292990,Compounds with nitrogen function (excl. amine-function compounds; oxygen-function amino-compounds; ...,0,0,0,0,0,0,0,0,0,0,0,0,,,,,,,,,,,,,,,0,0,0,0,0,0,0,0,0,0,0,0
'293159,"Separate chemically defined halogenated organo-phosphorous derivatives, n.e.s.",0,0,0,0,0,0,0,0,0,0,0,0,,,,,,,,,,,,,,,0,0,0,0,0,0,0,0,0,0,0,0
'293295,"Tetrahydrocannabinols ""all isomers""",0,0,0,0,0,0,0,0,0,0,0,0,,,,,,,,,,,,,,,0,0,0,0,0,0,0,0,0,0,0,0
'293321,Hydantoin and its derivatives,0,0,0,0,0,0,0,0,0,0,0,0,,,,,,,,,,,,,,,0,0,0,0,0,0,0,0,0,0,0,0
'293369,"Heterocyclic compounds with nitrogen hetero-atom[s] only, containing an unfused triazine ring, ...",0,0,0,0,0,0,0,0,0,0,0,0,,,,,,,,,,,,,,,0,0,0,0,0,0,0,0,0,0,0,0
'293622,"Vitamin B1 and its derivatives, used primarily as vitamins",0,0,0,0,0,0,0,0,0,0,0,0,,,,,,,,,,,,,,,0,0,0,0,0,0,0,0,0,0,0,0
'293624,"D-Pantothenic or DL-pantothenic acid ""Vitamin B3 or B5"" and their derivatives, used primarily ...",0,0,0,0,0,0,0,0,0,0,0,0,,,,,,,,,,,,,,,0,0,0,0,0,0,0,0,0,0,0,0
'293629,"Vitamins and their derivatives, used primarily as vitamins, unmixed (excl. vitamins A, B1, ...",0,0,0,0,0,0,0,0,0,0,0,0,,,,,,,,,,,,,,,0,0,0,0,0,0,0,0,0,0,0,16
'293750,"Prostaglandins, thromboxanes and leukotrienes, their derivatives and structural analogues, ...",0,0,0,0,0,0,0,0,0,0,0,0,,,,,,,,,,,,,,,0,0,0,0,0,0,0,0,0,0,0,0
'293810,"Rutoside ""rutin"" and its derivatives",0,0,0,0,0,0,0,0,0,0,0,0,,,,,,,,,,,,,,,0,0,0,0,0,0,0,0,0,0,0,0
'293959,"Theophylline and aminophylline ""theophylline-ethylenediamine"" and their derivatives, and salts ...",0,0,0,0,0,0,0,0,0,0,0,0,,,,,,,,,,,,,,,0,0,0,0,0,0,0,0,0,0,0,0
'293962,"Ergotamine ""INN"" and its salts",0,0,0,0,0,0,0,0,0,0,0,0,,,,,,,,,,,,,,,0,0,0,0,0,0,0,0,0,0,0,0
'294120,Streptomycins and their derivatives; salts thereof,0,0,0,0,0,0,0,0,0,0,0,0,,,,,,,,,,,,,,,0,0,0,0,0,0,0,0,0,0,0,0
'294140,Chloramphenicol and its derivatives; salts thereof,0,0,0,0,0,0,0,0,0,0,0,0,,,,,,,,,,,,,,,0,0,0,0,0,0,0,0,0,0,0,0
'300310,"Medicaments containing penicillins or derivatives thereof with a penicillanic acid structure, ...",0,0,0,0,0,0,0,0,0,0,0,0,,,,,,,,,,,,,,,0,0,0,0,0,0,0,0,0,0,0,0
'300420,"Medicaments containing antibiotics, put up in measured doses ""incl. those for transdermal administration"" ...",0,0,0,0,0,0,0,0,0,0,0,0,,,,,,,,,,,,,,,3134,3764,5290,3011,3703,5043,4718,3579,5215,3715,2099,2721
'300460,"Medicaments containing any of the following antimalarial active principles: artemisinin ""INN"" ...",0,0,0,0,0,0,0,0,0,0,0,0,,,,,,,,,,,,,,,0,0,0,0,0,0,0,0,0,0,0,0
'310100,"Animal or vegetable fertilisers, whether or not mixed together or chemically treated; fertilisers ...",0,0,0,0,0,0,0,0,0,0,0,0,,,,,,,,,,,,,,,0,0,0,205,0,0,0,0,0,0,0,0
'310210,"Urea, whether or not in aqueous solution (excl. that in tablets or similar forms, or in packages ...",0,0,0,0,0,0,0,0,0,0,0,0,,,,,,,,,,,,,,,0,0,0,0,0,0,0,0,0,0,0,0
'310250,"Sodium nitrate (excl. that in tablets or similar forms, or in packages with a gross weight ...",0,0,0,0,0,0,0,0,0,0,0,0,,,,,,,,,,,,,,,0,0,0,0,0,0,0,0,0,0,0,0
'310430,"Potassium sulphate (excl. that in tablets or similar forms, or in packages with a gross weight ...",0,0,0,0,0,0,0,0,0,0,0,0,,,,,,,,,,,,,,,0,0,0,0,0,0,0,0,0,0,0,0
'310530,"Diammonium hydrogenorthophosphate ""diammonium phosphate"" (excl. that in tablets or similar ...",0,0,0,0,0,0,0,0,0,0,0,0,,,,,,,,,,,,,,,0,0,0,0,0,0,0,0,0,0,0,0
'320411,Synthetic organic disperse dyes; preparations based on synthetic organic disperse dyes of a ...,0,0,0,0,0,0,0,0,0,0,0,0,,,,,,,,,,,,,,,0,0,0,0,0,0,0,0,0,0,0,0
'320649,"Inorganic or mineral colouring matter, n.e.s.; preparations based on inorganic or mineral colouring ...",0,0,0,0,0,0,0,0,0,0,0,0,,,,,,,,,,,,,,,359,187,454,387,346,484,371,454,87,254,414,168
'321100,Prepared driers,0,0,0,0,0,0,0,0,0,0,0,0,,,,,,,,,,,,,,,0,57,0,24,70,0,0,0,0,16,0,26
'330124,"Oils of peppermint ""Mentha piperita"", whether or not terpeneless, incl. concretes and absolutes",0,0,0,0,0,0,0,0,0,0,0,0,,,,,,,,,,,,,,,0,0,0,0,0,0,0,0,0,0,0,0
'330300,"Perfumes and toilet waters (excl. aftershave lotions, personal deodorants and hair lotions)",0,0,0,0,0,0,0,0,0,0,0,0,,,,,,,,,,,,,,,309,286,417,196,207,188,404,250,276,208,295,199
'330430,Manicure or pedicure preparations,0,0,0,0,0,0,0,0,0,0,0,0,,,,,,,,,,,,,,,59,36,28,59,72,40,24,62,48,32,57,48
'330520,Preparations for permanent waving or straightening,0,0,0,0,0,0,0,0,0,0,0,0,,,,,,,,,,,,,,,0,0,0,0,0,0,0,0,0,0,0,0
'330620,"Yarn used to clean between the teeth ""dental floss"", in individual retail packages",0,0,0,0,0,0,0,0,0,0,0,0,,,,,,,,,,,,,,,0,0,0,0,0,0,0,0,0,0,0,0
'330690,"Preparations for oral or dental hygiene, incl. denture fixative pastes and powders (excl. dentifrices ...",0,0,0,0,0,0,0,0,0,0,0,0,,,,,,,,,,,,,,,532,810,1108,957,967,946,1262,522,532,374,908,369
'330720,Personal deodorants and antiperspirants,0,0,0,0,0,0,0,0,0,0,0,0,,,,,,,,,,,,,,,11052,9730,6722,5978,6754,6626,3577,6546,4939,3978,5138,9272
'330730,Perfumed bath salts and other bath and shower preparations,0,0,0,0,0,0,0,0,0,0,0,0,,,,,,,,,,,,,,,51,83,41,59,133,68,23,49,0,60,0,14
'340490,"Artificial waxes and prepared waxes (excl. poly""oxyethylene"" [polyethylene glycol] waxes)",0,0,0,0,0,0,0,0,0,0,0,0,,,,,,,,,,,,,,,68,42,9,89,27,53,5,21,39,0,26,13
'350110,Casein,0,0,0,0,0,0,0,0,0,0,0,0,,,,,,,,,,,,,,,0,0,0,0,0,0,0,0,0,0,0,0
'350220,"Milk albumin ""lactalbumin"", incl. concentrates of two or more whey proteins containing by weight ...",0,0,0,0,0,0,0,0,0,0,0,0,,,,,,,,,,,,,,,0,0,0,0,0,0,0,0,0,0,0,0
'370120,"Instant print film in the flat, sensitised, unexposed, whether or not in packs",0,0,0,0,0,0,0,0,0,0,0,0,,,,,,,,,,,,,,,0,0,0,0,0,0,0,0,0,0,0,0
'370298,"Photographic film, sensitised, in rolls, unexposed, with perforations, for monochrome photography, ...",0,0,0,0,0,0,0,0,0,0,0,0,,,,,,,,,,,,,,,0,0,0,0,0,0,0,0,0,0,0,0
'370320,"Photographic paper, paperboard and textiles, sensitised, unexposed, for colour photography ...",0,0,0,0,0,0,0,0,0,0,0,0,,,,,,,,,,,,,,,0,0,0,0,0,0,0,0,0,0,0,0
'370710,"Sensitising emulsions ""for photographic uses""",0,0,0,0,0,0,0,0,0,0,0,0,,,,,,,,,,,,,,,0,0,0,0,0,0,0,0,0,0,0,0
'380110,"Artificial graphite (excl. retort graphite, retort carbon and goods of artificial graphite, ...",0,0,0,0,0,0,0,0,0,0,0,0,,,,,,,,,,,,,,,0,0,0,0,0,0,0,0,0,0,0,0
'380510,"Gum, wood or sulphate turpentine oils",0,0,0,0,0,0,0,0,0,0,0,0,,,,,,,,,,,,,,,1619,2174,2018,1413,2378,2120,1405,2238,1924,1844,1995,2740
'380610,Rosin and resin acids,0,0,0,0,0,0,0,0,0,0,0,0,,,,,,,,,,,,,,,3045,3100,3053,2698,3087,3255,1963,2553,1737,2588,3236,4212
'380891,"Insecticides, put up in forms or packings for retail sale or as preparations or articles (excl. ...",0,0,0,0,0,0,0,0,0,0,0,0,,,,,,,,,,,,,,,6436,6346,8673,12025,6292,9218,16231,11309,8114,5755,7056,10475
'380992,"Finishing agents, dye carriers to accelerate the dyeing or fixing of dyestuffs, and other products ...",0,0,0,0,0,0,0,0,0,0,0,0,,,,,,,,,,,,,,,177,0,0,0,0,0,0,0,0,0,0,0
'381700,Mixed alkylbenzenes and mixed alkylnaphthalenes produced by the alkylation of benzene and naphthalene ...,0,0,0,0,0,0,0,0,0,0,0,0,,,,,,,,,,,,,,,0,0,0,0,0,0,0,0,0,0,0,0
'382213,"Diagnostic or laboratory reagents on a backing, prepared diagnostic or laboratory reagents ...",0,0,0,0,0,0,0,0,0,0,0,0,,,,,,,,,,,,,,,0,0,0,0,0,0,0,0,0,0,0,0
'382311,"Stearic acid, industrial",0,0,0,0,0,0,0,0,0,0,0,0,,,,,,,,,,,,,,,0,0,0,1668,0,1849,0,0,0,0,0,0
'382485,"Mixtures and preparations containing 1,2,3,4,5,6-hexachlorocyclohexane ""HCH ""ISO"""", including ...",0,0,0,0,0,0,0,0,0,0,0,0,,,,,,,,,,,,,,,0,0,0,0,0,0,0,0,0,0,0,0
'382764,"Mixtures containing other hydrofluorocarbons ""HFCs"" than in subheadings of 3827 till 3827.59, ...",0,0,0,0,0,0,0,0,0,0,0,0,,,,,,,,,,,,,,,0,0,0,0,0,0,0,0,0,0,0,0
'390461,"Polytetrafluoroethylene, in primary forms",0,0,0,0,0,0,0,0,0,0,0,0,,,,,,,,,,,,,,,0,0,0,0,0,0,0,0,0,0,0,0
'390769,"Poly""ethylene terephthalate"", in primary forms, having a viscosity number of < 78 ml/g",0,0,0,0,0,0,0,0,0,0,0,0,,,,,,,,,,,,,,,0,0,0,0,0,0,0,0,0,0,0,0
'390770,"Poly""lactic acid"", in primary forms",0,0,0,0,0,0,0,0,0,0,0,0,,,,,,,,,,,,,,,0,0,0,0,0,0,0,0,0,0,0,0
'390890,"Polyamides, in primary forms (excl. polyamides-6, -11, -12, -6,6, -6,9, -6,10 and -6,12)",0,0,0,0,0,0,0,0,0,0,0,0,,,,,,,,,,,,,,,0,0,35,168,0,0,140,28,0,89,0,138
'390931,"Poly""methylene phenyl isocyanate"" ""crude MDI, polymeric MDI"", in primary forms",0,0,0,0,0,0,0,0,0,0,0,0,,,,,,,,,,,,,,,0,0,0,0,0,0,0,0,0,0,0,0
'391610,"Monofilament of which any cross-sectional dimension > 1 mm, rods, sticks and profile shapes, ...",0,0,0,0,0,0,0,0,0,0,0,0,,,,,,,,,,,,,,,6,0,11,0,0,13,0,10,0,9,0,6
'392062,"Plates, sheets, film, foil and strip, of non-cellular poly""ethylene terephthalate"", not reinforced, ...",0,0,0,0,0,0,0,0,0,0,0,0,,,,,,,,,,,,,,,0,0,0,140,0,57,0,52,40,0,0,0
'392321,"Sacks and bags, incl. cones, of polymers of ethylene",0,0,0,0,0,0,0,0,0,0,0,0,,,,,,,,,,,,,,,929,1573,779,847,871,1084,935,837,1113,995,669,989
'392340,"Spools, cops, bobbins and similar supports, of plastics",0,0,0,0,0,0,0,0,0,0,0,0,,,,,,,,,,,,,,,0,7,0,6,0,5,6,5,0,0,4,0
'392610,"Office or school supplies, of plastics, n.e.s.",0,0,0,0,0,0,0,0,0,0,0,0,,,,,,,,,,,,,,,0,0,6,2,0,0,0,0,35,2,0,0
'392640,"Statuettes and other ornamental articles, of plastics",0,0,0,0,0,0,0,0,0,0,0,0,,,,,,,,,,,,,,,0,8,0,0,21,95,18,83,21,13,19,111
'400299,"Synthetic rubber and factice derived from oils, in primary forms or in plates, sheets or strip ...",0,0,0,0,0,0,0,0,0,0,0,0,,,,,,,,,,,,,,,0,0,0,0,0,0,0,0,0,0,0,93
'400599,"Compounded, unvulcanised rubber in primary forms (excl. solutions and dispersions, those containing ...",0,0,0,0,0,0,0,0,0,0,0,0,,,,,,,,,,,,,,,0,0,0,0,0,0,0,0,0,0,0,0
'400819,"Rods and profile shapes, of cellular rubber",0,0,0,0,0,0,0,0,0,0,0,0,,,,,,,,,,,,,,,0,0,0,16,0,40,0,19,4,0,5,0
'400931,"Tubes, pipes and hoses, of vulcanised rubber (excl. hard rubber), reinforced or otherwise combined ...",0,0,0,0,0,0,0,0,0,0,0,0,,,,,,,,,,,,,,,706,685,774,919,1200,704,871,701,443,802,831,909
'401034,"Endless transmission belts of trapezoidal cross-section ""V-belts"", of vulcanised rubber, of ...",0,0,0,0,0,0,0,0,0,0,0,0,,,,,,,,,,,,,,,0,0,0,0,0,0,0,0,0,0,0,0
'401036,"Endless synchronous belts, of vulcanised rubber, of an outside circumference > 150 cm but <= ...",0,0,0,0,0,0,0,0,0,0,0,0,,,,,,,,,,,,,,,0,0,0,0,0,0,0,0,0,0,0,36
'401180,"New pneumatic tyres, of rubber, of a kind used on construction, mining or industrial handling ...",0,0,0,0,0,0,0,0,0,0,0,0,,,,,,,,,,,,,,,0,0,0,0,0,48,0,0,0,0,0,0
'401512,"Gloves, mittens and mitts, of a kind used for medical, surgical, dental or veterinary purposes, ...",0,0,0,0,0,0,0,0,0,0,0,0,,,,,,,,,,,,,,,0,0,0,0,0,0,0,0,0,0,0,0
'401519,"Gloves, mittens and mitts, of vulcanised rubber (excl. of a kind used for medical, surgical, ...",0,0,0,0,0,0,0,0,0,0,0,0,,,,,,,,,,,,,,,23,10,24,32,0,0,16,0,63,0,0,0
'401693,"Gaskets, washers and other seals, of vulcanised rubber (excl. hard rubber and those of cellular ...",0,0,0,0,0,0,0,0,0,0,0,0,,,,,,,,,,,,,,,374,405,282,454,365,360,285,292,421,301,451,464
'410449,"Hides and skins of bovine ""incl. buffalo"" or equine animals, in the dry state ""crust"", without ...",0,0,0,0,0,0,0,0,0,0,0,0,,,,,,,,,,,,,,,0,0,0,0,0,0,0,0,0,0,0,615
'410719,"Leather ""incl. parchment-dressed leather"" of the whole hides and skins of bovine ""incl. buffalo"" ...",0,0,0,0,0,0,0,0,0,0,0,0,,,,,,,,,,,,,,,0,0,0,0,0,0,0,0,0,0,0,0
'411310,"Leather further prepared after tanning or crusting ""incl. parchment-dressed leather"", of goats ...",0,0,0,0,0,0,0,0,0,0,0,0,,,,,,,,,,,,,,,0,0,0,0,0,0,0,0,0,0,0,0
'430219,"Tanned or dressed furskins, whole, with or without heads, tails or paws, not assembled (excl. ...",0,0,0,0,0,0,0,0,0,0,0,0,,,,,,,,,,,,,,,113,71,0,0,137,0,0,0,54,0,0,0
'430390,"Articles of furskin (excl. articles of apparel, clothing accessories and goods of chapter 95, ...",0,0,0,0,0,0,0,0,0,0,0,0,,,,,,,,,,,,,,,0,71,0,0,0,0,127,0,0,275,0,0
'440139,"Sawdust and wood waste and scrap, agglomerated in logs or similar forms (excl. pellets and ...",0,0,0,0,0,0,0,0,0,0,0,0,,,,,,,,,,,,,,,0,0,0,0,0,0,0,0,0,0,0,0
'440220,"Wood charcoal of shell or nut, whether or not agglomerated (excl. of bamboo, used as a medicament, ...",0,0,0,0,0,0,0,0,0,0,0,0,,,,,,,,,,,,,,,0,0,0,0,0,0,0,0,0,0,0,0
'440399,"Wood in the rough, whether or not stripped of bark or sapwood, or roughly squared (excl. rough-cut ...",0,0,0,0,0,0,0,0,0,0,0,0,,,,,,,,,,,,,,,0,8,68,80,41,45,48,54,23,10,0,18
'440723,"Teak, sawn or chipped lengthwise, sliced or peeled, of a thickness of > 6 mm, sanded, or end-jointed, ...",0,0,0,0,0,0,0,0,0,0,0,0,,,,,,,,,,,,,,,0,0,0,0,0,0,0,0,0,0,0,0
'440797,"Poplar and aspen ""Populus spp."", sawn or chipped lengthwise, sliced or peeled, whether or not ...",0,0,0,0,0,0,0,0,0,0,0,0,,,,,,,,,,,,,,,0,0,0,0,0,0,0,0,0,0,0,0
'441113,"Medium density fibreboard ""MDF"" of wood, of a thickness > 5 mm but <= 9 mm",0,0,0,0,0,0,0,0,0,0,0,0,,,,,,,,,,,,,,,109,0,0,0,120,0,0,0,121,47,0,53
'441251,"Blockboard, laminboard and battenboard, with at least one outer ply of tropical wood (excl. ...",0,0,0,0,0,0,0,0,0,0,0,0,,,,,,,,,,,,,,,0,0,0,0,0,0,0,0,0,0,0,0
'441299,"Laminated wood with both outer plies of coniferous wood (excl. of bamboo, with an outer ply ...",0,0,0,0,0,0,0,0,0,0,0,0,,,,,,,,,,,,,,,0,0,0,0,0,0,0,0,0,0,0,0
'441410,"Wooden frames for paintings, photographs, mirrors or similar objects, of tropical wood",0,0,0,0,0,0,0,0,0,0,0,0,,,,,,,,,,,,,,,0,0,0,0,0,0,0,0,0,0,0,0
'441600,"Casks, barrels, vats, tubs and other coopers' products parts thereof, of wood, incl. staves",0,0,0,0,0,0,0,0,0,0,0,0,,,,,,,,,,,,,,,0,0,0,0,0,1,0,0,0,0,0,0
'441873,"Flooring panels, assembled, of bamboo or with at least the top wear layer of bamboo",0,0,0,0,0,0,0,0,0,0,0,0,,,,,,,,,,,,,,,0,0,0,0,0,0,0,0,0,0,0,0
'442019,"Statuettes and other ornaments, of wood (excl. of tropical wood, and wood marquetry and inlaid ...",0,0,0,0,0,0,0,0,0,0,0,0,,,,,,,,,,,,,,,0,0,3,0,3,13,0,5,0,0,0,0
'470692,"Chemical pulp of fibrous cellulosic material (excl. that of bamboo, wood, cotton linters and ...",0,0,0,0,0,0,0,0,0,0,0,0,,,,,,,,,,,,,,,0,0,0,0,0,0,0,0,0,0,0,0
'480411,"Unbleached kraftliner, uncoated, in rolls of a width > 36 cm",0,0,0,0,0,0,0,0,0,0,0,0,,,,,,,,,,,,,,,0,0,0,0,0,0,0,0,0,0,0,0
'480459,"Kraft paper and paperboard, uncoated, in rolls of a width > 36 cm or in square or rectangular ...",0,0,0,0,0,0,0,0,0,0,0,0,,,,,,,,,,,,,,,0,0,0,0,0,0,0,0,0,0,0,0
'480540,"Filter paper and paperboard, in rolls of a width > 36 cm or in square or rectangular sheets ...",0,0,0,0,0,0,0,0,0,0,0,0,,,,,,,,,,,,,,,0,0,0,0,0,0,0,0,0,0,0,0
'480640,"Glassine and other glazed transparent or translucent papers, in rolls of a width > 36 cm or ...",0,0,0,0,0,0,0,0,0,0,0,0,,,,,,,,,,,,,,,0,0,0,0,0,0,0,0,20,0,0,0
'481730,"Boxes, pouches, wallets and writing compendiums, of paper or paperboard, containing an assortment ...",0,0,0,0,0,0,0,0,0,0,0,0,,,,,,,,,,,,,,,0,0,0,0,0,0,2,0,0,0,0,0
'481910,"Cartons, boxes and cases, of corrugated paper or paperboard",0,0,0,0,0,0,0,0,0,0,0,0,,,,,,,,,,,,,,,1428,1458,1336,1600,1645,2185,1927,2292,1849,1933,1639,1706
'482090,"Blotting pads and similar articles of stationery, of paper and paperboard, and book covers ...",0,0,0,0,0,0,0,0,0,0,0,0,,,,,,,,,,,,,,,0,0,0,0,130,0,0,0,0,0,0,0
'482290,"Bobbins, spools, cops and similar supports of paper pulp, paper or paperboard, whether or not ...",0,0,0,0,0,0,0,0,0,0,0,0,,,,,,,,,,,,,,,0,0,0,0,0,0,0,0,26,0,0,0
'482390,"Paper, paperboard, cellulose wadding and webs of cellulose fibres, in strips or rolls of a ...",0,0,0,0,0,0,0,0,0,0,0,0,,,,,,,,,,,,,,,497,582,210,297,330,229,199,175,288,290,380,234
'490199,"Printed books, brochures and similar printed matter (excl. those in single sheets; dictionaries, ...",0,0,0,0,0,0,0,0,0,0,0,0,,,,,,,,,,,,,,,1067,1652,1184,1400,1182,1042,1470,2699,2128,2968,1869,1623
'490700,"Unused postage, revenue or similar stamps of current or new issue in the country in which they ...",0,0,0,0,0,0,0,0,0,0,0,0,,,,,,,,,,,,,,,0,0,0,0,0,0,0,0,0,0,0,0
'490810,"Transfers ""decalcomanias"", vitrifiable",0,0,0,0,0,0,0,0,0,0,0,0,,,,,,,,,,,,,,,0,0,0,0,0,0,0,0,0,0,0,0
'511111,Woven fabrics containing >= 85% carded wool or carded fine animal hair by weight and weighing ...,0,0,0,0,0,0,0,0,0,0,0,0,,,,,,,,,,,,,,,0,0,0,0,0,0,0,0,0,0,0,0
'520210,"Cotton yarn waste, incl. thread waste",0,0,0,0,0,0,0,0,0,0,0,0,,,,,,,,,,,,,,,0,0,0,0,0,0,0,0,0,0,0,0
'520532,"Multiple ""folded"" or cabled cotton yarn, of uncombed fibres, containing >= 85% cotton by weight ...",0,0,0,0,0,0,0,0,0,0,0,0,,,,,,,,,,,,,,,0,0,0,0,0,20,0,0,0,0,0,0
'520541,"Multiple ""folded"" or cabled cotton yarn, of combed fibres, containing >= 85% cotton by weight ...",0,0,0,0,0,0,0,0,0,0,0,0,,,,,,,,,,,,,,,0,0,0,0,0,0,0,0,0,0,0,0
'520842,"Plain woven fabrics of cotton, containing >= 85% cotton by weight and weighing > 100 g to 200 ...",0,0,0,0,0,0,0,0,0,0,0,0,,,,,,,,,,,,,,,0,0,0,0,0,0,0,0,0,0,0,0
'520849,"Woven fabrics of cotton, containing >= 85% cotton by weight and weighing <= 200 g/m_, made ...",0,0,0,0,0,0,0,0,0,0,0,0,,,,,,,,,,,,,,,0,0,0,0,0,0,0,0,0,0,0,0
'520852,"Plain woven fabrics of cotton, containing >= 85% cotton by weight and weighing > 100 g to 200 ...",0,0,0,0,0,0,0,0,0,0,0,0,,,,,,,,,,,,,,,0,0,0,0,0,0,0,0,0,0,0,0
'520931,"Plain woven fabrics of cotton, containing >= 85% cotton by weight and weighing > 200 g/m_, ...",0,0,0,0,0,0,0,0,0,0,0,0,,,,,,,,,,,,,,,0,0,0,0,0,0,0,0,0,0,0,0
'520959,"Woven fabrics of cotton, containing >= 85% cotton by weight and weighing > 200 g/m_, printed ...",0,0,0,0,0,0,0,0,0,0,0,0,,,,,,,,,,,,,,,0,0,0,0,0,0,0,0,0,0,0,0
'521011,"Plain woven fabrics of cotton, containing predominantly, but < 85% cotton by weight, mixed ...",0,0,0,0,0,0,0,0,0,0,0,0,,,,,,,,,,,,,,,0,0,0,0,0,0,0,0,0,0,0,0
'521112,"Woven fabrics of cotton, containing predominantly, but < 85% cotton by weight, mixed principally ...",0,0,0,0,0,0,0,0,0,0,0,0,,,,,,,,,,,,,,,0,0,0,0,0,0,0,0,0,0,0,0
'521224,"Woven fabrics of cotton, containing predominantly, but < 85% cotton by weight, other than those ...",0,0,0,0,0,0,0,0,0,0,0,0,,,,,,,,,,,,,,,0,0,0,0,0,0,0,0,0,0,0,0
'530720,"Multiple ""folded"" or cabled yarn of jute or of other textile bast fibres of heading 5303",0,0,0,0,0,0,0,0,0,0,0,0,,,,,,,,,,,,,,,0,0,0,0,0,0,0,0,0,0,0,0
'540233,Textured filament yarn of polyester (excl. that put up for retail sale),0,0,0,0,0,0,0,0,0,0,0,0,,,,,,,,,,,,,,,0,0,0,0,0,0,0,0,0,0,0,0
'540248,"Filament yarn of polypropylene, incl. monofilament of < 67 decitex, single, untwisted or with ...",0,0,0,0,0,0,0,0,0,0,0,0,,,,,,,,,,,,,,,0,0,0,0,0,0,0,0,0,0,0,0
'540261,"Multiple ""folded"" or cabled filament yarn of nylon or other polyamides, incl. monofilament ...",0,0,0,0,0,0,0,0,0,0,0,0,,,,,,,,,,,,,,,0,0,0,0,0,0,0,0,0,0,0,0
'540333,"Filament yarn of cellulose acetate, incl. monofilament of < 67 decitex, single (excl. sewing ...",0,0,0,0,0,0,0,0,0,0,0,0,,,,,,,,,,,,,,,0,0,0,0,0,0,0,0,0,0,0,0
'540341,"Multiple ""folded"" or cabled filament yarn of viscose rayon, incl. monofilament of < 67 decitex ...",0,0,0,0,0,0,0,0,0,0,0,0,,,,,,,,,,,,,,,0,0,0,0,0,0,0,0,0,0,0,0
'540490,"Strip and the like, e.g. artificial straw, of synthetic textile material, with an apparent ...",0,0,0,0,0,0,0,0,0,0,0,0,,,,,,,,,,,,,,,0,0,0,0,0,0,0,0,0,151,0,0
'540753,"Woven fabrics of yarn containing >= 85% by weight of textured polyester filaments, incl. monofilament ...",0,0,0,0,0,0,0,0,0,0,0,0,,,,,,,,,,,,,,,0,0,0,0,0,0,0,0,0,0,0,0
'540822,"Woven fabrics of yarn containing >= 85% artificial filament by weight, incl. monofilament of ...",0,0,0,0,0,0,0,0,0,0,0,0,,,,,,,,,,,,,,,0,0,0,0,0,0,0,0,0,0,0,0
'540831,"Woven fabrics of yarn containing predominantly, but < 85% artificial filament by weight, incl. ...",0,0,0,0,0,0,0,0,0,0,0,0,,,,,,,,,,,,,,,0,0,0,0,0,0,0,0,0,0,0,0
'550932,"Multiple ""folded"" or cabled yarn containing >= 85% acrylic or modacrylic staple fibres by weight ...",0,0,0,0,0,0,0,0,0,0,0,0,,,,,,,,,,,,,,,0,0,0,0,0,0,0,0,0,0,0,0
'550942,"Multiple ""folded"" or cabled yarn containing >= 85% synthetic staple fibres by weight (excl. ...",0,0,0,0,0,0,0,0,0,0,0,0,,,,,,,,,,,,,,,0,0,0,0,0,0,0,0,0,0,0,0
'550969,"Yarn containing predominantly, but < 85% acrylic or modacrylic staple fibres by weight, other ...",0,0,0,0,0,0,0,0,0,0,0,0,,,,,,,,,,,,,,,0,0,0,0,0,0,0,0,0,0,0,0
'551012,"Multiple ""folded"" or cabled yarn containing >= 85% artificial staple fibres by weight (excl. ...",0,0,0,0,0,0,0,0,0,0,0,0,,,,,,,,,,,,,,,0,0,0,0,0,0,0,0,0,0,0,0
'551329,"Woven fabrics containing predominantly, but < 85% synthetic staple fibres by weight, mixed ...",0,0,0,0,0,0,0,0,0,0,0,0,,,,,,,,,,,,,,,0,0,0,0,0,0,0,0,0,0,0,0
'551429,"Woven fabrics containing predominantly, but < 85% synthetic staple fibres by weight, mixed ...",0,0,0,0,0,0,0,0,0,0,0,0,,,,,,,,,,,,,,,0,0,0,0,0,0,0,0,0,0,0,0
'551613,"Woven fabrics containing >= 85% artificial staple fibres by weight, made of yarn of different ...",0,0,0,0,0,0,0,0,0,0,0,0,,,,,,,,,,,,,,,0,0,0,0,0,0,0,0,0,0,0,0
'551642,"Woven fabrics containing predominantly, but < 85% artificial staple fibres by weight, mixed ...",0,0,0,0,0,0,0,0,0,0,0,0,,,,,,,,,,,,,,,0,0,0,0,0,0,0,0,0,0,0,0
'560313,"Nonwovens, whether or not impregnated, coated, covered or laminated, n.e.s., of man-made filaments, ...",0,0,0,0,0,0,0,0,0,0,0,0,,,,,,,,,,,,,,,12,0,0,0,70,0,0,0,0,0,0,10
'560750,"Twine, cordage, ropes and cables, of synthetic fibres, whether or not plaited or braided and ...",0,0,0,0,0,0,0,0,0,0,0,0,,,,,,,,,,,,,,,0,0,0,0,0,0,0,0,0,0,0,0
'570110,"Carpets and other textile floor coverings, of wool or fine animal hair, knotted, whether or ...",0,0,0,0,0,0,0,0,0,0,0,0,,,,,,,,,,,,,,,0,0,0,0,0,0,0,0,0,0,0,0
'570232,"Carpets and other floor coverings, of man-made textile materials, woven, not tufted or flocked, ...",0,0,0,0,0,0,0,0,0,0,0,0,,,,,,,,,,,,,,,0,0,0,0,0,0,0,0,0,0,0,0
'570242,"Carpets and other floor coverings, of man-made textile materials, woven, not tufted or flocked, ...",0,0,0,0,0,0,0,0,0,0,0,0,,,,,,,,,,,,,,,0,0,0,0,0,0,0,0,0,0,0,0
'580500,"Hand-woven tapestries of the type Gobelin, Flanders, Aubusson, Beauvais and the like, and needle-worked ...",0,0,0,0,0,0,0,0,0,0,0,0,,,,,,,,,,,,,,,0,0,0,0,0,0,0,0,0,0,0,0
'580620,"Narrow woven fabrics of textile materials, containing >= 5% elastomeric yarn or rubber thread ...",0,0,0,0,0,0,0,0,0,0,0,0,,,,,,,,,,,,,,,0,0,0,0,0,0,0,0,0,0,0,0
'580639,"Narrow woven fabrics of textile materials other than cotton or man-made fibres, with a width ...",0,0,0,0,0,0,0,0,0,0,0,0,,,,,,,,,,,,,,,0,0,0,0,0,0,0,0,0,0,0,0
'590210,"Tyre cord fabric of high-tenacity yarn of nylon or other polyamides, whether or not dipped ...",0,0,0,0,0,0,0,0,0,0,0,0,,,,,,,,,,,,,,,0,0,0,0,0,0,0,0,0,0,0,0
'600539,"Printed warp knit fabrics of synthetic fibres ""incl. those made on galloon knitting machines"", ...",0,0,0,0,0,0,0,0,0,0,0,0,,,,,,,,,,,,,,,0,0,0,0,0,0,0,0,0,0,0,0
'600541,"Unbleached or bleached warp knit fabrics of artificial fibres ""incl. those made on galloon ...",0,0,0,0,0,0,0,0,0,0,0,0,,,,,,,,,,,,,,,0,0,0,0,0,0,0,0,0,0,0,0
'600621,"Unbleached or bleached cotton fabrics, knitted or crocheted, of a width of > 30 cm (excl. warp ...",0,0,0,0,0,0,0,0,0,0,0,0,,,,,,,,,,,,,,,0,0,0,0,0,0,0,0,0,0,0,0
'600623,"Cotton fabrics, knitted or crocheted, of yarns of different colours, of a width of > 30 cm ...",0,0,0,0,0,0,0,0,0,0,0,0,,,,,,,,,,,,,,,0,0,0,0,0,0,0,0,0,0,0,0
'610130,"Overcoats, car coats, capes, cloaks, anoraks, incl. ski jackets, windcheaters, wind-jackets ...",0,0,0,0,0,0,0,0,0,0,0,0,,,,,,,,,,,,,,,0,3,2,1,0,0,0,0,1,0,0,0
'610310,"Men's or boys' suits of textile materials, knitted or crocheted (excl. tracksuits, ski suits ...",0,0,0,0,0,0,0,0,0,0,0,0,,,,,,,,,,,,,,,0,0,0,0,0,0,0,0,0,0,0,0
'610322,"Men's or boys' ensembles of cotton, knitted or crocheted (excl. ski ensembles and swimwear)",0,0,0,0,0,0,0,0,0,0,0,0,,,,,,,,,,,,,,,0,0,0,2,0,0,0,0,0,0,0,0
'610339,"Men's or boys' jackets and blazers of textile materials (excl. of wool, fine animal hair, cotton ...",0,0,0,0,0,0,0,0,0,0,0,0,,,,,,,,,,,,,,,0,0,0,0,0,0,0,0,0,0,0,0
'610342,"Men's or boys' trousers, bib and brace overalls, breeches and shorts of cotton, knitted or ...",0,0,0,0,0,0,0,0,0,0,0,0,,,,,,,,,,,,,,,0,20,4,4,0,2,10,9,22,2,3,1
'610441,"Women's or girls' dresses of wool or fine animal hair, knitted or crocheted (excl. petticoats)",0,0,0,0,0,0,0,0,0,0,0,0,,,,,,,,,,,,,,,0,0,0,0,0,0,0,0,0,0,0,0
'610510,"Men's or boys' shirts of cotton, knitted or crocheted (excl. nightshirts, T-shirts, singlets ...",0,0,0,0,0,0,0,0,0,0,0,0,,,,,,,,,,,,,,,5,24,29,20,0,2,6,18,44,28,0,2
'610799,"Men's or boys' bathrobes, dressing gowns and similar articles of textile materials, knitted ...",0,0,0,0,0,0,0,0,0,0,0,0,,,,,,,,,,,,,,,0,0,0,0,0,0,0,0,0,0,0,0
'611212,"Track-suits of synthetic fibres, knitted or crocheted",0,0,0,0,0,0,0,0,0,0,0,0,,,,,,,,,,,,,,,0,0,0,0,0,0,0,0,0,0,0,0
'611219,"Track-suits of textile materials, knitted or crocheted (excl. cotton or synthetic fibres)",0,0,0,0,0,0,0,0,0,0,0,0,,,,,,,,,,,,,,,0,0,0,0,0,0,0,0,0,0,0,0
'611594,"Full-length or knee-length stockings, socks and other hosiery, incl. footwear without applied ...",0,0,0,0,0,0,0,0,0,0,0,0,,,,,,,,,,,,,,,0,0,0,0,0,0,0,0,0,0,0,0
'611790,"Parts of garments or clothing accessories, knitted or crocheted, n.e.s.",0,0,0,0,0,0,0,0,0,0,0,0,,,,,,,,,,,,,,,0,0,0,0,0,0,0,0,0,0,0,0
'620140,"Men's or boys' overcoats, car-coats, capes, cloaks, anoraks, incl. ski jackets, wind-cheaters, ...",0,0,0,0,0,0,0,0,0,0,0,0,,,,,,,,,,,,,,,0,12,7,1,2,9,0,6,0,8,0,0
'620311,"Men's or boys' suits of wool or fine animal hair (excl. knitted or crocheted, tracksuits, ski ...",0,0,0,0,0,0,0,0,0,0,0,0,,,,,,,,,,,,,,,0,0,0,0,0,0,0,0,0,0,0,0
'620322,"Men's or boys' ensembles of cotton (excl. knitted or crocheted, ski ensembles and swimwear)",0,0,0,0,0,0,0,0,0,0,0,0,,,,,,,,,,,,,,,0,0,0,0,0,0,0,0,0,0,0,0
'620339,"Men's or boys' jackets and blazers of textile materials (excl. of wool, fine animal hair, cotton ...",0,0,0,0,0,0,0,0,0,0,0,0,,,,,,,,,,,,,,,0,0,0,0,0,0,0,0,0,0,0,0
'620411,"Women's or girls' suits of wool or fine animal hair (excl. knitted or crocheted, ski overalls ...",0,0,0,0,0,0,0,0,0,0,0,0,,,,,,,,,,,,,,,0,0,0,0,0,0,0,0,0,0,0,0
'620449,"Women's or girls' dresses of textile materials (excl. of wool, fine animal hair, cotton or ...",0,0,0,0,0,0,0,0,0,0,0,0,,,,,,,,,,,,,,,0,0,0,0,0,0,67,8,16,0,0,0
'620451,Women's or girls' skirts and divided skirts of wool or fine animal hair (excl. knitted or crocheted ...,0,0,0,0,0,0,0,0,0,0,0,0,,,,,,,,,,,,,,,0,0,0,0,0,0,0,0,0,0,0,0
'620463,"Women's or girls' trousers, bib and brace overalls, breeches and shorts of synthetic fibres ...",0,0,0,0,0,0,0,0,0,0,0,0,,,,,,,,,,,,,,,18,28,10,22,27,12,17,17,6,10,14,32
'620590,"Men's or boys' shirts of textile materials (excl. of cotton or man-made fibres, knitted or ...",0,0,0,0,0,0,0,0,0,0,0,0,,,,,,,,,,,,,,,89,0,0,0,0,0,73,19,0,232,0,0
'620690,"Women's or girls' blouses, shirts and shirt-blouses of textile materials (excl. of silk, silk ...",0,0,0,0,0,0,0,0,0,0,0,0,,,,,,,,,,,,,,,0,11,0,0,55,13,16,25,12,0,0,0
'621132,"Men's or boys' tracksuits and other garments, n.e.s. of cotton (excl. knitted or crocheted)",0,0,0,0,0,0,0,0,0,0,0,0,,,,,,,,,,,,,,,0,0,0,0,0,0,0,0,0,9,0,0
'621430,"Shawls, scarves, mufflers, mantillas, veils and similar articles of synthetic fibres (excl. ...",0,0,0,0,0,0,0,0,0,0,0,0,,,,,,,,,,,,,,,0,0,0,0,0,0,0,0,0,0,0,0
'621440,"Shawls, scarves, mufflers, mantillas, veils and similar articles of artificial fibres (excl. ...",0,0,0,0,0,0,0,0,0,0,0,0,,,,,,,,,,,,,,,0,0,0,0,0,0,0,0,0,0,0,0
'621520,"Ties, bow ties and cravats of man-made fibres (excl. knitted or crocheted)",0,0,0,0,0,0,0,0,0,0,0,0,,,,,,,,,,,,,,,0,0,0,0,0,0,0,0,0,0,0,0
'621710,"Made-up clothing accessories, of all types of textile materials, n.e.s. (excl. knitted or ...",0,0,0,0,0,0,0,0,0,0,0,0,,,,,,,,,,,,,,,0,0,2,0,4,4,1,1,0,0,0,1
'630231,"Bedlinen of cotton (excl. printed, knitted or crocheted)",0,0,0,0,0,0,0,0,0,0,0,0,,,,,,,,,,,,,,,0,0,0,0,0,0,0,0,0,0,0,0
'630293,"Toilet linen and kitchen linen of man-made fibres (excl. floorcloths, polishing cloths, dishcloths ...",0,0,0,0,0,0,0,0,0,0,0,0,,,,,,,,,,,,,,,0,0,0,0,0,0,0,0,16,0,0,0
'630419,"Bedspreads of all types of textile materials (excl. knitted or crocheted, bedlinen, quilts ...",0,0,0,0,0,0,0,0,0,0,0,0,,,,,,,,,,,,,,,0,0,0,0,0,0,0,0,0,0,0,0
'630420,"Bed nets, warp knit, antimalarial",0,0,0,0,0,0,0,0,0,0,0,0,,,,,,,,,,,,,,,0,0,0,0,0,0,0,0,0,0,0,0
'630491,"Articles for interior furnishing, knitted or crocheted (excl. blankets and travelling rugs, ...",0,0,0,0,0,0,0,0,0,0,0,0,,,,,,,,,,,,,,,0,0,0,0,0,0,0,0,0,0,0,0
'630493,"Articles for interior furnishing, of synthetic fibres (excl. knitted or crocheted, blankets ...",0,0,0,0,0,0,0,0,0,0,0,0,,,,,,,,,,,,,,,0,0,0,0,0,0,0,0,0,0,0,0
'630619,"Tarpaulins, awnings and sunblinds of textile materials (excl. of synthetic fibres and flat ...",0,0,0,0,0,0,0,0,0,0,0,0,,,,,,,,,,,,,,,0,0,0,0,0,0,0,0,0,0,0,0
'640320,"Footwear with outer soles of leather, and uppers which consist of leather straps across the ...",0,0,0,0,0,0,0,0,0,0,0,0,,,,,,,,,,,,,,,0,0,0,0,0,0,0,0,0,0,0,0
'640690,"Parts of footwear; removable in-soles, heel cushions and similar articles; gaiters, leggings ...",0,0,0,0,0,0,0,0,0,0,0,0,,,,,,,,,,,,,,,0,11,0,15,0,8,0,0,3,7,0,12
'650200,"Hat-shapes, plaited or made by assembling strips of any material (excl. blocked to shape, with ...",0,0,0,0,0,0,0,0,0,0,0,0,,,,,,,,,,,,,,,0,0,0,0,0,0,0,0,0,0,0,0
'670100,"Skins and other parts of birds with their feathers or down, feathers, parts of feathers, down ...",0,0,0,0,0,0,0,0,0,0,0,0,,,,,,,,,,,,,,,0,0,0,0,0,0,0,0,0,0,0,0
'670420,"Wigs, false beards, eyebrows and eyelashes, switches and the like, of human hair, and articles ...",0,0,0,0,0,0,0,0,0,0,0,0,,,,,,,,,,,,,,,0,0,0,0,0,0,0,0,0,0,0,0
'680291,"Marble, travertine and alabaster, in any form (excl. tiles, cubes and similar articles of subheading ...",0,0,0,0,0,0,0,0,0,0,0,0,,,,,,,,,,,,,,,0,0,0,0,0,0,0,18,0,0,0,0
'680422,"Millstones, grindstones, grinding wheels and the like, without frameworks, for sharpening, ...",0,0,0,0,0,0,0,0,0,0,0,0,,,,,,,,,,,,,,,42,865,0,0,0,1023,141,1070,1212,0,0,76
'680919,"Boards, sheets, panels, tiles and similar articles, of plaster or compositions based on plaster ...",0,0,0,0,0,0,0,0,0,0,0,0,,,,,,,,,,,,,,,0,0,0,0,78,27,48,0,17,0,0,0
'681099,"Articles of cement, concrete or artificial stone, whether or not reinforced (excl. prefabricated ...",0,0,0,0,0,0,0,0,0,0,0,0,,,,,,,,,,,,,,,26,30,26,103,15,5,1,9,33,0,27,5
'681512,"Fabrics of carbon fibres, for non-electrical purposes",0,0,0,0,0,0,0,0,0,0,0,0,,,,,,,,,,,,,,,0,0,0,0,0,0,0,0,0,0,0,0
'690310,"Retorts, crucibles, mufflers, nozzles, plugs, supports, cupels, tubes, pipes, sheaths, rods, ...",0,0,0,0,0,0,0,0,0,0,0,0,,,,,,,,,,,,,,,0,0,0,0,0,0,0,0,0,0,0,0
'690510,Roofing tiles,0,0,0,0,0,0,0,0,0,0,0,0,,,,,,,,,,,,,,,0,0,0,0,0,0,0,0,0,0,0,0
'690723,"Ceramic flags and paving, hearth or wall tiles, of a water absorption coefficient by weight ...",0,0,0,0,0,0,0,0,0,0,0,0,,,,,,,,,,,,,,,388,0,226,340,118,149,156,0,0,220,165,0
'700320,"Cast glass and rolled glass, in wired sheets, whether or not with absorbent, reflecting or ...",0,0,0,0,0,0,0,0,0,0,0,0,,,,,,,,,,,,,,,0,0,0,0,0,0,0,0,0,0,0,0
'700719,"Toughened ""tempered"" safety glass (excl. glass of size and shape suitable for incorporation ...",0,0,0,0,0,0,0,0,0,0,0,0,,,,,,,,,,,,,,,3,0,0,2,1,0,5,0,0,0,2,53
'701190,"Glass envelopes, incl. bulbs and tubes, open, and glass parts thereof, without fittings, for ...",0,0,0,0,0,0,0,0,0,0,0,0,,,,,,,,,,,,,,,0,0,0,0,0,0,0,0,0,0,0,0
'701310,"Glassware of glass ceramics, of a kind used for table, kitchen, toilet, office, indoor decoration ...",0,0,0,0,0,0,0,0,0,0,0,0,,,,,,,,,,,,,,,0,0,0,0,0,0,0,0,0,0,0,0
'701342,Glassware for table or kitchen purposes of glass having a linear coefficient of expansion <= ...,0,0,0,0,0,0,0,0,0,0,0,0,,,,,,,,,,,,,,,0,0,0,0,0,0,0,4,0,0,0,0
'701965,"Open woven fabrics of glass fibres, of a width <= 30 cm",0,0,0,0,0,0,0,0,0,0,0,0,,,,,,,,,,,,,,,0,0,0,0,0,0,0,0,0,0,0,0
'710491,"Diamonds, synthetic or reconstructed, worked, whether or not graded but not strung, mounted ...",0,0,0,0,0,0,0,0,0,0,0,0,,,,,,,,,,,,,,,0,0,0,0,0,0,0,0,0,0,0,0
'710691,"Silver, incl. silver plated with gold or platinum, unwrought (excl. silver in powder form)",0,0,0,0,0,0,0,0,0,0,0,0,,,,,,,,,,,,,,,0,0,0,0,0,0,0,12391,0,0,0,0
'710813,"Gold, incl. gold plated with platinum, in semi-manufactured forms, for non-monetary purposes",0,0,0,0,0,0,0,0,0,0,0,0,,,,,,,,,,,,,,,0,0,0,0,0,0,0,0,0,0,0,0
'711021,"Palladium, unwrought or in powder form",0,0,0,0,0,0,0,0,0,0,0,0,,,,,,,,,,,,,,,0,0,0,0,0,0,0,0,0,0,0,0
'711299,"Waste and scrap of silver, incl. metal clad with silver, and other waste and scrap containing ...",0,0,0,0,0,0,0,0,0,0,0,0,,,,,,,,,,,,,,,0,0,0,0,0,0,0,0,0,0,0,0
'711319,"Articles of jewellery and parts thereof, of precious metal other than silver, whether or not ...",0,0,0,0,0,0,0,0,0,0,0,0,,,,,,,,,,,,,,,0,0,0,0,0,0,0,0,0,0,0,0
'711719,"Imitation jewellery, of base metal, whether or not plated with precious metal (excl. cuff links ...",0,0,0,0,0,0,0,0,0,0,0,0,,,,,,,,,,,,,,,1,1,0,5,1,4,3,2,1,7,2,1
'711890,Coin of legal tender,0,0,0,0,0,0,0,0,0,0,0,0,,,,,,,,,,,,,,,0,0,0,0,0,0,0,0,0,0,0,0
'720291,Ferro-titanium and ferro-silico-titanium,0,0,0,0,0,0,0,0,0,0,0,0,,,,,,,,,,,,,,,0,0,0,0,0,0,0,0,0,0,0,0
'720293,Ferro-niobium,0,0,0,0,0,0,0,0,0,0,0,0,,,,,,,,,,,,,,,0,0,0,0,0,0,0,0,0,0,0,0
'720449,"Waste and scrap of iron or steel (excl. slag, scale and other waste of the production of iron ...",0,0,0,0,0,0,0,0,0,0,0,0,,,,,,,,,,,,,,,0,0,0,0,0,0,0,0,0,0,0,0
'720529,"Powders, of pig iron, spiegeleisen, iron or non-alloy steel (excl. powders of ferro-alloys ...",0,0,0,0,0,0,0,0,0,0,0,0,,,,,,,,,,,,,,,0,0,0,0,0,0,0,0,0,0,0,0
'720840,"Flat-rolled products of iron or non-alloy steel, of a width of >= 600 mm, not in coils, simply ...",0,0,0,0,0,0,0,0,0,0,0,0,,,,,,,,,,,,,,,0,0,0,0,0,0,0,0,0,0,0,0
'720851,"Flat-rolled products of iron or non-alloy steel, of a width >= 600 mm, not in coils, simply ...",0,0,0,0,0,0,0,0,0,0,0,0,,,,,,,,,,,,,,,0,0,0,0,0,0,0,0,0,0,0,0
'720852,"Flat-rolled products of iron or non-alloy steel, of a width of >= 600 mm, not in coils, simply ...",0,0,0,0,0,0,0,0,0,0,0,0,,,,,,,,,,,,,,,0,0,0,0,0,0,0,0,0,0,0,0
'720854,"Flat-rolled products of iron or non-alloy steel, of a width of >= 600 mm, not in coils, simply ...",0,0,0,0,0,0,0,0,0,0,0,0,,,,,,,,,,,,,,,0,0,0,0,0,0,0,0,0,0,0,0
'721090,"Flat-rolled products of iron or non-alloy steel, of a width of >= 600 mm, hot-rolled or cold-rolled ...",0,0,0,0,0,0,0,0,0,0,0,0,,,,,,,,,,,,,,,0,0,0,0,0,0,0,0,0,0,0,0
'721250,"Flat-rolled products of iron or non-alloy steel, of a width of < 600 mm, hot-rolled or cold-rolled ...",0,0,0,0,0,0,0,0,0,0,0,0,,,,,,,,,,,,,,,0,0,0,0,0,0,0,0,0,0,0,0
'721260,"Flat-rolled products of iron or non-alloy steel, of a width of < 600 mm, hot-rolled or cold-rolled ...",0,0,0,0,0,0,0,0,0,0,0,0,,,,,,,,,,,,,,,0,0,0,0,0,0,0,0,0,0,0,0
'721590,"Bars or rods, of iron or non-alloy steel, cold-formed or cold-finished and further worked or ...",0,0,0,0,0,0,0,0,0,0,0,0,,,,,,,,,,,,,,,0,0,0,0,0,0,0,0,0,0,0,0
'721622,"T sections of iron or non-alloy steel, not further worked than hot-rolled, hot-drawn or extruded, ...",0,0,0,0,0,0,0,0,0,0,0,0,,,,,,,,,,,,,,,0,0,0,0,0,0,0,0,0,0,0,0
'721631,"U sections of iron or non-alloy steel, not further worked than hot-rolled, hot-drawn or hot-extruded, ...",0,0,0,0,0,0,0,0,0,0,0,0,,,,,,,,,,,,,,,0,0,0,0,0,0,0,0,0,0,0,0
'721650,"Sections of iron or non-alloy steel, not further worked than hot-rolled, hot-drawn or hot-extruded ...",0,0,0,0,0,0,0,0,0,0,0,0,,,,,,,,,,,,,,,0,0,0,0,0,0,0,0,0,0,0,0
'721699,"Angles, shapes and sections, of iron or non-alloy steel, cold-formed or cold-finished and further ...",0,0,0,0,0,0,0,0,0,0,0,0,,,,,,,,,,,,,,,0,0,0,0,0,0,0,0,0,0,0,0
'721710,"Wire of iron or non-alloy steel, in coils, not plated or coated, whether or not polished (excl. ...",0,0,0,0,0,0,0,0,0,0,0,0,,,,,,,,,,,,,,,0,67,170,0,0,7,10,0,4,18,0,0
'721720,"Wire of iron or non-alloy steel, in coils, plated or coated with zinc (excl. bars and rods)",0,0,0,0,0,0,0,0,0,0,0,0,,,,,,,,,,,,,,,0,0,0,0,0,0,0,0,0,0,0,165
'721899,Semi-finished products of stainless steel (excl. of rectangular [other than square] cross-section),0,0,0,0,0,0,0,0,0,0,0,0,,,,,,,,,,,,,,,0,0,0,0,0,0,0,0,0,0,0,0
'721914,"Flat-rolled products of stainless steel, of a width of >= 600 mm, not further worked than hot-rolled, ...",0,0,0,0,0,0,0,0,0,0,0,0,,,,,,,,,,,,,,,0,0,0,0,0,0,0,0,0,0,0,0
'721924,"Flat-rolled products of stainless steel, of a width of >= 600 mm, not further worked than hot-rolled, ...",0,0,0,0,0,0,0,0,0,0,0,0,,,,,,,,,,,,,,,0,0,0,0,0,0,0,0,0,0,0,0
'722300,"Wire of stainless steel, in coils (excl. bars and rods)",0,0,0,0,0,0,0,0,0,0,0,0,,,,,,,,,,,,,,,7,0,0,0,0,0,0,0,0,0,0,0
'722519,"Flat-rolled products of silicon-electrical steel, of a width of >= 600 mm, non-grain-oriented",0,0,0,0,0,0,0,0,0,0,0,0,,,,,,,,,,,,,,,0,0,0,0,0,0,0,0,0,0,0,0
'722530,"Flat-rolled products of alloy steel other than stainless, of a width of >= 600 mm, not further ...",0,0,0,0,0,0,0,0,0,0,0,0,,,,,,,,,,,,,,,0,0,0,0,0,0,0,0,0,0,0,0
'722540,"Flat-rolled products of alloy steel other than stainless, of a width of >= 600 mm, not further ...",0,0,0,0,0,0,0,0,0,0,0,0,,,,,,,,,,,,,,,0,0,0,0,0,0,0,0,0,0,0,0
'722611,"Flat-rolled products of silicon-electrical steel, of a width of < 600 mm, hot-rolled or cold-rolled ...",0,0,0,0,0,0,0,0,0,0,0,0,,,,,,,,,,,,,,,0,0,0,0,0,0,0,0,0,0,0,0
'730300,"Tubes, pipes and hollow profiles, of cast iron",0,0,0,0,0,0,0,0,0,0,0,0,,,,,,,,,,,,,,,0,0,0,0,0,0,0,0,0,0,0,0
'730419,"Line pipe of a kind used for oil or gas pipelines, seamless, of iron or steel (excl. products ...",0,0,0,0,0,0,0,0,0,0,0,0,,,,,,,,,,,,,,,0,0,0,0,0,0,0,0,0,0,0,0
'730449,"Tubes, pipes and hollow profiles, seamless, of circular cross-section, of stainless steel, ...",0,0,0,0,0,0,0,0,0,0,0,0,,,,,,,,,,,,,,,0,0,0,1,0,0,0,0,0,0,0,0
'730539,"Tubes and pipes having circular cross-sections and an external diameter of > 406,4 mm, of iron ...",0,0,0,0,0,0,0,0,0,0,0,0,,,,,,,,,,,,,,,0,0,0,0,0,0,0,0,0,0,0,0
'730619,"Line pipe of a kind used for oil or gas pipelines, welded, of flat-rolled products of iron ...",0,0,0,0,0,0,0,0,0,0,0,0,,,,,,,,,,,,,,,0,0,0,0,0,0,0,0,0,0,0,0
'730640,"Tubes, pipes and hollow profiles, welded, of circular cross-section, of stainless steel (excl. ...",0,0,0,0,0,0,0,0,0,0,0,0,,,,,,,,,,,,,,,0,0,0,26,0,0,14,22,38,0,21,0
'730661,"Tubes and pipes and hollow profiles, welded, of square or rectangular cross-section, of iron ...",0,0,0,0,0,0,0,0,0,0,0,0,,,,,,,,,,,,,,,1,13,0,13,22,0,0,0,0,0,0,0
'730840,"Equipment for scaffolding, shuttering, propping or pit-propping (excl. composite sheetpiling ...",0,0,0,0,0,0,0,0,0,0,0,0,,,,,,,,,,,,,,,69,85,0,65,50,311,150,0,60,0,0,16
'731010,"Tanks, casks, drums, cans, boxes and similar containers, of iron or steel, for any material, ...",0,0,0,0,0,0,0,0,0,0,0,0,,,,,,,,,,,,,,,0,0,100,153,83,0,120,0,43,72,0,164
'731029,"Tanks, casks, drums, cans, boxes and similar containers, of iron or steel, for any material, ...",0,0,0,0,0,0,0,0,0,0,0,0,,,,,,,,,,,,,,,37,5,19,21,53,4,0,33,117,71,3,21
'731290,"Plaited bands, slings and the like, of iron or steel (excl. electrically insulated products)",0,0,0,0,0,0,0,0,0,0,0,0,,,,,,,,,,,,,,,0,0,240,179,125,358,88,2,11,0,0,90
'731512,Articulated link chain of iron or steel (excl. roller chain),0,0,0,0,0,0,0,0,0,0,0,0,,,,,,,,,,,,,,,103,101,141,10,131,18,28,19,50,14,80,42
'731520,"Skid chain for motor vehicles, of iron or steel",0,0,0,0,0,0,0,0,0,0,0,0,,,,,,,,,,,,,,,0,0,0,0,0,0,0,0,0,0,0,0
'731600,"Anchors, grapnels and parts thereof, of iron or steel",0,0,0,0,0,0,0,0,0,0,0,0,,,,,,,,,,,,,,,0,0,0,0,0,0,0,0,0,0,0,0
'732290,"Air heaters and hot-air distributors, incl. distributors which can also distribute fresh or ...",0,0,0,0,0,0,0,0,0,0,0,0,,,,,,,,,,,,,,,0,0,0,0,0,0,0,0,0,0,0,0
'740313,"Copper, refined, in the form of billets",0,0,0,0,0,0,0,0,0,0,0,0,,,,,,,,,,,,,,,0,0,0,0,0,0,0,0,0,0,0,0
'740400,"Waste and scrap, of copper (excl. ingots or other similar unwrought shapes, of remelted copper ...",0,0,0,0,0,0,0,0,0,0,0,0,,,,,,,,,,,,,,,0,0,0,0,0,0,0,0,0,227,3512,4180
'741021,"Refined copper foil, backed, of a thickness ""excl. any backing"" of <= 0,15 mm (excl. stamping ...",0,0,0,0,0,0,0,0,0,0,0,0,,,,,,,,,,,,,,,0,0,0,0,0,0,0,0,0,0,0,0
'741529,"Rivets, cotters, cotter pins and the like, not threaded, of copper (excl. spring washers and ...",0,0,0,0,0,0,0,0,0,0,0,0,,,,,,,,,,,,,,,4,0,0,0,0,0,0,0,0,0,2,0
'741533,"Screws, bolts, nuts and similar articles, threaded, of copper (other than screw hooks, ring- ...",0,0,0,0,0,0,0,0,0,0,0,0,,,,,,,,,,,,,,,1,5,22,3,1,22,8,0,6,2,1,9
'741539,"Screw hooks, screw rings and the like, threaded, of copper (excl. standard screws and bolts ...",0,0,0,0,0,0,0,0,0,0,0,0,,,,,,,,,,,,,,,6,2,0,0,0,0,0,0,3,0,0,0
'750620,"Plates, sheets, strip and foil, of nickel alloys (excl. expanded plates, sheets or strip)",0,0,0,0,0,0,0,0,0,0,0,0,,,,,,,,,,,,,,,0,0,0,0,0,0,0,0,0,0,0,0
'750711,Tubes and pipes of non-alloy nickel,0,0,0,0,0,0,0,0,0,0,0,0,,,,,,,,,,,,,,,0,0,0,0,0,0,0,0,0,0,0,0
'760421,"Hollow profiles of aluminium alloys, n.e.s.",0,0,0,0,0,0,0,0,0,0,0,0,,,,,,,,,,,,,,,203,193,67,159,91,115,190,112,247,30,93,145
'760900,"Aluminium tube or pipe fittings ""e.g., couplings, elbows, sleeves""",0,0,0,0,0,0,0,0,0,0,0,0,,,,,,,,,,,,,,,168,71,8,154,128,34,39,83,39,17,89,8
'761300,Aluminium containers for compressed or liquefied gas,0,0,0,0,0,0,0,0,0,0,0,0,,,,,,,,,,,,,,,0,0,0,0,0,0,0,0,0,0,0,0
'761410,"Stranded wire, cables, plaited bands and the like, of aluminium, with steel core (excl. such ...",0,0,0,0,0,0,0,0,0,0,0,0,,,,,,,,,,,,,,,0,0,0,0,0,0,0,0,0,0,0,0
'810199,"Articles of tungsten, n.e.s.",0,0,0,0,0,0,0,0,0,0,0,0,,,,,,,,,,,,,,,0,0,0,0,0,0,0,0,0,0,0,0
'810299,"Articles of molybdenum, n.e.s.",0,0,0,0,0,0,0,0,0,0,0,0,,,,,,,,,,,,,,,0,0,0,0,0,0,0,0,0,0,0,0
'810399,"Articles of tantalum, n.e.s.",0,0,0,0,0,0,0,0,0,0,0,0,,,,,,,,,,,,,,,0,0,0,0,0,0,0,0,0,0,0,0
'810520,Cobalt mattes and other intermediate products of cobalt metallurgy; unwrought cobalt; cobalt ...,0,0,0,0,0,0,0,0,0,0,0,0,,,,,,,,,,,,,,,0,0,0,0,0,0,0,0,0,0,0,0
'811221,Unwrought chromium; chromium powders,0,0,0,0,0,0,0,0,0,0,0,0,,,,,,,,,,,,,,,0,0,0,0,0,0,0,0,0,0,0,0
'820231,"Circular saw blades, incl. slitting or slotting saw blades, of base metal, with working parts ...",0,0,0,0,0,0,0,0,0,0,0,0,,,,,,,,,,,,,,,0,0,0,0,0,0,0,0,0,0,0,0
'820559,"Hand tools, incl. glaziers' diamonds, of base metal, n.e.s.",0,0,0,0,0,0,0,0,0,0,0,0,,,,,,,,,,,,,,,43,27,156,82,22,103,61,128,11,8,26,16
'820560,Blowlamps and the like (excl. gas-powered blowlamps),0,0,0,0,0,0,0,0,0,0,0,0,,,,,,,,,,,,,,,0,0,0,0,0,0,0,0,0,0,0,0
'820719,"Rock-drilling or earth-boring tools, interchangeable, and parts therefor, with working parts ...",0,0,0,0,0,0,0,0,0,0,0,0,,,,,,,,,,,,,,,0,40,0,106,0,0,0,0,0,26,0,0
'820750,"Tools for drilling, interchangeable (excl. rock-drilling or earth-boring tools and tools for ...",0,0,0,0,0,0,0,0,0,0,0,0,,,,,,,,,,,,,,,0,35,4,5,13,0,6,6,18,6,8,25
'820890,"Knives and cutting blades, of base metal, for machines or for mechanical appliances (excl. ...",0,0,0,0,0,0,0,0,0,0,0,0,,,,,,,,,,,,,,,111,113,108,142,57,107,79,28,69,40,58,109
'821110,Sets of assorted articles of knives of heading 8211; sets in which there is a higher number ...,0,0,0,0,0,0,0,0,0,0,0,0,,,,,,,,,,,,,,,0,0,0,0,0,0,0,0,0,0,0,0
'821195,"Handles of base metal for table knives, pocket knives and other knives of heading 8211",0,0,0,0,0,0,0,0,0,0,0,0,,,,,,,,,,,,,,,0,0,0,0,0,0,0,0,0,0,0,0
'821220,"Safety razor blades of base metal, incl. razor blade blanks in strips",0,0,0,0,0,0,0,0,0,0,0,0,,,,,,,,,,,,,,,0,0,0,0,0,0,0,0,0,0,0,0
'821510,"Sets of spoons, forks or other articles of heading 8215, which may also contain up to an equivalent ...",0,0,0,0,0,0,0,0,0,0,0,0,,,,,,,,,,,,,,,0,0,0,0,0,0,0,0,0,0,0,0
'830990,"Stoppers, caps and lids, incl. screw caps and pouring stoppers, capsules for bottles, threaded ...",0,0,0,0,0,0,0,0,0,0,0,0,,,,,,,,,,,,,,,988,1266,1484,1362,1009,1791,1454,1433,1802,1886,1315,1208
'840729,"Spark-ignition reciprocating or rotary engines, for marine propulsion (excl. outboard motors)",0,0,0,0,0,0,0,0,0,0,0,0,,,,,,,,,,,,,,,0,0,0,0,0,0,0,0,0,0,0,0
'841011,"Hydraulic turbines and water wheels, of a power <= 1.000 kW (excl. hydraulic power engines ...",0,0,0,0,0,0,0,0,0,0,0,0,,,,,,,,,,,,,,,0,0,0,0,0,0,0,0,0,0,0,0
'841111,Turbojets of a thrust <= 25 kN,0,0,0,0,0,0,0,0,0,0,0,0,,,,,,,,,,,,,,,0,0,0,0,0,0,0,0,0,0,0,0
'841311,"Pumps fitted or designed to be fitted with a measuring device, for dispensing fuel or lubricants, ...",0,0,0,0,0,0,0,0,0,0,0,0,,,,,,,,,,,,,,,0,0,0,0,0,0,0,0,0,0,0,0
'841420,Hand-operated or foot-operated air pumps,0,0,0,0,0,0,0,0,0,0,0,0,,,,,,,,,,,,,,,1,13,0,0,0,68,0,3,6,0,0,0
'841581,Air conditioning machines incorporating a refrigerating unit and a valve for reversal of the ...,0,0,0,0,0,0,0,0,0,0,0,0,,,,,,,,,,,,,,,0,0,0,0,0,0,0,0,0,0,0,0
'841583,"Air conditioning machines comprising a motor-driven fan, not incorporating a refrigerating ...",0,0,0,0,0,0,0,0,0,0,0,0,,,,,,,,,,,,,,,0,0,0,0,0,0,0,0,0,0,0,0
'841610,Furnace burners for liquid fuel,0,0,0,0,0,0,0,0,0,0,0,0,,,,,,,,,,,,,,,0,0,0,0,0,0,0,0,0,0,0,0
'841710,"Industrial or laboratory furnaces and ovens, non-electric, for the roasting, melting or other ...",0,0,0,0,0,0,0,0,0,0,0,0,,,,,,,,,,,,,,,0,0,0,0,0,0,0,0,0,0,0,0
'841912,Solar water heaters,0,0,0,0,0,0,0,0,0,0,0,0,,,,,,,,,,,,,,,0,0,0,0,0,0,0,0,0,0,0,0
'841919,"Instantaneous or storage water heaters, non-electric (excl. instantaneous gas water heaters, ...",0,0,0,0,0,0,0,0,0,0,0,0,,,,,,,,,,,,,,,0,0,0,144,205,229,0,79,0,46,0,0
'841939,"Dryers (excl. lyophilisation apparatus, freeze drying units, spray dryers, dryers for agricultural ...",0,0,0,0,0,0,0,0,0,0,0,0,,,,,,,,,,,,,,,95,0,0,0,0,669,0,0,4382,1504,0,0
'841940,Distilling or rectifying plant,0,0,0,0,0,0,0,0,0,0,0,0,,,,,,,,,,,,,,,0,0,0,0,0,0,0,0,0,0,0,0
'842123,Oil or petrol-filters for internal combustion engines,0,0,0,0,0,0,0,0,0,0,0,0,,,,,,,,,,,,,,,570,314,486,306,300,226,210,277,225,250,158,435
'842129,Machinery and apparatus for filtering or purifying liquids (excl. such machinery and apparatus ...,0,0,0,0,0,0,0,0,0,0,0,0,,,,,,,,,,,,,,,49,177,37,77,79,213,530,101,146,21,27,704
'842139,Machinery and apparatus for filtering or purifying gases (excl. isotope separators and intake ...,0,0,0,0,0,0,0,0,0,0,0,0,,,,,,,,,,,,,,,149,275,260,565,293,339,858,344,593,208,469,337
'842381,Weighing machinery having a maximum weighing capacity <= 30 kg (excl. balances of a sensitivity ...,0,0,0,0,0,0,0,0,0,0,0,0,,,,,,,,,,,,,,,0,55,102,89,12,0,0,0,0,135,132,0
'842649,"Mobile cranes and works trucks fitted with a crane, self-propelled (excl. those on tyres and ...",0,0,0,0,0,0,0,0,0,0,0,0,,,,,,,,,,,,,,,0,0,0,0,0,0,0,0,0,0,0,0
'842699,"Ships' derricks; cranes, incl. cable cranes (excl. overhead travelling cranes, transporter ...",0,0,0,0,0,0,0,0,0,0,0,0,,,,,,,,,,,,,,,0,0,0,0,0,0,0,0,0,0,0,0
'842952,"Self-propelled mechanical shovels, excavators and shovel loaders, with a 360° revolving su ...",0,0,0,0,0,0,0,0,0,0,0,0,,,,,,,,,,,,,,,0,0,0,0,0,0,0,0,0,0,0,0
'843139,"Parts of machinery of heading 8428, n.e.s.",0,0,0,0,0,0,0,0,0,0,0,0,,,,,,,,,,,,,,,307,126,158,246,328,193,146,391,323,558,123,376
'843210,"Ploughs for use in agriculture, horticulture or forestry",0,0,0,0,0,0,0,0,0,0,0,0,,,,,,,,,,,,,,,0,0,0,0,0,0,0,0,0,0,0,0
'843229,"Harrows, scarifiers, cultivators, weeders and hoes for use in agriculture, horticulture or ...",0,0,0,0,0,0,0,0,0,0,0,0,,,,,,,,,,,,,,,0,0,133,0,0,0,0,0,0,0,0,0
'843231,"No-till direct seeders, planters and transplanters",0,0,0,0,0,0,0,0,0,0,0,0,,,,,,,,,,,,,,,0,832,382,1178,0,1353,838,1241,1947,771,0,1138
'843241,Manure spreaders (excl. sprayers),0,0,0,0,0,0,0,0,0,0,0,0,,,,,,,,,,,,,,,0,0,0,0,0,0,0,0,0,0,0,0
'843330,Haymaking machinery (excl. mowers),0,0,0,0,0,0,0,0,0,0,0,0,,,,,,,,,,,,,,,0,0,0,0,0,0,0,0,0,0,0,0
'843590,"Parts of presses, crushers and similar machinery used in the manufacture of wine, cider, fruit ...",0,0,0,0,0,0,0,0,0,0,0,0,,,,,,,,,,,,,,,0,0,0,0,0,0,0,0,0,0,0,0
'843890,"Parts of machinery for the industrial preparation or manufacture of food or drink, n.e.s.",0,0,0,0,0,0,0,0,0,0,0,0,,,,,,,,,,,,,,,85,62,37,48,271,68,108,96,138,37,140,37
'843930,Machinery for finishing paper or paperboard (excl. calenders),0,0,0,0,0,0,0,0,0,0,0,0,,,,,,,,,,,,,,,0,0,0,0,0,0,0,0,0,0,0,0
'844332,"Machines which only perform one of the functions of printing, copying or facsimile transmission, ...",0,0,0,0,0,0,0,0,0,0,0,0,,,,,,,,,,,,,,,0,12,6,0,0,0,9,0,59,0,109,8
'844621,"Power looms for weaving fabrics of a width > 30 cm, shuttle type",0,0,0,0,0,0,0,0,0,0,0,0,,,,,,,,,,,,,,,0,0,0,0,0,0,0,0,0,0,0,0
'844900,"Machinery for the manufacture or finishing of felt or nonwovens in the piece or in shapes, ...",0,0,0,0,0,0,0,0,0,0,0,0,,,,,,,,,,,,,,,0,0,0,0,0,0,0,0,0,0,0,0
'845012,"Household or laundry-type washing machines, with built-in centrifugal drier (excl. fully-automatic ...",0,0,0,0,0,0,0,0,0,0,0,0,,,,,,,,,,,,,,,0,0,0,0,0,0,0,0,0,0,0,0
'845230,Sewing machine needles,0,0,0,0,0,0,0,0,0,0,0,0,,,,,,,,,,,,,,,0,0,0,0,0,0,0,0,0,0,0,0
'845650,Water-jet cutting machines,0,0,0,0,0,0,0,0,0,0,0,0,,,,,,,,,,,,,,,0,0,0,0,0,0,0,0,0,0,0,0
'845819,"Horizontal lathes, incl. turning centres, for removing metal, not numerically controlled",0,0,0,0,0,0,0,0,0,0,0,0,,,,,,,,,,,,,,,0,0,0,0,0,0,0,0,0,0,0,0
'845951,"Milling machines for metals, knee-type, numerically controlled",0,0,0,0,0,0,0,0,0,0,0,0,,,,,,,,,,,,,,,0,0,0,0,0,0,0,0,0,0,0,0
'845969,"Milling machines for metals, not numerically controlled (excl. way-type unit head machines, ...",0,0,0,0,0,0,0,0,0,0,0,0,,,,,,,,,,,,,,,0,0,0,0,0,0,0,0,0,0,0,0
'846290,"Machine tools, incl. presses, for working metal by forging, hammering or die forging (excl. ...",0,0,0,0,0,0,0,0,0,0,0,0,,,,,,,,,,,,,,,0,0,0,0,0,0,0,0,0,0,0,0
'846310,"Draw-benches for metal bars, tubes, profiles, wire or the like",0,0,0,0,0,0,0,0,0,0,0,0,,,,,,,,,,,,,,,0,0,0,0,0,0,0,0,0,0,0,0
'846320,"Thread rolling machines, for working metal",0,0,0,0,0,0,0,0,0,0,0,0,,,,,,,,,,,,,,,0,0,0,0,0,0,0,0,0,0,0,0
'846620,Work holders for machine tools,0,0,0,0,0,0,0,0,0,0,0,0,,,,,,,,,,,,,,,0,0,0,0,0,0,0,0,0,0,0,0
'846810,"Hand-held blow pipes, gas-operated, for soldering, brazing or welding",0,0,0,0,0,0,0,0,0,0,0,0,,,,,,,,,,,,,,,0,0,0,0,0,0,0,0,0,0,0,0
'846820,"Gas-operated machinery and apparatus for soldering, brazing, welding or surface tempering (excl. ...",0,0,0,0,0,0,0,0,0,0,0,0,,,,,,,,,,,,,,,0,0,0,0,0,0,0,0,0,0,0,0
'847210,"Duplicating machines ""hectograph or stencil"" (excl. printing machines and photocopying or thermo-copying ...",0,0,0,0,0,0,0,0,0,0,0,0,,,,,,,,,,,,,,,0,0,0,0,0,0,0,0,0,0,0,0
'847480,"Machinery for agglomerating, shaping or moulding solid mineral fuels, ceramic paste, unhardened ...",0,0,0,0,0,0,0,0,0,0,0,0,,,,,,,,,,,,,,,0,0,0,0,0,0,0,0,0,0,0,0
'847710,Injection-moulding machines for working rubber or plastics,0,0,0,0,0,0,0,0,0,0,0,0,,,,,,,,,,,,,,,0,0,0,0,0,0,0,0,0,0,0,0
'847810,"Machinery for preparing or making up tobacco (excl. dryers and other heating equipment, centrifuges ...",0,0,0,0,0,0,0,0,0,0,0,0,,,,,,,,,,,,,,,0,0,0,0,0,0,0,0,0,0,0,0
'847960,"Evaporative air coolers, n.e.s.",0,0,0,0,0,0,0,0,0,0,0,0,,,,,,,,,,,,,,,0,0,0,0,0,0,0,0,0,0,0,0
'847990,"Parts of machines and mechanical appliances, n.e.s.",0,0,0,0,0,0,0,0,0,0,0,0,,,,,,,,,,,,,,,75,258,245,538,214,153,464,141,160,330,157,520
'848030,Moulding patterns (excl. moulds of graphite or other carbons and ceramic or glass moulds),0,0,0,0,0,0,0,0,0,0,0,0,,,,,,,,,,,,,,,0,0,0,0,0,0,0,0,0,0,0,0
'848041,Injection or compression-type moulds for metal or metal carbides (excl. moulds of graphite ...,0,0,0,0,0,0,0,0,0,0,0,0,,,,,,,,,,,,,,,0,0,0,0,0,0,0,0,0,0,0,0
'848079,Moulds for rubber or plastics (other than injection or compression types),0,0,0,0,0,0,0,0,0,0,0,0,,,,,,,,,,,,,,,0,0,0,239,0,0,0,47,216,0,0,0
'848620,Machines and apparatus for the manufacture of semiconductor devices or of electronic integrated ...,0,0,0,0,0,0,0,0,0,0,0,0,,,,,,,,,,,,,,,0,0,0,0,0,0,0,0,0,0,0,0
'850133,DC motors and DC generators of an output > 75 kW but <= 375 kW (excl. photovoltaic generators),0,0,0,0,0,0,0,0,0,0,0,0,,,,,,,,,,,,,,,0,0,0,0,0,0,0,0,0,0,0,0
'850140,"AC motors, single-phase, of an output > 37,5 W",0,0,0,0,0,0,0,0,0,0,0,0,,,,,,,,,,,,,,,441,295,147,136,402,273,149,330,392,278,689,690
'850162,"AC generators ""alternators"", of an output > 75 kVA but <= 375 kVA (excl. photovoltaic generators)",0,0,0,0,0,0,0,0,0,0,0,0,,,,,,,,,,,,,,,0,0,0,0,0,0,0,0,0,0,0,0
'850213,"Generating sets with compression-ignition internal combustion piston engine ""diesel or semi-diesel ...",0,0,0,0,0,0,0,0,0,0,0,0,,,,,,,,,,,,,,,0,0,0,0,0,0,0,0,0,0,0,0
'850220,Generating sets with spark-ignition internal combustion piston engine,0,0,0,0,0,0,0,0,0,0,0,0,,,,,,,,,,,,,,,0,0,0,0,0,0,0,0,0,0,0,0
'850410,Ballasts for discharge lamps or tubes,0,0,0,0,0,0,0,0,0,0,0,0,,,,,,,,,,,,,,,0,0,0,0,0,0,0,0,0,0,0,0
'850434,Transformers having a power handling capacity > 500 kVA (excl. liquid dielectric transformers),0,0,0,0,0,0,0,0,0,0,0,0,,,,,,,,,,,,,,,0,0,0,0,0,0,0,0,0,0,0,151
'850440,Static converters,0,0,0,0,0,0,0,0,0,0,0,0,,,,,,,,,,,,,,,246,277,277,189,247,246,908,224,392,196,670,253
'850610,Manganese dioxide cells and batteries (excl. spent),0,0,0,0,0,0,0,0,0,0,0,0,,,,,,,,,,,,,,,0,0,0,0,0,0,0,0,0,0,0,0
'850660,Air-zinc cells and batteries (excl. spent),0,0,0,0,0,0,0,0,0,0,0,0,,,,,,,,,,,,,,,0,0,0,0,0,0,0,0,0,0,0,0
'850940,"Domestic food grinders and mixers and fruit or vegetable juice extractors, with self-contained ...",0,0,0,0,0,0,0,0,0,0,0,0,,,,,,,,,,,,,,,0,0,0,0,0,0,0,0,0,0,0,0
'851210,Electric lighting or visual signalling equipment of a kind used for bicycles (other than lamps ...,0,0,0,0,0,0,0,0,0,0,0,0,,,,,,,,,,,,,,,0,0,0,0,0,0,0,0,0,0,0,0
'851290,"Parts of electrical lighting or signalling equipment, windscreen wipers, defrosters and demisters ...",0,0,0,0,0,0,0,0,0,0,0,0,,,,,,,,,,,,,,,7,2,4,14,9,9,2,10,15,6,6,6
'851631,Electric hairdryers,0,0,0,0,0,0,0,0,0,0,0,0,,,,,,,,,,,,,,,0,0,0,0,0,0,0,0,0,0,0,0
'851660,"Electric ovens, cookers, cooking plates and boiling rings, electric grillers and roasters, ...",0,0,0,0,0,0,0,0,0,0,0,0,,,,,,,,,,,,,,,0,15,0,0,0,8,3,0,0,0,0,0
'851690,"Parts of electric water heaters, immersion heaters, space-heating apparatus and soil-heating ...",0,0,0,0,0,0,0,0,0,0,0,0,,,,,,,,,,,,,,,0,0,0,0,0,0,0,0,0,0,0,0
'851761,"Base stations of apparatus for the transmission or reception of voice, images or other data",0,0,0,0,0,0,0,0,0,0,0,0,,,,,,,,,,,,,,,0,0,0,0,0,0,0,0,0,0,0,0
'851771,"Aerials and aerial reflectors of all kinds, of telephone sets, telephones for cellular networks ...",0,0,0,0,0,0,0,0,0,0,0,0,,,,,,,,,,,,,,,0,0,0,0,0,2,0,0,0,0,0,2
'851821,"Single loudspeakers, mounted in their enclosures",0,0,0,0,0,0,0,0,0,0,0,0,,,,,,,,,,,,,,,3,0,0,0,0,0,0,0,0,0,0,0
'851850,Electric sound amplifier sets,0,0,0,0,0,0,0,0,0,0,0,0,,,,,,,,,,,,,,,0,0,0,0,0,0,0,0,0,0,0,0
'852329,Magnetic media for the recording of sound or of other phenomena (excl. cards incorporating ...,0,0,0,0,0,0,0,0,0,0,0,0,,,,,,,,,,,,,,,0,0,0,0,0,0,0,0,0,0,0,0
'852359,"Semiconductor media, unrecorded, for the recording of sound or of other phenomena (excl. solid-state ...",0,0,0,0,0,0,0,0,0,0,0,0,,,,,,,,,,,,,,,0,0,0,0,0,0,0,0,0,0,0,0
'852550,"Transmission apparatus for radio-broadcasting or television, not incorporating reception apparatus",0,0,0,0,0,0,0,0,0,0,0,0,,,,,,,,,,,,,,,0,0,0,0,0,0,0,0,0,0,0,0
'852582,"Television cameras, digital cameras and video camera recorders, radiation-hardened or radiation-tolerant ...",0,0,0,0,0,0,0,0,0,0,0,0,,,,,,,,,,,,,,,0,0,0,0,0,0,0,0,0,0,0,0
'852691,Radio navigational aid apparatus,0,0,0,0,0,0,0,0,0,0,0,0,,,,,,,,,,,,,,,0,0,0,62,0,26,0,59,46,87,0,37
'852712,"Pocket-size radiocassette players [dimensions <= 170 mm x 100 mm x 45 mm], with built-in amplifier, ...",0,0,0,0,0,0,0,0,0,0,0,0,,,,,,,,,,,,,,,0,0,0,0,0,0,0,0,0,0,0,0
'852719,"Radio-broadcast receivers capable of operating without an external source of power, not combined ...",0,0,0,0,0,0,0,0,0,0,0,0,,,,,,,,,,,,,,,0,0,0,0,0,0,0,0,0,0,0,0
'852792,"Radio-broadcast receivers, for mains operation only, not combined with sound recording or reproducing ...",0,0,0,0,0,0,0,0,0,0,0,0,,,,,,,,,,,,,,,0,0,0,0,0,0,0,0,0,0,0,0
'852862,Projectors capable of directly connecting to and designed for use with an automatic data processing ...,0,0,0,0,0,0,0,0,0,0,0,0,,,,,,,,,,,,,,,0,0,0,0,0,0,0,0,0,0,0,0
'853210,Fixed capacitors designed for use in 50/60 Hz circuits and having a reactive power-handling ...,0,0,0,0,0,0,0,0,0,0,0,0,,,,,,,,,,,,,,,0,0,0,2,0,0,0,72,0,0,0,0
'853223,"Fixed electrical capacitors, ceramic dielectric, single layer (excl. power capacitors)",0,0,0,0,0,0,0,0,0,0,0,0,,,,,,,,,,,,,,,0,0,0,0,0,0,0,0,0,0,0,0
'854419,"Winding wire for electrical purposes, of material other than copper, insulated",0,0,0,0,0,0,0,0,0,0,0,0,,,,,,,,,,,,,,,0,0,0,0,0,0,0,0,0,0,0,0
'854460,"Electric conductors, for a voltage > 1.000 V, insulated, n.e.s.",0,0,0,0,0,0,0,0,0,0,0,0,,,,,,,,,,,,,,,643,91,1758,1573,765,200,183,398,219,744,215,0
'854939,Waste and scrap of electrical and electronic assemblies and printed circuit boards (excl. for ...,0,0,0,0,0,0,0,0,0,0,0,0,,,,,,,,,,,,,,,0,0,0,0,0,0,0,0,0,0,0,0
'860721,"Air brakes and parts thereof for railway or tramway locomotives or rolling stock, n.e.s.",0,0,0,0,0,0,0,0,0,0,0,0,,,,,,,,,,,,,,,0,0,0,0,0,0,0,0,0,0,0,0
'860900,"Containers, incl. containers for the transport of fluids, specially designed and equipped for ...",0,0,0,0,0,0,0,0,0,0,0,0,,,,,,,,,,,,,,,0,0,0,0,0,0,0,0,0,0,0,0
'870230,"Motor vehicles for the transport of >= 10 persons, incl. driver, with both spark-ignition internal ...",0,0,0,0,0,0,0,0,0,0,0,0,,,,,,,,,,,,,,,0,0,0,0,0,0,0,0,0,0,0,0
'870390,Motor cars and other vehicles principally designed for the transport of ...,0,0,0,0,0,0,0,0,0,0,0,0,,,,,,,,,,,,,,,0,0,0,0,0,0,0,0,0,0,0,0
'870520,Mobile drilling derricks,0,0,0,0,0,0,0,0,0,0,0,0,,,,,,,,,,,,,,,0,0,0,0,0,0,0,0,0,0,0,0
'870821,Safety seat belts for motor vehicles,0,0,0,0,0,0,0,0,0,0,0,0,,,,,,,,,,,,,,,0,8,5,4,0,5,2,1,0,6,7,3
'870850,"Drive-axles with differential, whether or not provided with other transmission components, ...",0,0,0,0,0,0,0,0,0,0,0,0,,,,,,,,,,,,,,,3688,4379,4046,2996,4864,4393,5992,4513,4487,2297,3553,5898
'871130,"Motorcycles, incl. mopeds, with reciprocating internal combustion piston engine of a cylinder ...",0,0,0,0,0,0,0,0,0,0,0,0,,,,,,,,,,,,,,,0,0,0,0,0,0,0,0,0,0,0,0
'871310,"Carriages for disabled persons, not mechanically propelled",0,0,0,0,0,0,0,0,0,0,0,0,,,,,,,,,,,,,,,0,0,0,0,0,0,0,0,0,0,0,0
'871491,"Frames and forks, and parts thereof, for cycles, n.e.s. (excl. for motorcycles)",0,0,0,0,0,0,0,0,0,0,0,0,,,,,,,,,,,,,,,0,0,0,0,0,0,0,0,0,0,0,0
'871493,Hubs and free-wheel sprocket-wheels for cycles (excl. for motorcycles and coaster braking hubs ...,0,0,0,0,0,0,0,0,0,0,0,0,,,,,,,,,,,,,,,0,0,0,0,0,0,0,0,0,0,0,0
'871610,"Trailers and semi-trailers of the caravan type, for housing or camping",0,0,0,0,0,0,0,0,0,0,0,0,,,,,,,,,,,,,,,0,0,0,0,0,0,0,0,0,0,0,0
'880220,"Aeroplanes and other powered aircraft of an unladen weight <= 2.000 kg (excl. helicopters, ...",0,0,0,0,0,0,0,0,0,0,0,0,,,,,,,,,,,,,,,0,0,0,0,0,0,0,0,0,0,0,0
'880260,"Spacecraft, incl. satellites, and suborbital and spacecraft launch vehicles",0,0,0,0,0,0,0,0,0,0,0,0,,,,,,,,,,,,,,,0,0,0,0,0,0,0,0,0,0,0,0
'880510,"Aircraft launching gear and parts thereof, n.e.s. (excl. motor winches for launching gliders); ...",0,0,0,0,0,0,0,0,0,0,0,0,,,,,,,,,,,,,,,0,0,0,0,0,0,0,0,0,0,0,0
'880623,"Unmanned aircraft, for remote-controlled flight only, with maximum take-off weight > 7 kg but ...",0,0,0,0,0,0,0,0,0,0,0,0,,,,,,,,,,,,,,,0,0,0,0,0,0,0,0,0,0,0,0
'880730,"Parts of aeroplanes, helicopters or unmanned aircraft, n.e.s. (excl. those for gliders)",0,0,0,0,0,0,0,0,0,0,0,0,,,,,,,,,,,,,,,0,337,432,348,0,363,1244,0,1281,0,0,0
'880790,"Parts of aircraft and spacecraft, n.e.s.",0,0,0,0,0,0,0,0,0,0,0,0,,,,,,,,,,,,,,,0,0,0,0,0,0,0,0,0,0,0,0
'890190,Vessels for the transport of goods and vessels for the transport of both persons and goods ...,0,0,0,0,0,0,0,0,0,0,0,0,,,,,,,,,,,,,,,0,0,0,0,0,0,0,0,0,0,0,0
'890322,"Sailboats, with or without auxiliary motor, of a length > 7,5 m but <= 24 m (excl. inflatable)",0,0,0,0,0,0,0,0,0,0,0,0,,,,,,,,,,,,,,,0,0,0,0,0,0,0,0,0,0,0,0
'900220,"Filters, optical, being parts of or fittings for instruments, apparatus and appliances, framed ...",0,0,0,0,0,0,0,0,0,0,0,0,,,,,,,,,,,,,,,0,0,0,0,0,0,2,0,4,0,0,0
'900311,"Frames and mountings for spectacles, goggles or the like, of plastics",0,0,0,0,0,0,0,0,0,0,0,0,,,,,,,,,,,,,,,0,0,0,0,0,20,0,22,0,0,0,0
'900659,Cameras for roll film of a width other than 35 mm or for film in the flat (excl. instant print ...,0,0,0,0,0,0,0,0,0,0,0,0,,,,,,,,,,,,,,,0,0,0,0,0,0,0,0,0,0,0,0
'901050,"Apparatus and equipment for photographic or cinematographic laboratories, n.e.s.; negatoscopes",0,0,0,0,0,0,0,0,0,0,0,0,,,,,,,,,,,,,,,0,0,0,0,0,0,0,0,0,0,0,0
'901090,"Parts and accessories for apparatus and equipment for photographic or cinematographic laboratories, ...",0,0,0,0,0,0,0,0,0,0,0,0,,,,,,,,,,,,,,,0,0,0,0,0,0,0,0,0,0,0,0
'901190,"Parts and accessories for compound optical microscopes, n.e.s.",0,0,0,0,0,0,0,0,0,0,0,0,,,,,,,,,,,,,,,0,0,0,0,0,0,0,0,0,0,0,0
'901310,"Telescopic sights for fitting to arms; periscopes; telescopes designed to form parts of machines, ...",0,0,0,0,0,0,0,0,0,0,0,0,,,,,,,,,,,,,,,0,0,0,0,0,0,0,0,0,0,0,0
'901600,"Balances of a sensitivity of 50 mg or better, with or without weights",0,0,0,0,0,0,0,0,0,0,0,0,,,,,,,,,,,,,,,0,0,0,0,0,0,0,0,0,0,0,0
'901841,"Dental drill engines, whether or not combined on a single base with other dental equipment",0,0,0,0,0,0,0,0,0,0,0,0,,,,,,,,,,,,,,,0,0,0,0,0,0,0,0,0,0,0,0
'902131,Artificial joints for orthopaedic purposes,0,0,0,0,0,0,0,0,0,0,0,0,,,,,,,,,,,,,,,0,89,0,0,0,418,164,444,0,0,300,264
'902213,Apparatus based on the use of X-rays for dental uses,0,0,0,0,0,0,0,0,0,0,0,0,,,,,,,,,,,,,,,0,0,0,0,0,0,0,0,0,0,0,0
'902480,Machines and appliances for testing the mechanical properties of materials (excl. metals),0,0,0,0,0,0,0,0,0,0,0,0,,,,,,,,,,,,,,,0,52,0,0,0,0,0,0,0,0,0,0
'902580,"Hydrometers, areometers and similar floating instruments, barometers, hygrometers and psychrometers, ...",0,0,0,0,0,0,0,0,0,0,0,0,,,,,,,,,,,,,,,1,21,25,18,47,33,54,4,13,9,0,0
'902610,Instruments and apparatus for measuring or checking the flow or level of liquids (excl. meters ...,0,0,0,0,0,0,0,0,0,0,0,0,,,,,,,,,,,,,,,72,36,51,341,53,92,54,52,202,47,65,138
'902680,"Instruments or apparatus for measuring or checking variables of liquids or gases, n.e.s.",0,0,0,0,0,0,0,0,0,0,0,0,,,,,,,,,,,,,,,0,33,7,16,63,0,7,21,29,42,8,4
'902781,Mass spectrometers,0,0,0,0,0,0,0,0,0,0,0,0,,,,,,,,,,,,,,,0,0,0,0,0,0,0,0,0,0,0,0
'902830,"Electricity supply or production meters, incl. calibrating meters therefor",0,0,0,0,0,0,0,0,0,0,0,0,,,,,,,,,,,,,,,0,0,0,0,0,0,0,0,0,0,0,0
'903039,"Instruments and apparatus for measuring or checking voltage, current, resistance or electrical ...",0,0,0,0,0,0,0,0,0,0,0,0,,,,,,,,,,,,,,,0,0,0,0,0,0,0,95,0,0,0,0
'903289,"Regulating or controlling instruments and apparatus (excl. hydraulic or pneumatic, manostats, ...",0,0,0,0,0,0,0,0,0,0,0,0,,,,,,,,,,,,,,,627,709,296,660,870,762,835,310,536,585,777,813
'903300,"Parts and accessories for machines, appliances, instruments or other apparatus in chapter 90, ...",0,0,0,0,0,0,0,0,0,0,0,0,,,,,,,,,,,,,,,0,59,0,7,0,0,6,0,0,0,4,0
'910599,"Clocks (excl. electrically operated, wrist-watches, pocket-watches and other watches of heading ...",0,0,0,0,0,0,0,0,0,0,0,0,,,,,,,,,,,,,,,0,0,0,0,0,0,0,0,0,0,0,0
'910910,"Clock movements, complete and assembled, electrically operated (excl. watch movements)",0,0,0,0,0,0,0,0,0,0,0,0,,,,,,,,,,,,,,,0,0,0,0,0,0,0,0,0,0,0,0
'911320,"Watch straps, watch bands and watch bracelets, and parts thereof, of base metal, whether or ...",0,0,0,0,0,0,0,0,0,0,0,0,,,,,,,,,,,,,,,0,0,0,0,0,0,0,0,0,0,0,0
'911430,Dials for clocks or watches,0,0,0,0,0,0,0,0,0,0,0,0,,,,,,,,,,,,,,,0,0,0,0,0,0,0,0,0,0,0,0
'920110,Upright pianos,0,0,0,0,0,0,0,0,0,0,0,0,,,,,,,,,,,,,,,0,0,0,0,0,0,0,0,0,0,0,0
'920120,Grand pianos,0,0,0,0,0,0,0,0,0,0,0,0,,,,,,,,,,,,,,,0,0,0,0,0,0,0,0,0,0,0,0
'920510,Brass-wind instruments,0,0,0,0,0,0,0,0,0,0,0,0,,,,,,,,,,,,,,,0,0,0,0,0,0,0,0,0,0,0,0
'920994,"Parts and accessories for musical instruments, the sound of which is produced, or must be amplified, ...",0,0,0,0,0,0,0,0,0,0,0,0,,,,,,,,,,,,,,,0,0,0,0,0,0,0,0,0,0,0,0
'920999,"Parts and accessories for musical instruments ""e.g. mechanisms for musical boxes, cards, discs ...",0,0,0,0,0,0,0,0,0,0,0,0,,,,,,,,,,,,,,,0,27,0,0,0,0,66,0,30,0,0,32
'940131,"Swivel seats with variable height adjustments, of wood (excl. medical, surgical, dental or ...",0,0,0,0,0,0,0,0,0,0,0,0,,,,,,,,,,,,,,,0,0,0,0,0,0,0,0,0,0,0,0
'940161,"Upholstered seats, with wooden frames (excl. convertible into beds)",0,0,0,0,0,0,0,0,0,0,0,0,,,,,,,,,,,,,,,27,21,133,52,29,49,47,92,58,30,29,44
'940199,"Parts of seats, not of wood, n.e.s.",0,0,0,0,0,0,0,0,0,0,0,0,,,,,,,,,,,,,,,178,194,205,288,257,228,414,304,201,222,258,299
'940320,"Metal furniture (excl. for offices, seats and medical, surgical, dental or veterinary furniture)",0,0,0,0,0,0,0,0,0,0,0,0,,,,,,,,,,,,,,,118,215,164,57,102,184,180,162,350,52,104,111
'940383,"Furniture of rattan (excl. seats and medical, surgical, dental or veterinary furniture)",0,0,0,0,0,0,0,0,0,0,0,0,,,,,,,,,,,,,,,0,0,0,0,0,0,0,0,0,0,0,0
'940541,"Photovoltaic luminaires and lighting fittings, solely for light-emitting diode ""LED"" light ...",0,0,0,0,0,0,0,0,0,0,0,0,,,,,,,,,,,,,,,0,0,0,0,0,0,0,0,0,0,0,0
'940690,"Prefabricated buildings, whether or not complete or already assembled (excl. of wood, and modular ...",0,0,0,0,0,0,0,0,0,0,0,0,,,,,,,,,,,,,,,0,0,206,190,435,281,623,988,775,724,363,1222
'950612,Ski bindings,0,0,0,0,0,0,0,0,0,0,0,0,,,,,,,,,,,,,,,0,0,0,0,0,0,0,0,0,0,0,0
'950661,Tennis balls (excl. table tennis balls),0,0,0,0,0,0,0,0,0,0,0,0,,,,,,,,,,,,,,,0,0,0,0,0,0,0,0,0,0,0,0
'950730,Fishing reels,0,0,0,0,0,0,0,0,0,0,0,0,,,,,,,,,,,,,,,0,0,0,0,0,0,0,0,0,0,0,0
'950821,Roller coasters,0,0,0,0,0,0,0,0,0,0,0,0,,,,,,,,,,,,,,,0,0,0,0,0,0,0,0,0,0,0,0
'950823,Dodge’em cars,0,0,0,0,0,0,0,0,0,0,0,0,,,,,,,,,,,,,,,0,0,0,0,0,0,0,0,0,0,0,0
'960321,"Tooth brushes, incl. dental-plate brushes",0,0,0,0,0,0,0,0,0,0,0,0,,,,,,,,,,,,,,,0,0,14,0,43,0,11,0,0,3,0,0
'960400,Hand sieves and hand riddles (excl. colanders),0,0,0,0,0,0,0,0,0,0,0,0,,,,,,,,,,,,,,,0,0,0,0,0,0,0,0,0,0,0,0
'960500,"Travel sets for personal toilet, sewing or shoe or clothes cleaning (excl. manicure sets)",0,0,0,0,0,0,0,0,0,0,0,0,,,,,,,,,,,,,,,0,0,0,0,0,0,0,0,0,0,0,0
'960622,"Buttons of base metal, not covered with textile material (excl. press-fasteners, snap-fasteners, ...",0,0,0,0,0,0,0,0,0,0,0,0,,,,,,,,,,,,,,,0,0,0,0,0,0,0,0,0,0,0,0
'960830,"Fountain pens, stylograph pens and other pens",0,0,0,0,0,0,0,0,0,0,0,0,,,,,,,,,,,,,,,0,0,0,0,0,0,0,0,0,0,0,0
'960891,Pen nibs and nib points,0,0,0,0,0,0,0,0,0,0,0,0,,,,,,,,,,,,,,,0,0,0,0,0,0,0,0,0,0,0,0
'961380,"Lighters (excl. gas fuelled pocket lighters, and fuses and primers for propellent powders and ...",0,0,0,0,0,0,0,0,0,0,0,0,,,,,,,,,,,,,,,0,2,0,0,0,0,0,0,0,0,0,0
'961519,"Combs, hair-slides and the like (excl. of hard rubber or plastics)",0,0,0,0,0,0,0,0,0,0,0,0,,,,,,,,,,,,,,,0,461,0,126,0,55,0,82,33,0,0,140
'970310,"Original sculptures and statuary, in any material, over 100 years old",0,0,0,0,0,0,0,0,0,0,0,0,,,,,,,,,,,,,,,0,16,0,0,20,0,0,0,0,0,0,0
'440727,"Sapelli, sawn or chipped lengthwise, sliced or peeled, whether or not planed, sanded or end-jointed, ...",0,0,0,0,0,0,0,0,0,0,0,0,,,,,,,,,,,,,,,0,0,0,0,0,0,0,0,0,0,0,0
'440793,"Maple ""Acer spp."", sawn or chipped lengthwise, sliced or peeled, whether or not planed, sanded ...",0,0,0,0,0,0,0,0,0,0,0,0,,,,,,,,,,,,,,,0,0,0,0,0,0,0,0,0,0,0,0
'440795,"Ash ""Fraxinus spp."", sawn or chipped lengthwise, sliced or peeled, whether or not planed, sanded ...",0,0,0,0,0,0,0,0,0,0,0,0,,,,,,,,,,,,,,,0,0,0,0,0,0,0,0,0,0,0,0
'441233,"Plywood consisting solely of sheets of wood <= 6 mm thick, with at least one outer ply of non-coniferous ...",0,0,0,0,0,0,0,0,0,0,0,0,,,,,,,,,,,,,,,0,0,0,0,0,0,0,0,0,0,0,0
'441300,"Metallised wood and other densified wood in blocks, plates, strips or profile shapes",0,0,0,0,0,0,0,0,0,0,0,0,,,,,,,,,,,,,,,0,0,0,0,0,0,0,0,0,0,0,0
'441510,"Cases, boxes, crates, drums and similar packings, of wood; cable-drums of wood",0,0,0,0,0,0,0,0,0,0,0,0,,,,,,,,,,,,,,,0,6,27,4,0,61,93,4,36,59,0,31
'441830,"Posts and beams, of wood (excl. products of 4418.81 to 4418.89)",0,0,0,0,0,0,0,0,0,0,0,0,,,,,,,,,,,,,,,0,0,0,0,0,0,0,0,0,0,0,0
'441892,Cellular wood panels,0,0,0,0,0,0,0,0,0,0,0,0,,,,,,,,,,,,,,,0,0,0,0,0,0,0,0,0,0,0,0
'450390,"Articles of natural cork (excl. cork in square or rectangular blocks, plates, sheets or strips; ...",0,0,0,0,0,0,0,0,0,0,0,0,,,,,,,,,,,,,,,0,0,0,0,0,0,0,0,0,0,0,0
'460121,"Mats, matting and screens of bamboo plaiting materials, flat-woven or bound together in parallel",0,0,0,0,0,0,0,0,0,0,0,0,,,,,,,,,,,,,,,0,0,0,0,0,0,0,0,0,0,0,0
'460199,"Plaiting materials, plaits and similar products of non-vegetable plaiting materials, flat-woven ...",0,0,0,0,0,0,0,0,0,0,0,0,,,,,,,,,,,,,,,0,0,0,0,0,0,0,0,0,0,0,0
'470100,"Mechanical wood pulp, not chemically treated",0,0,0,0,0,0,0,0,0,0,0,0,,,,,,,,,,,,,,,0,0,0,0,0,0,0,0,0,0,0,0
'470500,Wood pulp obtained by a combination of mechanical and chemical pulping processes,0,0,0,0,0,0,0,0,0,0,0,0,,,,,,,,,,,,,,,0,0,0,0,0,0,0,0,0,0,0,0
'480210,Handmade paper and paperboard of any size or shape,0,0,0,0,0,0,0,0,0,0,0,0,,,,,,,,,,,,,,,0,0,0,0,0,0,0,0,0,0,0,0
'480262,"Uncoated paper and paperboard, of a kind used for writing, printing or other graphic purposes, ...",0,0,0,0,0,0,0,0,0,0,0,0,,,,,,,,,,,,,,,0,0,0,0,0,0,0,0,0,0,0,0
'480429,"Sack kraft paper, uncoated, in rolls of a width > 36 cm (excl. unbleached, and goods of heading ...",0,0,0,0,0,0,0,0,0,0,0,0,,,,,,,,,,,,,,,0,0,0,0,0,0,0,0,0,0,0,0
'480524,"Testliner ""recycled liner board"", uncoated, in rolls of a width > 36 cm or in square or rectangular ...",0,0,0,0,0,0,0,0,0,0,0,0,,,,,,,,,,,,,,,0,0,0,0,0,0,0,0,0,0,0,0
'480530,"Sulphite wrapping paper, uncoated, in rolls of a width > 36 cm or in square or rectangular ...",0,0,0,0,0,0,0,0,0,0,0,0,,,,,,,,,,,,,,,0,85,0,0,0,0,0,0,0,0,89,0
'481019,"Paper and paperboard used for writing, printing or other graphic purposes, not containing fibres ...",0,0,0,0,0,0,0,0,0,0,0,0,,,,,,,,,,,,,,,0,0,0,0,0,0,0,0,0,0,0,0
'481029,"Paper and paperboard used for writing, printing or other graphic purposes, of which > 10% by ...",0,0,0,0,0,0,0,0,0,0,0,0,,,,,,,,,,,,,,,0,0,0,0,0,0,0,0,0,0,0,0
'481031,"Kraft paper and paperboard, bleached uniformly throughout the mass and containing > 95% chemically ...",0,0,0,0,0,0,0,0,0,0,0,0,,,,,,,,,,,,,,,0,0,0,0,0,0,0,0,0,0,0,0
'481920,"Folding cartons, boxes and cases, of non-corrugated paper or paperboard",0,0,0,0,0,0,0,0,0,0,0,0,,,,,,,,,,,,,,,60,94,292,215,136,118,90,94,180,255,139,376
'482030,"Binders (other than book covers), folders and file covers, of paper or paperboard",0,0,0,0,0,0,0,0,0,0,0,0,,,,,,,,,,,,,,,0,0,0,0,0,0,0,0,0,0,0,0
'482040,"Manifold business forms and interleaved carbon sets, of paper or paperboard",0,0,0,0,0,0,0,0,0,0,0,0,,,,,,,,,,,,,,,0,0,0,0,0,0,0,0,0,0,0,0
'482370,"Moulded or pressed articles of paper pulp, n.e.s.",0,0,0,0,0,0,0,0,0,0,0,0,,,,,,,,,,,,,,,411,370,172,373,204,0,343,0,133,185,0,207
'511120,"Woven fabrics containing predominantly, but < 85% carded wool or carded fine animal hair by ...",0,0,0,0,0,0,0,0,0,0,0,0,,,,,,,,,,,,,,,0,0,0,0,0,0,0,0,0,0,0,0
'511211,Woven fabrics containing >= 85% combed wool or combed fine animal hair by weight and weighing ...,0,0,0,0,0,0,0,0,0,0,0,0,,,,,,,,,,,,,,,0,0,0,0,0,0,0,0,0,0,0,0
'520612,"Single cotton yarn containing predominantly, but < 85% cotton by weight, of uncombed fibres ...",0,0,0,0,0,0,0,0,0,0,0,0,,,,,,,,,,,,,,,0,0,0,0,0,0,0,0,0,0,0,0
'520633,"Multiple ""folded"" or cabled cotton yarn containing predominantly, but < 85% cotton by weight, ...",0,0,0,0,0,0,0,0,0,0,0,0,,,,,,,,,,,,,,,0,0,0,0,0,0,0,0,0,0,0,0
'520641,"Multiple ""folded"" or cabled cotton yarn containing predominantly, but < 85% cotton by weight, ...",0,0,0,0,0,0,0,0,0,0,0,0,,,,,,,,,,,,,,,0,0,0,0,0,0,0,0,0,0,0,0
'520790,"Cotton yarn containing predominantly, but < 85% cotton by weight, put up for retail sale (excl. ...",0,0,0,0,0,0,0,0,0,0,0,0,,,,,,,,,,,,,,,0,0,0,0,0,0,0,0,0,0,0,0
'520819,"Woven fabrics of cotton, containing >= 85% cotton by weight and weighing <= 200 g/m_, unbleached ...",0,0,0,0,0,0,0,0,0,0,0,0,,,,,,,,,,,,,,,0,0,0,0,0,0,0,0,0,0,0,0
'520832,"Plain woven fabrics of cotton, containing >= 85% cotton by weight and weighing > 100 g to 200 ...",0,0,0,0,0,0,0,0,0,0,0,0,,,,,,,,,,,,,,,0,0,0,0,0,0,0,0,0,0,0,0
'520859,"Woven fabrics of cotton, containing >= 85% cotton by weight and weighing <= 200 g/m_, printed ...",0,0,0,0,0,0,0,0,0,0,0,0,,,,,,,,,,,,,,,0,0,0,0,0,0,0,0,0,0,0,0
'520929,"Woven fabrics of cotton, containing >= 85% cotton by weight and weighing > 200 g/m_, bleached ...",0,0,0,0,0,0,0,0,0,0,0,0,,,,,,,,,,,,,,,0,0,0,0,0,0,0,0,0,0,0,0
'521039,"Woven fabrics of cotton, containing predominantly, but < 85% cotton by weight, mixed principally ...",0,0,0,0,0,0,0,0,0,0,0,0,,,,,,,,,,,,,,,0,0,0,0,0,0,0,0,0,0,0,0
'521111,"Plain woven fabrics of cotton, containing predominantly, but < 85% cotton by weight, mixed ...",0,0,0,0,0,0,0,0,0,0,0,0,,,,,,,,,,,,,,,0,0,0,0,0,0,0,0,0,0,0,0
'521152,"Woven fabrics of cotton, containing predominantly, but < 85% cotton by weight, mixed principally ...",0,0,0,0,0,0,0,0,0,0,0,0,,,,,,,,,,,,,,,0,0,0,0,0,0,0,0,0,0,0,0
'521211,"Woven fabrics of cotton, containing predominantly, but < 85% cotton by weight, other than those ...",0,0,0,0,0,0,0,0,0,0,0,0,,,,,,,,,,,,,,,0,0,0,0,0,0,0,0,0,0,0,0
'521221,"Woven fabrics of cotton, containing predominantly, but < 85% cotton by weight, other than those ...",0,0,0,0,0,0,0,0,0,0,0,0,,,,,,,,,,,,,,,0,0,0,0,0,0,0,0,0,0,0,0
'521222,"Woven fabrics of cotton, containing predominantly, but < 85% cotton by weight, other than those ...",0,0,0,0,0,0,0,0,0,0,0,0,,,,,,,,,,,,,,,0,0,0,0,0,0,0,0,0,0,0,0
'530919,"Woven fabrics of flax, containing >= 85% flax by weight, dyed, made of yarn of different colours, ...",0,0,0,0,0,0,0,0,0,0,0,0,,,,,,,,,,,,,,,0,0,0,0,0,0,0,0,0,0,0,0
'540244,"Synthetic filament elastomeric yarn, single, untwisted or with a twist of <= 50 turns per metre ...",0,0,0,0,0,0,0,0,0,0,0,0,,,,,,,,,,,,,,,0,0,0,0,0,0,0,0,0,0,0,0
'540246,"Filament yarn of polyester, incl. monofilament of < 67 decitex, single, untwisted or with a ...",0,0,0,0,0,0,0,0,0,0,0,0,,,,,,,,,,,,,,,0,0,0,0,0,0,0,0,0,0,0,0
'540310,High-tenacity yarn of viscose rayon filament (excl. sewing thread and yarn put up for retail ...,0,0,0,0,0,0,0,0,0,0,0,0,,,,,,,,,,,,,,,0,0,0,0,0,0,0,0,0,0,0,0
'540332,"Yarn of viscose rayon filament, incl. monofilament of < 67 decitex, single, with a twist of ...",0,0,0,0,0,0,0,0,0,0,0,0,,,,,,,,,,,,,,,0,0,0,0,0,0,0,0,0,0,0,0
'540720,"Woven fabrics of strip or the like, of synthetic filament, incl. monofilament of >= 67 decitex ...",0,0,0,0,0,0,0,0,0,0,0,0,,,,,,,,,,,,,,,0,0,0,0,0,0,0,0,0,0,0,0
'540751,"Woven fabrics of yarn containing >= 85% by weight of textured polyester filaments, incl. monofilament ...",0,0,0,0,0,0,0,0,0,0,0,0,,,,,,,,,,,,,,,0,0,0,0,0,0,0,0,0,0,0,0
'540833,"Woven fabrics of yarn containing predominantly, but < 85% artificial filament by weight, incl. ...",0,0,0,0,0,0,0,0,0,0,0,0,,,,,,,,,,,,,,,0,0,0,0,0,0,0,0,0,0,0,0
'550120,"Filament tow as specified in Note 1 to chapter 55, of polyesters",0,0,0,0,0,0,0,0,0,0,0,0,,,,,,,,,,,,,,,0,0,0,0,0,0,0,0,0,0,0,0
'550630,"Acrylic or modacrylic staple fibres, carded, combed or otherwise processed for spinning",0,0,0,0,0,0,0,0,0,0,0,0,,,,,,,,,,,,,,,0,0,0,0,0,0,0,0,0,0,0,0
'550991,"Yarn containing predominantly, but < 85% synthetic staple fibres by weight, mixed principally ...",0,0,0,0,0,0,0,0,0,0,0,0,,,,,,,,,,,,,,,0,0,0,0,0,0,0,0,0,0,0,0
'551120,"Yarn containing predominantly, but < 85% synthetic staple fibres by weight, put up for retail ...",0,0,0,0,0,0,0,0,0,0,0,0,,,,,,,,,,,,,,,0,0,0,0,0,0,0,0,0,0,0,0
'551211,"Woven fabrics containing >= 85% polyester staple fibres by weight, unbleached or bleached",0,0,0,0,0,0,0,0,0,0,0,0,,,,,,,,,,,,,,,0,0,0,0,0,0,0,0,0,0,0,0
'551331,"Plain woven fabrics containing predominantly, but < 85% polyester staple fibres by weight, ...",0,0,0,0,0,0,0,0,0,0,0,0,,,,,,,,,,,,,,,0,0,0,0,0,0,0,0,0,0,0,0
'551430,"Woven fabrics containing predominantly, but < 85% synthetic staple fibres by weight, mixed ...",0,0,0,0,0,0,0,0,0,0,0,0,,,,,,,,,,,,,,,0,0,0,0,0,0,0,0,0,0,0,0
'551623,"Woven fabrics containing predominantly, but < 85% artificial staple fibres, mixed principally ...",0,0,0,0,0,0,0,0,0,0,0,0,,,,,,,,,,,,,,,0,0,0,0,0,0,0,0,0,0,0,0
'560121,"Wadding of cotton and articles thereof (excl. sanitary towels and tampons, napkins and napkin ...",0,0,0,0,0,0,0,0,0,0,0,0,,,,,,,,,,,,,,,0,30,40,0,0,0,0,16,0,0,0,0
'560729,"Twine, cordage, ropes and cables, of sisal or other textile fibres of the genus Agave, whether ...",0,0,0,0,0,0,0,0,0,0,0,0,,,,,,,,,,,,,,,0,0,0,0,0,0,0,0,0,0,0,0
'570220,"Floor coverings of coconut fibres ""coir"", woven, whether or not made up",0,0,0,0,0,0,0,0,0,0,0,0,,,,,,,,,,,,,,,0,0,0,0,0,0,0,0,0,0,0,0
'570249,"Carpets and other floor coverings, of vegetable textile materials or coarse animal hair, woven, ...",0,0,0,0,0,0,0,0,0,0,0,0,,,,,,,,,,,,,,,0,0,0,0,0,0,0,0,0,0,0,0
'570291,"Carpets and other floor coverings, of wool or fine animal hair, woven, not tufted or flocked, ...",0,0,0,0,0,0,0,0,0,0,0,0,,,,,,,,,,,,,,,0,0,0,0,0,0,0,0,0,0,0,0
'570329,"Carpets and other floor coverings, of nylon or other polyamides, tufted ""needle punched"", whether ...",0,0,0,0,0,0,0,0,0,0,0,0,,,,,,,,,,,,,,,0,0,0,0,0,0,107,0,0,0,0,0
'570331,"Turf, of man-made textile materials, tufted ""needle punched"", whether or not made up (excl. ...",0,0,0,0,0,0,0,0,0,0,0,0,,,,,,,,,,,,,,,0,0,0,0,0,0,0,0,0,0,0,0
'580122,"Cut corduroy, of cotton (excl. terry towelling and similar woven terry fabrics, tufted textile ...",0,0,0,0,0,0,0,0,0,0,0,0,,,,,,,,,,,,,,,0,0,0,0,0,0,0,0,0,0,0,0
'580220,"Terry towelling and similar woven terry fabrics (excl. those of cotton, narrow woven fabrics ...",0,0,0,0,0,0,0,0,0,0,0,0,,,,,,,,,,,,,,,0,0,0,0,0,0,0,0,0,0,0,0
'580429,"Mechanically made lace in the piece, in strips or in motifs (excl. that of man-made fibres, ...",0,0,0,0,0,0,0,0,0,0,0,0,,,,,,,,,,,,,,,0,0,0,0,0,0,0,0,0,0,0,0
'580810,Braids in the piece,0,0,0,0,0,0,0,0,0,0,0,0,,,,,,,,,,,,,,,0,0,0,0,0,0,0,0,0,0,0,0
'581091,"Embroidery of cotton on a textile fabric ground, in the piece, in strips or in motifs (excl. ...",0,0,0,0,0,0,0,0,0,0,0,0,,,,,,,,,,,,,,,0,0,0,0,0,0,0,0,0,0,0,0
'590110,"Textile fabrics coated with gum or amylaceous substances, of a kind used for the outer covers ...",0,0,0,0,0,0,0,0,0,0,0,0,,,,,,,,,,,,,,,0,0,0,0,0,0,0,0,0,0,0,0
'590699,"Rubberised textile fabrics (excl. knitted or crocheted textile fabrics, adhesive tape of a ...",0,0,0,0,0,0,0,0,0,0,0,0,,,,,,,,,,,,,,,0,0,0,0,0,0,0,0,0,0,0,0
'600199,"Pile fabrics, knitted or crocheted (excl. cotton or man-made fibres and ""long pile"" fabrics)",0,0,0,0,0,0,0,0,0,0,0,0,,,,,,,,,,,,,,,0,0,0,0,0,0,0,0,0,0,0,0
'600390,"Knitted or crocheted fabrics of a width of <= 30 cm (excl. of cotton, man-made fibres, wool ...",0,0,0,0,0,0,0,0,0,0,0,0,,,,,,,,,,,,,,,0,0,0,0,0,0,0,0,0,0,0,0
'600521,"Unbleached or bleached cotton warp knit fabrics ""incl. those made on galloon knitting machines"", ...",0,0,0,0,0,0,0,0,0,0,0,0,,,,,,,,,,,,,,,0,0,0,0,0,0,0,0,0,0,0,0
'600523,"Cotton warp knit fabrics of yarns of different colours ""incl. those made on galloon knitting ...",0,0,0,0,0,0,0,0,0,0,0,0,,,,,,,,,,,,,,,0,0,0,0,0,0,0,0,0,0,0,0
'600537,"Dyed warp knit fabrics of synthetic fibres ""incl. those made on galloon knitting machines"", ...",0,0,0,0,0,0,0,0,0,0,0,0,,,,,,,,,,,,,,,0,0,0,0,0,0,0,0,0,0,0,0
'600610,"Fabrics, knitted or crocheted, of a width of > 30 cm, of wool or fine animal hair (excl. warp ...",0,0,0,0,0,0,0,0,0,0,0,0,,,,,,,,,,,,,,,0,0,0,0,0,0,0,0,0,0,0,0
'600631,"Unbleached or bleached fabrics, knitted or crocheted, of synthetic fibres, of a width of > ...",0,0,0,0,0,0,0,0,0,0,0,0,,,,,,,,,,,,,,,0,0,0,0,0,0,0,0,0,0,0,0
'600633,"Fabrics, knitted or crocheted, of synthetic fibres, of yarns of different colours, of a width ...",0,0,0,0,0,0,0,0,0,0,0,0,,,,,,,,,,,,,,,0,0,0,0,0,0,0,0,0,0,0,0
'610331,"Men's or boys' jackets and blazers of wool or fine animal hair, knitted or crocheted (excl. ...",0,0,0,0,0,0,0,0,0,0,0,0,,,,,,,,,,,,,,,0,0,0,0,0,0,0,0,0,0,0,0
'610333,"Men's or boys' jackets and blazers of synthetic fibres, knitted or crocheted (excl. wind-jackets ...",0,0,0,0,0,0,0,0,0,0,0,0,,,,,,,,,,,,,,,0,0,0,0,0,0,0,0,0,0,0,0
'610349,"Men's or boys' trousers, bib and brace overalls, breeches and shorts of textile materials, ...",0,0,0,0,0,0,0,0,0,0,0,0,,,,,,,,,,,,,,,0,0,0,0,0,0,0,0,0,0,0,0
'610423,"Women's or girls' ensembles of synthetic fibres, knitted or crocheted (excl. ski ensembles ...",0,0,0,0,0,0,0,0,0,0,0,0,,,,,,,,,,,,,,,0,0,0,0,0,0,0,0,3,0,0,0
'610443,"Women's or girls' dresses of synthetic fibres, knitted or crocheted (excl. petticoats)",0,0,0,0,0,0,0,0,0,0,0,0,,,,,,,,,,,,,,,2,6,4,3,7,4,17,15,19,4,8,5
'610463,"Women's or girls' trousers, bib and brace overalls, breeches and shorts of synthetic fibres, ...",0,0,0,0,0,0,0,0,0,0,0,0,,,,,,,,,,,,,,,13,13,9,14,16,9,10,16,18,11,7,24
'610620,"Women's or girls' blouses, shirts and shirt-blouses of man-made fibres, knitted or crocheted ...",0,0,0,0,0,0,0,0,0,0,0,0,,,,,,,,,,,,,,,9,7,3,8,22,20,7,6,2,13,8,15
'610712,"Men's or boys' underpants and briefs of man-made fibres, knitted or crocheted",0,0,0,0,0,0,0,0,0,0,0,0,,,,,,,,,,,,,,,0,1,0,0,0,0,0,0,0,0,0,0
'610722,"Men's or boys' nightshirts and pyjamas of man-made fibres, knitted or crocheted (excl. vests ...",0,0,0,0,0,0,0,0,0,0,0,0,,,,,,,,,,,,,,,0,0,0,0,0,0,0,0,0,0,0,0
'610892,"Women's or girls' négligés, bathrobes, dressing gowns, housejackets and similar articles of ...",0,0,0,0,0,0,0,0,0,0,0,0,,,,,,,,,,,,,,,0,0,0,0,2,0,3,1,0,0,1,0
'610910,"T-shirts, singlets and other vests of cotton, knitted or crocheted",0,0,0,0,0,0,0,0,0,0,0,0,,,,,,,,,,,,,,,38,75,27,39,57,35,80,72,230,198,36,33
'611019,"Jerseys, pullovers, cardigans, waistcoats and similar articles, of fine animal hair, knitted ...",0,0,0,0,0,0,0,0,0,0,0,0,,,,,,,,,,,,,,,0,0,0,0,0,0,0,0,0,0,0,0
'611231,"Men's or boys' swimwear of synthetic fibres, knitted or crocheted",0,0,0,0,0,0,0,0,0,0,0,0,,,,,,,,,,,,,,,0,0,0,0,0,0,0,1,1,0,0,0
'611249,"Women's or girls' swimwear of textile materials, knitted or crocheted (excl. synthetic fibres)",0,0,0,0,0,0,0,0,0,0,0,0,,,,,,,,,,,,,,,0,0,0,0,0,0,0,0,0,0,0,0
'611420,"Special garments for professional, sporting or other purposes, n.e.s., of cotton, knitted or ...",0,0,0,0,0,0,0,0,0,0,0,0,,,,,,,,,,,,,,,8,15,7,7,11,9,26,22,35,6,8,12
'611522,"Pantyhose and tights of synthetic fibres, knitted or crocheted, measuring per single yarn >= ...",0,0,0,0,0,0,0,0,0,0,0,0,,,,,,,,,,,,,,,0,0,0,0,0,0,0,0,0,0,0,0
'611596,"Full-length or knee-length stockings, socks and other hosiery, incl. footwear without applied ...",0,0,0,0,0,0,0,0,0,0,0,0,,,,,,,,,,,,,,,26,29,15,6,60,37,0,39,0,0,73,35
'620220,"Women's or girls' overcoats, car-coats, capes, cloaks, anoraks, incl. ski jackets, wind-cheaters, ...",0,0,0,0,0,0,0,0,0,0,0,0,,,,,,,,,,,,,,,0,4,0,0,0,0,0,0,0,0,7,0
'620240,"Women's or girls' overcoats, car-coats, capes, cloaks, anoraks, incl. ski jackets, wind-cheaters, ...",0,0,0,0,0,0,0,0,0,0,0,0,,,,,,,,,,,,,,,20,21,7,8,36,7,2,0,1,15,5,14
'620349,"Men's or boys' trousers, bib and brace overalls, breeches and shorts of textile materials (excl. ...",0,0,0,0,0,0,0,0,0,0,0,0,,,,,,,,,,,,,,,0,0,0,0,0,0,3,1,0,0,0,0
'620433,"Women's or girls' jackets and blazers of synthetic fibres (excl. knitted or crocheted, wind-jackets ...",0,0,0,0,0,0,0,0,0,0,0,0,,,,,,,,,,,,,,,6,3,0,0,0,0,0,4,0,0,0,0
'620453,Women's or girls' skirts and divided skirts of synthetic fibres (excl. knitted or crocheted ...,0,0,0,0,0,0,0,0,0,0,0,0,,,,,,,,,,,,,,,4,2,2,5,14,7,2,2,4,2,4,2
'620461,"Women's or girls' trousers, bib and brace overalls, breeches and shorts of wool or fine animal ...",0,0,0,0,0,0,0,0,0,0,0,0,,,,,,,,,,,,,,,9,0,0,0,0,0,0,0,0,0,0,0
'620829,Women's or girls' nightdresses and pyjamas of textile materials (excl. cotton and man-made ...,0,0,0,0,0,0,0,0,0,0,0,0,,,,,,,,,,,,,,,0,0,0,0,0,0,0,0,0,0,0,0
'620891,"Women's or girls' singlets and other vests, briefs, panties, négligés, bathrobes, dressing ...",0,0,0,0,0,0,0,0,0,0,0,0,,,,,,,,,,,,,,,0,0,0,0,0,0,0,0,2,0,0,0
'620930,Babies' garments and clothing accessories of synthetic fibres (excl. knitted or crocheted and ...,0,0,0,0,0,0,0,0,0,0,0,0,,,,,,,,,,,,,,,0,0,0,0,0,0,0,0,1,0,0,0
'621112,Women's or girls' swimwear (excl. knitted or crocheted),0,0,0,0,0,0,0,0,0,0,0,0,,,,,,,,,,,,,,,0,0,0,0,0,0,0,0,0,0,0,0
'630120,"Blankets and travelling rugs of wool or fine animal hair (excl. electric, table covers, bedspreads ...",0,0,0,0,0,0,0,0,0,0,0,0,,,,,,,,,,,,,,,0,0,0,0,0,0,0,0,15,0,0,0
'630190,"Blankets and travelling rugs of textile materials (excl. of wool or fine animal hair, cotton ...",0,0,0,0,0,0,0,0,0,0,0,0,,,,,,,,,,,,,,,0,0,0,0,0,0,0,0,0,0,0,0
'630251,Table linen of cotton (excl. knitted or crocheted),0,0,0,0,0,0,0,0,0,0,0,0,,,,,,,,,,,,,,,0,0,0,0,0,0,7,0,2,0,0,0
'630291,"Toilet linen and kitchen linen of cotton (excl. of terry fabrics, floorcloths, polishing cloths, ...",0,0,0,0,0,0,0,0,0,0,0,0,,,,,,,,,,,,,,,0,0,0,0,0,0,0,0,0,0,0,0
'630319,"Curtains, incl. drapes, and interior blinds, curtain or bed valances, knitted or crocheted ...",0,0,0,0,0,0,0,0,0,0,0,0,,,,,,,,,,,,,,,0,0,0,0,0,0,0,0,0,0,0,0
'630391,"Curtains, incl. drapes, and interior blinds, curtain or bed valances of cotton (excl. knitted ...",0,0,0,0,0,0,0,0,0,0,0,0,,,,,,,,,,,,,,,0,0,0,0,0,0,0,0,0,0,0,0
'630539,"Sacks and bags, for the packing of goods, of man-made textile materials (excl. of polyethylene ...",0,0,0,0,0,0,0,0,0,0,0,0,,,,,,,,,,,,,,,13,3,0,0,3,1,4,0,3,2,0,0
'630720,"Life jackets and life belts, of all types of textile materials",0,0,0,0,0,0,0,0,0,0,0,0,,,,,,,,,,,,,,,0,0,0,0,0,0,0,0,0,0,0,0
'630790,"Made-up articles of textile materials, incl. dress patterns, n.e.s.",0,0,0,0,0,0,0,0,0,0,0,0,,,,,,,,,,,,,,,228,205,148,184,222,219,243,147,177,158,185,310
'640220,"Footwear with outer soles and uppers of rubber or plastics, with upper straps or thongs assembled ...",0,0,0,0,0,0,0,0,0,0,0,0,,,,,,,,,,,,,,,0,0,0,0,0,0,0,0,0,0,0,0
'640312,"Ski-boots, cross-country ski footwear and snowboard boots, with outer soles of rubber, plastics, ...",0,0,0,0,0,0,0,0,0,0,0,0,,,,,,,,,,,,,,,0,0,0,0,0,0,0,0,0,0,0,0
'640351,"Footwear with outer soles and uppers of leather, covering the ankle (excl. incorporating a ...",0,0,0,0,0,0,0,0,0,0,0,0,,,,,,,,,,,,,,,40,0,0,15,0,18,0,0,11,0,0,8
'640419,Footwear with outer soles of rubber or plastics and uppers of textile materials (excl. sports ...,0,0,0,0,0,0,0,0,0,0,0,0,,,,,,,,,,,,,,,42,28,61,19,148,53,42,86,63,40,100,61
'660110,Garden or similar umbrellas (excl. beach tents),0,0,0,0,0,0,0,0,0,0,0,0,,,,,,,,,,,,,,,0,0,0,0,0,0,0,0,0,0,0,0
'680530,"Natural or artificial abrasive powder or grain, on a base of materials other than woven textile ...",0,0,0,0,0,0,0,0,0,0,0,0,,,,,,,,,,,,,,,0,4,0,0,5,0,0,3,3,11,3,9
'680690,"Mixtures and articles of heat-insulating, sound-insulating or sound absorbing mineral materials ...",0,0,0,0,0,0,0,0,0,0,0,0,,,,,,,,,,,,,,,0,0,0,0,0,0,0,0,0,3,0,0
'681599,"Articles of stone or of other mineral substances, n.e.s.",0,0,0,0,0,0,0,0,0,0,0,0,,,,,,,,,,,,,,,0,50,0,0,0,65,0,21,62,17,71,108
'690911,"Ceramic wares for laboratory, chemical or other technical uses, of porcelain or china (excl. ...",0,0,0,0,0,0,0,0,0,0,0,0,,,,,,,,,,,,,,,0,0,0,0,0,0,0,0,0,0,0,0
'691190,"Household and toilet articles, of porcelain or china (excl. tableware and kitchenware, baths, ...",0,0,0,0,0,0,0,0,0,0,0,0,,,,,,,,,,,,,,,0,0,0,0,0,0,0,0,0,0,0,0
'691310,"Statuettes and other ornamental articles of porcelain or china, n.e.s.",0,0,0,0,0,0,0,0,0,0,0,0,,,,,,,,,,,,,,,0,0,0,0,0,0,0,0,0,0,0,0
'700220,"Rods of glass, unworked",0,0,0,0,0,0,0,0,0,0,0,0,,,,,,,,,,,,,,,0,0,0,0,0,0,0,0,0,0,0,0
'700319,"Cast glass and rolled glass, in non-wired sheets, not otherwise worked (excl. glass coloured ...",0,0,0,0,0,0,0,0,0,0,0,0,,,,,,,,,,,,,,,0,0,0,0,0,0,0,0,0,0,0,0
'700529,"Float glass and surface ground and polished glass, in sheets, but not otherwise worked (excl. ...",0,0,0,0,0,0,0,0,0,0,0,0,,,,,,,,,,,,,,,0,0,0,0,0,0,0,0,0,0,0,0
'701110,"Glass envelopes, incl. bulbs and tubes, open, and glass parts thereof, without fittings, for ...",0,0,0,0,0,0,0,0,0,0,0,0,,,,,,,,,,,,,,,0,0,0,0,0,0,0,0,0,0,0,0
'701610,"Glass cubes and other glass smallwares, whether or not on a backing, for mosaics or similar ...",0,0,0,0,0,0,0,0,0,0,0,0,,,,,,,,,,,,,,,0,0,0,0,0,0,0,0,0,0,0,0
'701720,"Laboratory, hygienic or pharmaceutical glassware, whether or not graduated or calibrated, having ...",0,0,0,0,0,0,0,0,0,0,0,0,,,,,,,,,,,,,,,0,0,0,0,0,0,0,0,0,0,0,0
'701820,Glass microspheres <= 1 mm in diameter,0,0,0,0,0,0,0,0,0,0,0,0,,,,,,,,,,,,,,,0,0,97,168,166,131,213,0,209,0,176,0
'701961,Closed woven fabrics of rovings of glass fibres,0,0,0,0,0,0,0,0,0,0,0,0,,,,,,,,,,,,,,,0,0,0,0,0,0,0,0,0,0,0,0
'701963,"Closed woven fabrics, plain weave, of glass fibre yarns (excl. coated or laminated)",0,0,0,0,0,0,0,0,0,0,0,0,,,,,,,,,,,,,,,0,0,0,0,0,0,0,0,0,0,0,0
'710812,"Gold, incl. gold plated with platinum, unwrought, for non-monetary purposes (excl. gold in ...",0,0,0,0,0,0,0,0,0,0,0,0,,,,,,,,,,,,,,,276624,349674,367090,308611,305273,371756,423002,365184,393314,593999,448809,530232
'711031,"Rhodium, unwrought or in powder form",0,0,0,0,0,0,0,0,0,0,0,0,,,,,,,,,,,,,,,0,0,0,0,0,0,0,0,0,0,0,0
'720120,"Non-alloy pig iron in pigs, blocks or other primary forms, containing by weight >= 0,5% phosphorus",0,0,0,0,0,0,0,0,0,0,0,0,,,,,,,,,,,,,,,0,0,0,0,0,0,0,0,0,0,0,0
'720249,"Ferro-chromium, containing by weight <= 4% of carbon",0,0,0,0,0,0,0,0,0,0,0,0,,,,,,,,,,,,,,,0,0,0,0,0,0,0,0,0,0,0,0
'720390,"Spongy ferrous products, obtained from molten pig iron by atomisation, iron of a purity of ...",0,0,0,0,0,0,0,0,0,0,0,0,,,,,,,,,,,,,,,0,0,0,0,0,0,0,0,0,0,0,0
'720711,"Semi-finished products of iron or non-alloy steel containing, by weight, < 0,25% of carbon, ...",0,0,0,0,0,0,0,0,0,0,0,0,,,,,,,,,,,,,,,0,0,0,0,0,0,0,0,0,0,0,0
'720810,"Flat-rolled products of iron or non-alloy steel, of a width of >= 600 mm, in coils, simply ...",0,0,0,0,0,0,0,0,0,0,0,0,,,,,,,,,,,,,,,0,0,0,0,0,0,0,0,0,0,0,0
'720827,"Flat-rolled products of iron or non-alloy steel, of a width of >= 600 mm, in coils, simply ...",0,0,0,0,0,0,0,0,0,0,0,0,,,,,,,,,,,,,,,0,0,0,0,0,0,0,0,0,0,0,0
'720838,"Flat-rolled products of iron or non-alloy steel, of a width of >= 600 mm, in coils, simply ...",0,0,0,0,0,0,0,0,0,0,0,0,,,,,,,,,,,,,,,0,0,0,0,0,0,0,0,0,0,0,0
'720925,"Flat-rolled products of iron or non-alloy steel, of a width of >= 600 mm, not in coils, simply ...",0,0,0,0,0,0,0,0,0,0,0,0,,,,,,,,,,,,,,,0,0,0,0,0,0,0,0,0,0,0,0
'721061,"Flat-rolled products of iron or non-alloy steel, of a width of >= 600 mm, hot-rolled or cold-rolled ...",0,0,0,0,0,0,0,0,0,0,0,0,,,,,,,,,,,,,,,0,0,0,0,0,0,0,0,0,0,0,0
'721113,"Flat-rolled products of iron or non-alloy steel, simply hot-rolled on four faces or in a closed ...",0,0,0,0,0,0,0,0,0,0,0,0,,,,,,,,,,,,,,,0,0,0,0,0,0,0,0,0,0,0,0
'721210,"Flat-rolled products of iron or non-alloy steel, of a width of < 600 mm, hot-rolled or cold-rolled ...",0,0,0,0,0,0,0,0,0,0,0,0,,,,,,,,,,,,,,,0,0,0,0,0,0,0,0,0,0,0,0
'721399,"Bars and rods, hot-rolled, in irregularly wound coils, of iron or non-alloy steel (excl. products ...",0,0,0,0,0,0,0,0,0,0,0,0,,,,,,,,,,,,,,,0,0,0,0,0,0,0,0,0,0,0,0
'721491,"Bars and rods, of iron or non-alloy steel, not further worked than hot-rolled, hot-drawn or ...",0,0,0,0,0,0,0,0,0,0,0,0,,,,,,,,,,,,,,,0,0,0,0,0,0,0,0,0,0,0,0
'721510,"Bars and rods, of non-alloy free-cutting steel, not further worked than cold-formed or col ...",0,0,0,0,0,0,0,0,0,0,0,0,,,,,,,,,,,,,,,0,0,0,0,0,0,0,0,0,0,0,0
'721633,"H sections of iron or non-alloy steel, not further worked than hot-rolled, hot-drawn or hot-extruded, ...",0,0,0,0,0,0,0,0,0,0,0,0,,,,,,,,,,,,,,,0,0,0,0,0,0,0,0,0,0,0,0
'721669,"Angles, shapes and sections, of iron or non-alloy steel, not further worked than cold-formed ...",0,0,0,0,0,0,0,0,0,0,0,0,,,,,,,,,,,,,,,0,0,0,0,0,0,0,0,0,0,0,0
'721891,"Semi-finished products of stainless steel, of rectangular ""other than square"" cross-section",0,0,0,0,0,0,0,0,0,0,0,0,,,,,,,,,,,,,,,0,0,0,0,0,0,0,0,0,0,0,0
'721911,"Flat-rolled products of stainless steel, of a width of >= 600 mm, not further worked than hot-rolled, ...",0,0,0,0,0,0,0,0,0,0,0,0,,,,,,,,,,,,,,,0,0,0,0,0,0,0,0,0,0,0,0
'722020,"Flat-rolled products of stainless steel, of a width of < 600 mm, not further worked than cold-rolled ...",0,0,0,0,0,0,0,0,0,0,0,0,,,,,,,,,,,,,,,0,0,0,0,0,0,0,0,0,0,0,0
'722219,"Bars and rods of stainless steel, only hot-rolled, only hot-drawn or only extruded (excl. of ...",0,0,0,0,0,0,0,0,0,0,0,0,,,,,,,,,,,,,,,0,0,0,0,0,0,0,0,0,0,0,0
'722230,"Other bars and rods of stainless steel, cold-formed or cold-finished and further worked, or ...",0,0,0,0,0,0,0,0,0,0,0,0,,,,,,,,,,,,,,,0,0,0,0,0,0,0,0,0,0,0,0
'722490,Semi-finished products of alloy steel other than stainless,0,0,0,0,0,0,0,0,0,0,0,0,,,,,,,,,,,,,,,0,0,0,0,0,0,0,0,0,0,0,0
'722620,"Flat-rolled products of high-speed steel, of a width of <= 600 mm, hot-rolled or cold-rolled ...",0,0,0,0,0,0,0,0,0,0,0,0,,,,,,,,,,,,,,,0,0,0,0,0,0,0,0,0,0,0,0
'722692,"Flat-rolled products of alloy steel other than stainless, of a width of < 600 mm, not further ...",0,0,0,0,0,0,0,0,0,0,0,0,,,,,,,,,,,,,,,0,0,0,0,0,0,0,0,0,0,0,0
'722830,"Bars and rods of alloy steel other than stainless, not further worked than hot-rolled, hot-drawn ...",0,0,0,0,0,0,0,0,0,0,0,0,,,,,,,,,,,,,,,1335,700,793,924,1164,0,0,0,60,0,0,0
'730441,"Tubes, pipes and hollow profiles, seamless, of circular cross-section, of stainless steel, ...",0,0,0,0,0,0,0,0,0,0,0,0,,,,,,,,,,,,,,,0,0,0,0,0,0,0,0,8,0,14,5
'730451,"Tubes, pipes and hollow profiles, seamless, of circular cross-section, of alloy steel other ...",0,0,0,0,0,0,0,0,0,0,0,0,,,,,,,,,,,,,,,104,62,0,395,274,0,0,0,0,213,0,0
'730711,Tube or pipe fittings of non-malleable cast iron,0,0,0,0,0,0,0,0,0,0,0,0,,,,,,,,,,,,,,,0,0,0,0,0,0,0,0,0,0,0,0
'730722,"Threaded elbows, bends and sleeves of stainless steel (excl. cast products)",0,0,0,0,0,0,0,0,0,0,0,0,,,,,,,,,,,,,,,0,2,0,19,0,9,176,13,0,14,9,50
'730820,"Towers and lattice masts, of iron or steel",0,0,0,0,0,0,0,0,0,0,0,0,,,,,,,,,,,,,,,0,0,0,0,0,0,0,0,0,0,0,0
'730900,"Reservoirs, tanks, vats and similar containers, of iron or steel, for any material ""other than ...",0,0,0,0,0,0,0,0,0,0,0,0,,,,,,,,,,,,,,,443,694,463,206,233,401,198,0,268,24,34,177
'731300,"Barbed wire of iron or steel; twisted hoop or single flat wire, barbed or not, and loosely ...",0,0,0,0,0,0,0,0,0,0,0,0,,,,,,,,,,,,,,,0,0,0,0,0,0,0,0,0,0,0,0
'731431,"Grill, netting and fencing, of iron or steel wire, welded at the intersection, plated or coated ...",0,0,0,0,0,0,0,0,0,0,0,0,,,,,,,,,,,,,,,0,0,0,0,0,0,0,0,0,0,0,0
'731441,"Grill, netting and fencing, of iron or steel wire, not welded at the intersection, plated or ...",0,0,0,0,0,0,0,0,0,0,0,0,,,,,,,,,,,,,,,0,0,0,0,0,0,0,0,0,0,0,0
'731450,"Expanded metal, of iron or steel",0,0,0,0,0,0,0,0,0,0,0,0,,,,,,,,,,,,,,,65,184,191,116,111,0,261,203,59,158,0,0
'731519,"Parts of articulated link chain, of iron or steel",0,0,0,0,0,0,0,0,0,0,0,0,,,,,,,,,,,,,,,4,85,0,1,12,10,84,2,0,49,0,0
'731582,"Welded link chain of iron or steel (excl. articulated link chain, skid chain and stud-link ...",0,0,0,0,0,0,0,0,0,0,0,0,,,,,,,,,,,,,,,52,0,61,52,45,53,9,43,13,0,3,0
'731819,"Threaded articles, of iron or steel, n.e.s.",0,0,0,0,0,0,0,0,0,0,0,0,,,,,,,,,,,,,,,12,13,18,28,10,15,23,27,9,56,12,7
'731821,"Spring washers and other lock washers, of iron or steel",0,0,0,0,0,0,0,0,0,0,0,0,,,,,,,,,,,,,,,19,4,14,14,4,2,13,8,9,9,25,35
'731823,Rivets of iron or steel (excl. tubular and bifurcated rivets for particular uses),0,0,0,0,0,0,0,0,0,0,0,0,,,,,,,,,,,,,,,1,0,1,0,0,0,0,0,4,3,0,0
'732189,"Stoves, heaters, grates, fires, wash boilers, braziers and similar domestic appliances, of ...",0,0,0,0,0,0,0,0,0,0,0,0,,,,,,,,,,,,,,,123,0,87,196,49,0,44,7,0,0,0,143
'732219,"Radiators for central heating, non-electrically heated, and parts thereof, of iron other than ...",0,0,0,0,0,0,0,0,0,0,0,0,,,,,,,,,,,,,,,0,0,0,0,0,0,0,0,0,0,0,0
'732399,"Table, kitchen or other household articles, and parts thereof, of iron other than cast iron ...",0,0,0,0,0,0,0,0,0,0,0,0,,,,,,,,,,,,,,,13,7,99,74,3,44,4,101,56,5,15,66
'732421,"Baths of cast iron, whether or not enamelled",0,0,0,0,0,0,0,0,0,0,0,0,,,,,,,,,,,,,,,0,0,0,0,0,0,0,0,0,0,0,0
'732599,"Cast articles of iron or steel, n.e.s. (excl. articles of non-malleable cast iron, and grinding ...",0,0,0,0,0,0,0,0,0,0,0,0,,,,,,,,,,,,,,,0,83,2,12,0,0,0,0,0,0,0,0
'732611,"Grinding balls and similar articles for mills, of iron or steel, forged or stamped, but not ...",0,0,0,0,0,0,0,0,0,0,0,0,,,,,,,,,,,,,,,0,0,0,0,0,0,0,0,0,0,0,0
'732620,"Articles of iron or steel wire, n.e.s.",0,0,0,0,0,0,0,0,0,0,0,0,,,,,,,,,,,,,,,33,30,51,48,40,47,38,87,9,16,23,1
'740811,"Wire of refined copper, with a maximum cross-sectional dimension of > 6 mm",0,0,0,0,0,0,0,0,0,0,0,0,,,,,,,,,,,,,,,0,0,0,0,0,0,0,0,0,0,0,0
'740829,"Wire of copper alloys (other than copper-zinc alloys [brass], copper-nickel alloys [cupro-nickel] ...",0,0,0,0,0,0,0,0,0,0,0,0,,,,,,,,,,,,,,,0,0,0,0,0,0,0,0,0,0,0,0
'740919,"Plates, sheets and strip, of refined copper, not in coils, of a thickness of > 0,15 mm (excl. ...",0,0,0,0,0,0,0,0,0,0,0,0,,,,,,,,,,,,,,,0,0,0,0,0,0,0,0,0,0,0,0
'740931,"Plates, sheets and strip, of copper-tin base alloys ""bronze"", of a thickness of > 0,15 mm, ...",0,0,0,0,0,0,0,0,0,0,0,0,,,,,,,,,,,,,,,0,0,0,0,0,0,0,0,0,0,0,0
'741129,"Tubes and pipes of copper alloys (excl. copper-zinc base alloys ""brass"", copper-nickel base ...",0,0,0,0,0,0,0,0,0,0,0,0,,,,,,,,,,,,,,,0,0,0,0,0,0,0,0,0,0,0,0
'750512,"Bars, rods, profiles and wire, of nickel alloys, n.e.s. (excl. electrically insulated products)",0,0,0,0,0,0,0,0,0,0,0,0,,,,,,,,,,,,,,,0,0,0,0,0,0,0,0,0,0,0,0
'760200,"Waste and scrap, of aluminium (excl. slags, scale and the like from iron and steel production, ...",0,0,0,0,0,0,0,0,0,0,0,0,,,,,,,,,,,,,,,0,0,0,0,0,0,0,0,261,233,1233,1406
'760720,"Aluminium foil, backed, of a thickness (excl. any backing) of <= 0,2 mm (excl. stamping foils ...",0,0,0,0,0,0,0,0,0,0,0,0,,,,,,,,,,,,,,,142,99,41,103,64,40,157,75,121,89,178,93
'761010,"Doors, windows and their frames and thresholds for door, of aluminium (excl. door furniture)",0,0,0,0,0,0,0,0,0,0,0,0,,,,,,,,,,,,,,,36,122,148,580,0,164,20,72,142,169,0,27
'761100,"Reservoirs, tanks, vats and similar containers, of aluminium, for any material (other than ...",0,0,0,0,0,0,0,0,0,0,0,0,,,,,,,,,,,,,,,0,0,0,0,0,0,0,0,0,0,0,0
'780419,"Lead plates; lead sheets, strip and foil, of a thickness ""excl. any backing"" of > 0,2 mm",0,0,0,0,0,0,0,0,0,0,0,0,,,,,,,,,,,,,,,0,0,0,0,0,0,0,0,0,0,0,0
'790111,"Unwrought zinc, not alloyed, containing by weight >= 99,99% of zinc",0,0,0,0,0,0,0,0,0,0,0,0,,,,,,,,,,,,,,,0,0,0,0,0,0,0,0,0,0,0,0
'790390,"Zinc powders and flakes (excl. grains of zinc, and spangles of heading 8308, and zinc dust)",0,0,0,0,0,0,0,0,0,0,0,0,,,,,,,,,,,,,,,0,0,0,0,0,0,0,0,0,0,0,0
'790500,"Zinc plates, sheets, strip and foil",0,0,0,0,0,0,0,0,0,0,0,0,,,,,,,,,,,,,,,0,0,0,0,0,0,0,0,0,0,0,0
'810110,Tungsten powders,0,0,0,0,0,0,0,0,0,0,0,0,,,,,,,,,,,,,,,0,0,0,0,0,0,0,0,0,0,0,0
'810295,"Molybdenum bars and rods (other than those obtained simply by sintering), profiles, plates, ...",0,0,0,0,0,0,0,0,0,0,0,0,,,,,,,,,,,,,,,0,0,0,0,0,0,0,0,0,0,0,0
'810411,"Unwrought magnesium, containing >= 99,8% by weight of magnesium",0,0,0,0,0,0,0,0,0,0,0,0,,,,,,,,,,,,,,,0,0,0,0,0,0,0,0,0,0,0,0
'820140,"Axes, billhooks and similar hewing tools, with working parts of base metal (excl. ice axes)",0,0,0,0,0,0,0,0,0,0,0,0,,,,,,,,,,,,,,,0,0,0,4,0,0,0,0,0,0,0,0
'820320,"Pliers, incl. cutting pliers, pincers and tweezers for non-medical use and similar hand tools, ...",0,0,0,0,0,0,0,0,0,0,0,0,,,,,,,,,,,,,,,5,13,0,3,2,3,11,12,19,0,2,1
'820730,"Interchangeable tools for pressing, stamping or punching",0,0,0,0,0,0,0,0,0,0,0,0,,,,,,,,,,,,,,,0,0,72,30,0,0,136,0,98,0,0,0
'830160,"Parts of padlocks, locks, clasps and frames with clasps, incorporating locks, of base metal, ...",0,0,0,0,0,0,0,0,0,0,0,0,,,,,,,,,,,,,,,72,36,2,86,32,2,12,6,0,34,3,80
'830220,Castors with mountings of base metal,0,0,0,0,0,0,0,0,0,0,0,0,,,,,,,,,,,,,,,16,34,16,8,27,16,14,28,25,35,11,15
'830300,"Armoured or reinforced safes, strongboxes and doors and safe deposit lockers for strongrooms, ...",0,0,0,0,0,0,0,0,0,0,0,0,,,,,,,,,,,,,,,0,0,0,0,0,0,0,0,323,0,0,0
'830610,"Bells, gongs and the like, non-electric, of base metal (excl. musical instruments)",0,0,0,0,0,0,0,0,0,0,0,0,,,,,,,,,,,,,,,0,0,0,0,0,0,0,0,0,0,0,0
'830710,"Flexible tubing of iron or steel, with or without fittings",0,0,0,0,0,0,0,0,0,0,0,0,,,,,,,,,,,,,,,0,72,19,124,7,182,19,0,74,77,0,50
'831110,"Coated electrodes of base metal, for electric arc-welding",0,0,0,0,0,0,0,0,0,0,0,0,,,,,,,,,,,,,,,0,0,0,0,0,0,0,0,0,0,0,100
'840140,"Parts of nuclear reactors, n.e.s. [Euratom]",0,0,0,0,0,0,0,0,0,0,0,0,,,,,,,,,,,,,,,0,0,0,0,0,0,0,0,0,0,0,0
'840690,"Parts of steam and other vapour turbines, n.e.s.",0,0,0,0,0,0,0,0,0,0,0,0,,,,,,,,,,,,,,,0,0,0,0,0,0,0,0,0,0,0,0
'840991,Parts suitable for use solely or principally with spark-ignition internal combustion piston ...,0,0,0,0,0,0,0,0,0,0,0,0,,,,,,,,,,,,,,,2793,3625,3249,3162,2882,4327,3426,3650,3390,3489,3370,2968
'841121,Turbopropellers of a power <= 1.100 kW,0,0,0,0,0,0,0,0,0,0,0,0,,,,,,,,,,,,,,,0,0,0,0,0,0,0,0,0,0,0,0
'841182,Gas turbines of a power > 5.000 kW (excl. turbojets and turbopropellers),0,0,0,0,0,0,0,0,0,0,0,0,,,,,,,,,,,,,,,0,0,0,0,0,0,0,0,0,0,0,0
'841239,Pneumatic power engines and motors (excl. linear acting),0,0,0,0,0,0,0,0,0,0,0,0,,,,,,,,,,,,,,,19,20,26,0,16,24,16,37,18,20,14,19
'841280,"Engines and motors (excl. steam turbines, internal combustion piston engine, hydraulic turbines, ...",0,0,0,0,0,0,0,0,0,0,0,0,,,,,,,,,,,,,,,0,0,0,48,14,0,0,0,0,0,0,39
'841330,"Fuel, lubricating or cooling medium pumps for internal combustion piston engine",0,0,0,0,0,0,0,0,0,0,0,0,,,,,,,,,,,,,,,164,163,201,849,236,333,150,378,79,245,68,56
'841430,Compressors for refrigerating equipment,0,0,0,0,0,0,0,0,0,0,0,0,,,,,,,,,,,,,,,42,21,413,41,6,13,0,0,261,64,7,1
'841459,"Fans (excl. table, floor, wall, window, ceiling or roof fans, with a self-contained electric ...",0,0,0,0,0,0,0,0,0,0,0,0,,,,,,,,,,,,,,,236,69,77,44,49,821,312,326,178,203,90,140
'841470,Gas-tight biological safety cabinets,0,0,0,0,0,0,0,0,0,0,0,0,,,,,,,,,,,,,,,0,0,0,0,0,0,0,0,0,0,0,0
'841790,"Parts of industrial or laboratory furnaces, non-electric, incl. incinerators, n.e.s.",0,0,0,0,0,0,0,0,0,0,0,0,,,,,,,,,,,,,,,0,0,0,189,0,0,0,0,0,0,0,0
'841861,Heat pumps (excl. air conditioning machines of heading 8415),0,0,0,0,0,0,0,0,0,0,0,0,,,,,,,,,,,,,,,0,0,0,0,0,0,0,0,0,0,0,0
'841891,Furniture designed to receive refrigerating or freezing equipment,0,0,0,0,0,0,0,0,0,0,0,0,,,,,,,,,,,,,,,0,0,0,0,0,0,0,0,0,0,0,0
'841934,"Dryers, for agricultural products (excl. lyophilisation apparatus, freeze drying units and ...",0,0,0,0,0,0,0,0,0,0,0,0,,,,,,,,,,,,,,,0,0,0,0,0,0,0,0,0,0,0,0
'842091,Cylinders for calendering or other rolling machines (other than for metals or glass),0,0,0,0,0,0,0,0,0,0,0,0,,,,,,,,,,,,,,,0,0,0,0,0,0,0,0,0,0,0,0
'842199,"Parts of machinery and apparatus for filtering or purifying liquids or gases, n.e.s.",0,0,0,0,0,0,0,0,0,0,0,0,,,,,,,,,,,,,,,943,959,538,730,925,492,808,1421,755,682,614,1105
'842219,Dishwashing machines (excl. those of the household type),0,0,0,0,0,0,0,0,0,0,0,0,,,,,,,,,,,,,,,0,0,0,0,0,0,0,0,0,0,0,0
'842230,"Machinery for filling, closing, sealing or labelling bottles, cans, boxes, bags or other containers; ...",0,0,0,0,0,0,0,0,0,0,0,0,,,,,,,,,,,,,,,0,628,1366,583,1266,1337,816,238,1798,586,470,751
'842430,"Steam or sand blasting machines and similar jet projecting machines, incl. water cleaning appliances ...",0,0,0,0,0,0,0,0,0,0,0,0,,,,,,,,,,,,,,,177,87,128,0,0,0,0,0,1465,0,0,0
'842482,"Agricultural or horticultural mechanical appliances, whether or not hand-operated, for projecting ...",0,0,0,0,0,0,0,0,0,0,0,0,,,,,,,,,,,,,,,0,0,0,0,0,0,0,0,0,0,0,0
'842531,Winches and capstans powered by electric motor,0,0,0,0,0,0,0,0,0,0,0,0,,,,,,,,,,,,,,,0,0,0,0,0,0,8,0,0,0,0,0
'842541,Built-in jacking systems of a type used in garages,0,0,0,0,0,0,0,0,0,0,0,0,,,,,,,,,,,,,,,0,0,0,0,0,0,0,0,0,0,0,0
'842620,Tower cranes,0,0,0,0,0,0,0,0,0,0,0,0,,,,,,,,,,,,,,,0,0,0,0,0,0,0,0,0,0,0,0
'842710,"Self-propelled trucks fitted with lifting or handling equipment, powered by an electric motor",0,0,0,0,0,0,0,0,0,0,0,0,,,,,,,,,,,,,,,0,0,0,0,0,0,0,0,0,0,0,0
'842870,Industrial robots,0,0,0,0,0,0,0,0,0,0,0,0,,,,,,,,,,,,,,,0,0,0,0,0,0,0,0,0,0,0,0
'842919,"Self-propelled bulldozers and angledozers, on wheels",0,0,0,0,0,0,0,0,0,0,0,0,,,,,,,,,,,,,,,0,0,0,0,0,0,0,0,0,0,0,0
'843031,Self-propelled coal or rock cutters and tunnelling machinery (excl. hydraulically operated ...,0,0,0,0,0,0,0,0,0,0,0,0,,,,,,,,,,,,,,,0,0,0,0,0,0,0,0,0,0,0,0
'843069,"Earth moving machinery, not self-propelled, n.e.s.",0,0,0,0,0,0,0,0,0,0,0,0,,,,,,,,,,,,,,,0,0,0,0,0,0,85,89,0,0,0,103
'843120,"Parts of fork-lift trucks and other works trucks fitted with lifting or handling equipment, ...",0,0,0,0,0,0,0,0,0,0,0,0,,,,,,,,,,,,,,,0,0,0,0,0,0,0,0,0,0,0,0
'843320,"Mowers, incl. cutter bars for tractor mounting (excl. mowers for lawns, parks or sports grounds)",0,0,0,0,0,0,0,0,0,0,0,0,,,,,,,,,,,,,,,0,163,0,0,0,0,52,74,0,0,209,51
'843340,"Straw or fodder balers, incl. pick-up balers",0,0,0,0,0,0,0,0,0,0,0,0,,,,,,,,,,,,,,,0,0,0,0,0,0,0,0,0,0,0,0
'843352,Threshing machinery (excl. combine harvester-threshers),0,0,0,0,0,0,0,0,0,0,0,0,,,,,,,,,,,,,,,0,0,0,0,0,0,0,0,0,0,0,0
'843680,"Agricultural, horticultural, forestry or bee-keeping machinery, n.e.s.",0,0,0,0,0,0,0,0,0,0,0,0,,,,,,,,,,,,,,,443,444,408,546,783,1040,945,499,848,612,574,387
'843790,Parts of machinery used in the milling industry or for the working of cereals or dried leguminous ...,0,0,0,0,0,0,0,0,0,0,0,0,,,,,,,,,,,,,,,170,62,0,81,250,162,56,80,123,0,48,5
'843840,"Brewery machinery (excl. centrifuges and filtering, heating or refrigerating equipment)",0,0,0,0,0,0,0,0,0,0,0,0,,,,,,,,,,,,,,,0,0,0,0,0,0,0,0,0,0,0,0
'843860,"Machinery for the industrial preparation of fruits, nuts or vegetables (excl. cooking and other ...",0,0,0,0,0,0,0,0,0,0,0,0,,,,,,,,,,,,,,,0,0,0,0,0,670,0,0,82,0,0,0
'843910,"Machinery for making pulp of fibrous cellulosic material (excl. autoclaves, boilers and other ...",0,0,0,0,0,0,0,0,0,0,0,0,,,,,,,,,,,,,,,0,0,0,0,0,0,0,0,0,0,0,0
'843999,"Parts of machinery for making or finishing paper or paperboard, n.e.s.",0,0,0,0,0,0,0,0,0,0,0,0,,,,,,,,,,,,,,,0,0,0,0,0,0,0,0,0,0,0,0
'844010,"Bookbinding machinery, incl. book-sewing machines (excl. machinery of heading 8441, general-purpose ...",0,0,0,0,0,0,0,0,0,0,0,0,,,,,,,,,,,,,,,0,0,0,0,0,0,0,0,0,0,0,0
'844140,"Machines for moulding articles in paper pulp, paper or paperboard (excl. drying equipment)",0,0,0,0,0,0,0,0,0,0,0,0,,,,,,,,,,,,,,,0,0,0,0,0,0,0,0,0,0,0,0
'844311,"Offset printing machinery, reel fed",0,0,0,0,0,0,0,0,0,0,0,0,,,,,,,,,,,,,,,0,209,0,0,0,0,0,0,0,0,0,0
'844400,"Machines for extruding, drawing, texturing or cutting man-made textile materials",0,0,0,0,0,0,0,0,0,0,0,0,,,,,,,,,,,,,,,0,0,0,0,0,0,0,0,0,0,0,0
'844530,Textile doubling or twisting machines,0,0,0,0,0,0,0,0,0,0,0,0,,,,,,,,,,,,,,,0,0,0,0,0,0,0,0,0,0,0,0
'844590,Machines for producing textile yarns and machines for preparing textile yarns for use on machines ...,0,0,0,0,0,0,0,0,0,0,0,0,,,,,,,,,,,,,,,0,0,0,0,0,0,0,0,0,0,0,0
'844711,"Circular knitting machines, with cylinder diameter <= 165 mm",0,0,0,0,0,0,0,0,0,0,0,0,,,,,,,,,,,,,,,0,0,0,0,0,0,0,0,0,0,0,0
'844820,"Parts and accessories of machines for extruding, drawing, texturing or cutting man-made textile ...",0,0,0,0,0,0,0,0,0,0,0,0,,,,,,,,,,,,,,,0,0,0,0,0,0,0,0,0,0,0,0
'844832,"Parts and accessories of machines for preparing textile fibres, n.e.s. (other than card clothing)",0,0,0,0,0,0,0,0,0,0,0,0,,,,,,,,,,,,,,,0,0,0,0,0,0,0,0,0,0,0,0
'845290,"Furniture, bases and covers for sewing machines and parts thereof; other parts of sewing machines",0,0,0,0,0,0,0,0,0,0,0,0,,,,,,,,,,,,,,,0,0,0,0,0,0,0,0,0,0,0,0
'845420,"Ingot moulds and ladles, of a kind used in metallurgy or in metal foundries",0,0,0,0,0,0,0,0,0,0,0,0,,,,,,,,,,,,,,,0,0,0,0,0,0,0,0,0,0,0,0
'845510,Mills for rolling metal tubes,0,0,0,0,0,0,0,0,0,0,0,0,,,,,,,,,,,,,,,0,0,0,0,0,0,0,0,0,0,0,0
'845522,Cold-rolling mills for metal (excl. tube mills),0,0,0,0,0,0,0,0,0,0,0,0,,,,,,,,,,,,,,,0,0,0,0,0,0,0,0,0,0,0,0
'845949,"Boring machines for metals, not numerically controlled (excl. way-type unit head machines and ...",0,0,0,0,0,0,0,0,0,0,0,0,,,,,,,,,,,,,,,0,0,0,0,0,0,0,0,0,0,0,0
'846019,"Flat-surface grinding machines for finishing metal, not numerically controlled",0,0,0,0,0,0,0,0,0,0,0,0,,,,,,,,,,,,,,,0,0,0,0,0,0,0,0,0,0,0,0
'846022,"Centreless grinding machines for finishing metal, numerically controlled (other than gear finishing ...",0,0,0,0,0,0,0,0,0,0,0,0,,,,,,,,,,,,,,,0,0,0,0,0,0,0,0,0,0,0,0
'846090,"Machines for deburring, polishing or otherwise finishing metal or cermets (excl. grinding, ...",0,0,0,0,0,0,0,0,0,0,0,0,,,,,,,,,,,,,,,0,0,0,0,287,0,0,0,0,0,0,0
'846219,"Hot forming machines for forging, die forging incl. presses, and hot hammers (excl. closed ...",0,0,0,0,0,0,0,0,0,0,0,0,,,,,,,,,,,,,,,0,0,0,0,0,0,0,0,0,0,0,0
'846233,"Numerically controlled shearing machines, for flat products (excl. presses, and combined punching ...",0,0,0,0,0,0,0,0,0,0,0,0,,,,,,,,,,,,,,,0,0,0,0,0,0,0,0,0,0,0,0
'846420,"Grinding or polishing machines, for working stone, ceramics, concrete, asbestos-cement or like ...",0,0,0,0,0,0,0,0,0,0,0,0,,,,,,,,,,,,,,,0,0,0,0,0,0,0,0,0,0,0,0
'846721,"Drills of all kinds for working in the hand, with self-contained electric motor",0,0,0,0,0,0,0,0,0,0,0,0,,,,,,,,,,,,,,,0,0,0,0,0,0,0,0,0,0,0,0
'846789,"Tools for working in the hand, hydraulic or with self-contained non-electric motor (excl. chainsaws ...",0,0,0,0,0,0,0,0,0,0,0,0,,,,,,,,,,,,,,,0,0,0,0,0,12,0,0,0,0,0,0
'847010,Electronic calculators capable of operation without an external source of electric power and ...,0,0,0,0,0,0,0,0,0,0,0,0,,,,,,,,,,,,,,,0,0,0,0,0,0,0,0,0,0,0,0
'847090,"Accounting machines, postage-franking machines, ticket-issuing machines and similar machines, ...",0,0,0,0,0,0,0,0,0,0,0,0,,,,,,,,,,,,,,,0,0,0,0,0,0,0,0,0,0,0,0
'847149,"Data-processing machines, automatic, presented in the form of systems ""comprising at least ...",0,0,0,0,0,0,0,0,0,0,0,0,,,,,,,,,,,,,,,0,0,0,0,0,0,0,0,0,0,0,0
'847170,Storage units for automatic data-processing machines,0,0,0,0,0,0,0,0,0,0,0,0,,,,,,,,,,,,,,,138,66,66,32,22,35,43,35,40,149,70,67
'847431,Concrete or mortar mixers (excl. those mounted on railway wagons or lorry chassis),0,0,0,0,0,0,0,0,0,0,0,0,,,,,,,,,,,,,,,722,148,270,341,122,306,296,278,659,133,228,718
'847590,"Parts of machines for assembling electric or electronic lamps, tubes or valves or flashbulbs, ...",0,0,0,0,0,0,0,0,0,0,0,0,,,,,,,,,,,,,,,0,0,0,0,0,0,0,0,0,0,0,0
'847690,"Parts of automatic goods-vending machines, incl. money changing machines, n.e.s.",0,0,0,0,0,0,0,0,0,0,0,0,,,,,,,,,,,,,,,0,0,0,0,0,0,0,0,0,0,0,0
'847730,Blow-moulding machines for working rubber or plastics,0,0,0,0,0,0,0,0,0,0,0,0,,,,,,,,,,,,,,,0,0,0,0,0,0,0,0,0,0,0,0
'847759,Machinery for moulding or otherwise forming products from rubber or plastics (excl. injection-moulding ...,0,0,0,0,0,0,0,0,0,0,0,0,,,,,,,,,,,,,,,0,0,0,0,0,0,0,0,0,0,0,0
'847982,"Mixing, kneading, crushing, grinding, screening, sifting, homogenising, emulsifying or stirring ...",0,0,0,0,0,0,0,0,0,0,0,0,,,,,,,,,,,,,,,160,952,187,161,115,543,282,211,262,634,71,148
'848020,"Mould bases (other than of graphite or other carbon, ceramic meterials or glass)",0,0,0,0,0,0,0,0,0,0,0,0,,,,,,,,,,,,,,,0,0,0,0,0,0,0,0,0,0,0,0
'848060,"Moulds for mineral materials (excl. moulds of graphite or other carbons, ceramic or glass moulds)",0,0,0,0,0,0,0,0,0,0,0,0,,,,,,,,,,,,,,,0,0,0,42,92,0,0,0,15,0,0,0
'848140,Safety or relief valves,0,0,0,0,0,0,0,0,0,0,0,0,,,,,,,,,,,,,,,55,29,56,59,257,83,94,45,139,44,95,64
'848310,"Transmission shafts, incl. cam shafts and crank shafts, and cranks",0,0,0,0,0,0,0,0,0,0,0,0,,,,,,,,,,,,,,,239,193,213,262,153,355,159,227,211,121,85,111
'848360,"Clutches and shaft couplings, incl. universal joints, for machinery",0,0,0,0,0,0,0,0,0,0,0,0,,,,,,,,,,,,,,,129,75,115,175,135,57,102,59,76,154,67,74
'848790,"Parts of machinery of chapter 84, not intended for a specific purpose, n.e.s.",0,0,0,0,0,0,0,0,0,0,0,0,,,,,,,,,,,,,,,279,390,358,341,477,321,306,362,394,256,168,400
'850120,"Universal AC-DC motors of an output > 37,5 W",0,0,0,0,0,0,0,0,0,0,0,0,,,,,,,,,,,,,,,0,0,0,0,0,0,0,4,0,0,0,0
'850239,Generating sets (excl. wind-powered and powered by spark-ignition internal combustion piston ...,0,0,0,0,0,0,0,0,0,0,0,0,,,,,,,,,,,,,,,0,0,0,0,0,0,0,0,0,0,0,0
'850300,"Parts suitable for use solely or principally with electric motors and generators, electric ...",0,0,0,0,0,0,0,0,0,0,0,0,,,,,,,,,,,,,,,35,588,24,51,84,41,20,70,24,22,11,16
'850432,"Transformers, having a power handling capacity > 1 kVA but <= 16 kVA (excl. liquid dielectric ...",0,0,0,0,0,0,0,0,0,0,0,0,,,,,,,,,,,,,,,0,0,0,0,0,0,0,0,0,0,0,0
'850750,Nickel-metal hydride accumulators (excl. spent),0,0,0,0,0,0,0,0,0,0,0,0,,,,,,,,,,,,,,,0,0,0,0,0,0,0,0,0,0,0,0
'850819,"Vacuum cleaners, incl. dry cleaners and wet vacuum cleaners, with self-contained electric motor ...",0,0,0,0,0,0,0,0,0,0,0,0,,,,,,,,,,,,,,,0,0,0,0,0,0,0,0,16,0,0,0
'851090,"Parts of electric shavers, hair clippers and hair-removing appliances, with self-contained ...",0,0,0,0,0,0,0,0,0,0,0,0,,,,,,,,,,,,,,,0,0,0,0,0,0,0,0,0,0,0,0
'851439,"Electric industrial or laboratory furnaces and ovens (excl. resistance heated, induction, dielectric, ...",0,0,0,0,0,0,0,0,0,0,0,0,,,,,,,,,,,,,,,0,0,0,0,0,0,0,0,0,0,0,0
'851440,Equipment for the heat treatment of materials by induction or dielectric loss (excl. ovens ...,0,0,0,0,0,0,0,0,0,0,0,0,,,,,,,,,,,,,,,0,0,0,0,0,0,0,0,0,0,0,0
'851521,Fully or partly automatic machines for resistance welding of metals,0,0,0,0,0,0,0,0,0,0,0,0,,,,,,,,,,,,,,,0,0,0,0,0,0,0,0,0,0,0,0
'851539,"Machines for arc welding of metals, incl. plasma arc welding, neither fully nor partly automatic",0,0,0,0,0,0,0,0,0,0,0,0,,,,,,,,,,,,,,,0,0,0,0,0,0,0,0,0,0,0,0
'851650,Microwave ovens,0,0,0,0,0,0,0,0,0,0,0,0,,,,,,,,,,,,,,,0,0,0,0,0,0,0,0,0,0,0,0
'851679,"Electro-thermic appliances, for domestic use (excl. hairdressing appliances and hand dryers, ...",0,0,0,0,0,0,0,0,0,0,0,0,,,,,,,,,,,,,,,0,0,0,28,0,0,0,0,0,25,0,0
'851840,Audio-frequency electric amplifiers,0,0,0,0,0,0,0,0,0,0,0,0,,,,,,,,,,,,,,,0,0,0,0,0,0,0,0,0,0,0,0
'851989,"Sound recording or sound reproducing apparatus (excl. using magnetic, optical or semiconductor ...",0,0,0,0,0,0,0,0,0,0,0,0,,,,,,,,,,,,,,,0,0,0,0,0,0,0,0,0,0,0,0
'852491,"Flat panel display modules, whether or not incorporating touch-sensitive screens, with drivers ...",0,0,0,0,0,0,0,0,0,0,0,0,,,,,,,,,,,,,,,11,11,0,0,0,0,6,5,0,0,3,2
'852849,"Cathode-ray tube monitors ""CRT"" (excl. computer monitors, with TV receiver)",0,0,0,0,0,0,0,0,0,0,0,0,,,,,,,,,,,,,,,0,0,0,0,0,0,0,0,0,0,0,0
'853229,"Fixed electrical capacitors (excl. tantalum, aluminium electrolytic, ceramic, paper, plastic ...",0,0,0,0,0,0,0,0,0,0,0,0,,,,,,,,,,,,,,,0,0,0,0,0,0,0,0,0,0,0,0
'853310,"Fixed carbon resistors, composition or film types (excl. heating resistors)",0,0,0,0,0,0,0,0,0,0,0,0,,,,,,,,,,,,,,,0,0,0,0,0,0,0,0,0,0,0,0
'853590,"Electrical apparatus for switching or protecting electrical circuits, or for making connections ...",0,0,0,0,0,0,0,0,0,0,0,0,,,,,,,,,,,,,,,160,225,0,309,229,0,320,135,326,0,183,140
'853890,"Parts suitable for use solely or principally with the apparatus of heading 8535, 8536 or 8537, ...",0,0,0,0,0,0,0,0,0,0,0,0,,,,,,,,,,,,,,,186,55,121,94,108,107,115,30,16,110,39,87
'853921,Tungsten halogen filament lamps (excl. sealed beam lamp units),0,0,0,0,0,0,0,0,0,0,0,0,,,,,,,,,,,,,,,0,0,0,0,0,0,5,0,0,0,0,0
'853952,"Light-emitting diode ""LED"" lamps",0,0,0,0,0,0,0,0,0,0,0,0,,,,,,,,,,,,,,,32,0,31,0,0,44,60,22,26,14,0,0
'854151,Semiconductor-based transducers (excl. photosensitive),0,0,0,0,0,0,0,0,0,0,0,0,,,,,,,,,,,,,,,0,0,0,0,0,0,0,0,0,0,0,0
'010129,Live horses (excl. pure-bred for breeding),0,0,0,0,0,0,0,0,0,0,0,0,,,,,,,,,,,,,,,2617,2343,1706,890,1388,1236,504,1723,2045,2024,1067,2839
'010229,Live cattle (excl. pure-bred for breeding),0,0,0,0,0,0,0,0,0,0,0,0,,,,,,,,,,,,,,,0,0,0,0,0,0,0,0,0,0,0,0
'010619,"Live mammals (excl. primates, whales, dolphins and porpoises, manatees and dugongs, seals, ...",0,0,0,0,0,0,0,0,0,0,0,0,,,,,,,,,,,,,,,8,5,9,30,2,3,2,3,28,0,3,3
'020130,"Fresh or chilled bovine meat, boneless",0,0,0,0,0,0,0,0,0,0,0,0,,,,,,,,,,,,,,,94939,109890,90972,108097,128792,135193,132823,131234,119573,115940,98710,143032
'020322,"Frozen hams, shoulders and cuts thereof of swine, with bone in",0,0,0,0,0,0,0,0,0,0,0,0,,,,,,,,,,,,,,,0,0,0,0,0,0,0,0,0,0,0,0
'020443,Frozen boneless cuts of sheep,0,0,0,0,0,0,0,0,0,0,0,0,,,,,,,,,,,,,,,0,0,120,0,0,0,0,0,0,0,0,0
'020649,"Edible offal of swine, frozen (excl. livers)",0,0,0,0,0,0,0,0,0,0,0,0,,,,,,,,,,,,,,,288,333,297,316,442,514,407,537,485,817,618,689
'020711,"Fresh or chilled fowls of the species Gallus domesticus, not cut in pieces",0,0,0,0,0,0,0,0,0,0,0,0,,,,,,,,,,,,,,,0,0,0,0,0,0,0,0,0,0,0,0
'021099,"Meat and edible offal, salted, in brine, dried or smoked, and edible flours and meals of meat ...",0,0,0,0,0,0,0,0,0,0,0,0,,,,,,,,,,,,,,,0,0,0,0,0,0,0,0,0,0,0,0
'030211,"Fresh or chilled trout ""Salmo trutta, Oncorhynchus mykiss, Oncorhynchus clarki, Oncorhynchus ...",0,0,0,0,0,0,0,0,0,0,0,0,,,,,,,,,,,,,,,0,0,0,0,0,0,0,0,0,0,0,0
'030213,"Fresh or chilled Pacific salmon ""Oncorhynchus nerka, Oncorhynchus gorbuscha, Oncorhynchus keta, ...",0,0,0,0,0,0,0,0,0,0,0,0,,,,,,,,,,,,,,,0,0,0,0,0,0,0,0,0,0,0,0
'030289,"Fresh or chilled fish, n.e.s.",0,0,0,0,0,0,0,0,0,0,0,0,,,,,,,,,,,,,,,0,0,0,0,0,0,0,0,0,0,0,0
'030313,"Frozen, Atlantic salmon ""Salmo salar"" and Danube salmon ""Hucho hucho""",0,0,0,0,0,0,0,0,0,0,0,0,,,,,,,,,,,,,,,0,0,0,0,0,0,0,0,0,0,0,0
'030363,"Frozen cod ""Gadus morhua, Gadus ogac, Gadus macrocephalus""",0,0,0,0,0,0,0,0,0,0,0,0,,,,,,,,,,,,,,,0,0,0,0,0,0,0,0,0,0,0,0
'030482,"Frozen fillets of trout ""Salmo trutta, Oncorhynchus mykiss, Oncorhynchus clarki, Oncorhynchus ...",0,0,0,0,0,0,0,0,0,0,0,0,,,,,,,,,,,,,,,0,0,752,0,0,0,1338,0,0,0,0,0
'030499,Frozen fish meat n.e.s. (excl. fillets),0,0,0,0,0,0,0,0,0,0,0,0,,,,,,,,,,,,,,,0,0,0,0,0,0,0,0,0,0,0,0
'030562,"Cod ""Gadus morhua, Gadus ogac, Gadus macrocephalus"", salted or in brine only (excl. fillets ...",0,0,0,0,0,0,0,0,0,0,0,0,,,,,,,,,,,,,,,0,0,0,0,0,0,0,0,0,0,0,0
'030791,"Live, fresh or chilled molluscs, even in shell (excl. oysters, scallops of the genera Pecten, ...",0,0,0,0,0,0,0,0,0,0,0,0,,,,,,,,,,,,,,,0,0,0,0,0,0,0,0,0,0,0,0
'040510,Butter (excl. dehydrated butter and ghee),0,0,0,0,0,0,0,0,0,0,0,0,,,,,,,,,,,,,,,3394,4745,7091,6795,12011,12984,14103,13420,13575,13220,7569,12761
'040811,"Dried egg yolks, whether or not sweetened",0,0,0,0,0,0,0,0,0,0,0,0,,,,,,,,,,,,,,,0,0,0,0,0,0,0,0,0,0,621,0
'060315,"Fresh cut lilies ""Lilium spp."" and buds, of a kind suitable for bouquets or for ornamental ...",0,0,0,0,0,0,0,0,0,0,0,0,,,,,,,,,,,,,,,0,0,0,0,0,0,0,0,0,0,0,0
'060390,"Dried, dyed, bleached, impregnated or otherwise prepared cut flowers and buds, of a kind suitable ...",0,0,0,0,0,0,0,0,0,0,0,0,,,,,,,,,,,,,,,0,0,0,0,0,0,0,0,0,0,0,0
'070320,"Garlic, fresh or chilled",0,0,0,0,0,0,0,0,0,0,0,0,,,,,,,,,,,,,,,11837,14697,12536,1697,97,85,773,10993,47211,37486,30073,21674
'070940,Fresh or chilled celery (excl. celeriac),0,0,0,0,0,0,0,0,0,0,0,0,,,,,,,,,,,,,,,0,0,0,0,0,0,0,0,0,0,0,0
'070960,Fresh or chilled fruits of the genus Capsicum or Pimenta,0,0,0,0,0,0,0,0,0,0,0,0,,,,,,,,,,,,,,,13,0,25,40,43,36,0,19,23,26,28,29
'071040,"Sweetcorn, uncooked or cooked by steaming or by boiling in water, frozen",0,0,0,0,0,0,0,0,0,0,0,0,,,,,,,,,,,,,,,0,0,0,0,0,0,0,0,0,0,0,0
'071350,"Dried, shelled broad beans ""Vicia faba var. major"" and horse beans ""Vicia faba var. equina ...",0,0,0,0,0,0,0,0,0,0,0,0,,,,,,,,,,,,,,,0,0,0,0,0,0,0,0,0,0,0,0
'071390,"Dried, shelled leguminous vegetables, whether or not skinned or split (excl. peas, chickpeas, ...",0,0,0,0,0,0,0,0,0,0,0,0,,,,,,,,,,,,,,,0,0,0,0,0,0,0,0,0,0,0,0
'080299,"Nuts, fresh or dried, whether or not shelled or peeled (excl. coconuts, Brazil nuts, cashew ...",0,0,0,0,0,0,0,0,0,0,0,0,,,,,,,,,,,,,,,0,0,0,0,0,828,616,297,477,0,369,0
'080522,Fresh or dried clementines incl. monreales,0,0,0,0,0,0,0,0,0,0,0,0,,,,,,,,,,,,,,,0,808,58,0,0,0,0,0,0,0,0,0
'080840,Fresh quinces,0,0,0,0,0,0,0,0,0,0,0,0,,,,,,,,,,,,,,,0,0,0,0,0,0,0,0,0,0,0,0
'081010,Fresh strawberries,0,0,0,0,0,0,0,0,0,0,0,0,,,,,,,,,,,,,,,0,0,0,0,0,0,0,0,0,0,0,0
'081050,Fresh kiwifruit,0,0,0,0,0,0,0,0,0,0,0,0,,,,,,,,,,,,,,,0,1403,1927,1114,582,0,0,0,0,0,0,0
'090520,"Vanilla, crushed or ground",0,0,0,0,0,0,0,0,0,0,0,0,,,,,,,,,,,,,,,0,0,0,0,0,0,0,0,0,0,0,0
'090710,"Cloves, whole fruit, cloves and stems, neither crushed nor ground",0,0,0,0,0,0,0,0,0,0,0,0,,,,,,,,,,,,,,,0,0,0,0,0,0,0,0,0,0,0,0
'090720,"Cloves, whole fruit, cloves and stems, crushed or ground",0,0,0,0,0,0,0,0,0,0,0,0,,,,,,,,,,,,,,,0,0,0,0,0,0,0,0,0,0,0,0
'091011,"Ginger, neither crushed nor ground",0,0,0,0,0,0,0,0,0,0,0,0,,,,,,,,,,,,,,,0,0,0,0,0,0,0,0,0,0,0,0
'091030,"Turmeric ""curcuma""",0,0,0,0,0,0,0,0,0,0,0,0,,,,,,,,,,,,,,,0,0,0,0,0,0,0,0,0,0,0,0
'100821,Millet seed for sowing (excl. grain sorghum),0,0,0,0,0,0,0,0,0,0,0,0,,,,,,,,,,,,,,,0,0,0,0,0,0,0,0,0,0,0,0
'100860,Triticale,0,0,0,0,0,0,0,0,0,0,0,0,,,,,,,,,,,,,,,0,0,0,0,0,0,0,0,0,0,0,0
'100890,"Cereals (excl. wheat and meslin, rye, barley, oats, maize, rice, grain sorghum, buckwheat, ...",0,0,0,0,0,0,0,0,0,0,0,0,,,,,,,,,,,,,,,0,0,0,0,0,0,0,0,0,0,0,0
'110429,"Grains of cereals, hulled, pearled, sliced, kibbled or otherwise worked (excl. rolled, flaked, ...",0,0,0,0,0,0,0,0,0,0,0,0,,,,,,,,,,,,,,,0,0,0,0,0,0,0,0,0,0,0,0
'120400,"Linseed, whether or not broken",0,0,0,0,0,0,0,0,0,0,0,0,,,,,,,,,,,,,,,569,546,294,304,343,303,90,119,426,350,299,214
'120740,"Sesamum seeds, whether or not broken",0,0,0,0,0,0,0,0,0,0,0,0,,,,,,,,,,,,,,,0,904,1053,2582,1291,1827,2502,1878,1486,2071,1576,744
'121229,"Seaweeds and other algae, fresh, chilled, frozen or dried, whether or not ground, unfit for ...",0,0,0,0,0,0,0,0,0,0,0,0,,,,,,,,,,,,,,,0,0,0,0,0,0,0,0,0,0,0,0
'130231,"Agar-agar, whether or not modified",0,0,0,0,0,0,0,0,0,0,0,0,,,,,,,,,,,,,,,0,0,0,0,0,0,0,0,0,0,0,0
'140110,Bamboos,0,0,0,0,0,0,0,0,0,0,0,0,,,,,,,,,,,,,,,0,0,0,0,0,0,0,0,0,0,0,0
'150600,"Other animal fats and oils and their fractions, whether or not refined, but not chemically ...",0,0,0,0,0,0,0,0,0,0,0,0,,,,,,,,,,,,,,,0,0,0,7,19,12,0,36,0,0,0,0
'150890,"Groundnut oil and its fractions, whether or not refined (excl. chemically modified and crude)",0,0,0,0,0,0,0,0,0,0,0,0,,,,,,,,,,,,,,,0,0,0,0,0,0,0,0,0,0,0,0
'150920,"Extra virgin olive oil ""EU cat. 1"" obtained from the fruit of the olive tree solely by mechanical ...",0,0,0,0,0,0,0,0,0,0,0,0,,,,,,,,,,,,,,,2737,4172,10016,24330,19565,16309,6516,4508,3332,1367,493,2862
'150990,"Olive oil ""EU cat. 4 and 5"" and fractions obtained from the fruit of the olive tree solely ...",0,0,0,0,0,0,0,0,0,0,0,0,,,,,,,,,,,,,,,0,0,0,0,0,382,0,0,0,0,0,0
'151211,Crude sunflower-seed or safflower oil,0,0,0,0,0,0,0,0,0,0,0,0,,,,,,,,,,,,,,,113186,162245,116454,238216,172261,169195,111244,150226,85940,105051,143916,249084
'151610,"Animal fats and oils and their fractions, partly or wholly hydrogenated, inter-esterified, ...",0,0,0,0,0,0,0,0,0,0,0,0,,,,,,,,,,,,,,,0,0,0,0,0,0,0,0,0,0,0,0
'151630,"Microbial fats and oils and their fractions, partly or wholly hydrogenated, inter-esterified, ...",0,0,0,0,0,0,0,0,0,0,0,0,,,,,,,,,,,,,,,0,0,0,0,0,0,0,0,0,0,0,0
'160249,"Prepared or preserved meat and offal of swine, incl. mixtures (excl. hams, shoulders and cuts ...",0,0,0,0,0,0,0,0,0,0,0,0,,,,,,,,,,,,,,,54,83,105,108,20,81,78,0,100,0,52,29
'160300,"Extracts and juices of meat, fish or crustaceans, molluscs and other aquatic invertebrates",0,0,0,0,0,0,0,0,0,0,0,0,,,,,,,,,,,,,,,0,0,0,0,0,0,0,0,0,0,0,0
'160414,"Prepared or preserved tunas, skipjack and Atlantic bonito, whole or in pieces (excl. minced)",0,0,0,0,0,0,0,0,0,0,0,0,,,,,,,,,,,,,,,0,0,0,0,0,0,0,0,0,0,0,0
'170199,"Cane or beet sugar and chemically pure sucrose, in solid form (excl. cane and beet sugar containing ...",0,0,0,0,0,0,0,0,0,0,0,0,,,,,,,,,,,,,,,14946,12293,7611,23462,11954,16734,32205,11900,11958,25627,10267,11526
'170490,"Sugar confectionery not containing cocoa, incl. white chocolate (excl. chewing gum)",0,0,0,0,0,0,0,0,0,0,0,0,,,,,,,,,,,,,,,6898,6609,7271,7866,5250,6915,6093,5887,5262,6291,5750,7409
'180400,"Cocoa butter, fat and oil",0,0,0,0,0,0,0,0,0,0,0,0,,,,,,,,,,,,,,,0,0,0,0,0,0,0,0,0,0,0,0
'180610,"Cocoa powder, sweetened",0,0,0,0,0,0,0,0,0,0,0,0,,,,,,,,,,,,,,,0,0,0,0,0,0,0,0,0,0,0,0
'180631,"Chocolate and other preparations containing cocoa, in blocks, slabs or bars of <= 2 kg, filled",0,0,0,0,0,0,0,0,0,0,0,0,,,,,,,,,,,,,,,60,188,312,148,245,106,114,90,134,62,184,312
'200290,"Tomatoes, prepared or preserved otherwise than by vinegar or acetic acid (excl. whole or in ...",0,0,0,0,0,0,0,0,0,0,0,0,,,,,,,,,,,,,,,168,489,339,493,857,301,500,226,227,329,395,230
'200310,"Mushrooms of the genus ""Agaricus"", prepared or preserved otherwise than by vinegar or acetic ...",0,0,0,0,0,0,0,0,0,0,0,0,,,,,,,,,,,,,,,0,0,0,0,0,0,0,0,0,0,0,0
'200510,"Homogenised vegetables put up for retail sale as infant food or for dietetic purposes, in containers ...",0,0,0,0,0,0,0,0,0,0,0,0,,,,,,,,,,,,,,,0,0,0,0,0,0,0,0,0,0,0,0
'200570,"Olives, prepared or preserved otherwise than by vinegar or acetic acid (excl. frozen)",0,0,0,0,0,0,0,0,0,0,0,0,,,,,,,,,,,,,,,5602,7386,10885,10832,7591,7998,7846,8785,6549,3212,5799,6418
'200599,"Vegetables and mixtures of vegetables, prepared or preserved otherwise than by vinegar, non-frozen ...",0,0,0,0,0,0,0,0,0,0,0,0,,,,,,,,,,,,,,,290,154,487,294,233,350,395,287,208,325,307,382
'200840,"Pears, prepared or preserved, whether or not containing added sugar or other sweetening matter ...",0,0,0,0,0,0,0,0,0,0,0,0,,,,,,,,,,,,,,,0,0,0,0,0,0,0,0,0,0,0,0
'200931,"Single citrus fruit juice, unfermented, Brix value <= 20 at 20°C, whether or not containing ...",0,0,0,0,0,0,0,0,0,0,0,0,,,,,,,,,,,,,,,0,0,0,0,0,327,288,122,64,0,0,0
'210112,"Preparations with a basis of extracts, essences or concentrates of coffee or with a basis of ...",0,0,0,0,0,0,0,0,0,0,0,0,,,,,,,,,,,,,,,160,196,32,140,58,87,0,0,23,184,0,71
'220190,"Ordinary natural water, not containing added sugar, other sweetening matter or flavoured; ice ...",0,0,0,0,0,0,0,0,0,0,0,0,,,,,,,,,,,,,,,0,0,0,0,0,0,0,0,0,0,0,0
'220410,Sparkling wine of fresh grapes,0,0,0,0,0,0,0,0,0,0,0,0,,,,,,,,,,,,,,,1443,1187,1503,2515,1918,2893,2355,2833,2416,1252,1365,1434
'220850,Gin and Geneva,0,0,0,0,0,0,0,0,0,0,0,0,,,,,,,,,,,,,,,55,60,29,89,62,81,40,0,0,0,0,61
'220900,"Vinegar, fermented vinegar and substitutes for vinegar obtained from acetic acid",0,0,0,0,0,0,0,0,0,0,0,0,,,,,,,,,,,,,,,45,63,54,105,64,148,0,48,0,118,38,62
'230240,"Bran, sharps and other residues of cereals, whether or not in the form of pellets, derived ...",0,0,0,0,0,0,0,0,0,0,0,0,,,,,,,,,,,,,,,109,160,141,107,92,141,122,82,68,168,193,85
'230310,Residues of starch manufacture and similar residues,0,0,0,0,0,0,0,0,0,0,0,0,,,,,,,,,,,,,,,347,0,4356,0,0,227,199,3646,0,318,0,0
'230700,Wine lees; argol,0,0,0,0,0,0,0,0,0,0,0,0,,,,,,,,,,,,,,,0,0,0,0,0,0,0,0,0,0,0,0
'240491,"Nicotine containing products intended for the intake of nicotine into the human body, for oral ...",0,0,0,0,0,0,0,0,0,0,0,0,,,,,,,,,,,,,,,0,0,0,0,0,0,0,0,0,0,0,0
'250410,Natural graphite in powder or in flakes,0,0,0,0,0,0,0,0,0,0,0,0,,,,,,,,,,,,,,,0,0,0,0,0,0,0,0,0,0,0,0
'251110,"Natural barium sulphate ""barytes""",0,0,0,0,0,0,0,0,0,0,0,0,,,,,,,,,,,,,,,0,0,3,0,0,0,0,0,0,0,0,0
'251511,"Marble and travertine, crude or roughly trimmed",0,0,0,0,0,0,0,0,0,0,0,0,,,,,,,,,,,,,,,0,0,0,0,0,0,0,0,0,0,0,0
'251612,"Granite, merely cut, by sawing or otherwise, into blocks or slabs of a square or rectangular ...",0,0,0,0,0,0,0,0,0,0,0,0,,,,,,,,,,,,,,,0,0,0,0,0,0,0,0,0,0,0,0
'251710,"Pebbles, gravel, broken or crushed stone, for concrete aggregates, for road metalling or for ...",0,0,0,0,0,0,0,0,0,0,0,0,,,,,,,,,,,,,,,0,0,0,0,0,13,1,3,4,0,0,0
'251910,"Natural magnesium carbonate ""magnesite""",0,0,0,0,0,0,0,0,0,0,0,0,,,,,,,,,,,,,,,0,0,0,0,0,0,0,0,0,0,0,0
'261610,Silver ores and concentrates,0,0,0,0,0,0,0,0,0,0,0,0,,,,,,,,,,,,,,,59739,38881,49841,82121,56777,64695,97091,0,84973,121960,87721,100523
'270600,"Tar distilled from coal, from lignite or from peat, and other mineral tars, whether or not ...",0,0,0,0,0,0,0,0,0,0,0,0,,,,,,,,,,,,,,,0,0,0,0,0,0,0,0,0,0,0,0
'270750,"Aromatic hydrocarbon mixtures of which >= 65% by volume, incl. losses, distils at 250°C by ...",0,0,0,0,0,0,0,0,0,0,0,0,,,,,,,,,,,,,,,0,0,5159,0,0,4927,0,0,0,0,0,0
'280519,Alkali or alkaline-earth metals (excl. sodium and calcium),0,0,0,0,0,0,0,0,0,0,0,0,,,,,,,,,,,,,,,0,0,0,0,0,0,0,0,0,0,0,0
'281111,"Hydrogen fluoride ""hydrofluoric acid""",0,0,0,0,0,0,0,0,0,0,0,0,,,,,,,,,,,,,,,0,0,0,0,0,0,0,0,0,0,0,0
'281420,Ammonia in aqueous solution,0,0,0,0,0,0,0,0,0,0,0,0,,,,,,,,,,,,,,,0,0,0,17,0,0,0,0,0,0,0,0
'281990,Chromium oxides and hydroxides (excl. chromium trioxide),0,0,0,0,0,0,0,0,0,0,0,0,,,,,,,,,,,,,,,0,0,0,0,0,0,0,0,0,0,0,0
'282590,"Bases, inorganic, and metal oxides, hydroxides and peroxides, n.e.s.",0,0,0,0,0,0,0,0,0,0,0,0,,,,,,,,,,,,,,,0,0,0,0,0,0,0,0,0,0,0,0
'282612,Fluoride of aluminium,0,0,0,0,0,0,0,0,0,0,0,0,,,,,,,,,,,,,,,0,0,0,0,0,0,0,0,0,0,0,0
'282739,"Chlorides (excl. ammonium, calcium, magnesium, aluminium, nickel and mercury chloride)",0,0,0,0,0,0,0,0,0,0,0,0,,,,,,,,,,,,,,,0,1,0,0,0,0,0,0,0,0,0,0
'283010,Sodium sulphides,0,0,0,0,0,0,0,0,0,0,0,0,,,,,,,,,,,,,,,0,0,0,0,0,0,0,0,0,0,0,0
'283090,"Sulphides (excl. sodium); polysulphides, whether or not chemically defined (excl. inorganic ...",0,0,0,0,0,0,0,0,0,0,0,0,,,,,,,,,,,,,,,0,0,0,0,0,0,0,0,0,0,0,0
'283230,Thiosulphates,0,0,0,0,0,0,0,0,0,0,0,0,,,,,,,,,,,,,,,0,0,1,0,0,0,1,0,0,0,0,0
'283329,"Sulphates (excl. of sodium, magnesium, aluminium, nickel, copper, barium and mercury)",0,0,0,0,0,0,0,0,0,0,0,0,,,,,,,,,,,,,,,0,2,0,0,0,0,0,0,0,0,0,0
'283410,Nitrites,0,0,0,0,0,0,0,0,0,0,0,0,,,,,,,,,,,,,,,0,0,0,0,0,0,0,0,0,0,0,0
'283691,Lithium carbonates,0,0,0,0,0,0,0,0,0,0,0,0,,,,,,,,,,,,,,,70571,51825,41726,49311,63641,77879,97863,88755,106689,106355,163462,175264
'283720,Complex cyanides (excl. inorganic or organic compounds of mercury),0,0,0,0,0,0,0,0,0,0,0,0,,,,,,,,,,,,,,,0,0,0,0,0,0,0,0,0,0,0,0
'284700,"Hydrogen peroxide, whether or not solidified with urea",0,0,0,0,0,0,0,0,0,0,0,0,,,,,,,,,,,,,,,0,0,0,1,80,3,114,79,0,80,14,0
'290290,"Cyclic hydrocarbons (excl. cyclanes, cyclenes, benzene, toluene, xylenes, styrene, ethylbenzene ...",0,0,0,0,0,0,0,0,0,0,0,0,,,,,,,,,,,,,,,0,0,0,0,0,0,0,0,0,0,0,0
'290322,Trichloroethylene,0,0,0,0,0,0,0,0,0,0,0,0,,,,,,,,,,,,,,,0,0,0,0,0,0,0,0,0,0,0,0
'290345,"1,1,1,2-Tetrafluoroethane ""HFC-134a"" and 1,1,2,2-tetrafluoroethane ""HFC-134""",0,0,0,0,0,0,0,0,0,0,0,0,,,,,,,,,,,,,,,0,0,0,0,0,0,0,0,0,0,0,0
'290347,"1,1,1,3,3-Pentafluoropropane ""HFC-245fa"" and 1,1,2,2,3-pentafluoropropane ""HFC-245ca""",0,0,0,0,0,0,0,0,0,0,0,0,,,,,,,,,,,,,,,0,0,0,0,0,0,0,0,0,0,0,0
'290369,"Brominated or iodinated derivatives of acyclic hydrocarbons (excl. methyl bromide ""bromomethane"" ...",0,0,0,0,0,0,0,0,0,0,0,0,,,,,,,,,,,,,,,0,0,0,0,0,0,0,0,0,0,0,0
'290511,"Methanol ""methyl alcohol""",0,0,0,0,0,0,0,0,0,0,0,0,,,,,,,,,,,,,,,0,0,0,0,0,0,0,0,0,0,0,0
'290517,"Dodecan-1-ol ""lauryl alcohol"", hexadecan-1-ol ""cetyl alcohol"" and octadecan-1-ol ""stearyl alcohol""",0,0,0,0,0,0,0,0,0,0,0,0,,,,,,,,,,,,,,,0,0,0,0,0,0,0,0,0,0,0,0
'290529,Unsaturated monohydric acyclic alcohols (excl. acyclic terpene alcohols),0,0,0,0,0,0,0,0,0,0,0,0,,,,,,,,,,,,,,,0,0,0,0,22,0,0,0,0,0,0,0
'290532,"Propylene glycol ""propane-1,2-diol""",0,0,0,0,0,0,0,0,0,0,0,0,,,,,,,,,,,,,,,28,0,7,0,0,24,0,0,1,0,0,0
'290611,Menthol,0,0,0,0,0,0,0,0,0,0,0,0,,,,,,,,,,,,,,,0,0,0,0,0,0,0,0,0,0,0,0
'290621,Benzyl alcohol,0,0,0,0,0,0,0,0,0,0,0,0,,,,,,,,,,,,,,,0,0,0,0,0,0,0,0,0,0,0,0
'290711,"Phenol ""hydroxybenzene"" and its salts",0,0,0,0,0,0,0,0,0,0,0,0,,,,,,,,,,,,,,,0,0,0,0,0,1,0,0,0,0,0,0
'290721,Resorcinol and its salts,0,0,0,0,0,0,0,0,0,0,0,0,,,,,,,,,,,,,,,0,0,0,0,0,0,0,0,0,0,0,0
'290729,"Polyphenols and phenol-alcohols (excl. resorcinol and hydroquinone ""quinol"" and their salts, ...",0,0,0,0,0,0,0,0,0,0,0,0,,,,,,,,,,,,,,,0,0,0,0,0,0,0,0,0,0,0,0
'290819,"Derivatives containing only halogen substituents and their salts, of phenols or phenol-alcohols ...",0,0,0,0,0,0,0,0,0,0,0,0,,,,,,,,,,,,,,,0,0,0,0,0,0,0,0,0,0,0,0
'290920,"Cyclanic, cyclenic or cycloterpenic ethers and their halogenated, sulphonated, nitrated or ...",0,0,0,0,0,0,0,0,0,0,0,0,,,,,,,,,,,,,,,0,0,0,0,0,0,0,0,0,0,0,0
'291229,"Cyclic aldehydes, without other oxygen function (excl. benzaldehyde)",0,0,0,0,0,0,0,0,0,0,0,0,,,,,,,,,,,,,,,0,0,0,63,0,124,0,0,0,0,21,2
'291250,Cyclic polymers of aldehydes,0,0,0,0,0,0,0,0,0,0,0,0,,,,,,,,,,,,,,,0,0,0,0,0,0,0,0,0,0,0,0
'291450,Ketone-phenols and ketones with other oxygen function,0,0,0,0,0,0,0,0,0,0,0,0,,,,,,,,,,,,,,,0,0,0,0,0,0,0,0,0,0,0,0
'291469,"Quinones (excl. anthraquinone and coenzyme Q10 ""ubidecarenone ""INN"""")",0,0,0,0,0,0,0,0,0,0,0,0,,,,,,,,,,,,,,,0,0,0,0,0,0,0,0,0,0,0,0
'291612,Esters of acrylic acid,0,0,0,0,0,0,0,0,0,0,0,0,,,,,,,,,,,,,,,0,0,0,0,0,0,0,0,0,0,0,0
'291712,"Adipic acid, its salts and esters",0,0,0,0,0,0,0,0,0,0,0,0,,,,,,,,,,,,,,,0,0,0,0,0,0,0,0,0,0,0,0
'291732,Dioctyl orthophthalates,0,0,0,0,0,0,0,0,0,0,0,0,,,,,,,,,,,,,,,0,0,0,0,0,0,0,0,0,0,0,0
'291734,"Esters of orthophthalic acid (excl. dioctyl, dinonyl or didecyl orthophthalates)",0,0,0,0,0,0,0,0,0,0,0,0,,,,,,,,,,,,,,,0,0,0,0,0,0,0,0,0,0,0,0
'291819,"Carboxylic acids with additional oxygen function and their anhydrides, halides, peroxides and ...",0,0,0,0,0,0,0,0,0,0,0,0,,,,,,,,,,,,,,,0,0,0,0,0,1,0,0,1,0,0,0
'291829,"Carboxylic acids with phenol function but without other oxygen function, their anhydrides, ...",0,0,0,0,0,0,0,0,0,0,0,0,,,,,,,,,,,,,,,0,0,2,0,0,0,0,0,0,0,0,0
'291830,"Carboxylic acids with aldehyde or ketone function but without other oxygen function, their ...",0,0,0,0,0,0,0,0,0,0,0,0,,,,,,,,,,,,,,,0,0,0,0,0,62,0,0,0,0,0,0
'292122,Hexamethylenediamine and its salts,0,0,0,0,0,0,0,0,0,0,0,0,,,,,,,,,,,,,,,0,0,0,0,0,0,0,0,0,0,0,0
'292145,"1-Naphthylamine ""alpha-naphthylamine"", 2-naphthylamine ""beta-naphthylamine"" and their derivatives; ...",0,0,0,0,0,0,0,0,0,0,0,0,,,,,,,,,,,,,,,0,0,0,0,0,0,0,0,0,0,0,0
'292239,"Amino-aldehydes, amino-ketones and amino-quinones; salts thereof (excl. those containing > ...",0,0,0,0,0,0,0,0,0,0,0,0,,,,,,,,,,,,,,,0,0,0,0,0,0,0,0,0,0,0,0
'293149,"Separate chemically defined non-halogenated organo-phosphorous derivatives, n.e.s.",0,0,0,0,0,0,0,0,0,0,0,0,,,,,,,,,,,,,,,1141,1021,155,2499,111,0,68,26,150,43,0,83
'293220,Lactones,0,0,0,0,0,0,0,0,0,0,0,0,,,,,,,,,,,,,,,0,0,0,0,12,7,5,0,0,6,0,4
'293293,Piperonal,0,0,0,0,0,0,0,0,0,0,0,0,,,,,,,,,,,,,,,0,0,0,0,0,0,0,0,0,0,0,0
'293349,"Heterocyclic compounds with nitrogen hetero-atom[s] only, containing in the structure a quinoline ...",0,0,0,0,0,0,0,0,0,0,0,0,,,,,,,,,,,,,,,0,0,0,0,0,0,0,0,0,0,0,0
'293352,"Malonylurea ""barbituric acid"" and its salts",0,0,0,0,0,0,0,0,0,0,0,0,,,,,,,,,,,,,,,0,0,0,0,0,0,0,0,0,0,0,0
'293590,Sulphonamides (excl. perfluorooctane sulphonamides),0,0,0,0,0,0,0,0,0,0,0,0,,,,,,,,,,,,,,,0,0,0,0,0,0,0,0,0,0,0,0
'293711,"Somatropin, its derivatives and structural analogues, used primarily as hormones",0,0,0,0,0,0,0,0,0,0,0,0,,,,,,,,,,,,,,,0,0,0,0,0,0,0,0,0,0,0,0
'300215,"Immunological products, put up in measured doses or in forms or packings for retail sale (excl. ...",0,0,0,0,0,0,0,0,0,0,0,0,,,,,,,,,,,,,,,5006,6943,9452,7624,7897,7409,5062,6527,10264,3702,3073,2777
'300290,"Human blood; animal blood prepared for therapeutic, prophylactic or diagnostic uses",0,0,0,0,0,0,0,0,0,0,0,0,,,,,,,,,,,,,,,0,0,0,0,0,0,0,0,0,0,0,0
'300320,"Medicaments containing antibiotics, not in measured doses or put up for retail sale (excl. ...",0,0,0,0,0,0,0,0,0,0,0,0,,,,,,,,,,,,,,,0,0,0,0,0,0,0,0,0,0,0,0
'300630,Opacifying preparations for x-ray examinations; diagnostic reagents for administration to patients,0,0,0,0,0,0,0,0,0,0,0,0,,,,,,,,,,,,,,,119,163,98,197,103,195,110,93,80,0,124,100
'300640,Dental cements and other dental fillings; bone reconstruction cements,0,0,0,0,0,0,0,0,0,0,0,0,,,,,,,,,,,,,,,0,0,0,0,0,0,938,0,0,0,0,0
'310229,Double salts and mixtures of ammonium sulphate and ammonium nitrate (excl. goods of this chapter ...,0,0,0,0,0,0,0,0,0,0,0,0,,,,,,,,,,,,,,,0,0,0,0,0,0,0,0,0,0,0,0
'310230,"Ammonium nitrate, whether or not in aqueous solution (excl. that in tablets or similar forms, ...",0,0,0,0,0,0,0,0,0,0,0,0,,,,,,,,,,,,,,,0,0,0,0,0,0,0,0,0,0,0,0
'310420,"Potassium chloride for use as fertiliser (excl. that in tablets or similar forms, or in packages ...",0,0,0,0,0,0,0,0,0,0,0,0,,,,,,,,,,,,,,,0,0,0,0,0,0,16,0,0,0,0,0
'310510,"Mineral or chemical fertilisers of animal or vegetable origin, in tablets or similar forms, ...",0,0,0,0,0,0,0,0,0,0,0,0,,,,,,,,,,,,,,,0,0,46,0,0,0,89,79,78,0,0,107
'310551,Mineral or chemical fertilisers containing nitrates and phosphates (excl. ammonium dihydrogenorthophosphate ...,0,0,0,0,0,0,0,0,0,0,0,0,,,,,,,,,,,,,,,0,0,0,0,0,0,0,0,0,0,0,0
'310590,Mineral or chemical fertilisers containing the two fertilising elements nitrogen and potassium ...,0,0,0,0,0,0,0,0,0,0,0,0,,,,,,,,,,,,,,,0,0,0,0,0,0,0,0,0,0,0,85
'320300,"Colouring matter of vegetable or animal origin, incl. dye extracts (excl. animal black), whether ...",0,0,0,0,0,0,0,0,0,0,0,0,,,,,,,,,,,,,,,0,52,0,0,0,0,35,0,7,21,63,0
'320500,Colour lakes (other than Chinese or Japanese lacquer and paints); preparations based on colour ...,0,0,0,0,0,0,0,0,0,0,0,0,,,,,,,,,,,,,,,0,0,12,0,0,0,2,0,0,0,0,20
'320641,Ultramarine and preparations based thereon of a kind used for colouring any material or produce ...,0,0,0,0,0,0,0,0,0,0,0,0,,,,,,,,,,,,,,,0,0,0,0,0,0,0,0,0,0,0,0
'330190,"Extracted oleoresins; concentrates of essential oils in fats, fixed oils, waxes and the like, ...",0,0,0,0,0,0,0,0,0,0,0,0,,,,,,,,,,,,,,,332,259,327,348,377,285,277,331,392,0,71,385
'330410,Lip make-up preparations,0,0,0,0,0,0,0,0,0,0,0,0,,,,,,,,,,,,,,,214,372,245,188,174,264,271,305,155,643,248,363
'330499,"Beauty or make-up preparations and preparations for the care of the skin (other than medicaments), ...",0,0,0,0,0,0,0,0,0,0,0,0,,,,,,,,,,,,,,,1577,1855,2119,2124,3703,2875,1896,2086,1634,1970,2697,1703
'330749,"Preparations for perfuming or deodorising rooms, incl. odoriferous preparations used during ...",0,0,0,0,0,0,0,0,0,0,0,0,,,,,,,,,,,,,,,1688,2234,2017,2316,1725,1358,1773,1526,1802,1665,1687,1737
'340130,"Organic surface-active products and preparations for washing the skin, in the form of liquid ...",0,0,0,0,0,0,0,0,0,0,0,0,,,,,,,,,,,,,,,95,79,114,57,124,130,88,46,38,101,98,222
'340319,"Lubricant preparations, incl. cutting-oil preparations, bolt or nut release preparations, anti-rust ...",0,0,0,0,0,0,0,0,0,0,0,0,,,,,,,,,,,,,,,251,115,239,400,294,230,219,384,122,320,286,513
'340420,"Poly""oxyethylene"" [polyethylene glycol] waxes",0,0,0,0,0,0,0,0,0,0,0,0,,,,,,,,,,,,,,,0,0,0,0,0,0,0,0,0,0,0,0
'340520,"Polishes, creams and similar preparations, for the maintenance of wooden furniture, floors ...",0,0,0,0,0,0,0,0,0,0,0,0,,,,,,,,,,,,,,,84,52,55,68,68,76,52,0,109,61,60,67
'340700,"Modelling pastes, incl. those put up for children's amusement; preparations known as ""dental ...",0,0,0,0,0,0,0,0,0,0,0,0,,,,,,,,,,,,,,,0,0,0,0,44,0,15,0,0,0,0,0
'350790,"Enzymes and prepared enzymes, n.e.s. (excl. rennet and concentrates thereof)",0,0,0,0,0,0,0,0,0,0,0,0,,,,,,,,,,,,,,,2504,3663,1785,2093,2519,3492,3343,2876,3281,3793,2680,2512
'360340,Detonating caps,0,0,0,0,0,0,0,0,0,0,0,0,,,,,,,,,,,,,,,0,0,0,0,0,0,0,0,0,0,0,0
'370130,"Photographic plates and film in the flat, sensitised, unexposed, with any side > 255 mm",0,0,0,0,0,0,0,0,0,0,0,0,,,,,,,,,,,,,,,0,0,0,0,0,0,0,0,0,0,0,0
'370243,"Photographic film ""incl. instant print film"", sensitised, in rolls, unexposed, without perforations, ...",0,0,0,0,0,0,0,0,0,0,0,0,,,,,,,,,,,,,,,0,0,0,0,0,0,0,0,0,0,0,0
'370610,"Cinematographic film, exposed and developed, whether or not incorporating soundtrack or consisting ...",0,0,0,0,0,0,0,0,0,0,0,0,,,,,,,,,,,,,,,0,0,0,0,0,0,0,0,0,0,0,0
'370790,"Preparation of chemicals for photographic uses, incl. unmixed products put up in measured portions ...",0,0,0,0,0,0,0,0,0,0,0,0,,,,,,,,,,,,,,,0,0,0,0,0,0,0,0,0,0,0,0
'380859,Goods of heading 3808 containing one or more of the following substances: alachlor (ISO); aldicarb ...,0,0,0,0,0,0,0,0,0,0,0,0,,,,,,,,,,,,,,,0,0,0,0,0,0,0,0,0,0,0,307
'380869,"Goods of heading 3808, containing alpha-cypermethrin ""ISO"", bendiocarb ""ISO"", bifenthrin ""ISO"", ...",0,0,0,0,0,0,0,0,0,0,0,0,,,,,,,,,,,,,,,0,0,0,0,0,0,203,0,0,0,0,0
'380893,"Herbicides, anti-sprouting products and plant-growth regulators, put up in forms or packings ...",0,0,0,0,0,0,0,0,0,0,0,0,,,,,,,,,,,,,,,0,5088,4598,2984,5727,10725,4791,9603,15844,4918,0,0
'381190,"Oxidation inhibitors, gum inhibitors, viscosity improvers, anti-corrosive preparations and ...",0,0,0,0,0,0,0,0,0,0,0,0,,,,,,,,,,,,,,,39,0,0,0,0,0,0,0,0,0,15,85
'381231,"Mixtures of oligomers of 2,2,4-trimethyl-1,2-dihydroquinoline ""TMQ""",0,0,0,0,0,0,0,0,0,0,0,0,,,,,,,,,,,,,,,0,0,0,0,0,0,0,0,0,0,0,0
'381800,"Chemical elements and compounds doped for use in electronics, in the form of discs, wafers, ...",0,0,0,0,0,0,0,0,0,0,0,0,,,,,,,,,,,,,,,0,0,0,0,0,0,0,0,0,0,0,0
'382219,"Diagnostic or laboratory reagents on a backing, prepared diagnostic or laboratory reagents ...",0,0,18,0,0,0,0,0,0,0,0,0,,,,,,,,,,,,,,,1469,1019,1641,1738,2450,1590,1632,1689,1585,635,1335,1941
'382319,"Fatty acids, industrial, monocarboxylic; acid oils from refining (excl. stearic acid, oleic ...",0,0,0,0,0,0,0,0,0,0,0,0,,,,,,,,,,,,,,,18558,24521,10908,9669,16749,18627,14494,12653,20289,11221,4207,29459
'382450,Non-refractory mortars and concretes,0,0,0,0,0,0,0,0,0,0,0,0,,,,,,,,,,,,,,,198,250,364,272,340,389,238,224,353,206,250,241
'382768,"Mixtures containing other hydrofluorocarbons ""HFCs"" than in subheadings of 3827 till 3827.59, ...",0,0,0,0,0,0,0,0,0,0,0,0,,,,,,,,,,,,,,,0,0,0,0,0,0,0,0,0,0,0,0
'390220,"Polyisobutylene, in primary forms",0,0,0,0,0,0,0,0,0,0,0,0,,,,,,,,,,,,,,,0,1105,2561,0,0,0,661,0,1449,0,1569,0
'390440,"Vinyl chloride copolymers, in primary forms (excl. vinyl chloride-vinyl acetate copolymers)",0,0,0,0,0,0,0,0,0,0,0,0,,,,,,,,,,,,,,,0,0,0,0,0,0,0,0,0,0,0,0
'390519,"Poly""vinyl acetate"", in primary forms (excl. in aqueous dispersion)",0,0,0,0,0,0,0,0,0,0,0,0,,,,,,,,,,,,,,,0,0,0,0,0,0,0,0,0,0,0,0
'390529,"Vinyl acetate copolymers, in primary forms (excl. in aqueous dispersion)",0,0,0,0,0,0,0,0,0,0,0,0,,,,,,,,,,,,,,,0,0,0,0,0,0,0,0,0,0,0,0
'390939,"Amino-resins, in primary forms (excl. urea, thiourea and melamine resins and MDI)",0,0,0,0,0,0,0,0,0,0,0,0,,,,,,,,,,,,,,,4,0,0,0,0,0,0,0,0,0,0,0
'391400,"Ion-exchangers based on polymers of heading 3901 to 3913, in primary forms",0,0,0,0,0,0,0,0,0,0,0,0,,,,,,,,,,,,,,,0,0,0,0,0,0,0,0,0,0,0,0
'391620,"Monofilament with any cross-sectional dimension of > 1 mm, rods, sticks and profile shapes, ...",0,0,0,0,0,0,0,0,0,0,0,0,,,,,,,,,,,,,,,910,806,598,981,731,660,881,886,632,643,910,1191
'391710,"Artificial guts ""sausage casings"" of hardened protein or cellulose materials",0,0,0,0,0,0,0,0,0,0,0,0,,,,,,,,,,,,,,,0,0,0,0,0,0,0,0,0,0,0,0
'391732,"Flexible tubes, pipes and hoses of plastics, not reinforced or otherwise combined with other ...",0,0,0,0,0,0,0,0,0,0,0,0,,,,,,,,,,,,,,,4237,3147,4127,3276,2573,1723,4094,3856,3490,5622,5328,6019
'391910,"Self-adhesive plates, sheets, film, foil, tape, strip and other flat shapes, of plastics, in ...",0,0,0,0,0,0,0,0,0,0,0,0,,,,,,,,,,,,,,,267,236,225,387,202,226,197,330,224,343,335,210
'392020,"Plates, sheets, film, foil and strip, of non-cellular polymers of ethylene, not reinforced, ...",0,0,0,0,0,0,0,0,0,0,0,0,,,,,,,,,,,,,,,1950,1529,591,1927,1782,1640,1386,1254,1802,727,1527,1528
'392059,"Plates, sheets, film, foil and strip, of non-cellular acrylic polymers, not reinforced, laminated, ...",0,0,0,0,0,0,0,0,0,0,0,0,,,,,,,,,,,,,,,0,0,0,0,0,0,0,0,0,0,0,0
'392092,"Plates, sheets, film, foil and strip, of non-cellular polyamides, not reinforced, laminated, ...",0,0,0,0,0,0,0,0,0,0,0,0,,,,,,,,,,,,,,,0,0,0,0,0,0,0,0,0,0,0,0
'392094,"Plates, sheets, film, foil and strip, of non-cellular phenolic resins, not reinforced, laminated, ...",0,0,0,0,0,0,0,0,0,0,0,0,,,,,,,,,,,,,,,0,0,0,0,0,0,0,0,0,0,0,0
'392220,"Lavatory seats and covers, of plastics",0,0,0,0,0,0,0,0,0,0,0,0,,,,,,,,,,,,,,,0,19,0,0,24,0,0,0,0,0,0,32
'392330,"Carboys, bottles, flasks and similar articles for the conveyance or packaging of goods, of ...",0,0,0,0,0,0,0,0,0,0,0,0,,,,,,,,,,,,,,,1353,1730,1296,1802,1446,1282,1130,1192,938,1083,1467,1213
'392350,"Stoppers, lids, caps and other closures, of plastics",0,0,0,0,0,0,0,0,0,0,0,0,,,,,,,,,,,,,,,1883,2053,1710,2354,2232,2296,2886,2240,1626,1561,1431,1997
'400220,"Butadiene rubber ""BR"", in primary forms or in plates, sheets or strip",0,0,0,0,0,0,0,0,0,0,0,0,,,,,,,,,,,,,,,0,0,0,0,0,0,0,0,0,0,0,0
'400239,"Halo-isobutene-isoprene rubber ""CIIR"" or ""BIIR"", in primary forms or in plates, sheets or strip",0,0,0,0,0,0,0,0,0,0,0,0,,,,,,,,,,,,,,,0,0,0,0,0,0,0,0,0,0,0,0
'400260,"Isoprene rubber ""IR"", in primary forms or in plates, sheets or strip",0,0,0,0,0,0,0,0,0,0,0,0,,,,,,,,,,,,,,,0,0,0,0,0,0,0,0,0,0,0,0
'400300,"Reclaimed rubber in primary forms or in plates, sheets or strip",0,0,0,0,0,0,0,0,0,0,0,0,,,,,,,,,,,,,,,0,0,0,0,0,0,0,0,0,0,0,0
'400520,"Compounded rubber, unvulcanised, in the form of solutions or dispersions (excl. rubber compounded ...",0,0,0,0,0,0,0,0,0,0,0,0,,,,,,,,,,,,,,,0,0,0,0,0,0,0,0,0,0,0,0
'400912,"Tubes, pipes and hoses, of vulcanised rubber (excl. hard rubber), not reinforced or otherwise ...",0,0,0,0,0,0,0,0,0,0,0,0,,,,,,,,,,,,,,,6,0,8,11,0,4,7,4,0,22,2,0
'400921,"Tubes, pipes and hoses, of vulcanised rubber (excl. hard rubber), reinforced or otherwise combined ...",0,0,0,0,0,0,0,0,0,0,0,0,,,,,,,,,,,,,,,0,0,0,24,0,7,0,0,23,0,6,0
'401110,"New pneumatic tyres, of rubber, of a kind used for motor cars, incl. station wagons and racing ...",0,0,0,0,0,0,0,0,0,0,0,0,,,,,,,,,,,,,,,618,938,1392,692,1759,1865,2112,1064,928,1523,972,416
'401410,"Sheath contraceptives, of vulcanised rubber (excl. hard rubber)",0,0,0,0,0,0,0,0,0,0,0,0,,,,,,,,,,,,,,,58,0,0,0,0,57,0,0,0,0,0,0
'401490,"Hygienic or pharmaceutical articles, incl. teats, of vulcanised rubber (excl. hard rubber), ...",0,0,0,0,0,0,0,0,0,0,0,0,,,,,,,,,,,,,,,0,0,0,0,0,0,0,0,0,0,0,0
'401691,"Floor coverings and mats, of vulcanised rubber (excl. hard rubber), with chamfered sides, rounded ...",0,0,0,0,0,0,0,0,0,0,0,0,,,,,,,,,,,,,,,221,6,124,111,17,98,0,0,0,149,182,2
'401700,"Hard rubber, e.g. ebonite, in all forms, incl. waste and scrap; articles of hard rubber, n.e.s.",0,0,0,0,0,0,0,0,0,0,0,0,,,,,,,,,,,,,,,0,0,0,0,0,0,0,0,0,0,0,0
'410150,"Whole raw hides and skins of bovine ""incl. buffalo"" or equine animals, whether or not dehaired ...",0,0,0,0,0,0,0,0,0,0,0,0,,,,,,,,,,,,,,,4417,3754,5726,4865,6950,6223,6362,6747,5901,4629,4458,5950
'410510,"Skins of sheep or lambs, in the wet state ""incl. wet-blue"", tanned, without wool on, whether ...",0,0,0,0,0,0,0,0,0,0,0,0,,,,,,,,,,,,,,,0,0,0,0,0,0,0,0,0,0,0,0
'410692,"Hides and skins of antelopes, deer, elks, elephants and other animals, incl. sea animals, without ...",0,0,0,0,0,0,0,0,0,0,0,0,,,,,,,,,,,,,,,0,0,0,0,0,0,0,0,0,0,0,0
'410711,"Full grains leather ""incl. parchment-dressed leather"", unsplit, of the whole hides and skins ...",0,0,0,0,0,0,0,0,0,0,0,0,,,,,,,,,,,,,,,0,0,0,0,0,0,0,0,0,0,0,0
'410792,"Grain splits leather ""incl. parchment-dressed leather"", of the portions, strips or sheets of ...",0,0,0,0,0,0,0,0,0,0,0,0,,,,,,,,,,,,,,,610,125,124,182,299,231,227,229,52,276,110,483
'411320,"Leather further prepared after tanning or crusting ""incl. parchment-dressed leather"", of pigs, ...",0,0,0,0,0,0,0,0,0,0,0,0,,,,,,,,,,,,,,,0,0,0,0,0,0,0,0,0,0,0,0
'420211,"Trunks, suitcases, vanity cases, executive-cases, briefcases, school satchels and similar containers, ...",0,0,0,0,0,0,0,0,0,0,0,0,,,,,,,,,,,,,,,0,0,0,0,0,0,0,0,0,0,0,0
'420221,"Handbags, whether or not with shoulder straps, incl. those without handles, with outer surface ...",0,0,0,0,0,0,0,0,0,0,0,0,,,,,,,,,,,,,,,290,276,267,149,514,339,411,326,562,295,313,367
'420310,"Articles of apparel, of leather or composition leather (excl. clothing accessories, footware ...",0,0,0,0,0,0,0,0,0,0,0,0,,,,,,,,,,,,,,,45,52,22,0,125,66,34,30,12,37,53,20
'420330,"Belts and bandoliers, of leather or composition leather",0,0,0,0,0,0,0,0,0,0,0,0,,,,,,,,,,,,,,,42,56,109,44,20,97,51,54,48,36,59,68
'430400,"Artificial fur and articles thereof (excl. gloves made of leather and artificial fur, footware ...",0,0,0,0,0,0,0,0,0,0,0,0,,,,,,,,,,,,,,,0,0,0,0,0,0,0,0,0,0,0,0
'440112,"Fuel wood, in logs, billets, twigs, faggots or similar forms, non-coniferous",0,0,0,0,0,0,0,0,0,0,0,0,,,,,,,,,,,,,,,0,0,0,0,0,0,0,0,0,0,0,0
'440149,"Wood waste and scrap, not agglomerated (excl. sawdust)",0,0,0,0,0,0,0,0,0,0,0,0,,,,,,,,,,,,,,,0,0,0,7,11,6,6,4,3,7,4,8
'440321,"Pine ""Pinus spp."" in the rough, of which the smallest cross-sectional dimension is =>15 cm, ...",0,0,0,0,0,0,0,0,0,0,0,0,,,,,,,,,,,,,,,0,0,0,0,0,0,0,0,0,0,0,0
'440349,"Tropical wood in the rough, whether or not stripped of bark or sapwood, or roughly squared ...",0,0,0,0,0,0,0,0,0,0,0,0,,,,,,,,,,,,,,,100,0,0,0,0,46,176,0,70,41,0,0
'220421,"Wine of fresh grapes, incl. fortified wines, and grape must whose fermentation has been arrested ...",0,0,123,0,0,0,0,0,64,0,0,43,,,,,,,,,,,,,,,47735,51505,42617,62031,50171,61784,48609,46749,50747,32932,38588,49264
'071331,"Dried, shelled beans of species ""Vigna mungo [L.] Hepper or Vigna radiata [L.] Wilczek"", whether ...",496,1599,3050,2069,1908,1010,1152,441,0,0,0,375,,,,,,,,,,,,,,,2035,2831,6246,6205,7964,4319,2932,1435,576,835,2149,4860
'050590,"Skins and other parts of birds, with their feathers or down, feathers and parts of feathers, ...",618,329,628,406,479,516,346,647,610,446,282,404,,,,,,,,,,,,,,,874,607,933,743,794,953,746,1147,804,797,587,603
'410441,"Full grains leather, unsplit and grain splits leather, in the dry state ""crust"", of hides and ...",0,0,0,0,956,718,0,0,460,0,141,453,,,,,,,,,,,,,,,17661,17031,18564,14154,15586,16324,20203,14911,13054,14751,12246,16625
'300212,Antisera and other blood fractions,0,0,1050,496,1128,1109,1011,1040,589,402,531,624,,,,,,,,,,,,,,,1434,2370,2578,2381,2657,2624,2862,2812,2209,2142,1471,3001
'020714,Frozen cuts and edible offal of fowls of the species Gallus domesticus,959,293,0,0,225,706,845,970,595,627,461,802,,,,,,,,,,,,,,,10837,13706,14549,15315,16720,7525,7632,8722,10089,8489,5421,6054
'120242,"Groundnuts, shelled, whether or not broken (excl. seed for sowing, roasted or otherwise cooked)",0,0,244,0,0,0,0,0,0,0,0,826,,,,,,,,,,,,,,,67025,65860,64782,78418,74521,102810,102901,74079,76973,72902,64528,84710
'030617,"Frozen shrimps and prawns, even smoked, whether in shell or not, incl. shrimps and prawns in ...",1900,0,0,3687,1270,0,1849,745,1252,1655,999,1469,,,,,,,,,,,,,,,65033,33776,24315,39525,85295,166579,166909,55727,59210,107565,63930,77870
'440711,"Pine ""Pinus spp."" sawn or chipped lengthwise, sliced or peeled, whether or not planed, sanded ...",1825,1633,2296,941,2262,2785,1713,1597,1792,948,2495,1542,,,,,,,,,,,,,,,11849,9829,11567,10538,12069,14607,12815,11281,11167,10633,12651,12105
'410419,"Hides and skins of bovine ""incl. buffalo"" or equine animals, in the wet state ""incl. wet-blue"", ...",2765,2666,2195,2785,2231,2474,3162,1921,1137,1901,1511,1558,,,,,,,,,,,,,,,5712,5223,5225,4081,4663,5048,5937,3964,3635,4138,4040,4747
'520100,"Cotton, neither carded nor combed",1611,1810,2181,1672,5798,5743,5704,8267,3355,4510,3139,2272,,,,,,,,,,,,,,,4646,3783,6085,5632,11476,12713,14670,14712,10994,8879,9373,8021
'230110,"Flours, meals and pellets, of meat or offal, unfit for human consumption; greaves",1757,1356,3062,2552,3016,3005,4080,3746,3649,2922,2171,2878,,,,,,,,,,,,,,,3413,2870,5222,4314,5186,5431,6486,5704,6101,5436,4156,5577
'030743,"Cuttle fish and squid, frozen, with or without shell",756,1354,4599,3936,1478,0,0,0,0,0,736,2921,,,,,,,,,,,,,,,98588,93160,92649,47823,13451,8190,6342,2917,3243,33210,119917,154876
'230400,"Oilcake and other solid residues, whether or not ground or in the form of pellets, resulting ...",97235,80243,110343,113399,108743,114634,55229,71742,53395,48030,0,43707,,,,,,,,,,,,,,,708433,739592,757962,736976,819055,796614,701881,800985,571181,590172,387976,662725
'270900,"Petroleum oils and oils obtained from bituminous minerals, crude",0,0,0,0,0,0,0,0,0,0,0,45045,,,,,,,,,,,,,,,509852,277702,738842,417595,689786,604862,527181,646022,654338,528570,321729,709596
'100199,"Wheat and meslin (excl. seed for sowing, and durum wheat)",0,0,0,0,0,0,0,0,105805,169971,154815,127426,,,,,,,,,,,,,,,159999,208379,154105,142503,202833,197162,163718,290967,618293,836045,598787,345912
'100590,Maize (excl. seed for sowing),140222,106944,143186,168764,119917,21894,54451,63077,35424,65257,46781,172425,,,,,,,,,,,,,,,816100,697270,651003,768536,490154,363293,370822,328444,282041,328100,284003,992001