"Bilateral trade between Taipei, Chinese and Viet Nam ",,,,,,,,,,,,,,,,,,,,,,,,,,,,,,,,,,,,,,,
Product: TOTAL All products,,,,,,,,,,,,,,,,,,,,,,,,,,,,,,,,,,,,,,,
,,,,,,,,,,,,,,,,,,,,,,,,,,,,,,,,,,,,,,,
"Sources: ITC calculations based on Directorate General of Customs Administration, Ministry of Finance statistics.",,,,,,,,,,,,,,,,,,,,,,,,,,,,,,,,,,,,,,,
"Bilateral trade data have been reported by Taipei, Chinese",,,,,,,,,,,,,,,,,,,,,,,,,,,,,,,,,,,,,,,
,,,,,,,,,,,,,,,,,,,,,,,,,,,,,,,,,,,,,,,
"Taipei, Chinese's exports have been reported by Taipei, Chinese",,,,,,,,,,,,,,,,,,,,,,,,,,,,,,,,,,,,,,,
,,,,,,,,,,,,,,,,,,,,,,,,,,,,,,,,,,,,,,,
,,,,,,,,,,,,,,,,,,,,,,,,,,,,,,,,,,,,,,,
Unit : US Dollar thousand,,,,,,,,,,,,,,,,,,,,,,,,,,,,,,,,,,,,,,,
,,,,,,,,,,,,,,,,,,,,,,,,,,,,,,,,,,,,,,,
Product code,Product label,"Taipei, Chinese's exports to Viet Nam",,,,,,,,,,,,Viet Nam's imports from world,,,,,,,,,,,,,"Taipei, Chinese's exports to world",,,,,,,,,,,,
,,Value in 2025-M04,Value in 2025-M05,Value in 2025-M06,Value in 2025-M07,Value in 2025-M08,Value in 2025-M09,Value in 2025-M10,Value in 2025-M11,Value in 2025-M12,Value in 2026-M01,Value in 2026-M02,Value in 2026-M03,,Value in 2025-M04,Value in 2025-M05,Value in 2025-M06,Value in 2025-M07,Value in 2025-M08,Value in 2025-M09,Value in 2025-M10,Value in 2025-M11,Value in 2025-M12,Value in 2026-M01,Value in 2026-M02,Value in 2026-M03,,Value in 2025-M04,Value in 2025-M05,Value in 2025-M06,Value in 2025-M07,Value in 2025-M08,Value in 2025-M09,Value in 2025-M10,Value in 2025-M11,Value in 2025-M12,Value in 2026-M01,Value in 2026-M02,Value in 2026-M03
'TOTAL,All products,1371716,1582091,1351906,1686697,1674899,1628529,1528915,1559459,1783278,2056292,1438087,2184000,,,,,,,,,,,,,,,49005120,53165581,53685667,56399745,57678082,54244625,60563275,63692349,62452873,65783953,49936369,79579159
'854239,"Electronic integrated circuits (excl. such as processors, controllers, memories and amplifiers)",374904,447212,389393,453265,448513,515319,471218,428407,437199,583090,422604,476174,,,,,,,,,,,,,,,10706254,11283053,13496222,12002526,13406643,15354486,13683047,14389619,14017222,14247353,11234401,15712347
'854231,"Electronic integrated circuits as processors and controllers, whether or not combined with ...",61649,87763,103938,182281,239265,127988,136350,169350,220046,308075,192010,409698,,,,,,,,,,,,,,,2566079,2538366,2320433,2733300,2546975,2765542,2708720,2301945,2450372,2451355,1949559,2749610
'854232,Electronic integrated circuits as memories,67376,121767,37250,81528,32988,27956,28016,50290,45967,76775,84286,86750,,,,,,,,,,,,,,,2166255,2714844,2353898,2415849,3009952,2208775,2600092,3626270,3715013,4315431,3888457,5246109
'853400,Printed circuits,33202,35026,26656,35975,32929,31651,31703,27577,76373,61482,45119,72640,,,,,,,,,,,,,,,421770,451612,408689,468967,448319,415836,479737,472043,474212,573121,395686,499588
'847330,Parts and accessories of automatic data-processing machines or for other machines of heading ...,36443,29769,33392,41699,37441,37441,31652,33000,50057,50105,50780,55663,,,,,,,,,,,,,,,2561290,3374277,1940523,7729415,2844335,1664600,1770359,1691768,1769577,1983968,1664483,2273093
'271019,"Medium oils and preparations, of petroleum or bituminous minerals, not containing biodiesel, ...",1617,1845,7549,8576,1946,1818,1704,1942,2196,2373,1724,50479,,,,,,,,,,,,,,,740253,512513,963786,823370,822439,882974,699839,806291,958602,862391,722361,1130574
'900219,"Objective lenses (excl. for cameras, projectors or photographic enlargers or reducers)",31340,32663,30895,47695,49183,54284,47246,44812,53987,57980,42826,45126,,,,,,,,,,,,,,,139528,120832,137380,197455,201196,207111,198273,169761,188416,194918,147030,182576
'600410,"Knitted or crocheted fabrics, of a width of > 30 cm, containing >= 5% by weight elastomeric ...",26841,34875,32912,30960,29872,39166,25367,30184,33128,26786,21107,35552,,,,,,,,,,,,,,,59065,75373,70722,62586,67824,78191,60628,58559,67490,56016,44291,69190
'852351,"Solid-state, non-volatile data storage devices for recording data from an external source [flash ...",6240,6890,5970,10033,10087,14104,6612,6987,10169,6779,10171,26574,,,,,,,,,,,,,,,624272,738029,847814,689434,757850,773336,801967,994425,921165,1056328,997517,1337331
'600632,"Dyed fabrics, knitted or crocheted, of synthetic fibres, of a width of > 30 cm (excl. warp ...",18625,18953,14390,17887,19343,21828,17662,16896,20002,22723,16497,24291,,,,,,,,,,,,,,,50754,51854,45343,46189,57675,57185,49707,48152,53888,55268,45141,57103
'852491,"Flat panel display modules, whether or not incorporating touch-sensitive screens, with drivers ...",12422,17998,12309,22418,15513,17728,20471,15733,19298,24352,12862,19470,,,,,,,,,,,,,,,231236,306073,251149,304108,300159,266836,291518,253995,252501,283619,204124,266305
'291736,Terephthalic acid and its salts,16060,17916,12183,13623,16799,21524,13384,17776,20755,17399,23118,18104,,,,,,,,,,,,,,,34436,47265,24446,22167,29212,42596,63676,33244,30169,33008,35337,21971
'390130,"Ethylene-vinyl acetate copolymers, in primary forms",13315,14905,13722,12596,8549,13328,13633,13661,14542,12921,7588,16713,,,,,,,,,,,,,,,42530,43979,42138,38961,35271,42260,48377,42938,42413,44811,30824,53190
'853224,"Fixed electrical capacitors, ceramic dielectric, multilayer (excl. power capacitors)",12250,11219,11202,13786,12578,14034,10240,11358,15509,16753,10164,16092,,,,,,,,,,,,,,,131818,125226,129678,138009,131947,133518,128835,142868,136897,153134,106033,146772
'540752,"Woven fabrics of yarn containing >= 85% by weight of textured polyester filaments, incl. monofilament ...",12733,10806,8926,10817,11345,15304,10561,8637,13060,14550,9915,13979,,,,,,,,,,,,,,,49107,45694,37806,39171,46860,45899,38857,36186,46738,45551,37017,37828
'390330,"Acrylonitrile-butadiene-styrene copolymers ""ABS"", in primary forms",9230,9508,7646,9877,8032,7597,6407,7149,6867,7330,5112,13926,,,,,,,,,,,,,,,78367,85489,76556,76320,71855,57715,65950,64904,60530,73017,55766,93968
'590320,"Textile fabrics impregnated, coated, covered or laminated with polyurethane (excl. wallcoverings ...",8810,10370,7075,7161,6970,7150,6376,6203,7817,10926,8555,13004,,,,,,,,,,,,,,,30767,32166,23162,22567,25610,22535,22858,22770,28567,29662,26939,34186
'540742,"Woven fabrics of filament yarn containing >= 85% nylon or other polyamides by weight, incl. ...",11011,10730,7771,12877,12222,17595,12798,9416,12403,11817,8107,12802,,,,,,,,,,,,,,,31279,31756,23970,28897,31209,37047,28981,24736,32592,27191,21924,31131
'390950,"Polyurethanes, in primary forms",9659,15945,8418,10874,9929,10097,10916,10135,12240,15257,5807,12679,,,,,,,,,,,,,,,32679,38404,27265,27228,31142,27695,29020,28864,32393,33787,21670,33677
'390410,"Poly""vinyl chloride"", in primary forms, not mixed with any other substances",13390,13311,13384,13994,14931,9951,10184,9859,10359,11820,5973,12101,,,,,,,,,,,,,,,71320,75994,74495,65028,70304,62349,53088,52475,53758,65229,54272,66861
'720839,"Flat-rolled products of iron or non-alloy steel, of a width of >= 600 mm, in coils, simply ...",8350,7542,12651,7069,14183,14778,15857,10416,9511,9220,12451,11206,,,,,,,,,,,,,,,59368,45062,52225,42686,78017,64943,62216,70092,39865,47218,54537,41304
'853669,Plugs and sockets for a voltage <= 1.000 V (excl. lamp holders),3507,5217,3923,11394,12453,11152,12885,8329,14589,17239,7370,10780,,,,,,,,,,,,,,,45693,52739,49940,61086,64912,60606,61047,75692,66655,76174,48885,67127
'903149,"Optical instruments, appliances and machines for measuring or checking, not elsewhere specified ...",4446,4111,4375,5729,4008,5088,4071,2649,4581,3965,3572,10156,,,,,,,,,,,,,,,48401,37584,45777,42638,38034,43231,44148,41310,40657,40577,22623,51309
'854160,Mounted piezo-electric crystals,8770,8794,8539,9980,8721,10580,9095,8869,7722,9055,6530,9952,,,,,,,,,,,,,,,67994,63469,66892,74095,73676,76910,73057,73244,70891,76924,58740,74203
'741021,"Refined copper foil, backed, of a thickness ""excl. any backing"" of <= 0,15 mm (excl. stamping ...",4747,4968,3524,4523,7570,5198,5620,5178,6093,6038,4643,9542,,,,,,,,,,,,,,,81482,87146,73555,69319,83607,73943,76311,96491,86440,81881,70018,101814
'590390,"Textile fabrics impregnated, coated, covered or laminated with plastics other than poly""vinyl ...",7657,8714,5297,5370,5162,6085,4793,4977,6223,8140,5861,9465,,,,,,,,,,,,,,,21940,20678,15051,14610,13728,13796,11606,12369,14818,17143,12700,19398
'720838,"Flat-rolled products of iron or non-alloy steel, of a width of >= 600 mm, in coils, simply ...",12076,7421,7886,4671,8999,8947,11127,5854,7859,11546,7388,8901,,,,,,,,,,,,,,,22199,14452,14514,10174,21504,20294,23979,21438,15336,24037,14990,15047
'853221,"Fixed electrical capacitors, tantalum (excl. power capacitors)",5091,4345,4412,5274,10644,9597,3532,4342,8401,11989,6046,8584,,,,,,,,,,,,,,,19490,17120,16248,18096,23295,22579,15346,18525,21415,25512,18219,23949
'722530,"Flat-rolled products of alloy steel other than stainless, of a width of >= 600 mm, not further ...",5211,3335,1597,6686,2803,2599,3229,3588,3988,5458,2128,8342,,,,,,,,,,,,,,,17552,14890,12455,17471,15531,16790,13194,14735,13668,17990,13593,16783
'400219,"Styrene-butadiene rubber ""SBR""; carboxylated styrene-butadiene rubber ""XSBR"", in primary forms ...",4879,5832,5907,6011,6545,4822,6062,5159,6533,6277,3128,7344,,,,,,,,,,,,,,,40598,46144,39481,35338,33993,27261,33334,31036,35938,34756,34116,45015
'851762,"Machines for the reception, conversion and transmission or regeneration of voice, images or ...",3405,4891,5033,5097,5663,10658,5800,4712,7219,6720,4550,7152,,,,,,,,,,,,,,,813054,921251,976897,1021267,897998,919626,882288,1067009,1159450,1292980,1012448,1478206
'854141,"Light emitting diodes ""LED""",4959,5053,4376,6665,9560,9099,7808,7732,6106,8040,7726,6875,,,,,,,,,,,,,,,88202,90804,88216,97094,99784,100346,97891,92555,89474,102786,72143,92531
'390319,"Polystyrene, in primary forms (excl. expansible)",3757,4733,4981,3968,4923,3468,3126,3653,4358,4312,1680,6719,,,,,,,,,,,,,,,35526,38303,37821,28687,30139,27485,26420,28200,30355,27632,26544,29916
'390740,"Polycarbonates, in primary forms",5134,5071,3108,3677,4566,3379,4052,3873,4702,5534,4972,6678,,,,,,,,,,,,,,,40829,48303,40474,36914,41388,39676,32759,34894,35142,47876,33959,53770
'740311,"Copper, refined, in the form of cathodes and sections of cathodes",6260,12216,11444,0,1934,0,0,0,7933,7662,7601,6382,,,,,,,,,,,,,,,197179,206326,234608,39606,3978,13333,8080,8423,21912,155036,76654,30901
'392690,"Articles of plastics and articles of other materials of heading 3901 to 3914, n.e.s (excl. ...",3813,4591,3890,4750,4624,4726,4401,4338,4386,5541,3586,6378,,,,,,,,,,,,,,,140702,173660,152709,148688,156182,154284,137806,137513,139673,149999,125283,136792
'853690,"Electrical apparatus for switching electrical circuits, or for making connections to or in ...",3342,4496,3918,5140,4076,5636,6651,4957,7879,4166,4188,6219,,,,,,,,,,,,,,,65911,81060,75620,75450,72260,73073,65597,71216,74964,80332,56919,74524
'382499,"Chemical products and preparations of the chemical or allied industries, incl. those consisting ...",4387,5376,3906,6931,5790,6762,5128,7507,4390,8736,3522,6201,,,,,,,,,,,,,,,111442,99780,107385,116015,135207,115110,99836,98190,86392,131761,103296,143816
'284180,"Tungstates ""wolframates""",0,0,0,337,1816,372,1847,2498,990,1671,3258,6109,,,,,,,,,,,,,,,3960,4848,4494,3176,6434,5683,4174,6694,6635,9291,7779,12857
'540769,Woven fabrics of yarn containing >= 85% by weight of mixtures of textured and non-textured ...,2003,3119,1776,2012,4797,4308,3138,3294,7496,5332,3698,5973,,,,,,,,,,,,,,,5676,7754,6276,5091,9723,8270,5785,6797,12581,8634,5781,9142
'871499,"Parts and accessories, for bicycles, n.e.s.",3707,6864,4399,5255,2872,4169,4171,4536,4415,5829,3450,5842,,,,,,,,,,,,,,,83458,122666,104379,103334,97889,84861,79739,91052,96129,98195,90670,90201
'290250,Styrene,1346,6,11152,6088,9883,4118,4021,9714,8545,2434,10138,5806,,,,,,,,,,,,,,,16482,10204,30704,26781,29824,14032,25049,26044,33657,16040,32995,43766
'999999,Commodities not elsewhere specified,5031,5596,5217,6315,5687,5711,5535,5621,5607,5662,3429,5805,,,,,,,,,,,,,,,130943,138479,142613,155265,141447,140619,131647,136602,153304,126395,102198,130004
'850450,Inductors (excl. inductors for discharge lamps or tubes),4361,4719,4460,5721,4056,3972,3582,3053,3944,5804,3602,5712,,,,,,,,,,,,,,,49247,51147,48084,51629,53577,47025,47645,49026,48875,60711,42323,59154
'271320,Petroleum bitumen,5566,1972,6411,5277,5472,8713,3552,6041,7455,5724,4185,5386,,,,,,,,,,,,,,,5665,5053,14652,5406,5596,11601,3682,11624,7455,11469,4263,6449
'960719,Slide fasteners (excl. fitted with chain scoops of base metal),4590,5141,4249,4639,4671,5112,2207,3770,5025,3679,3563,5362,,,,,,,,,,,,,,,12559,14192,10980,12199,11847,11014,7640,9833,12519,10445,10423,14366
'240220,"Cigarettes, containing tobacco",6818,9509,8551,5872,7894,13715,13983,21837,12665,14927,3810,5327,,,,,,,,,,,,,,,21807,28770,19320,18504,17861,20595,20958,31399,18129,19983,7369,11787
'392190,"Plates, sheets, film, foil and strip, of plastics, reinforced, laminated, supported or similarly ...",3283,4155,2291,3517,4394,3903,2985,3205,4491,4900,3638,5279,,,,,,,,,,,,,,,43964,46617,41280,43072,47748,42177,43953,50885,50436,48328,43532,54206
'400220,"Butadiene rubber ""BR"", in primary forms or in plates, sheets or strip",2653,3504,2905,2706,2644,2490,3107,3505,2586,3335,2209,5189,,,,,,,,,,,,,,,14521,18756,11551,11600,13472,10998,12495,14289,12397,12930,10938,19507
'854129,Transistors with a dissipation rate >= 1 W (excl. photosensitive transistors),3098,3784,2690,3846,2462,2949,3084,4570,5081,4182,4401,5108,,,,,,,,,,,,,,,80389,93210,85253,88770,85112,87234,78465,88636,93059,91443,62378,102690
'390230,"Propylene copolymers, in primary forms",3483,3819,3812,2652,4119,2618,3109,2951,3816,2948,1880,5034,,,,,,,,,,,,,,,21353,18802,20453,19076,24036,19278,19744,20220,21847,23475,14364,29320
'851779,"Parts of telephone sets, telephones for cellular networks or for other wireless networks and ...",5269,3622,2104,3065,3530,3675,2390,3143,2850,3366,2692,5007,,,,,,,,,,,,,,,329831,395157,384786,331498,517021,506488,462990,507098,462176,494041,368900,429666
'830210,"Hinges of all kinds, of base metal",6340,6184,6910,6909,3889,3369,5337,1226,898,1030,1551,4980,,,,,,,,,,,,,,,25876,25895,28463,22434,27377,17630,19968,18683,22074,27409,18425,26691
'540233,Textured filament yarn of polyester (excl. that put up for retail sale),5441,5131,4031,5030,5624,5106,5293,5733,4747,3877,2890,4892,,,,,,,,,,,,,,,17562,18021,17134,16035,16897,15111,14520,14639,13247,13011,10005,14397
'847170,Storage units for automatic data-processing machines,1373,1301,718,4602,791,1218,935,1850,3374,2488,1838,4801,,,,,,,,,,,,,,,68629,89510,61113,51787,55370,56384,71355,80382,78886,62585,57709,72894
'760120,Unwrought aluminium alloys,1202,4305,5306,4795,2038,4146,4656,4788,3562,5425,2981,4780,,,,,,,,,,,,,,,13291,17035,14972,14087,13693,14822,16465,15234,13561,19513,12093,15990
'390110,"Polyethylene with a specific gravity of < 0,94, in primary forms",2792,5027,7257,6029,3331,3154,2073,2236,2041,1907,1475,4618,,,,,,,,,,,,,,,7879,10442,13675,12080,8908,7964,5537,5998,5612,6297,3967,10960
'847710,Injection-moulding machines for working rubber or plastics,3762,1138,2169,4046,1874,4909,5508,2495,2369,2410,18,4512,,,,,,,,,,,,,,,11904,9609,13263,11179,12021,13792,11271,8126,7671,9695,6745,9822
'290230,Toluene,3,45,0,27,1431,757,647,1378,10,2164,9,4467,,,,,,,,,,,,,,,8412,14411,8081,9308,14944,24018,14142,16455,18209,18411,18138,28117
'845611,"Machine tools for working any material by removal of material, operated by laser (excl. soldering ...",476,214,0,0,77,872,344,282,459,191,0,4378,,,,,,,,,,,,,,,11825,13373,6362,5734,6773,7000,5226,10163,3767,10213,12328,15238
'847180,"Units for automatic data-processing machines (excl. processing units, input or output units ...",759,1220,922,1579,5099,630,1553,3060,27481,5114,1991,4208,,,,,,,,,,,,,,,9450385,5821183,7952176,7846577,12731220,9162221,17795561,13446673,10952549,14074751,6220147,22197573
'760200,"Waste and scrap, of aluminium (excl. slags, scale and the like from iron and steel production, ...",2857,2402,1771,3966,2851,4846,3821,4246,4752,2641,2577,4117,,,,,,,,,,,,,,,35644,31652,27513,31936,28929,35400,27296,36524,37844,41117,31506,44623
'900190,"Lenses, prisms, mirrors and other optical elements, of any material, unmounted (excl. such ...",4660,2195,3650,5709,5053,3728,5296,4559,3647,5064,3142,4051,,,,,,,,,,,,,,,25246,25576,26070,33256,30227,27614,28869,26993,28574,31141,20843,29592
'392113,"Plates, sheets, film, foil and strip, of cellular polyurethanes, unworked or merely surface-worked ...",50,228,202,428,2103,3031,2997,3586,2645,2853,1626,3889,,,,,,,,,,,,,,,4567,5474,5498,4571,10535,10055,9638,12659,10836,11429,9554,12435
'621790,"Parts of garments or clothing accessories, of all types of textile materials, n.e.s. (excl. ...",2059,2597,2174,2926,2271,2677,2055,1731,2987,2210,1089,3888,,,,,,,,,,,,,,,3086,3767,2974,3838,4074,3919,2956,2911,3760,2817,2206,4937
'540792,"Woven fabrics of yarn containing predominantly, but < 85% synthetic filament by weight, incl. ...",2324,1524,1562,2194,2033,2358,2046,2509,2948,2906,1486,3885,,,,,,,,,,,,,,,4106,2807,3915,4109,4448,4113,4054,3552,5126,5335,3443,6507
'854110,"Diodes (excl. photosensitive or light emitting diodes ""LED"")",2255,2838,2261,2091,2077,2202,2998,2556,3035,3835,2587,3638,,,,,,,,,,,,,,,96500,103490,97121,102361,105362,93668,103095,110173,105282,115621,92045,116678
'800300,"Tin bars, rods, profiles and wire, n.e.s.",1261,1346,908,1581,1121,1279,1406,1983,1609,2818,1018,3598,,,,,,,,,,,,,,,5151,6673,5414,7355,5077,5443,5602,7575,6696,9508,5525,11744
'732690,"Articles of iron or steel, n.e.s. (excl. cast articles or articles of iron or steel wire)",3200,3243,3862,4058,3812,3022,2431,2732,3148,2981,1688,3571,,,,,,,,,,,,,,,75206,99260,91669,88851,86523,78896,82097,77847,87678,85091,71764,76310
'854233,Electronic integrated circuits as amplifiers,1014,664,499,595,757,865,1437,1090,808,1968,727,3562,,,,,,,,,,,,,,,8888,6570,7726,17293,20206,13143,12330,14916,15458,22484,14855,23454
'390120,"Polyethylene with a specific gravity of >= 0,94, in primary forms",1929,3011,4064,4958,3096,3044,2958,2559,1882,2419,1189,3489,,,,,,,,,,,,,,,15532,19177,21686,21972,18009,17329,18091,22303,17709,22038,16567,28252
'850760,Lithium-ion accumulators (excl. spent),1567,1819,3235,4580,1475,2073,2597,3160,2976,2401,489,3412,,,,,,,,,,,,,,,50898,81220,78770,62082,63568,48580,48321,64600,68608,72625,66778,57303
'291614,Esters of methacrylic acid,656,2427,2271,1479,1746,1925,248,2396,3056,743,1094,3393,,,,,,,,,,,,,,,9936,11983,14540,10936,12533,11348,5962,9674,15331,7465,6688,15186
'210690,"Food preparations, n.e.s.",986,1942,1636,1001,1538,1281,1594,2002,1645,1981,318,3359,,,,,,,,,,,,,,,56442,70594,69179,60575,64858,60652,58474,62317,61555,63661,46162,57148
'845710,Machining centres for working metal,1006,3313,1657,1710,1953,1658,2018,2702,1784,2121,441,3327,,,,,,,,,,,,,,,48896,59595,63790,51864,53227,47376,46608,44740,46287,36616,31273,51451
'600536,"Unbleached or bleached warp knit fabrics of synthetic fibres ""incl. those made on galloon knitting ...",2708,2493,3085,3686,3519,3138,2704,3019,2666,2469,2985,3308,,,,,,,,,,,,,,,3541,3334,4199,4954,5516,4068,3910,4275,3952,3886,4067,4879
'847150,"Processing units for automatic data-processing machines, whether or not containing in the same ...",166,1774,2055,324,2403,1210,5869,1659,3180,2909,998,3242,,,,,,,,,,,,,,,3640039,7455538,6094238,4870997,3614780,4709532,4040115,8874564,9695728,8261862,8065714,10173394
'490890,"Transfers ""decalcomanias"" (excl. vitrifiable)",1990,3067,2242,2392,3606,3718,2407,2892,2495,2885,2040,3210,,,,,,,,,,,,,,,7457,8806,6796,8860,12129,11100,8834,9755,9050,10768,8705,11337
'390799,"Saturated polyesters in primary forms (excl. polycarbonates, alkyd resins, poly""ethylene terephthalate"" ...",2180,4092,2905,3746,3432,3181,2851,3031,3285,3394,2021,3136,,,,,,,,,,,,,,,52389,59126,59417,54563,59924,49701,48420,54424,48094,54981,37687,56819
'391990,"Self-adhesive plates, sheets, film, foil, tape, strip and other flat shapes, of plastics, whether ...",2512,3488,1929,2527,2449,1839,2402,2351,3404,2873,1610,3065,,,,,,,,,,,,,,,56713,59777,56337,56595,62937,55467,53294,57886,60365,62292,49412,65352
'390311,"Expansible polystyrene, in primary forms",3280,3433,2907,2874,2232,2701,2585,2336,2846,3033,1923,3035,,,,,,,,,,,,,,,28690,31165,26018,27554,26144,24174,23576,19258,22855,23947,22971,26338
'853222,"Fixed electrical capacitors, aluminium electrolytic (excl. power capacitors)",1871,1758,1205,1597,1947,2194,1906,2157,2533,2986,1874,3017,,,,,,,,,,,,,,,25945,21623,21593,24829,21944,20345,19660,23941,23492,25803,16547,25556
'847990,"Parts of machines and mechanical appliances, n.e.s.",1955,2371,1685,2105,1290,1808,2166,1678,2292,2924,2107,2979,,,,,,,,,,,,,,,13295,16515,13522,14649,13483,12149,11876,14233,15299,15900,12708,14872
'590310,"Textile fabrics impregnated, coated, covered or laminated with poly""vinyl chloride"" (excl. ...",2035,2489,1520,2450,2308,2529,2160,2207,2498,3310,2050,2949,,,,,,,,,,,,,,,9424,10341,8903,10202,9965,9480,8554,8923,8584,9715,8647,9105
'410799,"Leather ""incl. parchment-dressed leather"" of the portions, strips or sheets of hides and skins ...",1618,1713,1414,2233,1923,2125,1359,2110,1251,2219,2147,2849,,,,,,,,,,,,,,,4202,4188,4231,4939,4163,4511,2713,3044,2361,3996,3444,4929
'722100,"Bars and rods of stainless steel, hot-rolled, in irregularly wound coils",1336,2037,2181,1086,2556,2039,2458,1597,2423,1964,1884,2796,,,,,,,,,,,,,,,17233,34203,19588,13203,27064,17952,18386,19081,20713,19817,16099,28333
'845290,"Furniture, bases and covers for sewing machines and parts thereof; other parts of sewing machines",1394,2449,1707,1956,1533,1814,1438,1516,1039,1951,850,2789,,,,,,,,,,,,,,,7350,9409,7726,8115,8324,7957,6925,6997,6586,8377,5594,9052
'380991,"Finishing agents, dye carriers to accelerate the dyeing or fixing of dyestuffs, and other products ...",2638,2665,1909,3046,2799,2627,2633,2412,3543,3777,2244,2753,,,,,,,,,,,,,,,9217,8792,7203,7610,8437,7472,8878,8541,10155,10452,8243,10724
'290321,"Vinyl chloride ""chloroethylene""",7087,5676,5548,4019,2762,2770,4119,4130,6615,5135,0,2687,,,,,,,,,,,,,,,15474,19105,13791,10654,15341,9583,11592,13692,16364,13673,4624,15350
'960720,Parts of slide fasteners,1274,2210,1474,1911,2005,2123,1611,1559,2048,2683,1632,2682,,,,,,,,,,,,,,,6537,6685,4982,6636,7531,5774,6185,6193,6705,8098,5500,7685
'741011,"Refined copper foil, not backed, of a thickness of <= 0,15 mm (excl. stamping foils of heading ...",1949,1677,1565,1478,2036,1531,2641,1851,2093,1577,1356,2676,,,,,,,,,,,,,,,111404,118291,108028,96043,112969,88752,103732,113808,117142,129599,117281,145080
'854449,"Electric conductors, for a voltage <= 1.000 V, insulated, not fitted with connectors, n.e.s.",2467,2145,1481,2291,1887,1500,2826,1976,1481,2035,2055,2668,,,,,,,,,,,,,,,23459,22904,23673,20553,19721,15987,18987,20031,19917,21629,18483,24395
'290531,"Ethylene glycol ""ethanediol""",59,45,13,30,2947,3115,52,1903,8,1693,16,2651,,,,,,,,,,,,,,,36248,37704,19654,35287,29314,25174,11144,30457,19670,16300,10639,7960
'230990,Preparations of a kind used in animal feeding (excl. dog or cat food put up for retail sale),2739,2475,2294,2938,2290,3123,1587,2808,1871,2266,1125,2597,,,,,,,,,,,,,,,6714,7041,7091,7003,5760,7731,5556,7099,5526,6382,4202,6782
'390690,"Acrylic polymers, in primary forms (excl. poly""methyl methacrylate"")",1713,2145,1837,2410,1975,2061,2559,2402,1826,1181,1294,2563,,,,,,,,,,,,,,,39509,45898,40377,38538,48990,34065,37874,35951,37524,35926,34693,47762
'847989,"Machines and mechanical appliances, n.e.s.",6953,5388,2622,4083,3743,1522,2024,6384,14434,5737,4643,2475,,,,,,,,,,,,,,,74504,71679,67394,83405,70118,50345,51295,63073,89929,64531,64477,81547
'853321,Fixed electrical resistors for a power handling capacity <= 20 W (excl. heating resistors),1289,1535,1467,1823,1562,2064,1591,2022,2396,2464,1716,2469,,,,,,,,,,,,,,,45665,59119,48675,50319,53074,49263,51256,53604,48602,56506,40805,57206
'722519,"Flat-rolled products of silicon-electrical steel, of a width of >= 600 mm, non-grain-oriented",1137,150,617,567,1439,8885,2919,4502,4799,670,471,2457,,,,,,,,,,,,,,,33397,34884,24229,29915,32903,33899,33364,11540,28277,26255,15413,21297
'350699,"Glues, prepared, and other prepared adhesives, n.e.s.",2435,2880,2102,2737,2275,2358,2726,2390,2193,2872,1153,2408,,,,,,,,,,,,,,,14748,15433,14404,14859,15484,14329,14470,14016,14971,18357,11997,13743
'580410,"Tulles and other net fabrics (excl. woven, knitted or crocheted fabrics)",2197,3240,2245,2830,2416,2175,2189,1843,1788,2233,1387,2384,,,,,,,,,,,,,,,5172,6498,5347,5893,5394,4783,4296,3890,4378,4379,2908,4192
'350610,"Products suitable for use as glues or adhesives put up for retail sale as glues or adhesives, ...",5393,3501,2654,2422,4162,4280,2806,2552,2222,3029,2465,2380,,,,,,,,,,,,,,,10601,10627,9353,8173,9886,10179,8781,8948,8578,8070,6239,8018
'060290,"Live plants, incl. their roots, and mushroom spawn (excl. bulbs, tubers, tuberous roots, corms, ...",1967,1402,1667,1005,936,2135,1168,1434,1151,1529,1204,2377,,,,,,,,,,,,,,,13249,13524,14732,12793,14117,13072,13714,14064,12282,11528,9880,13400
'854442,"Electric conductors for a voltage <= 1.000 V, insulated, fitted with connectors, n.e.s.",479,630,660,1032,1215,515,986,836,814,826,542,2340,,,,,,,,,,,,,,,46810,54881,47036,62423,58144,58799,55008,59691,55798,62905,55489,71119
'390210,"Polypropylene, in primary forms",2338,2322,2579,2718,3515,2699,2484,3154,2638,2392,1151,2339,,,,,,,,,,,,,,,24142,22599,18568,18853,22725,18233,18887,22320,20850,22633,15202,24472
'950639,Golf equipment (excl. balls and complete clubs),1583,1619,1313,2010,1976,1316,1851,1868,2183,1822,1684,2293,,,,,,,,,,,,,,,22917,23169,20259,20021,25938,23506,30029,31676,33050,29565,22351,29599
'540782,"Woven fabrics of yarn containing predominantly, but < 85% synthetic filament by weight, incl. ...",1733,1986,2372,2433,2173,1854,1705,1607,2052,2712,2264,2216,,,,,,,,,,,,,,,3188,3352,3560,3775,3200,3431,2343,2641,3065,3897,3122,3537
'381400,"Organic composite solvents and thinners, n.e.s.; prepared paint or varnish removers (excl. ...",1834,1866,1991,2240,2428,2048,1984,1824,2156,1801,954,2183,,,,,,,,,,,,,,,6015,6060,5217,5346,6526,5017,5824,6643,6505,5505,4762,7413
'640620,"Outer soles and heels, of rubber or plastics",643,635,323,1201,904,642,418,999,912,1545,890,2158,,,,,,,,,,,,,,,1536,1444,1565,2721,2136,2024,1582,2196,2119,3064,1602,3212
'350691,Adhesives based on polymers of headings 3901 to 3913 or on rubber (excl. put up for retail ...,3250,4638,3641,3789,2009,1749,1905,1872,1608,2085,1105,2151,,,,,,,,,,,,,,,24159,25431,23811,24681,19229,16192,16086,16215,15974,18574,10545,16790
'640690,"Parts of footwear; removable in-soles, heel cushions and similar articles; gaiters, leggings ...",2112,2351,1905,2338,2776,3151,3398,3610,3485,2654,2494,2140,,,,,,,,,,,,,,,5687,7852,8155,7499,8026,7799,8962,7991,9157,7106,6975,6322
'850440,Static converters,1610,1728,1863,1339,1512,1954,1872,2873,1378,1417,1544,2138,,,,,,,,,,,,,,,178639,246526,233857,209919,242179,242102,255717,243249,262614,266525,220650,262079
'380993,"Finishing agents, dye carriers to accelerate the dyeing or fixing of dyestuffs, and other products ...",2053,2386,2495,2002,2228,2086,1975,2370,2548,1899,1681,2138,,,,,,,,,,,,,,,3490,3895,3937,3446,4176,3360,3410,3546,3963,3580,2256,3751
'720827,"Flat-rolled products of iron or non-alloy steel, of a width of >= 600 mm, in coils, simply ...",1469,4169,1770,852,2121,755,2383,962,3415,1418,1361,2083,,,,,,,,,,,,,,,24798,14619,16802,19720,17372,14397,13697,10020,9177,20277,16345,12979
'270730,"Xylol ""xylenes"" containing > 50% of xylenes (excl. chemically defined)",3,6,30,2,8,6,8,7,7,7,0,2052,,,,,,,,,,,,,,,3910,18303,2105,8504,2005,12255,10584,5762,15661,14719,20201,17866
'852990,"Parts suitable for use solely or principally with flat panel display modules, transmission ...",4632,4760,3376,4128,3351,2556,1320,2880,3533,3357,2456,1999,,,,,,,,,,,,,,,88027,96037,86946,90720,86308,78741,79025,94757,81101,92501,73395,84044
'392099,"Plates, sheets, film, foil and strip, of non-cellular plastics, n.e.s., not reinforced, laminated, ...",1448,2111,2000,1861,1838,1859,1988,1409,2113,1692,1659,1983,,,,,,,,,,,,,,,25074,32084,29280,27807,26877,26468,27765,27691,28552,28278,19614,27079
'720837,"Flat-rolled products of iron or non-alloy steel, of a width of >= 600 mm, in coils, simply ...",5560,1903,1677,1428,2249,1681,3091,3004,2613,3543,2676,1979,,,,,,,,,,,,,,,13780,6954,7597,4725,6421,7570,6309,7663,6840,16853,7966,6988
'281700,Zinc oxide; zinc peroxide,972,1095,817,968,1140,997,1715,1438,1894,2624,470,1968,,,,,,,,,,,,,,,3725,4353,3420,3114,3965,3581,4165,5001,4363,5816,2401,6357
'381239,Anti-oxidising preparations and other compound stabilisers for rubber or plastics (excl. mixtures ...,1439,1857,1592,1935,1575,1728,1341,1888,1627,2437,720,1936,,,,,,,,,,,,,,,11813,11834,9333,10297,10901,9232,10187,9849,10941,12503,7074,11162
'853229,"Fixed electrical capacitors (excl. tantalum, aluminium electrolytic, ceramic, paper, plastic ...",1845,1610,1095,2432,843,1279,1350,4536,1837,1217,922,1933,,,,,,,,,,,,,,,7171,7091,6040,7353,6296,6540,5773,9506,7336,7638,4755,7239
'540219,"High-tenacity filament yarn of nylon or other polyamides (excl. sewing thread, yarn put up ...",1355,1786,1216,1075,1719,950,1355,1606,1437,1575,890,1920,,,,,,,,,,,,,,,3966,4852,3813,4611,5559,2641,3657,3847,3187,3905,2720,4075
'050510,"Feathers used for stuffing and down, not further worked than cleaned, disinfected or treated ...",3312,4390,3820,2070,1384,527,599,261,776,442,975,1917,,,,,,,,,,,,,,,13765,19971,17136,13505,11155,8898,9704,17834,10784,12588,13246,16027
'731815,"Threaded screws and bolts, of iron or steel, whether or not with their nuts and washers (excl. ...",1694,1498,1597,2111,1904,1889,1538,1812,2197,2283,1289,1837,,,,,,,,,,,,,,,153254,200754,172783,176549,167486,165884,153180,156020,165291,165095,159863,163052
'848180,"Appliances for pipes, boiler shells, tanks, vats or the like (excl. pressure-reducing valves, ...",324,394,527,523,663,469,539,866,1134,2093,877,1812,,,,,,,,,,,,,,,71581,92371,80783,79366,89540,83672,78107,79912,86671,89622,74241,80552
'600690,"Fabrics, knitted or crocheted, of a width of > 30 cm (excl. of man-made fibres, cotton, wool ...",1823,3004,1031,2152,2114,3266,2020,1751,1818,1794,1429,1776,,,,,,,,,,,,,,,5485,6809,3616,5604,5218,7289,4828,4728,4802,6319,4187,4910
'390730,"Epoxide resins, in primary forms",1267,974,1731,1544,1166,957,1369,1083,1568,1276,962,1770,,,,,,,,,,,,,,,42634,49642,40347,38591,42241,40724,40984,49448,48952,51067,44189,59469
'847141,"Data-processing machines, automatic, comprising in the same housing at least a central processing ...",391,604,722,661,593,553,431,837,259,294,593,1731,,,,,,,,,,,,,,,73311,83186,92064,86587,87218,73684,95977,106441,95358,94478,76259,99007
'850300,"Parts suitable for use solely or principally with electric motors and generators, electric ...",1029,1382,1150,1262,1303,512,1661,1057,802,1294,421,1712,,,,,,,,,,,,,,,22896,28652,24951,26991,26322,23728,24941,25125,30887,24162,30762,36449
'284390,"Inorganic or organic compounds of precious metals, whether or not chemically defined (excl. ...",0,0,0,50,0,113,0,0,0,853,0,1688,,,,,,,,,,,,,,,139,79,124,117,72,396,25,105,1818,994,272,1741
'320730,"Liquid lustres and similar preparations of the kind used in the ceramic, enamelling or glass ...",870,1174,1318,1738,1102,1176,1036,1238,2106,1447,1859,1676,,,,,,,,,,,,,,,31090,27892,25107,30546,28198,29019,31603,37011,36870,39844,37805,42227
'284990,"Carbides, whether or not chemically defined (excl. of calcium or silicon, and inorganic or ...",0,546,7,0,478,0,0,974,0,2501,0,1673,,,,,,,,,,,,,,,232,723,825,37,1155,1427,100,1752,912,3960,2214,1688
'820730,"Interchangeable tools for pressing, stamping or punching",635,878,692,842,796,907,495,792,1081,1251,1092,1650,,,,,,,,,,,,,,,9587,11923,9928,11777,10381,10249,9854,12604,9642,12281,8542,12076
'284330,"Gold compounds, inorganic or organic, whether or not chemically defined",338,1355,501,5123,733,1881,619,885,1254,3328,3762,1644,,,,,,,,,,,,,,,973,1968,1949,6365,2350,2734,2459,4410,3472,5609,5478,5340
'640610,Uppers and parts thereof (excl. stiffeners and general parts made of asbestos),148,318,116,278,284,203,361,313,300,446,505,1629,,,,,,,,,,,,,,,345,645,850,790,1080,687,814,769,678,938,969,2008
'390190,"Polymers of ethylene, in primary forms (excl. polyethylene and ethylene-vinyl acetate copolymers)",2243,1902,1696,1862,1177,1127,1666,1971,1774,1612,1099,1624,,,,,,,,,,,,,,,4364,3693,2974,4575,3036,3757,4332,4534,4677,3619,2681,4436
'291739,"Aromatic polycarboxylic acids, their anhydrides, halides, peroxides, peroxyacids and their ...",2600,2332,4310,1282,1586,1697,868,2113,1525,2086,1901,1620,,,,,,,,,,,,,,,27819,20255,17842,18400,14998,17360,14311,17656,20092,21845,21159,31348
'540245,"Filament yarn of nylon or other polyamides, incl. monofilament of < 67 decitex, single, untwisted ...",1677,1848,1131,1440,2036,1880,1772,1321,1485,979,559,1613,,,,,,,,,,,,,,,5770,5804,5317,4629,7401,5409,6660,5648,6226,5646,3374,5907
'030342,"Frozen yellowfin tunas ""Thunnus albacares""",2623,2801,2074,740,2515,1316,1319,2102,571,3523,2455,1608,,,,,,,,,,,,,,,10340,15904,15069,11438,14839,8457,11551,10797,3536,10606,7615,8359
'900211,"Objective lenses for cameras, projectors or photographic enlargers or reducers",403,569,440,494,804,1273,1946,1972,2372,1501,821,1604,,,,,,,,,,,,,,,11994,16696,14609,12610,15382,19459,19309,21594,18771,16281,12418,15367
'320411,Synthetic organic disperse dyes; preparations based on synthetic organic disperse dyes of a ...,3387,2095,1827,2443,3073,2349,2512,1987,2365,4055,2306,1601,,,,,,,,,,,,,,,5500,3396,3906,3581,4730,3960,4245,4046,4553,6034,4301,2967
'853890,"Parts suitable for use solely or principally with the apparatus of heading 8535, 8536 or 8537, ...",3001,1485,2934,7865,3991,1689,2435,1330,1554,2618,1823,1570,,,,,,,,,,,,,,,59459,62164,54428,63421,61888,51491,56729,64255,55826,64617,50469,66049
'853110,Burglar or fire alarms and similar apparatus,1018,1498,1857,886,1786,1397,1393,560,1341,834,794,1561,,,,,,,,,,,,,,,13682,17513,18172,15938,15373,18783,14486,12634,21315,19637,13748,13415
'283325,Sulphates of copper,360,626,633,957,764,697,1023,1074,1466,869,245,1560,,,,,,,,,,,,,,,10096,8211,10671,9732,12030,8221,10033,11333,9386,11857,10113,15266
'391220,"Cellulose nitrates, incl. collodions, in primary forms",1072,1293,963,1754,1064,1251,1123,1426,1746,1115,897,1551,,,,,,,,,,,,,,,4528,4551,4394,4630,4183,4723,4197,5554,5201,5085,4143,5195
'390810,"Polyamides-6, -11, -12, -6,6, -6,9, -6,10 or -6,12, in primary forms",6898,5186,3298,2651,815,897,846,591,837,815,537,1551,,,,,,,,,,,,,,,22186,24785,18185,17731,16040,12752,14742,12803,14622,14724,14104,14100
'842890,"Machinery for lifting, handling, loading or unloading, n.e.s.",235,136,37,186,491,129,69,670,170,123,125,1550,,,,,,,,,,,,,,,9339,10105,12719,11630,8735,9632,10213,11979,10858,13814,6523,13835
'320890,"Paints and varnishes based, incl. enamels and lacquers, on synthetic polymers or chemically ...",850,1205,598,1086,1290,1067,1026,1161,1194,1195,811,1539,,,,,,,,,,,,,,,6988,8521,6354,7497,7724,7514,8661,10665,6761,8003,6201,10203
'900120,Sheets and plates of polarising material,1022,2046,1252,1385,942,901,1180,1391,1300,1678,1550,1535,,,,,,,,,,,,,,,67588,72595,68427,72360,74698,73635,69417,75695,72530,66881,52678,72707
'391110,"Petroleum resins, coumarone, indene or coumarone-indene resins and polyterpenes, in primary ...",683,550,563,805,611,832,445,781,595,755,231,1503,,,,,,,,,,,,,,,8242,11548,9677,7965,8688,8274,8029,8773,9884,7709,7569,12074
'290123,"Butene ""butylene"" and isomers thereof",0,0,0,0,690,1117,0,1786,1172,0,0,1498,,,,,,,,,,,,,,,2411,3241,2478,1285,1909,1117,2158,2542,2617,1292,1113,1982
'740819,"Wire of refined copper, with a maximum cross-sectional dimension of <= 6 mm",1071,1798,832,1264,956,675,1018,1860,1460,1579,1448,1483,,,,,,,,,,,,,,,7873,7510,7866,7155,8698,6386,7566,10253,7380,8592,5053,6477
'030341,"Frozen albacore or longfinned tunas ""Thunnus alalunga""",255,424,0,239,317,654,747,1616,770,1179,263,1471,,,,,,,,,,,,,,,7626,7818,7433,5509,9379,15337,21356,11451,21643,17957,4639,12630
'540710,"Woven fabrics of high-tenacity yarn, nylon, other polyamides or polyesters, incl. monofilament ...",1268,1234,822,833,1185,919,601,463,850,1190,962,1467,,,,,,,,,,,,,,,3324,3084,3240,3271,3830,4121,2676,2396,3165,3451,2418,3525
'844399,"Parts and accessories of printers, copying machines and facsimile machines, n.e.s. (excl. of ...",128,1052,457,929,209,1023,116,588,751,1414,162,1458,,,,,,,,,,,,,,,17542,24344,20285,20826,18275,16895,14460,18032,19868,19864,15315,19010
'600537,"Dyed warp knit fabrics of synthetic fibres ""incl. those made on galloon knitting machines"", ...",959,1167,760,750,595,916,534,385,589,683,606,1446,,,,,,,,,,,,,,,2592,2381,1790,1957,2399,2667,1551,1331,1949,2108,1880,2268
'847790,Parts of machinery for working rubber or plastics or for the manufacture of products from these ...,686,686,785,1373,870,852,1624,863,679,969,882,1440,,,,,,,,,,,,,,,13912,16135,14976,14551,15792,13987,14425,16662,15007,14124,11345,12857
'740921,"Plates, sheets and strip, of copper-zinc base alloys ""brass"", of a thickness of > 0,15 mm, ...",396,287,439,900,413,858,953,1201,1073,738,670,1393,,,,,,,,,,,,,,,6844,5685,7416,6680,6926,5524,6205,8241,6010,5249,5414,7209
'280300,"Carbon ""carbon blacks and other forms of carbon"", n.e.s.",1448,689,1353,1747,993,1275,1647,1727,1170,2644,904,1355,,,,,,,,,,,,,,,5183,4286,3702,5700,4980,4016,4268,4515,4147,4754,3255,5146
'321519,"Printing ink, whether or not concentrated or solid (excl. black ink)",729,1158,825,1065,1133,1224,1489,1187,1267,1915,1251,1351,,,,,,,,,,,,,,,6184,7755,6901,6166,6753,6835,7683,6750,7154,8911,6608,7688
'847780,"Machinery for working rubber or plastics or for the manufacture of products from these materials, ...",4579,4952,1217,2745,3395,2766,1283,2151,2090,2286,1021,1329,,,,,,,,,,,,,,,16098,17113,20533,20449,20993,18194,17193,13200,18393,15226,14261,11809
'320649,"Inorganic or mineral colouring matter, n.e.s.; preparations based on inorganic or mineral colouring ...",837,1507,864,1204,1300,1059,1006,1061,1050,1300,1051,1327,,,,,,,,,,,,,,,2874,3507,3380,3337,4050,3724,3254,3332,3752,3143,2404,3000
'300490,"Medicaments consisting of mixed or unmixed products for therapeutic or prophylactic purposes, ...",1072,872,1234,4722,684,1277,1029,1729,2099,658,110,1312,,,,,,,,,,,,,,,299006,41299,129754,149316,43546,51160,96081,73511,92644,72003,73586,88826
'392062,"Plates, sheets, film, foil and strip, of non-cellular poly""ethylene terephthalate"", not reinforced, ...",604,969,545,677,994,714,397,1072,441,779,829,1306,,,,,,,,,,,,,,,30663,31159,30667,31848,33410,28034,26042,29859,28481,28910,23703,31524
'845730,Multi-station transfer machines for working metal,0,0,0,0,53,154,0,153,0,0,624,1301,,,,,,,,,,,,,,,224,620,82,322,1282,745,289,312,352,1086,719,1515
'844316,Flexographic printing machinery,728,64,0,0,0,0,16,0,0,0,0,1269,,,,,,,,,,,,,,,5177,3664,1985,1461,2629,5222,4288,3158,4186,3014,1703,2491
'390761,"Poly""ethylene terephthalate"", in primary forms, having a viscosity number of >= 78 ml/g",326,703,611,839,909,895,1028,554,473,431,250,1267,,,,,,,,,,,,,,,62818,62085,56691,55934,67975,51885,51922,59720,55088,58078,52483,70930
'850110,"Motors of an output <= 37,5 W",401,895,281,1298,4543,5125,4789,4844,4843,2797,1874,1247,,,,,,,,,,,,,,,15407,16121,10000,12067,19815,17438,18065,16674,17757,16038,9827,14640
'761699,"Articles of aluminium, n.e.s.",722,1322,804,1153,1314,983,1114,1165,817,1087,740,1246,,,,,,,,,,,,,,,46033,54334,49152,52707,49636,46415,50542,48839,49747,51251,43357,51570
'540772,"Woven fabrics of yarn containing >= 85% synthetic filament by weight, incl. monofilament of ...",1829,1871,671,752,1615,1442,1617,519,1286,1901,1781,1239,,,,,,,,,,,,,,,3113,2515,1443,1403,2601,2886,2289,1175,2431,2975,2962,2184
'854330,"Machines and apparatus for electroplating, electrolysis or electrophoresis",1666,0,76,0,1,0,18,4,8,0,0,1221,,,,,,,,,,,,,,,4060,630,2630,732,2352,1366,2170,1503,820,3107,2837,11904
'580632,"Narrow woven fabrics of man-made fibres, with a width of <= 30 cm, n.e.s.",894,1407,981,785,1025,1232,791,868,878,718,839,1220,,,,,,,,,,,,,,,11228,21376,16565,16738,15470,12186,8123,5590,10763,5277,5425,6357
'740322,"Copper-tin base alloys ""bronze"" unwrought",1145,0,1009,1169,188,843,184,228,1057,1129,265,1209,,,,,,,,,,,,,,,1178,1447,1462,1835,392,1006,602,627,1259,1248,265,2993
'721049,"Flat-rolled products of iron or non-alloy steel, of a width of >= 600 mm, hot-rolled or cold-rolled ...",198,201,31,82,197,54,528,372,1386,224,766,1204,,,,,,,,,,,,,,,55395,84205,65196,69721,95529,47984,74237,54404,44025,59438,64565,51687
'830890,"Clasps, frames with clasps without locks, buckles and buckle-clasps, of base metal, for clothing, ...",471,765,443,786,869,666,484,634,682,669,562,1203,,,,,,,,,,,,,,,6482,7772,8193,7051,8813,8206,7916,8119,8157,7470,7865,6257
'390729,"Polyethers, in primary forms (excl. polyacetals, bis(polyoxyethylene) methylphosphonate and ...",676,767,684,653,891,913,918,564,885,1058,664,1196,,,,,,,,,,,,,,,21579,23532,21051,22831,23719,21357,27112,26420,30765,34794,26831,39563
'740721,"Bars, rods and profiles, of copper-zinc base alloys ""brass"", n.e.s.",152,849,508,622,503,145,619,761,430,492,476,1195,,,,,,,,,,,,,,,2443,3256,1983,2167,2922,1956,2310,3034,2475,3097,2016,2931
'847160,"Input or output units for automatic data-processing machines, whether or not containing storage ...",577,215,139,288,461,374,654,645,1280,4022,1134,1171,,,,,,,,,,,,,,,16752,22744,16547,18510,20905,15034,16814,17824,18405,21073,16563,18303
'320412,"Synthetic organic acid dyes, whether or not metallised, and synthetic organic mordant dyes; ...",1054,1483,712,467,658,871,615,567,926,1245,758,1167,,,,,,,,,,,,,,,3395,3202,1970,2069,2746,2145,2488,2542,2765,3122,2037,3420
'320416,Synthetic organic reactive dyes; preparations based on synthetic organic reactive dyes of a ...,1233,1185,509,1029,914,872,682,527,577,850,287,1165,,,,,,,,,,,,,,,5964,7417,5323,4934,4806,4588,3461,3594,5267,4292,4219,6133
'852859,"Monitors (excl. with TV receiver, CRT and those designed for computer use)",465,715,601,665,981,632,733,425,1072,922,503,1157,,,,,,,,,,,,,,,35143,34689,35917,33634,37019,32128,29982,29851,34904,38493,38127,36710
'291539,"Esters of acetic acid (excl. ethyl, vinyl, n-butyl and dinoseb [ISO] acetates)",876,945,912,942,822,1508,1010,827,925,869,495,1156,,,,,,,,,,,,,,,6356,6639,6903,5855,6261,7619,7303,7447,4916,6025,5219,7151
'390320,"Styrene-acrylonitrile copolymers ""SAN"", in primary forms",276,219,342,591,738,977,736,1106,803,292,322,1144,,,,,,,,,,,,,,,8286,7721,6655,7561,8132,6969,7863,8185,7726,9239,5966,11464
'841610,Furnace burners for liquid fuel,128,0,2,0,0,0,0,0,409,55,0,1139,,,,,,,,,,,,,,,128,1,24,26,18,8,1,16,435,65,10,1139
'903033,"Instruments and apparatus for measuring or checking voltage, current, resistance or electrical ...",465,90,649,91,63,78,185,3182,93,6306,314,1137,,,,,,,,,,,,,,,7790,7406,7429,6640,8445,5676,5977,9799,6486,15912,12938,12644
'381700,Mixed alkylbenzenes and mixed alkylnaphthalenes produced by the alkylation of benzene and naphthalene ...,1301,1307,1131,1159,713,446,1209,586,746,1850,934,1136,,,,,,,,,,,,,,,12385,10581,9972,7785,10179,15263,11011,9048,10869,11910,11214,16211
'681513,"Articles of carbon fibres, for non-electrical purposes (excl. fabrics)",776,1153,1000,1213,1802,950,918,1053,868,1015,358,1132,,,,,,,,,,,,,,,3092,3247,3205,3940,3955,3387,3326,2775,3244,2726,1524,3008
'330210,"Mixtures of odoriferous substances and mixtures, incl. alcoholic solutions, with a basis of ...",602,1105,465,373,704,482,1113,725,874,655,229,1127,,,,,,,,,,,,,,,4719,5434,4725,4515,5220,4258,5088,3781,3585,5553,2365,6265
'845961,"Milling machines for metals, numerically controlled (excl. way-type unit head machines, boring-milling ...",120,662,80,567,800,139,255,733,170,697,488,1110,,,,,,,,,,,,,,,1745,3740,2856,2104,2324,1875,3962,2895,2169,2922,2770,3491
'560394,"Nonwovens, whether or not impregnated, coated, covered or laminated, n.e.s., weighing > than ...",872,1291,790,1009,1130,873,1118,993,831,1019,466,1095,,,,,,,,,,,,,,,3304,4117,3709,2991,3967,2909,3510,3837,3761,3909,2663,3626
'630790,"Made-up articles of textile materials, incl. dress patterns, n.e.s.",947,1152,872,830,917,993,722,688,871,982,577,1092,,,,,,,,,,,,,,,9999,12971,10996,10632,10519,11526,9997,10226,11229,11195,10739,11252
'854149,Photosensitive semiconductor devices (excl. photovoltaic generators and cells),720,1948,1476,946,1522,978,1467,1233,1268,1301,1151,1074,,,,,,,,,,,,,,,20666,20624,21047,18201,18183,18628,18932,16588,16784,18250,15175,17545
'845140,"Machines for washing, bleaching or dyeing textile yarns, fabrics or made-up textile articles ...",943,1658,485,504,265,516,226,1180,2254,1478,579,1070,,,,,,,,,,,,,,,5094,8013,4437,3108,2487,3842,3575,4879,7635,4096,3437,4221
'871491,"Frames and forks, and parts thereof, for cycles, n.e.s. (excl. for motorcycles)",462,895,1295,1223,373,684,730,729,406,1015,372,1066,,,,,,,,,,,,,,,33267,50891,48988,49366,44830,34242,29930,36723,35604,35984,33480,34977
'854121,Transistors with a dissipation rate < 1 W (excl. photosensitive transistors),609,982,451,436,477,508,586,308,381,560,455,1064,,,,,,,,,,,,,,,5173,5665,4590,4683,4352,4337,4036,4972,4153,4461,2995,5304
'853340,"Electrical variable resistors, incl. rheostats and potentiometers (excl. wirewound variable ...",341,464,353,413,351,457,476,452,639,692,605,1061,,,,,,,,,,,,,,,23015,25633,23509,22460,23264,20255,20775,22418,21388,24019,17722,26017
'850151,"AC motors, multi-phase, of an output > 37,5 W but <= 750 W",583,916,615,549,412,13,1320,1324,1670,1152,1038,1059,,,,,,,,,,,,,,,5320,5623,4480,5997,3982,6066,7363,6948,9080,8078,6355,7708
'731816,Nuts of iron or steel,503,631,480,558,607,492,511,528,816,757,494,1056,,,,,,,,,,,,,,,62881,82760,70457,74035,73502,70000,65190,69105,72617,71794,67633,72254
'852589,"Television cameras, digital cameras and video camera recorders (excl. high-speed, radiation-hardened ...",263,480,381,603,417,780,661,1282,1381,794,1207,1040,,,,,,,,,,,,,,,85615,103291,88364,100880,97486,88257,86556,87556,92166,79091,69018,84038
'903089,"Instruments and apparatus for measuring or checking electrical quantities, without recording ...",87,511,877,223,472,80,665,177,997,31,758,1037,,,,,,,,,,,,,,,3062,4315,20140,9992,5408,5221,3756,8697,5466,4747,4755,6259
'600631,"Unbleached or bleached fabrics, knitted or crocheted, of synthetic fibres, of a width of > ...",1379,1049,1123,1518,1229,1225,1662,1148,1220,2020,831,1031,,,,,,,,,,,,,,,3102,2883,3121,2670,2174,2128,2380,2049,1732,2848,1529,1894
'600590,"Warp knit fabrics ""incl. those made on galloon knitting machines"", of a width of > 30 cm (excl. ...",655,428,624,855,2249,1618,1765,745,695,682,650,1022,,,,,,,,,,,,,,,1264,1197,1085,1556,2849,2099,2664,1183,1040,892,1094,1399
'846792,"Parts of pneumatic tools for working in the hand, n.e.s.",453,860,823,1009,545,460,257,139,286,326,235,1018,,,,,,,,,,,,,,,7494,9713,9653,8674,8089,6954,7119,6902,6293,7588,6043,6731
'830810,"Hooks, eyes and eyelets, of base metal, of a kind used for clothing, footwear, awnings, handbags, ...",854,953,864,926,1050,722,962,716,678,853,557,1013,,,,,,,,,,,,,,,2717,2705,2595,3048,2955,2567,2338,2204,2320,2997,1916,2426
'722012,"Flat-rolled products of stainless steel, of a width of < 600 mm, not further worked than hot-rolled, ...",519,757,941,247,634,777,492,575,965,597,180,1010,,,,,,,,,,,,,,,1236,1152,1637,776,1375,984,691,836,1323,833,397,1605
'847350,Parts and accessories equally suitable for use with machines of two or more of the headings ...,775,776,743,823,714,1005,1154,740,1083,705,614,1009,,,,,,,,,,,,,,,7555,7434,7613,8219,6799,7850,8622,8196,7152,7843,6123,8238
'853650,Switches for a voltage <= 1.000 V (excl. relays and automatic circuit breakers),873,851,971,1129,921,857,849,561,647,984,606,1005,,,,,,,,,,,,,,,24431,26585,25484,24540,26324,24951,23611,25163,26878,26149,19029,24829
'480525,"Testliner ""recycled liner board"", uncoated, in rolls of a width > 36 cm or in square or rectangular ...",1307,1583,1095,1742,1392,1299,1445,1895,1651,1384,841,993,,,,,,,,,,,,,,,7758,10298,8415,8802,8640,7259,10251,10324,13064,10609,5659,11555
'270750,"Aromatic hydrocarbon mixtures of which >= 65% by volume, incl. losses, distils at 250¡C by ...",1246,50,1771,60,31,1055,900,0,54,1960,0,986,,,,,,,,,,,,,,,9672,15738,14040,8051,4272,5500,6924,7616,8798,6122,4587,7079
'540247,"Filament yarn of polyester, incl. monofilament of < 67 decitex, single, untwisted or with a ...",1116,680,481,603,1059,930,586,642,524,1215,439,984,,,,,,,,,,,,,,,5154,4010,3160,3589,5250,3837,3839,4658,3821,4563,3422,5001
'480258,"Uncoated paper and paperboard, of a kind used for writing, printing or other graphic purposes, ...",334,113,170,28,27,328,448,334,576,55,660,945,,,,,,,,,,,,,,,621,387,479,199,251,576,580,498,834,239,705,1137
'520512,"Single cotton yarn, of uncombed fibres, containing >= 85% cotton by weight and with a linear ...",760,770,155,1122,1222,1011,947,1386,979,1041,711,942,,,,,,,,,,,,,,,2785,2313,2320,2521,4076,3545,4802,3694,3751,4037,3514,4552
'580620,"Narrow woven fabrics of textile materials, containing >= 5% elastomeric yarn or rubber thread ...",829,950,733,734,736,887,750,582,678,1044,690,939,,,,,,,,,,,,,,,2506,2628,1947,1702,2178,2386,1927,1945,2314,2556,1802,2596
'600633,"Fabrics, knitted or crocheted, of synthetic fibres, of yarns of different colours, of a width ...",558,340,268,348,349,369,291,772,532,513,374,936,,,,,,,,,,,,,,,3177,2696,1914,995,1525,1709,1443,1928,2034,1656,1074,2116
'740710,"Bars, rods and profiles, of refined copper, n.e.s.",678,719,605,647,593,661,720,687,662,861,809,934,,,,,,,,,,,,,,,18977,17195,10049,9191,13902,13271,15247,11539,12032,19543,12712,18450
'540232,"Textured filament yarn of nylon or other polyamides, with a linear density of > 50 tex per ...",811,1567,992,1468,1389,963,1296,1960,2077,1794,387,923,,,,,,,,,,,,,,,2196,2716,2033,2953,2552,1813,2432,3133,2738,2709,662,1625
'741980,"Articles of copper, n.e.s.",990,723,753,803,976,881,965,1190,1053,757,744,921,,,,,,,,,,,,,,,13690,14796,14550,16321,15484,13824,15019,14290,15177,16241,12586,15342
'590210,"Tyre cord fabric of high-tenacity yarn of nylon or other polyamides, whether or not dipped ...",845,1187,1010,984,924,961,1128,1144,1312,935,781,903,,,,,,,,,,,,,,,4049,3910,3870,3440,3419,2998,3236,3613,3022,3035,2299,2907
'230230,"Bran, sharps and other residues of wheat, whether or not in the form of pellets, derived from ...",419,790,665,898,1191,567,535,542,464,646,881,896,,,,,,,,,,,,,,,420,790,694,936,1191,568,580,548,465,647,881,921
'600110,"""Long pile"" fabrics, knitted or crocheted",827,585,497,888,641,936,635,506,721,378,250,892,,,,,,,,,,,,,,,856,658,497,959,788,1096,1095,557,863,540,562,1063
'903040,"Instruments and apparatus for measuring or checking electrical quantities, specifically for ...",546,170,98,563,338,396,782,1004,217,502,438,886,,,,,,,,,,,,,,,29355,18311,23969,19496,14434,12351,11190,9786,13529,19349,20374,28408
'400299,"Synthetic rubber and factice derived from oils, in primary forms or in plates, sheets or strip ...",510,973,831,1040,811,547,883,651,567,662,421,885,,,,,,,,,,,,,,,12639,21737,17030,13584,15190,14291,14675,17143,14760,16948,10185,19437
'600490,"Knitted or crocheted fabrics, of a width of > 30 cm, containing >= 5% by weight elastomeric ...",318,839,608,755,640,677,596,559,195,769,296,877,,,,,,,,,,,,,,,604,1367,984,1192,1030,928,947,1130,475,1098,565,1178
'681511,Carbon fibres,296,649,205,578,244,655,405,796,74,761,146,876,,,,,,,,,,,,,,,5253,5949,2775,5726,3692,5980,4985,5511,5199,5148,2361,4825
'847950,"Industrial robots, n.e.s.",295,654,204,392,301,508,580,312,785,1027,216,873,,,,,,,,,,,,,,,8536,12298,9970,7868,11246,9115,10571,12191,9566,12357,8497,9715
'950440,Playing cards,346,355,174,515,166,340,507,844,511,144,865,867,,,,,,,,,,,,,,,1421,2111,1887,2325,1222,1292,1368,2687,3711,871,1983,3834
'720826,"Flat-rolled products of iron or non-alloy steel, of a width of >= 600 mm, in coils, simply ...",798,740,1059,789,1459,787,1005,301,1243,1128,670,860,,,,,,,,,,,,,,,8595,3470,5200,4249,8175,3472,7420,4812,4390,7042,4864,4421
'381090,"Fluxes and other auxiliary preparations for soldering, brazing or welding; preparations of ...",419,373,295,532,461,505,578,543,694,577,671,858,,,,,,,,,,,,,,,1608,1694,1676,1703,2064,1692,2251,1685,1970,1808,1760,2404
'850790,"Plates, separators and other parts of electric accumulators, n.e.s.",400,708,505,317,629,411,672,726,1012,737,226,850,,,,,,,,,,,,,,,2752,2477,3199,1871,2085,2148,2949,2454,4168,4568,2507,5555
'871410,"Parts and accessories of motorcycles, incl. mopeds, n.e.s.",708,997,636,935,457,618,623,618,685,833,428,849,,,,,,,,,,,,,,,34055,45413,38464,37433,37883,36961,35696,39458,40894,35598,38583,31286
'721810,"Steel, stainless, in ingots and other primary forms (excl. waste and scrap in ingot form, and ...",688,395,180,552,869,811,679,1343,1088,689,458,839,,,,,,,,,,,,,,,706,468,780,637,1362,981,866,1671,1291,984,557,884
'848190,"Parts of valves and similar articles for pipes, boiler shells, tanks, vats or the like, n.e.s.",679,1095,724,935,555,636,1011,560,982,1315,479,832,,,,,,,,,,,,,,,31129,39119,33354,35314,33069,31059,31165,32338,32266,36088,31449,32496
'390791,"Unsaturated polyallyl esters and other polyesters, in primary forms (excl. polycarbonates, ...",446,275,379,492,435,428,525,616,754,321,137,830,,,,,,,,,,,,,,,7667,8293,5956,7393,6638,6705,7591,6470,6409,7526,6036,6446
'903090,Parts and accessories for instruments and apparatus for measuring or checking electrical quantities ...,1241,1134,2319,1729,1275,647,692,1006,1337,743,986,814,,,,,,,,,,,,,,,79746,97019,93559,98968,99404,86296,101825,83329,102425,109149,71402,99549
'320417,Synthetic organic pigments; preparations based on synthetic organic pigments of a kind used ...,933,751,414,876,613,715,591,546,679,717,375,806,,,,,,,,,,,,,,,5159,4403,3576,4489,4625,3769,4184,4710,4602,4562,2734,4773
'551519,"Woven fabrics containing predominantly, but < 85% polyester staple fibres by weight, other ...",833,1369,545,597,1047,997,848,1144,949,859,656,806,,,,,,,,,,,,,,,1775,1889,1085,1395,1976,2013,1739,1759,1752,1401,1212,1587
'540231,"Textured filament yarn of nylon or other polyamides, with a linear density of <= 50 tex per ...",443,950,1215,993,846,697,1021,664,1024,1111,442,801,,,,,,,,,,,,,,,4900,5158,5964,4965,4093,4132,4360,5388,5729,5802,4138,4774
'030389,"Frozen fish, n.e.s.",982,882,1091,734,853,1306,2102,437,533,888,1052,792,,,,,,,,,,,,,,,4628,5312,4493,4166,5042,5679,7060,6558,5733,5941,5009,4584
'871494,"Brakes, incl. coaster braking hubs and hub brakes, and parts thereof, for cycles (excl. for ...",616,1008,685,837,409,1025,771,666,517,915,365,791,,,,,,,,,,,,,,,12370,18870,14852,17669,16307,15027,14125,16596,18739,18135,14008,16443
'851769,"Apparatus for the transmission or reception of voice, images or other data, incl. apparatus ...",500,791,1049,791,768,693,625,504,239,328,363,784,,,,,,,,,,,,,,,43043,56442,46677,51637,50171,47701,41557,40028,35132,29427,24731,30316
'903180,"Instruments, appliances and machines for measuring or checking, not elsewhere specified in ...",708,1313,972,603,554,469,410,617,589,591,1232,780,,,,,,,,,,,,,,,25711,35517,37736,35370,37216,47558,42220,31006,49091,30086,18983,71476
'392010,"Plates, sheets, film, foil and strip, of non-cellular polymers of ethylene, not reinforced, ...",495,412,196,217,178,211,568,220,271,771,179,771,,,,,,,,,,,,,,,5723,5254,5866,4271,5205,4455,4432,4911,4796,5341,3780,6038
'611790,"Parts of garments or clothing accessories, knitted or crocheted, n.e.s.",629,981,568,1040,833,678,692,603,976,1451,1021,766,,,,,,,,,,,,,,,2283,2495,2183,2200,2565,3493,2614,3458,2916,3367,2125,1743
'820559,"Hand tools, incl. glaziers' diamonds, of base metal, n.e.s.",444,987,439,437,499,262,694,519,610,892,568,765,,,,,,,,,,,,,,,48606,71731,60892,55734,56407,52568,46899,49828,55367,54394,48796,41142
'854411,"Winding wire for electrical purposes, of copper, insulated",730,692,488,630,510,575,766,566,683,720,748,765,,,,,,,,,,,,,,,5459,6291,6089,6252,6167,4921,5828,6076,6373,6847,5487,6529
'480519,"Fluting paper, uncoated, in rolls of a width > 36 cm or in square or rectangular sheets with ...",593,507,948,622,984,887,974,900,684,1555,823,763,,,,,,,,,,,,,,,10775,9358,11732,8811,14092,12327,15800,13219,15494,12608,7258,16083
'310221,"Ammonium sulphate (excl. that in tablets or similar forms, or in packages with a gross weight ...",230,868,425,1643,800,1544,620,530,538,1740,432,763,,,,,,,,,,,,,,,828,1299,976,2508,2392,2167,2032,838,1075,2425,895,2937
'400251,"Latex of acrylonitrile-butadiene rubber ""NBR""",50,0,0,0,47,0,0,0,0,0,0,757,,,,,,,,,,,,,,,8110,7522,7103,4801,6204,4511,3959,3338,3984,5242,5800,7572
'290512,"Propan-1-ol ""propyl alcohol"" and propan-2-ol ""isopropyl alcohol""",518,562,500,655,487,557,698,660,446,486,344,755,,,,,,,,,,,,,,,10078,13203,12293,10201,12578,11214,14414,10480,12601,8711,8417,9310
'848049,"Moulds for metal or metal carbides (excl. moulds of graphite or other carbons, ceramic or glass ...",462,269,686,640,693,402,759,617,490,511,311,752,,,,,,,,,,,,,,,5777,4374,5000,4322,4425,3815,4501,3767,3612,3740,3017,3650
'321000,"Paints and varnishes, incl. enamels, lacquers and distempers (excl. those based on synthetic ...",504,708,450,956,952,872,646,583,528,680,476,745,,,,,,,,,,,,,,,1983,3230,4490,3144,4334,4067,4825,3725,3524,5285,2996,4415
'846693,Parts and accessories for machine tools for working material by removing material of headings ...,328,527,519,550,558,496,552,706,601,875,437,742,,,,,,,,,,,,,,,49004,54861,48284,52597,50182,42341,43077,46267,49352,49007,39210,50804
'310430,"Potassium sulphate (excl. that in tablets or similar forms, or in packages with a gross weight ...",1327,1723,1849,1172,832,658,900,746,731,889,241,737,,,,,,,,,,,,,,,8175,10025,11324,10719,10219,12043,11255,8663,13062,10728,6839,13181
'390710,"Polyacetals, in primary forms",505,442,391,390,510,464,144,669,454,814,243,736,,,,,,,,,,,,,,,7129,7739,8287,8265,9779,6688,7165,7784,7679,7338,5237,9552
'845320,"Machinery for making or repairing footwear of hides, skins or leather (excl. sewing machines)",236,885,687,495,399,925,769,1156,822,514,298,736,,,,,,,,,,,,,,,2843,1846,1531,4046,1669,1820,2493,2402,2152,1741,1624,1526
'780199,Unwrought lead (excl. refined lead and lead containing by weight antimony as the principal ...,1279,52,24,55,27,91,24,119,79,0,0,732,,,,,,,,,,,,,,,1759,583,647,186,518,1101,1078,362,500,268,566,1841
'600199,"Pile fabrics, knitted or crocheted (excl. cotton or man-made fibres and ""long pile"" fabrics)",318,270,302,267,438,586,165,486,243,496,384,731,,,,,,,,,,,,,,,584,464,398,371,753,882,455,855,436,884,604,939
'721070,"Flat products of iron or non-alloy steel, of a width of >= 600 mm, hot-rolled or cold-rolled ...",165,408,73,208,18,437,380,59,312,29,0,731,,,,,,,,,,,,,,,40122,45805,25353,21385,36512,40574,15419,12852,29314,38538,21938,20326
'340242,"Non-ionic organic surface-active agents, whether or not put up for retail sale (excl. soap)",491,390,427,419,556,499,537,771,486,658,417,728,,,,,,,,,,,,,,,8270,6787,8776,5662,8632,7308,5703,7413,5919,7258,5759,7349
'853710,"Boards, cabinets and similar combinations of apparatus for electric control or the distribution ...",335,732,880,335,416,1358,614,468,489,924,174,724,,,,,,,,,,,,,,,58786,75193,79432,69830,88070,87168,102483,107322,109459,110422,109900,113648
'847190,"Magnetic or optical readers, machines for transcribing data onto data media in coded form and ...",658,760,437,906,355,433,57,348,260,395,229,724,,,,,,,,,,,,,,,18379,17831,19247,18145,16977,14779,13245,15450,20071,20487,10065,13317
'854800,"Electrical parts of machinery or apparatus, n.e.s. in chapter 85",618,1067,641,665,472,708,584,511,701,981,659,722,,,,,,,,,,,,,,,12873,14256,13926,13780,13674,14534,13541,16485,13490,17033,11346,12324
'848390,"Toothed wheels, chain sprockets and other transmission elements presented separately; parts ...",433,629,416,629,532,396,474,360,458,709,295,720,,,,,,,,,,,,,,,25144,27171,27450,23819,26135,25429,24096,26386,26605,25781,19467,23022
'560314,"Nonwovens, whether or not impregnated, coated, covered or laminated, n.e.s., of man-made filaments, ...",516,527,411,488,731,567,446,406,472,470,356,718,,,,,,,,,,,,,,,1958,1674,2153,1822,2085,1835,1675,1709,1902,1778,1475,2856
'721710,"Wire of iron or non-alloy steel, in coils, not plated or coated, whether or not polished (excl. ...",555,679,434,817,669,573,685,823,900,1007,425,714,,,,,,,,,,,,,,,3899,4461,4076,3616,4069,3386,3440,4193,3638,3882,2736,3424
'731822,Washers of iron or steel (excl. spring washers and other lock washers),306,383,475,507,438,341,338,582,639,611,299,710,,,,,,,,,,,,,,,7494,9353,7410,7236,6572,6639,7079,7083,7381,7559,6345,6851
'391000,Silicones in primary forms,347,669,579,514,457,594,480,612,544,612,169,706,,,,,,,,,,,,,,,6998,8709,7905,9773,8477,5933,7871,10371,8206,8091,5071,8571
'845811,"Horizontal lathes, incl. turning centres, for removing metal, numerically controlled",1232,1056,1324,198,1138,802,113,490,555,773,119,702,,,,,,,,,,,,,,,18821,20986,22544,18470,18369,20731,13377,16490,17430,15531,14341,16319
'550320,"Staple fibres of polyesters, not carded, combed or otherwise processed for spinning",790,471,927,347,638,748,595,384,936,790,564,692,,,,,,,,,,,,,,,10586,11408,16423,16695,14364,11156,13324,11666,12425,12317,9384,14545
'600622,"Dyed cotton fabrics, knitted or crocheted, of a width of > 30 cm (excl. warp knit fabrics ""incl. ...",1148,627,330,534,1236,1002,590,392,346,456,487,690,,,,,,,,,,,,,,,1593,864,506,1144,1635,1220,786,467,731,995,546,1474
'852341,"Optical media for the recording of sound or of other phenomena, unrecorded (excl. goods of ...",595,403,296,261,433,813,483,863,1050,1155,351,688,,,,,,,,,,,,,,,9151,8677,7923,7149,8158,8065,7351,9071,7288,8906,6110,6459
'848079,Moulds for rubber or plastics (other than injection or compression types),208,266,364,1083,516,541,401,443,567,868,489,683,,,,,,,,,,,,,,,6419,4865,5639,6617,9373,4050,4700,5507,8175,5372,4517,5086
'340290,"Surface-active preparations, washing preparations, incl. auxiliary washing preparations and ...",1032,834,808,752,1056,635,842,1041,620,757,459,682,,,,,,,,,,,,,,,9865,11930,10510,9703,10413,9867,10046,11714,12285,14384,9124,13410
'780110,"Unwrought lead, refined",0,1543,51,413,1052,0,504,499,1302,243,495,682,,,,,,,,,,,,,,,16729,19105,2598,3032,35915,22680,2268,1985,27985,46671,16518,1271
'540753,"Woven fabrics of yarn containing >= 85% by weight of textured polyester filaments, incl. monofilament ...",409,541,162,310,532,496,904,561,240,146,230,672,,,,,,,,,,,,,,,918,1236,947,1314,2407,1399,2118,1788,683,398,468,1035
'580710,"Labels, badges and similar articles, of textile materials, in the piece, in strips or cut to ...",345,392,484,534,616,497,522,388,290,454,457,669,,,,,,,,,,,,,,,1168,1322,1669,1426,1678,1776,1131,1173,1068,1237,1232,1451
'721030,"Flat-rolled products of iron or non-alloy steel, of a width of >= 600 mm, hot-rolled or cold-rolled ...",610,331,613,453,769,588,1002,69,609,629,69,665,,,,,,,,,,,,,,,1487,1825,2107,1950,2574,1401,1647,722,1308,2248,551,1459
'845891,"Lathes, incl. turning centres, for removing metal, numerically controlled (excl. horizontal ...",141,773,549,667,192,390,181,113,882,40,213,657,,,,,,,,,,,,,,,12582,12468,11799,11719,14708,13299,10054,8786,16460,6756,8224,11417
'340490,"Artificial waxes and prepared waxes (excl. poly""oxyethylene"" [polyethylene glycol] waxes)",651,460,315,426,322,616,392,898,420,615,350,654,,,,,,,,,,,,,,,5103,3658,2819,5126,2177,3063,2350,3720,2686,2114,2870,3952
'845390,"Parts of machinery for preparing, tanning or working hides, skins or leather or for making ...",468,769,462,435,357,429,507,451,458,525,452,648,,,,,,,,,,,,,,,936,1324,1031,843,843,890,1067,867,979,991,984,1210
'721499,"Bars and rods, of iron or non-alloy steel, only hot-rolled, only hot-drawn or only hot-extruded ...",636,476,299,645,260,307,430,190,480,373,270,640,,,,,,,,,,,,,,,1470,1704,1302,1185,1723,1357,1315,2759,1731,1316,1296,1796
'340391,Textile lubricant preparations and preparations of a kind used for the oil or grease treatment ...,283,391,483,332,401,312,433,496,425,545,154,637,,,,,,,,,,,,,,,734,824,810,684,694,743,644,1042,612,952,418,890
'845380,"Machinery for making or repairing articles of hides, skins or leather (excl. footwear and sewing ...",2101,861,1496,363,1453,1516,1214,321,949,1785,255,635,,,,,,,,,,,,,,,3338,1749,2091,1638,2112,2135,2065,915,1430,2234,772,2399
'340311,Textile lubricant preparations and preparations of a kind used for the oil or grease treatment ...,621,529,289,490,469,498,580,430,424,671,222,630,,,,,,,,,,,,,,,931,1098,616,854,790,810,999,841,802,994,382,1148
'854190,"Parts of diodes, transistors and similar semiconductor devices; photosensitive semiconductor ...",461,515,320,380,337,465,426,417,660,488,339,630,,,,,,,,,,,,,,,21711,22405,22449,21549,21403,21004,19297,20762,21311,20972,15810,22802
'410441,"Full grains leather, unsplit and grain splits leather, in the dry state ""crust"", of hides and ...",595,1028,888,888,460,572,358,689,748,732,349,623,,,,,,,,,,,,,,,848,1568,1424,1264,1004,900,713,987,1033,1098,600,877
'482390,"Paper, paperboard, cellulose wadding and webs of cellulose fibres, in strips or rolls of a ...",376,344,464,591,529,541,582,493,412,678,357,618,,,,,,,,,,,,,,,5352,5485,5605,5135,5091,5421,5225,4554,5206,5230,4239,5807
'540246,"Filament yarn of polyester, incl. monofilament of < 67 decitex, single, untwisted or with a ...",78,54,73,254,92,139,131,84,376,27,243,618,,,,,,,,,,,,,,,3915,3031,3510,3639,3472,3360,3338,2781,3227,3168,2772,3918
'470710,"Recovered ""waste and scrap"" paper or paperboard of unbleached kraft paper, corrugated paper ...",1156,362,945,493,1159,1227,465,801,760,474,401,616,,,,,,,,,,,,,,,1839,1311,1314,1071,1378,1438,1832,1297,1741,1580,1615,1584
'841381,"Pumps for liquids, power-driven (excl. those of subheading 8413.11 and 8413.19, fuel, lubricating ...",80,366,241,725,500,614,180,569,597,1089,242,614,,,,,,,,,,,,,,,10068,14073,12121,11674,14108,12885,12458,10006,10273,12471,8740,9679
'551599,"Woven fabrics containing predominantly, but < 85% synthetic staple fibres, other than those ...",350,153,198,557,615,425,477,841,492,700,453,608,,,,,,,,,,,,,,,442,282,289,786,914,804,933,992,710,941,583,703
'480524,"Testliner ""recycled liner board"", uncoated, in rolls of a width > 36 cm or in square or rectangular ...",611,585,500,340,935,285,554,913,569,677,268,603,,,,,,,,,,,,,,,4066,5192,3961,2478,3515,2805,5890,3812,7246,5593,820,5599
'848340,"Gears and gearing for machinery (excl. toothed wheels, chain sprockets and other transmission ...",728,1050,506,716,736,522,665,653,872,431,335,602,,,,,,,,,,,,,,,85091,107906,94238,92555,100726,77728,84956,103773,86930,92606,82974,96218
'390750,"Alkyd resins, in primary forms",590,490,717,531,462,281,571,847,614,551,547,599,,,,,,,,,,,,,,,1837,2055,2018,1295,1637,1402,1555,1852,1276,1670,1803,1896
'845221,"Automatic sewing machines, industrial type",612,247,453,586,530,344,171,179,432,583,273,598,,,,,,,,,,,,,,,2318,1939,1690,1670,2678,929,1300,1011,1609,1805,620,1427
'720441,"Turnings, shavings, chips, milling waste, sawdust, filings, trimmings and stampings of iron ...",602,544,755,423,382,223,252,412,567,380,665,596,,,,,,,,,,,,,,,1592,1775,1014,1798,1244,1328,993,1157,1723,785,1456,1558
'830140,Locks of base metal (excl. padlocks and locks for motor vehicles or furniture),236,470,247,731,366,372,360,269,803,490,110,586,,,,,,,,,,,,,,,26073,34553,32262,29771,27136,29376,24309,25636,29593,26411,26317,23176
'760612,"Plates, sheets and strip, of aluminium alloys, of a thickness of > 0,2 mm, square or rectangular ...",403,159,297,88,287,21,269,464,437,112,228,582,,,,,,,,,,,,,,,16437,20210,23981,17927,23444,18174,18147,18364,18928,26321,19183,27969
'292320,"Lecithins and other phosphoaminolipids, whether or not chemically defined",170,320,368,301,213,268,383,396,495,688,232,580,,,,,,,,,,,,,,,558,585,548,398,463,527,512,674,862,1086,289,948
'391910,"Self-adhesive plates, sheets, film, foil, tape, strip and other flat shapes, of plastics, in ...",381,229,121,384,247,351,151,229,382,355,311,578,,,,,,,,,,,,,,,14786,17568,15731,13978,14686,13784,14407,12509,13599,14462,12008,14173
'950670,"Ice skates and roller skates, incl. skating boots with skates or rollers attached",297,316,94,157,171,185,113,301,491,398,165,575,,,,,,,,,,,,,,,936,749,755,552,754,622,334,561,965,506,300,1052
'321290,"Pigments, incl. metallic powders and flakes, dispersed in non-aqueous media, in liquid or paste ...",435,403,273,404,445,317,240,284,468,294,99,575,,,,,,,,,,,,,,,915,1355,1195,997,955,1166,750,1104,1412,1267,638,1342
'721990,"Flat-rolled products of stainless steel, of a width of >= 600 mm, hot-rolled or cold-rolled ...",237,537,178,709,566,460,215,655,641,506,174,573,,,,,,,,,,,,,,,2497,3877,6615,5791,7416,5845,4765,7359,6360,6453,5077,5348
'411320,"Leather further prepared after tanning or crusting ""incl. parchment-dressed leather"", of pigs, ...",446,424,142,241,276,346,323,432,96,376,310,571,,,,,,,,,,,,,,,1056,871,436,681,584,676,763,996,871,839,660,1069
'846692,"Parts and accessories for machine tools for working wood, cork, bone, hard rubber, hard plastics ...",698,863,300,570,488,455,201,412,436,328,196,570,,,,,,,,,,,,,,,8394,9271,8476,8299,9016,6858,6085,7587,6273,8122,4986,6603
'291611,Acrylic acid and its salts,244,472,307,161,320,359,328,258,83,408,119,569,,,,,,,,,,,,,,,657,1028,916,697,973,944,594,935,579,907,229,894
'852499,"Flat panel display modules, whether or not incorporating touch-sensitive screens, with drivers ...",726,689,681,462,497,2,278,2,541,690,271,566,,,,,,,,,,,,,,,5923,6132,5805,6332,6744,3353,3688,4342,3035,5185,4300,5558
'844610,Weaving machines for weaving fabrics of a width <= 30 cm,0,0,0,0,0,0,0,0,0,558,447,554,,,,,,,,,,,,,,,446,641,254,0,33,12,73,38,159,558,1021,554
'847982,"Mixing, kneading, crushing, grinding, screening, sifting, homogenising, emulsifying or stirring ...",718,1038,117,917,252,213,357,159,6590,132,993,551,,,,,,,,,,,,,,,8883,7540,4583,5517,5007,5045,6501,4690,14340,5252,6244,4662
'381210,Prepared rubber accelerators,520,529,258,448,473,426,344,399,318,419,307,548,,,,,,,,,,,,,,,1029,904,678,870,910,735,754,858,711,899,676,993
'600192,"Pile fabrics of man-made fibres, knitted or crocheted (excl. ""long pile"" fabrics)",852,1432,753,1060,912,769,825,418,320,857,545,547,,,,,,,,,,,,,,,2244,2685,2093,1769,3281,2144,2182,2195,1931,1801,1906,2053
'580610,"Narrow woven pile fabrics, incl. terry towelling and similar terry fabrics, and chenille fabrics, ...",631,632,255,328,438,266,225,225,207,196,163,546,,,,,,,,,,,,,,,2059,1856,2123,1490,958,1130,1378,887,1067,1489,945,1475
'210610,Protein concentrates and textured protein substances,258,763,264,169,499,75,142,102,267,528,99,546,,,,,,,,,,,,,,,754,1297,758,659,1085,821,577,766,629,1145,434,955
'842839,"Continuous-action elevators and conveyors, for goods or materials (excl. those for underground ...",643,2429,675,91,376,735,250,498,969,562,28,542,,,,,,,,,,,,,,,9890,20526,10558,9742,11630,11601,20211,14797,10310,11167,6655,5783
'722830,"Bars and rods of alloy steel other than stainless, not further worked than hot-rolled, hot-drawn ...",356,319,487,472,373,396,320,394,688,351,475,542,,,,,,,,,,,,,,,7547,6202,5222,4148,4841,5453,4990,5475,9006,6412,4290,6598
'851439,"Electric industrial or laboratory furnaces and ovens (excl. resistance heated, induction, dielectric, ...",133,21,45,35,26,356,1367,690,54,72,79,538,,,,,,,,,,,,,,,2024,1290,1198,1828,2111,1538,3558,1273,2027,2855,2946,3353
'482110,"Paper or paperboard labels of all kinds, printed",448,533,710,484,742,525,416,442,545,436,347,538,,,,,,,,,,,,,,,3737,3959,4830,4026,4203,3833,3003,3475,3967,4706,2937,4695
'540832,"Woven fabrics of yarn containing predominantly, but < 85% artificial filament by weight, incl. ...",568,929,644,174,255,196,191,1070,1079,464,569,538,,,,,,,,,,,,,,,918,2006,898,432,642,504,533,2192,2869,1140,1086,2289
'848790,"Parts of machinery of chapter 84, not intended for a specific purpose, n.e.s.",390,405,581,338,462,286,388,762,537,260,488,535,,,,,,,,,,,,,,,25942,34195,27991,30481,29005,27416,26857,26318,30207,29378,25983,27437
'481092,"Multi-ply paper and paperboard, coated on one or both sides with kaolin or other inorganic ...",92,154,353,56,132,138,21,317,189,110,0,528,,,,,,,,,,,,,,,1727,1429,1240,1160,1051,448,707,804,399,1161,804,1396
'291735,Phthalic anhydride,509,203,559,304,820,589,718,532,225,407,40,522,,,,,,,,,,,,,,,9590,11093,8966,7805,7948,7535,7051,5384,6182,6629,5568,6308
'600535,"Warp knit fabrics of synthetic fibres, antimalarial, of a width of > 30 cm",165,900,378,707,982,565,558,408,604,751,483,522,,,,,,,,,,,,,,,1297,2200,1392,1771,2448,1640,1350,1263,1585,1745,1725,1283
'854390,"Parts of electrical machines and apparatus, having individual functions, n.e.s. in chapter ...",184,111,495,172,204,486,527,507,326,429,150,517,,,,,,,,,,,,,,,32640,29385,31396,28018,31806,29412,28439,29375,34898,32341,28209,31122
'390939,"Amino-resins, in primary forms (excl. urea, thiourea and melamine resins and MDI)",360,608,467,906,439,310,415,504,953,659,638,514,,,,,,,,,,,,,,,1705,2414,1451,2002,1843,1261,1538,1933,2267,2016,1635,1790
'291533,n-Butyl acetate,207,303,308,386,395,270,378,482,483,537,392,500,,,,,,,,,,,,,,,646,763,732,927,860,574,706,1241,1187,1287,770,1176
'540754,"Woven fabrics of yarn containing >= 85% by weight of textured polyester filaments, incl. monofilament ...",292,190,542,742,936,1514,483,262,701,850,512,494,,,,,,,,,,,,,,,1279,949,1791,2269,2956,2745,2865,1343,1984,1663,1028,996
'846320,"Thread rolling machines, for working metal",75,275,96,85,470,360,209,270,99,867,201,493,,,,,,,,,,,,,,,1359,1383,1898,1226,1719,2217,983,1839,1332,1582,2709,1241
'903084,"Instruments and apparatus for measuring or checking electrical quantities, with recording device ...",782,210,945,374,818,786,267,319,504,670,155,485,,,,,,,,,,,,,,,3721,4597,5339,6022,5360,3495,4602,7959,6500,7586,4098,6282
'846262,Mechanical cold metal working presses,3915,882,272,245,1197,1436,654,135,2814,5411,1216,483,,,,,,,,,,,,,,,10848,5073,10586,3084,7098,10365,8858,8484,12860,14476,6239,9425
'850431,Transformers having a power handling capacity <= 1 kVA (excl. liquid dielectric transformers),74,39,54,119,76,84,73,90,56,449,294,482,,,,,,,,,,,,,,,2629,2832,3631,2699,3011,2614,2396,2979,2855,5017,4132,4437
'731814,"Self-tapping screws, of iron or steel (excl. wood screws)",337,217,321,335,246,386,194,261,305,381,205,481,,,,,,,,,,,,,,,53534,70262,60021,61494,58579,61556,55067,54430,56604,55666,54253,54910
'291411,Acetone,1096,68,981,299,287,343,802,417,3,186,250,479,,,,,,,,,,,,,,,5526,7073,6407,5715,4488,1046,4189,1959,3125,3274,977,926
'720916,"Flat-rolled products of iron or non-alloy steel, of a width of >= 600 mm, in coils, simply ...",745,229,383,541,495,170,970,334,727,272,166,478,,,,,,,,,,,,,,,13322,16342,12699,11028,12643,9539,13065,10625,6086,6540,10917,8539
'902620,Instruments and apparatus for measuring or checking pressure of liquids or gases (excl. regulators),268,367,49,111,306,161,251,355,146,305,385,474,,,,,,,,,,,,,,,14278,17563,13915,10719,12013,14803,12135,15944,12512,13983,10857,19822
'392620,Articles of apparel and clothing accessories produced by the stitching or sticking together ...,167,142,176,149,288,223,483,200,374,368,359,474,,,,,,,,,,,,,,,2088,2337,2241,2454,2497,2412,2762,2113,2226,2117,1874,2281
'390390,"Polymers of styrene, in primary forms (excl. polystyrene, styrene-acrylonitrile copolymers ...",337,724,320,323,519,94,551,444,483,449,480,473,,,,,,,,,,,,,,,9864,10687,11428,8220,10446,7068,10334,9883,10227,10840,8252,12953
'560393,"Nonwovens, whether or not impregnated, coated, covered or laminated, n.e.s., weighing > 70 ...",165,327,266,287,288,256,292,220,228,352,279,472,,,,,,,,,,,,,,,1202,1157,1228,1110,1409,1268,1478,1582,1591,1574,1160,1674
'600634,"Printed fabrics, knitted or crocheted, of synthetic fibres, of a width of > 30 cm (excl. warp ...",807,378,101,690,635,1125,346,654,212,578,367,472,,,,,,,,,,,,,,,1295,593,323,805,913,1997,1445,1406,581,1172,818,777
'400259,"Acrylonitrile-butadiene rubber ""NBR"", in primary forms or in plates, sheets or strip (excl. ...",331,229,299,584,626,234,242,603,446,399,303,470,,,,,,,,,,,,,,,2349,1685,2364,1855,1965,2019,2063,2365,2153,2776,1825,2993
'560311,"Nonwovens, whether or not impregnated, coated, covered or laminated, n.e.s., of synthetic or ...",478,506,348,420,477,298,385,306,325,288,250,465,,,,,,,,,,,,,,,1704,1257,1102,1106,1232,614,1087,1023,1068,1174,793,1254
'901890,"Instruments and appliances used in medical, surgical or veterinary sciences, n.e.s.",143,297,213,345,141,235,224,183,91,354,158,465,,,,,,,,,,,,,,,37552,47001,40652,41752,45970,39203,38596,44040,47383,39469,37724,43404
'846290,"Machine tools, incl. presses, for working metal by forging, hammering or die forging (excl. ...",114,470,50,75,35,677,218,75,411,122,0,464,,,,,,,,,,,,,,,1697,1741,1585,2082,1164,5964,2543,2113,3492,3275,4279,1473
'380893,"Herbicides, anti-sprouting products and plant-growth regulators, put up in forms or packings ...",473,0,471,0,453,645,1113,467,0,0,188,464,,,,,,,,,,,,,,,4755,3954,6722,3731,6063,6191,4312,6188,1647,4941,2551,4251
'820420,"Interchangeable spanner sockets, with or without handles, of base metal",256,510,271,246,168,86,181,226,300,349,175,463,,,,,,,,,,,,,,,33855,39161,36188,32684,34365,34508,30779,30473,32264,34783,29125,26922
'740321,"Copper-zinc base alloys ""brass"" unwrought",758,1022,173,575,388,659,397,1114,118,604,0,462,,,,,,,,,,,,,,,3651,2909,2456,2912,1661,1808,1703,3636,2552,2337,2651,3580
'841459,"Fans (excl. table, floor, wall, window, ceiling or roof fans, with a self-contained electric ...",228,268,206,385,227,179,239,195,198,389,113,461,,,,,,,,,,,,,,,21407,26593,23743,26925,24664,24582,24077,24907,26027,25564,19816,23629
'381010,"Pickling preparations for metal surfaces; soldering, brazing or welding pastes and powders ...",550,688,661,1866,3086,1672,1091,376,750,416,505,459,,,,,,,,,,,,,,,3255,3851,3349,5440,5794,4743,4455,3657,4149,5168,3448,4833
'851580,"Electric machines and apparatus for laser or other light or photon beam, ultrasonic, electron ...",22,42,23,25,263,304,103,179,207,48,27,458,,,,,,,,,,,,,,,982,881,934,1537,1407,1723,668,1736,1228,1271,820,1966
'381600,"Refractory cements, mortars, concretes and similar compositions, incl. dolomite ramming mix ...",204,351,349,273,104,306,148,357,263,234,292,457,,,,,,,,,,,,,,,1461,1676,1009,1625,1053,1057,761,1761,1078,1283,1327,1410
'722300,"Wire of stainless steel, in coils (excl. bars and rods)",551,747,538,522,347,615,343,193,228,420,190,455,,,,,,,,,,,,,,,6568,8048,6452,6686,6913,6160,6274,6565,5410,8222,5488,6327
'590691,"Knitted or crocheted textile fabrics, rubberised, n.e.s.",242,420,450,600,628,741,740,731,1220,312,469,454,,,,,,,,,,,,,,,1343,1991,1696,1442,1545,1693,1655,2069,2331,1335,1434,1442
'392069,"Plates, sheets, film, foil and strip, of non-cellular polyesters, not reinforced, laminated, ...",244,192,177,74,355,335,207,501,222,317,271,449,,,,,,,,,,,,,,,6306,8109,8666,6665,8193,9186,5836,6641,6492,10609,6017,8718
'290943,Monobutyl ethers of ethylene glycol or of diethylene glycol,277,176,154,130,491,382,299,80,261,327,139,444,,,,,,,,,,,,,,,3633,5001,4469,3701,5069,2612,2166,1576,1856,4927,3208,6569
'560122,"Wadding of man-made fibres and articles thereof (excl. sanitary towels and tampons, napkins ...",463,593,185,81,92,50,56,47,47,144,147,438,,,,,,,,,,,,,,,839,831,415,307,225,231,299,91,176,468,393,775
'410791,"Full grains leather ""incl. parchment-dressed leather"", unsplit, of the portions, strips or ...",438,147,120,317,81,63,238,192,162,283,304,436,,,,,,,,,,,,,,,1026,552,405,641,316,606,932,645,468,723,789,808
'851290,"Parts of electrical lighting or signalling equipment, windscreen wipers, defrosters and demisters ...",249,73,132,64,183,30,86,221,227,82,118,436,,,,,,,,,,,,,,,26777,23155,22868,22714,26855,23986,23488,20246,25243,22276,20280,23149
'901110,Stereoscopic optical microscopes,0,0,0,0,2,0,0,0,151,0,13,433,,,,,,,,,,,,,,,5,27,7,60,24,23,55,83,187,21,16,874
'590699,"Rubberised textile fabrics (excl. knitted or crocheted textile fabrics, adhesive tape of a ...",158,415,266,169,441,309,660,137,272,391,122,432,,,,,,,,,,,,,,,2311,2358,1965,2065,2531,1952,2329,1871,2347,1920,1791,2145
'842240,"Packing or wrapping machinery, incl. heat-shrink wrapping machinery (excl. machinery for filling, ...",509,582,203,359,749,520,387,301,369,744,264,427,,,,,,,,,,,,,,,9335,13044,11618,11727,12736,9680,9784,17351,10753,9881,7825,7708
'521149,"Woven fabrics of cotton, containing predominantly, but < 85% cotton by weight, mixed principally ...",701,155,50,853,369,415,0,369,501,283,0,423,,,,,,,,,,,,,,,1058,192,465,1533,1369,466,151,810,748,977,682,922
'730640,"Tubes, pipes and hollow profiles, welded, of circular cross-section, of stainless steel (excl. ...",212,223,132,320,375,177,308,429,188,420,78,421,,,,,,,,,,,,,,,32883,37563,33834,27690,30143,32626,23296,24292,28430,22467,25062,27658
'871493,Hubs and free-wheel sprocket-wheels for cycles (excl. for motorcycles and coaster braking hubs ...,273,530,260,645,269,343,422,410,198,578,188,418,,,,,,,,,,,,,,,7795,14117,11958,11718,12383,9456,9600,11059,11287,11074,10302,11530
'854420,"Coaxial cable and other coaxial electric conductors, insulated",242,227,89,281,289,440,266,448,519,411,215,417,,,,,,,,,,,,,,,6914,9544,6867,8759,8070,8272,6937,8351,8163,7347,6163,7626
'842230,"Machinery for filling, closing, sealing or labelling bottles, cans, boxes, bags or other containers; ...",411,124,130,110,153,186,593,72,566,1956,337,416,,,,,,,,,,,,,,,8258,11497,9796,11022,7995,8520,7289,9507,9769,10922,7944,6527
'410449,"Hides and skins of bovine ""incl. buffalo"" or equine animals, in the dry state ""crust"", without ...",684,674,748,436,711,689,366,706,554,588,475,414,,,,,,,,,,,,,,,1469,975,1199,996,1126,1191,616,1026,776,1205,613,822
'392020,"Plates, sheets, film, foil and strip, of non-cellular polymers of ethylene, not reinforced, ...",171,537,159,434,288,230,443,450,195,627,205,407,,,,,,,,,,,,,,,10850,15218,14271,11163,11332,9635,10561,11218,12215,12563,10588,11342
'722790,"Bars and rods of alloy steel other than stainless, hot-rolled, in irregularly wound coils (excl. ...",512,283,178,758,609,167,503,188,438,1113,183,406,,,,,,,,,,,,,,,2874,3025,2652,3559,2711,2733,2225,2578,3684,3920,1876,2044
'847720,Extruders for working rubber or plastics,77,255,216,208,721,280,642,2837,2149,543,0,402,,,,,,,,,,,,,,,4153,9234,7438,2897,9897,5405,7658,16948,9941,7192,5294,4612
'382219,"Diagnostic or laboratory reagents on a backing, prepared diagnostic or laboratory reagents ...",182,351,416,89,161,384,193,364,219,198,178,402,,,,,,,,,,,,,,,24654,35749,25613,26643,26259,27298,22352,30934,25710,26589,21581,31557
'320210,Synthetic organic tanning substances,203,222,68,129,136,119,326,186,167,283,81,402,,,,,,,,,,,,,,,305,436,252,281,257,239,507,405,349,413,175,538
'847149,"Data-processing machines, automatic, presented in the form of systems ""comprising at least ...",3962,96,54,5129,5929,891,89,540,214,1670,365,401,,,,,,,,,,,,,,,76778,66594,41167,44307,49503,37477,73466,82422,39347,49127,35345,43210
'481141,"Self-adhesive paper and paperboard, surface-coloured, surface-decorated or printed, in rolls ...",256,224,142,302,271,376,373,384,417,449,118,400,,,,,,,,,,,,,,,3109,3577,3315,3026,4377,3207,3736,3522,3327,3532,2868,4658
'401699,"Articles of vulcanised rubber (excl. hard rubber), n.e.s.",360,339,221,302,339,387,381,413,371,463,212,399,,,,,,,,,,,,,,,8465,10737,7885,9490,9843,9271,8955,9465,7604,9794,7781,7695
'722990,"Wire of alloy steel other than stainless, in coils (excl. bars and rods and wire of silico-manganese ...",284,950,287,486,690,126,262,523,63,622,313,397,,,,,,,,,,,,,,,3714,5024,3976,4161,4886,3822,3075,5024,3019,4610,3002,4642
'410792,"Grain splits leather ""incl. parchment-dressed leather"", of the portions, strips or sheets of ...",796,181,305,361,607,323,346,461,203,239,89,395,,,,,,,,,,,,,,,1087,746,508,408,734,431,364,660,367,376,106,550
'681512,"Fabrics of carbon fibres, for non-electrical purposes",360,161,406,187,329,192,421,295,450,389,333,395,,,,,,,,,,,,,,,2463,1358,2802,1797,2756,2016,2294,1660,1940,2424,959,2720
'520100,"Cotton, neither carded nor combed",361,0,0,469,403,337,234,55,0,0,0,391,,,,,,,,,,,,,,,361,0,0,469,403,337,234,55,0,0,0,391
'871492,"Wheel rims and spokes, for cycles (excl. for motorcycles)",146,148,116,302,53,167,151,142,164,383,87,390,,,,,,,,,,,,,,,9955,13910,16449,13769,15830,14539,12912,12810,13642,15033,12864,13270
'845229,"Sewing machines, industrial type (excl. automatic units)",546,84,279,130,220,323,572,428,179,470,333,389,,,,,,,,,,,,,,,4539,3310,3088,3581,4387,2406,3577,2461,2976,3780,2353,2974
'291720,"Cyclanic, cyclenic or cycloterpenic polycarboxylic acids, their anhydrides, halides, peroxides, ...",195,160,176,205,253,97,35,155,525,262,33,388,,,,,,,,,,,,,,,3123,3017,2775,3673,1912,2544,1973,2347,2311,2422,1835,2744
'722011,"Flat-rolled products of stainless steel, of a width of < 600 mm, not further worked than hot-rolled, ...",381,198,247,234,200,269,176,225,324,174,343,387,,,,,,,,,,,,,,,1756,1903,1655,1281,1385,1184,1192,1284,1441,978,1305,1182
'845941,"Boring machines for metals, numerically controlled (excl. way-type unit head machines and boring-milling ...",0,193,130,243,0,111,0,0,0,0,0,383,,,,,,,,,,,,,,,207,193,130,531,0,264,487,569,0,1024,0,383
'850434,Transformers having a power handling capacity > 500 kVA (excl. liquid dielectric transformers),108,199,0,239,581,0,0,78,83,0,57,383,,,,,,,,,,,,,,,736,724,1793,958,2449,382,3,824,1495,830,328,953
'540744,Woven fabrics of yarn containing >= 85% by weight of filaments of nylon or other polyamides ...,133,177,185,113,626,381,251,253,169,321,186,383,,,,,,,,,,,,,,,261,235,242,167,731,569,302,442,630,455,408,513
'400591,"Compounded rubber, unvulcanised, in the form of plates, sheets or strip (excl. rubber compounded ...",219,320,248,169,257,291,328,222,200,134,109,382,,,,,,,,,,,,,,,417,481,388,315,492,427,596,342,440,449,263,620
'722020,"Flat-rolled products of stainless steel, of a width of < 600 mm, not further worked than cold-rolled ...",612,478,352,147,729,384,281,548,558,372,196,378,,,,,,,,,,,,,,,5863,6554,6249,6537,6339,5163,6959,5778,6980,6731,4301,5973
'730630,"Tubes, pipes and hollow profiles, welded, of circular cross-section, of iron or non-alloy steel ...",305,160,296,267,225,145,243,462,174,221,186,377,,,,,,,,,,,,,,,2774,2717,2512,3117,2486,2684,2271,3868,2447,2575,2512,3574
'850213,"Generating sets with compression-ignition internal combustion piston engine ""diesel or semi-diesel ...",199,125,188,47,0,190,342,375,0,1507,0,374,,,,,,,,,,,,,,,838,1068,198,300,6,190,342,1121,0,1510,0,472
'321410,"Glaziers' putty, grafting putty, resin cements, caulking compounds and other mastics; painters' ...",339,255,242,525,270,287,399,288,303,657,383,371,,,,,,,,,,,,,,,3240,2935,3054,3225,2687,3691,2771,3354,3301,4315,2298,3535
'300242,Vaccines for veterinary medicine,293,16,92,255,536,423,419,252,347,696,182,370,,,,,,,,,,,,,,,641,628,790,1111,1090,620,1156,844,870,1489,398,1251
'841490,"Parts of: air or vacuum pumps, air or other gas compressors, fans and ventilating or recycling ...",696,994,528,387,344,646,538,531,544,507,108,369,,,,,,,,,,,,,,,17319,21918,17432,13900,14760,14336,13645,12492,14392,16781,12862,14300
'580810,Braids in the piece,274,423,361,325,337,405,253,329,243,235,174,366,,,,,,,,,,,,,,,1433,1873,1717,1156,1628,1438,1133,1548,1092,1373,1270,1252
'871496,"Pedals and crank-gear, and parts thereof, for bicycles, n.e.s.",277,461,275,443,324,227,297,333,272,361,240,363,,,,,,,,,,,,,,,9288,17913,12348,14073,13240,11614,10516,10063,14617,12722,11509,13195
'722699,"Flat-rolled products of alloy steel other than stainless, of a width of < 600 mm, hot-rolled ...",78,324,210,404,532,3,98,8,0,723,31,362,,,,,,,,,,,,,,,799,1263,921,1027,1076,793,968,645,711,1536,955,1446
'842199,"Parts of machinery and apparatus for filtering or purifying liquids or gases, n.e.s.",535,340,430,385,331,274,168,278,365,237,225,359,,,,,,,,,,,,,,,31058,33836,34425,30278,33118,29118,27470,30575,31416,30104,26837,27841
'846031,"Sharpening ""tool or cutter grinding"" machines, numerically controlled",0,0,0,12,0,75,0,119,570,0,18,358,,,,,,,,,,,,,,,2029,947,1189,1424,1067,1124,1011,2394,3274,2380,1102,3058
'510720,"Yarn of combed wool containing predominantly, but < 85% wool by weight (excl. that put up for ...",123,136,16,41,78,58,313,116,193,198,76,357,,,,,,,,,,,,,,,622,408,448,853,819,976,974,966,597,809,97,604
'852910,"Aerials and aerial reflectors of all kinds; parts suitable for use therewith, n.e.s.",108,129,180,141,98,172,238,230,228,174,108,356,,,,,,,,,,,,,,,12632,14684,12106,13678,11288,12168,11808,12510,11664,12418,11191,11417
'281122,Silicon dioxide,184,205,199,229,355,257,328,251,295,271,150,355,,,,,,,,,,,,,,,7753,8340,6793,7485,8047,7167,7740,8051,8748,8764,7099,7916
'740400,"Waste and scrap, of copper (excl. ingots or other similar unwrought shapes, of remelted copper ...",268,0,226,230,0,0,268,393,637,376,175,352,,,,,,,,,,,,,,,93881,81179,66337,73923,99888,121552,88971,145775,150597,148830,76782,137578
'580639,"Narrow woven fabrics of textile materials other than cotton or man-made fibres, with a width ...",425,357,314,275,383,347,369,127,329,246,212,350,,,,,,,,,,,,,,,1580,1504,1325,1029,1064,1105,1174,720,1131,1194,761,1011
'292910,Isocyanates,417,387,156,241,326,345,707,1335,671,786,442,350,,,,,,,,,,,,,,,1039,1152,1990,1633,1748,1955,1360,1992,2015,2137,1601,2117
'844130,"Machines for making cartons, boxes, cases, tubes, drums or similar containers (other than by ...",0,0,0,43,69,0,50,290,0,0,27,348,,,,,,,,,,,,,,,1815,8213,11622,2082,1606,3805,5593,2670,125,603,4268,1287
'320414,Direct synthetic organic dyes; preparations based on direct synthetic organic dyes of a kind ...,217,110,82,58,84,58,158,144,208,94,75,347,,,,,,,,,,,,,,,757,1150,683,696,851,689,653,1212,832,581,640,1280
'381590,"Reaction initiators, reaction accelerators and catalytic preparations, n.e.s. (excl. rubber ...",335,310,323,449,439,387,282,270,169,432,99,345,,,,,,,,,,,,,,,1788,2107,2664,1848,2547,1619,2900,3033,1823,2933,3108,3285
'392049,"Plates, sheets, film, foil and strip, of non-cellular polymers of vinyl chloride, containing ...",209,613,445,587,404,593,353,717,975,825,347,343,,,,,,,,,,,,,,,4598,6347,6197,5178,5612,4784,4359,4280,5456,5207,3986,4822
'851890,"Parts of microphones, loudspeakers, headphones and earphones, earphones, audio-frequency electric ...",231,322,232,226,170,308,263,244,365,199,197,343,,,,,,,,,,,,,,,15320,14167,9612,9063,9583,8954,8224,8428,9086,8695,7409,9190
'846249,"Punching, notching or nibbling machines for flat products incl. combined punching and shearing ...",24,83,35,55,408,0,319,174,0,0,0,341,,,,,,,,,,,,,,,1251,1041,1166,994,1480,1288,867,1932,655,1092,1469,1217
'721913,"Flat-rolled products of stainless steel, of a width of >= 600 mm, not further worked than hot-rolled, ...",159,1185,200,202,321,635,153,39,596,821,112,341,,,,,,,,,,,,,,,7014,14733,12291,7587,16932,9324,14700,13725,8162,5699,1863,4132
'842649,"Mobile cranes and works trucks fitted with a crane, self-propelled (excl. those on tyres and ...",0,0,0,0,0,0,42,0,0,0,52,341,,,,,,,,,,,,,,,0,0,0,0,0,0,884,0,26,0,634,341
'400260,"Isoprene rubber ""IR"", in primary forms or in plates, sheets or strip",229,288,252,331,236,278,139,366,138,466,115,341,,,,,,,,,,,,,,,562,542,563,595,513,564,464,666,434,814,343,550
'848210,Ball bearings,279,299,175,333,124,244,271,287,294,217,244,339,,,,,,,,,,,,,,,7800,11645,9007,8695,9930,8644,9542,9731,8876,9958,8827,8418
'291422,Cyclohexanone and methylcyclohexanones,2145,545,783,462,1212,538,257,1059,353,133,19,339,,,,,,,,,,,,,,,10692,7610,8688,2474,4863,1151,2177,2571,1320,2267,1849,2014
'580790,"Labels, badges and similar articles, of textile materials, in the piece, in strips or cut to ...",237,376,115,148,351,482,179,235,253,258,246,337,,,,,,,,,,,,,,,559,1090,458,596,866,761,478,556,699,528,536,716
'320820,"Paints and varnishes, incl. enamels and lacquers, based on acrylic or vinyl polymers, dispersed ...",205,170,131,143,120,253,233,140,155,248,123,333,,,,,,,,,,,,,,,4716,4325,3627,4390,4802,3428,4040,4096,3643,5073,1163,4247
'847981,"Machinery for treating metal, incl. electric wire coil-winders, n.e.s. (excl. industrial robots, ...",298,34,19,262,246,28,42,78,44,99,0,331,,,,,,,,,,,,,,,4442,4190,1861,2764,1077,2418,2860,5917,2451,3800,2056,6540
'842531,Winches and capstans powered by electric motor,276,234,43,308,231,356,302,359,210,137,0,331,,,,,,,,,,,,,,,2121,2434,1600,1943,1955,1644,1611,1655,1799,1411,939,1572
'721129,"Flat-rolled products of iron or non-alloy steel, of a width of < 600 mm, simply cold-rolled ...",269,639,199,130,212,149,128,215,214,311,41,329,,,,,,,,,,,,,,,1887,3061,1780,2460,2019,1500,1199,1869,2141,2578,1248,1723
'253090,"Arsenic sulfides, alunite, pozzuolana, earth colours and other mineral substances, n.e.s.",19,191,150,368,259,443,282,124,383,589,142,328,,,,,,,,,,,,,,,183,457,358,591,423,754,422,367,571,747,463,459
'391190,"Polysulphides, polysulphones and other polymers and prepolymers produced by chemical synthesis, ...",401,470,171,206,176,172,153,225,287,240,160,325,,,,,,,,,,,,,,,5336,3755,5940,2976,6078,2268,5889,4618,5708,2638,4344,4189
'390769,"Poly""ethylene terephthalate"", in primary forms, having a viscosity number of < 78 ml/g",380,1054,895,58,699,692,1098,992,881,957,291,323,,,,,,,,,,,,,,,7676,9856,9451,6625,7012,7475,6306,9331,7909,6777,3640,5837
'320619,Pigments and preparations based on titanium dioxide of a kind used for colouring any material ...,301,324,252,558,405,247,376,370,130,227,143,321,,,,,,,,,,,,,,,910,1165,887,1138,985,611,1094,1001,949,891,780,1072
'820770,Interchangeable tools for milling,447,511,544,787,575,393,490,453,508,615,153,319,,,,,,,,,,,,,,,4976,5588,5295,4912,5159,5052,5162,5187,5519,5031,3949,5853
'950659,"Badminton and similar rackets, whether or not strung (other than tennis rackets and table-tennis ...",0,200,150,272,295,0,172,124,123,192,103,318,,,,,,,,,,,,,,,2685,4599,2507,3522,3087,2656,3438,3226,3590,3641,4288,2324
'848041,Injection or compression-type moulds for metal or metal carbides (excl. moulds of graphite ...,351,932,289,438,622,414,605,237,462,593,235,313,,,,,,,,,,,,,,,2737,2986,3616,3296,3624,2974,3554,7692,3004,2896,1889,2417
'380892,"Fungicides, put up in forms or packings for retail sale or as preparations or articles (excl. ...",198,266,233,189,325,317,214,182,158,380,182,313,,,,,,,,,,,,,,,1863,1926,2053,3074,2588,1901,1244,1866,1975,1623,1795,961
'853190,"Parts of electric sound or visual signalling apparatus, n.e.s.",577,747,645,929,575,364,408,22,318,299,308,311,,,,,,,,,,,,,,,6667,9675,6629,8686,7363,7432,8917,7651,7804,9193,7565,8434
'392310,"Boxes, cases, crates and similar articles for the conveyance or packaging of goods, of plastics",54,106,39,286,168,153,87,246,250,237,111,311,,,,,,,,,,,,,,,26309,35398,31185,30314,28347,20929,25800,27240,28137,30442,19785,30024
'830242,"Base metal mountings, fittings and similar articles suitable for furniture (excl. locks with ...",111,181,212,140,160,142,188,174,196,166,113,310,,,,,,,,,,,,,,,13546,17453,15115,14561,15731,10947,13763,13151,13915,15913,14180,11933
'400211,"Styrene-butadiene rubber latex ""SBR""; carboxylated styrene-butadiene rubber latex ""XSBR""",108,239,112,135,67,22,117,104,141,108,32,309,,,,,,,,,,,,,,,696,1253,1070,1087,978,991,1261,1283,1333,1664,932,1267
'845690,"Machine tools for working any material by removal of material, operated by electro-chemical, ...",2,81,197,53,38,222,178,91,71,49,0,309,,,,,,,,,,,,,,,4412,3480,1828,1793,2048,1729,2333,1962,3372,1194,1267,2241
'902131,Artificial joints for orthopaedic purposes,138,246,324,198,320,306,351,63,406,69,85,309,,,,,,,,,,,,,,,4677,5805,5394,6474,5722,6845,5858,6994,5914,5872,4966,5866
'390530,"Poly""vinyl alcohol"", in primary forms, whether or not containing unhydrolyzed acetate groups",98,219,56,103,243,215,154,160,215,104,78,309,,,,,,,,,,,,,,,15440,16858,17237,15463,13566,15466,11379,15153,14491,17417,12175,13799
'846330,"Machine tools for working metal wire, without removing material (excl. wire bending machines ...",191,173,302,3,98,213,147,178,834,0,95,309,,,,,,,,,,,,,,,1375,2474,3178,1757,2218,1226,1477,1511,3970,3346,2230,2357
'870899,"Parts and accessories, for tractors, motor vehicles for the transport of ten or more persons, ...",177,315,143,377,205,303,404,315,373,416,189,308,,,,,,,,,,,,,,,126986,161278,138077,140688,138597,126786,125580,126594,128565,126252,118283,108112
'852349,Optical media for the recording of sound or of other phenomena (excl. unrecorded and goods ...,232,228,249,213,108,70,84,73,137,30,194,307,,,,,,,,,,,,,,,7725,6037,9259,7742,5066,7037,6790,8021,13080,8412,5752,9609
'350790,"Enzymes and prepared enzymes, n.e.s. (excl. rennet and concentrates thereof)",180,202,76,182,168,242,332,155,182,262,59,306,,,,,,,,,,,,,,,2126,2456,1891,1834,1766,2318,1826,2534,2056,2707,1138,2469
'521049,"Woven fabrics of cotton, containing predominantly, but < 85% cotton by weight, mixed principally ...",193,0,68,247,94,281,93,85,14,65,49,306,,,,,,,,,,,,,,,439,157,450,798,520,364,221,255,75,142,93,309
'702000,"Articles of glass, n.e.s.",0,13,6,0,7,1,97,110,148,256,152,305,,,,,,,,,,,,,,,10744,11337,14469,11212,10910,10828,10469,13999,11455,12224,9867,15186
'151800,"Animal or vegetable fats and oils and their fractions, boiled, oxidised, dehydrated, sulphurised, ...",177,173,181,104,139,162,192,163,85,325,200,302,,,,,,,,,,,,,,,4312,3943,5658,2279,6115,4648,5724,4943,2857,4458,3456,4918
'732599,"Cast articles of iron or steel, n.e.s. (excl. articles of non-malleable cast iron, and grinding ...",430,389,350,341,304,353,427,343,197,427,65,301,,,,,,,,,,,,,,,5318,5953,6580,5830,5561,5054,5324,5055,5466,5385,3762,4681
'400599,"Compounded, unvulcanised rubber in primary forms (excl. solutions and dispersions, those containing ...",219,454,98,246,192,73,144,383,199,206,112,301,,,,,,,,,,,,,,,666,687,377,532,371,394,296,506,582,547,243,426
'520842,"Plain woven fabrics of cotton, containing >= 85% cotton by weight and weighing > 100 g to 200 ...",0,30,134,0,34,6,14,121,434,181,20,300,,,,,,,,,,,,,,,23,34,134,0,34,6,57,121,434,181,20,373
'760429,"Bars, rods and solid profiles, of aluminium alloys, n.e.s.",156,68,252,70,175,104,224,136,171,142,127,296,,,,,,,,,,,,,,,4031,4783,5622,3407,4344,3386,4796,4743,5801,4449,3835,4503
'521131,"Plain woven fabrics of cotton, containing predominantly, but < 85% cotton by weight, mixed ...",277,609,501,83,0,191,0,0,536,120,172,291,,,,,,,,,,,,,,,282,612,528,85,0,191,9,16,539,130,178,318
'340239,"Anionic organic surface-active agents, whether or not put up for retail sale (excl. linear ...",170,234,196,88,134,140,163,185,244,403,114,290,,,,,,,,,,,,,,,1575,1880,1613,1077,1863,1151,1923,1681,1354,1882,1055,2148
'750210,"Nickel, not alloyed, unwrought",130,306,100,12574,133,81,11575,58,301,81,129,289,,,,,,,,,,,,,,,1343,27513,107020,34364,24408,446,11809,330,912,6518,14208,37116
'390890,"Polyamides, in primary forms (excl. polyamides-6, -11, -12, -6,6, -6,9, -6,10 and -6,12)",328,427,328,447,405,534,413,849,496,562,144,286,,,,,,,,,,,,,,,5576,5315,4041,4555,4865,3868,3822,4565,4957,4852,3254,4656
'551219,"Woven fabrics containing >= 85% polyester staple fibres by weight, dyed, made of yarn of different ...",280,157,522,548,637,288,92,63,134,322,227,286,,,,,,,,,,,,,,,967,961,1469,1330,1322,1402,1109,1083,1608,1325,1056,1280
'320419,Synthetic organic colouring matter and preparations of the kind used for colouring any materials ...,236,287,162,411,284,221,318,197,243,435,141,286,,,,,,,,,,,,,,,2431,3062,603,864,884,1072,925,721,907,1090,721,936
'720825,"Flat-rolled products of iron or non-alloy steel, of a width of >= 600 mm, in coils, simply ...",196,116,328,133,352,124,311,128,383,348,298,285,,,,,,,,,,,,,,,4214,534,2263,1917,2208,713,2397,2254,1768,2254,1920,1472
'481920,"Folding cartons, boxes and cases, of non-corrugated paper or paperboard",68,137,125,86,285,242,116,150,125,100,100,277,,,,,,,,,,,,,,,2971,3138,3868,2861,3253,3302,3155,3415,3630,3206,3710,3203
'480593,"Paper and paperboard, uncoated, in rolls of a width > 36 cm or in square or rectangular sheets ...",414,464,130,290,195,161,160,215,256,201,134,277,,,,,,,,,,,,,,,657,1040,465,664,626,574,579,1529,1788,1036,707,1151
'290949,"Ether-alcohols and their halogenated, sulphonated, nitrated or nitrosated derivatives (excl. ...",192,35,158,113,157,225,201,132,183,205,107,276,,,,,,,,,,,,,,,6908,7090,8730,6651,8506,6885,7745,8824,6232,7258,6058,8112
'842010,Calendering or other rolling machines (other than for metals or glass),424,0,0,384,0,99,285,66,1745,448,315,275,,,,,,,,,,,,,,,5632,4089,5230,4470,6519,1752,2054,6145,6343,3017,4250,7883
'283324,Sulphates of nickel,229,62,229,387,134,282,371,359,310,248,185,275,,,,,,,,,,,,,,,19081,21463,13037,9213,19803,13160,11308,15282,15362,16684,9220,17626
'721399,"Bars and rods, hot-rolled, in irregularly wound coils, of iron or non-alloy steel (excl. products ...",91,98,272,172,240,259,267,161,338,329,29,274,,,,,,,,,,,,,,,2106,1765,1946,2071,1519,2073,2108,1447,1776,2133,1049,1477
'843149,"Parts of machinery of heading 8426, 8429 and 8430, n.e.s.",169,32,14,145,9,131,148,174,61,88,92,274,,,,,,,,,,,,,,,3114,3643,2148,2532,3020,2008,2818,2123,2528,3142,2395,2476
'401693,"Gaskets, washers and other seals, of vulcanised rubber (excl. hard rubber and those of cellular ...",89,236,328,160,267,210,212,244,461,255,181,273,,,,,,,,,,,,,,,19404,24330,20910,21973,20471,18574,19552,19714,21463,23981,20373,21820
'283699,"Carbonates and peroxocarbonates ""percarbonates""; commercial ammonium carbonate containing ammonium ...",58,239,233,10,173,308,21,349,89,67,95,270,,,,,,,,,,,,,,,1930,1989,1614,1368,1733,1459,1244,1880,1757,1163,1212,1789
'854290,"Parts of electronic integrated circuits, n.e.s.",86,75,107,169,264,84,310,198,61,273,81,264,,,,,,,,,,,,,,,11785,14581,12751,12880,12613,12263,12170,14543,13486,14044,12663,16410
'722619,"Flat-rolled products of silicon-electrical steel, of a width of < 600 mm, hot-rolled or cold-rolled ...",192,94,182,57,22,113,100,152,113,0,167,264,,,,,,,,,,,,,,,225,165,290,125,128,178,184,280,203,136,212,778
'960621,"Buttons of plastics, not covered with textile material (excl. press-fasteners, snap-fasteners, ...",263,167,190,88,157,224,232,175,268,155,69,263,,,,,,,,,,,,,,,418,284,352,299,388,481,449,289,403,296,130,440
'250700,"Kaolin and other kaolinic clays, whether or not calcined",345,183,207,269,279,230,259,429,498,633,138,262,,,,,,,,,,,,,,,426,361,320,322,361,245,324,513,551,715,160,276
'420500,Articles of leather or composition leather (excl. saddlery and harness bags; cases and similar ...,220,11,12,210,66,248,59,215,152,1,115,262,,,,,,,,,,,,,,,584,427,235,683,504,470,336,402,352,231,556,561
'411510,"Composition leather based on leather or leather fibre, in slabs, sheets or strip, whether or ...",32,320,110,121,69,74,72,168,316,224,105,260,,,,,,,,,,,,,,,112,594,526,745,454,304,316,449,599,628,172,491
'848620,Machines and apparatus for the manufacture of semiconductor devices or of electronic integrated ...,11,427,3,23,412,71,90,361,102,13,425,258,,,,,,,,,,,,,,,156816,123510,164616,217220,162836,133392,149898,185322,196226,194450,152210,249960
'291612,Esters of acrylic acid,168,222,92,192,98,101,146,334,162,121,120,258,,,,,,,,,,,,,,,19814,17554,11857,14714,14718,10274,9854,7428,14388,10685,10180,11790
'340319,"Lubricant preparations, incl. cutting-oil preparations, bolt or nut release preparations, anti-rust ...",187,446,235,311,357,237,261,327,269,261,201,257,,,,,,,,,,,,,,,1573,2025,1401,1897,1720,1576,1719,2208,1883,1530,1120,2377
'390940,"Phenolic resins, in primary forms",120,183,89,88,118,75,146,94,221,124,57,257,,,,,,,,,,,,,,,11487,10459,10010,8295,10497,6389,9561,12420,10493,11810,6660,11977
'820720,Interchangeable dies for drawing or extruding metal,63,97,96,179,161,146,140,146,350,257,78,257,,,,,,,,,,,,,,,1225,1065,1743,1446,1441,1118,1722,1229,1220,1185,812,1454
'843139,"Parts of machinery of heading 8428, n.e.s.",156,171,286,191,126,90,122,124,206,224,67,256,,,,,,,,,,,,,,,8819,14881,12451,10543,12152,13797,16386,15682,18686,18827,16534,27214
'520300,"Cotton, carded or combed",0,0,0,0,0,0,19,0,0,0,137,254,,,,,,,,,,,,,,,0,0,0,0,0,0,19,0,4,0,137,254
'846694,"Parts and accessories for machine tools for working metal without removing material, n.e.s.",701,216,282,246,332,188,631,885,301,291,132,250,,,,,,,,,,,,,,,12921,10894,11360,11094,11737,13826,10988,11814,10892,11736,9441,11415
'392061,"Plates, sheets, film, foil and strip, of non-cellular polycarbonates, not reinforced, laminated, ...",211,146,157,183,164,247,217,212,218,381,124,249,,,,,,,,,,,,,,,2314,1947,2604,2403,1730,2540,1929,1993,1903,2410,1841,2670
'710692,"Silver, incl. silver plated with gold or platinum, semi-manufactured",196,196,193,44,244,190,7,9,95,195,0,247,,,,,,,,,,,,,,,23581,2814,1543,1455,1692,1978,3336,2356,1709,4315,3141,3439
'591190,"Textile products and articles, for technical purposes, specified in Note 7 to chapter 59, n.e.s.",406,306,301,307,560,215,363,429,409,332,354,246,,,,,,,,,,,,,,,1968,1721,1875,1599,1783,1418,1664,2441,1526,1817,1490,1690
'521139,"Woven fabrics of cotton, containing predominantly, but < 85% cotton by weight, mixed principally ...",77,69,225,38,171,295,27,131,315,468,236,246,,,,,,,,,,,,,,,1090,212,332,96,297,429,319,765,850,1206,704,785
'721061,"Flat-rolled products of iron or non-alloy steel, of a width of >= 600 mm, hot-rolled or cold-rolled ...",0,0,0,0,0,0,104,97,159,0,0,244,,,,,,,,,,,,,,,15586,21143,9821,17517,12053,17553,6393,6270,6715,23580,11352,12764
'853630,Apparatus for protecting electrical circuits for a voltage <= 1.000 V (excl. fuses and automatic ...,72,145,93,108,94,77,132,62,39,105,100,244,,,,,,,,,,,,,,,1340,2131,2030,1883,1778,1848,1683,1843,2081,1857,1677,1838
'540261,"Multiple ""folded"" or cabled filament yarn of nylon or other polyamides, incl. monofilament ...",140,356,49,730,136,735,537,619,324,373,384,243,,,,,,,,,,,,,,,410,685,761,1462,1165,1110,781,1042,648,964,617,482
'300450,"Medicaments containing provitamins, vitamins, incl. natural concentrates and derivatives thereof ...",590,534,388,671,371,300,122,232,65,118,184,243,,,,,,,,,,,,,,,816,1058,846,831,1169,766,524,522,304,226,605,587
'721933,"Flat-rolled products of stainless steel, of a width of >= 600 mm, not further worked than cold-rolled ...",262,95,277,162,41,72,0,94,55,107,124,240,,,,,,,,,,,,,,,38945,41342,28995,36299,33015,25021,30578,34942,30683,32629,21468,28195
'190590,"Bread, pastry, cakes, biscuits and other bakers' wares, whether or not containing cocoa; communion ...",264,172,126,142,192,312,342,480,328,206,161,240,,,,,,,,,,,,,,,11144,15465,19571,14354,15356,15900,16394,18390,16722,16458,12184,13057
'820299,"Saw blades, incl. toothless saw blades, of base metal (excl. bandsaw blades, circular saw blades, ...",65,287,117,27,63,161,70,79,291,224,76,240,,,,,,,,,,,,,,,1403,1845,1660,1178,1714,1787,1299,1550,1820,1226,1937,1409
'560313,"Nonwovens, whether or not impregnated, coated, covered or laminated, n.e.s., of man-made filaments, ...",124,98,0,110,54,169,116,190,172,129,130,238,,,,,,,,,,,,,,,5905,7121,6140,5661,6126,6166,5602,5920,5779,6618,4805,6919
'853610,Fuses for a voltage <= 1.000 V,187,273,227,294,219,204,225,167,173,243,269,237,,,,,,,,,,,,,,,7030,7551,6782,8330,8922,7588,8877,7620,8871,10350,5482,7810
'293339,"Heterocyclic compounds with nitrogen hetero-atom[s] only, containing an unfused pyridine ring, ...",106,31,43,57,37,116,91,140,87,78,45,236,,,,,,,,,,,,,,,4298,5208,3900,3730,3986,2634,3009,4299,3097,5229,4090,3772
'540730,"Woven fabrics of synthetic filament yarn, incl. monofilament of >= 67 decitex and with a cross ...",15,22,201,12,79,179,145,174,233,253,190,236,,,,,,,,,,,,,,,54,61,280,32,98,301,208,227,421,303,234,302
'851830,"Headphones and earphones, whether or not combined with microphone, and sets consisting of a ...",341,505,293,361,241,221,109,187,86,219,287,234,,,,,,,,,,,,,,,4899,6818,4448,4616,5940,4321,4155,3833,4705,4558,4555,5167
'843610,Machinery for preparing animal feedingstuffs in agricultural holdings and similar undertakings ...,0,312,0,91,52,0,262,8,678,0,79,233,,,,,,,,,,,,,,,892,1354,441,1791,531,573,293,290,801,2,157,233
'848071,Injection or compression-type moulds for rubber or plastics,258,404,241,392,376,591,204,573,381,265,824,232,,,,,,,,,,,,,,,6778,8521,9044,7959,10620,9686,8099,10208,9034,7764,8777,9012
'560392,"Nonwovens, whether or not impregnated, coated, covered or laminated, n.e.s., weighing > 25 ...",365,258,237,298,281,284,271,266,236,238,161,231,,,,,,,,,,,,,,,8756,7598,7237,6602,7818,6863,7257,6851,6924,8164,7168,7061
'481190,"Paper, paperboard, cellulose wadding and webs of soft cellulose, coated, impregnated, covered, ...",106,263,308,324,128,349,441,309,195,432,88,231,,,,,,,,,,,,,,,2328,2354,3279,2555,2684,2205,2291,975,1397,1826,995,2148
'392119,"Plates, sheets, film, foil and strip, of cellular plastic, unworked or merely surface-worked ...",225,341,417,412,531,315,306,394,334,380,224,231,,,,,,,,,,,,,,,2910,3470,3198,3427,3708,3034,2885,3455,2876,3835,2680,3305
'842490,"Parts of fire extinguishers, spray guns and similar appliances, steam or sand blasting machines ...",305,196,340,557,367,470,645,457,73,376,68,228,,,,,,,,,,,,,,,10892,11178,11384,11014,10451,11310,9220,13132,12059,12712,10365,9583
'392051,"Plates, sheets, film, foil and strip, of non-cellular poly""methyl methacrylate"", not reinforced, ...",324,284,134,246,434,355,584,512,503,214,98,228,,,,,,,,,,,,,,,3467,5036,3558,3268,4196,3148,3860,3447,3238,3677,2637,3197
'810490,"Articles of magnesium, n.e.s.",247,79,125,216,101,47,0,0,161,132,154,227,,,,,,,,,,,,,,,547,375,246,324,273,209,192,186,310,343,302,459
'390920,"Melamine resins, in primary forms",178,263,139,160,154,186,286,114,196,215,132,227,,,,,,,,,,,,,,,1440,1757,1509,1781,1416,1552,1112,1512,1402,1830,1584,1760
'320413,Basic synthetic organic dyes; preparations based on basic synthetic organic dyes of a kind ...,125,126,168,259,147,55,151,166,182,269,81,227,,,,,,,,,,,,,,,726,329,651,714,730,197,418,429,610,678,836,543
'850590,"Electromagnets and electromagnetic lifting heads, and their parts (excl. magnets for medical ...",95,175,123,202,235,217,172,189,198,254,98,226,,,,,,,,,,,,,,,4783,4517,4197,4467,5010,3890,4215,3997,4060,4336,3449,4401
'732090,"Springs and leaves for springs, of iron or steel, incl. flat spiral springs (excl. helical ...",295,289,276,228,279,160,249,257,139,287,142,224,,,,,,,,,,,,,,,2778,4035,3809,4474,3706,2708,3273,2529,3015,3714,2941,3832
'600122,"Looped pile fabrics of man-made fibres, knitted or crocheted",125,103,132,133,120,124,97,120,99,203,35,224,,,,,,,,,,,,,,,1809,1440,1532,1223,943,1482,1468,1300,1520,1873,1383,1317
'400291,"Synthetic rubber and factice derived from oils, in primary forms or in plates, sheets or strip ...",365,214,269,436,218,301,317,197,331,229,174,223,,,,,,,,,,,,,,,982,983,777,1108,940,705,1120,791,853,552,433,1089
'520299,"Cotton waste (excl. yarn waste, thread waste and garnetted stock)",0,0,20,37,0,58,0,217,220,0,198,222,,,,,,,,,,,,,,,1,0,20,37,0,58,0,217,220,0,198,222
'844319,"Printing machinery used for printing by means of plates, cylinders and other printing components ...",635,835,161,58,937,42,100,17,102,633,85,221,,,,,,,,,,,,,,,5152,4740,3297,3915,8214,3175,5460,3685,5733,5207,5135,4412
'280700,Sulphuric acid; oleum,815,62,309,70,73,75,54,50,73,198,31,220,,,,,,,,,,,,,,,6601,6958,9170,4670,9462,8384,7697,8154,8734,10450,7702,8873
'842810,Lifts and skip hoists,273,23,93,0,0,0,0,39,98,23,6,220,,,,,,,,,,,,,,,1451,1127,716,512,681,321,698,298,509,446,344,591
'841950,Heat-exchange units (excl. those used with boilers),9,33,15,8,54,10,55,72,28,19,68,219,,,,,,,,,,,,,,,5269,7773,6110,11788,13182,7109,13352,7974,5863,8244,6630,9637
'400239,"Halo-isobutene-isoprene rubber ""CIIR"" or ""BIIR"", in primary forms or in plates, sheets or strip",79,174,197,130,198,114,58,153,51,141,147,217,,,,,,,,,,,,,,,260,244,286,214,214,204,143,189,153,232,190,226
'560312,"Nonwovens, whether or not impregnated, coated, covered or laminated, n.e.s., of man-made filaments, ...",295,421,583,472,351,113,328,175,224,174,203,216,,,,,,,,,,,,,,,1516,2198,1979,2003,1563,1788,1596,2000,2235,1402,1339,1282
'722860,"Bars and rods of alloy steel other than stainless, cold-formed or cold-finished and further ...",151,251,222,279,139,185,292,305,216,278,222,216,,,,,,,,,,,,,,,812,773,694,776,767,579,715,934,872,881,650,792
'961100,"Hand-operated date, sealing or numbering stamps, and the like; hand-operated composing sticks ...",366,134,79,242,406,102,141,45,107,198,0,216,,,,,,,,,,,,,,,1525,1930,1903,1612,1817,1492,1685,1504,1817,1530,860,1595
'540244,"Synthetic filament elastomeric yarn, single, untwisted or with a twist of <= 50 turns per metre ...",29,3,7,26,171,0,65,19,18,193,2,215,,,,,,,,,,,,,,,195,157,91,100,308,44,157,203,69,275,67,562
'853670,"Connectors for optical fibres, optical fibre bundles or cables",19,20,71,136,87,50,143,65,71,503,522,215,,,,,,,,,,,,,,,29182,35789,29280,28992,31326,26381,21643,20034,17434,26798,13668,17079
'722550,"Flat-rolled products of alloy steel other than stainless, of a width of >= 600 mm, not further ...",242,148,143,192,245,107,248,57,308,215,361,214,,,,,,,,,,,,,,,7654,5851,5235,6295,9543,5164,5820,4350,5541,5098,5324,4478
'151790,Edible mixtures or preparations of animal or vegetable fats or oils and edible fractions of ...,90,75,70,179,296,258,182,283,107,89,125,212,,,,,,,,,,,,,,,597,731,773,660,640,790,717,631,486,488,579,821
'820790,"Interchangeable tools for hand tools, whether or not power-operated, or for machine tools, ...",157,172,231,115,129,139,89,500,415,225,70,211,,,,,,,,,,,,,,,7357,10221,9247,10047,9046,10506,7823,9400,6438,7226,5386,6049
'392329,"Sacks and bags, incl. cones, of plastics (excl. those of polymers of ethylene)",81,192,244,150,188,188,114,127,136,101,87,211,,,,,,,,,,,,,,,4284,5205,5205,4141,4607,4406,4400,4076,3370,4353,3190,3932
'842833,"Continuous-action elevators and conveyors for goods or materials, belt type (excl. those for ...",313,58,192,92,7,33,16,251,48,499,60,211,,,,,,,,,,,,,,,962,744,2392,2776,996,607,521,2043,1156,2828,962,1007
'790120,Unwrought zinc alloys,129,358,95,310,154,287,385,212,391,170,209,209,,,,,,,,,,,,,,,2125,2596,1740,1715,1804,2086,2516,1840,2147,1405,1670,1871
'820890,"Knives and cutting blades, of base metal, for machines or for mechanical appliances (excl. ...",180,226,156,218,461,175,195,179,455,217,143,205,,,,,,,,,,,,,,,2828,3142,3136,2582,3106,2617,3031,2811,3498,3093,2218,2623
'621710,"Made-up clothing accessories, of all types of textile materials, n.e.s. (excl. knitted or ...",315,257,208,275,312,699,431,404,205,357,130,205,,,,,,,,,,,,,,,1402,1559,2007,1745,1467,2403,2698,2150,1822,1676,1325,2299
'551421,"Plain woven fabrics containing predominantly, but < 85% polyester staple fibres by weight, ...",69,84,272,99,419,244,8,68,161,388,496,204,,,,,,,,,,,,,,,105,99,300,125,444,302,8,68,170,416,519,208
'790700,"Articles of zinc, n.e.s.",6,30,81,160,293,21,29,10,116,325,55,204,,,,,,,,,,,,,,,6344,7818,7024,7792,6891,6700,6547,6623,7243,8063,6890,7669
'590700,"Impregnated, coated or covered textile fabrics; painted canvas being theatrical scenery, studio ...",41,75,47,104,63,142,189,250,121,107,154,203,,,,,,,,,,,,,,,370,561,606,669,645,448,716,699,1021,922,454,708
'722220,"Other bars and rods of stainless steel, not further worked than cold-formed or cold-finished",82,173,73,135,212,139,127,64,88,143,47,203,,,,,,,,,,,,,,,18364,25391,20480,23706,15160,16624,20727,20620,17118,20664,18593,21402
'580890,"Ornamental trimmings of textile materials, in the piece, not embroidered, other than knitted ...",242,287,123,84,203,216,162,163,245,157,129,202,,,,,,,,,,,,,,,581,413,418,241,432,381,268,386,443,373,315,318
'390140,"Ethylene-alpha-olefin copolymers, having a specific gravity of < 0,94 , in primary forms",164,217,159,428,434,278,426,241,98,100,190,200,,,,,,,,,,,,,,,456,511,1822,1580,1262,1985,1473,1028,1107,1282,518,2831
'220830,Whiskies,2,79,30,79,0,102,75,103,18,137,79,200,,,,,,,,,,,,,,,5827,3999,3214,3123,4568,8241,2755,4021,4676,3981,2847,4250
'846090,"Machines for deburring, polishing or otherwise finishing metal or cermets (excl. grinding, ...",5,72,60,7,41,120,364,2,38,4,25,200,,,,,,,,,,,,,,,1503,2224,564,1322,890,1479,1067,1377,1046,798,689,1079
'391732,"Flexible tubes, pipes and hoses of plastics, not reinforced or otherwise combined with other ...",185,111,21,84,41,154,87,196,229,166,137,199,,,,,,,,,,,,,,,2850,3169,2816,2995,2754,2636,2630,3000,3740,2765,2131,2770
'392092,"Plates, sheets, film, foil and strip, of non-cellular polyamides, not reinforced, laminated, ...",94,122,91,286,120,299,275,87,134,125,298,199,,,,,,,,,,,,,,,1636,3350,3235,2844,2761,3556,2870,2570,2578,2248,2861,3215
'760810,Tubes and pipes of non-alloy aluminium (excl. hollow profiles),97,172,53,122,238,205,199,194,147,150,148,198,,,,,,,,,,,,,,,802,1403,614,806,944,872,859,838,966,682,793,1042
'550911,Single yarn containing >= 85% nylon or other polyamide staple fibres by weight (excl. sewing ...,229,245,220,11,270,263,708,146,0,11,405,197,,,,,,,,,,,,,,,271,357,222,126,301,282,783,146,2,60,500,293
'800700,"Articles of tin, n.e.s.",65,97,78,91,111,168,199,104,197,245,220,196,,,,,,,,,,,,,,,8016,6159,8964,8536,7017,7827,8263,8801,8764,9976,6697,12292
'390610,"Poly""methyl methacrylate"", in primary forms",56,312,205,66,270,114,216,150,161,153,89,196,,,,,,,,,,,,,,,2150,3020,2341,2088,2662,1955,2476,2737,2065,2403,2411,3089
'844859,"Parts and accessories of machines of heading 8447, n.e.s.",306,160,209,200,214,262,110,127,66,47,35,195,,,,,,,,,,,,,,,2787,2933,2231,2549,3272,2678,2115,1846,2878,2823,1965,1891
'731029,"Tanks, casks, drums, cans, boxes and similar containers, of iron or steel, for any material, ...",118,271,162,376,263,156,42,255,340,234,28,195,,,,,,,,,,,,,,,1974,3640,4728,1890,3554,2502,2162,2945,2261,1877,1859,2461
'830820,"Tubular or bifurcated rivets, of base metal",80,34,45,36,21,15,51,188,192,143,110,194,,,,,,,,,,,,,,,423,268,243,289,200,199,224,431,433,285,368,258
'392390,"Articles for the conveyance or packaging of goods, of plastics (excl. boxes, cases, crates ...",132,343,164,246,191,158,135,252,191,296,68,193,,,,,,,,,,,,,,,11145,14938,15095,14004,14308,12748,13868,11906,12444,12509,9691,12485
'721391,"Bars and rods, hot-rolled, in irregularly wound coils, of iron or non-alloy steel, of circular ...",271,177,132,490,247,216,186,94,332,443,52,193,,,,,,,,,,,,,,,3869,4330,2309,4042,2956,2440,2608,3882,3986,4932,1951,2281
'390599,"Polymers of vinyl esters and other vinyl polymers, in primary forms (excl. those of vinyl chloride ...",114,202,54,106,159,79,186,157,147,201,61,192,,,,,,,,,,,,,,,4642,3968,3118,2747,2924,3052,2398,2803,2106,2304,2590,2400
'391739,"Flexible tubes, pipes and hoses, of plastics, reinforced or otherwise combined with other materials ...",128,75,87,53,90,30,89,126,266,192,170,191,,,,,,,,,,,,,,,6181,5561,6114,7732,6288,6884,5359,7613,6895,9066,5881,5687
'252921,Fluorspar containing by weight <= 97% calcium fluoride,89,39,42,34,112,132,19,103,90,191,206,191,,,,,,,,,,,,,,,158,172,194,236,377,221,220,276,336,337,380,345
'391590,"Waste, parings and scrap of plastics (excl. that of polymers of ethylene, styrene and vinyl ...",198,126,126,57,41,126,73,113,112,103,116,190,,,,,,,,,,,,,,,1849,2512,2007,1711,1056,1707,1616,2103,1941,1907,1545,1702
'400821,"Plates, sheets and strip, of non-cellular rubber",121,213,168,275,208,233,202,146,140,213,215,190,,,,,,,,,,,,,,,970,1223,1165,974,1363,1163,868,828,848,1311,989,746
'870829,"Parts and accessories of bodies for tractors, motor vehicles for the transport of ten or more ...",28,328,499,204,142,222,143,212,375,376,145,189,,,,,,,,,,,,,,,84169,87293,62587,69251,80464,78045,81783,82595,80194,80401,71003,79282
'370710,"Sensitising emulsions ""for photographic uses""",67,106,37,100,140,162,125,63,188,126,63,188,,,,,,,,,,,,,,,201,131,54,134,258,166,176,129,285,200,213,271
'880730,"Parts of aeroplanes, helicopters or unmanned aircraft, n.e.s. (excl. those for gliders)",23,107,96,315,157,534,303,495,258,433,98,188,,,,,,,,,,,,,,,31295,36647,30947,33680,33016,30348,38983,41589,46633,48226,36371,46627
'701913,"Yarn and slivers of glass fibres (excl. in chopped strands of a length of <= 50 mm, and rovings)",113,155,96,200,102,121,112,109,161,162,132,184,,,,,,,,,,,,,,,10214,11368,11016,9410,11059,9269,10988,8420,9433,9230,8216,10921
'853641,Relays for a voltage <= 60 V,31,14,19,15,169,36,58,46,46,31,155,184,,,,,,,,,,,,,,,7489,8852,6822,7270,6728,5840,6440,6155,5306,6868,5479,6640
'841370,"Centrifugal pumps, power-driven (excl. those of subheading 8413.11 and 8413.19, fuel, lubricating ...",478,169,231,178,129,145,137,198,170,198,57,184,,,,,,,,,,,,,,,22319,24394,19157,20591,22401,21197,20472,22246,24236,22511,18235,24724
'741300,"Stranded wire, cables, plaited bands and the like, of copper (excl. electrically insulated ...",21,21,50,26,91,58,125,131,290,154,94,182,,,,,,,,,,,,,,,973,1234,1313,1294,1219,1295,989,1730,1449,1409,828,1067
'482190,"Paper or paperboard labels of all kinds, non-printed",65,158,48,54,139,211,26,39,33,118,80,181,,,,,,,,,,,,,,,456,670,294,491,503,534,601,422,276,547,472,513
'722920,"Wire of silico-manganese steel, in coils (excl. bars and rods)",119,146,140,153,112,85,179,128,198,177,65,181,,,,,,,,,,,,,,,181,265,255,322,245,187,313,252,342,310,179,286
'720917,"Flat-rolled products of iron or non-alloy steel, of a width of >= 600 mm, in coils, simply ...",142,160,119,209,178,109,290,129,383,208,279,181,,,,,,,,,,,,,,,15030,22805,14171,11963,10601,11939,11829,14578,11030,9645,12129,12875
'846190,"Planing machines and other machine tools for working metals, metal carbides or cermets by removing ...",0,236,74,0,112,0,0,0,135,6,4,181,,,,,,,,,,,,,,,45,351,547,19,359,144,96,77,210,326,124,345
'731819,"Threaded articles, of iron or steel, n.e.s.",156,307,155,170,172,145,162,194,184,127,113,180,,,,,,,,,,,,,,,5629,6380,5619,6274,6758,6199,6320,6382,5830,5778,5512,4924
'844190,"Parts of machinery for making up paper pulp, paper or paperboard, n.e.s.",161,158,170,40,164,87,102,107,285,296,20,179,,,,,,,,,,,,,,,1866,2309,2542,2110,2334,1858,2496,3083,2223,2164,1704,2362
'900110,"Optical fibres, optical fibre bundles and cables (excl. made up of individually sheathed fibres ...",220,9,0,176,134,38,165,243,81,153,152,179,,,,,,,,,,,,,,,1042,1093,1011,1101,1047,1019,1685,1291,898,865,771,1193
'902920,"Speed indicators and tachometers, stroboscopes",141,133,150,141,97,2,253,250,215,211,130,179,,,,,,,,,,,,,,,6203,8583,8379,6572,5752,3641,4796,5007,5878,7404,5753,5172
'731824,"Cotters and cotter pins, of iron or steel",248,228,214,329,259,160,249,177,209,200,165,178,,,,,,,,,,,,,,,3104,3570,2813,3483,3305,3554,3401,2580,3382,3702,2614,4032
'846251,"Machines for working tube, pipe, hollow section and bar, numerically controlled (excl. presses)",394,585,367,225,0,10,239,51,205,0,0,178,,,,,,,,,,,,,,,2422,3257,2480,2192,1008,1724,1974,1339,2101,1831,2921,1554
'261310,Roasted molybdenum ores and concentrates,0,0,0,0,0,0,0,0,0,0,150,177,,,,,,,,,,,,,,,0,623,62,0,0,0,0,0,0,0,150,1154
'283650,Calcium carbonate,109,176,103,179,128,151,193,177,112,103,60,177,,,,,,,,,,,,,,,1090,1419,1403,1440,1308,1377,1502,1141,1053,1372,1192,1547
'521132,"Woven fabrics of cotton, containing predominantly, but < 85% cotton by weight, mixed principally ...",116,17,10,127,84,0,246,0,14,44,74,175,,,,,,,,,,,,,,,116,17,10,127,84,0,246,0,14,44,74,175
'903289,"Regulating or controlling instruments and apparatus (excl. hydraulic or pneumatic, manostats, ...",64,41,75,238,84,87,232,170,460,47,311,175,,,,,,,,,,,,,,,7116,7515,8683,9151,8673,9399,8179,8575,8919,9726,6990,9642
'844900,"Machinery for the manufacture or finishing of felt or nonwovens in the piece or in shapes, ...",0,0,0,343,0,0,0,0,81,0,0,175,,,,,,,,,,,,,,,0,0,117,562,69,20,0,144,101,82,0,175
'400510,"Rubber, unvulcanised, compounded with carbon black or silica, in primary forms or in plates, ...",191,133,196,125,103,104,122,337,260,163,162,175,,,,,,,,,,,,,,,353,264,370,232,335,291,366,604,424,302,301,316
'852692,Radio remote control apparatus,40,39,44,33,44,24,3,61,62,29,0,174,,,,,,,,,,,,,,,5602,5653,4177,4669,5501,3813,3965,5101,4472,4596,4416,3460
'481159,"Paper and paperboard, surface-coloured, surface-decorated or printed, coated, impregnated or ...",142,135,109,189,76,169,125,186,47,318,111,174,,,,,,,,,,,,,,,358,916,1016,739,321,742,670,499,394,862,696,616
'846711,"Tools for working in the hand, pneumatic, rotary type, incl. combined rotary-percussion",37,172,64,72,66,153,101,117,170,209,48,174,,,,,,,,,,,,,,,13348,19544,15884,14940,13670,14357,11924,12940,14358,12300,11483,11369
'850490,"Parts of electrical transformers and inductors, n.e.s.",344,477,302,365,434,381,446,422,278,287,283,174,,,,,,,,,,,,,,,24092,32347,29154,26906,28782,30141,30149,38589,34503,31916,23042,41638
'940549,"Electric luminaires and lighting fittings, n.e.s.",174,109,181,72,128,4,109,19,135,36,13,174,,,,,,,,,,,,,,,7544,10926,11154,8728,8471,7528,8346,10315,8973,9623,8635,7473
'581099,"Embroidery of materials other than cotton or man-made fibres, on a textile fabric base, in ...",88,172,93,168,89,100,117,157,119,80,62,174,,,,,,,,,,,,,,,687,590,491,619,499,653,509,585,512,436,370,702
'600240,"Knitted or crocheted fabrics, of a width of <= 30 cm, containing >= 5% by weight elastomeric ...",103,215,148,164,186,122,88,204,189,142,108,173,,,,,,,,,,,,,,,573,620,1039,434,376,325,233,399,357,240,214,337
'382410,Prepared binders for foundry moulds or cores,136,210,62,175,149,154,178,129,145,167,100,173,,,,,,,,,,,,,,,510,471,339,380,457,376,389,486,243,404,254,320
'740610,"Copper powders, of non-lamellar structure (excl. grains of copper)",127,59,59,133,99,65,120,136,248,139,0,172,,,,,,,,,,,,,,,1902,1666,926,2062,1453,2259,1909,3485,1698,2303,1372,2068
'293369,"Heterocyclic compounds with nitrogen hetero-atom[s] only, containing an unfused triazine ring, ...",59,30,19,51,66,56,96,85,110,84,29,172,,,,,,,,,,,,,,,1888,2967,2474,865,2257,5425,3156,6425,2761,5323,2348,7845
'710691,"Silver, incl. silver plated with gold or platinum, unwrought (excl. silver in powder form)",61,33,34,47,27,50,33,40,103,44,258,171,,,,,,,,,,,,,,,2045,976,2803,2202,1983,2117,2543,13980,1816,1790,2010,4819
'722850,"Bars and rods of alloy steel other than stainless, not further worked than cold-formed or cold-finished ...",171,81,153,73,148,33,225,148,109,73,159,171,,,,,,,,,,,,,,,7076,7051,5468,6726,4570,3519,8006,5073,7388,4650,4384,5572
'730729,"Tube or pipe fittings of stainless steel (excl. cast products, flanges, threaded elbows, bends ...",634,903,429,812,697,564,625,390,738,44,2,170,,,,,,,,,,,,,,,12433,11178,13323,13251,13249,13191,13574,10952,14057,10378,9149,10623
'680422,"Millstones, grindstones, grinding wheels and the like, without frameworks, for sharpening, ...",74,95,67,89,86,59,77,66,39,90,43,170,,,,,,,,,,,,,,,1109,1255,1175,967,1627,1204,2048,1040,1219,1253,1001,1645
'480255,"Uncoated paper and paperboard, of a kind used for writing, printing or other graphic purposes, ...",0,0,15,140,0,47,510,385,121,325,0,170,,,,,,,,,,,,,,,1535,2043,1743,1752,1455,860,2197,1793,1920,1931,1136,2175
'721935,"Flat-rolled products of stainless steel, of a width of >= 600 mm, not further worked than cold-rolled ...",94,327,263,226,254,102,170,145,219,238,86,169,,,,,,,,,,,,,,,3730,5291,6312,5608,8168,2824,5045,4484,4521,4362,5027,2625
'540761,"Woven fabrics of yarn containing >= 85% by weight of non-textured polyester filaments, incl. ...",21,148,206,188,109,162,262,85,200,106,159,169,,,,,,,,,,,,,,,912,1130,885,1285,1033,962,1217,1357,1185,1164,643,826
'780600,"Articles of lead, n.e.s.",68,35,67,39,215,0,120,1,78,57,53,169,,,,,,,,,,,,,,,186,91,87,69,508,41,206,51,302,180,138,277
'291521,Acetic acid,148,144,192,172,159,95,131,110,171,81,160,168,,,,,,,,,,,,,,,5609,3328,12514,8424,6939,2696,5015,2420,11556,8172,3805,7171
'321511,"Black printing ink, whether or not concentrated or solid",145,34,20,184,69,75,44,54,91,168,5,167,,,,,,,,,,,,,,,756,459,714,635,454,563,432,871,556,618,472,698
'820810,"Knives and cutting blades, of base metal, for machines or for mechanical appliances, for m ...",94,152,169,230,88,135,205,204,120,220,52,167,,,,,,,,,,,,,,,844,775,623,798,723,782,707,655,499,901,399,975
'391290,"Cellulose and chemical derivatives thereof, n.e.s., in primary forms (excl. cellulose acetates, ...",106,206,68,227,127,136,233,242,388,129,0,167,,,,,,,,,,,,,,,6668,7082,5695,5832,7190,5232,7637,6249,5999,6333,4871,6306
'846390,"Machine tools for working metal, sintered metal carbides or cermets, without removing metal ...",0,66,36,64,2,10,22,137,25,48,0,166,,,,,,,,,,,,,,,1571,3720,2025,1285,2456,2317,2000,2392,3714,3027,1070,1354
'410419,"Hides and skins of bovine ""incl. buffalo"" or equine animals, in the wet state ""incl. wet-blue"", ...",620,384,584,453,154,397,230,10,531,264,135,166,,,,,,,,,,,,,,,1782,1275,1709,1706,1220,1156,1292,1457,1202,1096,1627,1027
'845921,"Drilling machines for working metal, numerically controlled (excl. way-type unit head machines)",0,0,0,135,0,27,470,0,0,0,23,165,,,,,,,,,,,,,,,696,1257,2897,1632,1129,1038,2088,1364,1539,777,1774,3948
'292029,"Phosphite esters and their salts; their halogenated, sulphonated, nitrated or nitrosated derivatives ...",17,0,12,18,12,6,53,115,151,119,149,164,,,,,,,,,,,,,,,3904,3938,3988,3435,3252,2297,2434,4151,3257,2625,3333,2505
'271500,"Bituminous mastics, cut-backs and other bituminous mixtures based on natural asphalt, on natural ...",108,74,75,157,51,99,95,48,166,94,0,164,,,,,,,,,,,,,,,168,142,127,200,209,218,314,199,225,159,51,272
'294200,"Separate chemically defined organic compounds, n.e.s.",86,99,188,125,106,222,131,148,176,91,112,163,,,,,,,,,,,,,,,6135,5040,5519,4888,4571,4898,4820,4881,5383,5639,4581,6767
'721922,"Flat-rolled products of stainless steel, of a width of >= 600 mm, not further worked than hot-rolled, ...",25,145,0,50,61,0,22,71,52,36,233,162,,,,,,,,,,,,,,,4825,7245,5305,5094,5229,4651,3904,4164,4651,3678,5232,4489
'902789,"Instruments and apparatus for physical or chemical analysis, or for measuring or checking viscosity, ...",438,1098,1063,16,166,216,105,157,141,135,24,162,,,,,,,,,,,,,,,23309,25552,25301,43612,57049,45614,18187,23685,15748,13257,13522,13490
'852352,"Cards incorporating one or more electronic integrated circuits ""smart cards""",366,58,8,52,197,214,484,305,241,457,34,162,,,,,,,,,,,,,,,13108,12517,10876,8827,10831,11083,10382,9220,10213,12388,7634,10103
'848330,"Bearing housings for machinery, not incorporating ball or roller bearings; plain shaft bearings ...",21,32,49,10,61,71,100,90,64,63,34,161,,,,,,,,,,,,,,,4244,4784,4628,4900,5775,5156,5885,5254,5168,5342,3886,4630
'820740,"Tools for tapping or threading, interchangeable",70,105,97,146,117,93,100,127,140,135,47,161,,,,,,,,,,,,,,,2883,3840,3461,3520,3615,3224,3293,4197,3493,4030,2410,4019
'320650,"Inorganic products of a kind used as luminophores, whether or not chemically defined",59,145,86,95,69,168,90,149,49,92,88,160,,,,,,,,,,,,,,,119,256,239,264,268,246,220,352,155,214,151,392
'852190,"Video recording or reproducing apparatus, whether or not incorporating a video tuner (excl. ...",4,0,19,5,0,11,9,8,25,2,12,159,,,,,,,,,,,,,,,4432,5310,5108,2986,3708,2597,2822,3027,4296,3671,4935,3512
'732219,"Radiators for central heating, non-electrically heated, and parts thereof, of iron other than ...",4,13,29,39,109,64,86,58,109,220,157,158,,,,,,,,,,,,,,,1004,1109,1597,2839,1235,1629,2089,2126,2215,3210,2112,3204
'400129,"Natural rubber in primary forms or in plates, sheets or strip (excl. smoked sheets, technically ...",6,145,21,14,57,53,29,10,57,32,22,157,,,,,,,,,,,,,,,22,209,60,47,69,150,132,19,133,64,49,206
'760720,"Aluminium foil, backed, of a thickness (excl. any backing) of <= 0,2 mm (excl. stamping foils ...",72,98,69,126,106,116,63,130,62,111,12,156,,,,,,,,,,,,,,,1190,1573,1588,1289,1929,1001,968,1500,1140,1289,1390,1202
'720915,"Flat-rolled products of iron or non-alloy steel, of a width of >= 600 mm, in coils, simply ...",160,29,115,124,152,57,434,143,174,63,183,156,,,,,,,,,,,,,,,591,683,882,729,896,256,921,873,797,516,755,763
'510710,Yarn of combed wool containing >= 85% wool by weight (excl. that put up for retail sale),108,168,1,100,28,105,68,68,199,469,200,155,,,,,,,,,,,,,,,143,212,1,100,28,161,68,108,296,469,202,203
'540220,High-tenacity filament yarn of polyesters (excl. that put up for retail sale),111,44,53,390,672,429,57,156,344,180,45,155,,,,,,,,,,,,,,,2594,3056,4110,4699,5377,5299,4434,4775,4417,4914,3542,4686
'844849,"Parts and accessories of weaving machines ""looms"" and their auxiliary machinery, n.e.s.",264,87,172,221,111,203,80,325,257,275,116,155,,,,,,,,,,,,,,,925,1064,1236,1248,627,740,804,995,1245,1084,860,1216
'830260,Automatic door closers of base metal,19,174,87,140,33,150,82,47,51,127,12,154,,,,,,,,,,,,,,,6626,8445,6527,6379,6812,7111,6240,6769,8607,6792,6975,6387
'847940,Rope or cable-making machines (excl. twisting machines of the type used in spinning mills),85,149,0,33,148,0,0,124,0,85,0,154,,,,,,,,,,,,,,,201,792,649,741,148,2028,397,320,1804,88,150,154
'731210,"Stranded wire, ropes and cables, of iron or steel (excl. electrically insulated products and ...",142,5,20,127,7,129,37,142,42,40,10,154,,,,,,,,,,,,,,,1015,1163,1274,1169,1392,1255,1501,1337,1255,1898,1397,1890
'750890,"Articles of nickel, n.e.s.",12,30,8,5,29,7,26,25,40,30,51,154,,,,,,,,,,,,,,,5632,6805,6340,6760,6947,5324,7055,7631,8127,7836,6867,8254
'481910,"Cartons, boxes and cases, of corrugated paper or paperboard",70,234,195,109,117,63,101,58,32,68,47,154,,,,,,,,,,,,,,,2314,3126,2914,3022,2561,2294,2043,2680,2506,2056,2268,2325
'320611,Pigments and preparations based on titanium dioxide of a kind used for colouring any material ...,216,230,122,238,184,208,176,247,149,136,5,153,,,,,,,,,,,,,,,604,1363,287,643,712,531,338,524,453,428,136,362
'902480,Machines and appliances for testing the mechanical properties of materials (excl. metals),319,450,199,275,270,195,254,352,237,280,183,152,,,,,,,,,,,,,,,2801,3852,3087,2324,2555,2707,2458,2158,2369,1852,1691,2229
'750400,"Powders and flakes, of nickel (excl. nickel oxide sinters)",0,0,68,0,16,24,0,13,0,16,63,151,,,,,,,,,,,,,,,145,224,111,18,27,176,380,82,32,418,64,162
'560391,"Nonwovens, whether or not impregnated, coated, covered or laminated, n.e.s., weighing <= 25 ...",33,25,39,27,47,94,0,0,65,134,112,151,,,,,,,,,,,,,,,350,306,413,228,304,400,204,241,428,541,426,474
'560410,Textile-covered rubber thread and cord,162,128,76,245,169,323,230,228,155,140,79,151,,,,,,,,,,,,,,,578,456,330,629,517,606,575,397,483,502,310,515
'030344,"Frozen bigeye tunas ""Thunnus obesus""",255,135,475,95,109,92,238,217,46,190,46,150,,,,,,,,,,,,,,,11970,15836,14680,19322,21090,7624,10845,19068,7919,7955,8225,14011
'950430,"Games with screens, flipper and other games, operated by coins, banknotes, bank cards, tokens ...",5,20,938,67,2,370,112,46,0,3,0,150,,,,,,,,,,,,,,,10487,12540,14977,10341,13819,10945,11311,10204,7845,11087,10746,11293
'540794,"Woven fabrics of yarn containing predominantly, but < 85% synthetic filament by weight, incl. ...",160,32,0,5,7,205,166,27,106,128,18,150,,,,,,,,,,,,,,,189,94,5,192,274,577,714,231,567,186,163,270
'320500,Colour lakes (other than Chinese or Japanese lacquer and paints); preparations based on colour ...,72,122,55,90,91,108,114,86,75,191,28,149,,,,,,,,,,,,,,,122,150,90,105,151,136,230,136,102,208,140,162
'843999,"Parts of machinery for making or finishing paper or paperboard, n.e.s.",31,77,84,100,37,38,72,233,258,45,1,148,,,,,,,,,,,,,,,1563,1250,1660,1237,1289,1442,1045,1013,2078,1515,1388,1080
'846620,Work holders for machine tools,111,90,88,123,41,93,77,93,71,123,37,148,,,,,,,,,,,,,,,6314,6444,6105,5170,4314,4850,6598,4543,5353,6084,4808,5887
'854720,"Insulating fittings for electrical purposes, of plastics",12,22,15,26,23,12,19,14,24,20,10,148,,,,,,,,,,,,,,,1467,1301,1081,1306,1231,1099,1285,1244,1492,1343,831,1317
'854130,"Thyristors, diacs and triacs (excl. photosensitive semiconductor devices)",99,126,81,78,97,84,100,53,122,160,71,148,,,,,,,,,,,,,,,709,697,634,980,1227,1721,1729,1437,1769,1637,972,2465
'721550,"Bars and rods, of iron or non-alloy steel, not further worked than cold-formed or cold-finished ...",108,106,89,94,94,100,45,63,124,87,20,148,,,,,,,,,,,,,,,237,155,176,249,168,166,182,172,165,284,20,298
'843880,"Machinery for the industrial preparation or manufacture of food or drink, n.e.s.",82,101,42,7,146,84,173,121,2,72,41,148,,,,,,,,,,,,,,,3390,7826,4987,3198,3793,4148,3707,5645,5454,6913,5309,7442
'540110,"Sewing thread of synthetic filaments, whether or not put up for retail sale",71,147,89,101,171,124,183,129,124,130,88,147,,,,,,,,,,,,,,,383,800,481,618,564,463,422,437,604,344,376,496
'850152,"AC motors, multi-phase, of an output > 750 W but <= 75 kW",103,161,33,159,78,40,23,25,77,34,24,147,,,,,,,,,,,,,,,6564,6408,7458,5280,6601,5610,4624,4356,6470,6232,4505,4748
'560900,"Articles of yarn, strip or the like of heading 5404 or 5405, or of twine, cordage, ropes or ...",34,20,17,47,79,126,60,59,27,60,67,147,,,,,,,,,,,,,,,654,791,939,763,781,847,896,985,820,706,1100,805
'721631,"U sections of iron or non-alloy steel, not further worked than hot-rolled, hot-drawn or hot-extruded, ...",25,38,75,0,101,0,0,39,17,9,0,146,,,,,,,,,,,,,,,1807,5145,2552,582,2842,1172,882,1490,2058,699,1650,3811
'847730,Blow-moulding machines for working rubber or plastics,182,135,166,0,371,280,0,502,204,0,0,145,,,,,,,,,,,,,,,2539,4515,6906,7506,7558,5508,3721,8050,10532,7581,6494,6547
'290312,"Dichloromethane ""methylene chloride""",279,243,176,206,294,158,179,275,331,209,92,145,,,,,,,,,,,,,,,727,535,440,534,677,380,472,632,712,698,222,425
'481940,"Sacks and bags, incl. cones, of paper, paperboard, cellulose wadding or webs of cellulose fibres ...",57,35,118,165,177,72,140,81,79,249,45,142,,,,,,,,,,,,,,,2979,4405,3083,2346,2679,2800,2443,2908,2693,2174,2182,2197
'820412,"Hand-operated spanners and wrenches, incl. torque meter wrenches, of base metal, adjustable ...",53,83,86,66,111,46,45,44,62,57,69,142,,,,,,,,,,,,,,,9670,12546,11847,9871,9641,8350,8305,8033,7473,7745,9275,8317
'190531,Sweet biscuits,62,0,0,85,65,48,21,112,110,0,0,141,,,,,,,,,,,,,,,760,1226,1078,842,1272,1154,1372,911,1495,1067,775,1079
'410719,"Leather ""incl. parchment-dressed leather"" of the whole hides and skins of bovine ""incl. buffalo"" ...",301,362,254,338,154,217,222,132,210,227,81,141,,,,,,,,,,,,,,,611,522,1187,695,611,617,774,414,629,495,706,552
'960610,"Press-fasteners, snap-fasteners and press studs and parts therefor",137,134,89,126,150,148,163,203,232,205,118,141,,,,,,,,,,,,,,,629,986,749,899,551,613,776,889,615,1214,406,554
'960630,Button moulds and other parts of buttons; button blanks,111,140,121,19,70,73,82,85,150,167,93,141,,,,,,,,,,,,,,,263,350,286,169,261,186,195,214,351,410,190,393
'760421,"Hollow profiles of aluminium alloys, n.e.s.",94,86,142,107,133,165,133,137,63,182,85,140,,,,,,,,,,,,,,,1468,1353,1375,1148,1096,947,1111,904,913,1905,1471,1435
'843930,Machinery for finishing paper or paperboard (excl. calenders),131,0,10,159,4,0,0,0,709,0,0,140,,,,,,,,,,,,,,,1832,739,1435,1055,5773,1445,425,1465,2146,1655,324,1728
'721510,"Bars and rods, of non-alloy free-cutting steel, not further worked than cold-formed or col ...",66,117,75,143,112,73,96,71,91,129,41,139,,,,,,,,,,,,,,,1447,1562,1170,1291,1510,1041,1207,1359,1355,1095,591,1093
'721932,"Flat-rolled products of stainless steel, of a width of >= 600 mm, not further worked than cold-rolled ...",7,90,23,45,142,0,18,36,75,59,15,139,,,,,,,,,,,,,,,9771,11262,10588,10111,9800,6319,10225,10063,8178,8555,6477,8132
'392093,"Plates, sheets, film, foil and strip, of non-cellular amino-resins, not reinforced, laminated, ...",80,305,121,456,257,104,61,311,114,69,61,139,,,,,,,,,,,,,,,182,517,359,668,542,504,219,490,700,232,341,380
'845190,"Parts of machines for washing, cleaning, wringing, drying, ironing, pressing, bleaching, dyeing, ...",103,246,213,295,166,126,124,114,187,465,55,138,,,,,,,,,,,,,,,1305,1686,1759,1726,1972,1615,1201,1630,1791,1808,1122,1647
'290399,"Halogenated derivatives of aromatic hydrocarbons (excl. chlorobenzene, o-dichlorobenzene, p-dichlorobenzene, ...",0,0,0,0,0,21,0,0,0,0,0,138,,,,,,,,,,,,,,,289,364,280,370,438,376,390,418,603,610,581,769
'401700,"Hard rubber, e.g. ebonite, in all forms, incl. waste and scrap; articles of hard rubber, n.e.s.",247,172,113,218,153,107,115,120,288,243,76,138,,,,,,,,,,,,,,,5054,6055,4331,4254,4948,4109,4125,3455,4069,4746,3631,3715
'470720,"Recovered ""waste and scrap"" paper or paperboard made mainly of bleached chemical pulp, not ...",342,363,117,129,128,29,179,165,7,115,71,137,,,,,,,,,,,,,,,980,1001,443,478,583,622,630,908,728,933,693,724
'844842,"Reeds for looms, healds and heald-frames",67,151,141,146,111,112,96,120,160,157,92,137,,,,,,,,,,,,,,,177,386,333,396,264,252,225,202,291,265,225,218
'392530,"Shutters, blinds, incl. Venetian blinds, and similar articles and parts thereof, of plastics ...",183,145,204,139,135,130,157,241,84,133,198,137,,,,,,,,,,,,,,,4167,4844,4254,3530,3325,3536,3443,3319,2721,3195,3201,2364
'850780,"Electric accumulators (excl. spent, and lead-acid, nickel-cadmium, nickel-metal hydride and ...",115,130,157,0,94,14,15,29,38,58,26,137,,,,,,,,,,,,,,,1662,2352,2403,2557,2496,2757,2166,1620,1912,1486,1669,1967
'850519,"Permanent magnets and articles intended to become permanent magnets after magnetization, of ...",127,278,159,220,159,120,256,105,156,137,102,135,,,,,,,,,,,,,,,760,907,739,771,1642,1128,1444,875,1495,1126,572,447
'901832,"Tubular metal needles and needles for sutures, used in medical, surgical, dental or veterinary ...",0,29,111,77,71,91,72,0,130,94,0,135,,,,,,,,,,,,,,,555,881,988,929,1168,883,734,487,1261,1145,783,862
'853225,"Fixed electrical capacitors, dielectric of paper or plastics (excl. power capacitors)",33,4,0,0,0,11,24,4,11,13,288,135,,,,,,,,,,,,,,,2818,2565,2609,2064,2982,2886,2260,3043,2561,2753,1840,3919
'410631,"Hides and skins of swine, in the wet state (incl. wet-blue), tanned, without wool on, whether ...",210,34,69,59,9,120,76,0,113,122,62,133,,,,,,,,,,,,,,,542,814,667,542,422,433,407,375,741,859,198,570
'090111,Coffee (excl. roasted and decaffeinated),63,38,138,137,0,90,221,58,76,0,49,133,,,,,,,,,,,,,,,826,493,456,891,702,757,762,658,549,392,1022,658
'282490,"Lead oxides (excl. monoxide ""litharge, massicot"")",93,142,46,135,88,179,179,91,180,134,93,132,,,,,,,,,,,,,,,667,650,441,259,456,658,425,436,555,331,476,403
'340399,"Lubricant preparations, incl. cutting-oil preparations, bolt or nut release preparations, anti-rust ...",298,147,323,324,260,111,155,145,231,168,110,132,,,,,,,,,,,,,,,3426,3382,2837,3140,2975,2607,2641,2327,2742,3008,2207,2307
'410632,"Hides and skins of swine, in the dry state (crust), without wool on, whether or not split (excl. ...",78,82,109,111,225,114,191,228,146,106,11,131,,,,,,,,,,,,,,,178,112,488,518,504,236,347,440,373,471,181,276
'391740,"Fittings, e.g. joints, elbows, flanges, of plastics, for tubes, pipes and hoses",20,118,93,98,106,72,171,189,79,144,148,129,,,,,,,,,,,,,,,3867,5386,5273,5062,5377,4096,4078,4955,5171,4491,4332,4590
'392112,"Plates, sheets, film, foil and strip, of cellular polymers of vinyl chloride, unworked or merely ...",273,476,44,225,294,262,329,175,303,156,52,129,,,,,,,,,,,,,,,2111,2748,2437,2900,2756,2079,2006,1690,1981,1867,1333,1896
'760410,"Bars, rods and profiles, of non-alloy aluminium, n.e.s.",94,74,45,74,116,120,181,0,36,28,11,129,,,,,,,,,,,,,,,1570,1052,1492,1049,1622,1372,1765,944,1102,1896,1315,904
'960711,Slide fasteners fitted with chain scoops of base metal,172,110,102,76,105,60,23,70,51,227,205,128,,,,,,,,,,,,,,,852,1396,999,889,1173,509,275,784,765,857,1125,794
'481039,"Kraft paper and paperboard, coated on one or both sides with kaolin or other inorganic substances, ...",35,236,122,68,161,102,145,61,18,92,9,127,,,,,,,,,,,,,,,4004,4368,3641,2672,3677,2740,4678,3298,3487,3535,2910,3217
'392630,"Fittings for furniture, coachwork and the like, of plastics (excl. building components for ...",37,81,38,88,74,57,89,39,93,81,17,127,,,,,,,,,,,,,,,1376,1478,1308,1344,1569,1276,1179,1438,1318,1253,1632,1051
'300510,"Adhesive dressings and other articles having an adhesive layer, impregnated or covered with ...",0,94,69,84,60,197,205,215,136,126,145,127,,,,,,,,,,,,,,,3025,4103,3754,3313,4059,3655,3538,3731,4721,4586,3237,4361
'731511,Roller chain of iron or steel,58,110,86,117,80,143,174,102,84,189,87,127,,,,,,,,,,,,,,,3752,5720,5354,4743,5070,3534,4476,5126,4621,5681,3294,4556
'820411,"Hand-operated spanners and wrenches, incl. torque meter wrenches, of base metal, non-adjustable",217,64,302,76,169,89,62,131,102,177,51,127,,,,,,,,,,,,,,,19374,23466,20824,19160,16795,19521,16632,19439,16636,18198,17892,18158
'871420,"Parts and accessories for carriages for disabled persons, n.e.s.",156,171,60,84,141,66,94,549,77,237,155,125,,,,,,,,,,,,,,,6197,9158,8671,6525,7539,6325,5499,5843,7987,5964,6651,6729
'481690,"Copying or transfer papers, in rolls of a width of <= 36 cm or in rectangular or square sheets ...",144,116,85,220,270,362,294,155,114,204,19,125,,,,,,,,,,,,,,,297,208,215,384,560,547,463,408,263,418,172,368
'846610,"Tool holders, incl. tool holders for any type of tool for working in the hand, and self-opening ...",49,74,55,97,55,18,96,20,43,88,8,125,,,,,,,,,,,,,,,5704,7561,7087,5774,8042,8899,7875,6216,7122,4857,7804,8427
'800110,"Unwrought tin, not alloyed",0,82,79,39,48,49,52,85,11,51,182,124,,,,,,,,,,,,,,,4105,4337,5443,4878,5134,2788,4605,6209,5222,3273,6601,5733
'190300,"Tapioca and substitutes therefor prepared from starch, in the form of flakes, grains, pearls, ...",81,175,135,54,141,123,80,35,171,68,34,123,,,,,,,,,,,,,,,6391,8142,8440,5892,6113,5070,6194,5668,5449,5214,5017,6359
'591110,"Textile fabrics, felt and felt-lined woven fabrics, coated, covered or laminated with rubber, ...",90,33,21,38,65,36,55,15,80,175,54,123,,,,,,,,,,,,,,,425,534,310,439,345,250,356,248,479,529,326,287
'480640,"Glassine and other glazed transparent or translucent papers, in rolls of a width > 36 cm or ...",193,155,123,63,61,0,31,83,93,87,148,123,,,,,,,,,,,,,,,9587,13863,10659,10093,9357,9336,9075,6564,9009,9271,6211,9293
'842430,"Steam or sand blasting machines and similar jet projecting machines, incl. water cleaning appliances ...",491,16,134,0,2,60,47,20,119,88,9,122,,,,,,,,,,,,,,,960,3354,3819,1614,1576,704,2700,2358,1276,2301,1759,3683
'540784,"Woven fabrics of yarn containing predominantly, but < 85% synthetic filament by weight, incl. ...",116,128,51,56,36,33,80,76,15,254,147,122,,,,,,,,,,,,,,,292,174,155,79,102,68,176,128,89,374,260,327
'741012,"Copper alloy foil, not backed, of a thickness of <= 0,15 mm (excl. stamping foils of heading ...",63,42,43,124,64,71,7,120,18,71,0,122,,,,,,,,,,,,,,,2344,1799,2003,1741,1698,1281,1338,1668,1153,1649,1323,1485
'850131,"DC motors of an output > 37,5 W but <= 750 W and DC generators of an output <= 750 W (excl. ...",25,249,54,83,74,33,37,30,4,129,197,121,,,,,,,,,,,,,,,12087,18154,11690,12488,14686,14686,15262,16407,19781,17318,15373,14677
'030357,"Frozen swordfish ""Xiphias gladius""",0,1,66,0,0,0,0,0,0,0,0,121,,,,,,,,,,,,,,,1809,2028,986,1633,1701,2223,2253,2092,1352,1784,2479,3921
'680421,"Millstones, grindstones, grinding wheels and the like, without frameworks, for sharpening, ...",65,91,92,71,49,94,83,31,144,87,9,120,,,,,,,,,,,,,,,4178,4930,4364,4006,3727,4213,4713,4521,4998,4655,4508,5904
'392321,"Sacks and bags, incl. cones, of polymers of ethylene",37,153,53,158,66,89,61,62,25,118,39,120,,,,,,,,,,,,,,,5736,9184,9111,8344,8130,7938,9213,7907,9134,7385,7399,7544
'480431,"Unbleached kraft paper and paperboard, uncoated, in rolls of a width > 36 cm or in square or ...",0,54,0,48,66,0,76,61,124,19,0,120,,,,,,,,,,,,,,,131,237,57,124,164,2,158,137,196,121,35,170
'841391,"Parts of pumps for liquids, n.e.s.",214,139,188,114,138,174,83,237,185,147,242,119,,,,,,,,,,,,,,,15346,16456,18886,15649,16116,16076,14603,16605,16041,16175,13784,12330
'851590,"Parts of machines and apparatus for soldering or welding or for hot spraying of metals, metal ...",27,2,65,55,17,61,29,51,125,72,12,118,,,,,,,,,,,,,,,1004,1450,1287,1137,1149,1418,965,1312,1393,1537,1128,1566
'340420,"Poly""oxyethylene"" [polyethylene glycol] waxes",78,90,88,32,99,11,33,34,37,85,18,118,,,,,,,,,,,,,,,183,149,193,150,149,60,250,112,80,153,123,190
'291990,"Phosphoric esters and their salts, incl. lactophosphates; their halogenated, sulphonated, nitrated ...",180,128,127,0,59,67,0,60,62,59,121,117,,,,,,,,,,,,,,,1734,1576,1097,1427,1231,1558,2091,1402,1502,1237,819,1912
'390591,"Copolymers of vinyl, in primary forms (excl. vinyl chloride-vinyl acetate copolymers and other ...",0,71,0,0,69,0,13,113,28,15,0,116,,,,,,,,,,,,,,,12097,17749,14391,12124,13294,9815,7631,11092,9398,10907,8471,13796
'900490,"Spectacles, goggles and the like, corrective, protective or other (excl. spectacles for testing ...",109,117,92,168,141,60,132,97,94,100,37,114,,,,,,,,,,,,,,,25271,30631,29333,28641,31770,31578,28318,23373,29500,28271,28684,24371
'854419,"Winding wire for electrical purposes, of material other than copper, insulated",45,57,36,67,50,45,147,90,85,117,63,114,,,,,,,,,,,,,,,2629,2220,2822,3237,2940,2437,2953,3881,3717,3590,2656,3134
'252620,"Natural steatite and talc, crushed or powdered",80,106,93,101,102,81,123,145,135,71,39,114,,,,,,,,,,,,,,,153,233,229,243,211,277,217,275,330,241,119,301
'392410,"Tableware and kitchenware, of plastics",8,12,6,7,70,12,14,16,7,49,2,112,,,,,,,,,,,,,,,15197,21250,21050,18119,18713,14624,18147,17235,17783,17519,15643,16140
'841350,"Reciprocating positive displacement pumps for liquids, power-driven (excl. those of subheading ...",42,112,118,49,24,159,27,133,46,99,17,112,,,,,,,,,,,,,,,1406,1359,1102,977,1357,1239,1106,1535,1765,1998,1179,1180
'210390,"Preparations for sauces and prepared sauces; mixed condiments and seasonings (excl. soya sauce, ...",33,25,49,67,14,86,54,64,99,65,12,112,,,,,,,,,,,,,,,3503,4756,3830,2950,3653,4110,3604,4597,4886,3048,3027,3579
'830160,"Parts of padlocks, locks, clasps and frames with clasps, incorporating locks, of base metal, ...",92,73,45,91,13,33,69,70,21,81,14,112,,,,,,,,,,,,,,,13183,15218,14049,13298,15784,13070,13979,11944,15129,15054,14395,13263
'550390,"Synthetic staple fibres, not carded, combed or otherwise processed for spinning (excl. those ...",54,88,32,103,86,56,58,59,56,147,31,112,,,,,,,,,,,,,,,748,1695,2594,3266,3281,2551,3306,3177,2507,2465,2648,2881
'600623,"Cotton fabrics, knitted or crocheted, of yarns of different colours, of a width of > 30 cm ...",99,11,0,51,146,0,7,185,16,0,32,111,,,,,,,,,,,,,,,106,39,13,69,146,6,28,197,22,5,32,131
'350510,"Dextrins and other modified starches, e.g. pregelatinised or esterified starches",22,68,9,72,23,0,68,82,68,22,22,111,,,,,,,,,,,,,,,1339,1178,1282,1525,907,1238,608,1618,1575,1419,476,1489
'282540,Nickel oxides and hydroxides,76,116,76,57,45,72,0,66,33,0,0,111,,,,,,,,,,,,,,,1002,884,863,620,978,699,532,638,715,604,745,1111
'290541,"2-Ethyl-2-""hydroxymethyl"" propane-1,3-diol ""trimethylolpropane""",69,122,90,124,134,55,169,111,150,244,57,110,,,,,,,,,,,,,,,957,1030,571,604,943,618,805,685,1083,1011,845,742
'820570,"Vices, clamps and the like (excl. accessories for and parts of machine tools or water-jet cutting ...",119,73,121,84,126,95,123,160,35,110,15,110,,,,,,,,,,,,,,,3100,5001,3228,3617,3932,3432,4017,3131,3821,3967,3770,3179
'560750,"Twine, cordage, ropes and cables, of synthetic fibres, whether or not plaited or braided and ...",142,146,160,91,141,178,114,110,160,96,22,109,,,,,,,,,,,,,,,1331,1309,1141,1008,1049,1659,909,1785,1130,1477,1029,1074
'843790,Parts of machinery used in the milling industry or for the working of cereals or dried leguminous ...,50,0,0,33,10,0,16,42,0,58,47,109,,,,,,,,,,,,,,,302,219,112,238,193,217,194,81,121,549,200,199
'830220,Castors with mountings of base metal,112,150,392,100,139,51,120,217,252,100,120,107,,,,,,,,,,,,,,,4321,5647,5235,4607,4447,4116,4309,4954,4929,4643,4387,4164
'732399,"Table, kitchen or other household articles, and parts thereof, of iron other than cast iron ...",45,25,152,145,19,0,59,29,81,18,85,107,,,,,,,,,,,,,,,6302,7053,7513,7299,6290,4993,4614,4819,5600,4981,5704,5005
'850140,"AC motors, single-phase, of an output > 37,5 W",116,241,166,327,99,82,151,147,114,181,73,107,,,,,,,,,,,,,,,3063,5060,4345,4149,4484,3302,3778,3601,3887,4796,3337,4201
'848350,"Flywheels and pulleys, incl. pulley blocks",39,68,103,127,105,107,86,0,7,44,0,107,,,,,,,,,,,,,,,3864,4184,5284,5178,5699,5099,4804,4324,5400,5468,5764,4337
'842290,"Parts of dishwashing machines, packing or wrapping machinery and other machinery and apparatus ...",107,119,109,301,147,160,208,68,57,76,10,107,,,,,,,,,,,,,,,4794,5749,4580,4690,5820,4489,4437,5104,5065,5645,4223,4220
'520839,"Woven fabrics of cotton, containing >= 85% cotton by weight and weighing <= 200 g/m_, dyed ...",53,12,1,2,17,85,99,23,28,48,177,107,,,,,,,,,,,,,,,53,32,1,11,77,114,120,43,39,78,198,354
'550810,"Sewing thread of synthetic staple fibres, whether or not put up for retail sale",88,77,80,53,109,49,98,81,74,70,42,106,,,,,,,,,,,,,,,209,202,175,97,213,199,201,202,187,111,151,118
'842420,"Spray guns and similar appliances (other than electrical machines, appliances and other devices ...",83,77,123,62,20,89,46,46,18,192,31,105,,,,,,,,,,,,,,,6107,4577,3943,3433,2838,3671,4068,4125,6502,8177,6490,6978
'600390,"Knitted or crocheted fabrics of a width of <= 30 cm (excl. of cotton, man-made fibres, wool ...",2,0,59,104,13,3,4,52,27,10,0,105,,,,,,,,,,,,,,,4,31,59,107,14,3,4,52,27,10,0,109
'300420,"Medicaments containing antibiotics, put up in measured doses ""incl. those for transdermal administration"" ...",51,172,75,13,0,0,144,110,28,30,40,104,,,,,,,,,,,,,,,3476,3080,2564,3136,1595,3177,3126,2242,2825,3640,2841,2705
'681519,"Articles of graphite or carbon, for non-electrical purposes (excl. carbon fibres and articles ...",82,38,148,195,142,60,129,65,89,144,58,104,,,,,,,,,,,,,,,4479,2978,3206,3281,3692,3992,3907,4341,4581,4240,3003,4292
'846029,"Grinding machines for finishing metal, not numerically controlled (excl. flat-surface and gear ...",34,51,0,84,90,0,0,177,40,36,0,104,,,,,,,,,,,,,,,2580,4739,2447,3040,2111,1771,1874,2854,3866,2757,1613,3379
'400270,"Ethylene-propylene diene rubber ""EPDM"", non-conjugated, in primary forms or in plates, sheets ...",26,113,55,130,109,104,277,132,109,178,97,104,,,,,,,,,,,,,,,1978,1386,1684,1461,1825,1814,1804,1391,1331,1193,591,1340
'380992,"Finishing agents, dye carriers to accelerate the dyeing or fixing of dyestuffs, and other products ...",30,142,102,89,131,122,132,99,122,196,189,103,,,,,,,,,,,,,,,1730,1798,1782,1374,1933,1483,1463,1343,1513,1445,1126,1519
'282739,"Chlorides (excl. ammonium, calcium, magnesium, aluminium, nickel and mercury chloride)",148,85,152,143,163,134,96,140,87,146,80,103,,,,,,,,,,,,,,,538,646,535,548,634,519,560,504,434,598,560,566
'846596,"Splitting, slicing or paring machines, for working wood (excl. machining centres)",131,282,154,20,24,542,354,175,37,132,255,101,,,,,,,,,,,,,,,1164,2032,1396,893,1038,1210,1153,1552,1527,939,1410,2092
'846225,Numerically controlled roll forming machines,0,0,0,0,0,129,206,0,0,0,0,101,,,,,,,,,,,,,,,146,0,231,54,9,194,336,358,90,329,84,393
'261510,Zirconium ores and concentrates,34,53,102,120,239,372,62,77,50,232,94,101,,,,,,,,,,,,,,,86,279,276,286,247,459,332,248,173,430,229,174
'230400,"Oilcake and other solid residues, whether or not ground or in the form of pellets, resulting ...",98,67,65,0,72,66,32,32,64,100,68,100,,,,,,,,,,,,,,,4270,1543,1300,4,1448,133,1500,152,988,111,96,4068
'821194,"Blades of base metal for table knives, pocket knives and other knives of heading 8211",63,78,27,10,60,29,26,26,39,28,16,100,,,,,,,,,,,,,,,659,1019,901,626,554,397,672,735,645,741,578,583
'720854,"Flat-rolled products of iron or non-alloy steel, of a width of >= 600 mm, not in coils, simply ...",22,15,40,0,51,62,92,139,311,83,23,100,,,,,,,,,,,,,,,231,137,225,42,313,289,507,636,837,686,196,506
'481890,"Paper, cellulose wadding or webs of cellulose fibres, of a kind used for household or sanitary ...",46,198,142,58,46,163,42,16,58,192,118,99,,,,,,,,,,,,,,,3690,4086,3644,2946,3748,3597,3929,3548,4329,3464,3403,3687
'480990,"Transfer papers, incl. coated or impregnated paper for duplicator stencils or offset plates, ...",21,24,26,8,26,25,22,22,19,75,11,97,,,,,,,,,,,,,,,269,419,169,130,315,280,229,279,341,400,340,438
'841990,"Parts of machinery, plant and laboratory equipment, whether or not electrically heated, for ...",135,83,2010,611,161,154,20,321,136,50,94,97,,,,,,,,,,,,,,,3779,8450,12915,10041,4426,17192,10583,14778,18805,12814,18727,21063
'761510,"Table, kitchen or other household articles and parts thereof, and pot scourers and scouring ...",49,95,73,34,103,61,62,112,234,107,0,97,,,,,,,,,,,,,,,681,876,683,800,557,626,617,881,902,944,775,464
'848020,"Mould bases (other than of graphite or other carbon, ceramic meterials or glass)",1,15,55,22,13,220,167,32,44,36,155,97,,,,,,,,,,,,,,,417,648,761,473,1990,936,475,741,403,502,1181,580
'840690,"Parts of steam and other vapour turbines, n.e.s.",0,0,97,0,0,0,0,0,0,0,0,96,,,,,,,,,,,,,,,0,2,97,2,2,19,37,2,50,3,1,96
'740919,"Plates, sheets and strip, of refined copper, not in coils, of a thickness of > 0,15 mm (excl. ...",0,49,17,108,121,25,0,50,26,42,0,96,,,,,,,,,,,,,,,782,679,776,1018,537,232,638,1810,863,930,1616,2041
'392330,"Carboys, bottles, flasks and similar articles for the conveyance or packaging of goods, of ...",69,94,85,66,110,50,72,77,108,89,35,96,,,,,,,,,,,,,,,10714,12847,12299,11915,12051,9872,11006,10653,9259,10619,9732,10249
'282735,Nickel chloride,89,37,43,120,50,48,77,76,30,84,30,96,,,,,,,,,,,,,,,1258,1104,1003,924,719,1086,642,1149,1342,1482,1247,1905
'843131,"Parts of lifts, skip hoists or escalators, n.e.s.",276,17,150,274,129,303,12,273,121,38,23,96,,,,,,,,,,,,,,,5489,4010,5226,4906,4736,5012,4322,4759,4881,4326,5091,4718
'845180,"Machinery for dressing, finishing, coating or impregnating textile yarns, fabrics or other ...",838,342,978,1091,151,986,360,1138,428,2201,632,96,,,,,,,,,,,,,,,3190,2235,2680,4719,2676,3697,3347,5324,4364,3631,2778,2125
'282300,Titanium oxides,52,56,3,12,14,31,100,30,28,21,0,96,,,,,,,,,,,,,,,78,118,74,150,22,102,135,43,71,44,6,135
'720270,Ferro-molybdenum,73,386,83,34,209,129,0,78,9,117,0,96,,,,,,,,,,,,,,,271,491,405,150,232,568,233,156,307,301,54,527
'854470,"Optical fibre cables made up of individually sheathed fibres, whether or not containing electric ...",19,12,7,259,668,222,193,594,1078,533,608,95,,,,,,,,,,,,,,,2357,3996,6078,6227,4569,4835,4342,7149,7699,8064,16374,17058
'390931,"Poly""methylene phenyl isocyanate"" ""crude MDI, polymeric MDI"", in primary forms",52,62,77,62,121,63,119,66,73,85,75,95,,,,,,,,,,,,,,,1312,513,545,578,488,392,467,658,340,460,452,943
'480429,"Sack kraft paper, uncoated, in rolls of a width > 36 cm (excl. unbleached, and goods of heading ...",42,14,0,0,0,0,49,0,0,0,42,94,,,,,,,,,,,,,,,94,130,0,133,139,321,49,57,57,112,85,315
'291570,"Palmitic acid, stearic acid, their salts and esters",136,110,93,81,227,73,80,123,166,106,103,94,,,,,,,,,,,,,,,1272,1400,784,910,1049,1381,859,777,680,829,654,979
'392350,"Stoppers, lids, caps and other closures, of plastics",66,78,112,264,112,55,164,114,137,124,123,93,,,,,,,,,,,,,,,8706,10440,10640,9752,9336,7431,8615,8300,7714,8463,7375,8125
'370790,"Preparation of chemicals for photographic uses, incl. unmixed products put up in measured portions ...",57,86,98,49,138,53,116,83,147,20,108,93,,,,,,,,,,,,,,,30204,32254,32120,30804,34874,29357,32565,36439,33527,33996,27615,36817
'720110,"Non-alloy pig iron in pigs, blocks or other primary forms, containing, by weight, <= 0,5% of ...",93,0,18,0,17,12,0,0,15,64,0,93,,,,,,,,,,,,,,,211,184,128,247,211,27,29,125,41,182,54,93
'580631,"Narrow woven fabrics of cotton, with a width of <= 30 cm, n.e.s.",38,45,33,42,29,152,109,28,166,43,2,92,,,,,,,,,,,,,,,370,279,237,121,206,332,251,234,343,150,71,127
'540251,"Filament yarn of nylon or other polyamides, incl. monofilament of < 67 decitex, single, with ...",27,274,76,171,49,13,40,91,25,84,28,92,,,,,,,,,,,,,,,32,386,336,235,114,73,131,244,224,175,164,239
'291412,"Butanone ""methyl ethyl ketone""",66,51,1814,116,949,896,850,107,45,825,0,91,,,,,,,,,,,,,,,1705,2354,2951,2684,3339,3381,3270,2801,2882,1733,1043,4599
'731823,Rivets of iron or steel (excl. tubular and bifurcated rivets for particular uses),80,41,59,34,36,77,43,29,66,80,34,91,,,,,,,,,,,,,,,3130,3342,3178,2747,3091,2553,3126,3055,3579,3449,3017,2800
'853620,Automatic circuit breakers for a voltage <= 1.000 V,30,30,25,67,198,16,7,53,154,46,3,90,,,,,,,,,,,,,,,371,1935,1142,1213,1928,1271,1151,1086,1922,678,1381,749
'281129,"Inorganic oxygen compounds of non-metals (excl. diphosphorus pentaoxide, oxides of boron, carbon ...",0,147,22,60,147,0,43,124,43,0,0,90,,,,,,,,,,,,,,,834,1140,1245,805,1490,908,1030,1078,1288,1042,903,1338
'902690,"Parts and accessories for instruments and apparatus for measuring or checking the flow, level, ...",2667,944,83,280,46,188,0,36,33,21,9,90,,,,,,,,,,,,,,,9381,10532,6619,7249,7984,6859,5708,5806,5145,5571,4521,7251
'390521,"Vinyl acetate copolymers, in aqueous dispersion",0,50,0,0,14,0,32,44,104,172,7,90,,,,,,,,,,,,,,,957,789,832,643,833,544,775,723,990,1648,1021,874
'790111,"Unwrought zinc, not alloyed, containing by weight >= 99,99% of zinc",145,84,128,169,63,14,4,82,41,26,985,89,,,,,,,,,,,,,,,250,140,235,180,99,33,42,125,3012,2748,3103,4692
'720249,"Ferro-chromium, containing by weight <= 4% of carbon",75,13,3,12,5,21,111,11,31,67,0,89,,,,,,,,,,,,,,,99,380,153,41,135,27,291,185,141,87,53,156
'520929,"Woven fabrics of cotton, containing >= 85% cotton by weight and weighing > 200 g/m_, bleached ...",70,74,6,34,21,198,65,22,11,71,1,89,,,,,,,,,,,,,,,88,417,8,42,29,225,106,35,59,113,10,117
'401019,"Conveyor belts or belting, of vulcanised rubber (excl. reinforced only with metal or only with ...",11,38,37,63,16,48,3,23,41,94,41,89,,,,,,,,,,,,,,,4670,5499,4541,4163,5308,4100,5150,4514,4569,4188,4043,3363
'903082,"Instruments and apparatus for measuring or checking semiconductor wafers or devices, incl. ...",0,153,117,32,254,81,303,233,422,104,4,88,,,,,,,,,,,,,,,41333,46469,49438,31227,40130,56195,47143,70513,73129,46414,37473,48366
'851713,Smartphones for wireless networks,0,0,0,0,0,0,0,0,0,1785,0,88,,,,,,,,,,,,,,,18712,10793,8758,10591,14469,11213,27473,27569,20000,22499,16512,22010
'844839,"Parts and accessories of machines of heading 8445, n.e.s.",36,56,57,440,58,121,348,145,59,131,69,88,,,,,,,,,,,,,,,830,719,662,1405,646,504,829,754,781,649,590,840
'846799,"Parts of pneumatic tools for working in the hand, hydraulic or with self-contained electric ...",255,197,21,231,443,300,249,96,201,158,219,87,,,,,,,,,,,,,,,7723,10439,8303,7797,7949,7258,7942,7105,7805,7552,5744,7391
'680410,"Millstones and grindstones, without frameworks, for milling, grinding or pulping",4,79,102,22,59,43,2,0,61,4,8,87,,,,,,,,,,,,,,,251,321,391,222,398,337,256,176,434,301,239,299
'722230,"Other bars and rods of stainless steel, cold-formed or cold-finished and further worked, or ...",150,191,153,137,317,144,91,185,170,12,243,87,,,,,,,,,,,,,,,1022,951,1017,1009,1371,838,1150,1499,1134,978,1206,1086
'902610,Instruments and apparatus for measuring or checking the flow or level of liquids (excl. meters ...,28,36,64,362,29,23,29,40,41,31,16,86,,,,,,,,,,,,,,,2255,2695,2893,3041,3003,1977,3071,1797,3234,2485,2091,2537
'300320,"Medicaments containing antibiotics, not in measured doses or put up for retail sale (excl. ...",16,84,0,67,33,66,0,0,91,84,0,86,,,,,,,,,,,,,,,97,123,0,90,33,69,0,0,91,84,0,86
'820239,"Circular saw blades, incl. slitting or slotting saw blades, and parts thereof, of base metal, ...",20,38,21,30,151,29,4,16,29,22,0,86,,,,,,,,,,,,,,,541,1045,935,783,180,443,99,443,508,939,28,1428
'790112,"Unwrought zinc, not alloyed, containing by weight < 99,99% of zinc",159,112,130,146,117,119,16,0,20,315,19,86,,,,,,,,,,,,,,,549,448,425,442,127,380,345,307,382,980,151,395
'902790,"Microtomes; parts and accessories of instruments and apparatus for physical or chemical analysis, ...",55,94,232,115,112,66,47,99,46,23,34,86,,,,,,,,,,,,,,,4529,7396,6114,8076,6230,6214,6376,7081,6776,7180,5773,5886
'392490,"Household articles and toilet articles, of plastics (excl. tableware, kitchenware, baths, shower-baths, ...",106,122,123,65,156,6,121,64,69,57,66,86,,,,,,,,,,,,,,,6306,7194,6528,6905,6705,6164,7032,6872,6589,6262,5862,5150
'721921,"Flat-rolled products of stainless steel, of a width of >= 600 mm, not further worked than hot-rolled, ...",51,38,65,0,143,44,173,28,68,42,121,86,,,,,,,,,,,,,,,4420,6645,4848,4984,2717,2803,4374,5069,5549,5494,4402,3930
'846719,"Pneumatic tools for working in the hand, non-rotary type",99,43,60,62,26,95,25,97,71,102,6,85,,,,,,,,,,,,,,,14621,24510,20308,19197,18307,16323,14645,15520,13644,16342,11347,14304
'848490,"Sets or assortments of gaskets and similar joints, dissimilar in composition, put up in pouches, ...",30,57,65,61,74,19,25,51,14,56,47,85,,,,,,,,,,,,,,,4240,6721,6327,6452,6067,5005,4990,5284,6517,5562,5343,4449
'841480,"Air pumps, air or other gas compressors and ventilating or recycling hoods incorporating a ...",73,128,149,80,163,20,52,75,204,42,129,85,,,,,,,,,,,,,,,11755,14516,10737,10831,11325,9690,9008,7926,10510,11397,9140,9966
'400829,"Rods, tubes and profile shapes, of non-cellular rubber",74,92,95,88,98,86,108,99,64,100,80,85,,,,,,,,,,,,,,,241,229,176,294,146,195,194,227,221,231,184,215
'392059,"Plates, sheets, film, foil and strip, of non-cellular acrylic polymers, not reinforced, laminated, ...",41,33,54,63,33,30,72,65,34,64,45,85,,,,,,,,,,,,,,,1033,498,568,1030,862,570,606,971,709,1104,647,769
'392340,"Spools, cops, bobbins and similar supports, of plastics",240,125,143,124,77,107,134,160,83,87,131,85,,,,,,,,,,,,,,,1347,1554,1221,863,1181,934,943,1123,1013,1078,634,1086
'380910,"Finishing agents, dye carriers to accelerate the dyeing or fixing of dyestuffs and other products ...",12,137,35,56,40,34,20,20,86,87,16,84,,,,,,,,,,,,,,,16,137,50,59,48,38,29,71,92,106,21,95
'540211,High-tenacity filament yarn of aramids (excl. sewing thread and yarn put up for retail sale),60,123,57,74,144,130,125,76,64,202,0,83,,,,,,,,,,,,,,,276,268,285,218,286,235,292,209,212,284,75,140
'392111,"Plates, sheets, film, foil and strip, of cellular polymers of styrene, unworked or merely surface-worked ...",5,2,50,101,85,119,74,107,101,44,63,83,,,,,,,,,,,,,,,290,133,368,182,332,250,294,339,431,199,253,525
'090240,"Black fermented tea and partly fermented tea, whether or not flavoured, in immediate packings ...",40,56,21,23,42,15,50,53,5,30,0,83,,,,,,,,,,,,,,,1347,1484,1344,1513,1349,960,1653,1268,1202,1316,1109,1022
'844391,"Parts and accessories of printing machinery used for printing by means of plates, cylinders ...",81,70,47,114,107,80,47,116,60,40,80,83,,,,,,,,,,,,,,,2641,3044,2611,3098,2440,2000,2159,2107,3132,2423,2605,2605
'851771,"Aerials and aerial reflectors of all kinds, of telephone sets, telephones for cellular networks ...",116,163,155,124,335,682,50,75,86,80,64,83,,,,,,,,,,,,,,,4854,5893,5267,5173,5268,6192,4210,5553,4818,4405,2984,4047
'841939,"Dryers (excl. lyophilisation apparatus, freeze drying units, spray dryers, dryers for agricultural ...",766,531,405,21,174,603,172,34,133,469,17,83,,,,,,,,,,,,,,,4862,3320,4420,6329,3390,3295,3308,5425,6818,5005,2114,5071
'291829,"Carboxylic acids with phenol function but without other oxygen function, their anhydrides, ...",20,42,23,24,11,33,44,56,41,128,2,83,,,,,,,,,,,,,,,4492,6524,6222,4785,5020,4756,3861,6594,4883,4577,4920,4668
'846595,"Drilling or mortising machines for working wood, cork, bone, hard rubber, hard plastics or ...",39,221,0,39,0,54,0,23,2,53,0,83,,,,,,,,,,,,,,,3611,2300,2231,3750,3327,3067,2689,2061,4508,3656,4006,2698
'390290,"Polymers of propylene or of other olefins, in primary forms (excl. polypropylene, polyisobutylene ...",208,146,155,180,147,274,52,75,255,135,117,83,,,,,,,,,,,,,,,3754,3889,3304,2927,3465,4117,2835,3507,3869,4932,3305,4254
'381220,"Compound plasticisers for rubber or plastics, n.e.s.",145,136,327,139,120,150,162,350,120,97,121,83,,,,,,,,,,,,,,,1085,1682,1700,1734,1624,1850,2075,1953,1726,1641,1090,1755
'960622,"Buttons of base metal, not covered with textile material (excl. press-fasteners, snap-fasteners, ...",89,212,269,148,160,144,69,140,126,119,178,82,,,,,,,,,,,,,,,481,459,435,491,485,327,207,390,388,474,307,268
'580429,"Mechanically made lace in the piece, in strips or in motifs (excl. that of man-made fibres, ...",97,323,94,165,70,77,127,78,146,179,36,82,,,,,,,,,,,,,,,306,385,283,239,221,125,210,141,224,274,67,216
'844332,"Machines which only perform one of the functions of printing, copying or facsimile transmission, ...",11,238,2,172,45,175,39,154,70,148,7,82,,,,,,,,,,,,,,,6807,11144,10850,8933,10515,8039,8957,9605,9408,8388,6600,6942
'847290,"Office machines, n.e.s.",15,4,89,9,52,95,76,0,51,112,97,81,,,,,,,,,,,,,,,3939,5302,4228,3674,5205,4199,4001,3696,5245,3273,3899,3702
'901839,"Needles, catheters, cannulae and the like, used in medical, surgical, dental or veterinary ...",60,107,0,113,163,37,143,84,93,213,57,81,,,,,,,,,,,,,,,8619,9673,8439,8058,10089,7536,7260,9230,6728,9303,6270,6670
'200791,"Citrus fruit jams, jellies, marmalades, purŽes or pastes, obtained by cooking, whether or not ...",35,34,0,3,31,17,38,33,14,0,18,81,,,,,,,,,,,,,,,211,116,59,136,184,79,153,125,51,111,56,131
'581100,"Quilted textile products in the piece, composed of one or more layers of textile materials ...",76,39,38,74,36,11,14,48,28,72,22,81,,,,,,,,,,,,,,,130,95,103,142,106,137,69,182,158,192,123,135
'722240,"Angles, shapes and sections of stainless steel, n.e.s.",69,94,0,102,71,0,67,123,0,208,0,80,,,,,,,,,,,,,,,853,986,1068,737,1013,747,590,925,761,909,416,800
'820750,"Tools for drilling, interchangeable (excl. rock-drilling or earth-boring tools and tools for ...",59,81,86,122,125,88,171,252,185,99,35,80,,,,,,,,,,,,,,,5367,5924,5537,5071,6690,5407,5384,6115,6385,6395,4244,5662
'291712,"Adipic acid, its salts and esters",28,78,55,24,75,111,113,103,22,131,64,80,,,,,,,,,,,,,,,601,489,348,1178,694,336,1190,725,541,818,485,1168
'540751,"Woven fabrics of yarn containing >= 85% by weight of textured polyester filaments, incl. monofilament ...",68,79,45,98,102,114,73,56,245,109,76,80,,,,,,,,,,,,,,,1453,1785,1132,1206,1903,1456,1379,1054,1314,1451,590,982
'845969,"Milling machines for metals, not numerically controlled (excl. way-type unit head machines, ...",80,112,97,263,118,156,51,39,72,18,25,79,,,,,,,,,,,,,,,2608,4076,4135,3052,3598,3303,2096,1887,3703,2285,2154,1646
'845630,"Machine tools for working any material by removal of material, operated by electro-discharge ...",85,77,0,41,66,281,163,119,0,0,0,79,,,,,,,,,,,,,,,1883,2671,1463,2218,1726,1444,2080,3092,2100,1283,1354,1608
'732619,"Articles of iron or steel, forged or stamped, but not further worked, n.e.s. (excl. grinding ...",39,102,48,49,49,30,56,169,83,67,58,79,,,,,,,,,,,,,,,954,1434,1125,1162,1404,1153,1208,885,1028,1222,1122,836
'830110,Padlocks of base metal,4,0,0,0,0,29,37,0,161,3,0,79,,,,,,,,,,,,,,,1709,2618,2018,2185,1717,1587,2347,2109,2783,1743,2115,1680
'848690,Parts and accessories for machines and apparatus of a kind used solely or principally for the ...,50,91,46,60,70,36,77,112,136,105,33,78,,,,,,,,,,,,,,,195815,224595,209934,221069,214024,233124,205787,287763,244897,245052,210291,279938
'721012,"Flat-rolled products of iron or non-alloy steel, of a width of >= 600 mm, hot-rolled or cold-rolled ...",23,264,59,247,97,66,189,72,50,0,2,78,,,,,,,,,,,,,,,17085,18106,16900,10324,14379,26918,9231,15006,29123,16768,6245,16676
'410411,"Full grains, unsplit and grain splits, in the wet state ""incl. wet-blue"", of hides and skins ...",31,108,55,170,20,97,124,59,215,65,55,77,,,,,,,,,,,,,,,42,217,66,181,30,100,155,70,225,203,72,94
'380894,"Disinfectants, put up in forms or packings for retail sale or as preparations or articles (excl. ...",26,37,4,62,50,66,9,80,56,16,22,77,,,,,,,,,,,,,,,389,552,664,338,119,220,449,664,265,547,139,481
'391733,"Flexible tubes, pipes and hoses of plastics, not reinforced or otherwise combined with other ...",14,76,22,67,35,56,81,25,80,36,75,77,,,,,,,,,,,,,,,2552,3472,1911,1496,1634,1210,1233,2285,3266,2524,2532,2350
'710610,"Powder of silver, incl. silver plated with gold or platinum",37,0,0,40,0,0,0,52,0,48,0,77,,,,,,,,,,,,,,,1244,1597,888,907,714,819,1047,1149,1474,1352,2862,2843
'271290,"Paraffin wax, microcrystalline petroleum wax, slack wax, ozokerite, lignite wax, peat wax, ...",39,57,17,39,22,42,49,63,52,65,5,77,,,,,,,,,,,,,,,145,90,66,223,46,141,97,222,196,96,20,173
'854370,"Electrical machines and apparatus, having individual functions, n.e.s. in chapter 85",478,168,232,156,89,84,242,168,159,307,165,77,,,,,,,,,,,,,,,43908,36280,41221,36590,35876,33524,42580,39394,47418,42563,28622,38082
'250510,"Silica sands and quartz sands, whether or not coloured",3,21,34,0,31,16,0,40,0,34,0,76,,,,,,,,,,,,,,,2908,3944,4206,3768,3788,3556,3326,3512,3284,4902,3228,4902
'721210,"Flat-rolled products of iron or non-alloy steel, of a width of < 600 mm, hot-rolled or cold-rolled ...",0,0,0,0,0,10,27,35,35,50,31,76,,,,,,,,,,,,,,,148,133,507,82,98,142,85,192,168,80,207,282
'630619,"Tarpaulins, awnings and sunblinds of textile materials (excl. of synthetic fibres and flat ...",63,28,28,30,112,149,38,130,31,37,39,75,,,,,,,,,,,,,,,194,111,127,102,363,277,221,295,181,245,161,188
'391810,"Floor coverings, whether or not self-adhesive, in rolls or in the form of tiles, and wall or ...",94,86,62,61,35,38,80,47,78,54,31,75,,,,,,,,,,,,,,,7373,7217,7309,10670,7723,6040,5861,4634,10416,7385,7075,5307
'841869,Refrigerating or freezing equipment (excl. refrigerating and freezing furniture),154,45,94,125,108,147,45,46,189,58,105,75,,,,,,,,,,,,,,,2905,3974,4768,3534,3760,4550,4434,6212,4097,3294,3985,4675
'846222,"Profile forming machines, for flat products",0,0,0,0,0,0,3,155,0,0,0,75,,,,,,,,,,,,,,,1067,936,738,1379,399,1142,246,770,739,1006,280,75
'847410,"Sorting, screening, separating or washing machines for solid mineral substances, incl. those ...",107,0,17,330,645,48,267,431,28,325,114,75,,,,,,,,,,,,,,,221,537,394,1033,1882,364,541,1543,238,731,786,227
'851810,Microphones and stands therefor (excl. cordless microphones with built-in transmitter),25,89,80,103,57,89,143,98,74,120,31,75,,,,,,,,,,,,,,,3810,5532,5862,4927,5625,5350,5125,4616,5360,5492,3899,5160
'200989,"Juice of fruit or vegetables, unfermented, whether or not containing added sugar or other sweetening ...",3,5,2,7,8,29,0,9,18,128,35,74,,,,,,,,,,,,,,,778,1165,787,556,1159,849,788,869,1034,985,507,1206
'321210,Stamping foils of a kind used in the printing of book bindings or hatband leather,99,23,76,16,92,46,58,105,84,66,37,74,,,,,,,,,,,,,,,9917,11462,12565,8012,9605,8289,8806,9035,8606,9554,6264,9702
'902730,"Spectrometers, spectrophotometers and spectrographs using optical radiations, such as UV, visible, ...",119,65,32,166,132,72,133,67,68,61,17,74,,,,,,,,,,,,,,,1820,1227,1579,976,1354,1192,1487,2105,1948,1279,610,1719
'290290,"Cyclic hydrocarbons (excl. cyclanes, cyclenes, benzene, toluene, xylenes, styrene, ethylbenzene ...",106,33,67,63,32,32,65,65,0,65,66,74,,,,,,,,,,,,,,,4600,2258,4536,4081,3413,2506,3835,1700,1242,4851,815,4811
'551429,"Woven fabrics containing predominantly, but < 85% synthetic staple fibres by weight, mixed ...",3,137,62,65,0,76,40,0,29,94,71,73,,,,,,,,,,,,,,,20,235,103,148,88,126,467,59,202,295,297,142
'830249,"Base metal mountings, fittings and similar articles (excl. locks with keys, clasps and frames ...",88,65,104,285,32,74,120,38,162,39,52,73,,,,,,,,,,,,,,,9118,12462,8987,9365,9531,8149,7367,8589,8036,8705,8734,7480
'851490,"Parts of electric industrial or laboratory furnaces and ovens, incl. of those functioning by ...",135,42,24,60,58,28,19,417,44,167,7,72,,,,,,,,,,,,,,,961,537,636,699,855,869,896,1266,1062,882,915,994
'590610,"Adhesive tape of rubberised textile fabrics, of a width of <= 20 cm (excl. that impregnated ...",16,33,9,1,18,23,45,14,22,24,8,72,,,,,,,,,,,,,,,478,363,294,216,119,149,246,262,129,252,279,274
'382311,"Stearic acid, industrial",29,48,48,74,63,50,52,64,18,33,47,72,,,,,,,,,,,,,,,71,66,86,108,74,81,82,91,55,67,49,104
'580421,"Mechanically made lace of man-made fibres in the piece, in strips or in motifs (excl. fabrics ...",89,116,48,67,103,69,20,70,15,43,68,72,,,,,,,,,,,,,,,225,222,283,179,207,253,139,120,108,151,183,171
'521011,"Plain woven fabrics of cotton, containing predominantly, but < 85% cotton by weight, mixed ...",13,34,77,17,67,2,55,0,50,70,0,71,,,,,,,,,,,,,,,91,79,137,41,74,80,132,51,94,151,41,171
'844832,"Parts and accessories of machines for preparing textile fibres, n.e.s. (other than card clothing)",92,23,18,27,16,0,59,3,38,159,5,71,,,,,,,,,,,,,,,153,264,139,86,213,27,151,98,109,352,77,384
'847090,"Accounting machines, postage-franking machines, ticket-issuing machines and similar machines, ...",58,167,75,0,0,146,6,187,44,115,6,71,,,,,,,,,,,,,,,2821,5991,3825,4288,4812,4043,3653,4079,4296,2066,3022,2887
'722840,"Bars and rods of alloy steel other than stainless, not further worked than forged (excl. products ...",72,0,0,121,28,74,125,46,21,0,0,71,,,,,,,,,,,,,,,534,33,241,423,241,504,376,108,181,94,273,336
'400249,"Chloroprene ""chlorobutadiene rubber, CR"", in primary forms or in plates, sheets or strip (excl. ...",173,98,35,154,124,114,66,238,94,128,61,71,,,,,,,,,,,,,,,279,317,147,376,226,285,283,341,285,336,91,164
'731419,"Woven cloth, incl. endless bands, of iron or steel wire (excl. stainless and woven products ...",7,11,7,8,7,7,9,1,78,61,0,70,,,,,,,,,,,,,,,99,59,93,131,90,85,35,156,176,102,69,162
'940320,"Metal furniture (excl. for offices, seats and medical, surgical, dental or veterinary furniture)",29,29,41,27,99,10,25,14,40,43,52,70,,,,,,,,,,,,,,,31254,34798,39225,36062,35952,27391,25709,29661,31015,33315,30277,25848
'848310,"Transmission shafts, incl. cam shafts and crank shafts, and cranks",72,115,12,34,88,43,68,67,94,37,45,70,,,,,,,,,,,,,,,6084,8187,8175,7253,6756,6768,5850,6602,7322,6763,6307,7703
'400231,"Isobutylene isoprene rubber ""IIR"", in primary forms or in plates, sheets or strip",51,120,135,0,10,32,41,0,35,34,3,69,,,,,,,,,,,,,,,212,214,422,4,415,155,55,0,38,34,13,205
'291531,Ethyl acetate,73,64,48,45,53,57,52,43,64,69,1,69,,,,,,,,,,,,,,,73,156,55,189,138,57,138,62,155,69,1,229
'520939,"Woven fabrics of cotton, containing >= 85% cotton by weight and weighing > 200 g/m_, dyed (excl. ...",187,270,44,62,307,490,154,384,131,481,169,69,,,,,,,,,,,,,,,234,320,82,231,798,645,515,463,210,615,425,187
'721320,"Bars and rods, hot-rolled, in irregularly wound coils, of non-alloy free-cutting steel (excl. ...",110,254,124,97,185,181,249,38,184,208,74,69,,,,,,,,,,,,,,,240,471,225,294,434,640,483,316,572,587,219,328
'902139,Artificial parts of the body (excl. artificial teeth and dental fittings and artificial joints),12,39,87,0,0,54,27,0,50,7,63,69,,,,,,,,,,,,,,,2482,2681,2334,2391,2260,1630,2691,2402,2179,2295,2053,3010
'521141,"Plain woven fabrics of cotton, containing predominantly, but < 85% cotton by weight, mixed ...",0,0,0,0,0,0,0,0,0,0,0,68,,,,,,,,,,,,,,,0,0,6,41,0,20,0,0,23,71,0,68
'903300,"Parts and accessories for machines, appliances, instruments or other apparatus in chapter 90, ...",63,256,293,292,118,226,480,107,70,87,590,68,,,,,,,,,,,,,,,4815,6639,5505,5067,5252,7784,5097,5624,3867,4555,5068,4535
'730792,"Threaded elbows, bends and sleeves, of stainless steel (excl. cast or stainless products)",82,211,72,128,92,59,102,117,94,64,67,67,,,,,,,,,,,,,,,2405,2360,1755,1735,1910,1865,1609,1953,1897,2091,1963,1292
'320290,"Inorganic tanning substances; tanning preparations, whether or not containing natural tanning ...",60,13,52,0,30,21,88,0,86,55,6,67,,,,,,,,,,,,,,,140,153,155,57,104,105,139,104,178,104,23,208
'845150,"Machines for reeling, unreeling, folding, cutting or pinking textile fabrics",99,80,22,79,61,111,175,225,280,469,0,67,,,,,,,,,,,,,,,788,1463,1197,1280,1253,864,1308,607,1730,716,404,877
'870840,"Gear boxes and parts thereof, for tractors, motor vehicles for the transport of ten or more ...",3,58,42,26,81,18,2,37,14,2,3,67,,,,,,,,,,,,,,,3712,5342,6199,6053,5206,5702,4814,6284,6202,6809,3788,5223
'841989,"Machinery, plant or laboratory equipment, whether or not electrically heated, for the treatment ...",600,681,504,596,86,1525,463,1751,148,75,139,66,,,,,,,,,,,,,,,22830,85997,130183,107885,192044,158873,165620,189059,172070,190985,130593,174121
'290410,"Derivatives of hydrocarbons containing only sulpho groups, their salts and ethyl esters",78,51,72,96,93,43,86,74,32,98,30,66,,,,,,,,,,,,,,,468,444,973,706,570,601,727,773,698,849,598,604
'090220,Green tea in immediate packings of > 3 kg,18,13,25,12,36,20,12,36,18,61,0,66,,,,,,,,,,,,,,,423,367,455,307,286,423,585,164,467,869,347,268
'250300,"Sulphur of all kinds (excl. sublimed sulphur, precipitated sulphur and colloidal sulphur)",48,21,34,17,24,31,57,96,81,68,8257,66,,,,,,,,,,,,,,,4740,5409,5194,4846,4513,9011,116,12726,6880,11753,8378,16980
'960321,"Tooth brushes, incl. dental-plate brushes",50,43,67,97,0,64,79,87,38,0,102,66,,,,,,,,,,,,,,,934,707,495,572,656,775,478,555,558,813,571,661
'730451,"Tubes, pipes and hollow profiles, seamless, of circular cross-section, of alloy steel other ...",141,145,101,0,63,135,75,132,276,67,91,66,,,,,,,,,,,,,,,202,209,101,79,175,189,81,134,276,67,91,72
'843110,"Parts of pulley tackles and hoists (other than skip hoists), winches, capstans and jacks, n.e.s.",119,50,144,38,294,50,30,234,47,230,31,65,,,,,,,,,,,,,,,1296,1191,1414,1368,1392,981,1354,1116,1212,1148,863,1036
'852492,"Flat panel display modules, whether or not incorporating touch-sensitive screens, with drivers ...",111,109,87,120,163,42,72,2,65,113,89,65,,,,,,,,,,,,,,,1766,1468,1597,1427,1501,1036,1343,1083,1374,2892,988,1472
'621290,"Corsets, braces, garters, suspenders and similar articles and parts thereof, incl. parts of ...",118,70,36,37,9,88,67,61,83,60,18,64,,,,,,,,,,,,,,,310,256,250,262,495,311,290,624,863,692,476,403
'842511,"Pulley tackle and hoists, powered by electric motor (other than skip hoists or hoists of a ...",37,112,93,52,82,132,96,77,17,33,34,64,,,,,,,,,,,,,,,1283,1332,948,1972,1748,1138,1241,992,1307,1130,792,822
'720852,"Flat-rolled products of iron or non-alloy steel, of a width of >= 600 mm, not in coils, simply ...",118,60,79,148,31,74,143,170,812,207,86,64,,,,,,,,,,,,,,,706,975,940,1165,290,1459,1727,1758,1047,1054,779,1040
'844110,"Cutting machines for making up paper pulp, paper or paperboard (excl. bookbinding machinery ...",10,24,14,16,52,168,13,76,208,259,0,63,,,,,,,,,,,,,,,4021,2203,1870,2234,2255,3138,2053,1855,2454,1621,1880,1465
'870880,"Suspension systems and parts thereof, incl. shock-absorbers, for tractors, motor vehicles for ...",39,120,118,82,100,73,83,64,25,83,20,63,,,,,,,,,,,,,,,20965,22745,20994,20127,21141,19634,19644,20932,20624,22047,17119,19114
'846150,"Sawing or cutting-off machines, for working metals, metal carbides or cermets (excl. machines ...",155,95,17,89,220,233,107,144,68,86,129,63,,,,,,,,,,,,,,,6842,8598,8495,8316,8670,6334,5433,9951,7207,6824,5811,6384
'854143,Photovoltaic cells assembled in modules or made up into panels,0,0,0,0,0,0,0,0,0,2,0,63,,,,,,,,,,,,,,,385,293,32,82,277,179,293,248,212,186,205,512
'290941,"2,2'-Oxydiethanol ""diethylene glycol, digol""",146,212,83,200,358,291,252,232,111,145,170,63,,,,,,,,,,,,,,,3616,5425,3496,4384,3615,4629,4860,1637,2278,2205,2319,256
'902990,"Parts and accessories for revolution counters, production counters, taximeters, milometers, ...",43,56,62,69,80,60,42,97,68,50,61,63,,,,,,,,,,,,,,,1698,1070,974,928,900,683,465,1162,555,717,733,1259
'850710,"Lead-acid accumulators of a kind used for starting piston engine ""starter batteries"" (excl. ...",45,52,68,38,50,37,30,0,112,0,128,63,,,,,,,,,,,,,,,2038,1483,1757,1828,1125,1567,1500,2010,1970,2382,2233,1250
'853540,"Lightning arresters, voltage limiters and surge suppressors, for a voltage > 1.000 V",5,14,8,19,9,0,17,7,21,0,8,63,,,,,,,,,,,,,,,413,341,249,186,485,301,377,377,359,304,295,421
'846211,Closed die forging machines,0,0,118,105,197,0,0,0,0,0,0,63,,,,,,,,,,,,,,,497,1568,2527,1249,867,428,619,576,410,1961,1166,319
'290514,"Butanols (excl. butan-1-ol ""n-butyl alcohol"")",39,53,0,124,29,15,14,14,0,0,0,62,,,,,,,,,,,,,,,272,110,1585,709,653,1305,473,510,208,97,498,602
'903190,"Parts and accessories for instruments, appliances and machines for measuring and checking, ...",49,134,42,104,64,76,222,145,63,32,73,62,,,,,,,,,,,,,,,41785,45361,42492,42539,49097,34315,31357,41136,33050,26778,32806,34868
'853649,Relays for a voltage > 60 V but <= 1.000 V,33,60,136,24,32,41,10,64,10,68,10,62,,,,,,,,,,,,,,,1649,2013,1620,1570,1438,1770,1295,2170,897,1897,1275,1150
'732611,"Grinding balls and similar articles for mills, of iron or steel, forged or stamped, but not ...",3,0,0,41,8,0,56,13,35,84,32,62,,,,,,,,,,,,,,,204,273,300,332,297,550,295,628,598,496,467,631
'330499,"Beauty or make-up preparations and preparations for the care of the skin (other than medicaments), ...",238,157,82,209,116,29,305,186,274,142,62,62,,,,,,,,,,,,,,,22865,26501,18962,18395,19829,18828,20167,21271,21664,22094,17531,19497
'940290,"Operating tables, examination tables, and other medical, dental, surgical or veterinary furniture ...",51,214,157,326,366,89,163,239,421,237,182,61,,,,,,,,,,,,,,,7197,11077,8126,8371,8725,8893,8070,8947,11396,9177,8729,7182
'030359,"Frozen anchovies ""Engraulis spp."", Indian mackerels ""Rastrelliger spp."", seerfishes ""Scomberomorus ...",241,154,0,0,98,178,727,833,173,220,133,61,,,,,,,,,,,,,,,1208,1421,2964,837,1350,9624,20791,24575,13635,4631,2488,3243
'551321,"Plain woven fabrics containing predominantly, but < 85% polyester staple fibres by weight, ...",16,36,124,26,49,16,10,25,117,254,99,61,,,,,,,,,,,,,,,28,45,137,74,103,62,10,25,141,262,99,74
'721790,"Wire of iron or non-alloy steel, in coils, plated or coated (excl. plated or coated with base ...",2,61,4,7,60,16,12,65,3,49,19,61,,,,,,,,,,,,,,,696,810,760,724,831,399,477,460,381,547,290,626
'701990,"Glass fibres and articles thereof, n.e.s.",49,68,74,67,84,18,53,66,43,60,28,60,,,,,,,,,,,,,,,1524,1840,812,1203,1330,1304,1130,1582,1184,1095,901,1541
'210410,Soups and broths and preparations therefor,5,15,0,38,22,39,71,73,74,22,0,60,,,,,,,,,,,,,,,1358,1457,1222,1431,1392,1022,1454,1346,1405,1356,980,1342
'521039,"Woven fabrics of cotton, containing predominantly, but < 85% cotton by weight, mixed principally ...",13,19,78,77,101,113,229,24,87,143,37,60,,,,,,,,,,,,,,,69,137,125,163,205,159,389,174,191,357,118,71
'320740,"Glass frit and other glass in the form of powder, granules or flakes",44,75,62,51,74,66,0,32,118,78,52,60,,,,,,,,,,,,,,,513,380,306,366,539,279,608,226,421,291,212,464
'842820,Pneumatic elevators and conveyors,0,0,149,26,0,0,0,0,0,0,0,59,,,,,,,,,,,,,,,41,26,270,156,169,221,0,8,53,3,100,239
'600330,"Knitted or crocheted fabrics of synthetic fibres, of a width of <= 30 cm (excl. those containing ...",0,77,101,0,6,17,79,90,102,38,8,58,,,,,,,,,,,,,,,9,92,182,114,113,27,100,93,117,48,26,169
'848280,"Roller bearings, incl. combined ball-roller bearings (excl. ball bearings, tapered roller bearings, ...",210,189,35,70,65,76,93,223,70,149,37,58,,,,,,,,,,,,,,,1702,1805,1843,1398,1493,1568,1715,1601,1272,1601,1338,1518
'293090,"Organo-sulphur compounds (excl. thiocarbamates and dithiocarbamates, thiuram mono-, di- or ...",54,86,9,141,107,48,185,107,39,201,81,58,,,,,,,,,,,,,,,947,1329,797,1734,1255,1432,1481,1330,1443,1859,1472,2300
'280920,"Phosphoric acid; polyphosphoric acids, whether or not chemically defined",0,0,0,53,58,0,2,38,27,24,20,57,,,,,,,,,,,,,,,3111,3366,3168,2763,2476,2194,2408,2916,2713,3322,2724,3711
'540773,"Woven fabrics of yarn containing >= 85% synthetic filament by weight, incl. monofilament of ...",16,6,2,77,138,292,479,268,122,267,26,56,,,,,,,,,,,,,,,66,314,185,556,719,960,1280,1278,795,945,81,271
'741920,"Articles of copper, cast, moulded, stamped or forged, but not further worked, n.e.s.",49,8,5,11,0,5,0,71,3,11,5,56,,,,,,,,,,,,,,,163,381,228,343,203,367,427,348,331,373,267,422
'721912,"Flat-rolled products of stainless steel, of a width of>= 600 mm, not further worked than hot-rolled, ...",0,0,0,0,37,0,0,0,0,0,0,56,,,,,,,,,,,,,,,4753,9271,8318,3892,14872,8732,8747,9638,3975,3244,1243,6331
'845590,"Parts of metal-rolling mills, n.e.s.",18,36,5,36,8,26,8,32,5,9,0,56,,,,,,,,,,,,,,,456,284,537,291,528,287,160,209,303,210,88,216
'760611,"Plates, sheets and strip, of non-alloy aluminium, of a thickness of > 0,2 mm, square or rectangular ...",55,26,57,38,5,69,131,29,25,44,30,56,,,,,,,,,,,,,,,3958,3739,3511,2667,3358,2802,3536,2437,2930,4839,2036,4354
'902519,"Thermometers and pyrometers, not combined with other instruments (excl. liquid-filled thermometers ...",13,39,35,21,92,71,174,18,66,23,67,56,,,,,,,,,,,,,,,4200,5294,4341,5918,5022,3911,5421,5151,4259,3749,2293,3015
'820320,"Pliers, incl. cutting pliers, pincers and tweezers for non-medical use and similar hand tools, ...",63,44,54,67,37,108,82,32,70,108,14,56,,,,,,,,,,,,,,,8096,13840,10305,10767,11719,9272,11291,9395,11834,10568,9629,8258
'902710,Gas or smoke analysis apparatus,0,23,3,2,21,130,214,100,8,120,480,56,,,,,,,,,,,,,,,2701,2341,2967,6975,3455,7716,2688,5322,4235,2647,3726,4718
'721924,"Flat-rolled products of stainless steel, of a width of >= 600 mm, not further worked than hot-rolled, ...",44,44,25,20,39,0,46,24,0,84,0,55,,,,,,,,,,,,,,,110,334,100,40,60,86,57,88,125,143,22,92
'370130,"Photographic plates and film in the flat, sensitised, unexposed, with any side > 255 mm",0,37,0,44,40,58,39,53,0,54,43,55,,,,,,,,,,,,,,,3189,3835,3738,2693,4004,3325,2773,4321,3061,3476,2925,3943
'902190,"Articles and appliances, which are worn or carried, or implanted in the body, to compensate ...",35,24,134,12,17,28,116,59,74,62,23,55,,,,,,,,,,,,,,,2584,4493,4633,3267,3357,3300,4058,2551,3045,4230,2757,2489
'731829,"Non-threaded articles, of iron or steel",45,75,15,35,76,6,52,48,50,47,19,55,,,,,,,,,,,,,,,4485,7088,5704,5676,5854,4489,4919,4805,5312,5591,5126,7069
'293219,"Heterocyclic compounds with oxygen hetero-atom[s] only, containing an unfused furan ring, whether ...",28,33,0,87,16,33,17,0,0,39,0,55,,,,,,,,,,,,,,,28,33,4,87,16,33,36,0,0,39,0,55
'720990,"Flat-rolled products of iron or steel, of a width of >= 600 mm, cold-rolled ""cold-reduced"", ...",24,44,5,59,33,38,35,38,19,52,29,55,,,,,,,,,,,,,,,137,47,98,105,92,99,89,38,74,107,84,109
'411390,"Leather further prepared after tanning or crusting ""incl. parchment-dressed leather"", of antelopes, ...",456,1211,572,682,558,617,694,133,316,161,47,55,,,,,,,,,,,,,,,596,1634,877,964,750,717,774,280,394,259,65,162
'340590,"Glass or metal polishes, whether or not in the form of paper, wadding, felt, nonwovens, cellular ...",5,62,43,13,12,56,14,13,22,56,11,55,,,,,,,,,,,,,,,23203,24324,22333,20155,20050,23333,21870,28559,25752,30073,20757,31599
'950691,"Articles and equipment for general physical exercise, gymnastics or athletics",128,81,74,48,49,137,217,82,101,181,158,54,,,,,,,,,,,,,,,48776,57541,54224,53357,60997,63713,56514,60213,53534,44334,45162,42009
'721119,"Flat-rolled products of iron or non-alloy steel, of a width < 600 mm, simply hot-rolled, not ...",35,29,31,33,14,41,43,18,31,39,5,54,,,,,,,,,,,,,,,221,131,1153,240,297,370,257,278,166,241,158,457
'284169,"Manganites, manganates and permanganates (excl. potassium permanganate)",0,45,49,148,48,197,106,0,0,54,54,54,,,,,,,,,,,,,,,0,45,52,148,58,197,106,11,0,54,54,70
'551512,"Woven fabrics containing predominantly, but < 85% polyester staple fibres by weight, mixed ...",205,43,47,140,99,42,39,77,65,150,23,54,,,,,,,,,,,,,,,290,72,208,275,327,103,149,173,154,210,132,156
'902680,"Instruments or apparatus for measuring or checking variables of liquids or gases, n.e.s.",27,76,50,82,33,27,47,42,78,44,30,54,,,,,,,,,,,,,,,3599,3295,5140,4136,3412,2740,2695,3088,3403,5942,2713,3846
'283529,"Phosphates (excl. phosphates of monosodium, disodium, potassium, calcium and mercury)",0,59,24,0,0,74,0,0,54,50,20,54,,,,,,,,,,,,,,,57,157,180,41,120,335,146,78,155,193,311,171
'848030,Moulding patterns (excl. moulds of graphite or other carbons and ceramic or glass moulds),60,38,17,94,7,81,33,14,217,37,6,53,,,,,,,,,,,,,,,506,229,361,212,54,328,292,151,284,455,108,691
'550921,Single yarn containing >= 85% polyester staple fibres by weight (excl. sewing thread and yarn ...,100,164,0,58,61,61,61,170,54,54,0,53,,,,,,,,,,,,,,,199,164,69,61,148,61,61,205,54,77,0,60
'390469,"Fluoropolymers of vinyl chloride or of other halogenated olefins, in primary forms (excl. ...",1,0,19,0,0,28,30,4,14,6,0,53,,,,,,,,,,,,,,,1747,1783,1795,1671,1626,1111,694,1144,474,1712,583,1059
'845130,"Ironing machines and presses, incl. fusing presses (excl. calenders)",5,0,58,0,30,0,14,3,0,3,19,53,,,,,,,,,,,,,,,5,25,105,96,30,8,44,31,154,3,45,66
'730661,"Tubes and pipes and hollow profiles, welded, of square or rectangular cross-section, of iron ...",23,11,35,5,12,7,21,27,47,4,0,52,,,,,,,,,,,,,,,3660,5435,5190,3931,6479,5366,4184,3325,4775,5911,6037,5551
'842139,Machinery and apparatus for filtering or purifying gases (excl. isotope separators and intake ...,154,139,83,42,93,43,28,72,74,72,29,51,,,,,,,,,,,,,,,7229,8742,6985,9895,7520,10384,14361,8601,17753,7516,6890,10106
'320190,Tanning extracts of vegetable origin (excl. quebracho extract and wattle extract); tannins ...,3,3,3,10,0,0,24,0,0,10,0,51,,,,,,,,,,,,,,,3,3,3,10,0,0,24,17,0,10,0,51
'721923,"Flat-rolled products of stainless steel, of a width of >= 600 mm, not further worked than hot-rolled, ...",106,39,42,31,0,0,3,24,14,82,0,51,,,,,,,,,,,,,,,1501,2076,941,985,1013,825,1107,586,503,709,655,738
'841620,"Furnace burners for pulverised solid fuel or gas, incl. combination burners",3,14,3,0,91,92,3,0,35,0,3,51,,,,,,,,,,,,,,,35,253,105,404,281,851,77,143,253,29,29,172
'846593,"Grinding, sanding or polishing machines for working wood, cork, bone, hard rubber, hard plastics ...",899,738,269,181,6,428,21,201,143,123,13,51,,,,,,,,,,,,,,,4074,5490,3473,3288,3459,3362,3262,3320,3125,3197,3223,3669
'851680,Electric heating resistors (excl. those of agglomerated coal and graphite),24,15,20,37,37,50,21,39,8,35,25,51,,,,,,,,,,,,,,,2035,2006,2402,1376,2798,1859,2548,2328,1562,2311,1879,2016
'841221,"Hydraulic power engines and motors, linear acting ""cylinders""",132,43,23,99,296,37,41,63,60,51,526,50,,,,,,,,,,,,,,,3091,2708,3362,2704,2810,3067,3224,2337,3259,3313,2957,2334
'870830,"Brakes and servo-brakes and their parts, for tractors, motor vehicles for the transport of ...",107,30,26,96,46,6,186,0,54,50,0,50,,,,,,,,,,,,,,,7804,8381,6867,7793,7330,6645,6694,6812,8638,7462,6752,6505
'310510,"Mineral or chemical fertilisers of animal or vegetable origin, in tablets or similar forms, ...",0,0,0,0,0,0,0,0,0,0,0,50,,,,,,,,,,,,,,,35,20,0,18,65,18,19,37,0,10,0,54
'848360,"Clutches and shaft couplings, incl. universal joints, for machinery",8,18,76,29,19,64,21,8,58,27,17,49,,,,,,,,,,,,,,,1554,1045,1675,1541,1447,1816,1401,790,1384,1232,1075,1158
'844820,"Parts and accessories of machines for extruding, drawing, texturing or cutting man-made textile ...",132,24,103,162,100,97,65,69,37,5,44,49,,,,,,,,,,,,,,,593,483,458,448,319,555,131,481,302,249,203,232
'340241,"Cationic organic surface-active agents, whether or not put up for retail sale",29,23,0,3,6,0,13,24,8,18,46,49,,,,,,,,,,,,,,,81,161,76,107,73,30,127,222,116,200,323,104
'820210,"Handsaws, with working parts of base metal (excl. power-operated saws)",82,187,68,4,56,72,83,66,118,48,57,49,,,,,,,,,,,,,,,715,1582,846,820,876,787,980,1143,1189,957,1273,979
'391690,"Monofilament of which any cross-sectional dimension > 1 mm, rods, sticks and profile shapes, ...",79,75,68,42,39,21,46,21,53,17,44,49,,,,,,,,,,,,,,,1317,1082,1587,1272,1377,1376,1237,1198,1503,1384,857,1174
'901730,"Micrometers, callipers and gauges (excl. gauges without adjustable devices of subheading 9031.80)",54,60,32,52,26,42,102,31,48,103,31,49,,,,,,,,,,,,,,,362,1013,458,435,364,433,389,501,524,590,330,344
'850231,"Generating sets, wind-powered",0,0,0,0,0,0,0,0,0,0,0,49,,,,,,,,,,,,,,,6,0,11,2,0,4,0,11,0,6,0,68
'401290,"Solid or cushion tyres, interchangeable tyre treads and tyre flaps, of rubber",9,23,7,9,3,8,12,29,8,12,2,49,,,,,,,,,,,,,,,1617,2130,1757,1141,1162,1304,1420,1060,1105,1034,1029,1327
'650700,"Headbands, linings, covers, hat foundations, hat frames, peaks and chinstraps, for headgear ...",160,70,95,86,89,78,102,95,214,50,52,49,,,,,,,,,,,,,,,1478,1826,1592,1161,1246,1466,756,773,1204,1225,1119,916
'741110,Tubes and pipes of refined copper,0,24,21,5,21,0,21,37,0,4,0,48,,,,,,,,,,,,,,,254,158,364,678,275,331,75,418,225,572,2700,3264
'540741,"Woven fabrics of yarn containing >= 85% by weight of filaments of nylon or other polyamides, ...",195,37,16,17,15,180,150,356,123,339,57,48,,,,,,,,,,,,,,,2298,2098,3184,1992,2572,1358,2082,2211,2399,2397,809,1731
'291711,"Oxalic acid, its salts and esters (excl. inorganic or organic compounds of mercury)",23,16,7,19,21,15,14,3,2,23,9,48,,,,,,,,,,,,,,,236,583,591,389,225,332,361,211,143,290,291,236
'820510,"Hand-operated drilling, threading or tapping hand tools",4,88,8,30,3,5,1,23,2,10,19,48,,,,,,,,,,,,,,,561,974,393,539,671,601,641,599,960,511,754,637
'842940,Self-propelled tamping machines and roadrollers,0,0,0,0,0,0,0,8,0,0,0,48,,,,,,,,,,,,,,,25,14,0,19,0,67,22,64,28,9,22,61
'761610,"Nails, tacks, staples, screws, bolts, nuts, screw hooks, rivets, cotters, cotter pins, washers ...",55,29,33,12,69,29,48,20,63,64,5,48,,,,,,,,,,,,,,,1236,1972,1586,1661,1610,1283,1417,1399,1560,1611,1225,1167
'340249,"Organic surface-active agents, whether or not put up for retail sale (excl. soap, anionic, ...",40,57,17,50,36,71,37,66,16,53,2,48,,,,,,,,,,,,,,,773,529,394,504,455,468,596,538,411,537,359,401
'090230,"Black fermented tea and partly fermented tea, whether or not flavoured, in immediate packings ...",11,40,25,28,39,52,28,34,17,51,8,48,,,,,,,,,,,,,,,3327,4214,4155,3626,3554,3467,3171,3730,4155,3725,2532,2769
'720529,"Powders, of pig iron, spiegeleisen, iron or non-alloy steel (excl. powders of ferro-alloys ...",6,15,4,3,3,2,0,3,23,11,0,48,,,,,,,,,,,,,,,47,68,78,99,41,80,33,56,48,58,26,134
'853210,Fixed capacitors designed for use in 50/60 Hz circuits and having a reactive power-handling ...,34,175,12,49,196,52,12,18,34,23,7,47,,,,,,,,,,,,,,,132,373,60,126,435,85,15,132,37,36,39,78
'320420,"Synthetic organic products of a kind used as fluorescent brightening agents, whether or not ...",13,50,60,71,39,78,48,69,76,82,37,47,,,,,,,,,,,,,,,1570,2333,1821,2410,1581,1902,1213,1505,1752,1583,1718,1919
'690390,"Retorts, crucibles, mufflers, nozzles, plugs, supports, cupels, tubes, pipes, sheaths, rods, ...",41,11,4,170,57,54,0,15,18,65,9,47,,,,,,,,,,,,,,,238,214,242,1073,407,250,224,245,269,343,121,224
'902750,"Instruments and apparatus for physical or chemical analysis, using UV, visible or IR optical ...",61,38,65,185,58,80,29,82,28,201,35,47,,,,,,,,,,,,,,,2945,3512,3375,3792,4053,3524,2838,6722,2838,5894,2591,6398
'848640,Machines and apparatus specified in Note 11 C to chapter 84,20,0,30,33,42,0,13,189,15,578,32,47,,,,,,,,,,,,,,,23753,27869,23802,22823,43422,50090,56330,74866,92518,64728,52430,65518
'560819,"Knotted netting of twine, cordage, ropes or cables, by the piece or metre; made-up nets, of ...",57,110,15,63,87,56,51,33,71,58,31,46,,,,,,,,,,,,,,,385,451,948,486,411,397,424,355,371,472,502,318
'841231,"Pneumatic power engines and motors, linear-acting, ""cylinders""",26,49,38,44,20,55,47,61,45,23,35,46,,,,,,,,,,,,,,,3937,3423,3505,3882,4726,3917,2860,3858,4389,4318,3096,4059
'170260,"Fructose in solid form and fructose syrup, not containing added flavouring or colouring matter ...",129,68,149,69,58,132,121,113,0,144,70,46,,,,,,,,,,,,,,,691,724,684,481,693,621,640,696,616,550,392,566
'851690,"Parts of electric water heaters, immersion heaters, space-heating apparatus and soil-heating ...",6,48,40,73,16,19,15,39,64,35,7,46,,,,,,,,,,,,,,,957,2287,1819,1863,1620,1780,1213,1725,2050,1422,2050,1689
'940199,"Parts of seats, not of wood, n.e.s.",8,52,1,80,0,23,84,82,45,89,9,46,,,,,,,,,,,,,,,11004,12937,12585,11704,10709,9480,10034,8448,11265,10400,9807,9253
'843120,"Parts of fork-lift trucks and other works trucks fitted with lifting or handling equipment, ...",28,63,0,84,24,5,50,29,30,33,0,46,,,,,,,,,,,,,,,2008,2519,2363,1836,1528,1688,1674,1486,2084,1893,1887,1717
'740811,"Wire of refined copper, with a maximum cross-sectional dimension of > 6 mm",12,0,5,0,0,4,0,5,8,2,0,46,,,,,,,,,,,,,,,11572,7053,13238,8367,5649,5766,8584,13539,8001,10030,10258,11382
'284700,"Hydrogen peroxide, whether or not solidified with urea",0,22,0,0,6,15,4,23,12,0,21,46,,,,,,,,,,,,,,,457,1057,521,436,772,631,469,759,298,409,262,497
'281511,"Sodium hydroxide ""caustic soda"" solid",631,406,438,578,725,454,306,524,512,486,240,45,,,,,,,,,,,,,,,2976,2888,2715,2404,3481,3257,2189,3317,2740,3197,2686,587
'901849,"Instruments and appliances used in dental sciences, n.e.s.",35,93,118,73,9,10,11,72,118,76,23,45,,,,,,,,,,,,,,,3041,4072,3853,3795,4687,3341,3555,3710,4543,3664,2931,3016
'901920,"Ozone therapy, oxygen therapy, aerosol therapy, artificial respiration or other therapeutic ...",23,16,19,8,3,0,20,4,6,27,12,45,,,,,,,,,,,,,,,2117,2756,1695,2417,2801,1758,2329,2106,2286,2364,2139,2243
'847490,"Parts of machinery for working mineral substances of heading 8474, n.e.s.",12,47,139,39,25,13,7,13,252,15,14,45,,,,,,,,,,,,,,,2537,2657,2651,1804,2858,2590,2170,2407,2779,1900,1853,2273
'846261,Hydraulic cold metal working presses,3,0,35,296,35,0,360,5,0,73,0,45,,,,,,,,,,,,,,,510,394,786,583,739,198,481,719,48,107,503,865
'720421,"Waste and scrap of stainless steel (excl. radioactive, and waste and scrap of batteries and ...",31,86,94,31,164,0,64,170,106,250,0,45,,,,,,,,,,,,,,,8360,11467,2706,7899,7594,8233,7840,3797,6324,8398,5400,6227
'284150,Chromates and dichromates; peroxochromates (excl. sodium dichromate and inorganic or organic ...,0,0,0,50,0,0,0,22,0,0,0,45,,,,,,,,,,,,,,,46,0,2,54,0,41,0,28,44,5,0,74
'520511,"Single cotton yarn, of uncombed fibres, containing >= 85% cotton by weight and with a linear ...",136,4,45,124,121,142,58,40,67,38,44,44,,,,,,,,,,,,,,,826,193,162,665,453,735,903,140,186,463,743,777
'282410,"Lead monoxide ""litharge, massicot""",152,153,0,44,251,0,96,145,45,0,44,44,,,,,,,,,,,,,,,474,738,408,436,1257,1261,1227,1594,421,1903,532,1219
'550922,"Multiple ""folded"" or cabled yarn containing >= 85% polyester staple fibres by weight (excl. ...",98,55,0,50,0,3,0,10,0,42,0,44,,,,,,,,,,,,,,,190,293,111,244,67,125,51,91,46,120,122,101
'521051,"Plain woven fabrics of cotton, containing predominantly, but < 85% cotton by weight, mixed ...",14,63,2,73,98,87,76,107,64,6,21,44,,,,,,,,,,,,,,,14,63,2,73,98,87,76,116,72,6,21,44
'846599,"Machine tools for working wood, cork, bone, hard rubber, hard plastics or similar hard materials ...",566,236,151,134,175,185,111,383,145,123,63,43,,,,,,,,,,,,,,,5911,5069,6625,5991,4998,4377,2912,4659,4170,4319,4669,4146
'848130,"Check ""non-return"" valves for pipes, boiler shells, tanks, vats or the like",11,32,88,23,10,17,45,7,7,35,30,43,,,,,,,,,,,,,,,3055,3530,3617,3604,3936,3728,4683,3322,3474,3101,3681,3041
'721891,"Semi-finished products of stainless steel, of rectangular ""other than square"" cross-section",0,4,37,0,0,0,30,0,0,0,0,43,,,,,,,,,,,,,,,924,502,91,414,629,179,502,0,540,9,229,298
'200899,"Fruit and other edible parts of plants, prepared or preserved, whether or not containing added ...",0,0,0,0,0,0,0,0,0,36,0,43,,,,,,,,,,,,,,,2443,3740,2615,2294,3097,2180,2336,2436,2626,3410,2704,2125
'841319,"Pumps for liquids, fitted or designed to be fitted with a measuring device (excl. pumps for ...",46,13,46,8,7,4,0,12,31,6,3,43,,,,,,,,,,,,,,,1354,1479,804,716,748,643,767,1001,3491,1523,624,773
'903290,"Parts and accessories for regulating or controlling instruments and apparatus, n.e.s.",27,3,3,7,1,6,31,4,46,24,3,43,,,,,,,,,,,,,,,4251,5116,2956,3616,4438,3550,3876,6265,3500,5759,5240,7661
'320810,"Paints and varnishes, incl. enamels and lacquers, based on polyesters, dispersed or dissolved ...",67,41,51,19,39,28,24,74,22,6,10,43,,,,,,,,,,,,,,,619,525,368,506,202,505,464,568,433,253,273,437
'720280,Ferro-tungsten and ferro-silico-tungsten,0,0,0,0,3,40,0,8,1,27,0,43,,,,,,,,,,,,,,,0,0,0,0,15,40,0,8,1426,27,0,44
'392091,"Plates, sheets, film, foil and strip, of non-cellular poly""vinyl butyral"", not reinforced, ...",0,0,0,188,17,38,7,21,191,35,37,43,,,,,,,,,,,,,,,5125,5968,6854,4781,6525,5786,6156,5345,6648,4984,5856,5977
'401039,"Transmission belts or belting, of vulcanised rubber (excl. endless transmission belts of trapezoidal ...",49,14,15,31,4,27,23,38,157,108,3,42,,,,,,,,,,,,,,,651,765,796,703,689,640,721,663,741,773,395,722
'030343,"Frozen skipjack or stripe-bellied bonito ""Euthynnus -Katsuwonus- pelamis""",2050,5,779,0,641,72,8,0,0,0,0,42,,,,,,,,,,,,,,,18030,13003,21542,9720,7427,9844,10777,12399,1206,12184,5005,1422
'721123,"Flat-rolled products of iron or non-alloy steel, of a width of < 600 mm, simply cold-rolled ...",51,72,305,99,50,20,170,53,19,51,148,42,,,,,,,,,,,,,,,844,1125,1028,839,869,682,1061,1123,1123,1003,677,1063
'720853,"Flat-rolled products of iron or non-alloy steel, of a width of >= 600 mm, not in coils, simply ...",23,0,56,2,10,4,57,70,257,107,10,42,,,,,,,,,,,,,,,171,172,156,123,96,309,236,262,335,277,227,345
'854520,Carbon brushes for electrical purposes,11,41,7,18,0,5,61,14,15,5,3,42,,,,,,,,,,,,,,,565,783,468,627,580,543,609,519,723,573,449,799
'851521,Fully or partly automatic machines for resistance welding of metals,59,43,41,0,47,0,68,34,0,51,69,42,,,,,,,,,,,,,,,466,896,234,86,1366,11,456,1047,350,126,490,1005
'848240,"Needle roller bearings, incl. cage and needle roller assemblies",9,0,18,13,18,115,57,0,66,33,89,42,,,,,,,,,,,,,,,1864,1862,2076,1736,2347,2054,1632,1972,1513,2039,1425,1929
'110630,"Flour, meal and powder of produce of chapter 8 ""Edible fruit and nuts; peel of citrus fruits ...",24,40,0,20,18,8,11,25,0,26,0,42,,,,,,,,,,,,,,,215,388,388,443,400,273,258,268,235,345,235,327
'320710,"Prepared pigments, prepared opacifiers, prepared colours and similar preparations of a kind ...",5,22,30,39,18,12,40,37,26,66,8,42,,,,,,,,,,,,,,,216,316,387,225,270,282,433,427,255,323,255,390
'441231,"Plywood consisting solely of sheets of wood <= 6 mm thick, with at least one outer ply of tropical ...",25,30,1,5,0,3,9,3,33,11,0,42,,,,,,,,,,,,,,,639,536,557,420,494,480,543,611,600,410,295,707
'491199,"Printed matter, n.e.s.",20,98,28,47,114,14,87,33,96,88,5,42,,,,,,,,,,,,,,,1426,1925,1101,2702,1643,1189,1332,876,4320,1056,1218,1695
'850153,"AC motors, multi-phase, of an output > 75 kW",1086,92,0,0,0,8,5,29,0,389,0,42,,,,,,,,,,,,,,,8688,7184,7362,8051,9026,9412,10136,8265,8856,6607,6396,10391
'848299,"Parts of ball or roller bearings (excl. balls, needles and rollers), n.e.s.",39,30,57,43,83,28,44,14,20,35,6,41,,,,,,,,,,,,,,,3460,4358,3396,3841,3856,3540,3464,4065,4012,4121,3752,3974
'710499,"Precious and semi-precious stones, synthetic or reconstructed, worked, whether or not graded ...",117,0,0,17,46,74,19,17,78,0,0,41,,,,,,,,,,,,,,,232,233,353,92,265,186,162,338,252,197,273,301
'540781,"Woven fabrics of yarn containing predominantly, but < 85% synthetic filament by weight, incl. ...",10,45,41,25,35,47,56,24,27,51,0,41,,,,,,,,,,,,,,,175,218,130,326,151,264,229,222,85,153,4,318
'540793,"Woven fabrics of yarn containing predominantly, but < 85% synthetic filament by weight, incl. ...",32,11,3,118,46,12,216,84,23,53,89,41,,,,,,,,,,,,,,,52,29,47,1163,49,70,572,349,247,132,282,94
'282590,"Bases, inorganic, and metal oxides, hydroxides and peroxides, n.e.s.",4,15,4,19,13,13,25,37,12,23,2,41,,,,,,,,,,,,,,,70,2887,4813,3382,215,2050,2035,4574,555,3976,2668,2181
'291440,Ketone-alcohols and ketone-aldehydes,0,44,92,73,39,126,36,0,44,69,69,41,,,,,,,,,,,,,,,354,655,857,738,711,518,972,592,385,742,668,886
'731512,Articulated link chain of iron or steel (excl. roller chain),0,4,0,0,0,0,2,0,0,0,0,41,,,,,,,,,,,,,,,128,65,156,53,77,180,126,44,60,49,57,73
'842121,Machinery and apparatus for filtering or purifying water,159,29,37,213,21,115,68,14,64,83,86,41,,,,,,,,,,,,,,,6037,9571,9666,7751,10514,8302,8000,5040,12723,10179,7920,4578
'852869,"Projectors (excl. with TV receiver, designed for computer use)",38,0,8,0,20,4,27,16,32,3,10,41,,,,,,,,,,,,,,,497,368,428,741,479,828,878,588,361,847,336,443
'722691,"Flat-rolled products of alloy steel other than stainless, of a width of < 600 mm, not further ...",0,32,0,0,0,0,32,0,45,15,3,41,,,,,,,,,,,,,,,43,52,43,47,175,85,106,209,68,103,121,458
'730431,"Tubes, pipes and hollow profiles, seamless, of circular cross-section, of iron or non-alloy ...",151,234,392,355,420,207,118,87,101,60,80,41,,,,,,,,,,,,,,,352,541,894,534,716,618,353,335,323,221,220,193
'750610,"Plates, sheets, strip and foil, of non-alloy nickel (excl. expanded plates, sheets or strip)",154,56,54,85,60,100,188,53,42,159,4,41,,,,,,,,,,,,,,,364,360,289,411,291,287,352,353,482,465,439,333
'841410,Vacuum pumps,90,102,255,104,46,127,167,100,68,234,41,40,,,,,,,,,,,,,,,7774,6257,6122,6368,6619,5994,5080,6115,6531,7091,5228,6433
'283711,Sodium cyanide,47,0,0,39,0,40,0,39,0,0,0,40,,,,,,,,,,,,,,,423,745,1346,443,449,300,917,717,508,288,462,185
'853949,Ultraviolet or infra-red lamps,0,5,11,12,11,29,3,17,0,19,18,40,,,,,,,,,,,,,,,488,752,538,873,844,688,593,962,825,878,674,722
'844180,"Machinery for making up paper pulp, paper or paperboard, n.e.s.",29,5,157,0,4,5,4,0,4,0,20,40,,,,,,,,,,,,,,,1377,2375,2012,2050,729,1329,1239,546,588,638,657,730
'852691,Radio navigational aid apparatus,21,36,61,103,3,117,57,25,64,9,55,40,,,,,,,,,,,,,,,35909,51572,44922,39544,52335,38336,33478,37542,35960,42114,30829,39572
'291532,Vinyl acetate,840,79,0,0,0,51,52,0,80,66,16,40,,,,,,,,,,,,,,,1064,8647,571,214,159,2323,4078,2296,338,236,2345,3076
'842710,"Self-propelled trucks fitted with lifting or handling equipment, powered by an electric motor",33,13,64,103,0,29,105,128,82,43,0,40,,,,,,,,,,,,,,,2242,1559,2487,1241,1762,1588,1320,1465,2003,2051,908,824
'851220,Electrical lighting or visual signalling equipment for motor vehicles (excl. lamps of heading ...,127,98,125,113,127,77,117,167,143,271,135,40,,,,,,,,,,,,,,,112142,140342,108498,94980,101565,100886,94645,107125,116000,102565,99658,103630
'850650,Lithium cells and batteries (excl. spent),10,3,40,3,39,35,4,41,2,26,0,40,,,,,,,,,,,,,,,1502,1044,957,1182,1956,1366,800,1487,1498,1297,948,912
'842489,"Mechanical appliances, whether or not hand-operated, for projecting, dispersing or spraying ...",28,413,108,358,147,0,129,13,106,26,16,39,,,,,,,,,,,,,,,2175,2279,2462,2066,2441,2654,2235,2642,2621,2803,2062,1933
'381190,"Oxidation inhibitors, gum inhibitors, viscosity improvers, anti-corrosive preparations and ...",51,40,63,54,25,47,103,46,45,20,31,39,,,,,,,,,,,,,,,442,666,649,591,570,681,387,737,766,758,343,775
'480419,"Kraftliner, uncoated, in rolls of a width > 36 cm (excl. unbleached and goods of heading 4802 ...",4,7,7,8,4,9,9,4,4,7,20,39,,,,,,,,,,,,,,,1956,2072,1028,1496,1717,2081,1958,3212,2404,2919,1413,2548
'250100,"Salts, incl. table salt and denatured salt, and pure sodium chloride, whether or not in aqueous ...",44,26,31,78,27,16,60,26,36,111,30,39,,,,,,,,,,,,,,,261,232,207,363,226,172,133,175,212,280,150,179
'560790,"Twine, cordage, ropes and cables, whether or not plaited or braided and whether or not impregnated, ...",61,94,50,88,129,67,57,100,64,55,63,39,,,,,,,,,,,,,,,524,773,744,784,1011,621,732,780,818,1039,991,710
'721050,"Flat-rolled products of iron or non-alloy steel, of a width of >= 600 mm, hot-rolled or cold-rolled ...",279,312,136,95,166,78,444,82,73,0,86,39,,,,,,,,,,,,,,,6568,3101,6454,3719,1226,9823,3559,3272,3607,1727,2147,2920
'720219,"Ferro-manganese, containing by weight <= 2% carbon",6,5,0,4,0,0,5,0,0,8,0,39,,,,,,,,,,,,,,,8,12,0,8,5,0,17,1,7,8,2,60
'210330,"Mustard flour and meal, whether or not prepared, and mustard",0,39,0,0,27,0,27,0,0,22,0,38,,,,,,,,,,,,,,,42,91,0,56,58,24,27,31,6,57,10,99
'170390,Beet molasses resulting from the extraction or refining of sugar,80,83,37,30,16,91,15,75,40,67,22,38,,,,,,,,,,,,,,,210,280,242,175,164,270,139,211,280,213,181,238
'848010,Moulding boxes for metal foundry,23,2,35,39,18,0,39,20,15,40,9,38,,,,,,,,,,,,,,,47,19,74,96,28,60,78,84,94,57,49,102
'901812,Ultrasonic scanning apparatus,0,0,0,7,0,0,0,0,4,0,0,38,,,,,,,,,,,,,,,377,999,710,819,720,941,597,617,1183,1074,479,545
'283919,"Silicates of sodium, incl. commercial silicates (excl. sodium metasilicates)",30,27,39,39,75,78,0,39,39,31,0,38,,,,,,,,,,,,,,,753,1677,626,580,826,1344,641,512,831,1510,363,1373
'611780,"Ties, bow ties, cravats and other made-up clothing accessories, knitted or crocheted, n.e.s. ...",68,22,37,45,45,38,100,116,78,18,40,37,,,,,,,,,,,,,,,948,937,857,842,663,542,772,1138,940,751,645,463
'853180,Electric sound or visual signalling apparatus (excl. indicator panels with liquid crystal devices ...,25,15,22,42,63,21,13,29,38,73,8,37,,,,,,,,,,,,,,,2155,2337,3110,2291,2289,3170,2590,2109,3165,3176,2980,1449
'292419,"Acyclic amides, incl. acyclic carbamates, and their derivatives, and salts thereof (excl. meprobamate ...",27,46,80,131,21,37,93,51,33,43,44,37,,,,,,,,,,,,,,,186,177,840,262,925,191,345,736,384,277,152,140
'521031,"Plain woven fabrics of cotton, containing predominantly, but < 85% cotton by weight, mixed ...",436,497,57,83,41,131,21,42,174,302,132,37,,,,,,,,,,,,,,,498,519,178,112,80,221,31,74,221,323,137,131
'846729,"Electromechanical tools for working in the hand, with self-contained electric motor (excl. ...",22,24,50,29,25,23,22,12,34,42,3,36,,,,,,,,,,,,,,,6370,6691,7724,7676,5884,6856,4434,5789,6621,5786,5623,5490
'902580,"Hydrometers, areometers and similar floating instruments, barometers, hygrometers and psychrometers, ...",12,39,42,10,11,52,9,7,12,6,16,36,,,,,,,,,,,,,,,2267,1466,1942,2271,1688,1753,2706,1782,1590,3132,1310,1508
'290711,"Phenol ""hydroxybenzene"" and its salts",75,94,162,34,108,85,50,100,118,134,0,36,,,,,,,,,,,,,,,771,5227,1362,6380,8359,7772,10587,14529,12022,3263,1825,1664
'740931,"Plates, sheets and strip, of copper-tin base alloys ""bronze"", of a thickness of > 0,15 mm, ...",81,29,148,36,16,18,91,130,85,108,106,36,,,,,,,,,,,,,,,1525,1090,751,666,1148,926,809,583,483,2145,628,1147
'845931,"Boring-milling machines for metals, numerically controlled (excl. way-type unit head machines)",0,0,0,0,0,0,0,0,0,0,0,36,,,,,,,,,,,,,,,1493,1176,1887,2089,2760,1623,272,2072,1413,743,542,1559
'400911,"Tubes, pipes and hoses, of vulcanised rubber (excl. hard rubber), not reinforced or otherwise ...",2,32,6,44,0,0,50,0,3,0,0,36,,,,,,,,,,,,,,,44,213,163,170,179,197,154,193,155,122,152,134
'950790,"Line fishing tackle n.e.s; fish landing nets, butterfly nets and similar nets; decoys and similar ...",2,50,24,59,38,47,28,34,40,20,5,36,,,,,,,,,,,,,,,2611,3410,2813,2163,3143,2500,1829,2746,1970,2209,1835,2211
'540249,"Synthetic filament yarn, incl. synthetic monofilament of < 67 decitex, single, untwisted or ...",26,106,2,44,77,33,0,0,25,0,6,36,,,,,,,,,,,,,,,220,115,4,44,124,218,0,0,355,3,6,54
'630399,"Curtains, incl. drapes, and interior blinds, curtain or bed valances of textile materials (excl. ...",39,39,0,71,32,0,39,48,15,26,53,36,,,,,,,,,,,,,,,608,556,426,498,384,482,573,543,478,339,320,543
'290719,"Monophenols (excl. phenol ""hydroxybenzene"" and its salts, cresols and their salts, octylphenol, ...",2,61,49,49,19,4,65,30,52,48,27,35,,,,,,,,,,,,,,,6568,8967,5892,5145,6098,7283,3735,6234,6230,8330,5547,8391
'731589,"Chain of iron or steel (excl. articulated link chain, skid chain, stud-link chain, welded link ...",25,9,31,82,18,48,22,45,60,12,4,35,,,,,,,,,,,,,,,904,616,569,1208,854,1072,513,758,465,687,1160,428
'844790,"Machines for making gimped yarn, tulle, lace, embroidery, trimmings, braid or net and machines ...",10,9,25,6,18,33,7,202,3,0,0,35,,,,,,,,,,,,,,,1964,4413,2876,2684,2768,2136,2006,3273,2829,2491,2467,3496
'841934,"Dryers, for agricultural products (excl. lyophilisation apparatus, freeze drying units and ...",0,0,11,0,0,0,0,0,0,0,0,35,,,,,,,,,,,,,,,659,858,697,1029,739,453,108,622,1116,391,877,822
'140490,Vegetable products n.e.s,65,0,0,0,0,30,5,0,11,7,0,35,,,,,,,,,,,,,,,504,330,786,149,275,208,341,339,309,433,261,466
'490810,"Transfers ""decalcomanias"", vitrifiable",27,1,0,0,0,6,93,182,284,109,53,35,,,,,,,,,,,,,,,64,65,43,42,80,142,133,211,321,158,106,57
'600621,"Unbleached or bleached cotton fabrics, knitted or crocheted, of a width of > 30 cm (excl. warp ...",143,0,412,173,221,209,172,361,105,34,8,35,,,,,,,,,,,,,,,143,0,412,173,221,209,172,361,106,34,8,35
'841290,"Parts of non-electrical engines and motors, n.e.s.",11,4,16,16,2,3,29,52,116,77,27,35,,,,,,,,,,,,,,,2815,3658,2646,3144,3488,3140,2776,3054,3600,3265,3214,2370
'853329,Fixed electrical resistors for a power handling capacity > 20 W (excl. heating resistors),33,27,40,24,40,32,28,14,31,26,29,34,,,,,,,,,,,,,,,559,826,734,582,516,630,547,662,813,995,552,772
'732620,"Articles of iron or steel wire, n.e.s.",44,18,3,4,59,3,2,23,11,9,7,34,,,,,,,,,,,,,,,1708,1509,1356,1292,1371,1328,1123,1271,1101,1415,1268,1191
'291450,Ketone-phenols and ketones with other oxygen function,30,24,29,57,15,0,13,46,12,15,0,34,,,,,,,,,,,,,,,67,229,179,143,146,230,116,63,19,99,10,59
'401110,"New pneumatic tyres, of rubber, of a kind used for motor cars, incl. station wagons and racing ...",80,38,31,73,41,0,71,0,17,31,39,34,,,,,,,,,,,,,,,31621,33336,32862,28270,29814,26103,24257,27973,33039,31013,26974,28435
'520832,"Plain woven fabrics of cotton, containing >= 85% cotton by weight and weighing > 100 g to 200 ...",79,69,12,3,525,20,7,46,32,36,14,34,,,,,,,,,,,,,,,130,73,18,9,527,137,7,82,34,44,60,34
'281520,"Potassium hydroxide ""caustic potash""",35,24,17,0,18,6,51,23,0,29,0,34,,,,,,,,,,,,,,,646,846,1052,359,732,984,460,467,484,399,413,716
'820530,"Planes, chisels, gouges and similar cutting tools for working wood",15,27,0,32,0,0,0,19,0,24,0,34,,,,,,,,,,,,,,,215,416,264,336,402,210,300,290,275,278,191,331
'611599,"Full-length or knee-length stockings, socks and other hosiery, incl. footwear without applied ...",0,8,26,27,0,31,0,13,0,20,54,34,,,,,,,,,,,,,,,1002,1699,982,932,1423,661,801,1317,837,895,726,593
'283990,"Silicates, incl. commercial alkali metal silicates (excl. sodium silicates)",35,0,39,86,0,45,38,11,80,47,14,34,,,,,,,,,,,,,,,603,485,501,855,540,608,660,699,669,645,552,543
'481160,"Paper and paperboard, coated, impregnated or covered with wax, paraffin wax, stearin, oil or ...",19,0,10,10,0,10,25,21,24,8,9,34,,,,,,,,,,,,,,,37,122,30,85,39,75,31,91,91,64,40,61
'260200,"Manganese ores and concentrates, incl. ferruginous manganese ores and concentrates, with a ...",24,29,26,59,46,0,16,64,15,35,29,34,,,,,,,,,,,,,,,55,47,26,59,62,16,16,80,31,35,40,50
'844720,Flat knitting machines; stitch-bonding machines,262,375,268,1629,995,0,535,125,295,532,0,34,,,,,,,,,,,,,,,769,2796,2072,2994,2326,913,1621,1644,1214,1247,1064,426
'730669,"Tubes, pipes and hollow profiles, welded, of non-circular cross-section, of iron or steel (excl. ...",27,45,26,67,25,31,22,29,64,38,38,33,,,,,,,,,,,,,,,86,130,26,87,60,45,43,29,84,66,93,66
'848520,Machines for additive manufacturing by plastics or rubber deposit,0,13,0,11,3,2,0,8,3,41,0,33,,,,,,,,,,,,,,,361,566,379,392,455,368,386,523,412,598,287,609
'540831,"Woven fabrics of yarn containing predominantly, but < 85% artificial filament by weight, incl. ...",29,5,0,0,0,13,7,0,19,28,0,33,,,,,,,,,,,,,,,29,69,149,0,0,80,131,78,38,32,140,119
'441194,"Fibreboard of wood or other ligneous materials, whether or not agglomerated with resins or ...",23,0,0,40,0,42,4,0,4,0,0,33,,,,,,,,,,,,,,,23,3,2,48,2,42,6,0,4,0,2,33
'291429,"Cyclanic, cyclenic or cycloterpenic ketones, without other oxygen function (excl. cyclohexanone, ...",48,121,93,47,97,115,93,114,68,116,46,33,,,,,,,,,,,,,,,1303,948,1515,771,1319,889,1059,832,1323,663,342,725
'170230,"Glucose in solid form and glucose syrup, not containing added flavouring or colouring matter ...",14,11,21,9,22,12,27,42,14,40,0,32,,,,,,,,,,,,,,,30,19,41,21,32,22,34,61,30,46,10,39
'230250,"Bran, sharps and other residues of leguminous plants, whether or not in the form of pellets, ...",67,35,34,0,33,0,95,78,80,33,66,32,,,,,,,,,,,,,,,310,254,213,175,349,209,313,336,215,358,188,243
'720927,"Flat-rolled products of iron or non-alloy steel, of a width of >= 600 mm, not in coils, simply ...",34,37,35,17,1,17,16,31,54,0,0,32,,,,,,,,,,,,,,,128,73,75,17,24,69,16,73,54,17,2,54
'740911,"Plates, sheets and strip, of refined copper, in coils, of a thickness of > 0,15 mm (excl. expanded ...",17,15,15,9,0,64,26,0,16,49,2,32,,,,,,,,,,,,,,,1869,1601,1292,1426,1809,1768,1510,1689,1270,1501,1582,1662
'900699,"Parts and accessories for photographic flashlights and flashlight apparatus, n.e.s.",48,61,1,49,31,37,38,27,62,27,18,32,,,,,,,,,,,,,,,921,847,571,726,696,858,551,687,722,609,519,647
'870810,"Bumpers and parts thereof for tractors, motor vehicles for the transport of ten or more persons, ...",24,33,48,45,19,13,35,17,25,36,39,32,,,,,,,,,,,,,,,38247,35037,28437,28269,28883,29747,33624,30897,35742,32047,28791,29836
'293211,Tetrahydrofuran,126,126,8,32,22,19,59,34,36,22,54,32,,,,,,,,,,,,,,,376,1208,1187,543,516,397,506,558,661,687,820,933
'841780,"Industrial or laboratory furnaces and ovens, non-electric, incl. incinerators (excl. those ...",156,0,184,0,0,0,0,847,17,924,18,32,,,,,,,,,,,,,,,749,1520,864,68,1874,159,758,2897,2140,1170,243,1358
'902219,"Apparatus based on the use of X-rays (other than for medical, surgical, dental or veterinary ...",1184,1076,674,235,317,21,1314,0,0,2400,377,32,,,,,,,,,,,,,,,7767,4241,5288,6282,4201,2312,4800,8924,8632,6953,4885,6384
'871495,Saddles for cycles (excl. for motorcycles),48,71,33,46,17,29,33,34,26,64,39,32,,,,,,,,,,,,,,,2089,3449,2736,2099,2759,1869,1941,2368,3031,2902,2848,2159
'853120,"Indicator panels with liquid crystal devices ""LCD"" or light emitting diodes ""LED"" (excl. those ...",83,37,21,99,24,6,5,27,94,69,39,32,,,,,,,,,,,,,,,18799,25371,20975,22212,18144,15774,13631,15923,23987,19609,14034,16478
'731700,"Nails, tacks, drawing pins, corrugated nails, staples and similar articles of iron or steel, ...",310,356,675,609,405,65,92,130,28,49,15,31,,,,,,,,,,,,,,,5564,6392,5682,6220,6092,3750,3459,4132,3378,3771,3273,3176
'600642,"Dyed fabrics, knitted or crocheted, of artificial fibres, of a width of > 30 cm (excl. warp ...",2,33,3,5,32,45,36,14,60,15,10,31,,,,,,,,,,,,,,,131,119,105,98,148,155,139,142,116,104,209,339
'521019,"Woven fabrics of cotton, containing predominantly, but < 85% cotton by weight, mixed principally ...",17,16,15,8,20,70,35,95,26,24,47,31,,,,,,,,,,,,,,,17,16,15,16,20,80,35,108,32,58,47,36
'480610,"Vegetable parchment, in rolls of a width > 36 cm or in square or rectangular sheets with one ...",15,61,20,54,30,37,17,45,14,42,24,31,,,,,,,,,,,,,,,156,216,283,248,240,154,324,160,211,222,238,84
'293420,"Heterocyclic compounds containing in the structure a benzothiazole ring-system, whether or ...",13,13,17,50,39,21,15,24,2,33,0,31,,,,,,,,,,,,,,,449,37,401,234,268,213,15,250,28,94,185,450
'400700,Vulcanised rubber thread and cord (excl. ungimped single thread with a diameter of > 5 mm and ...,0,49,31,54,0,34,61,35,33,62,94,31,,,,,,,,,,,,,,,66,100,55,62,39,57,78,53,50,105,266,50
'721934,"Flat-rolled products of stainless steel, of a width of >= 600 mm, not further worked than cold-rolled ...",49,89,32,34,29,63,0,0,57,61,102,31,,,,,,,,,,,,,,,28094,36701,26047,25269,37585,22734,23565,22254,29850,28095,24701,21551
'722090,"Flat-rolled products of stainless steel, of a width of < 600 mm, hot-rolled or cold-rolled ...",76,3,25,38,13,45,8,20,54,13,34,31,,,,,,,,,,,,,,,679,254,291,538,296,472,506,342,387,797,264,441
'284290,"Salts of inorganic acids or peroxoacids (excl. of oxometallic or peroxometallic acids, double ...",22,0,6,31,3,23,16,3,6,26,6,31,,,,,,,,,,,,,,,397,249,560,365,291,379,396,589,128,462,454,627
'810890,"Articles of titanium, n.e.s.",0,5,183,28,49,8,16,36,0,1,17,31,,,,,,,,,,,,,,,4522,5018,5187,7241,5446,4815,3906,9007,5754,5431,5604,7675
'842959,"Self-propelled mechanical shovels, excavators and shovel loaders (excl. self-propelled mechanical ...",40,39,26,17,39,11,14,33,19,0,0,31,,,,,,,,,,,,,,,131,61,80,184,247,152,280,190,330,107,156,183
'220299,"Non-alcoholic beverages (excl. water, fruit or vegetable juices, milk and beer)",82,51,83,180,90,69,72,56,56,38,49,31,,,,,,,,,,,,,,,15002,14813,16027,14098,15615,11231,10383,12866,11374,12853,11876,12653
'720720,"Semi-finished products of iron or non-alloy steel containing, by weight, >= 0,25% of carbon",29,0,0,30,0,32,0,0,0,0,0,31,,,,,,,,,,,,,,,29,0,0,30,0,32,0,1,0,0,0,34
'741220,"Copper alloy tube or pipe fittings ""e.g., couplings, elbows, sleeves""",12,34,15,23,15,13,40,31,13,30,4,31,,,,,,,,,,,,,,,4914,7453,6466,5700,6203,6211,6280,5980,6414,6787,6339,5624
'391400,"Ion-exchangers based on polymers of heading 3901 to 3913, in primary forms",50,9,15,33,19,0,6,27,25,81,24,31,,,,,,,,,,,,,,,1157,1236,1223,1646,1461,902,1306,1164,1116,1816,526,1735
'540720,"Woven fabrics of strip or the like, of synthetic filament, incl. monofilament of >= 67 decitex ...",59,44,50,17,16,57,38,154,47,83,11,30,,,,,,,,,,,,,,,266,319,158,56,118,126,154,276,179,179,192,138
'750512,"Bars, rods, profiles and wire, of nickel alloys, n.e.s. (excl. electrically insulated products)",0,0,27,34,33,34,33,20,0,20,13,30,,,,,,,,,,,,,,,4706,4500,4651,3359,2204,2474,1689,1439,2366,1554,1869,1185
'871690,"Parts of trailers and semi-trailers and other vehicles not mechanically propelled, n.e.s.",27,44,13,44,28,8,9,44,0,47,0,30,,,,,,,,,,,,,,,2004,2717,3640,2157,2379,2154,1599,2477,1865,1345,1963,1884
'950632,Golf balls,0,6,22,3,0,0,38,0,16,3,0,30,,,,,,,,,,,,,,,17106,25095,18370,14328,14556,14633,15270,16518,16349,15376,18073,18251
'854790,"Insulating fittings for electrical purposes, of materials other than ceramics or plastics; ...",8,48,9,2,8,9,19,15,3,7,0,30,,,,,,,,,,,,,,,1065,809,794,737,818,695,860,1060,496,543,597,683
'841920,"Medical, surgical or laboratory sterilizers",4,69,85,81,174,61,25,70,60,38,34,30,,,,,,,,,,,,,,,294,698,233,611,748,569,253,313,455,516,387,376
'680423,"Millstones, grindstones, grinding wheels and the like, without frameworks, for sharpening, ...",55,17,67,12,56,38,28,33,65,15,20,30,,,,,,,,,,,,,,,221,138,181,105,261,67,167,220,125,98,63,138
'401150,"New pneumatic tyres, of rubber, of a kind used for bicycles",23,43,35,68,20,71,64,65,19,104,22,30,,,,,,,,,,,,,,,6031,7858,6043,6637,6097,4428,3360,5310,6546,5023,5787,5754
'390421,"Non-plasticised poly""vinyl chloride"", in primary forms, mixed with other substances",9,28,10,2,38,10,0,15,52,0,30,30,,,,,,,,,,,,,,,172,297,132,272,153,145,136,94,553,208,102,184
'820600,"Sets of two or more tools of heading 8202 to 8205, put up in sets for retail sale",36,77,22,44,34,25,30,52,51,40,15,29,,,,,,,,,,,,,,,14889,20778,17012,19829,16693,19047,13839,14734,17347,13969,15866,14215
'843010,"Pile-drivers and pile-extractors (excl. those mounted on railway wagons, motor vehicle chassis ...",0,0,0,60,0,0,57,0,65,63,32,29,,,,,,,,,,,,,,,28,0,0,207,0,282,105,98,93,63,32,29
'560490,"Textile yarn, strip and the like of heading 5404 and 5405, impregnated, coated, covered or ...",5,2,20,6,0,7,16,6,42,19,47,29,,,,,,,,,,,,,,,106,46,80,68,87,115,124,91,65,104,100,106
'290960,"Alcohol peroxides, ether peroxides, acetal and hemiacetal peroxides, ketone peroxides and their ...",59,153,2,16,0,0,87,0,0,61,0,29,,,,,,,,,,,,,,,88,208,66,81,22,94,139,139,159,263,17,104
'210120,"Extracts, essences and concentrates, of tea or mate, and preparations with a basis of these ...",25,84,18,28,15,26,22,19,23,30,6,29,,,,,,,,,,,,,,,610,794,750,797,695,1473,535,1022,899,601,1037,607
'381129,Prepared additives for oil lubricants not containing petroleum oil or bituminous mineral oil,78,52,37,8,40,36,221,28,42,122,43,29,,,,,,,,,,,,,,,214,268,194,127,231,127,351,177,388,228,69,81
'950699,Articles and equipment for sport and outdoor games n.e.s; swimming and paddling pools,23,16,9,10,14,24,49,9,88,25,20,29,,,,,,,,,,,,,,,17147,22197,16662,16792,15861,14799,12538,15494,14840,15441,14628,11874
'810199,"Articles of tungsten, n.e.s.",18,0,45,5,17,2,34,15,17,31,8,29,,,,,,,,,,,,,,,788,369,690,277,320,242,411,691,291,566,966,2075
'540774,"Woven fabrics of yarn containing >= 85% synthetic filament by weight, incl. monofilament of ...",5,3,0,5,7,0,10,97,78,0,2,29,,,,,,,,,,,,,,,80,40,0,5,32,35,28,103,78,0,62,58
'420330,"Belts and bandoliers, of leather or composition leather",1,2,0,0,0,3,1,0,0,0,0,28,,,,,,,,,,,,,,,3343,4534,4476,4572,3654,4415,4485,4143,6036,3710,2937,2976
'482290,"Bobbins, spools, cops and similar supports of paper pulp, paper or paperboard, whether or not ...",20,25,9,0,20,11,19,20,10,20,9,28,,,,,,,,,,,,,,,100,163,129,67,239,114,118,120,160,283,196,184
'292129,"Acyclic polyamines and their derivatives; salts thereof (excl. ethylenediamine and hexamethylenediamine, ...",22,0,10,22,20,45,0,29,22,10,12,28,,,,,,,,,,,,,,,570,339,222,200,318,317,80,111,249,41,57,248
'842320,Scales for continuous weighing of goods on conveyors,0,0,0,0,0,0,0,0,0,0,0,28,,,,,,,,,,,,,,,0,0,0,0,90,10,10,0,0,90,5,46
'320418,Synthetic carotenoid colouring matters and preparations based thereon of a kind used to dye ...,0,17,10,15,10,18,0,0,0,26,0,28,,,,,,,,,,,,,,,0,1936,1150,1903,1963,1988,1893,1336,1424,1770,3186,1962
'540419,Synthetic monofilament of >= 67 decitex and with a cross sectional dimension of <= 1 mm (excl. ...,23,15,25,33,53,16,29,31,24,45,37,28,,,,,,,,,,,,,,,1124,2172,995,1218,1365,706,1322,926,461,2626,2137,1090
'521213,"Woven fabrics of cotton, containing predominantly, but < 85% cotton by weight, other than those ...",118,104,34,133,84,32,0,115,0,3,44,28,,,,,,,,,,,,,,,200,104,79,147,92,34,14,115,44,98,61,30
'740990,"Plates, sheets and strip, of copper alloys, of a thickness of > 0,15 mm (excl. copper-zinc ...",39,0,71,41,0,16,63,64,7,50,0,28,,,,,,,,,,,,,,,1280,1049,1573,915,1444,1600,1078,1809,1570,1861,1007,2025
'843810,"Bakery machinery and machinery for the industrial preparation or manufacture of macaroni, spaghetti ...",11,41,105,72,16,674,41,46,19,97,0,27,,,,,,,,,,,,,,,851,2159,2760,1239,1376,4671,1628,1309,5482,2112,1262,1080
'901780,"Instruments for measuring length, for use in the hand, n.e.s.",6,7,7,18,3,6,0,6,7,39,18,27,,,,,,,,,,,,,,,2196,2234,1259,1353,1729,1334,1509,1797,1879,1575,1475,1862
'591132,"Textile fabrics and felts, endless or fitted with linking devices, of a kind used in papermaking ...",24,34,31,21,5,53,34,69,54,0,38,27,,,,,,,,,,,,,,,250,208,319,173,264,216,133,106,119,132,88,157
'903210,Thermostats,52,42,7,6,18,143,49,31,55,17,10,27,,,,,,,,,,,,,,,1203,1265,1796,1242,1045,1723,1349,954,1322,2018,1627,1097
'321590,"Ink, whether or not concentrated or solid (excl. printing ink)",9,39,67,18,20,56,20,25,13,58,8,27,,,,,,,,,,,,,,,282,385,403,299,253,224,253,358,422,176,84,335
'291550,"Propionic acid, its salts and esters",0,0,0,37,29,23,0,0,37,23,23,27,,,,,,,,,,,,,,,160,238,257,143,313,301,235,351,134,239,100,349
'520931,"Plain woven fabrics of cotton, containing >= 85% cotton by weight and weighing > 200 g/m_, ...",224,110,66,42,4,62,63,76,88,8,23,27,,,,,,,,,,,,,,,469,154,152,192,80,237,354,200,401,74,158,77
'721590,"Bars or rods, of iron or non-alloy steel, cold-formed or cold-finished and further worked or ...",133,171,166,152,117,88,385,95,97,127,69,27,,,,,,,,,,,,,,,2128,2764,2128,1871,2507,2223,1850,1949,1588,2224,1609,1628
'920999,"Parts and accessories for musical instruments ""e.g. mechanisms for musical boxes, cards, discs ...",8,22,54,21,15,40,16,6,7,32,0,27,,,,,,,,,,,,,,,4350,5114,6211,4714,5443,4320,4257,4576,5305,4810,4229,5353
'551211,"Woven fabrics containing >= 85% polyester staple fibres by weight, unbleached or bleached",65,28,14,8,4,13,0,8,17,27,38,27,,,,,,,,,,,,,,,81,121,78,105,108,144,109,86,44,185,180,170
'961380,"Lighters (excl. gas fuelled pocket lighters, and fuses and primers for propellent powders and ...",0,42,0,49,0,0,44,0,0,17,0,26,,,,,,,,,,,,,,,54,170,94,172,42,72,133,57,129,128,33,124
'722692,"Flat-rolled products of alloy steel other than stainless, of a width of < 600 mm, not further ...",142,42,0,65,48,90,40,105,64,40,0,26,,,,,,,,,,,,,,,274,202,158,215,297,241,213,380,360,134,68,247
'290713,"Octylphenol, nonylphenol and their isomers; salts thereof",0,56,0,0,0,0,26,0,0,0,0,26,,,,,,,,,,,,,,,2118,3032,3290,2686,2514,1825,1362,2028,1736,2244,2101,1680
'020714,Frozen cuts and edible offal of fowls of the species Gallus domesticus,13,0,0,37,26,0,26,44,0,53,0,26,,,,,,,,,,,,,,,16,96,28,94,27,43,34,50,4,75,15,100
'961220,"Ink-pads, whether or not inked, with or without boxes",35,29,10,19,31,7,30,1,23,22,0,26,,,,,,,,,,,,,,,274,354,265,130,318,373,242,365,287,248,327,331
'847751,Machinery for moulding or retreading pneumatic tyres or for moulding or otherwise forming inner ...,62,149,0,11,0,61,0,9,0,143,0,26,,,,,,,,,,,,,,,792,7771,4253,6740,2811,843,454,9,1220,787,0,394
'381519,"Supported catalysts, n.e.s. (excl. with precious metal, a precious-metal compound, nickel or ...",0,44,5,0,0,35,0,37,24,33,43,26,,,,,,,,,,,,,,,0,44,903,476,2,35,5,37,122,34,43,322
'482369,"Trays, dishes, plates, cups and the like, of paper or paperboard (excl. of bamboo paper or ...",0,9,0,28,2,10,9,11,11,23,0,26,,,,,,,,,,,,,,,8969,10857,10840,10765,9053,7888,9633,8079,10314,8992,7996,9581
'710429,"Precious and semi-precious stones, synthetic or reconstructed, unworked or simply sawn or roughly ...",64,0,71,0,69,0,68,67,67,29,0,26,,,,,,,,,,,,,,,71,18,80,31,92,12,78,84,118,100,16,80
'851531,"Fully or partly automatic machines for arc welding of metals, incl. plasma arc welding",0,57,3,152,8,0,199,144,0,0,0,25,,,,,,,,,,,,,,,96,284,503,607,182,674,204,384,349,416,60,377
'820150,"Secateurs and similar one-handed pruners and shears, incl. poultry shears, with working parts ...",43,39,24,23,102,68,40,47,30,79,13,25,,,,,,,,,,,,,,,2926,3571,2713,3394,2816,2921,2148,2410,3478,2418,2406,2128
'845970,Threading or tapping machines for metals (excl. way-type unit head machines),22,55,0,108,62,49,86,43,62,77,234,25,,,,,,,,,,,,,,,210,752,712,724,1021,330,247,672,230,553,451,441
'560749,"Twine, cordage, ropes and cables of polyethylene or polypropylene, whether or not plaited or ...",37,64,76,99,72,76,68,67,68,79,5,25,,,,,,,,,,,,,,,330,441,325,421,561,491,353,370,325,510,369,297
'340510,"Polishes, creams and similar preparations, for footwear or leather, whether or not in the form ...",9,1,18,0,26,8,0,8,1,13,1,25,,,,,,,,,,,,,,,19,10,23,8,30,28,5,26,14,21,1,30
'551513,"Woven fabrics containing predominantly, but < 85% polyester staple fibres by weight, mixed ...",34,29,4,3,44,47,28,10,4,14,29,25,,,,,,,,,,,,,,,195,43,4,107,86,67,28,10,21,14,44,83
'902490,Parts and accessories for machines and appliances for testing the mechanical properties of ...,51,13,20,2,12,6,34,80,124,32,7,25,,,,,,,,,,,,,,,722,418,851,714,1004,826,1153,1211,720,1059,466,580
'960629,"Buttons (excl. of plastics or base metal, not covered with textile material, press-fasteners, ...",46,44,61,35,104,38,86,32,21,34,55,25,,,,,,,,,,,,,,,286,299,184,161,279,153,279,178,138,203,152,200
'291815,Salts and esters of citric acid (excl. inorganic or organic compounds of mercury),12,0,37,6,23,23,6,43,10,18,12,25,,,,,,,,,,,,,,,31,36,77,63,46,44,30,80,56,50,43,102
'071029,"Leguminous vegetables, shelled or unshelled, uncooked or cooked by steaming or by boiling in ...",25,0,25,0,24,0,25,0,0,25,0,25,,,,,,,,,,,,,,,5811,7895,7247,7774,6446,6322,5223,3906,3949,5804,3603,5575
'230690,"Oilcake and other solid residues, whether or not ground or in the form of pellets, resulting ...",0,0,0,0,18,0,21,42,0,0,0,25,,,,,,,,,,,,,,,3,1,3,2,36,16,23,72,20,25,23,75
'853521,"Automatic circuit breakers for a voltage > 1.000 V but < 72,5 kV",2,0,4,0,5,0,5,0,0,5,0,25,,,,,,,,,,,,,,,220,40,61,21,7,11,75,58,5,86,0,98
'851419,"Industrial and laboratory furnaces and ovens, resistance heated (excl. hot isostatic presses, ...",159,12,11,37,22,0,3,41,293,0,0,25,,,,,,,,,,,,,,,635,528,1809,532,2896,693,483,864,2545,1509,1446,1047
'721720,"Wire of iron or non-alloy steel, in coils, plated or coated with zinc (excl. bars and rods)",0,17,22,24,27,0,37,0,33,43,12,25,,,,,,,,,,,,,,,253,378,308,213,867,948,747,2459,52,675,1156,1066
'731821,"Spring washers and other lock washers, of iron or steel",77,34,14,51,11,3,13,1,29,8,14,25,,,,,,,,,,,,,,,610,800,609,704,558,501,588,722,706,618,574,781
'820140,"Axes, billhooks and similar hewing tools, with working parts of base metal (excl. ice axes)",38,29,0,40,69,38,41,1,0,39,39,24,,,,,,,,,,,,,,,773,696,536,570,547,812,270,281,222,977,262,325
'841239,Pneumatic power engines and motors (excl. linear acting),13,0,0,19,3,34,4,2,0,0,0,24,,,,,,,,,,,,,,,343,233,268,139,226,363,182,146,106,262,267,198
'392094,"Plates, sheets, film, foil and strip, of non-cellular phenolic resins, not reinforced, laminated, ...",87,109,95,95,64,78,93,109,194,51,132,24,,,,,,,,,,,,,,,577,493,626,554,843,611,333,770,748,610,237,740
'330749,"Preparations for perfuming or deodorising rooms, incl. odoriferous preparations used during ...",5,2,0,0,29,16,13,24,21,36,10,24,,,,,,,,,,,,,,,2004,1911,1771,1573,1935,1345,1485,1574,1540,1471,1550,1626
'251110,"Natural barium sulphate ""barytes""",8,43,16,0,16,0,36,43,10,16,7,24,,,,,,,,,,,,,,,10,43,16,2,16,0,36,45,12,16,7,24
'520419,"Sewing thread, containing predominantly, but < 85% cotton by weight (excl. that put up for ...",29,38,8,19,16,19,15,24,30,38,27,24,,,,,,,,,,,,,,,70,90,42,71,111,54,38,65,58,65,60,69
'230210,"Bran, sharps and other residues of maize ""corn"", whether or not in the form of pellets, derived ...",0,0,0,0,26,0,14,0,13,52,0,24,,,,,,,,,,,,,,,0,0,4,0,26,0,14,0,13,52,0,24
'844819,"Auxiliary machinery for machines of heading 8444, 8445, 8446 or 8447 (excl. doobies and jacquards, ...",30,86,37,18,67,9,0,64,45,11,0,24,,,,,,,,,,,,,,,147,617,218,52,119,20,8,90,215,200,11,141
'330610,"Dentifrices, incl. those used by dental practitioners",10,30,6,54,4,82,8,76,0,4,54,24,,,,,,,,,,,,,,,1192,1200,1587,1024,1463,1105,516,1718,1001,2290,343,1743
'550953,"Yarn containing predominantly, but < 85% polyester staple fibres by weight, mixed principally ...",11,0,15,16,15,7,0,21,10,4,0,24,,,,,,,,,,,,,,,1675,142,194,100,284,24,63,91,203,201,527,743
'950300,"Tricycles, scooters, pedal cars and similar wheeled toys; dolls' carriages; dolls; other toys; ...",2,28,20,42,29,10,12,8,23,0,0,24,,,,,,,,,,,,,,,21932,28569,25364,26081,28040,24929,23546,20585,22089,23863,21451,18671
'741510,"Nails, tacks, drawing pins, staples and similar articles, of copper or with shafts of iron ...",0,0,1,5,5,5,5,15,0,5,17,24,,,,,,,,,,,,,,,404,453,509,642,439,600,463,391,688,520,468,559
'820340,"Pipe-cutters, bolt croppers, perforating punches and similar hand tools, of base metal",0,28,8,27,4,3,0,25,0,2,0,24,,,,,,,,,,,,,,,1195,1527,1480,780,1162,1317,944,1246,1170,1899,1882,1312
'740821,"Wire of copper-zinc base alloys ""brass""",9,5,52,18,11,5,24,21,14,12,8,24,,,,,,,,,,,,,,,2252,2725,2923,2659,3252,2104,1734,2758,3470,2788,2818,3536
'401140,"New pneumatic tyres, of rubber, of a kind used for motorcycles",41,39,20,14,6,8,24,6,40,35,28,24,,,,,,,,,,,,,,,6162,7369,8687,6786,7001,6793,6789,7623,7629,6021,6284,7929
'210310,Soya sauce,65,23,6,33,17,52,7,54,2,45,13,24,,,,,,,,,,,,,,,2389,2804,2036,2175,1614,2024,1972,2237,2893,2342,1810,1879
'901390,"Parts and accessories for lasers and other appliances and instruments, n.e.s. in chapter 90",2,0,0,2,0,0,37,1,0,2,0,23,,,,,,,,,,,,,,,12187,12508,10658,12562,11459,13179,16072,14001,10893,18173,8714,14012
'842119,"Centrifuges, incl. centrifugal dryers (excl. isotope separators, cream separators and clothes ...",56,19,3,18,8,4,5,4,2,3,73,23,,,,,,,,,,,,,,,662,723,416,555,742,642,482,652,720,444,632,474
'310250,"Sodium nitrate (excl. that in tablets or similar forms, or in packages with a gross weight ...",20,9,0,56,0,12,40,28,23,41,16,23,,,,,,,,,,,,,,,66,106,29,134,16,41,82,54,66,41,71,29
'870894,"Steering wheels, steering columns and steering boxes, and parts thereof, for tractors, motor ...",7,0,18,0,9,26,6,0,0,30,11,22,,,,,,,,,,,,,,,3267,4746,5143,4204,3672,3318,3919,3430,2791,2683,1308,1478
'400931,"Tubes, pipes and hoses, of vulcanised rubber (excl. hard rubber), reinforced or otherwise combined ...",134,150,160,185,78,133,202,203,258,318,109,22,,,,,,,,,,,,,,,2057,1531,1904,1530,1775,1281,1025,1869,1656,1980,1245,1941
'842129,Machinery and apparatus for filtering or purifying liquids (excl. such machinery and apparatus ...,98,117,51,44,50,25,38,235,42,94,60,22,,,,,,,,,,,,,,,2809,3527,3442,3190,2801,4217,4129,2697,2642,3121,2283,3899
'841420,Hand-operated or foot-operated air pumps,14,58,19,25,2,3,19,7,17,23,9,22,,,,,,,,,,,,,,,2973,4011,2706,2586,2658,2171,2226,2397,2509,3282,3018,2788
'721491,"Bars and rods, of iron or non-alloy steel, not further worked than hot-rolled, hot-drawn or ...",22,0,13,22,11,12,0,9,19,9,0,22,,,,,,,,,,,,,,,2850,6138,4788,2107,5215,4539,1301,4221,3376,3478,4135,4443
'720510,"Granules, of pig iron, spiegeleisen, iron or steel (excl. granules of ferro-alloys, turnings ...",53,43,27,35,41,28,44,37,42,19,33,22,,,,,,,,,,,,,,,2630,1452,2115,1361,444,984,1353,1640,1353,2069,1306,2632
'901850,"Ophthalmic instruments and appliances, n.e.s.",43,12,7,31,29,12,29,29,0,18,0,22,,,,,,,,,,,,,,,3858,4282,3633,3063,3606,2891,3663,4079,3307,3186,2843,2870
'732393,"Table, kitchen or other household articles, and parts thereof, of stainless steel (excl. cans, ...",0,6,123,2,2,2,4,2,1,1,0,22,,,,,,,,,,,,,,,5266,6879,5469,6194,5669,6026,5461,5561,7080,7243,6231,6283
'390422,"Plasticised poly""vinyl chloride"", in primary forms, mixed with other substances",96,156,100,234,176,115,45,111,40,76,44,22,,,,,,,,,,,,,,,1673,1899,1941,1783,1916,1407,1354,1514,1867,1712,1247,1599
'320990,"Paints and varnishes, incl. enamels and lacquers, based on synthetic or chemically modified ...",228,183,116,208,145,95,43,25,15,32,6,22,,,,,,,,,,,,,,,2171,1958,1857,1794,2574,2202,1885,1871,2095,2323,2087,2400
'330790,"Depilatories and other perfumery, toilet or cosmetic preparations, n.e.s.",107,52,28,16,25,1,59,84,39,38,17,22,,,,,,,,,,,,,,,3034,2824,2541,2709,2207,2094,1894,1778,1661,2017,1760,1631
'581092,"Embroidery of man-made fibres on a textile fabric base, in the piece, in strips or in motifs ...",17,50,22,33,7,34,14,61,47,63,3,22,,,,,,,,,,,,,,,1313,1372,1209,1360,1295,1379,1297,1172,1164,1518,1129,1408
'847130,"Data-processing machines, automatic, portable, weighing <= 10 kg, consisting of at least a ...",57,20,27,335,32,107,95,423,158,89,26,22,,,,,,,,,,,,,,,199087,176420,191588,190379,194822,229955,234800,169433,186139,143377,133085,244175
'150790,"Soya-bean oil and its fractions, whether or not refined (excl. chemically modified and crude)",65,0,26,0,26,0,50,70,0,14,8,22,,,,,,,,,,,,,,,395,304,688,1728,311,318,255,349,1471,2202,1738,327
'760820,Tubes and pipes of aluminium alloys (excl. hollow profiles),13,13,33,17,16,22,60,33,36,109,43,21,,,,,,,,,,,,,,,3079,2440,2268,2507,2530,2113,2509,2316,2544,1654,1123,1953
'842549,"Jacks and hoists of a kind used for raising vehicles, not hydraulic",19,8,0,0,18,0,6,0,23,0,0,21,,,,,,,,,,,,,,,246,706,692,451,762,627,612,369,808,802,355,797
'961210,"Typewriter or similar ribbons, inked or otherwise prepared for giving impressions, whether ...",5,81,9,5,34,26,32,29,0,15,11,21,,,,,,,,,,,,,,,1705,2629,2002,3281,3285,2059,2136,1394,2000,2379,1475,2715
'845929,"Drilling machines for working metal, not numerically controlled (excl. way-type unit head machines ...",62,40,165,79,82,48,65,116,136,0,16,21,,,,,,,,,,,,,,,1139,1801,2053,1021,1523,1327,783,1486,1577,653,944,915
'841981,"Machinery, plant and equipment for making hot drinks or for cooking or heating food (excl. ...",20,9,12,58,10,2,39,6,24,37,27,21,,,,,,,,,,,,,,,362,4124,493,517,674,1772,661,933,822,1998,533,823
'310100,"Animal or vegetable fertilisers, whether or not mixed together or chemically treated; fertilisers ...",45,28,7,18,0,0,0,0,38,0,6,21,,,,,,,,,,,,,,,240,136,360,491,438,237,89,611,122,427,103,141
'390461,"Polytetrafluoroethylene, in primary forms",176,26,0,0,0,29,0,13,0,50,0,21,,,,,,,,,,,,,,,218,149,517,170,262,99,195,154,280,233,22,213
'960390,Mops and leather dusters; prepared knots and tufts for broom or brush making; squeegees of ...,88,98,43,9,3,74,8,88,8,89,85,20,,,,,,,,,,,,,,,1560,1986,1459,1282,1390,1489,1093,1520,1454,1490,1449,1134
'851210,Electric lighting or visual signalling equipment of a kind used for bicycles (other than lamps ...,27,74,32,27,16,0,10,23,21,53,11,20,,,,,,,,,,,,,,,1560,2053,2296,1902,1320,1760,1484,1915,1860,1964,1788,1325
'520849,"Woven fabrics of cotton, containing >= 85% cotton by weight and weighing <= 200 g/m_, made ...",0,0,0,0,0,11,105,0,0,8,0,20,,,,,,,,,,,,,,,7,109,90,70,3,47,109,2,0,10,8,22
'841311,"Pumps fitted or designed to be fitted with a measuring device, for dispensing fuel or lubricants, ...",2,9,5,0,0,0,6,9,2,0,0,20,,,,,,,,,,,,,,,417,451,685,222,399,578,417,424,294,470,535,359
'721914,"Flat-rolled products of stainless steel, of a width of >= 600 mm, not further worked than hot-rolled, ...",17,8,0,34,58,0,32,16,73,183,0,20,,,,,,,,,,,,,,,3501,6042,6071,5228,6578,5859,3453,2460,2812,2875,452,4358
'700719,"Toughened ""tempered"" safety glass (excl. glass of size and shape suitable for incorporation ...",184,12,212,24,69,77,140,179,42,138,97,20,,,,,,,,,,,,,,,2392,3894,1958,2764,2403,3021,2151,2913,2714,2794,1875,3321
'841330,"Fuel, lubricating or cooling medium pumps for internal combustion piston engine",73,49,27,53,40,4,41,22,74,9,7,20,,,,,,,,,,,,,,,849,1521,819,938,1341,878,1228,877,965,882,1146,746
'840991,Parts suitable for use solely or principally with spark-ignition internal combustion piston ...,102,18,12,19,52,3,46,43,44,157,23,20,,,,,,,,,,,,,,,7415,8798,7624,7165,7434,6930,7200,6906,8151,7148,6239,6574
'731812,Wood screws of iron or steel (excl. coach screws),0,4,0,0,0,2,0,2,5,14,10,20,,,,,,,,,,,,,,,21474,29733,21124,21695,22127,23264,20671,21478,26296,25521,20247,21427
'900691,"Parts and accessories for photographic cameras, n.e.s.",33,17,45,50,3,29,25,25,17,25,30,20,,,,,,,,,,,,,,,1334,1020,1214,1258,1051,1071,699,881,1249,1566,867,1922
'560229,"Felt, not impregnated, coated, covered or laminated (excl. that of wool or fine animal hair; ...",3,2,0,0,33,2,0,0,0,3,0,20,,,,,,,,,,,,,,,55,32,16,31,40,26,17,21,28,15,3,45
'281820,Aluminium oxide (excl. artificial corundum),20,87,46,35,25,14,36,30,31,9,5,20,,,,,,,,,,,,,,,995,1038,1163,552,524,682,528,1192,694,767,1026,316
'291639,"Aromatic monocarboxylic acids, their anhydrides, halides, peroxides, peroxyacids and their ...",0,0,0,0,0,6,0,6,0,0,0,20,,,,,,,,,,,,,,,125,11,0,18,93,138,6,6,9,12,249,181
'761490,"Stranded wires, cables, ropes and similar articles, of aluminium (other than with steel core ...",33,24,4,39,5,21,7,30,38,25,5,20,,,,,,,,,,,,,,,34,24,5,39,5,24,7,30,39,25,5,20
'390430,"Vinyl chloride-vinyl acetate copolymers, in primary forms",2,7,21,37,0,0,24,0,0,7,0,20,,,,,,,,,,,,,,,630,491,169,402,313,268,268,348,160,363,234,147
'680520,"Natural or artificial abrasive powder or grain, on a base of paper or paperboard only, whether ...",11,67,17,19,35,13,7,24,26,22,11,20,,,,,,,,,,,,,,,99,355,299,211,271,205,388,249,220,262,129,245
'291260,Paraformaldehyde,0,17,0,20,2,12,0,23,21,12,2,20,,,,,,,,,,,,,,,1928,2405,1956,2046,2185,1914,2036,1606,1549,2561,1389,2244
'852581,"High-speed television cameras, digital cameras and video camera recorders specified in subheading ...",0,0,0,0,6,0,0,0,0,0,0,19,,,,,,,,,,,,,,,3602,3840,5432,6190,5914,3490,3917,3051,4935,3825,4710,3497
'170290,"Sugars in solid form, incl. invert sugar and chemically pure maltose, and sugar and sugar syrup ...",4,19,2,18,27,12,25,62,67,117,16,19,,,,,,,,,,,,,,,750,1125,1233,871,943,715,1022,831,769,811,800,722
'521120,"Woven fabrics of cotton, containing predominantly, but < 85% cotton by weight, mixed principally ...",33,33,25,19,63,166,29,9,81,78,33,19,,,,,,,,,,,,,,,86,154,48,67,107,204,29,32,137,111,70,60
'320110,Quebracho extract,0,0,0,7,0,0,0,0,0,0,10,19,,,,,,,,,,,,,,,0,0,0,7,0,0,0,0,0,0,10,19
'320720,"Vitrifiable enamels and glazes, engobes ""slips"" and similar preparations of the kind used in ...",14,0,10,4,36,18,13,21,12,7,0,19,,,,,,,,,,,,,,,777,921,551,641,1311,881,1019,477,1050,1211,610,657
'350520,"Glues based on starches, dextrins or other modified starches (excl. those put up for retail ...",14,26,0,17,9,12,7,15,34,5,14,19,,,,,,,,,,,,,,,107,30,11,93,65,33,33,53,76,49,40,59
'820900,"Plates, sticks, tips and the like for tools, unmounted, of sintered metal carbides or cermets",15,13,13,42,11,12,14,14,10,16,13,19,,,,,,,,,,,,,,,3451,4143,3468,3658,4144,3857,3155,3412,3736,4897,3111,4839
'283640,Potassium carbonates,18,18,27,0,0,19,0,19,9,0,0,19,,,,,,,,,,,,,,,1272,1260,1138,1190,797,1031,803,884,765,1106,851,900
'220890,"Ethyl alcohol of an alcoholic strength of < 80% vol, not denatured; spirits and other spirituous ...",742,23,56,0,0,28,3,25,23,7,0,19,,,,,,,,,,,,,,,5038,2352,2476,2548,1631,3711,1514,3612,3618,2841,1840,3361
'900220,"Filters, optical, being parts of or fittings for instruments, apparatus and appliances, framed ...",10,6,29,11,0,5,8,11,0,0,0,19,,,,,,,,,,,,,,,3338,4438,3465,3702,3478,2892,3837,3335,3985,3480,2618,3638
'850432,"Transformers, having a power handling capacity > 1 kVA but <= 16 kVA (excl. liquid dielectric ...",1,2,7,4,0,5,3,6,7,14,0,19,,,,,,,,,,,,,,,435,302,185,339,377,249,322,470,373,1003,394,126
'291734,"Esters of orthophthalic acid (excl. dioctyl, dinonyl or didecyl orthophthalates)",0,67,59,21,0,20,13,0,80,0,0,19,,,,,,,,,,,,,,,84,245,329,194,229,506,437,220,346,496,201,378
'851539,"Machines for arc welding of metals, incl. plasma arc welding, neither fully nor partly automatic",0,18,16,0,0,0,0,0,0,0,0,18,,,,,,,,,,,,,,,5,49,162,3,0,5,0,6,16,2,14,31
'903039,"Instruments and apparatus for measuring or checking voltage, current, resistance or electrical ...",113,82,13,74,291,88,1770,892,2287,1526,20,18,,,,,,,,,,,,,,,12047,13319,18066,14558,21414,14400,17968,18947,16443,35289,22016,29098
'460199,"Plaiting materials, plaits and similar products of non-vegetable plaiting materials, flat-woven ...",0,10,8,12,32,5,8,18,12,16,10,18,,,,,,,,,,,,,,,185,189,181,81,156,120,212,205,141,241,149,182
'551430,"Woven fabrics containing predominantly, but < 85% synthetic staple fibres by weight, mixed ...",0,0,0,0,0,0,0,0,0,18,0,18,,,,,,,,,,,,,,,107,8,168,30,0,107,18,12,66,18,31,64
'846630,"Dividing heads and other special attachments for machine tools, n.e.s.",14,15,5,19,3,4,14,0,0,14,6,18,,,,,,,,,,,,,,,4880,5088,4126,4434,3737,4078,4149,3918,4521,4144,3746,4582
'720299,"Ferro-alloys (excl. ferro-manganese, ferro-silicon, ferro-silico-manganese, ferro-chromium, ...",26,35,8,19,15,12,30,4,16,51,16,18,,,,,,,,,,,,,,,49,203,58,103,35,29,84,173,126,79,45,148
'846592,"Planing, milling or moulding -by cutting- machines, for working wood, cork, bone, hard rubber, ...",170,153,121,61,0,0,121,72,0,4,15,18,,,,,,,,,,,,,,,4803,6321,6435,4719,5138,5133,4697,5012,5938,5393,3999,4077
'940399,"Parts of furniture, not of wood, n.e.s. (excl. of seats or medical, surgical, dental or veterinary ...",5,15,39,30,42,6,24,18,10,14,4,18,,,,,,,,,,,,,,,19084,24946,23306,18951,19792,16448,16868,16341,15850,17299,16651,15811
'210220,Inactive yeasts; other dead single-cell micro-organisms (excl. packaged as medicaments),0,0,0,0,0,0,0,18,0,10,0,18,,,,,,,,,,,,,,,405,323,203,221,157,104,53,173,188,214,185,307
'480620,"Greaseproof papers, in rolls of a width > 36 cm or in square or rectangular sheets with one ...",0,24,22,33,25,0,33,20,53,36,25,18,,,,,,,,,,,,,,,626,1094,506,919,1081,105,918,744,862,988,334,952
'560129,Wadding of textile materials and articles thereof (excl. of cotton or man-made fibres; sanitary ...,15,20,0,8,0,29,750,14,0,0,0,18,,,,,,,,,,,,,,,90,196,107,138,143,225,912,466,156,79,128,206
'845899,"Lathes, incl. turning centres, for removing metal, not numerically controlled (excl. horizontal ...",96,202,37,66,166,39,79,64,107,204,0,17,,,,,,,,,,,,,,,2840,3671,3769,2565,2507,2600,3260,3666,3716,2988,2708,3661
'842911,"Self-propelled bulldozers and angledozers, track laying",0,0,0,0,0,0,0,0,0,0,0,17,,,,,,,,,,,,,,,0,0,0,0,25,0,0,0,0,0,0,17
'282550,Copper oxides and hydroxides,0,0,0,0,0,0,0,0,48,0,0,17,,,,,,,,,,,,,,,2976,3794,3545,4042,3459,4417,2778,4690,5313,5485,5145,6620
'380290,"Activated kieselguhr and other activated natural mineral products; animal black, whether or ...",1,2,0,0,16,0,0,0,0,0,0,17,,,,,,,,,,,,,,,58,30,17,39,52,12,24,16,41,36,15,73
'392290,"Bidets, lavatory pans, flushing cisterns and similar sanitary ware, of plastics (excl. baths, ...",71,63,22,58,28,41,6,41,42,33,12,17,,,,,,,,,,,,,,,827,962,554,672,585,533,336,692,624,637,1038,521
'760529,"Wire, of aluminium alloys, having a maximum cross-sectional dimension of <= 7 mm (other than ...",21,19,22,35,53,5,5,31,41,33,0,17,,,,,,,,,,,,,,,21,19,168,35,67,5,22,37,53,38,14,27
'680530,"Natural or artificial abrasive powder or grain, on a base of materials other than woven textile ...",4,10,8,1,9,32,20,2,17,9,2,17,,,,,,,,,,,,,,,684,1055,1298,702,1059,1090,751,860,941,1073,802,1183
'400819,"Rods and profile shapes, of cellular rubber",19,11,31,23,20,2,0,11,11,24,0,17,,,,,,,,,,,,,,,186,450,312,176,421,127,285,247,322,271,353,210
'902890,"Parts and accessories for gas, liquid or electricity supply or production meters, n.e.s.",0,0,0,0,0,0,0,4,3,0,1,16,,,,,,,,,,,,,,,610,853,567,1864,1612,1131,555,2031,3266,2846,1598,1890
'731010,"Tanks, casks, drums, cans, boxes and similar containers, of iron or steel, for any material, ...",19,11,5,12,33,22,24,5,5,0,0,16,,,,,,,,,,,,,,,310,523,325,515,313,834,315,366,233,507,420,293
'681599,"Articles of stone or of other mineral substances, n.e.s.",13,11,37,9,14,5,9,27,8,18,13,16,,,,,,,,,,,,,,,319,396,395,524,495,623,176,579,491,582,125,450
'560890,"Knotted netting of twine, cordage, ropes or cables, by the piece or metre; made-up fishing ...",4,19,0,12,22,13,50,5,50,84,9,16,,,,,,,,,,,,,,,444,261,259,153,548,173,470,367,335,255,835,154
'380630,Ester gums,4,19,18,0,0,24,57,21,14,0,0,16,,,,,,,,,,,,,,,37,48,18,0,37,34,63,57,14,7,10,44
'293499,"Nucleic acids and their salts, whether or not chemically defined; heterocyclic compounds (excl. ...",19,0,15,24,0,13,0,9,2,6,44,16,,,,,,,,,,,,,,,2004,3529,2796,3817,4167,2967,5250,3250,1256,2346,2170,3029
'284020,"Borates (excl. disodium tetraborate ""refined borax"")",0,16,0,16,0,16,0,0,0,16,0,16,,,,,,,,,,,,,,,0,16,0,16,0,16,0,5,0,16,0,16
'621210,"Brassieres of all types of textile materials, whether or not elasticated, incl. knitted or ...",0,22,10,2,15,12,2,4,13,18,0,16,,,,,,,,,,,,,,,495,470,244,438,305,526,239,198,271,507,291,251
'730459,"Tubes, pipes and hollow profiles, seamless, of circular cross-section, of alloy steel other ...",0,16,17,24,39,0,8,0,21,12,17,16,,,,,,,,,,,,,,,20,42,49,71,51,68,43,18,197,23,29,23
'845310,"Machinery for preparing, tanning or working hides, skins or leather (excl. drying machines, ...",103,201,29,0,2,0,3,0,9,0,3,16,,,,,,,,,,,,,,,137,203,53,15,75,30,24,3,36,4,10,225
'420222,"Handbags, whether or not with shoulder straps, incl. those without handles, with outer surface ...",39,25,8,20,3,1,57,66,0,21,72,16,,,,,,,,,,,,,,,1612,1263,1543,1310,1736,1580,1365,1371,1274,1362,1382,1357
'680510,"Natural or artificial abrasive powder or grain, on a base of woven textile fabric only, whether ...",33,15,40,6,25,39,76,60,69,27,5,16,,,,,,,,,,,,,,,551,409,356,549,510,391,526,432,583,704,337,566
'900150,Spectacle lenses of materials other than glass,8,20,12,2,0,17,0,23,0,4,0,16,,,,,,,,,,,,,,,3766,5662,4205,4270,5373,3757,2967,3595,3203,3522,3177,3190
'551299,"Woven fabrics containing >= 85% synthetic staple fibres by weight, dyed, made of yarn of different ...",118,72,53,4,31,12,3,4,0,56,20,16,,,,,,,,,,,,,,,1625,1848,1577,1156,1308,2784,93,1659,1399,729,1267,182
'700100,"Cullet and other waste and scrap of glass; glass in the mass (excl. glass in the form of powder, ...",19,30,39,48,66,80,29,59,84,9,25,16,,,,,,,,,,,,,,,1202,839,685,961,790,833,759,872,727,759,565,739
'701911,"Glass fibre threads ""chopped strands"", cut into lengths <= 50 mm",69,15,30,15,28,0,0,42,15,23,17,16,,,,,,,,,,,,,,,1496,1965,970,1616,1211,1098,922,1200,1422,1177,812,941
'820330,"Metal-cutting shears and similar hand tools, of base metal",13,6,1,20,9,33,2,9,29,14,26,16,,,,,,,,,,,,,,,1014,1411,1299,1224,1109,1216,1331,1099,1393,1570,1539,1162
'630710,"Floorcloths, dishcloths, dusters and similar cleaning cloths, of all types of textile materials",33,28,33,40,33,24,43,3,40,20,19,16,,,,,,,,,,,,,,,495,1227,475,912,570,940,636,692,753,923,602,669
'853810,"Boards, panels, consoles, desks, cabinets and other bases for the goods of heading 8537, not ...",7,30,13,4,21,10,26,12,17,16,2,16,,,,,,,,,,,,,,,2572,2902,3580,8652,12187,6965,2643,3257,2265,2225,2678,3059
'848120,Valves for oleohydraulic or pneumatic transmission,213,674,650,651,242,418,1087,265,585,64,26,15,,,,,,,,,,,,,,,8055,9502,9025,8837,8150,7216,8045,7668,8387,7704,5810,8116
'901180,"Optical microscopes (excl. for photomicrography, cinephotomicrography or microprojection, stereoscopic ...",25,48,43,7,32,30,49,76,47,54,95,15,,,,,,,,,,,,,,,1421,1149,1061,1458,1009,1490,1063,1182,1927,1610,1035,1526
'741521,"Washers, ""incl. spring washers and spring lock washers"", of copper",15,43,35,27,34,7,5,25,21,11,7,15,,,,,,,,,,,,,,,169,387,207,247,193,232,210,172,213,346,96,316
'550959,"Yarn containing predominantly, but < 85% polyester staple fibres by weight, other than that ...",26,55,39,33,40,23,24,15,0,18,27,15,,,,,,,,,,,,,,,83,121,104,143,57,170,48,72,59,108,107,71
'330129,"Essential oils, whether or not terpeneless, incl. concretes and absolutes (excl. those of citrus ...",3,9,3,3,9,23,94,3,3,9,3,15,,,,,,,,,,,,,,,245,206,272,142,382,121,194,276,66,228,48,199
'852852,Monitors capable of directly connecting to and designed for use with an automatic data processing ...,7,5,45,18,24,28,70,44,9,35,3,15,,,,,,,,,,,,,,,16783,22241,20789,19251,19766,15652,19101,15146,16198,14038,15811,14415
'540600,"Man-made filament yarn, put up for retail sale (excl. sewing thread)",4,0,0,0,0,6,0,9,0,0,0,15,,,,,,,,,,,,,,,12,5,119,9,44,8,20,54,42,12,2,38
'820130,"Mattocks, picks, hoes and rakes, with working parts of base metal (excl. ice axes)",0,16,0,0,39,0,0,0,0,0,0,15,,,,,,,,,,,,,,,392,503,365,343,340,340,445,422,669,842,390,319
'902000,"Breathing appliances and gas masks, incl. parts and accessories (excl. protective masks having ...",44,74,35,29,20,77,11,14,56,28,41,15,,,,,,,,,,,,,,,4367,3915,4214,5099,3062,4531,3327,3745,5112,2981,3393,3495
'690912,"Ceramic articles having a hardness equivalent to >= 9 on the Mohs scale, for chemical or other ...",13,27,19,0,9,2,4,0,7,0,2,15,,,,,,,,,,,,,,,2471,2023,2704,2161,2509,2752,2526,2828,2293,2499,3396,3582
'701919,"Glass fibre cakes ""textile cakes"" and chopped glass fibre strands of a length >50mm",0,0,0,0,14,0,0,15,0,0,0,15,,,,,,,,,,,,,,,354,414,535,384,539,509,336,361,439,464,424,461
'730890,"Structures and parts of structures, of iron or steel, n.e.s. (excl. bridges and bridge-sections, ...",23,0,16,1,0,0,8,0,22,289,3,15,,,,,,,,,,,,,,,15113,16465,14496,15534,9050,9825,12932,8956,10161,8682,8505,16087
'292149,"Aromatic monoamines and derivatives; salts thereof (excl. aniline, toluidines, diphenylamine, ...",0,10,0,19,0,0,5,0,20,0,0,15,,,,,,,,,,,,,,,88,202,65,111,75,74,149,341,121,156,183,19
'491110,"Trade advertising material, commercial catalogues and the like",33,30,74,41,40,19,36,38,44,21,18,15,,,,,,,,,,,,,,,413,325,908,660,359,643,381,423,586,511,413,455
'848420,Mechanical seals,38,99,15,54,52,37,109,31,23,118,38,15,,,,,,,,,,,,,,,2672,4242,2775,2864,2868,2431,2339,2699,2957,2675,2186,2146
'841360,"Rotary positive displacement pumps for liquids, power-driven (excl. those of subheading 8413.11 ...",31,100,10,7,2,9,61,151,29,91,4,15,,,,,,,,,,,,,,,2397,1329,1234,1521,1175,1009,879,1491,1149,1266,1540,1296
'847759,Machinery for moulding or otherwise forming products from rubber or plastics (excl. injection-moulding ...,16,574,792,23,503,122,42,76,500,19,108,15,,,,,,,,,,,,,,,2766,5978,4787,2989,2351,3622,2870,3647,3126,2172,2287,1067
'270720,"Toluol ""toluene"" containing > 50% of toluene (excl. chemically defined)",16,15,0,0,13,31,0,25,0,0,0,15,,,,,,,,,,,,,,,2832,18939,2744,10671,2733,33,2823,25,0,0,0,15
'720851,"Flat-rolled products of iron or non-alloy steel, of a width >= 600 mm, not in coils, simply ...",29,0,38,42,0,14,254,0,161,2,10,15,,,,,,,,,,,,,,,2049,1718,3167,2154,1677,1969,2787,1586,799,971,1376,1068
'190190,"Malt extract; food preparations of flour, groats, meal, starch or malt extract, not containing ...",2,2,8,10,4,7,8,16,13,0,0,15,,,,,,,,,,,,,,,3454,3732,3297,2661,3764,2434,2326,2965,3283,3568,2259,2550
'854089,"Electronic valves and tubes (excl. receiver or amplifier valves and tubes, microwave tubes, ...",0,0,5,0,3,12,0,0,6,0,2,14,,,,,,,,,,,,,,,57,58,175,58,22,28,193,118,134,58,53,175
'321100,Prepared driers,9,26,8,18,5,10,19,6,25,11,16,14,,,,,,,,,,,,,,,73,76,57,51,89,73,59,76,65,96,39,51
'741533,"Screws, bolts, nuts and similar articles, threaded, of copper (other than screw hooks, ring- ...",103,8,9,9,8,1,12,23,2,25,8,14,,,,,,,,,,,,,,,4407,5750,4696,4967,4854,3773,4130,4599,4371,4032,3634,4009
'848140,Safety or relief valves,6,6,5,7,19,14,5,44,77,5,3,14,,,,,,,,,,,,,,,5564,6147,4756,4584,4034,6646,3571,7075,4869,5259,4450,5546
'846789,"Tools for working in the hand, hydraulic or with self-contained non-electric motor (excl. chainsaws ...",2,0,2,9,0,7,10,3,0,3,10,14,,,,,,,,,,,,,,,759,1223,1069,846,577,1141,551,729,806,547,685,932
'846019,"Flat-surface grinding machines for finishing metal, not numerically controlled",124,151,470,189,44,343,46,337,121,42,0,14,,,,,,,,,,,,,,,2576,3071,2844,2040,1993,2318,2145,2275,2683,2826,1733,1345
'540239,"Textured synthetic filament yarn (excl. sewing thread, yarn put up for retail sale and textured ...",56,4,8,13,7,5,11,1,12,7,0,14,,,,,,,,,,,,,,,189,210,147,149,182,184,178,79,142,101,15,102
'630640,Pneumatic mattresses of textile materials,0,0,0,0,0,9,0,0,0,0,0,14,,,,,,,,,,,,,,,5702,4625,4831,2175,2919,1367,1417,1470,5676,5475,5381,3663
'551692,"Woven fabrics containing predominantly, but < 85% artificial staple fibres by weight, other ...",69,8,11,16,100,0,140,97,71,123,77,14,,,,,,,,,,,,,,,189,168,152,143,307,24,304,209,170,617,145,44
'442199,"Articles of wood, n.e.s.",5,19,11,18,11,18,15,0,0,2,16,14,,,,,,,,,,,,,,,1068,1198,1395,1341,1089,1027,1141,1656,1160,1158,869,703
'600290,"Knitted or crocheted fabrics, of a width of <= 30 cm, containing >= 5% by weight elastomeric ...",18,30,2,0,131,34,10,16,59,33,0,14,,,,,,,,,,,,,,,74,202,42,114,151,47,41,46,97,57,12,124
'870893,"Clutches and parts thereof, for tractors, motor vehicles for the transport of ten or more persons, ...",62,128,2,183,12,32,154,0,44,22,89,14,,,,,,,,,,,,,,,4259,4983,4468,5256,4778,4328,3536,3611,4432,4856,3858,3398
'852583,"Night vision television cameras, digital cameras and video camera recorders as specified in ...",0,0,0,0,0,0,0,0,0,0,0,14,,,,,,,,,,,,,,,756,172,384,124,205,123,168,147,248,293,192,227
'391231,"Carboxymethylcellulose and its salts, in primary forms",13,39,10,10,2,0,10,38,68,40,0,14,,,,,,,,,,,,,,,1741,1185,1705,1349,1718,1393,1243,2454,1095,1653,1709,1411
'841229,"Hydraulic power engines and motors (excl. hydraulic turbines and water wheels of heading 8410, ...",6,3,9,9,0,5,0,7,32,45,2,14,,,,,,,,,,,,,,,145,216,302,170,210,222,297,203,272,284,118,203
'820780,Interchangeable tools for turning,34,12,3,16,8,14,5,11,3,18,4,14,,,,,,,,,,,,,,,613,494,572,528,535,474,427,314,540,691,336,487
'831190,"Wire, rods, tubes, plates, electrodes and the like, of base metal or of metal carbides, coated ...",86,15,15,29,23,21,15,34,16,25,10,13,,,,,,,,,,,,,,,731,244,285,622,378,324,262,333,195,564,334,583
'611430,"Special garments for professional, sporting or other purposes, n.e.s., of man-made fibres, ...",3,0,0,50,2,0,13,0,0,0,0,13,,,,,,,,,,,,,,,245,534,685,475,497,316,721,102,843,483,386,482
'250840,"Clays (excl. fireclay, bentonite, kaolin and other kaolinic clays and expanded clay)",17,24,37,8,43,18,7,15,7,15,7,13,,,,,,,,,,,,,,,94,92,158,119,100,133,53,37,77,109,70,100
'560210,"Needleloom felt and stitch-bonded fibre fabrics, whether or not impregnated, coated, covered ...",22,3,0,0,2,6,0,5,0,0,3,13,,,,,,,,,,,,,,,22,10,3,0,2,16,0,11,11,7,7,13
'280430,Nitrogen,0,0,0,0,0,0,0,0,0,0,0,13,,,,,,,,,,,,,,,151,451,315,387,254,79,255,50,288,454,273,358
'841850,"Furniture ""chests, cabinets, display counters, show-cases and the like"" for storage and display, ...",27,57,0,127,108,89,3,118,47,98,34,13,,,,,,,,,,,,,,,919,1399,1394,1398,1324,1394,1028,1957,1417,1035,1050,952
'847321,"Parts and accessories of electronic calculating machines of subheading 8470.10, 8470.21 or ...",0,0,0,0,0,14,3,0,0,0,0,13,,,,,,,,,,,,,,,284,418,683,309,760,136,302,91,294,151,91,348
'721632,"I sections of iron or non-alloy steel, not further worked than hot-rolled, hot-drawn or hot-extruded, ...",6,0,0,0,9,0,0,0,27,1,0,13,,,,,,,,,,,,,,,9,11,108,0,9,0,0,0,27,1,0,13
'410120,"Whole raw hides and skins of bovine ""incl. buffalo"" or equine animals, whether or not dehaired, ...",0,0,3,2,0,2,0,3,9,0,11,13,,,,,,,,,,,,,,,0,0,4,6,31,2,0,3,9,9,11,13
'410712,"Grain splits leather ""incl. parchment-dressed leather"", of the whole hides and skins of bovine ...",58,39,23,44,25,13,13,6,22,7,12,13,,,,,,,,,,,,,,,58,39,23,44,25,13,13,15,22,7,12,13
'540743,Woven fabrics of yarn containing >= 85% by weight of filaments of nylon or other polyamides ...,323,203,92,413,258,429,411,214,10,75,31,13,,,,,,,,,,,,,,,830,444,325,806,600,531,685,769,313,378,127,225
'730719,Cast tube or pipe fittings of iron or steel (excl. products of non-malleable cast iron),0,29,22,84,45,49,54,38,43,8,8,13,,,,,,,,,,,,,,,1876,3556,4047,4406,3575,3124,3301,3147,2088,2426,2754,2550
'722211,"Bars and rods of stainless steel, only hot-rolled, only hot-drawn or only hot-extruded, of ...",0,14,2,14,0,0,0,0,16,3,0,13,,,,,,,,,,,,,,,2066,2992,2516,1710,1458,310,1472,1756,2318,753,3226,5003
'842091,Cylinders for calendering or other rolling machines (other than for metals or glass),0,60,53,3,12,55,105,4,59,79,0,13,,,,,,,,,,,,,,,184,458,180,197,260,282,289,108,209,251,168,180
'741129,"Tubes and pipes of copper alloys (excl. copper-zinc base alloys ""brass"", copper-nickel base ...",6,0,2,1,0,11,3,8,0,8,0,13,,,,,,,,,,,,,,,256,178,195,210,230,210,138,212,160,257,279,183
'390519,"Poly""vinyl acetate"", in primary forms (excl. in aqueous dispersion)",20,7,7,7,8,0,0,13,24,3,6,13,,,,,,,,,,,,,,,34,7,19,22,22,26,15,28,24,15,17,27
'320300,"Colouring matter of vegetable or animal origin, incl. dye extracts (excl. animal black), whether ...",2,16,21,0,42,14,27,71,2,42,13,13,,,,,,,,,,,,,,,22,439,464,54,200,581,41,264,25,283,39,438
'291819,"Carboxylic acids with additional oxygen function and their anhydrides, halides, peroxides and ...",5,0,6,0,6,5,3,6,0,0,0,12,,,,,,,,,,,,,,,291,651,338,337,308,283,386,695,151,573,717,485
'250860,Mullite,2,0,0,0,0,0,0,0,12,12,12,12,,,,,,,,,,,,,,,25,42,19,44,18,36,30,53,18,46,46,48
'722620,"Flat-rolled products of high-speed steel, of a width of <= 600 mm, hot-rolled or cold-rolled ...",0,0,54,0,0,0,7,30,70,0,0,12,,,,,,,,,,,,,,,7,29,80,18,40,35,70,164,82,46,10,33
'680690,"Mixtures and articles of heat-insulating, sound-insulating or sound absorbing mineral materials ...",32,5,31,2,16,3,4,11,11,15,14,12,,,,,,,,,,,,,,,638,578,657,642,535,681,540,666,528,779,537,878
'741539,"Screw hooks, screw rings and the like, threaded, of copper (excl. standard screws and bolts ...",8,26,21,23,0,0,32,0,9,22,0,12,,,,,,,,,,,,,,,1475,1965,1748,1753,1807,1506,1506,1790,1533,2170,1859,1351
'830990,"Stoppers, caps and lids, incl. screw caps and pouring stoppers, capsules for bottles, threaded ...",58,56,45,52,42,39,38,44,28,43,45,12,,,,,,,,,,,,,,,1560,1847,1894,2587,1630,1620,1990,1621,2240,1755,1836,1309
'732111,"Appliances for baking, frying, grilling and cooking and plate warmers, for domestic use, of ...",0,0,0,0,0,7,0,0,0,3,0,12,,,,,,,,,,,,,,,1430,1583,2132,1556,1065,1304,1237,1177,998,1557,1089,1615
'830130,"Locks used for furniture, of base metal",0,0,0,0,0,0,5,2,4,5,0,12,,,,,,,,,,,,,,,1018,1655,1437,1885,1596,1271,1421,1359,1522,1147,998,937
'846691,"Parts and accessories for machine tools for working stone, ceramics, concrete, asbestos-cement ...",24,19,14,33,18,13,10,21,14,7,25,12,,,,,,,,,,,,,,,425,570,396,612,437,641,434,480,432,490,324,584
'520921,"Plain woven fabrics of cotton, containing >= 85% cotton by weight and weighing > 200 g/m_, ...",0,87,0,100,5,4,39,0,36,6,0,12,,,,,,,,,,,,,,,81,90,11,130,5,4,121,0,51,12,9,33
'380210,"Activated carbon (excl. medicaments or deodorant products for fridges, vehicles etc., put up ...",0,0,0,13,0,12,12,21,37,24,33,12,,,,,,,,,,,,,,,570,501,636,374,468,569,559,209,512,476,106,360
'291219,"Acyclic aldehydes, without other oxygen function (excl. methanal [formaldehyde] and ethanal ...",0,0,0,10,0,13,32,25,6,50,3,12,,,,,,,,,,,,,,,495,736,152,442,393,791,534,359,488,524,164,376
'290944,Monoalkylethers of ethylene glycol or of diethylene glycol (excl. monobutyl ethers),4,0,7,3,6,0,8,3,0,6,3,12,,,,,,,,,,,,,,,72,70,71,66,69,64,82,66,6,145,123,101
'681410,"Plates, sheets and strips of agglomerated or reconstituted mica, whether or not on a support ...",0,9,2,4,4,3,7,4,0,12,0,12,,,,,,,,,,,,,,,0,9,2,4,6,3,12,6,0,12,0,12
'750511,"Bars, rods, profiles and wire, of non-alloy nickel, n.e.s. (excl. electrically insulated products)",0,0,4,20,0,0,2,38,0,0,0,12,,,,,,,,,,,,,,,28,16,20,40,14,73,88,40,25,3,2,33
'846890,"Parts of machinery and apparatus for soldering, brazing, welding or surface tempering, non-electric, ...",32,28,38,26,13,0,153,0,0,0,14,12,,,,,,,,,,,,,,,652,1457,1322,1270,1213,976,1691,1195,1422,1122,1356,1149
'190490,"Cereals (excl. maize [corn]) in grain or flake form or other worked grains, pre-cooked or otherwise ...",0,0,7,0,2,0,0,9,0,0,0,12,,,,,,,,,,,,,,,348,434,439,246,673,417,685,725,662,469,212,464
'680610,"Slag-wool, rock-wool and similar mineral wools, incl. intermixtures thereof, in bulk, sheets ...",9,0,2,12,13,0,13,36,12,0,18,12,,,,,,,,,,,,,,,9,3,5,58,13,0,28,44,14,0,18,17
'400121,Smoked sheets of natural rubber,14,0,9,0,0,0,0,0,0,0,0,12,,,,,,,,,,,,,,,14,0,13,0,0,215,0,0,0,0,0,12
'730690,"Tubes, pipes and hollow profiles ""e.g., open seam, riveted or similarly closed"", of iron or ...",5,7,1,10,16,1,0,3,0,4,0,12,,,,,,,,,,,,,,,2853,3115,1739,1947,3157,2737,2229,2201,2584,1956,2122,1730
'721730,"Wire of iron or non-alloy steel, in coils, plated or coated with base metals (excl. plated ...",33,33,14,51,20,80,48,2,46,13,9,12,,,,,,,,,,,,,,,385,698,673,397,881,591,372,673,567,746,369,450
'281121,Carbon dioxide,0,0,0,0,0,0,0,16,0,0,0,11,,,,,,,,,,,,,,,1000,617,1107,784,1166,1220,962,1054,1016,979,1091,1298
'190120,"Mixes and doughs of flour, groats, meal, starch or malt extract, not containing cocoa or containing ...",0,0,11,0,0,0,11,0,0,15,0,11,,,,,,,,,,,,,,,1393,1433,1637,1048,856,883,1177,609,849,739,566,905
'848630,Machines and apparatus for the manufacture of flat panel displays,0,0,0,0,2,0,4,0,5,20,25,11,,,,,,,,,,,,,,,60999,85397,14966,54848,23246,17152,80478,48631,19172,34703,9467,7672
'731990,"Knitting needles, bodkins, crochet hooks, embroidery stilettos and similar articles, for use ...",5,10,8,17,7,8,4,12,17,7,9,11,,,,,,,,,,,,,,,232,171,141,84,217,118,157,260,118,196,273,169
'283539,"Polyphosphates, whether or not chemically defined (excl. sodium triphosphate ""sodium tripolyphosphate"", ...",5,2,11,37,40,2,0,38,20,5,1,11,,,,,,,,,,,,,,,68,132,115,100,103,129,4,110,24,120,78,57
'830150,"Clasps and frames with clasps, incorporating locks, of base metal",48,17,12,0,0,0,4,11,0,0,0,11,,,,,,,,,,,,,,,155,106,176,74,151,94,126,110,61,64,43,42
'830241,Base metal mountings and fittings suitable for buildings (excl. locks with keys and hinges),5,2,8,7,6,6,3,9,3,0,2,11,,,,,,,,,,,,,,,11586,16726,15795,14622,13016,9844,11611,12128,12021,11270,11991,9458
'848291,"Balls, needles and rollers for bearings (excl. steel balls of heading 7326)",3,6,0,0,0,0,6,0,0,0,8,11,,,,,,,,,,,,,,,1462,1938,1966,1735,2444,1591,2296,1628,1654,2203,973,2881
'847340,"Parts and accessories of other office machines of heading 8472, n.e.s.",11,9,25,0,5,3,51,2,0,3,16,11,,,,,,,,,,,,,,,459,697,643,479,541,559,738,970,957,436,506,679
'841899,"Parts of refrigerating or freezing equipment and heat pumps, n.e.s.",18,88,15,38,67,12,86,3,21,14,65,11,,,,,,,,,,,,,,,1590,1520,2262,1847,1990,1754,1581,2007,1536,1398,2225,1505
'730830,"Doors, windows and their frames and thresholds for doors, of iron or steel",12,5,2,6,0,0,0,0,0,25,0,11,,,,,,,,,,,,,,,284,580,186,470,65,282,236,404,683,1468,391,504
'320910,"Paints and varnishes, incl. enamels and lacquers, based on acrylic or vinyl polymers, dispersed ...",341,124,234,397,346,330,215,2,13,0,0,11,,,,,,,,,,,,,,,1452,1260,1616,1194,1008,1592,1442,1005,984,875,1065,1107
'170219,"Lactose in solid form and lactose syrup, not containing added flavouring or colouring matter, ...",15,0,0,0,0,0,0,0,0,0,0,11,,,,,,,,,,,,,,,130,82,32,89,64,58,70,50,74,50,60,108
'560290,"Felt, impregnated, coated, covered or laminated (excl. needleloom felt and stitch-bonded fibre ...",28,9,10,13,0,0,2,4,5,5,0,11,,,,,,,,,,,,,,,155,255,127,189,124,105,153,97,103,184,108,187
'940550,"Non-electrical luminaires and lighting fittings, n.e.s.",8,16,6,55,29,15,44,21,46,22,5,11,,,,,,,,,,,,,,,305,977,1060,700,394,488,407,320,511,379,524,276
'842832,"Continuous-action elevators and conveyors for goods or materials, bucket type (excl. for underground ...",12,29,0,0,0,0,0,0,0,0,0,11,,,,,,,,,,,,,,,50,29,0,0,21,0,14,207,162,0,6,228
'844851,"Sinkers, needles and other articles used in forming stitches, for machines of heading 8447",334,17,22,24,11,18,25,278,20,24,3,11,,,,,,,,,,,,,,,543,184,285,125,195,207,223,593,291,346,318,320
'848250,"Cylindrical roller bearings, incl. cage and roller assemblies (excl. bearings of 8482 10 to ...",8,15,0,26,2,11,8,5,5,2,4,11,,,,,,,,,,,,,,,192,230,113,250,216,232,114,108,119,183,147,164
'830250,"Hat-racks, hat-pegs, brackets and similar fixtures of base metal",4,15,53,15,20,28,20,18,2,13,2,11,,,,,,,,,,,,,,,4095,5482,5587,5041,5576,3798,5564,4803,4343,5316,4524,3821
'852359,"Semiconductor media, unrecorded, for the recording of sound or of other phenomena (excl. solid-state ...",37,17,20,38,20,40,30,24,31,23,14,11,,,,,,,,,,,,,,,111,65,141,53,68,49,35,159,159,41,69,69
'291590,"Saturated acyclic monocarboxylic acids, their anhydrides, halides, peroxides and peroxyacids; ...",0,37,2,38,0,20,71,9,86,25,3,11,,,,,,,,,,,,,,,225,669,206,747,369,438,528,663,1193,601,566,898
'851840,Audio-frequency electric amplifiers,7,5,5,14,9,31,7,14,18,10,0,11,,,,,,,,,,,,,,,693,828,962,976,1615,1243,1055,938,1316,1406,1524,896
'845949,"Boring machines for metals, not numerically controlled (excl. way-type unit head machines and ...",42,0,0,0,0,0,0,0,111,0,0,11,,,,,,,,,,,,,,,42,0,52,27,42,0,2,2,140,145,0,120
'010619,"Live mammals (excl. primates, whales, dolphins and porpoises, manatees and dugongs, seals, ...",0,0,0,0,0,0,0,0,0,0,0,11,,,,,,,,,,,,,,,39,42,45,33,5,54,37,27,29,27,19,35
'370243,"Photographic film ""incl. instant print film"", sensitised, in rolls, unexposed, without perforations, ...",0,0,0,0,25,0,9,18,0,0,9,11,,,,,,,,,,,,,,,0,2,0,0,25,0,9,18,0,0,9,13
'520859,"Woven fabrics of cotton, containing >= 85% cotton by weight and weighing <= 200 g/m_, printed ...",8,14,25,9,11,12,18,17,41,0,15,10,,,,,,,,,,,,,,,165,76,182,24,23,120,18,40,92,33,15,23
'420221,"Handbags, whether or not with shoulder straps, incl. those without handles, with outer surface ...",0,3,0,12,1,3,0,2,0,0,0,10,,,,,,,,,,,,,,,3364,2777,4289,3567,3141,1866,2111,1917,2149,2756,2859,3357
'854690,Electrical insulators (excl. those of glass or ceramics and insulating fittings),0,0,6,18,0,0,0,0,3,0,3,10,,,,,,,,,,,,,,,998,1297,1291,1445,1508,1082,1162,1419,1336,1435,1046,1330
'292800,Organic derivatives of hydrazine or of hydroxylamine,0,12,0,2,49,2,3,3,19,14,8,10,,,,,,,,,,,,,,,246,140,174,49,240,222,3,81,28,30,414,32
'380610,Rosin and resin acids,10,11,10,30,20,0,10,10,22,10,0,10,,,,,,,,,,,,,,,17,11,10,37,33,0,10,10,29,10,0,10
'845819,"Horizontal lathes, incl. turning centres, for removing metal, not numerically controlled",0,222,176,83,312,10,102,50,43,334,105,10,,,,,,,,,,,,,,,3112,3743,5028,3168,4007,3292,3200,3359,3999,3843,2586,2606
'690320,"Retorts, crucibles, mufflers, nozzles, plugs, supports, cupels, tubes, pipes, sheaths, rods ...",22,2,0,0,37,0,5,8,3,0,3,10,,,,,,,,,,,,,,,120,258,239,37,80,115,126,118,56,136,46,146
'903031,"Multimeters for voltage, current, resistance or electrical power, without recording device",50,16,14,12,28,11,17,181,6,16,12,10,,,,,,,,,,,,,,,1747,4016,2813,2266,2464,2627,1957,2615,3183,2509,2810,2586
'190230,"Pasta, cooked or otherwise prepared (excl. stuffed)",9,10,10,7,3,12,22,7,44,27,0,10,,,,,,,,,,,,,,,4489,6012,6343,5504,4593,4481,4975,4298,4393,4280,3180,4383
'440890,"Sheets for veneering, incl. those obtained by slicing laminated wood, for plywood or for other ...",28,133,0,0,0,5,28,0,9,0,0,10,,,,,,,,,,,,,,,398,489,471,541,435,558,377,706,350,634,67,648
'940511,"Chandeliers and other electric ceiling or wall lighting fittings, solely for light-emitting ...",0,10,9,14,0,11,2,0,0,15,50,10,,,,,,,,,,,,,,,665,350,771,1287,940,1095,1281,629,596,749,754,444
'848220,"Tapered roller bearings, incl. cone and tapered roller assemblies",0,0,6,0,0,2,4,0,37,0,2,10,,,,,,,,,,,,,,,15,32,42,18,50,44,31,45,88,27,33,36
'470311,"Unbleached coniferous chemical wood pulp, soda or sulphate (excl. dissolving grades)",4,8,0,6,4,2,4,5,3,4,3,10,,,,,,,,,,,,,,,81,41,31,8,22,9,51,7,16,35,18,44
'731940,"Safety pins and other pins of iron or steel, n.e.s.",1,3,5,8,2,2,3,2,9,19,2,10,,,,,,,,,,,,,,,166,214,114,160,249,374,258,109,169,138,173,203
'740329,"Copper alloys unwrought (excl. copper-zinc base alloys ""brass"", copper-tin base alloys ""bronze"", ...",0,0,2,0,0,29,0,0,0,27,0,10,,,,,,,,,,,,,,,89,27,678,0,5,29,917,549,48,30,652,10
'870870,"Road wheels and parts and accessories thereof, for tractors, motor vehicles for the transport ...",2,48,46,54,7,14,18,18,12,19,18,10,,,,,,,,,,,,,,,22899,27713,24724,32602,31612,25014,27273,25183,21736,22533,21936,25515
'830120,"Locks used for motor vehicles, of base metal",0,0,0,0,3,124,0,2,28,0,0,10,,,,,,,,,,,,,,,1462,1378,1234,1173,1607,1529,1106,1285,1390,686,971,973
'731590,"Parts of skid chain, stud-link chain and other chains of heading 7315 (excl. articulated link ...",3,39,12,7,45,13,0,8,3,22,16,10,,,,,,,,,,,,,,,413,868,440,473,485,426,625,446,495,408,672,266
'370244,"Photographic film ""incl. instant print film""m, sensitised, in rolls, unexposed, without perforations, ...",8,0,0,0,0,0,0,11,9,7,0,10,,,,,,,,,,,,,,,456,747,652,475,543,567,347,550,624,467,811,581
'850511,Permanent magnets of metal and articles intended to become permanent magnets after magnetization ...,8,21,20,148,32,30,23,49,142,29,21,10,,,,,,,,,,,,,,,1809,1729,1553,1740,1932,1657,1548,932,1632,1791,858,2178
'470329,"Semi-bleached or bleached non-coniferous chemical wood pulp, soda or sulphate (excl. dissolving ...",15,9,0,9,13,22,0,13,10,14,22,10,,,,,,,,,,,,,,,3507,5402,5063,2463,6309,3722,3032,3862,3085,3456,4491,7884
'730799,"Tube or pipe fittings, of iron or steel (excl. cast iron or stainless steel products; flanges; ...",22,22,26,14,27,21,20,19,53,50,10,10,,,,,,,,,,,,,,,5521,5568,4755,5086,4587,4262,4779,4691,4534,5054,3685,3325
'830520,"Staples in strips, of base metal",0,12,25,9,8,11,9,5,0,13,29,9,,,,,,,,,,,,,,,1154,1497,1056,1341,1175,1192,1341,1299,1391,1291,1463,1022
'420232,"Wallets, purses, key-pouches, cigarette-cases, tobacco-pouches and similar articles carried ...",0,0,0,0,0,2,7,11,5,0,0,9,,,,,,,,,,,,,,,281,339,250,155,321,393,223,370,379,218,276,252
'902300,"Instruments, apparatus and models designed for demonstrational purposes, e.g. in education ...",0,0,4,13,5,4,73,0,60,0,0,9,,,,,,,,,,,,,,,2917,3700,3361,3200,2984,2961,2843,3714,3170,2521,2144,1758
'842099,"Parts for calendering or rolling machines, n.e.s. (other than for metals or glass and excl. ...",25,20,21,12,0,3,12,3,59,0,2,9,,,,,,,,,,,,,,,508,206,651,545,117,215,88,212,175,147,57,244
'470321,"Semi-bleached or bleached coniferous chemical wood pulp, soda or sulphate (excl. dissolving ...",4,7,0,7,4,10,4,4,9,6,6,9,,,,,,,,,,,,,,,12,11,3,16,13,12,10,11,15,56,13,13
'300410,"Medicaments containing penicillins or derivatives thereof with a penicillanic acid structure, ...",0,0,35,0,0,0,11,22,0,22,0,9,,,,,,,,,,,,,,,276,417,294,131,58,194,312,23,369,23,26,175
'481149,"Gummed or adhesive paper and paperboard, surface-coloured, surface-decorated or printed, in ...",5,6,16,0,15,11,8,9,7,14,5,9,,,,,,,,,,,,,,,366,213,179,218,219,82,184,169,115,164,153,170
'732020,"Helical springs, of iron or steel (excl. flat spiral springs, clock and watch springs, springs ...",6,1,1,7,7,2,9,1,10,7,4,9,,,,,,,,,,,,,,,792,801,1030,1089,1174,887,784,1031,886,696,889,940
'800120,Unwrought tin alloys,0,0,0,10,0,10,7,7,0,8,0,9,,,,,,,,,,,,,,,775,715,684,943,424,1865,42,893,1145,949,2270,107
'842720,"Self-propelled trucks fitted with lifting or handling equipment, non-powered by an electric ...",40,70,0,37,17,0,3,42,26,48,0,9,,,,,,,,,,,,,,,1978,1409,2368,351,1804,1580,1740,2232,1661,1940,1337,1819
'340119,"Soap and organic surface-active products and preparations, in the form of bars, cakes, moulded ...",0,0,4,2,0,0,2,3,5,5,0,9,,,,,,,,,,,,,,,80,43,15,119,40,2,142,14,19,38,39,31
'721069,"Flat-rolled products of iron or non-alloy steel, of a width of >= 600 mm, hot-rolled or cold-rolled ...",0,0,0,0,0,15,0,0,0,0,15,9,,,,,,,,,,,,,,,93,103,130,47,109,127,108,102,58,27,22,9
'481850,"Articles of apparel and clothing accessories, of paper pulp, paper, cellulose wadding or webs ...",3,15,2,10,16,3,8,12,20,5,5,9,,,,,,,,,,,,,,,6,17,10,16,26,17,12,13,47,19,17,9
'690919,"Ceramic wares for chemical or other technical uses (excl. of porcelain or china, articles having ...",9,2,0,9,6,10,0,9,5,5,10,9,,,,,,,,,,,,,,,4891,3833,4069,3859,3782,3777,4512,4161,3727,4900,3115,4061
'848230,Spherical roller bearings,7,22,12,11,4,3,2,2,13,6,5,9,,,,,,,,,,,,,,,149,230,180,89,173,98,54,254,142,192,49,145
'850980,"Electromechanical domestic appliances, with self-contained electric motor (excl. vacuum cleaners, ...",8,0,4,3,0,13,0,7,0,0,10,9,,,,,,,,,,,,,,,431,828,739,435,596,470,338,637,503,1485,883,207
'900290,"Lenses, prisms, mirrors and other optical elements, mounted, of any material, being parts of ...",124,231,26,17,2,3,0,8,4,0,3,9,,,,,,,,,,,,,,,23347,23340,43522,21452,21909,15635,17972,18409,14473,16426,19789,17446
'853990,"Parts of electric filament or discharge lamps, sealed beam lamp units, ultraviolet or infra-red ...",9,0,19,11,9,6,8,8,7,18,14,9,,,,,,,,,,,,,,,349,522,367,265,390,546,339,473,392,226,324,223
'870892,"Silencers ""mufflers"" and exhaust pipes, and parts thereof, for tractors, motor vehicles for ...",4,3,0,6,6,2,4,5,3,5,8,9,,,,,,,,,,,,,,,3022,3735,4455,3314,4527,3593,3655,3731,4261,4230,3242,4272
'845230,Sewing machine needles,9,0,4,0,6,0,6,0,0,5,0,9,,,,,,,,,,,,,,,268,334,275,164,229,229,173,304,238,468,120,167
'841583,"Air conditioning machines comprising a motor-driven fan, not incorporating a refrigerating ...",0,0,0,0,0,0,0,597,0,16,0,9,,,,,,,,,,,,,,,6,116,4,75,0,111,0,688,66,83,113,97
'294140,Chloramphenicol and its derivatives; salts thereof,0,0,0,0,0,0,0,0,0,0,0,9,,,,,,,,,,,,,,,0,0,0,0,0,0,0,0,0,0,0,9
'220210,"Waters, incl. mineral and aerated, with added sugar, sweetener or flavour, for direct consumption ...",7,8,8,15,10,7,16,15,9,12,7,9,,,,,,,,,,,,,,,1202,1934,1994,1398,1395,1345,1227,1490,1064,1067,1034,1475
'850819,"Vacuum cleaners, incl. dry cleaners and wet vacuum cleaners, with self-contained electric motor ...",0,0,2,5,11,0,0,0,0,0,0,9,,,,,,,,,,,,,,,207,215,150,363,161,56,326,85,147,30,120,336
'853952,"Light-emitting diode ""LED"" lamps",2,3,23,2,36,1,1,58,23,21,0,9,,,,,,,,,,,,,,,1299,1096,1240,1197,1346,1234,1400,1373,1259,1208,1004,854
'430400,"Artificial fur and articles thereof (excl. gloves made of leather and artificial fur, footware ...",0,20,0,10,8,10,10,0,31,0,8,9,,,,,,,,,,,,,,,0,23,0,10,9,10,11,0,31,3,8,34
'841430,Compressors for refrigerating equipment,32,98,24,16,2,25,2,0,39,19,0,9,,,,,,,,,,,,,,,13117,16090,17877,10457,10679,9429,14763,12921,15192,14165,13194,14399
'900659,Cameras for roll film of a width other than 35 mm or for film in the flat (excl. instant print ...,0,0,0,0,2,0,0,0,0,0,0,8,,,,,,,,,,,,,,,60,63,70,33,51,66,109,18,41,74,73,55
'844590,Machines for producing textile yarns and machines for preparing textile yarns for use on machines ...,0,0,0,0,25,0,0,42,0,4,12,8,,,,,,,,,,,,,,,175,331,435,0,51,0,70,104,205,220,66,8
'850120,"Universal AC-DC motors of an output > 37,5 W",48,4,0,10,0,2,0,4,0,57,3,8,,,,,,,,,,,,,,,339,356,295,159,123,135,235,130,206,355,154,219
'390529,"Vinyl acetate copolymers, in primary forms (excl. in aqueous dispersion)",52,108,0,87,49,72,20,0,56,19,57,8,,,,,,,,,,,,,,,5134,5730,4813,2688,2062,2177,2237,1506,2012,1943,1789,2105
'900130,Contact lenses,31,55,0,26,57,19,31,29,21,32,22,8,,,,,,,,,,,,,,,32442,48392,41713,35428,48674,37279,46494,44968,39116,46262,39009,46480
'540248,"Filament yarn of polypropylene, incl. monofilament of < 67 decitex, single, untwisted or with ...",0,0,0,0,0,0,0,0,0,0,5,8,,,,,,,,,,,,,,,0,0,0,0,25,0,0,33,0,0,5,8
'381512,"Supported catalysts with precious metal or a precious-metal compound as the active substance, ...",6,0,18,5,10,0,6,6,0,7,0,8,,,,,,,,,,,,,,,349,1516,416,637,894,844,1197,5386,852,1122,7076,1010
'520932,"Woven fabrics of cotton, containing >= 85% cotton by weight and weighing > 200 g/m_, in three-thread ...",0,0,0,0,0,0,0,0,0,0,0,8,,,,,,,,,,,,,,,12,0,5,10,1,0,0,3,34,7,0,8
'732190,"Parts of domestic appliances non-electrically heated of heading 7321, n.e.s.",12,14,10,0,0,4,0,0,4,0,2,8,,,,,,,,,,,,,,,2841,2337,2227,2716,3451,2807,3348,3337,4186,4546,3898,3030
'841392,"Parts of liquid elevators, n.e.s.",0,29,0,12,11,7,29,6,5,13,4,8,,,,,,,,,,,,,,,225,293,235,98,171,210,279,138,339,382,138,133
'850132,DC motors and DC generators of an output > 750 W but <= 75 kW (excl. photovoltaic generators),3,2,5,0,6,8,1,3,3,3,0,8,,,,,,,,,,,,,,,3384,3746,3464,2728,3649,3776,3017,3095,4754,4177,3194,4358
'901819,"Electro-diagnostic apparatus, incl. apparatus for functional exploratory examination or for ...",0,0,11,4,0,0,5,0,3,2,5,8,,,,,,,,,,,,,,,908,855,1175,951,607,869,605,777,867,1211,928,1751
'853939,"Discharge lamps (excl. hot-cathode fluorescent lamps, mercury or sodium vapour lamps, metal ...",4,0,4,6,4,0,0,0,0,0,5,8,,,,,,,,,,,,,,,233,150,164,201,167,255,130,155,155,263,67,192
'842390,"Weighing machine weights of all kinds; parts of weighing machinery, n.e.s.",1,3,0,0,0,0,19,2,0,0,17,8,,,,,,,,,,,,,,,597,1181,799,625,406,324,435,288,779,449,312,616
'283692,Strontium carbonate,4,0,4,8,4,0,0,4,2,12,10,8,,,,,,,,,,,,,,,4,0,4,11,4,0,2,4,2,12,10,8
'401610,"Articles of cellular rubber, n.e.s.",3,20,17,29,8,28,121,75,68,12,11,8,,,,,,,,,,,,,,,1368,1899,3849,2779,3083,2440,3387,2270,2283,1593,1189,1485
'270300,"Peat, incl. peat litter, whether or not agglomerated",8,0,7,5,7,0,7,7,8,8,8,8,,,,,,,,,,,,,,,36,17,49,5,23,0,22,14,24,23,24,33
'901910,Mechano-therapy appliances; massage apparatus; psychological aptitude-testing apparatus,0,0,0,10,67,0,5,0,0,21,10,8,,,,,,,,,,,,,,,2619,4395,3970,2986,4020,1769,2158,2100,3404,2157,2218,1618
'853510,Fuses for a voltage > 1.000 V,0,3,6,0,40,3,0,5,11,4,0,8,,,,,,,,,,,,,,,76,337,9,189,105,102,39,52,64,65,97,79
'482320,"Filter paper and paperboard, in strips or rolls of a width <= 36 cm, in rectangular or square ...",1,2,1,5,6,18,1,5,0,1,0,8,,,,,,,,,,,,,,,218,396,157,74,370,145,126,192,266,276,87,98
'400400,"Waste, parings and scrap of soft rubber and powders and granules obtained therefrom",25,56,61,39,47,0,5,7,23,8,49,8,,,,,,,,,,,,,,,159,470,205,165,198,268,240,294,308,430,233,140
'842112,Centrifugal clothes-dryers,0,32,25,0,0,0,0,0,0,0,0,8,,,,,,,,,,,,,,,7,32,25,0,0,12,0,3,0,3,0,8
'845959,"Milling machines for metals, knee-type, not numerically controlled",0,17,31,0,17,0,0,11,0,0,0,8,,,,,,,,,,,,,,,251,442,572,358,681,236,165,328,347,480,544,509
'821300,"Scissors, tailors' shears and similar shears, and blades therefor, of base metal (excl. hedge ...",1,11,5,17,18,19,12,2,1,14,2,8,,,,,,,,,,,,,,,2588,3670,2029,2539,2300,2023,2416,2513,2991,2543,2400,1867
'940389,"Furniture of other materials, including cane, osier or similar materials (excl. of bamboo, ...",0,0,0,0,0,6,5,0,2,0,0,8,,,,,,,,,,,,,,,1773,2049,1446,1683,1352,1220,1750,1749,1227,2444,1144,1718
'820220,Bandsaw blades of base metal,0,0,6,2,19,6,4,8,3,0,4,7,,,,,,,,,,,,,,,49,35,138,218,139,152,96,27,67,46,69,91
'844250,"Printing plates, cylinders and other printing components; plates, cylinders and lithographic ...",14,5,9,15,2,3,21,26,6,28,9,7,,,,,,,,,,,,,,,122,255,149,79,123,57,116,127,70,232,142,125
'844339,"Printers, copying machines and facsimile machines, whether or not combined (excl. those capable ...",27,40,0,0,102,65,0,42,55,0,64,7,,,,,,,,,,,,,,,300,462,177,596,648,1109,247,728,412,818,1175,1484
'845210,Sewing machines of the household type,0,2,22,0,0,5,0,0,0,0,0,7,,,,,,,,,,,,,,,4891,6090,8458,5667,7026,7323,5202,5418,5464,4660,5240,5789
'292700,"Diazo-, azo- or azoxy-compounds",4,8,4,11,3,7,7,7,4,0,0,7,,,,,,,,,,,,,,,12,8,6,11,3,7,7,7,15,0,10,7
'940310,Metal furniture for offices (excl. seats),0,1,0,3,0,155,153,77,78,387,155,7,,,,,,,,,,,,,,,5954,6679,7059,6463,6188,6609,5386,5656,5392,5696,3828,6350
'521041,"Plain woven fabrics of cotton, containing predominantly, but < 85% cotton by weight, mixed ...",55,6,0,5,29,35,47,0,0,0,0,7,,,,,,,,,,,,,,,55,6,2,18,116,143,50,0,2,2,0,7
'291713,"Azelaic acid, sebacic acid, their salts and esters",5,4,22,13,24,22,10,21,25,95,0,7,,,,,,,,,,,,,,,480,656,479,415,769,311,951,378,304,467,444,512
'292119,"Acyclic monoamines and their derivatives; salts thereof (excl. methylamine, dimethylamine, ...",31,0,0,0,31,0,34,0,0,0,0,7,,,,,,,,,,,,,,,1126,1512,487,1643,569,1065,2181,87,429,1843,400,2143
'831000,"Sign-plates, nameplates, address-plates and similar plates, numbers, letters and other symbols, ...",7,6,9,15,8,33,30,18,17,39,14,7,,,,,,,,,,,,,,,905,861,865,664,766,715,631,814,753,1141,740,663
'280461,"Silicon containing >= 99,99% by weight of silicon",0,17,19,0,0,0,0,45,25,0,0,7,,,,,,,,,,,,,,,11482,12275,10663,9026,14164,7899,10434,9921,10297,12478,9321,12052
'130190,"Lac; natural gums, resins, gum-resins, balsams and other natural oleoresins (excl. gum Arabic)",0,6,0,8,6,0,4,0,2,5,0,7,,,,,,,,,,,,,,,0,6,0,9,11,1,16,0,2,6,0,7
'730490,"Tubes, pipes and hollow profiles, seamless, of non-circular cross-section, of iron or steel ...",0,22,14,6,0,4,174,0,0,8,0,7,,,,,,,,,,,,,,,646,1048,756,869,527,1166,1197,1461,703,1561,823,631
'640299,Footwear with outer soles and uppers of rubber or plastics (excl. covering the ankle or with ...,7,5,24,4,19,20,5,10,0,2,22,7,,,,,,,,,,,,,,,2983,3011,3117,1549,2236,1899,2592,2361,4242,2201,3722,1249
'551622,"Woven fabrics containing predominantly, but < 85% artificial staple fibres, mixed principally ...",49,97,0,15,11,0,158,204,9,20,27,7,,,,,,,,,,,,,,,203,219,141,182,204,135,224,374,84,272,57,71
'844313,"Offset printing machinery (excl. sheet fed offset printing machinery, sheet size <= 22 x 36 ...",0,0,0,0,18,8,0,0,0,9,0,7,,,,,,,,,,,,,,,604,368,151,199,198,21,362,537,378,565,83,82
'391390,"Natural polymers and modified natural polymers, e.g. hardened proteins, chemical derivatives ...",0,0,0,7,8,0,0,0,0,0,0,7,,,,,,,,,,,,,,,60,72,113,190,19,69,196,53,197,257,103,69
'391520,"Waste, parings and scrap, of polymers of styrene",0,0,0,0,0,0,0,0,0,0,0,7,,,,,,,,,,,,,,,96,131,100,147,196,45,333,29,613,579,40,106
'940599,"Parts of lamps and lighting fittings, illuminated signs and nameplates and the like, n.e.s.",9,10,4,13,0,0,7,0,8,17,0,7,,,,,,,,,,,,,,,4260,5332,6388,5288,4500,5096,4468,5461,4966,4695,4586,4390
'846040,"Honing or lapping machines, for working metals, metal carbides or cermets (excl. gear cutting, ...",134,382,94,171,30,36,57,78,118,0,17,7,,,,,,,,,,,,,,,1650,2991,2807,965,1887,1574,912,1907,1513,1961,480,3023
'820830,"Knives and cutting blades, of base metal, for kitchen appliances or for machines used by the ...",2,10,0,0,2,1,0,3,0,3,0,7,,,,,,,,,,,,,,,104,140,166,95,172,141,207,88,260,137,63,143
'960200,Worked vegetable or mineral carving material and articles of these materials n.e.s; moulded ...,1,0,0,3,0,3,3,1,0,2,0,7,,,,,,,,,,,,,,,210,361,405,262,408,400,709,291,366,67,5,139
'850610,Manganese dioxide cells and batteries (excl. spent),0,91,9,0,47,0,4,0,22,0,0,7,,,,,,,,,,,,,,,81,120,45,12,64,30,24,9,40,31,26,31
'530720,"Multiple ""folded"" or cabled yarn of jute or of other textile bast fibres of heading 5303",0,0,0,0,4,5,15,0,0,0,0,7,,,,,,,,,,,,,,,0,0,0,0,4,5,15,0,0,0,0,7
'841940,Distilling or rectifying plant,20,0,0,0,0,30,0,0,0,0,0,7,,,,,,,,,,,,,,,614,12,0,110,30,856,0,0,35,0,0,7
'283329,"Sulphates (excl. of sodium, magnesium, aluminium, nickel, copper, barium and mercury)",4,37,15,13,31,37,4,72,0,18,4,7,,,,,,,,,,,,,,,4548,4556,4687,5709,6887,9285,5104,5804,3392,11061,5796,10980
'251910,"Natural magnesium carbonate ""magnesite""",7,0,15,0,0,0,0,9,6,17,6,6,,,,,,,,,,,,,,,7,0,15,0,0,0,0,9,6,17,8,6
'401490,"Hygienic or pharmaceutical articles, incl. teats, of vulcanised rubber (excl. hard rubber), ...",4,3,0,0,8,0,7,5,0,0,4,6,,,,,,,,,,,,,,,599,569,408,694,694,410,535,275,92,170,107,139
'420211,"Trunks, suitcases, vanity cases, executive-cases, briefcases, school satchels and similar containers, ...",0,0,0,0,0,0,0,0,0,0,9,6,,,,,,,,,,,,,,,93,139,87,133,114,120,68,67,49,84,202,207
'911490,"Clock or watch parts, n.e.s.",5,2,2,8,2,3,7,4,4,0,2,6,,,,,,,,,,,,,,,466,558,402,381,484,383,523,434,278,416,158,452
'821195,"Handles of base metal for table knives, pocket knives and other knives of heading 8211",0,0,0,0,0,0,2,2,2,9,0,6,,,,,,,,,,,,,,,6,58,12,6,25,47,2,39,21,14,15,30
'761290,"Casks, drums, cans, boxes and similar containers, incl. rigid tubular containers, of aluminium, ...",2,17,17,0,0,0,2,46,15,2,0,6,,,,,,,,,,,,,,,2211,3384,1935,2371,3587,2042,1613,2804,2357,1987,2712,2299
'700910,"Rear-view mirrors, whether or not framed, for vehicles",2,0,8,16,6,0,0,5,2,0,3,6,,,,,,,,,,,,,,,15839,20013,16261,16756,16949,14066,15710,16547,15243,13937,14169,14092
'820540,Hand-operated screwdrivers,11,20,6,36,34,10,29,142,107,60,57,6,,,,,,,,,,,,,,,8123,13414,9199,8292,8856,7736,8517,6005,8426,7668,8049,8273
'760692,"Plates, sheets and strip, of aluminium alloys, of a thickness of > 0,2 mm (other than square ...",14,0,0,22,0,0,49,1,31,160,0,6,,,,,,,,,,,,,,,768,633,546,573,781,945,607,586,810,928,705,1539
'030199,"Live fish (excl. ornamental fish, trout [Salmo trutta, Oncorhynchus mykiss, Oncorhynchus clarki, ...",0,0,0,0,0,0,0,0,0,0,0,6,,,,,,,,,,,,,,,6516,4220,4676,4381,4414,3450,5133,6459,7248,8999,11105,7417
'340250,"Surface-active preparations, washing preparations, auxiliary washing preparations and cleaning ...",0,39,40,1,37,36,6,36,1,48,2,6,,,,,,,,,,,,,,,4727,6061,4409,5099,7273,6930,6779,8439,6645,7390,6214,6760
'591000,"Transmission or conveyor belts or belting, of textile material, whether or not impregnated, ...",2,0,0,4,0,0,19,0,0,5,0,6,,,,,,,,,,,,,,,116,242,153,169,236,73,290,188,350,219,358,315
'291733,Dinonyl or didecyl orthophthalates,0,0,0,8,0,0,0,0,0,0,0,6,,,,,,,,,,,,,,,3834,6962,4455,2543,4982,8070,2581,5351,4024,4831,4090,4995
'330125,"Oils of mints, whether or not terpeneless, incl. concretes and absolutes (excl. those of peppermint ...",0,0,4,4,0,0,7,4,0,0,0,6,,,,,,,,,,,,,,,5,13,4,5,11,10,8,20,5,53,0,11
'401035,"Endless synchronous belts, of vulcanised rubber, of an outside circumference > 60 cm but <= ...",0,0,0,0,0,3,0,0,0,0,2,6,,,,,,,,,,,,,,,0,1,9,0,19,6,1,9,4,6,3,7
'842220,Machinery for cleaning or drying bottles or other containers (excl. dishwashing machines),0,0,41,0,0,0,0,0,6,0,0,6,,,,,,,,,,,,,,,174,92,118,22,194,755,33,44,24,125,233,80
'844540,"Textile winding, incl. weft-winding, or reeling machines",0,21,32,16,0,66,4,515,78,0,0,6,,,,,,,,,,,,,,,287,617,385,142,87,543,547,618,235,57,15,126
'282619,Fluorides (excl. of aluminium and mercury),0,0,17,0,0,2,4,10,18,11,6,6,,,,,,,,,,,,,,,998,1497,345,964,856,745,799,455,1147,1050,645,1300
'847420,Crushing or grinding machines for solid mineral substances,2,0,0,0,0,72,7,0,8,5,186,6,,,,,,,,,,,,,,,809,345,193,334,327,656,459,307,827,1135,504,288
'830790,"Flexible tubing of base metal other than iron or steel, with or without fittings",0,0,0,0,0,3,0,0,0,2,0,6,,,,,,,,,,,,,,,797,239,289,559,239,388,395,304,481,322,337,544
'820820,"Knives and cutting blades, of base metal, for machines or for mechanical appliances, for w ...",6,0,4,16,5,4,11,6,0,0,0,6,,,,,,,,,,,,,,,1210,1064,1141,1045,746,1572,788,1301,554,915,2004,940
'820840,"Knives and cutting blades, of base metal, for agricultural, horticultural or forestry machines ...",0,4,5,0,5,3,0,0,4,0,0,6,,,,,,,,,,,,,,,215,88,45,54,212,44,145,54,434,317,166,137
'740729,"Bars, rods and profiles of copper alloys, n.e.s. (excl. such articles of copper-zinc base alloys ...",7,12,26,45,174,7,68,10,37,139,31,6,,,,,,,,,,,,,,,1492,1872,2379,2913,2601,858,1752,1737,1818,1670,1631,1734
'701912,Rovings of glass fibres,0,0,0,26,0,0,0,0,0,0,0,6,,,,,,,,,,,,,,,184,267,117,235,218,111,74,147,141,134,126,155
'902590,"Parts and accessories for hydrometers, areometers and similar floating instruments, thermometers, ...",10,31,15,15,12,13,14,51,5,162,3,6,,,,,,,,,,,,,,,730,743,533,673,601,532,852,491,1018,716,976,405
'731414,"Woven cloth, incl. endless bands, of stainless steel wire (excl. woven products of metal fibres ...",3,0,0,0,0,2,5,0,0,0,0,5,,,,,,,,,,,,,,,2004,2412,2199,2075,2327,1977,1667,2405,1569,2561,1729,2156
'840999,Parts suitable for use solely or principally with compression-ignition internal combustion ...,112,201,171,143,63,171,145,29,49,288,223,5,,,,,,,,,,,,,,,6043,8069,7306,8284,6959,7003,5172,6668,7575,8130,4839,5760
'481950,"Packing containers, incl. record sleeves, of paper, paperboard, cellulose wadding or webs of ...",2,0,0,0,2,41,4,2,1,3,8,5,,,,,,,,,,,,,,,2598,3284,1641,3360,2859,2218,3642,4024,1600,3663,3161,1638
'551612,"Woven fabrics containing >= 85% artificial staple fibres by weight, dyed",0,0,0,0,0,0,0,0,0,8,16,5,,,,,,,,,,,,,,,0,6,0,0,0,0,0,34,0,16,16,5
'851829,"Loudspeakers, without enclosure",6,61,0,68,48,14,12,73,0,7,9,5,,,,,,,,,,,,,,,1507,1891,1710,2302,2171,2651,2129,2233,2365,2305,2864,2670
'853390,"Parts of electrical resistors, incl. rheostats and potentiometers, n.e.s.",2,9,10,10,3,14,7,4,0,10,0,5,,,,,,,,,,,,,,,577,1105,1095,619,877,547,522,544,662,793,501,647
'903120,"Test benches for motors, generators, pumps, etc.",17,0,26,5,33,106,146,22,27,39,14,5,,,,,,,,,,,,,,,457,528,634,436,224,701,774,824,892,752,229,1131
'960350,"Brushes constituting parts of machines, appliances or vehicles",8,3,9,10,8,5,2,3,7,10,3,5,,,,,,,,,,,,,,,850,811,828,593,943,793,568,853,744,892,568,563
'281830,Aluminium hydroxide,23,8,3,4,5,4,2,22,24,0,7,5,,,,,,,,,,,,,,,34,185,46,184,13,12,13,231,25,4,19,7
'720221,"Ferro-silicon, containing by weight > 55% of silicon",9,9,0,0,0,0,0,0,0,7,0,5,,,,,,,,,,,,,,,1077,4565,3257,1645,4079,1984,2407,2030,3151,1941,3889,3207
'680430,Hand sharpening or polishing stones,0,9,3,0,0,0,0,0,1,6,9,5,,,,,,,,,,,,,,,74,41,12,72,23,19,45,45,23,66,24,40
'846510,"Machines for working wood, cork, bone, hard rubber, hard plastics or similar hard materials, ...",0,0,0,0,0,0,0,0,0,0,0,5,,,,,,,,,,,,,,,344,411,210,706,287,533,760,439,564,217,279,340
'848410,Gaskets and similar joints of metal sheeting combined with other material or of two or more ...,2,0,0,140,0,6,1,122,0,197,0,5,,,,,,,,,,,,,,,3001,3018,3342,2784,3566,3015,2950,3045,2644,3275,2837,2794
'920590,Wind musical instruments (excl. brass-wind instruments),0,0,0,0,4,0,0,0,5,0,0,5,,,,,,,,,,,,,,,924,957,1656,797,1213,618,794,1511,613,792,1527,660
'292130,"Cyclanic, cyclenic or cycloterpenic mono- or polyamines, and their derivatives; salts thereof",43,0,0,0,0,0,0,13,0,31,0,5,,,,,,,,,,,,,,,836,467,866,582,901,656,750,1165,823,900,1098,1358
'292390,"Quaternary ammonium salts and hydroxides (excl. choline and its salts, tetraethylammonium perfluorooctane ...",0,6,0,0,0,0,0,0,0,0,0,5,,,,,,,,,,,,,,,1947,1818,1553,1123,1850,1002,1735,1906,1792,1419,1340,2357
'253010,"Vermiculite, perlite and chlorites, unexpanded",0,0,0,0,0,0,0,0,3,0,0,5,,,,,,,,,,,,,,,6,1,3,2,4,6,3,1,6,1,3,5
'732010,"Leaf-springs and leaves therefor, of iron or steel (excl. clock and watch springs and shock ...",13,17,18,13,38,35,25,5,0,8,0,5,,,,,,,,,,,,,,,385,416,344,398,380,407,377,450,319,436,359,357
'540834,"Woven fabrics of yarn containing predominantly, but < 85% artificial filament by weight, incl. ...",0,189,2,35,3,6,0,0,0,6,0,5,,,,,,,,,,,,,,,19,189,2,35,3,6,0,0,0,6,0,5
'848320,"Bearing housings, incorporating ball or roller bearings, for machinery",5,4,2,11,0,8,8,0,3,0,0,5,,,,,,,,,,,,,,,743,678,769,611,832,647,434,634,586,482,369,454
'480257,"Uncoated paper and paperboard, of a kind used for writing, printing or other graphic purposes, ...",12,0,0,0,2,2,3,3,3,0,15,5,,,,,,,,,,,,,,,742,420,382,343,418,209,406,453,547,714,394,674
'110620,"Flour, meal and powder of sago or of roots or tubers of manioc, arrowroot, salep, sweet potatoes ...",7,2,0,0,0,2,0,2,0,4,0,5,,,,,,,,,,,,,,,218,207,250,184,224,162,244,179,114,143,219,172
'850520,"Electromagnetic couplings, clutches and brakes",5,2,47,0,4,52,24,3,0,0,8,5,,,,,,,,,,,,,,,1577,1370,981,905,1308,927,1411,1216,1329,1244,1413,1480
'391239,"Cellulose ethers, in primary forms (excl. carboxymethylcellulose and its salts)",0,3,4,4,2,0,0,2,0,5,0,5,,,,,,,,,,,,,,,21,44,66,14,14,12,34,37,24,67,7,33
'511230,"Woven fabrics containing predominantly, but < 85% combed wool or combed fine animal hair by ...",8,0,0,0,3,0,4,0,0,3,15,5,,,,,,,,,,,,,,,8,1,0,0,3,2,4,0,0,3,15,5
'481013,"Paper and paperboard used for writing, printing or other graphic purposes, not containing fibres ...",0,4,0,0,9,0,15,0,0,0,0,5,,,,,,,,,,,,,,,1308,1255,1120,1192,1829,1247,1966,1958,1661,2116,1207,1507
'843890,"Parts of machinery for the industrial preparation or manufacture of food or drink, n.e.s.",8,14,19,14,2,5,7,17,0,13,3,5,,,,,,,,,,,,,,,1773,2738,2652,2217,2482,1797,2619,1740,2552,2542,2461,2465
'711319,"Articles of jewellery and parts thereof, of precious metal other than silver, whether or not ...",0,4,0,0,0,0,0,0,0,19,0,5,,,,,,,,,,,,,,,7892,10212,12103,14618,5336,6010,4577,4798,6459,8039,3438,12626
'401519,"Gloves, mittens and mitts, of vulcanised rubber (excl. of a kind used for medical, surgical, ...",0,0,1,0,1,0,0,1,1,0,1,5,,,,,,,,,,,,,,,560,693,368,522,693,487,485,676,650,629,427,414
'520548,"Multiple ""folded"" or cabled cotton yarn, of combed fibres, containing >= 85% cotton by weight ...",44,0,6,0,0,0,26,3,2,0,0,5,,,,,,,,,,,,,,,44,3,6,0,0,0,26,3,2,0,0,5
'284210,"Double or complex silicates of inorganic acids or peroxoacids, incl. aluminosilicates whether ...",3,7,3,5,6,18,0,5,18,6,0,5,,,,,,,,,,,,,,,78,165,311,524,336,601,329,233,386,242,323,298
'190410,"Prepared foods obtained by swelling or roasting cereals or cereal products, e.g. corn flakes",0,0,0,0,0,0,1,0,0,16,0,5,,,,,,,,,,,,,,,924,993,774,1055,1485,1108,1030,1410,1339,1269,1107,1011
'960830,"Fountain pens, stylograph pens and other pens",3,13,4,2,3,6,8,2,4,4,5,5,,,,,,,,,,,,,,,831,893,825,705,1001,1037,797,1090,960,935,472,1257
'410711,"Full grains leather ""incl. parchment-dressed leather"", unsplit, of the whole hides and skins ...",8,0,0,0,3,0,0,6,0,2,0,5,,,,,,,,,,,,,,,10,20,0,91,3,23,4,44,0,25,0,31
'848060,"Moulds for mineral materials (excl. moulds of graphite or other carbons, ceramic or glass moulds)",0,0,0,5,19,4,2,0,0,4,0,5,,,,,,,,,,,,,,,16,13,120,21,144,96,72,166,5,20,5,8
'830610,"Bells, gongs and the like, non-electric, of base metal (excl. musical instruments)",2,9,7,7,2,7,2,3,4,4,1,5,,,,,,,,,,,,,,,107,468,651,279,564,158,487,266,245,283,337,300
'850239,Generating sets (excl. wind-powered and powered by spark-ignition internal combustion piston ...,0,0,0,0,0,0,4,4,4,4,4,4,,,,,,,,,,,,,,,45,2685,46,70,5,107,37,124,50,51,463,4
'831110,"Coated electrodes of base metal, for electric arc-welding",0,21,0,0,0,0,0,0,0,0,0,4,,,,,,,,,,,,,,,387,700,346,627,253,513,332,217,507,264,119,462
'843680,"Agricultural, horticultural, forestry or bee-keeping machinery, n.e.s.",0,0,0,0,4,0,0,2,0,0,0,4,,,,,,,,,,,,,,,61,268,64,33,93,156,106,156,163,162,58,179
'846721,"Drills of all kinds for working in the hand, with self-contained electric motor",4,0,0,0,38,0,0,0,37,0,0,4,,,,,,,,,,,,,,,266,1109,626,1450,565,453,457,979,755,320,353,923
'400520,"Compounded rubber, unvulcanised, in the form of solutions or dispersions (excl. rubber compounded ...",0,0,0,0,0,0,0,0,0,6,0,4,,,,,,,,,,,,,,,2,0,4,1,2,0,0,10,1,6,0,8
'390440,"Vinyl chloride copolymers, in primary forms (excl. vinyl chloride-vinyl acetate copolymers)",7,21,0,25,7,0,3,8,4,29,0,4,,,,,,,,,,,,,,,796,560,885,423,507,680,538,487,390,509,333,474
'320641,Ultramarine and preparations based thereon of a kind used for colouring any material or produce ...,0,0,0,7,0,3,0,3,0,0,1,4,,,,,,,,,,,,,,,82,94,5,82,232,3,92,34,11,0,1,4
'290511,"Methanol ""methyl alcohol""",29,5,9,3,8,10,8,5,12,2,0,4,,,,,,,,,,,,,,,38,7,9,3,13,10,10,5,17,10,0,28
'130231,"Agar-agar, whether or not modified",0,0,0,0,0,0,0,0,0,0,0,4,,,,,,,,,,,,,,,38,43,26,0,15,11,28,25,10,0,8,45
'250870,Chamotte or dinas earths,0,0,0,0,0,0,0,0,0,0,0,4,,,,,,,,,,,,,,,35,17,6,0,28,20,26,5,20,42,2,12
'190219,"Uncooked pasta, not stuffed or otherwise prepared, not containing eggs",0,10,0,0,0,0,3,0,4,0,0,4,,,,,,,,,,,,,,,1212,1651,1542,1048,1240,1334,1451,1587,1446,1356,1221,1519
'271490,"Bitumen and asphalt, natural; asphaltites and asphaltic rocks",0,0,0,0,0,0,0,0,0,0,0,4,,,,,,,,,,,,,,,0,0,0,0,0,0,0,0,0,0,0,4
'401512,"Gloves, mittens and mitts, of a kind used for medical, surgical, dental or veterinary purposes, ...",2,3,3,1,3,2,3,3,4,5,0,4,,,,,,,,,,,,,,,7,4,69,7,3,5,5,10,7,50,0,6
'630293,"Toilet linen and kitchen linen of man-made fibres (excl. floorcloths, polishing cloths, dishcloths ...",0,0,2,0,2,2,0,3,6,4,2,4,,,,,,,,,,,,,,,32,82,88,81,84,206,120,116,78,90,51,100
'843590,"Parts of presses, crushers and similar machinery used in the manufacture of wine, cider, fruit ...",0,0,7,0,0,0,0,0,0,0,0,4,,,,,,,,,,,,,,,87,14,12,16,5,18,0,24,41,61,3,23
'420292,"Travelling-bags, insulated food or beverage bags, toilet bags, rucksacks, shopping-bags, map-cases, ...",2,43,2,19,17,3,14,18,38,0,0,4,,,,,,,,,,,,,,,2259,2122,1909,1862,1906,1788,1747,2203,2182,2196,1827,2042
'441520,"Pallets, box pallets and other load boards, of wood; pallet collars of wood (excl. containers ...",0,0,0,0,0,0,0,0,0,0,0,4,,,,,,,,,,,,,,,744,1691,1361,1316,1482,2344,1921,2054,1134,601,1065,823
'511290,"Woven fabrics containing predominantly, but < 85% combed wool or combed fine animal hair by ...",0,0,0,14,0,0,0,0,0,0,0,4,,,,,,,,,,,,,,,4,87,23,14,0,6,0,54,13,14,0,4
'340231,Linear alkylbenzene sulphonic acids and their salts,0,0,0,0,0,0,0,0,0,4,0,4,,,,,,,,,,,,,,,857,860,795,810,1368,181,558,120,886,843,751,360
'330130,Resinoids,1,0,4,0,0,0,5,0,0,0,0,4,,,,,,,,,,,,,,,8,15,34,118,17,57,5,12,0,44,0,14
'283524,Phosphates of potassium,0,3,5,7,0,2,0,4,7,4,2,4,,,,,,,,,,,,,,,5,10,114,10,36,5,32,4,46,37,20,27
'600121,"Looped pile fabrics of cotton, knitted or crocheted",0,7,0,0,0,5,3,0,11,2,0,4,,,,,,,,,,,,,,,0,7,0,0,29,5,3,0,26,31,0,8
'853720,"Boards, cabinets and similar combinations of apparatus for electric control or the distribution ...",1,3,1,48,220,195,14,158,48,105,0,4,,,,,,,,,,,,,,,181,297,520,2036,1110,792,359,1037,205,330,335,327
'390490,"Polymers of vinyl chloride or other halogenated olefins, in primary forms (excl. poly""vinyl ...",89,14,0,12,161,0,0,159,2,0,6,4,,,,,,,,,,,,,,,101,19,38,40,161,5,52,159,25,15,46,26
'293399,Heterocyclic compounds with nitrogen hetero-atom[s] only (excl. those containing an unfused ...,59,2,2,3,3,6,13,5,7,8,6,4,,,,,,,,,,,,,,,1592,1147,1516,2803,1142,1236,1711,1812,1446,918,612,1452
'847439,"Machinery for mixing or kneading solid mineral substances, incl. those in powder or paste form ...",64,0,27,0,183,3,18,4,14,0,0,4,,,,,,,,,,,,,,,556,152,334,232,852,277,133,311,551,323,261,708
'681381,"Brake linings and pads, with a basis of mineral substances or cellulose, whether or not combined ...",0,0,2,7,2,0,0,0,0,0,0,4,,,,,,,,,,,,,,,212,346,295,260,268,168,194,211,171,113,141,179
'681182,"Sheets, panels, paving, tiles and similar articles, of cellulose fibre-cement or the like, ...",12,0,0,4,7,3,11,5,0,0,4,4,,,,,,,,,,,,,,,169,206,136,114,55,178,138,51,232,139,58,47
'902910,"Revolution counters, production counters, taximeters, milometers, pedometers and the like (excl. ...",0,45,1,0,36,18,0,36,17,0,11,4,,,,,,,,,,,,,,,341,335,385,240,220,193,97,295,401,168,155,223
'961700,"Vacuum flasks and other vacuum vessels, and parts thereof (excl. glass inners)",0,8,0,3,0,0,0,0,0,2,0,4,,,,,,,,,,,,,,,1117,1418,806,600,872,1344,1336,1626,1162,1102,540,1496
'722410,"Steel, alloy, other than stainless, in ingots or other primary forms (excl. waste and scrap ...",0,0,0,0,0,0,0,0,2,2,0,4,,,,,,,,,,,,,,,620,69,0,0,70,0,247,217,21,2,2,4
'846591,"Sawing machines for working wood, cork, bone, hard rubber, hard plastics or similar hard materials ...",42,7,0,51,24,144,188,22,17,58,0,4,,,,,,,,,,,,,,,18849,27212,28186,22014,18823,15342,16101,13838,14001,14741,14570,10938
'840410,"Auxiliary plant for use with boilers of heading 8402 or 8403, e.g. economizers, superheaters, ...",54,0,43,4,0,0,3,3,20,41,61,4,,,,,,,,,,,,,,,329,810,335,678,996,1267,347,163,292,368,900,135
'292151,"o-Phenylenediamine, m-phenylenediamine, p-phenylenediamine or diaminotoluenes and their derivatives; ...",11,21,4,0,0,0,3,27,4,0,2,4,,,,,,,,,,,,,,,120,245,182,146,101,239,71,134,135,182,2,68
'300241,Vaccines for human medicine,0,0,0,0,0,0,0,0,0,0,0,4,,,,,,,,,,,,,,,4,20,7298,22785,9531,2,0,0,0,0,0,9
'350190,Caseinates and other casein derivatives; casein glues (excl. those put up for retail sale as ...,0,4,0,0,0,8,6,0,0,0,0,4,,,,,,,,,,,,,,,2,4,0,0,0,11,6,0,3,0,0,7
'852560,"Transmission apparatus for radio-broadcasting or television, incorporating reception apparatus",0,0,0,0,24,0,7,0,0,0,0,4,,,,,,,,,,,,,,,877,892,974,1069,637,1398,748,726,862,1406,735,943
'851511,"Soldering irons and guns, electric",0,1,0,4,0,5,3,2,3,2,0,4,,,,,,,,,,,,,,,570,561,1140,1497,550,872,579,579,840,554,544,393
'845490,"Parts of converters, ladles, ingot moulds and casting machines of a kind used in metallurgy ...",49,17,105,21,17,98,9,2,29,3,31,4,,,,,,,,,,,,,,,535,768,1147,651,1677,898,1028,934,683,775,1702,488
'600129,"Looped pile fabrics, knitted or crocheted (excl. of cotton or man-made fibres)",32,0,0,2,3,2,40,15,3,17,9,4,,,,,,,,,,,,,,,88,5,15,18,11,22,61,22,37,21,37,30
'690220,"Refractory bricks, blocks, tiles and similar refractory ceramic constructional goods containing, ...",13,2,5,4,11,0,4,47,2,2,2,4,,,,,,,,,,,,,,,88,127,102,38,786,237,47,112,44,55,24,41
'380899,Rodenticides and other plant protection products put up for retail sale or as preparations ...,0,21,0,21,0,52,0,0,0,69,3,4,,,,,,,,,,,,,,,722,212,282,252,288,245,370,284,492,651,101,459
'290219,"Cyclanes, cyclenes and cycloterpenes (excl. cyclohexane)",0,0,0,0,0,0,7,0,8,0,0,4,,,,,,,,,,,,,,,475,113,281,1035,129,1242,1623,1178,177,93,85,1039
'330420,Eye make-up preparations,0,0,0,0,32,9,0,0,0,9,0,4,,,,,,,,,,,,,,,1810,3708,3544,3136,4117,3398,2967,2660,3695,3509,3798,3278
'291615,"Oleic, linoleic or linolenic acids, their salts and esters (excl. inorganic or organic compounds ...",0,2,5,8,2,0,3,13,0,16,3,4,,,,,,,,,,,,,,,382,431,489,224,468,344,418,440,457,573,218,514
'251990,"Fused magnesia; dead-burned ""sintered"" magnesia, whether or not containing small quantities ...",2,2,14,5,0,4,13,3,2,10,6,4,,,,,,,,,,,,,,,77,131,60,26,67,140,30,18,24,33,79,32
'841451,"Table, floor, wall, window, ceiling or roof fans, with a self-contained electric motor of an ...",3,37,13,101,0,0,26,38,107,3,0,4,,,,,,,,,,,,,,,10271,10375,9201,8668,9149,5976,6743,7820,9188,7045,8305,6404
'841720,"Bakery ovens, incl. biscuit ovens, non-electric",0,2,26,0,0,0,0,0,0,0,0,4,,,,,,,,,,,,,,,9,50,46,62,10,30,8,147,87,48,40,32
'730210,"Rails of iron or steel, for railway or tramway track (excl. check-rails)",0,0,0,0,0,0,0,0,0,0,8,4,,,,,,,,,,,,,,,5,16,0,2,0,27,1,0,0,0,9,25
'681490,"Worked mica and articles of mica (excl. electrical insulators, insulating fittings, resistors ...",1,4,0,0,0,0,0,1,0,0,0,4,,,,,,,,,,,,,,,25,15,26,6,4,0,3,1,0,0,6,4
'901580,"Instruments and appliances used in geodesy, topography, hydrography, oceanography, hydrology, ...",18,21,37,9,29,4,13,10,102,14,9,4,,,,,,,,,,,,,,,2058,1845,2821,2283,1528,2829,2686,2064,1035,984,607,2493
'852610,Radar apparatus,0,0,27,0,0,2,3,0,2,1,15,4,,,,,,,,,,,,,,,5000,5678,5194,3084,8826,6216,6020,5931,6038,7655,7228,7515
'847329,"Parts and accessories of non-electronic calculators for accounting machines, cash registers ...",159,11,11,2,42,11,42,20,47,26,13,3,,,,,,,,,,,,,,,3523,5666,4314,4421,5085,5009,5632,5556,5121,5277,4162,3355
'293190,"Separate chemically defined organo-inorganic compounds (excl. organo-sulphur, mercury, tetramethyl ...",8,0,3,4,0,0,2,0,19,16,2,3,,,,,,,,,,,,,,,9357,10777,11002,12461,15843,8373,10870,12981,12247,12482,12202,15476
'960820,Felt-tipped and other porous-tipped pens and markers,0,0,2,0,8,0,0,0,2,0,0,3,,,,,,,,,,,,,,,1036,990,781,973,1130,1028,704,467,584,795,726,726
'151550,"Sesame oil and its fractions, whether or not refined, but not chemically modified",10,0,0,0,0,0,0,8,0,3,0,3,,,,,,,,,,,,,,,1831,2822,2390,2408,1825,2565,3065,2780,2032,2624,1579,2558
'381121,Prepared additives for oil lubricants containing petroleum oil or bituminous mineral oil,0,0,43,14,18,24,25,2,30,0,17,3,,,,,,,,,,,,,,,112,116,64,77,88,88,126,56,146,145,27,180
'390910,"Urea resins and thiourea resins, in primary forms",0,24,20,0,0,0,0,19,0,0,0,3,,,,,,,,,,,,,,,152,355,237,181,173,116,189,189,146,203,69,225
'480220,"Paper and paperboard of a kind used as a base for photosensitive, heat-sensitive or electrosensitive ...",0,15,2,6,4,6,3,13,5,0,15,3,,,,,,,,,,,,,,,19,66,26,15,45,33,13,27,27,6,26,14
'842131,Intake air filters for internal combustion engines,13,5,0,0,10,0,3,19,0,9,0,3,,,,,,,,,,,,,,,1023,807,602,830,698,604,521,685,675,910,724,253
'841510,"Air conditioning machines designed to be fixed to a window, wall, ceiling or floor, self-contained ...",0,4,0,0,5,0,0,0,0,0,0,3,,,,,,,,,,,,,,,1604,289,429,1155,544,257,200,340,94,463,345,416
'840590,Parts of producer gas or water gas generators and acetylene gas generators or similar water ...,0,0,0,0,0,0,0,14,0,0,0,3,,,,,,,,,,,,,,,75,111,113,28,26,0,73,119,39,78,2,3
'830510,"Fittings for loose-leaf binders or files, of base metal (excl. drawing pins and clasps for ...",0,0,0,0,1,0,0,0,0,4,4,3,,,,,,,,,,,,,,,77,233,64,148,52,72,18,56,15,80,10,21
'850433,Transformers having a power handling capacity > 16 kVA but <= 500 kVA (excl. liquid dielectric ...,0,8,1,4,2,24,0,6,0,0,0,3,,,,,,,,,,,,,,,484,795,829,2730,1921,452,1035,813,1627,2620,372,828
'851230,Electrical sound signalling equipment for cycles or motor vehicles,0,0,0,0,0,0,0,0,2,3,0,3,,,,,,,,,,,,,,,935,3253,1316,1745,2266,1707,1663,1687,901,981,1153,1048
'870990,"Parts of self-propelled works trucks, not fitted with lifting or handling equipment, of the ...",0,0,10,0,0,2,0,0,0,3,0,3,,,,,,,,,,,,,,,465,604,904,878,562,601,890,1025,564,775,591,512
'940490,"Articles of bedding and similar furnishing, fitted with springs or stuffed or internally filled ...",0,0,0,0,0,4,2,12,0,0,0,3,,,,,,,,,,,,,,,196,237,462,488,393,545,364,163,364,370,366,275
'650691,"Bathing caps, hoods and other headgear, whether or not lined or trimmed, of rubber or plastics ...",2,0,0,2,0,0,3,6,5,2,0,3,,,,,,,,,,,,,,,128,154,46,42,16,31,177,291,313,348,562,346
'843049,"Boring or sinking machinery for boring earth or extracting minerals or ores, not self-propelled ...",0,0,0,0,0,0,0,0,0,0,0,3,,,,,,,,,,,,,,,0,0,0,0,0,60,0,0,0,44,0,3
'842860,"Teleferics, chairlifts, ski-draglines; traction mechanisms for funiculars",0,0,0,0,0,0,10,10,0,0,0,3,,,,,,,,,,,,,,,46,0,0,0,83,0,22,27,81,0,122,3
'282010,Manganese dioxide,0,0,0,0,0,3,0,0,0,0,0,3,,,,,,,,,,,,,,,17,0,0,0,0,23,0,0,0,0,0,3
'090210,Green tea in immediate packings of <= 3 kg,2,7,5,7,0,10,6,5,2,20,0,3,,,,,,,,,,,,,,,1485,2063,1912,1769,1961,1410,1619,1609,1584,1389,1307,1614
'330510,Shampoos,0,2,0,16,0,8,5,0,5,0,1,3,,,,,,,,,,,,,,,1684,1668,1327,1775,1614,1772,1587,2015,1674,2187,1338,2203
'381900,Hydraulic brake fluids and other prepared liquids for hydraulic transmission not containing ...,4,9,24,44,19,5,0,0,0,37,55,3,,,,,,,,,,,,,,,97,33,88,90,59,36,54,35,37,63,163,15
'292249,"Amino-acids and their esters; salts thereof (excl. those with > one kind of oxygen function, ...",3,0,75,0,40,0,9,4,0,4,3,3,,,,,,,,,,,,,,,885,830,676,693,572,431,441,638,424,716,3828,334
'284690,"Compounds, inorganic or organic, of rare-earth metals, of yttrium or of scandium or of mixtures ...",0,0,0,0,0,2,5,0,0,0,0,3,,,,,,,,,,,,,,,0,80,16,38,142,126,100,28,94,236,242,631
'252930,"Leucite, nepheline and nepheline syenite",0,0,9,0,3,0,3,10,0,6,0,3,,,,,,,,,,,,,,,0,0,9,1,3,0,3,10,0,6,0,3
'847030,"Calculating machines, non-electronic",1,0,0,0,0,0,0,0,0,0,0,3,,,,,,,,,,,,,,,1,0,3,0,0,7,0,0,0,5,14,41
'730793,"Butt welding fittings of iron or steel (excl. cast iron or stainless steel products, and flanges)",0,7,2,3,4,0,2,2,0,8,18,3,,,,,,,,,,,,,,,1065,1590,1375,1433,1181,1258,1145,1008,757,687,675,670
'730120,"Angles, shapes and sections, of iron or steel, welded",0,0,0,0,0,0,0,0,23,0,2,3,,,,,,,,,,,,,,,21,13,43,7,30,14,31,5,56,37,95,84
'732490,"Sanitary ware, incl. parts thereof (excl. cans, boxes and similar containers of heading 7310, ...",0,0,0,3,0,3,3,0,4,0,0,3,,,,,,,,,,,,,,,5999,6832,6731,7795,6686,4793,5990,6999,6070,8135,5785,4594
'591120,"Bolting cloth, whether or not made up",0,0,0,11,0,0,2,0,0,0,0,3,,,,,,,,,,,,,,,15,24,26,28,16,8,7,8,14,0,8,24
'291560,"Butanoic acids, pentanoic acids, their salts and esters",3,0,0,3,0,0,0,0,0,0,0,3,,,,,,,,,,,,,,,87,0,28,20,2,0,0,0,2,0,0,3
'400122,"Technically specified natural rubber ""TSNR""",3,6,0,3,3,0,0,3,3,0,0,3,,,,,,,,,,,,,,,3,6,0,3,3,0,0,3,3,0,0,3
'151499,"High erucic acid rape or colza oil ""fixed oil which has an erucic acid content of >= 2%"", and ...",0,0,0,0,0,2,2,0,4,0,0,3,,,,,,,,,,,,,,,2,0,2,8,0,4,12,4,4,4,0,7
'200190,"Vegetables, fruit, nuts and other edible parts of plants, prepared or preserved by vinegar ...",0,0,0,0,0,0,0,0,0,0,0,3,,,,,,,,,,,,,,,49,65,136,100,129,36,83,140,69,94,111,99
'290513,"Butan-1-ol ""n-butyl alcohol""",0,0,18,6,0,0,0,0,0,14,0,3,,,,,,,,,,,,,,,8803,5233,3794,4506,3150,4786,4582,3191,1223,2107,3925,9805
'650610,"Safety headgear, whether or not lined or trimmed",3,5,0,14,16,2,6,0,8,11,5,3,,,,,,,,,,,,,,,2070,3570,2572,2255,2653,2550,1749,1635,1919,2757,1808,2187
'600624,"Printed cotton fabrics, knitted or crocheted, of a width of > 30 cm (excl. warp knit fabrics ...",23,94,0,27,35,20,4,8,0,159,14,3,,,,,,,,,,,,,,,57,109,7,33,35,24,26,8,84,180,80,6
'841690,"Parts of furnace burners such as mechanical stokers, incl. their mechanical grates, mechanical ...",4,10,7,8,0,6,0,4,124,53,6,3,,,,,,,,,,,,,,,221,496,209,248,557,438,504,717,472,375,190,365
'382000,Anti-freezing preparations and prepared de-icing fluids (excl. prepared additives for mineral ...,2,36,45,40,11,5,0,0,0,0,2,3,,,,,,,,,,,,,,,37,160,80,805,288,257,314,205,292,228,180,93
'480269,"Uncoated paper and paperboard, of a kind used for writing, printing or other graphic purposes, ...",0,17,3,0,5,1,5,0,3,3,7,3,,,,,,,,,,,,,,,68,138,97,40,260,80,44,210,77,162,107,52
'852550,"Transmission apparatus for radio-broadcasting or television, not incorporating reception apparatus",8,0,0,0,2,11,5,12,25,0,14,3,,,,,,,,,,,,,,,1034,1757,2143,1073,1611,1598,1956,1794,1612,2269,1047,1791
'820231,"Circular saw blades, incl. slitting or slotting saw blades, of base metal, with working parts ...",5,3,0,4,0,1,26,2,10,4,9,3,,,,,,,,,,,,,,,129,25,17,699,485,854,222,28,152,41,199,391
'283522,Mono- or disodium phosphate,3,0,0,0,0,0,0,0,0,1,0,3,,,,,,,,,,,,,,,28,0,0,0,8,0,7,7,14,1,0,3
'854460,"Electric conductors, for a voltage > 1.000 V, insulated, n.e.s.",4,1,2,0,0,0,0,2,4,2,6,3,,,,,,,,,,,,,,,1648,1616,2523,1394,1502,4589,547,1741,1246,833,1523,595
'200931,"Single citrus fruit juice, unfermented, Brix value <= 20 at 20¡C, whether or not containing ...",0,0,0,2,0,0,4,0,0,0,0,3,,,,,,,,,,,,,,,6,51,82,11,47,25,99,42,30,3,25,20
'283230,Thiosulphates,0,0,0,0,0,2,0,0,0,0,0,3,,,,,,,,,,,,,,,0,17,20,19,5,10,0,18,1,0,0,25
'400912,"Tubes, pipes and hoses, of vulcanised rubber (excl. hard rubber), not reinforced or otherwise ...",0,0,8,0,8,6,0,7,3,21,0,3,,,,,,,,,,,,,,,3804,9460,9024,11235,14832,15601,7045,9546,5120,6686,8009,7632
'480452,"Kraft paper and paperboard, uncoated, in rolls of a width > 36 cm or in square or rectangular ...",0,0,4,0,23,0,0,0,0,25,0,3,,,,,,,,,,,,,,,0,0,4,0,23,0,2,0,0,25,0,3
'841790,"Parts of industrial or laboratory furnaces, non-electric, incl. incinerators, n.e.s.",71,43,46,111,42,69,50,137,99,71,8,3,,,,,,,,,,,,,,,502,179,239,431,89,155,270,1447,219,181,101,188
'721113,"Flat-rolled products of iron or non-alloy steel, simply hot-rolled on four faces or in a closed ...",0,0,0,0,0,0,0,0,0,0,0,3,,,,,,,,,,,,,,,0,0,0,0,0,0,0,0,0,0,0,3
'851679,"Electro-thermic appliances, for domestic use (excl. hairdressing appliances and hand dryers, ...",4,5,2,16,5,27,9,168,62,7,22,2,,,,,,,,,,,,,,,2945,4766,2703,2728,2630,2207,2308,2351,1956,1455,1773,2055
'851989,"Sound recording or sound reproducing apparatus (excl. using magnetic, optical or semiconductor ...",0,4,3,0,0,0,0,0,2,0,0,2,,,,,,,,,,,,,,,78,71,241,26,108,43,98,53,6,44,77,92
'851440,Equipment for the heat treatment of materials by induction or dielectric loss (excl. ovens ...,0,0,12,0,0,12,1337,185,18,1176,0,2,,,,,,,,,,,,,,,323,1172,1640,1685,2371,287,2294,237,536,2281,1687,383
'853590,"Electrical apparatus for switching or protecting electrical circuits, or for making connections ...",16,0,0,4,0,0,3,0,8,0,0,2,,,,,,,,,,,,,,,745,802,562,1218,815,654,1003,639,1339,2012,479,1034
'520790,"Cotton yarn containing predominantly, but < 85% cotton by weight, put up for retail sale (excl. ...",14,0,0,83,8,0,0,4,0,0,0,2,,,,,,,,,,,,,,,17,12,4,90,30,2,0,7,0,0,0,20
'480530,"Sulphite wrapping paper, uncoated, in rolls of a width > 36 cm or in square or rectangular ...",0,0,0,0,1,0,0,0,0,0,0,2,,,,,,,,,,,,,,,0,0,0,0,1,0,1,0,0,0,0,2
'400300,"Reclaimed rubber in primary forms or in plates, sheets or strip",19,26,31,17,39,17,11,11,6,3,17,2,,,,,,,,,,,,,,,52,75,72,53,90,57,45,40,14,18,67,47
'283410,Nitrites,0,1,0,2,1,0,0,0,1,0,2,2,,,,,,,,,,,,,,,9,1,3,10,4,0,0,1,8,0,2,2
'330730,Perfumed bath salts and other bath and shower preparations,0,0,0,0,0,0,0,0,0,0,0,2,,,,,,,,,,,,,,,259,457,484,230,517,628,380,351,259,527,278,280
'392610,"Office or school supplies, of plastics, n.e.s.",0,4,3,5,0,0,0,6,2,10,5,2,,,,,,,,,,,,,,,3184,3769,2885,3344,2771,2722,2594,2634,2949,2975,3237,2368
'291632,Benzoyl peroxide and benzoyl chloride,0,18,5,0,0,1,1,0,1,0,13,2,,,,,,,,,,,,,,,69,262,237,230,0,8,105,66,180,22,78,109
'741529,"Rivets, cotters, cotter pins and the like, not threaded, of copper (excl. spring washers and ...",2,0,4,7,2,2,16,4,0,3,3,2,,,,,,,,,,,,,,,629,1301,929,957,930,1193,985,1122,482,650,637,684
'810299,"Articles of molybdenum, n.e.s.",0,0,0,0,0,0,0,71,146,217,150,2,,,,,,,,,,,,,,,1427,1907,1891,1822,2199,2428,1075,2387,1439,1543,1493,1520
'282110,Iron oxides and hydroxides,19,10,7,0,12,0,0,7,0,4,0,2,,,,,,,,,,,,,,,836,1247,934,1026,1045,745,821,917,830,962,540,827
'293379,"Lactams (excl. 6-hexanelactam ""epsilon-caprolactam"", clobazam ""INN"", methyprylon ""INN"", and ...",65,0,23,23,0,0,2,0,0,0,4,2,,,,,,,,,,,,,,,1610,221,1784,346,457,228,209,325,1023,226,135,796
'130239,"Mucilages and thickeners derived from vegetable products, whether or not modified (excl. from ...",0,0,0,2,0,0,0,0,3,0,0,2,,,,,,,,,,,,,,,67,27,31,7,85,10,54,14,63,14,1,77
'831120,"Cored wire of base metal, for electric arc-welding",7,0,20,8,0,27,81,17,64,21,0,2,,,,,,,,,,,,,,,881,1318,676,951,1011,842,917,759,1166,969,925,782
'901420,Instruments and appliances for aeronautical or space navigation (excl. compasses and radio ...,0,6,0,0,0,0,36,89,0,0,0,2,,,,,,,,,,,,,,,6553,1390,3609,3457,4044,5555,5545,2514,4519,7018,3315,4263
'290539,"Diols (excl. ethylene glycol ""ethanediol"" and propylene glycol ""propane-1,2-diol"")",2513,4364,3281,4054,7996,4422,4021,2572,3939,3284,3072,2,,,,,,,,,,,,,,,17652,17293,16873,13458,18245,14358,14086,16429,18925,14074,16609,19984
'291719,"Acyclic polycarboxylic acids, their anhydrides, halides, peroxides, peroxyacids and their halogenated, ...",0,33,2,0,0,0,7,31,2,3,5,2,,,,,,,,,,,,,,,354,445,414,249,504,181,177,330,308,103,561,397
'820551,"Household hand tools, non-mechanical, with working parts of base metal, n.e.s.",0,9,0,0,0,12,2,0,0,0,0,2,,,,,,,,,,,,,,,1061,1613,1651,1616,1289,1341,856,1290,1156,1249,1506,951
'848110,Pressure-reducing valves,18,2,17,5,0,0,32,9,4,11,4,2,,,,,,,,,,,,,,,1553,1795,1746,2032,2440,1991,1931,2120,1344,2229,1422,1695
'830400,"Filing cabinets, card-index cabinets, paper trays, paper rests, pen trays, office-stamp stands ...",5,0,0,10,0,3,4,9,17,3,0,2,,,,,,,,,,,,,,,90,285,115,58,137,174,111,181,64,138,90,121
'903032,Multimeters with recording device,4,0,0,8,3,0,0,7,4,0,0,2,,,,,,,,,,,,,,,211,278,142,147,550,132,278,283,305,294,583,467
'920992,"Parts and accessories for string musical instruments without keyboards, n.e.s. (excl. strings ...",0,4,0,0,0,0,8,0,0,0,0,2,,,,,,,,,,,,,,,747,1321,673,897,1193,747,782,941,1204,929,773,670
'848510,Machines for additive manufacturing by metal deposit,0,0,0,0,0,0,2,0,0,0,0,2,,,,,,,,,,,,,,,0,0,0,0,0,15,2,0,0,38,0,12
'903010,Instruments and apparatus for measuring or detecting ionising radiations,0,0,0,0,0,0,0,0,0,0,0,2,,,,,,,,,,,,,,,174,125,173,156,74,125,255,284,283,135,17,567
'481960,"Box files, letter trays, storage boxes and similar articles, of paperboard, of a kind used ...",3,2,2,0,4,4,1,8,2,3,5,2,,,,,,,,,,,,,,,41,35,14,20,50,83,29,46,91,18,109,30
'630590,"Sacks and bags, for the packing of goods, of textile materials (excl. man-made, cotton, jute ...",2,0,0,0,0,0,0,0,0,0,0,2,,,,,,,,,,,,,,,10,127,69,23,19,26,18,21,22,47,22,19
'520822,"Plain woven fabrics of cotton, containing >= 85% cotton by weight and weighing > 100 g to 200 ...",0,0,3,0,2,0,0,0,0,0,0,2,,,,,,,,,,,,,,,59,26,10,25,2,5,15,19,8,33,0,12
'520911,"Plain woven fabrics of cotton, containing >= 85% cotton by weight and weighing > 200 g/m_, ...",0,0,0,0,0,0,23,0,10,0,0,2,,,,,,,,,,,,,,,28,4,13,46,20,69,23,70,43,6,0,34
'441090,"Board of bagasse, bamboo or cereal straw particles or other ligneous materials, whether or ...",0,4,0,0,0,0,0,0,0,0,0,2,,,,,,,,,,,,,,,54,47,92,50,55,42,69,73,68,62,35,87
'292121,Ethylenediamine and its salts,4,8,2,0,3,5,9,3,2,6,0,2,,,,,,,,,,,,,,,496,311,380,677,207,256,206,363,49,239,140,148
'200799,"Jams, jellies, marmalades, purŽes or pastes of fruit, obtained by cooking, whether or not containing ...",16,28,52,45,63,7,65,52,20,27,60,2,,,,,,,,,,,,,,,1165,1833,1690,1304,1501,1329,1322,1511,1035,1303,1258,1049
'261400,Titanium ores and concentrates,0,0,0,0,0,3,0,0,0,0,0,2,,,,,,,,,,,,,,,29,369,228,0,0,5,0,0,0,0,0,2
'283210,Sodium sulphites,2,0,0,0,2,0,4,0,24,7,7,2,,,,,,,,,,,,,,,12,60,0,13,71,28,5,46,27,11,35,48
'540120,"Sewing thread of artificial filaments, whether or not put up for retail sale",0,6,0,0,3,0,0,2,0,0,0,2,,,,,,,,,,,,,,,4,6,22,0,4,0,0,7,13,2,0,8
'701090,"Carboys, bottles, flasks, jars, pots, phials and other containers, of glass, of a kind used ...",0,8,2,0,0,0,8,0,0,8,0,2,,,,,,,,,,,,,,,9481,11476,9920,8574,9025,7236,9489,8644,7961,7645,6149,9243
'811300,"Cermets and articles thereof, n.e.s.; waste and scrap of cermets (excl. ash and residues containing ...",7,18,9,0,7,22,0,6,13,15,6,2,,,,,,,,,,,,,,,1061,1088,1140,1007,1100,929,939,1242,1172,843,353,1856
'940179,"Seats, with metal frames (excl. upholstered, swivel seats with variable height adjustments ...",0,0,0,9,0,0,3,4,0,0,0,2,,,,,,,,,,,,,,,4639,6211,5300,5054,4800,4299,4797,4330,3820,5263,4412,4714
'901510,Rangefinders,0,0,0,0,0,2,2,0,0,4,4,2,,,,,,,,,,,,,,,638,938,686,469,512,369,434,987,469,1156,368,751
'830590,"Office articles such as letter clips, letter corners, paper clips and indexing tags, of base ...",0,0,0,1,0,20,0,0,0,0,0,2,,,,,,,,,,,,,,,188,156,197,133,151,132,110,216,199,193,258,138
'840290,"Parts of vapour generating boilers and superheated water boilers, n.e.s.",78,0,5,3,2,2,0,14,24,13,51,2,,,,,,,,,,,,,,,137,103,409,54,67,56,383,416,213,16,176,37
'600538,"Warp knit fabrics of synthetic fibres, of yarns of different colours ""incl. those made on galloon ...",0,4,0,0,18,2,0,0,4,17,0,2,,,,,,,,,,,,,,,13,20,9,10,21,2,5,9,29,17,11,2
'382313,"Tall oil fatty acids, industrial",0,0,0,0,0,0,0,0,0,0,0,2,,,,,,,,,,,,,,,0,0,0,0,2,0,0,0,1,0,0,13
'200600,"Vegetables, fruit, nuts, fruit-peel and other edible parts of plants, preserved by sugar ""drained, ...",0,0,0,0,0,0,0,0,0,0,0,2,,,,,,,,,,,,,,,448,437,400,594,562,378,375,650,256,491,321,323
'283510,"Phosphinates ""hypophosphites"" and phosphonates ""phosphites""",0,0,2,0,6,13,0,3,0,0,17,2,,,,,,,,,,,,,,,4,9,75,10,11,20,2,12,9,5,24,71
'300190,"Dried glands and other organs for organo-therapeutic uses, whether or not powdered; heparin ...",0,0,0,0,0,0,0,0,0,1,0,2,,,,,,,,,,,,,,,52,65,26,23,0,36,22,63,2,5,65,22
'291814,Citric acid,17,4,3,4,0,9,0,19,4,3,6,2,,,,,,,,,,,,,,,87,41,60,88,67,89,91,112,191,64,54,33
'401590,"Articles of apparel and clothing accessories, for all purposes, of vulcanised rubber (excl. ...",0,0,0,2,0,2,0,0,2,4,2,2,,,,,,,,,,,,,,,17,38,103,19,27,32,41,6,12,17,38,72
'250830,Fireclay (excl. kaolin and other kaolinic clays and expanded clay),14,13,16,5,12,14,10,13,17,13,10,2,,,,,,,,,,,,,,,19,22,23,14,18,18,17,105,26,17,10,26
'180500,"Cocoa powder, not containing added sugar or other sweetening matter",0,0,0,0,0,0,3,0,0,0,0,2,,,,,,,,,,,,,,,26,80,38,19,41,23,48,41,17,30,10,22
'841382,Liquid elevators (excl. pumps),0,0,11,7,0,0,0,0,0,6,0,2,,,,,,,,,,,,,,,2131,2075,123,1369,267,71,2641,66,1578,2188,686,687
'840490,Parts of auxiliary plant of heading 8402 or 8403 and condensers for steam or other vapour power ...,2,54,26,0,0,0,3,1,0,8,0,2,,,,,,,,,,,,,,,3255,742,1856,1184,437,1006,1628,765,1491,560,1802,1226
'721230,"Flat-rolled products of iron or non-alloy steel, of a width of < 600 mm, hot-rolled or cold-rolled ...",39,0,0,0,0,0,115,161,155,0,0,2,,,,,,,,,,,,,,,144,325,888,433,716,253,329,471,159,113,44,41
'820520,Hammers and sledge hammers with working parts of base metal,4,0,1,34,25,4,7,2,2,1,0,2,,,,,,,,,,,,,,,2205,4598,2748,3014,2990,2671,3195,2948,2810,3410,2625,2844
'940210,"Dentists', barbers' or similar chairs having rotating as well as both reclining and elevating ...",14,72,0,2,0,1,8,58,12,62,6,2,,,,,,,,,,,,,,,1524,1953,1681,891,1070,820,1244,1264,998,1212,1295,1391
'731813,"Screw hooks and screw rings, of iron or steel",2,4,11,0,0,0,6,0,2,1,0,1,,,,,,,,,,,,,,,165,245,141,125,87,159,115,185,153,162,120,73
'731449,"Grill, netting and fencing, of iron or steel wire, not welded at the intersection (excl. plated ...",4,13,2,7,5,0,14,0,3,4,19,1,,,,,,,,,,,,,,,329,394,416,248,331,283,359,307,216,494,294,287
'620630,"Women's or girls' blouses, shirts and shirt-blouses of cotton (excl. knitted or crocheted and ...",0,0,0,0,0,0,0,0,0,0,0,1,,,,,,,,,,,,,,,107,90,141,33,105,96,173,40,49,104,94,53
'600641,"Unbleached or bleached fabrics, knitted or crocheted, of artificial fibres, of a width of > ...",0,0,0,5,0,8,0,0,0,0,0,1,,,,,,,,,,,,,,,0,0,0,5,0,8,0,0,0,0,0,1
'841590,"Parts of air conditioning machines, comprising a motor-driven fan and elements for changing ...",0,19,0,47,17,1,29,33,26,1,1,1,,,,,,,,,,,,,,,4129,5541,4234,4477,4894,3755,3483,4153,4190,3510,4562,4320
'283620,Disodium carbonate,0,0,0,0,0,0,0,0,0,0,0,1,,,,,,,,,,,,,,,21,15,4,7,12,10,33,40,24,2,3,23
'293020,Thiocarbamates and dithiocarbamates (excl. inorganic or organic compounds of mercury),0,0,0,0,0,0,0,0,0,0,0,1,,,,,,,,,,,,,,,2,3,2,5,4,0,0,0,5,5,0,1
'321390,"Artist's, student's or signboard painter's colours, modifying tints, amusement colours and ...",3,0,6,0,0,0,0,0,0,0,0,1,,,,,,,,,,,,,,,62,402,234,204,208,253,141,93,119,160,96,38
'391729,"Rigid tubes, pipes and hoses, of plastics (excl. those of polymers of ethylene, propylene and ...",0,7,2,1,49,3,17,0,0,8,0,1,,,,,,,,,,,,,,,716,1277,944,958,1728,1178,1044,948,855,698,1008,1130
'903281,Hydraulic or pneumatic regulating or controlling instruments and apparatus (excl. manostats ...,18,33,27,4,7,14,10,311,81,43,25,1,,,,,,,,,,,,,,,1457,3020,2819,5681,6269,4371,4097,2496,1715,1732,1461,1902
'910610,Time registers and time recorders,0,4,1,1,1,1,1,1,0,2,0,1,,,,,,,,,,,,,,,143,188,136,144,128,167,119,112,132,115,161,89
'870895,"Safety airbags with inflator system and parts thereof, for tractors, motor vehicles for the ...",0,0,0,0,0,0,0,0,0,0,0,1,,,,,,,,,,,,,,,6959,7743,6861,6799,7297,6973,7278,6770,7867,6244,7129,6097
'860730,"Hooks and other coupling devices, buffers, and parts thereof, for railway or tramway locomotives ...",0,0,0,0,0,0,0,0,0,0,0,1,,,,,,,,,,,,,,,59,136,109,16,104,151,31,65,13,129,123,119
'121190,"Plants, parts of plants, incl. seeds and fruits, used primarily in perfumery, in pharmacy or ...",0,0,0,34,0,0,0,14,0,0,0,1,,,,,,,,,,,,,,,293,438,295,277,212,278,92,89,198,83,76,130
'480254,"Uncoated paper and paperboard, of a kind used for writing, printing or other graphic purposes, ...",0,0,0,12,0,0,6,0,0,5,0,1,,,,,,,,,,,,,,,42,0,34,12,40,13,8,17,10,7,8,12
'511190,"Woven fabrics containing predominantly, but < 85% carded wool or carded fine animal hair by ...",0,0,0,0,0,0,0,0,0,0,0,1,,,,,,,,,,,,,,,0,15,7,20,8,6,2,5,4,2,0,1
'760719,"Aluminium foil, not backed, rolled and further worked, of a thickness of <= 2 mm (excl. stamping ...",0,2,0,0,12,15,0,9,5,3,4,1,,,,,,,,,,,,,,,3228,2410,2881,2309,2437,3209,1918,2176,2493,2370,2422,3026
'830630,"Photograph, picture or similar frames, of base metal; mirrors of base metal (excl. optical ...",0,5,0,5,5,6,0,0,0,0,0,1,,,,,,,,,,,,,,,232,221,165,274,194,582,171,234,155,302,185,181
'481099,"Paper and paperboard, coated on one or both sides with kaolin ""China clay"" or other inorganic ...",0,13,12,0,0,0,1,0,0,1,0,1,,,,,,,,,,,,,,,4,20,14,1,2,25,7,7,5,11,103,19
'490110,"Printed books, brochures and similar printed matter, in single sheets, whether or not folded ...",1,44,1,3,33,0,1,4,0,0,0,1,,,,,,,,,,,,,,,1508,1453,1034,798,1284,867,745,797,714,933,655,851
'850690,"Parts of primary cells and primary batteries, n.e.s.",10,0,0,0,0,0,0,0,0,0,0,1,,,,,,,,,,,,,,,175,85,87,148,125,47,167,121,126,111,85,95
'340120,"Soap in the form of flakes, granules, powder, paste or in aqueous solution",0,0,0,0,0,0,0,0,0,0,0,1,,,,,,,,,,,,,,,6,13,6,2,4,8,8,2,13,17,0,7
'151530,"Castor oil and fractions thereof, whether or not refined, but not chemically modified",0,0,0,0,0,0,0,0,0,0,0,1,,,,,,,,,,,,,,,23,0,8,2,0,0,0,0,0,0,5,1
'090412,"Pepper of the genus Piper, crushed or ground",0,0,0,0,0,0,0,0,0,0,0,1,,,,,,,,,,,,,,,36,99,58,168,60,97,60,87,78,66,177,56
'591140,"Filtering or straining cloth of a kind used in oil-presses or for similar technical purposes, ...",3,3,0,2,0,0,0,0,0,0,0,1,,,,,,,,,,,,,,,41,12,38,46,38,38,45,10,39,45,59,4
'820310,"Files, rasps and similar hand tools of base metal",27,6,0,3,0,4,0,2,1,2,2,1,,,,,,,,,,,,,,,144,208,129,173,193,186,173,191,110,256,98,237
'691410,"Ceramic articles of porcelain or china, n.e.s.",0,0,0,0,0,0,0,0,0,2,0,1,,,,,,,,,,,,,,,51,20,6,67,16,37,72,58,22,53,25,60
'630800,"Sets consisting of woven fabric and yarn, whether or not with accessories, for making up into ...",0,0,0,0,0,0,0,0,0,1,0,1,,,,,,,,,,,,,,,10,16,14,23,26,24,14,16,19,24,12,8
'560741,"Binder or baler twine, of polyethylene or polypropylene",9,0,0,24,2,0,3,0,0,0,2,1,,,,,,,,,,,,,,,99,158,136,198,172,81,163,132,141,128,125,70
'152110,"Vegetable waxes, whether or not refined or coloured (excl. triglycerides)",0,0,0,0,2,0,0,0,0,0,0,1,,,,,,,,,,,,,,,0,0,0,0,2,0,9,0,0,0,0,1
'030636,"Shrimps and prawns, whether in shell or not, live, fresh or chilled (excl. cold-water shrimps ...",0,0,0,0,2,0,0,1,1,1,1,1,,,,,,,,,,,,,,,454,486,467,435,439,434,474,463,437,426,434,540
'940360,"Wooden furniture (excl. for offices, kitchens and bedrooms, and seats)",0,2,0,0,5,0,0,2,0,5,1,1,,,,,,,,,,,,,,,4797,6563,6386,5216,5194,5225,6044,5350,4502,3724,4716,4123
'820760,Interchangeable tools for boring or broaching,4,9,7,8,16,14,6,3,3,23,0,1,,,,,,,,,,,,,,,1179,1516,997,1359,1286,1056,932,888,1173,1091,697,837
'821193,"Knives having other than fixed blades, incl. pruning knives, of base metal (excl. razors)",0,0,0,0,0,0,0,0,0,0,3,1,,,,,,,,,,,,,,,1059,1946,1401,1054,1792,991,1159,917,1388,1327,1190,1170
'810194,"Unwrought tungsten, incl. bars and rods of tungsten obtained simply by sintering",0,0,0,0,0,0,0,0,0,1,0,1,,,,,,,,,,,,,,,0,61,77,10,12,11,206,225,10,128,9,39
'110290,"Cereal flours (excl. wheat, meslin and maize)",0,0,0,0,0,0,0,0,0,0,0,1,,,,,,,,,,,,,,,47,103,42,44,64,38,354,42,131,47,23,249
'220600,"Cider, perry, mead, sakŽ and other fermented beverages and mixtures of fermented beverages ...",0,0,0,0,0,0,0,0,0,2,0,1,,,,,,,,,,,,,,,174,177,123,101,84,16,149,65,113,172,64,169
'380190,"Preparations based on graphite or other carbon in the form of pastes, blocks, plates or other ...",27,6,0,4,11,0,12,6,3,5,0,1,,,,,,,,,,,,,,,216,126,85,105,112,108,73,46,23,215,64,81
'292212,Diethanolamine and its salts,0,0,0,0,0,0,0,0,0,0,0,1,,,,,,,,,,,,,,,107,83,284,169,46,168,34,79,163,79,171,299
'900410,Sunglasses,0,0,0,8,0,6,0,0,0,6,0,1,,,,,,,,,,,,,,,8027,9552,8103,6049,5843,5067,6530,7372,9282,9958,7972,7091
'911390,"Watch straps, watch bands and watch bracelets, and parts thereof, n.e.s.",0,2,2,1,1,5,6,2,2,0,1,1,,,,,,,,,,,,,,,737,661,754,907,720,1070,926,764,889,812,740,779
'850990,"Parts of electromechanical domestic appliances, with self-contained electric motor, n.e.s. ...",40,11,37,14,0,21,12,6,0,0,0,1,,,,,,,,,,,,,,,569,551,1025,538,628,810,721,908,401,598,567,565
'621430,"Shawls, scarves, mufflers, mantillas, veils and similar articles of synthetic fibres (excl. ...",0,0,0,0,0,0,0,0,0,0,0,1,,,,,,,,,,,,,,,120,38,33,0,72,22,9,62,50,34,75,7
'482090,"Blotting pads and similar articles of stationery, of paper and paperboard, and book covers ...",2,0,3,1,3,0,0,0,2,0,0,1,,,,,,,,,,,,,,,67,9,45,4,33,16,4,8,88,12,0,76
'961519,"Combs, hair-slides and the like (excl. of hard rubber or plastics)",0,0,0,0,0,0,0,0,0,0,0,1,,,,,,,,,,,,,,,679,397,460,374,459,445,877,295,343,607,636,307
'901190,"Parts and accessories for compound optical microscopes, n.e.s.",0,0,6,7,7,3,0,2,10,29,31,1,,,,,,,,,,,,,,,1311,780,1027,1183,734,782,885,1302,1642,787,811,1162
'170199,"Cane or beet sugar and chemically pure sucrose, in solid form (excl. cane and beet sugar containing ...",0,0,0,5,0,0,2,0,2,0,0,1,,,,,,,,,,,,,,,162,223,184,157,172,125,160,136,135,173,153,104
'300290,"Human blood; animal blood prepared for therapeutic, prophylactic or diagnostic uses",0,0,0,0,0,0,0,0,0,1,0,1,,,,,,,,,,,,,,,51,115,42,103,79,28,9,31,21,45,65,20
'340130,"Organic surface-active products and preparations for washing the skin, in the form of liquid ...",0,1,0,3,0,1,1,12,0,1,0,1,,,,,,,,,,,,,,,1082,1114,2214,884,1428,1158,1748,1932,1294,1470,1825,1645
'381231,"Mixtures of oligomers of 2,2,4-trimethyl-1,2-dihydroquinoline ""TMQ""",0,0,0,3,0,0,0,0,0,1,0,1,,,,,,,,,,,,,,,65,108,0,142,221,90,12,95,101,79,98,168
'470100,"Mechanical wood pulp, not chemically treated",0,0,0,0,0,0,0,0,0,1,0,1,,,,,,,,,,,,,,,0,0,0,0,0,0,0,0,0,1,0,1
'482370,"Moulded or pressed articles of paper pulp, n.e.s.",3,16,4,6,48,4,1,2,14,4,0,1,,,,,,,,,,,,,,,2397,3511,3468,3631,3622,3214,4278,3428,3009,3156,2575,2055
'730722,"Threaded elbows, bends and sleeves of stainless steel (excl. cast products)",77,0,106,104,48,0,0,0,0,0,0,1,,,,,,,,,,,,,,,1391,1781,1583,1561,1757,1631,1699,1277,1915,1651,1314,1615
'610910,"T-shirts, singlets and other vests of cotton, knitted or crocheted",0,0,0,0,3,0,0,5,0,0,0,1,,,,,,,,,,,,,,,1402,1086,686,1264,785,881,612,892,864,564,519,782
'620453,Women's or girls' skirts and divided skirts of synthetic fibres (excl. knitted or crocheted ...,0,0,0,0,0,0,0,0,0,0,0,1,,,,,,,,,,,,,,,95,88,143,42,64,55,76,124,129,152,40,83
'901310,"Telescopic sights for fitting to arms; periscopes; telescopes designed to form parts of machines, ...",0,0,0,0,0,0,0,0,0,0,0,0,,,,,,,,,,,,,,,1688,1458,1249,1698,1519,1694,1737,1594,1214,693,420,559
'901600,"Balances of a sensitivity of 50 mg or better, with or without weights",6,0,0,0,8,5,5,0,4,3,0,0,,,,,,,,,,,,,,,53,34,40,13,42,5,19,7,23,65,18,40
'901841,"Dental drill engines, whether or not combined on a single base with other dental equipment",0,0,0,0,0,0,0,0,0,0,13,0,,,,,,,,,,,,,,,398,562,495,120,434,297,6,184,303,336,302,263
'902213,Apparatus based on the use of X-rays for dental uses,0,0,0,0,0,0,0,0,0,0,0,0,,,,,,,,,,,,,,,0,0,0,1,0,79,18,4,119,0,0,0
'901050,"Apparatus and equipment for photographic or cinematographic laboratories, n.e.s.; negatoscopes",0,0,0,17,0,5,0,0,0,0,0,0,,,,,,,,,,,,,,,360,1420,100,151,155,102,0,62,391,0,1524,61
'901090,"Parts and accessories for apparatus and equipment for photographic or cinematographic laboratories, ...",0,0,0,0,0,0,0,0,0,0,0,0,,,,,,,,,,,,,,,81,9,20,26,8,14,5,0,0,128,5,30
'900311,"Frames and mountings for spectacles, goggles or the like, of plastics",0,0,0,0,0,0,0,0,0,0,0,0,,,,,,,,,,,,,,,821,1170,1374,901,1186,1223,981,1520,1133,1351,981,969
'880790,"Parts of aircraft and spacecraft, n.e.s.",0,0,0,0,2,0,0,0,0,0,0,0,,,,,,,,,,,,,,,2471,2157,3147,3000,3668,1666,3839,2816,4050,5418,3397,9177
'890190,Vessels for the transport of goods and vessels for the transport of both persons and goods ...,0,0,0,0,0,0,0,0,0,0,0,0,,,,,,,,,,,,,,,0,0,0,0,0,0,0,5421,0,0,0,0
'890322,"Sailboats, with or without auxiliary motor, of a length > 7,5 m but <= 24 m (excl. inflatable)",0,0,0,0,0,0,0,0,0,0,0,0,,,,,,,,,,,,,,,0,0,0,0,0,0,2014,161,0,0,0,0
'890510,Dredgers,0,0,0,0,0,0,0,0,0,0,0,0,,,,,,,,,,,,,,,0,0,0,0,0,0,0,0,0,0,0,0
'930110,"Artillery weapons ""e.g. guns, howitzers and mortars""",0,0,0,0,0,0,0,0,0,0,0,0,,,,,,,,,,,,,,,0,0,0,0,0,0,0,0,0,0,0,0
'940131,"Swivel seats with variable height adjustments, of wood (excl. medical, surgical, dental or ...",0,0,0,0,0,0,0,0,0,0,0,0,,,,,,,,,,,,,,,6,19,0,32,26,21,0,4,0,7,0,34
'940161,"Upholstered seats, with wooden frames (excl. convertible into beds)",0,0,0,0,0,0,0,0,0,0,0,0,,,,,,,,,,,,,,,21,64,127,115,36,29,22,8,39,31,59,53
'902781,Mass spectrometers,0,0,0,0,0,0,0,0,0,0,0,0,,,,,,,,,,,,,,,15,27,286,143,247,148,227,354,373,203,457,127
'902830,"Electricity supply or production meters, incl. calibrating meters therefor",31,9,0,0,14,0,0,0,0,0,0,0,,,,,,,,,,,,,,,229,132,295,187,147,238,128,341,89,103,101,250
'910599,"Clocks (excl. electrically operated, wrist-watches, pocket-watches and other watches of heading ...",0,0,0,0,0,0,0,0,0,0,0,0,,,,,,,,,,,,,,,67,57,30,14,57,18,25,39,19,10,60,23
'910910,"Clock movements, complete and assembled, electrically operated (excl. watch movements)",0,0,0,0,0,0,0,0,0,0,0,0,,,,,,,,,,,,,,,0,15,0,0,0,0,1,0,0,0,12,0
'911290,"Parts of clock and watch cases, n.e.s. (excl. for wrist-watches, pocket-watches and other watches ...",0,0,0,0,0,0,0,0,0,0,0,0,,,,,,,,,,,,,,,0,1,0,0,0,0,3,1,0,0,0,0
'911320,"Watch straps, watch bands and watch bracelets, and parts thereof, of base metal, whether or ...",0,0,0,0,0,0,0,0,0,0,0,0,,,,,,,,,,,,,,,436,93,317,222,244,236,252,261,272,307,200,184
'911430,Dials for clocks or watches,0,0,0,0,0,0,0,0,0,0,0,0,,,,,,,,,,,,,,,198,256,261,137,272,145,178,285,121,272,130,120
'920110,Upright pianos,0,3,0,0,0,0,0,0,3,0,0,0,,,,,,,,,,,,,,,3,3,19,54,0,23,12,16,3,2,13,3
'920120,Grand pianos,0,0,0,0,0,0,0,0,0,0,0,0,,,,,,,,,,,,,,,8,0,0,0,0,0,0,0,0,3,49,0
'920510,Brass-wind instruments,0,0,0,0,0,0,0,0,0,0,0,0,,,,,,,,,,,,,,,1861,4446,3511,1863,1684,2145,1999,1874,1529,2096,1381,1541
'920994,"Parts and accessories for musical instruments, the sound of which is produced, or must be amplified, ...",0,0,0,0,0,0,0,0,0,0,0,0,,,,,,,,,,,,,,,337,513,516,789,331,209,572,359,751,403,221,425
'851650,Microwave ovens,0,0,0,0,0,0,0,0,0,0,0,0,,,,,,,,,,,,,,,1,0,0,0,0,1,0,62,11,1,9,0
'851090,"Parts of electric shavers, hair clippers and hair-removing appliances, with self-contained ...",0,0,0,0,0,0,0,0,0,0,0,0,,,,,,,,,,,,,,,1076,1525,1173,1104,872,905,1483,1027,1449,969,1200,895
'850750,Nickel-metal hydride accumulators (excl. spent),0,0,0,0,0,0,0,0,0,0,0,0,,,,,,,,,,,,,,,216,215,199,139,86,267,288,98,172,223,167,291
'853310,"Fixed carbon resistors, composition or film types (excl. heating resistors)",0,0,3,6,9,0,0,0,1,7,0,0,,,,,,,,,,,,,,,178,198,257,330,301,219,291,197,119,181,198,242
'852849,"Cathode-ray tube monitors ""CRT"" (excl. computer monitors, with TV receiver)",0,0,0,0,0,0,0,0,0,0,0,0,,,,,,,,,,,,,,,0,0,3,0,0,1,0,9,0,0,0,0
'854911,Waste and scrap of lead-acid accumulators; spent lead-acid accumulators,0,0,0,0,0,0,0,0,0,0,0,0,,,,,,,,,,,,,,,0,0,0,0,0,0,0,0,0,0,79,80
'854913,"Primary cells, primary batteries and electric accumulators: spent goods and waste and scrap, ...",0,0,0,0,0,0,0,0,0,0,0,0,,,,,,,,,,,,,,,0,2,0,0,0,0,0,0,0,2,0,0
'860721,"Air brakes and parts thereof for railway or tramway locomotives or rolling stock, n.e.s.",0,0,0,0,0,0,0,0,0,0,0,0,,,,,,,,,,,,,,,0,0,0,1,4,0,0,4,2,4,0,0
'860900,"Containers, incl. containers for the transport of fluids, specially designed and equipped for ...",0,0,0,0,0,0,93,0,0,0,0,0,,,,,,,,,,,,,,,949,2825,1261,697,147,419,657,514,700,1540,884,232
'870230,"Motor vehicles for the transport of >= 10 persons, incl. driver, with both spark-ignition internal ...",0,0,0,0,0,0,0,0,0,0,0,0,,,,,,,,,,,,,,,0,0,0,0,0,0,1,0,0,0,0,0
'870390,Motor cars and other vehicles principally designed for the transport of ...,0,0,0,0,0,0,0,0,0,0,0,0,,,,,,,,,,,,,,,0,23,4,0,23,28,21,2,189,0,25,0
'870821,Safety seat belts for motor vehicles,5,0,0,0,0,0,0,0,0,2,0,0,,,,,,,,,,,,,,,174,627,168,805,810,301,845,310,515,337,282,271
'870850,"Drive-axles with differential, whether or not provided with other transmission components, ...",6,0,14,8,0,9,0,0,0,2,0,0,,,,,,,,,,,,,,,6543,7094,3745,5807,5402,4522,6254,5145,5022,5799,4512,4243
'871130,"Motorcycles, incl. mopeds, with reciprocating internal combustion piston engine of a cylinder ...",4,0,0,0,0,0,0,0,0,0,0,0,,,,,,,,,,,,,,,7221,8549,8791,4386,7693,3661,2877,1708,2180,2407,4117,3480
'871310,"Carriages for disabled persons, not mechanically propelled",0,3,0,0,2,0,0,0,0,4,0,0,,,,,,,,,,,,,,,932,714,948,943,697,441,299,533,771,465,748,565
'854151,Semiconductor-based transducers (excl. photosensitive),0,0,0,0,0,0,0,0,0,0,0,0,,,,,,,,,,,,,,,196,206,231,345,218,363,422,490,432,323,249,317
'853921,Tungsten halogen filament lamps (excl. sealed beam lamp units),4,13,13,0,0,0,0,11,0,7,0,0,,,,,,,,,,,,,,,1852,2057,2182,1838,2024,1952,2603,2672,2736,2100,1973,2275
'871610,"Trailers and semi-trailers of the caravan type, for housing or camping",0,0,0,0,0,0,0,0,0,0,0,0,,,,,,,,,,,,,,,10,0,0,0,0,0,0,0,0,0,0,0
'880220,"Aeroplanes and other powered aircraft of an unladen weight <= 2.000 kg (excl. helicopters, ...",0,0,0,0,0,0,0,0,0,0,0,0,,,,,,,,,,,,,,,0,0,0,0,0,0,0,0,0,0,0,0
'880260,"Spacecraft, incl. satellites, and suborbital and spacecraft launch vehicles",0,0,0,0,0,0,0,0,0,0,0,0,,,,,,,,,,,,,,,0,0,0,0,0,0,0,0,96,0,0,40
'880510,"Aircraft launching gear and parts thereof, n.e.s. (excl. motor winches for launching gliders); ...",0,0,0,0,0,0,0,0,0,0,0,0,,,,,,,,,,,,,,,0,56,71,0,0,10,0,0,0,0,0,7
'880623,"Unmanned aircraft, for remote-controlled flight only, with maximum take-off weight > 7 kg but ...",0,0,0,0,0,0,0,0,0,0,0,0,,,,,,,,,,,,,,,293,314,230,321,707,1421,1927,3646,4309,9456,11051,9558
'970310,"Original sculptures and statuary, in any material, over 100 years old",0,0,0,0,0,0,0,0,0,0,0,0,,,,,,,,,,,,,,,0,0,0,0,0,0,0,0,0,0,0,0
'960891,Pen nibs and nib points,0,0,0,0,0,0,0,0,0,0,0,0,,,,,,,,,,,,,,,3,0,1,32,5,28,2,26,1,43,12,23
'960400,Hand sieves and hand riddles (excl. colanders),0,0,0,0,0,1,1,0,0,0,0,0,,,,,,,,,,,,,,,2,0,4,3,6,2,1,7,0,3,1,2
'960500,"Travel sets for personal toilet, sewing or shoe or clothes cleaning (excl. manicure sets)",0,0,0,0,0,0,0,0,0,0,0,0,,,,,,,,,,,,,,,25,139,65,92,60,245,60,168,114,232,70,141
'940383,"Furniture of rattan (excl. seats and medical, surgical, dental or veterinary furniture)",0,0,0,0,0,0,0,0,0,0,0,0,,,,,,,,,,,,,,,0,5,0,73,0,0,0,0,0,0,0,0
'940541,"Photovoltaic luminaires and lighting fittings, solely for light-emitting diode ""LED"" light ...",0,2,0,0,0,0,0,0,0,0,0,0,,,,,,,,,,,,,,,345,190,173,421,667,324,304,175,279,454,334,121
'940690,"Prefabricated buildings, whether or not complete or already assembled (excl. of wood, and modular ...",0,0,0,0,44,0,46,0,0,264,0,0,,,,,,,,,,,,,,,1743,1901,1373,1087,1207,1408,1234,856,1016,808,1124,1570
'950612,Ski bindings,0,0,0,0,0,0,0,0,0,0,0,0,,,,,,,,,,,,,,,37,69,387,358,739,924,837,648,262,111,76,108
'950661,Tennis balls (excl. table tennis balls),0,0,0,0,0,0,0,0,0,0,0,0,,,,,,,,,,,,,,,328,225,458,462,249,529,271,332,381,575,323,292
'950730,Fishing reels,4,8,0,0,0,0,0,0,0,0,0,0,,,,,,,,,,,,,,,136,234,162,282,205,206,334,442,252,193,372,209
'950821,Roller coasters,0,0,0,0,0,0,0,0,0,0,0,0,,,,,,,,,,,,,,,0,0,0,0,0,0,0,0,0,0,0,0
'950823,DodgeÕem cars,0,0,0,0,0,0,0,0,0,0,0,0,,,,,,,,,,,,,,,0,0,0,0,0,0,0,0,0,0,0,0
'620461,"Women's or girls' trousers, bib and brace overalls, breeches and shorts of wool or fine animal ...",0,0,0,0,0,0,0,0,0,0,0,0,,,,,,,,,,,,,,,31,86,93,41,32,32,42,31,53,38,23,109
'620829,Women's or girls' nightdresses and pyjamas of textile materials (excl. cotton and man-made ...,0,0,0,0,0,0,0,0,0,0,0,0,,,,,,,,,,,,,,,7,38,0,8,0,0,0,0,0,2,5,0
'620891,"Women's or girls' singlets and other vests, briefs, panties, nŽgligŽs, bathrobes, dressing ...",0,0,0,0,0,0,0,0,0,0,0,0,,,,,,,,,,,,,,,0,29,3,5,5,0,47,0,1,2,0,0
'620930,Babies' garments and clothing accessories of synthetic fibres (excl. knitted or crocheted and ...,0,0,0,0,0,0,0,0,0,0,0,0,,,,,,,,,,,,,,,0,0,3,0,7,2,0,0,0,2,0,0
'621112,Women's or girls' swimwear (excl. knitted or crocheted),0,0,0,0,0,0,0,0,0,0,0,0,,,,,,,,,,,,,,,5,0,53,6,3,0,4,0,0,12,2,0
'630120,"Blankets and travelling rugs of wool or fine animal hair (excl. electric, table covers, bedspreads ...",0,0,0,0,0,0,0,0,0,0,0,0,,,,,,,,,,,,,,,1,21,2,2,1,7,4,4,4,1,11,6
'630190,"Blankets and travelling rugs of textile materials (excl. of wool or fine animal hair, cotton ...",0,0,0,0,0,0,0,0,0,0,0,0,,,,,,,,,,,,,,,146,218,256,170,218,221,205,118,148,224,181,158
'630251,Table linen of cotton (excl. knitted or crocheted),0,0,0,0,0,0,0,0,0,0,0,0,,,,,,,,,,,,,,,2,6,0,0,2,0,3,11,0,0,9,4
'630291,"Toilet linen and kitchen linen of cotton (excl. of terry fabrics, floorcloths, polishing cloths, ...",0,0,0,0,7,0,0,0,0,0,0,0,,,,,,,,,,,,,,,4,7,9,15,7,0,8,2,1,1,5,14
'630319,"Curtains, incl. drapes, and interior blinds, curtain or bed valances, knitted or crocheted ...",0,0,0,0,0,0,0,0,0,0,0,0,,,,,,,,,,,,,,,11,0,33,1,3,38,0,59,19,37,2,27
'630391,"Curtains, incl. drapes, and interior blinds, curtain or bed valances of cotton (excl. knitted ...",0,0,0,0,0,0,0,0,0,0,0,0,,,,,,,,,,,,,,,0,0,0,0,0,0,0,0,0,0,0,0
'630539,"Sacks and bags, for the packing of goods, of man-made textile materials (excl. of polyethylene ...",0,2,40,20,0,0,14,0,0,2,0,0,,,,,,,,,,,,,,,103,270,134,113,180,24,149,70,67,42,95,23
'630720,"Life jackets and life belts, of all types of textile materials",0,0,0,7,6,0,0,0,0,9,0,0,,,,,,,,,,,,,,,102,75,34,94,65,9,111,128,65,94,60,48
'611019,"Jerseys, pullovers, cardigans, waistcoats and similar articles, of fine animal hair, knitted ...",0,0,0,0,0,0,0,0,0,0,0,0,,,,,,,,,,,,,,,2,42,10,7,12,0,12,5,12,20,5,15
'611231,"Men's or boys' swimwear of synthetic fibres, knitted or crocheted",0,0,0,0,0,0,0,0,0,0,0,0,,,,,,,,,,,,,,,16,34,17,22,4,2,17,102,11,4,0,0
'611249,"Women's or girls' swimwear of textile materials, knitted or crocheted (excl. synthetic fibres)",0,0,0,0,0,0,0,0,0,0,0,0,,,,,,,,,,,,,,,0,6,0,0,0,0,1,3,3,8,0,0
'611420,"Special garments for professional, sporting or other purposes, n.e.s., of cotton, knitted or ...",0,0,0,0,0,0,0,0,0,0,0,0,,,,,,,,,,,,,,,12,11,6,29,2,19,12,152,8,29,43,38
'611522,"Pantyhose and tights of synthetic fibres, knitted or crocheted, measuring per single yarn >= ...",0,0,0,0,0,0,0,0,0,0,0,0,,,,,,,,,,,,,,,223,341,516,356,212,214,194,259,172,167,136,185
'611596,"Full-length or knee-length stockings, socks and other hosiery, incl. footwear without applied ...",0,0,0,0,0,0,0,0,0,0,0,0,,,,,,,,,,,,,,,450,911,618,818,407,187,575,733,647,638,639,442
'620220,"Women's or girls' overcoats, car-coats, capes, cloaks, anoraks, incl. ski jackets, wind-cheaters, ...",0,0,0,0,0,0,0,0,0,0,0,0,,,,,,,,,,,,,,,259,214,155,146,139,145,148,183,221,305,247,417
'620240,"Women's or girls' overcoats, car-coats, capes, cloaks, anoraks, incl. ski jackets, wind-cheaters, ...",0,0,0,0,0,0,0,0,5,0,0,0,,,,,,,,,,,,,,,266,833,235,142,214,282,1022,394,438,399,489,188
'620349,"Men's or boys' trousers, bib and brace overalls, breeches and shorts of textile materials (excl. ...",0,0,0,0,0,0,0,0,4,0,0,0,,,,,,,,,,,,,,,713,774,935,607,625,799,496,373,290,900,462,228
'620433,"Women's or girls' jackets and blazers of synthetic fibres (excl. knitted or crocheted, wind-jackets ...",0,0,0,0,1,0,0,0,0,0,0,0,,,,,,,,,,,,,,,27,26,50,6,30,30,703,29,18,77,26,27
'551319,"Woven fabrics containing predominantly, but < 85% synthetic staple fibres by weight, mixed ...",0,0,0,0,0,0,0,0,0,0,0,0,,,,,,,,,,,,,,,0,0,0,0,0,0,0,0,0,0,0,0
'551331,"Plain woven fabrics containing predominantly, but < 85% polyester staple fibres by weight, ...",0,19,0,0,0,0,0,0,0,46,0,0,,,,,,,,,,,,,,,240,19,0,0,0,0,0,0,3,46,0,0
'581091,"Embroidery of cotton on a textile fabric ground, in the piece, in strips or in motifs (excl. ...",0,0,0,0,0,0,0,0,0,0,0,0,,,,,,,,,,,,,,,1,17,4,0,6,22,5,26,0,39,48,26
'590110,"Textile fabrics coated with gum or amylaceous substances, of a kind used for the outer covers ...",0,0,0,0,0,0,0,0,0,0,0,0,,,,,,,,,,,,,,,30,6,38,27,24,14,7,21,34,8,5,28
'550991,"Yarn containing predominantly, but < 85% synthetic staple fibres by weight, mixed principally ...",0,0,0,0,0,0,0,0,0,0,0,0,,,,,,,,,,,,,,,5,0,0,25,0,0,0,10,5,0,0,0
'551020,"Yarn containing predominantly, but < 85% artificial staple fibres by weight, mixed principally ...",0,0,0,0,0,0,0,0,0,0,0,0,,,,,,,,,,,,,,,0,0,0,0,0,0,0,0,0,0,0,0
'551120,"Yarn containing predominantly, but < 85% synthetic staple fibres by weight, put up for retail ...",0,0,0,0,0,0,0,0,0,0,0,0,,,,,,,,,,,,,,,0,0,0,0,0,0,0,0,0,0,0,0
'610331,"Men's or boys' jackets and blazers of wool or fine animal hair, knitted or crocheted (excl. ...",0,0,0,0,0,0,0,0,0,0,0,0,,,,,,,,,,,,,,,18,17,0,3,7,7,5,7,27,47,10,4
'610333,"Men's or boys' jackets and blazers of synthetic fibres, knitted or crocheted (excl. wind-jackets ...",0,0,0,0,0,0,0,0,0,0,0,0,,,,,,,,,,,,,,,13,4,65,2,1,13,0,7,0,0,0,2
'610349,"Men's or boys' trousers, bib and brace overalls, breeches and shorts of textile materials, ...",0,0,0,0,0,0,0,0,0,0,0,0,,,,,,,,,,,,,,,137,168,252,222,211,123,314,185,353,112,354,139
'610423,"Women's or girls' ensembles of synthetic fibres, knitted or crocheted (excl. ski ensembles ...",0,0,0,0,0,0,0,0,0,0,0,0,,,,,,,,,,,,,,,10,0,21,10,4,0,11,2,1,0,8,13
'610443,"Women's or girls' dresses of synthetic fibres, knitted or crocheted (excl. petticoats)",0,0,0,0,0,0,0,0,0,0,0,0,,,,,,,,,,,,,,,78,120,98,81,75,49,35,64,187,27,59,50
'610463,"Women's or girls' trousers, bib and brace overalls, breeches and shorts of synthetic fibres, ...",0,0,0,0,0,0,0,0,0,0,0,0,,,,,,,,,,,,,,,272,401,316,368,434,507,274,247,496,253,195,272
'610620,"Women's or girls' blouses, shirts and shirt-blouses of man-made fibres, knitted or crocheted ...",0,0,0,0,4,0,0,0,0,0,0,0,,,,,,,,,,,,,,,130,91,219,102,89,23,45,153,62,58,36,112
'610712,"Men's or boys' underpants and briefs of man-made fibres, knitted or crocheted",0,0,0,0,0,0,0,0,0,0,0,0,,,,,,,,,,,,,,,3,0,0,21,2,3,5,5,25,0,0,2
'610722,"Men's or boys' nightshirts and pyjamas of man-made fibres, knitted or crocheted (excl. vests ...",0,0,0,0,0,0,0,0,0,3,0,0,,,,,,,,,,,,,,,29,21,0,34,13,0,27,15,70,20,0,18
'610892,"Women's or girls' nŽgligŽs, bathrobes, dressing gowns, housejackets and similar articles of ...",0,0,0,0,0,0,0,0,0,0,0,0,,,,,,,,,,,,,,,25,30,18,13,2,14,39,0,19,25,16,22
'600610,"Fabrics, knitted or crocheted, of a width of > 30 cm, of wool or fine animal hair (excl. warp ...",0,0,0,0,0,0,0,0,0,0,6,0,,,,,,,,,,,,,,,34,4,0,31,22,125,39,0,0,0,6,0
'720390,"Spongy ferrous products, obtained from molten pig iron by atomisation, iron of a purity of ...",0,0,0,0,0,0,0,0,0,0,0,0,,,,,,,,,,,,,,,0,0,0,0,3,0,4,0,2,0,2,0
'720711,"Semi-finished products of iron or non-alloy steel containing, by weight, < 0,25% of carbon, ...",0,0,0,0,0,0,0,0,0,0,0,0,,,,,,,,,,,,,,,0,0,0,0,0,0,0,0,0,0,0,0
'720810,"Flat-rolled products of iron or non-alloy steel, of a width of >= 600 mm, in coils, simply ...",0,0,0,0,0,0,0,0,0,0,0,0,,,,,,,,,,,,,,,0,0,0,0,0,0,6,0,0,13,0,0
'600521,"Unbleached or bleached cotton warp knit fabrics ""incl. those made on galloon knitting machines"", ...",0,0,0,0,0,0,0,0,0,3,0,0,,,,,,,,,,,,,,,0,0,0,0,0,0,0,0,0,4,0,0
'640220,"Footwear with outer soles and uppers of rubber or plastics, with upper straps or thongs assembled ...",0,0,0,0,0,0,0,0,0,0,0,0,,,,,,,,,,,,,,,54,63,111,0,49,0,109,0,75,47,65,69
'640312,"Ski-boots, cross-country ski footwear and snowboard boots, with outer soles of rubber, plastics, ...",0,0,0,0,0,0,0,0,0,0,0,0,,,,,,,,,,,,,,,0,0,0,0,5,0,0,0,0,0,0,0
'640351,"Footwear with outer soles and uppers of leather, covering the ankle (excl. incorporating a ...",0,0,0,0,0,0,0,0,0,0,0,0,,,,,,,,,,,,,,,58,22,43,14,30,49,24,87,21,20,12,72
'640419,Footwear with outer soles of rubber or plastics and uppers of textile materials (excl. sports ...,0,0,0,0,0,0,0,0,0,0,0,0,,,,,,,,,,,,,,,1590,867,928,1118,523,527,1015,658,664,780,610,858
'660110,Garden or similar umbrellas (excl. beach tents),0,0,0,0,0,0,0,0,0,0,0,0,,,,,,,,,,,,,,,0,37,19,106,0,7,87,0,39,115,42,0
'690911,"Ceramic wares for laboratory, chemical or other technical uses, of porcelain or china (excl. ...",0,0,0,0,0,1,0,0,1,0,0,0,,,,,,,,,,,,,,,4558,3323,4607,5348,3601,5053,5026,3633,4053,3433,4018,4751
'691190,"Household and toilet articles, of porcelain or china (excl. tableware and kitchenware, baths, ...",0,0,0,0,0,0,0,0,0,0,0,0,,,,,,,,,,,,,,,0,8,6,25,13,2,15,13,2,32,11,3
'691310,"Statuettes and other ornamental articles of porcelain or china, n.e.s.",0,0,0,0,0,0,0,0,0,0,0,0,,,,,,,,,,,,,,,19,43,623,42,1,59,2,45,22,68,72,22
'700220,"Rods of glass, unworked",0,0,3,0,0,12,0,0,0,0,0,0,,,,,,,,,,,,,,,0,0,3,0,0,12,0,0,0,0,0,5
'700319,"Cast glass and rolled glass, in non-wired sheets, not otherwise worked (excl. glass coloured ...",0,0,0,0,0,0,0,0,0,0,0,0,,,,,,,,,,,,,,,5212,7810,11338,5954,7865,5794,6186,9488,9223,10415,7628,9872
'700529,"Float glass and surface ground and polished glass, in sheets, but not otherwise worked (excl. ...",0,2,0,0,0,0,0,0,0,2,0,0,,,,,,,,,,,,,,,9084,7495,10562,11045,12394,10050,11578,16169,18269,16642,12743,13603
'701110,"Glass envelopes, incl. bulbs and tubes, open, and glass parts thereof, without fittings, for ...",0,0,0,0,0,0,0,0,0,0,0,0,,,,,,,,,,,,,,,0,0,0,2,0,0,0,1,0,0,0,0
'701322,"Drinking glasses, stemware, of lead crystal",0,0,0,0,0,0,0,0,0,0,0,0,,,,,,,,,,,,,,,1,0,0,0,0,0,0,0,0,0,0,0
'701610,"Glass cubes and other glass smallwares, whether or not on a backing, for mosaics or similar ...",0,0,0,0,0,0,0,0,0,0,0,0,,,,,,,,,,,,,,,0,0,0,0,5,0,0,4,0,0,0,0
'701720,"Laboratory, hygienic or pharmaceutical glassware, whether or not graduated or calibrated, having ...",0,0,0,1,0,0,0,0,0,0,0,0,,,,,,,,,,,,,,,291,382,403,200,162,128,139,179,275,175,246,255
'701820,Glass microspheres <= 1 mm in diameter,0,0,0,0,0,0,1,0,0,2,0,0,,,,,,,,,,,,,,,9,0,5,14,5,9,9,13,47,7,4,30
'701961,Closed woven fabrics of rovings of glass fibres,0,14,33,25,17,40,20,16,2,0,0,0,,,,,,,,,,,,,,,11,30,50,25,43,50,43,16,28,13,9,4
'701963,"Closed woven fabrics, plain weave, of glass fibre yarns (excl. coated or laminated)",0,0,0,0,0,0,0,0,0,0,0,0,,,,,,,,,,,,,,,22581,30099,27866,23979,33716,24835,27095,33280,24546,25195,30089,32038
'710812,"Gold, incl. gold plated with platinum, unwrought, for non-monetary purposes (excl. gold in ...",0,0,0,0,0,0,0,105,0,0,0,0,,,,,,,,,,,,,,,63016,99584,139485,124913,116564,106311,118483,117353,115154,196868,40295,142004
'711031,"Rhodium, unwrought or in powder form",0,0,0,0,0,0,0,0,0,0,0,0,,,,,,,,,,,,,,,3920,6432,723,1499,4651,0,5943,8318,4720,2177,11967,10724
'711100,"Base metals, silver or gold, clad with platinum, not further worked than semi-manufactured",0,0,0,0,0,0,0,0,0,0,0,0,,,,,,,,,,,,,,,0,0,0,0,0,0,16,0,1,0,0,0
'720120,"Non-alloy pig iron in pigs, blocks or other primary forms, containing by weight >= 0,5% phosphorus",0,0,0,0,0,0,0,0,0,0,0,0,,,,,,,,,,,,,,,0,0,0,0,0,0,0,0,0,0,0,0
'730820,"Towers and lattice masts, of iron or steel",0,0,0,0,0,0,0,0,0,0,0,0,,,,,,,,,,,,,,,0,0,0,0,0,0,461,0,250,0,0,187
'730900,"Reservoirs, tanks, vats and similar containers, of iron or steel, for any material ""other than ...",0,51,108,0,5,0,0,8,0,2,0,0,,,,,,,,,,,,,,,5972,2991,5893,11643,16002,9038,10318,4893,3674,4449,9038,10198
'731300,"Barbed wire of iron or steel; twisted hoop or single flat wire, barbed or not, and loosely ...",0,0,0,0,0,2,0,10,2,0,0,0,,,,,,,,,,,,,,,0,2,8,0,4,2,0,10,20,0,0,0
'731431,"Grill, netting and fencing, of iron or steel wire, welded at the intersection, plated or coated ...",0,0,0,1,0,0,0,0,0,0,0,0,,,,,,,,,,,,,,,5,29,9,2,3,0,72,0,2,2,1,0
'731441,"Grill, netting and fencing, of iron or steel wire, not welded at the intersection, plated or ...",9,0,0,0,0,0,0,0,0,0,0,0,,,,,,,,,,,,,,,127,89,58,109,90,127,83,3,198,56,0,14
'731450,"Expanded metal, of iron or steel",2,1,0,3,0,0,0,0,1,0,0,0,,,,,,,,,,,,,,,44,105,81,11,6,3,37,8,42,144,9,0
'731519,"Parts of articulated link chain, of iron or steel",0,0,0,0,0,0,0,0,0,0,0,0,,,,,,,,,,,,,,,1135,1944,1623,1063,909,1040,932,894,1177,1239,1207,1275
'731582,"Welded link chain of iron or steel (excl. articulated link chain, skid chain and stud-link ...",0,0,0,0,0,0,0,0,0,0,0,0,,,,,,,,,,,,,,,190,197,178,168,291,137,187,353,235,172,262,133
'722710,"Bars and rods of high-speed steel, hot-rolled, in irregularly wound coils",0,0,0,0,0,0,0,19,0,0,0,0,,,,,,,,,,,,,,,0,0,0,0,0,0,0,19,0,0,0,0
'722490,Semi-finished products of alloy steel other than stainless,0,0,0,0,5,0,0,0,5,0,0,0,,,,,,,,,,,,,,,19,44,78,27,65,30,2,6,21,105,34,32
'730711,Tube or pipe fittings of non-malleable cast iron,0,0,0,0,4,0,0,0,0,0,0,0,,,,,,,,,,,,,,,226,180,171,126,112,124,64,106,42,164,73,80
'730441,"Tubes, pipes and hollow profiles, seamless, of circular cross-section, of stainless steel, ...",0,0,0,0,0,0,0,0,0,0,0,0,,,,,,,,,,,,,,,37,160,102,119,50,82,51,60,239,73,123,51
'720925,"Flat-rolled products of iron or non-alloy steel, of a width of >= 600 mm, not in coils, simply ...",0,0,0,0,0,0,0,0,15,0,0,0,,,,,,,,,,,,,,,14,15,36,15,33,15,15,35,29,19,0,13
'721911,"Flat-rolled products of stainless steel, of a width of >= 600 mm, not further worked than hot-rolled, ...",0,0,0,0,0,0,0,0,0,0,0,0,,,,,,,,,,,,,,,0,11,33,0,7,0,3,397,0,85,0,0
'721633,"H sections of iron or non-alloy steel, not further worked than hot-rolled, hot-drawn or hot-extruded, ...",63,35,15,0,58,43,21,117,21,40,0,0,,,,,,,,,,,,,,,1664,5016,4189,1342,2917,2106,693,377,3224,91,1210,2905
'721669,"Angles, shapes and sections, of iron or non-alloy steel, not further worked than cold-formed ...",0,0,0,2,0,0,0,2,0,0,2,0,,,,,,,,,,,,,,,25,32,25,38,36,7,33,47,31,36,30,49
'722219,"Bars and rods of stainless steel, only hot-rolled, only hot-drawn or only extruded (excl. of ...",0,5,0,0,0,0,0,0,0,0,0,0,,,,,,,,,,,,,,,349,729,378,543,523,341,166,347,489,230,458,656
'830300,"Armoured or reinforced safes, strongboxes and doors and safe deposit lockers for strongrooms, ...",0,2,0,0,0,0,0,0,0,0,0,0,,,,,,,,,,,,,,,628,570,473,885,429,502,549,689,754,512,309,388
'790390,"Zinc powders and flakes (excl. grains of zinc, and spangles of heading 8308, and zinc dust)",0,15,0,0,0,0,0,0,0,0,0,0,,,,,,,,,,,,,,,58,15,40,60,125,10,193,45,79,54,75,71
'790500,"Zinc plates, sheets, strip and foil",11,4,7,0,9,6,0,11,4,4,8,0,,,,,,,,,,,,,,,21,45,34,23,32,26,98,18,62,117,117,39
'810110,Tungsten powders,0,0,0,0,0,0,0,0,0,0,0,0,,,,,,,,,,,,,,,6,0,11,0,2,8,9,0,0,0,0,34
'810295,"Molybdenum bars and rods (other than those obtained simply by sintering), profiles, plates, ...",0,0,0,0,0,0,0,0,0,0,0,0,,,,,,,,,,,,,,,0,8,47,40,17,58,0,16,6,53,1001,20
'810297,Molybdenum waste and scrap (excl. ash and residues containing molybdenum),0,0,0,0,0,0,0,0,0,0,0,0,,,,,,,,,,,,,,,0,81,113,13,0,86,0,0,237,0,0,0
'810411,"Unwrought magnesium, containing >= 99,8% by weight of magnesium",0,0,0,0,0,0,0,0,0,0,0,0,,,,,,,,,,,,,,,0,30,0,0,0,0,0,0,0,31,0,68
'810921,"Unwrought zirconium and zirconium powders, containing < 1 part hafnium to 500 parts zirconium ...",17,0,0,0,17,0,0,0,15,0,0,0,,,,,,,,,,,,,,,17,0,0,0,17,0,0,0,15,0,0,0
'740829,"Wire of copper alloys (other than copper-zinc alloys [brass], copper-nickel alloys [cupro-nickel] ...",5,20,10,0,0,6,0,16,0,5,0,0,,,,,,,,,,,,,,,1270,1248,1689,1022,1247,1092,864,1284,1311,1829,1166,2078
'761010,"Doors, windows and their frames and thresholds for door, of aluminium (excl. door furniture)",113,0,0,0,2,0,8,0,0,0,0,0,,,,,,,,,,,,,,,963,1213,1061,1021,1122,1057,984,697,1019,891,732,749
'761100,"Reservoirs, tanks, vats and similar containers, of aluminium, for any material (other than ...",0,0,0,0,0,0,0,0,0,0,0,0,,,,,,,,,,,,,,,0,2,0,0,8,7,15,7,0,0,7,0
'780419,"Lead plates; lead sheets, strip and foil, of a thickness ""excl. any backing"" of > 0,2 mm",0,0,0,0,0,0,0,0,0,5,0,0,,,,,,,,,,,,,,,0,0,1,0,1,0,0,0,1,5,0,0
'732189,"Stoves, heaters, grates, fires, wash boilers, braziers and similar domestic appliances, of ...",0,0,0,0,0,0,0,0,0,0,0,0,,,,,,,,,,,,,,,90,101,246,623,406,713,134,300,177,285,9,92
'732421,"Baths of cast iron, whether or not enamelled",0,0,0,0,0,0,0,0,0,0,0,0,,,,,,,,,,,,,,,0,0,0,0,0,0,16,0,0,0,0,0
'841861,Heat pumps (excl. air conditioning machines of heading 8415),0,0,0,0,0,6,0,0,0,2,0,0,,,,,,,,,,,,,,,0,48,6,6,9,27,19,46,0,2,2,0
'841891,Furniture designed to receive refrigerating or freezing equipment,141,91,0,0,162,124,10,205,69,0,101,0,,,,,,,,,,,,,,,157,260,9,35,183,376,140,366,280,204,108,15
'841470,Gas-tight biological safety cabinets,0,0,0,0,0,0,0,0,0,0,0,0,,,,,,,,,,,,,,,0,0,0,0,0,0,0,0,0,0,0,0
'841280,"Engines and motors (excl. steam turbines, internal combustion piston engine, hydraulic turbines, ...",3,3,3,2,3,0,24,1,3,13,7,0,,,,,,,,,,,,,,,52,108,108,143,88,110,149,133,46,160,34,86
'840140,"Parts of nuclear reactors, n.e.s. [Euratom]",0,0,0,0,0,0,0,0,0,0,0,0,,,,,,,,,,,,,,,0,0,0,0,0,0,0,0,0,0,0,0
'830710,"Flexible tubing of iron or steel, with or without fittings",0,18,8,0,15,12,8,22,18,29,8,0,,,,,,,,,,,,,,,700,748,816,821,1546,621,972,1150,934,1093,655,902
'841121,Turbopropellers of a power <= 1.100 kW,0,0,0,0,0,0,0,0,0,0,0,0,,,,,,,,,,,,,,,0,0,0,30,0,0,0,0,0,0,0,22
'841182,Gas turbines of a power > 5.000 kW (excl. turbojets and turbopropellers),0,0,0,0,0,0,0,0,0,0,0,0,,,,,,,,,,,,,,,0,0,0,0,0,0,0,0,0,0,8935,0
'842219,Dishwashing machines (excl. those of the household type),0,0,0,0,0,0,0,0,0,0,0,0,,,,,,,,,,,,,,,23,10,0,0,0,6,6,11,22,45,0,0
'842482,"Agricultural or horticultural mechanical appliances, whether or not hand-operated, for projecting ...",0,57,0,0,0,0,8,0,0,0,12,0,,,,,,,,,,,,,,,621,624,617,456,386,762,536,839,764,867,777,541
'842541,Built-in jacking systems of a type used in garages,93,167,26,9,12,22,9,38,0,0,0,0,,,,,,,,,,,,,,,319,420,332,175,385,263,194,92,279,197,172,100
'842620,Tower cranes,0,0,0,0,0,0,0,0,0,0,0,0,,,,,,,,,,,,,,,0,0,0,0,394,294,0,0,263,169,3,0
'842870,Industrial robots,0,0,0,0,0,0,25,0,61,0,0,0,,,,,,,,,,,,,,,362,611,535,43,376,194,736,946,155,158,0,95
'842919,"Self-propelled bulldozers and angledozers, on wheels",0,1,0,0,0,0,0,0,0,0,0,0,,,,,,,,,,,,,,,0,1,0,0,0,0,0,0,1,0,0,0
'843031,Self-propelled coal or rock cutters and tunnelling machinery (excl. hydraulically operated ...,0,0,0,0,0,0,0,0,0,0,0,0,,,,,,,,,,,,,,,0,0,0,0,0,0,0,0,0,0,0,0
'843069,"Earth moving machinery, not self-propelled, n.e.s.",0,0,0,0,0,0,0,0,0,0,0,0,,,,,,,,,,,,,,,0,0,2,94,0,0,0,0,0,0,0,0
'843320,"Mowers, incl. cutter bars for tractor mounting (excl. mowers for lawns, parks or sports grounds)",0,0,0,0,0,0,0,0,0,0,0,0,,,,,,,,,,,,,,,0,4,4,0,0,0,0,0,0,0,0,2
'843340,"Straw or fodder balers, incl. pick-up balers",0,0,0,0,0,0,0,0,0,0,0,0,,,,,,,,,,,,,,,0,0,0,0,0,0,0,0,0,0,0,0
'843352,Threshing machinery (excl. combine harvester-threshers),0,0,0,0,0,0,0,0,0,0,0,0,,,,,,,,,,,,,,,0,0,2,0,0,0,0,7,0,0,0,2
'847010,Electronic calculators capable of operation without an external source of electric power and ...,0,0,0,0,0,0,0,0,0,0,0,0,,,,,,,,,,,,,,,0,8,3,42,61,9,0,3,0,2,6,1
'847431,Concrete or mortar mixers (excl. those mounted on railway wagons or lorry chassis),7,0,7,0,0,0,0,0,7,0,0,0,,,,,,,,,,,,,,,37,65,28,21,69,90,69,9,29,77,2,26
'847590,"Parts of machines for assembling electric or electronic lamps, tubes or valves or flashbulbs, ...",0,6,0,0,0,4,2,0,0,16,0,0,,,,,,,,,,,,,,,29506,32067,32571,101348,41975,39686,33653,57318,53023,122422,40804,64424
'847690,"Parts of automatic goods-vending machines, incl. money changing machines, n.e.s.",0,1,7,3,0,1,3,1,0,0,0,0,,,,,,,,,,,,,,,2447,665,669,840,653,1180,720,656,1306,503,456,403
'846022,"Centreless grinding machines for finishing metal, numerically controlled (other than gear finishing ...",0,68,0,0,46,0,0,0,0,0,0,0,,,,,,,,,,,,,,,841,1322,275,143,867,60,524,473,481,85,1070,561
'846219,"Hot forming machines for forging, die forging incl. presses, and hot hammers (excl. closed ...",2321,0,671,826,0,256,83,641,355,231,89,0,,,,,,,,,,,,,,,3110,1011,845,2419,246,1099,1028,694,3001,1050,938,373
'846233,"Numerically controlled shearing machines, for flat products (excl. presses, and combined punching ...",0,0,0,0,47,0,0,72,0,0,0,0,,,,,,,,,,,,,,,359,0,203,1475,47,351,482,72,0,183,0,73
'846420,"Grinding or polishing machines, for working stone, ceramics, concrete, asbestos-cement or like ...",660,0,0,199,0,945,19,0,0,276,0,0,,,,,,,,,,,,,,,679,1278,293,712,1272,1157,442,1304,545,1166,257,365
'844711,"Circular knitting machines, with cylinder diameter <= 165 mm",0,25,4,23,0,0,25,0,0,7,0,0,,,,,,,,,,,,,,,536,123,304,39,18,241,48,42,18,301,14,38
'845420,"Ingot moulds and ladles, of a kind used in metallurgy or in metal foundries",0,1,0,0,0,0,0,0,0,0,0,0,,,,,,,,,,,,,,,43,8,0,42,0,0,30,11,2,0,0,30
'845510,Mills for rolling metal tubes,0,0,0,0,0,0,0,0,0,0,0,0,,,,,,,,,,,,,,,0,0,172,0,0,227,0,758,0,0,0,227
'845522,Cold-rolling mills for metal (excl. tube mills),0,0,0,17,0,0,0,0,55,0,0,0,,,,,,,,,,,,,,,1179,967,563,1561,627,1124,724,330,835,1014,0,0
'843840,"Brewery machinery (excl. centrifuges and filtering, heating or refrigerating equipment)",0,0,0,0,0,0,0,0,0,0,0,0,,,,,,,,,,,,,,,0,0,0,0,0,0,0,0,0,0,0,0
'843860,"Machinery for the industrial preparation of fruits, nuts or vegetables (excl. cooking and other ...",2,29,24,2,14,18,0,111,7,10,0,0,,,,,,,,,,,,,,,334,606,490,405,492,469,669,441,572,651,294,759
'843910,"Machinery for making pulp of fibrous cellulosic material (excl. autoclaves, boilers and other ...",0,0,0,0,0,26,0,0,0,0,0,0,,,,,,,,,,,,,,,109,0,0,0,10,55,13,0,48,18,0,0
'844010,"Bookbinding machinery, incl. book-sewing machines (excl. machinery of heading 8441, general-purpose ...",0,0,0,3,0,0,17,121,46,0,0,0,,,,,,,,,,,,,,,1023,313,93,451,151,205,659,190,124,115,57,423
'844140,"Machines for moulding articles in paper pulp, paper or paperboard (excl. drying equipment)",0,0,0,0,0,0,0,0,0,0,0,0,,,,,,,,,,,,,,,98,589,693,557,0,1017,76,258,87,0,199,2590
'844311,"Offset printing machinery, reel fed",0,0,0,0,0,0,0,0,0,0,0,0,,,,,,,,,,,,,,,0,0,236,153,0,96,0,19,0,31,0,45
'844400,"Machines for extruding, drawing, texturing or cutting man-made textile materials",0,0,0,0,0,0,0,0,0,129,0,0,,,,,,,,,,,,,,,6,604,2,0,682,0,0,2,81,575,479,0
'844530,Textile doubling or twisting machines,0,0,0,0,0,3,0,3,0,0,0,0,,,,,,,,,,,,,,,104,0,0,0,0,23,0,3,0,15,0,0
'511120,"Woven fabrics containing predominantly, but < 85% carded wool or carded fine animal hair by ...",2,0,0,0,0,0,0,0,0,0,0,0,,,,,,,,,,,,,,,2,0,2,0,0,0,0,0,0,2,0,5
'511211,Woven fabrics containing >= 85% combed wool or combed fine animal hair by weight and weighing ...,0,0,0,0,0,0,0,0,0,0,0,0,,,,,,,,,,,,,,,0,0,0,0,0,0,0,0,0,0,7,0
'520612,"Single cotton yarn containing predominantly, but < 85% cotton by weight, of uncombed fibres ...",0,0,0,0,0,0,0,0,0,0,0,0,,,,,,,,,,,,,,,454,644,387,513,361,853,270,611,842,572,182,1104
'520635,"Multiple ""folded"" or cabled cotton yarn containing predominantly, but < 85% cotton by weight, ...",0,0,0,0,0,0,0,0,0,0,0,0,,,,,,,,,,,,,,,0,0,0,0,0,0,0,0,0,0,0,0
'482030,"Binders (other than book covers), folders and file covers, of paper or paperboard",0,0,0,0,0,0,0,0,0,0,0,0,,,,,,,,,,,,,,,830,1606,452,29,30,16,17,67,34,55,0,7
'482040,"Manifold business forms and interleaved carbon sets, of paper or paperboard",0,0,0,0,0,0,0,0,0,0,0,0,,,,,,,,,,,,,,,7,1,0,4,0,4,4,1,3,31,4,1
'520819,"Woven fabrics of cotton, containing >= 85% cotton by weight and weighing <= 200 g/m_, unbleached ...",0,0,0,0,0,0,2,0,0,0,0,0,,,,,,,,,,,,,,,3,2,0,1,0,2,3,0,15,0,11,0
'521111,"Plain woven fabrics of cotton, containing predominantly, but < 85% cotton by weight, mixed ...",0,0,0,0,0,0,0,0,0,0,0,0,,,,,,,,,,,,,,,0,24,0,0,0,1,0,13,0,0,0,0
'521211,"Woven fabrics of cotton, containing predominantly, but < 85% cotton by weight, other than those ...",0,0,0,0,0,0,0,0,11,0,0,0,,,,,,,,,,,,,,,0,0,0,0,0,2,0,0,11,0,0,0
'521221,"Woven fabrics of cotton, containing predominantly, but < 85% cotton by weight, other than those ...",0,0,0,0,0,0,0,0,0,0,0,0,,,,,,,,,,,,,,,6,0,0,0,2,0,0,0,0,0,0,0
'530919,"Woven fabrics of flax, containing >= 85% flax by weight, dyed, made of yarn of different colours, ...",0,0,0,0,0,0,0,0,0,0,0,0,,,,,,,,,,,,,,,0,1,0,0,0,0,0,0,1,0,0,0
'551623,"Woven fabrics containing predominantly, but < 85% artificial staple fibres, mixed principally ...",14,1,0,0,20,8,0,0,4,0,0,0,,,,,,,,,,,,,,,14,1,0,0,20,8,0,0,11,0,0,0
'560121,"Wadding of cotton and articles thereof (excl. sanitary towels and tampons, napkins and napkin ...",0,4,0,0,0,0,0,1,0,0,0,0,,,,,,,,,,,,,,,73,99,96,95,91,64,125,209,72,91,76,69
'560729,"Twine, cordage, ropes and cables, of sisal or other textile fibres of the genus Agave, whether ...",0,0,0,0,0,0,0,0,0,1,0,0,,,,,,,,,,,,,,,8,14,5,22,16,2,4,1,1,10,2,1
'570220,"Floor coverings of coconut fibres ""coir"", woven, whether or not made up",0,0,0,0,0,0,0,0,0,0,0,0,,,,,,,,,,,,,,,0,0,0,0,0,0,0,0,0,0,0,0
'570249,"Carpets and other floor coverings, of vegetable textile materials or coarse animal hair, woven, ...",0,0,0,0,0,0,0,0,0,0,0,0,,,,,,,,,,,,,,,0,0,12,2,0,0,0,0,0,1,0,0
'570291,"Carpets and other floor coverings, of wool or fine animal hair, woven, not tufted or flocked, ...",0,0,0,0,0,0,0,0,0,0,0,0,,,,,,,,,,,,,,,0,0,0,0,0,0,0,0,0,0,0,0
'570329,"Carpets and other floor coverings, of nylon or other polyamides, tufted ""needle punched"", whether ...",0,0,0,0,0,0,0,0,0,0,0,0,,,,,,,,,,,,,,,2,0,3,0,7,0,0,0,4,40,0,0
'570331,"Turf, of man-made textile materials, tufted ""needle punched"", whether or not made up (excl. ...",0,0,0,0,0,0,0,0,0,0,0,0,,,,,,,,,,,,,,,0,0,0,0,0,0,0,0,0,0,0,0
'580122,"Cut corduroy, of cotton (excl. terry towelling and similar woven terry fabrics, tufted textile ...",0,0,0,0,0,0,0,0,0,0,0,0,,,,,,,,,,,,,,,0,0,0,0,0,0,0,0,0,0,0,0
'580190,"Woven pile fabrics and chenille fabrics (excl. those of man-made fibres, wool or fine animal ...",0,0,0,0,0,0,0,0,0,0,0,0,,,,,,,,,,,,,,,0,0,2,3,0,0,7,0,7,0,0,0
'580220,"Terry towelling and similar woven terry fabrics (excl. those of cotton, narrow woven fabrics ...",0,0,0,0,0,0,0,0,0,0,0,0,,,,,,,,,,,,,,,39,0,0,14,5,1,67,13,1,48,0,0
'540833,"Woven fabrics of yarn containing predominantly, but < 85% artificial filament by weight, incl. ...",0,0,0,0,0,0,0,0,0,0,0,0,,,,,,,,,,,,,,,0,4,0,0,0,0,0,0,0,0,0,0
'550119,"Filament tow as specified in Note 1 to chapter 55, of nylon or other polyamides (excl. of aramids)",0,0,3,0,0,0,0,0,0,0,0,0,,,,,,,,,,,,,,,43,89,55,26,59,61,20,16,9,24,7,0
'550120,"Filament tow as specified in Note 1 to chapter 55, of polyesters",0,0,38,0,0,37,0,0,0,0,0,0,,,,,,,,,,,,,,,53,6,42,0,0,58,3,0,2,0,0,0
'550630,"Acrylic or modacrylic staple fibres, carded, combed or otherwise processed for spinning",0,0,0,0,0,0,0,0,0,0,0,0,,,,,,,,,,,,,,,0,0,0,0,0,0,0,0,0,0,0,0
'540332,"Yarn of viscose rayon filament, incl. monofilament of < 67 decitex, single, with a twist of ...",0,0,0,0,0,0,0,0,1,1,0,0,,,,,,,,,,,,,,,0,0,0,14,0,20,0,2,1,1,0,0
'470500,Wood pulp obtained by a combination of mechanical and chemical pulping processes,0,0,0,0,0,0,0,0,0,0,0,0,,,,,,,,,,,,,,,0,0,0,0,0,0,0,0,0,0,0,0
'480210,Handmade paper and paperboard of any size or shape,0,0,0,0,0,0,0,0,0,0,0,0,,,,,,,,,,,,,,,68,154,9,0,99,0,2,69,39,104,21,56
'480262,"Uncoated paper and paperboard, of a kind used for writing, printing or other graphic purposes, ...",0,0,0,0,0,0,0,0,0,0,0,0,,,,,,,,,,,,,,,5,19,17,5,13,1,4,10,4,16,8,9
'481019,"Paper and paperboard used for writing, printing or other graphic purposes, not containing fibres ...",0,0,0,0,0,0,2,0,0,0,0,0,,,,,,,,,,,,,,,2490,2393,2490,1985,1763,1925,2191,2677,2760,2503,1622,2340
'481029,"Paper and paperboard used for writing, printing or other graphic purposes, of which > 10% by ...",0,0,0,0,0,0,0,12,0,0,0,0,,,,,,,,,,,,,,,96,59,71,27,78,39,0,145,24,112,81,15
'481031,"Kraft paper and paperboard, bleached uniformly throughout the mass and containing > 95% chemically ...",5,0,8,8,10,0,0,0,0,0,0,0,,,,,,,,,,,,,,,5,0,8,8,10,0,0,0,0,0,0,0
'420310,"Articles of apparel, of leather or composition leather (excl. clothing accessories, footware ...",0,0,0,0,0,0,0,1,0,0,0,0,,,,,,,,,,,,,,,255,194,187,197,97,191,327,195,211,211,120,161
'430110,"Raw furskins of mink, whole, with or without heads, tails or paws",0,0,0,0,0,0,0,0,0,0,0,0,,,,,,,,,,,,,,,0,0,0,0,0,0,0,0,1,0,0,0
'440112,"Fuel wood, in logs, billets, twigs, faggots or similar forms, non-coniferous",0,0,0,0,0,0,0,0,0,0,0,0,,,,,,,,,,,,,,,0,0,0,29,0,32,0,3,0,0,0,0
'440149,"Wood waste and scrap, not agglomerated (excl. sawdust)",0,0,0,0,0,0,0,0,0,0,0,0,,,,,,,,,,,,,,,0,0,0,0,0,0,1,0,0,0,0,0
'440321,"Pine ""Pinus spp."" in the rough, of which the smallest cross-sectional dimension is =>15 cm, ...",0,0,0,0,0,0,0,0,0,0,0,0,,,,,,,,,,,,,,,0,0,0,0,0,0,0,0,0,0,0,0
'440349,"Tropical wood in the rough, whether or not stripped of bark or sapwood, or roughly squared ...",0,0,0,0,0,0,0,0,0,0,0,0,,,,,,,,,,,,,,,0,0,0,0,110,25,110,39,0,0,0,0
'440391,"Oak ""Quercus spp."" in the rough, whether or not stripped of bark or sapwood, or roughly squared ...",0,0,0,0,0,0,0,0,0,0,0,0,,,,,,,,,,,,,,,0,0,0,0,0,0,0,0,0,0,0,0
'440691,"Railway or tramway sleepers ""cross-ties"" of wood, impregnated, coniferous",0,0,0,0,0,0,0,0,0,0,0,0,,,,,,,,,,,,,,,0,0,0,0,0,0,0,0,0,0,0,0
'440711,"Pine ""Pinus spp."" sawn or chipped lengthwise, sliced or peeled, whether or not planed, sanded ...",0,0,0,0,0,0,31,0,0,0,0,0,,,,,,,,,,,,,,,0,0,0,0,0,24,31,186,3,0,0,66
'440725,"Dark red meranti, light red meranti and meranti bakau, sawn or chipped lengthwise, sliced or ...",0,0,0,0,0,0,0,0,0,7,0,0,,,,,,,,,,,,,,,0,0,0,1,0,0,44,2,0,7,0,46
'440793,"Maple ""Acer spp."", sawn or chipped lengthwise, sliced or peeled, whether or not planed, sanded ...",0,0,0,0,0,0,0,0,0,0,0,0,,,,,,,,,,,,,,,0,0,0,0,0,0,0,0,0,0,0,0
'440795,"Ash ""Fraxinus spp."", sawn or chipped lengthwise, sliced or peeled, whether or not planed, sanded ...",0,0,0,0,0,0,0,0,0,0,0,0,,,,,,,,,,,,,,,0,0,0,0,0,0,0,0,0,0,0,0
'441233,"Plywood consisting solely of sheets of wood <= 6 mm thick, with at least one outer ply of non-coniferous ...",0,77,0,0,0,0,0,79,0,0,0,0,,,,,,,,,,,,,,,1164,1921,1087,1377,1503,515,556,954,1223,851,549,767
'441300,"Metallised wood and other densified wood in blocks, plates, strips or profile shapes",0,0,0,0,0,0,0,0,0,0,0,0,,,,,,,,,,,,,,,6,5,16,21,6,1,3,6,2,1,11,9
'441510,"Cases, boxes, crates, drums and similar packings, of wood; cable-drums of wood",0,0,0,0,0,0,0,0,0,0,0,0,,,,,,,,,,,,,,,1301,2427,2321,2086,1477,1886,2257,2404,2724,2086,1396,1933
'441830,"Posts and beams, of wood (excl. products of 4418.81 to 4418.89)",0,0,0,0,0,0,0,0,0,0,0,0,,,,,,,,,,,,,,,0,0,0,0,0,0,0,0,0,0,0,0
'441882,"Cross-laminated timber ""CLT or X-lam""",0,0,0,0,0,0,0,0,0,0,0,0,,,,,,,,,,,,,,,0,0,0,0,0,0,0,0,0,0,0,0
'441892,Cellular wood panels,0,0,0,0,0,0,0,0,0,0,0,0,,,,,,,,,,,,,,,0,0,0,0,0,0,0,0,0,0,0,0
'450390,"Articles of natural cork (excl. cork in square or rectangular blocks, plates, sheets or strips; ...",0,0,0,0,0,0,0,0,0,0,0,0,,,,,,,,,,,,,,,3,0,0,0,0,0,0,0,0,4,3,0
'460121,"Mats, matting and screens of bamboo plaiting materials, flat-woven or bound together in parallel",0,0,0,0,0,0,0,0,0,0,0,0,,,,,,,,,,,,,,,0,0,2,0,0,0,0,0,2,1,0,0
'381800,"Chemical elements and compounds doped for use in electronics, in the form of discs, wafers, ...",0,0,0,0,0,0,0,0,0,0,0,0,,,,,,,,,,,,,,,84224,99160,94107,96376,102446,82596,88186,92951,99526,92129,86584,88813
'382319,"Fatty acids, industrial, monocarboxylic; acid oils from refining (excl. stearic acid, oleic ...",0,1,24,4,8,0,7,2,0,0,20,0,,,,,,,,,,,,,,,522,659,468,644,733,953,522,930,1154,1360,923,1087
'382450,Non-refractory mortars and concretes,12,0,0,0,19,0,0,0,0,0,0,0,,,,,,,,,,,,,,,21,29,4,0,36,14,0,67,4,31,79,10
'382759,"Mixtures containing perfluorocarbons ""PFCs"" (excl. containing chlorofluorocarbons ""CFCs"", hydrochlorofluorocarbons ...",0,0,0,0,0,0,0,0,0,0,0,0,,,,,,,,,,,,,,,0,4,2,4,2,0,1,19,0,59,0,0
'382768,"Mixtures containing other hydrofluorocarbons ""HFCs"" than in subheadings of 3827 till 3827.59, ...",0,0,0,0,0,0,0,0,0,0,0,0,,,,,,,,,,,,,,,5,0,0,0,0,0,0,0,0,0,0,0
'390220,"Polyisobutylene, in primary forms",0,0,10,5,4,2,0,18,0,0,0,0,,,,,,,,,,,,,,,11,35,10,11,4,2,2,37,2,3,0,0
'370610,"Cinematographic film, exposed and developed, whether or not incorporating soundtrack or consisting ...",0,0,0,0,0,0,0,0,0,0,0,0,,,,,,,,,,,,,,,0,0,0,0,0,0,1,0,0,0,0,0
'340520,"Polishes, creams and similar preparations, for the maintenance of wooden furniture, floors ...",0,0,0,0,0,0,0,0,0,0,0,0,,,,,,,,,,,,,,,6,46,4,27,22,34,7,12,23,0,5,6
'340700,"Modelling pastes, incl. those put up for children's amusement; preparations known as ""dental ...",36,0,0,13,0,0,0,0,9,0,0,0,,,,,,,,,,,,,,,269,365,197,259,253,203,153,84,79,129,86,181
'310551,Mineral or chemical fertilisers containing nitrates and phosphates (excl. ammonium dihydrogenorthophosphate ...,0,0,0,0,0,0,0,0,0,0,0,0,,,,,,,,,,,,,,,0,0,0,0,0,0,0,0,0,0,0,0
'310590,Mineral or chemical fertilisers containing the two fertilising elements nitrogen and potassium ...,0,0,0,0,0,0,0,0,0,0,0,0,,,,,,,,,,,,,,,96,53,72,41,27,20,25,39,63,28,32,7
'330190,"Extracted oleoresins; concentrates of essential oils in fats, fixed oils, waxes and the like, ...",0,0,6,0,4,0,0,0,0,6,0,0,,,,,,,,,,,,,,,303,79,72,142,96,276,55,116,25,290,42,206
'330410,Lip make-up preparations,18,26,0,33,3,0,33,33,0,28,28,0,,,,,,,,,,,,,,,3571,5245,3074,5885,3687,3577,3424,3091,3837,3258,3936,3259
'300630,Opacifying preparations for x-ray examinations; diagnostic reagents for administration to patients,0,0,0,0,0,0,0,0,0,0,0,0,,,,,,,,,,,,,,,76,57,604,32,55,23,54,65,38,36,32,79
'300640,Dental cements and other dental fillings; bone reconstruction cements,0,0,0,0,0,0,56,0,0,53,0,0,,,,,,,,,,,,,,,129,156,224,179,186,124,199,149,242,197,85,197
'310229,Double salts and mixtures of ammonium sulphate and ammonium nitrate (excl. goods of this chapter ...,0,0,0,0,0,0,0,0,0,0,0,0,,,,,,,,,,,,,,,0,0,0,0,0,0,0,0,0,0,0,0
'310230,"Ammonium nitrate, whether or not in aqueous solution (excl. that in tablets or similar forms, ...",0,0,0,0,0,0,0,0,0,0,0,0,,,,,,,,,,,,,,,0,0,0,0,0,0,0,0,0,0,0,0
'310420,"Potassium chloride for use as fertiliser (excl. that in tablets or similar forms, or in packages ...",24,0,0,0,0,0,0,0,0,0,0,0,,,,,,,,,,,,,,,39,0,21,0,0,0,0,21,0,0,110,0
'400921,"Tubes, pipes and hoses, of vulcanised rubber (excl. hard rubber), reinforced or otherwise combined ...",0,11,0,0,9,0,0,2,0,10,0,0,,,,,,,,,,,,,,,405,650,395,387,505,252,679,549,517,434,275,244
'400280,"Mixtures of natural rubber, balata, gutta-percha, guayule, chicle or similar types of natural ...",3,0,0,0,24,0,0,0,0,0,0,0,,,,,,,,,,,,,,,8,37,0,0,24,2,0,7,0,0,0,0
'401691,"Floor coverings and mats, of vulcanised rubber (excl. hard rubber), with chamfered sides, rounded ...",0,0,0,0,7,0,2,0,0,0,0,0,,,,,,,,,,,,,,,781,820,893,941,745,740,724,1144,1037,957,574,800
'410150,"Whole raw hides and skins of bovine ""incl. buffalo"" or equine animals, whether or not dehaired ...",0,0,0,0,0,0,0,0,0,0,0,0,,,,,,,,,,,,,,,0,0,0,0,0,0,0,0,0,0,0,0
'410692,"Hides and skins of antelopes, deer, elks, elephants and other animals, incl. sea animals, without ...",0,0,0,0,18,0,0,0,0,0,0,0,,,,,,,,,,,,,,,13,44,45,61,18,30,38,0,0,0,0,0
'401211,"Retreaded pneumatic tyres, of rubber, of a kind used on motor cars ""incl. station wagons and ...",0,0,0,0,0,0,0,0,0,0,0,0,,,,,,,,,,,,,,,0,0,2,0,0,27,8,0,0,0,1,2
'401213,"Retreaded pneumatic tyres, of rubber, of a kind used on aircraft",0,0,0,0,0,0,0,0,0,0,0,0,,,,,,,,,,,,,,,19,39,49,330,14,54,27,5,48,17,3,18
'401410,"Sheath contraceptives, of vulcanised rubber (excl. hard rubber)",0,0,0,0,0,0,0,0,0,0,0,0,,,,,,,,,,,,,,,0,4,0,0,0,0,3,2,0,0,4,2
'380859,Goods of heading 3808 containing one or more of the following substances: alachlor (ISO); aldicarb ...,0,0,0,0,0,0,0,0,0,0,0,0,,,,,,,,,,,,,,,56,84,0,0,0,166,0,0,0,0,101,157
'380869,"Goods of heading 3808, containing alpha-cypermethrin ""ISO"", bendiocarb ""ISO"", bifenthrin ""ISO"", ...",0,0,0,0,0,0,0,0,0,0,0,0,,,,,,,,,,,,,,,0,0,0,0,0,0,0,0,0,0,0,0
'391620,"Monofilament with any cross-sectional dimension of > 1 mm, rods, sticks and profile shapes, ...",0,3,0,3,0,2,0,0,0,0,0,0,,,,,,,,,,,,,,,0,12,0,30,0,3,7,11,7,0,0,27
'391710,"Artificial guts ""sausage casings"" of hardened protein or cellulose materials",0,0,0,0,0,0,0,0,0,0,0,0,,,,,,,,,,,,,,,8,10,11,0,18,8,8,3,10,7,0,7
'392220,"Lavatory seats and covers, of plastics",0,0,2,0,2,0,2,0,0,0,0,0,,,,,,,,,,,,,,,35,47,51,67,30,26,5,32,11,13,32,12
'170490,"Sugar confectionery not containing cocoa, incl. white chocolate (excl. chewing gum)",0,2,2,0,0,0,0,0,0,0,0,0,,,,,,,,,,,,,,,3849,3638,4397,3740,3917,1860,2952,4267,4598,3594,2751,3535
'180400,"Cocoa butter, fat and oil",0,0,0,0,0,0,0,0,0,0,0,0,,,,,,,,,,,,,,,0,0,0,0,0,0,0,0,0,0,0,0
'180610,"Cocoa powder, sweetened",2,0,0,0,0,3,0,0,0,0,2,0,,,,,,,,,,,,,,,143,140,235,146,171,156,240,119,163,123,115,81
'180631,"Chocolate and other preparations containing cocoa, in blocks, slabs or bars of <= 2 kg, filled",0,0,0,0,0,0,0,0,0,0,0,0,,,,,,,,,,,,,,,50,126,110,130,33,114,11,139,180,79,21,177
'200290,"Tomatoes, prepared or preserved otherwise than by vinegar or acetic acid (excl. whole or in ...",0,0,0,0,0,0,0,0,0,0,0,0,,,,,,,,,,,,,,,8,0,8,0,0,0,0,16,0,0,0,22
'200310,"Mushrooms of the genus ""Agaricus"", prepared or preserved otherwise than by vinegar or acetic ...",0,0,0,0,0,0,0,0,0,0,0,0,,,,,,,,,,,,,,,0,7,1,3,36,8,0,65,6,2,6,6
'200510,"Homogenised vegetables put up for retail sale as infant food or for dietetic purposes, in containers ...",0,0,0,0,0,0,0,0,0,0,0,0,,,,,,,,,,,,,,,22,3,15,24,19,22,10,0,13,22,17,0
'200570,"Olives, prepared or preserved otherwise than by vinegar or acetic acid (excl. frozen)",0,0,0,0,0,0,0,0,0,0,0,0,,,,,,,,,,,,,,,0,1,2,0,1,3,1,2,1,0,2,0
'200599,"Vegetables and mixtures of vegetables, prepared or preserved otherwise than by vinegar, non-frozen ...",0,0,0,0,0,0,0,0,0,0,0,0,,,,,,,,,,,,,,,399,648,597,604,591,643,463,573,609,681,449,663
'200840,"Pears, prepared or preserved, whether or not containing added sugar or other sweetening matter ...",0,0,0,0,0,0,0,0,0,0,0,0,,,,,,,,,,,,,,,0,0,0,0,0,0,0,0,0,0,6,0
'210112,"Preparations with a basis of extracts, essences or concentrates of coffee or with a basis of ...",4,18,14,0,0,16,21,15,16,5,12,0,,,,,,,,,,,,,,,1428,1796,1595,879,1059,649,1432,1775,1444,1119,943,1157
'220190,"Ordinary natural water, not containing added sugar, other sweetening matter or flavoured; ice ...",0,0,0,2,0,6,5,0,0,10,0,0,,,,,,,,,,,,,,,108,85,141,100,192,160,174,149,112,124,63,126
'220410,Sparkling wine of fresh grapes,0,0,0,0,0,0,0,0,0,0,0,0,,,,,,,,,,,,,,,0,40,8,9,214,36,14,4,16,607,0,132
'220850,Gin and Geneva,0,0,0,0,0,0,0,0,0,0,0,0,,,,,,,,,,,,,,,11,8,4,32,7,43,13,35,19,13,6,6
'220900,"Vinegar, fermented vinegar and substitutes for vinegar obtained from acetic acid",0,3,0,0,3,0,0,0,0,3,0,0,,,,,,,,,,,,,,,264,539,513,444,369,488,342,526,360,422,378,352
'230240,"Bran, sharps and other residues of cereals, whether or not in the form of pellets, derived ...",0,0,0,0,0,0,0,0,0,0,0,0,,,,,,,,,,,,,,,0,0,0,0,0,0,0,0,0,1,0,0
'230310,Residues of starch manufacture and similar residues,0,0,0,0,0,0,0,0,0,0,0,0,,,,,,,,,,,,,,,0,0,0,0,0,0,0,0,0,0,0,0
'230650,"Oilcake and other solid residues, whether or not ground or in the form of pellets, resulting ...",0,0,0,0,0,0,0,0,0,0,0,0,,,,,,,,,,,,,,,0,0,0,0,0,0,0,0,0,0,0,0
'230700,Wine lees; argol,0,0,0,0,0,0,0,0,0,0,0,0,,,,,,,,,,,,,,,0,0,0,0,0,0,0,0,0,0,0,0
'240491,"Nicotine containing products intended for the intake of nicotine into the human body, for oral ...",0,0,0,0,0,0,0,0,0,0,0,0,,,,,,,,,,,,,,,0,0,0,0,0,0,0,0,0,0,0,0
'250410,Natural graphite in powder or in flakes,0,0,6,0,0,18,3,4,4,18,0,0,,,,,,,,,,,,,,,11,33,32,40,20,44,67,55,21,324,0,17
'140110,Bamboos,0,0,0,0,0,0,0,0,0,8,0,0,,,,,,,,,,,,,,,117,87,121,82,37,147,40,41,38,170,80,159
'150600,"Other animal fats and oils and their fractions, whether or not refined, but not chemically ...",0,0,0,0,0,0,0,0,0,0,0,0,,,,,,,,,,,,,,,25,32,0,9,17,35,9,9,0,8,16,25
'150890,"Groundnut oil and its fractions, whether or not refined (excl. chemically modified and crude)",0,0,0,0,0,0,0,0,0,0,0,0,,,,,,,,,,,,,,,1391,1162,1748,1460,1022,326,43,2,624,217,216,662
'150920,"Extra virgin olive oil ""EU cat. 1"" obtained from the fruit of the olive tree solely by mechanical ...",0,0,0,0,0,0,0,0,0,0,0,0,,,,,,,,,,,,,,,7,0,13,0,3,0,0,9,0,1,1,16
'150990,"Olive oil ""EU cat. 4 and 5"" and fractions obtained from the fruit of the olive tree solely ...",0,0,0,0,0,0,0,0,0,0,0,0,,,,,,,,,,,,,,,0,2,0,0,0,0,3,1,1,0,0,0
'151211,Crude sunflower-seed or safflower oil,0,0,0,0,0,0,0,0,0,0,0,0,,,,,,,,,,,,,,,0,0,0,0,0,0,0,0,0,0,0,0
'151610,"Animal fats and oils and their fractions, partly or wholly hydrogenated, inter-esterified, ...",0,0,0,0,0,0,0,0,0,0,0,0,,,,,,,,,,,,,,,0,0,35,2,69,0,0,37,41,1,6,0
'151630,"Microbial fats and oils and their fractions, partly or wholly hydrogenated, inter-esterified, ...",0,0,0,0,0,0,0,0,0,0,0,0,,,,,,,,,,,,,,,0,0,0,0,0,0,0,0,0,0,0,0
'160210,"Homogenised prepared meat, offal, blood or insects, put up for retail sale as infant food or ...",0,0,0,0,0,0,0,0,0,0,0,0,,,,,,,,,,,,,,,10,16,0,5,12,9,7,7,2,11,0,7
'160249,"Prepared or preserved meat and offal of swine, incl. mixtures (excl. hams, shoulders and cuts ...",0,0,0,0,0,0,0,0,0,0,0,0,,,,,,,,,,,,,,,1021,1158,1102,687,1372,1176,1221,1227,1365,1522,966,756
'160300,"Extracts and juices of meat, fish or crustaceans, molluscs and other aquatic invertebrates",0,0,0,0,0,0,0,0,0,0,0,0,,,,,,,,,,,,,,,66,191,155,111,107,59,52,91,391,68,0,48
'160412,"Prepared or preserved herrings, whole or in pieces (excl. minced)",0,0,0,0,0,0,0,0,0,0,0,0,,,,,,,,,,,,,,,0,0,0,0,0,0,0,0,0,1,1,1
'160414,"Prepared or preserved tunas, skipjack and Atlantic bonito, whole or in pieces (excl. minced)",0,0,0,0,0,0,0,0,0,0,0,0,,,,,,,,,,,,,,,6,10,8,17,12,6,9,9,13,12,16,9
'160431,Caviar,0,0,0,0,0,0,0,0,0,0,0,0,,,,,,,,,,,,,,,0,0,0,0,0,0,35,0,26,8,45,42
'160561,"Sea cucumbers, prepared or preserved (excl. smoked)",0,0,0,0,0,0,0,0,0,0,0,0,,,,,,,,,,,,,,,0,0,0,0,0,0,0,4,0,0,0,0
'160563,"Jellyfish, prepared or preserved (excl. smoked)",0,0,0,0,0,0,0,0,0,0,0,0,,,,,,,,,,,,,,,45,14,29,27,5,21,19,16,20,56,6,28
'170112,Raw beet sugar (excl. added flavouring or colouring),0,0,0,0,0,0,0,0,0,0,0,0,,,,,,,,,,,,,,,0,0,0,0,0,0,0,0,0,1,0,0
'020130,"Fresh or chilled bovine meat, boneless",0,0,0,0,0,0,0,0,0,0,0,0,,,,,,,,,,,,,,,20,12,47,70,18,0,3,7,62,49,0,37
'020322,"Frozen hams, shoulders and cuts thereof of swine, with bone in",0,0,0,0,0,0,0,0,0,0,0,0,,,,,,,,,,,,,,,0,0,0,14,2,19,1,8,0,15,0,14
'020422,"Fresh or chilled cuts of sheep, with bone in (excl. carcases and half-carcases)",0,0,0,0,0,0,0,0,0,0,0,0,,,,,,,,,,,,,,,0,0,7,3,0,0,0,3,32,3,0,0
'020443,Frozen boneless cuts of sheep,0,0,0,0,0,0,0,0,0,0,0,0,,,,,,,,,,,,,,,0,0,5,1,1,6,0,0,0,0,1,23
'020649,"Edible offal of swine, frozen (excl. livers)",0,0,0,0,0,0,0,0,0,0,0,0,,,,,,,,,,,,,,,1,0,0,4,16,22,1,2,1,5,1,7
'020745,Frozen cuts and edible offal of domestic ducks,0,0,0,0,0,0,0,0,0,0,0,0,,,,,,,,,,,,,,,0,0,0,0,0,9,0,0,0,3,1,2
'020755,Frozen cuts and edible offal of domestic geese,0,0,0,0,0,0,0,0,0,0,0,0,,,,,,,,,,,,,,,0,0,0,0,0,0,0,0,5,0,0,0
'020850,"Fresh, chilled or frozen meat and edible offal of reptiles ""e.g. snakes, turtles, crocodiles""",0,0,0,0,0,0,0,0,0,0,0,0,,,,,,,,,,,,,,,0,0,0,0,0,0,0,0,0,0,0,0
'021099,"Meat and edible offal, salted, in brine, dried or smoked, and edible flours and meals of meat ...",0,0,0,0,4,0,0,0,0,0,0,0,,,,,,,,,,,,,,,0,0,0,4,4,2,0,1,0,5,0,0
'030211,"Fresh or chilled trout ""Salmo trutta, Oncorhynchus mykiss, Oncorhynchus clarki, Oncorhynchus ...",0,0,0,0,0,0,0,0,0,0,0,0,,,,,,,,,,,,,,,0,0,0,0,0,0,0,0,0,0,0,0
'030213,"Fresh or chilled Pacific salmon ""Oncorhynchus nerka, Oncorhynchus gorbuscha, Oncorhynchus keta, ...",0,0,0,0,0,0,0,0,0,0,0,0,,,,,,,,,,,,,,,0,0,0,0,0,0,0,0,0,0,0,0
'030222,"Fresh or chilled plaice ""Pleuronectes platessa""",0,0,0,0,0,0,0,0,0,0,0,0,,,,,,,,,,,,,,,0,0,0,0,0,0,0,0,0,0,0,0
'030224,"Fresh or chilled turbot ""Psetta maxima""",0,0,0,0,0,0,0,0,0,0,0,0,,,,,,,,,,,,,,,0,0,0,0,0,0,0,0,0,0,0,0
'030249,"Fresh or chilled Indian mackerels ""Rastrelliger spp."", seerfishes ""Scomberomorus spp."", jacks, ...",0,0,0,0,0,0,0,0,0,0,0,0,,,,,,,,,,,,,,,1,1,1,1,0,1,0,0,1,1,0,0
'030284,"Fresh or chilled sea bass ""Dicentrarchus spp.""",0,0,0,0,0,0,0,0,0,0,0,0,,,,,,,,,,,,,,,0,0,0,0,0,0,0,0,0,0,0,0
'030289,"Fresh or chilled fish, n.e.s.",0,0,0,0,0,0,0,0,0,0,0,0,,,,,,,,,,,,,,,2848,3231,2533,2987,3008,3230,3290,4404,5337,5804,4807,5331
'030313,"Frozen, Atlantic salmon ""Salmo salar"" and Danube salmon ""Hucho hucho""",0,0,0,0,0,0,0,0,0,0,0,0,,,,,,,,,,,,,,,0,0,0,0,0,0,0,0,0,0,0,0
'030329,"Frozen, Nile perch (Lates niloticus) and snakeheads (Channa spp.)",0,0,0,0,0,0,0,0,0,0,0,0,,,,,,,,,,,,,,,0,0,5,0,0,0,0,0,0,0,0,2
'030346,"Frozen Southern bluefin tunas ""Thunnus maccoyii""",0,0,0,0,0,0,0,0,0,0,0,0,,,,,,,,,,,,,,,2255,154,84,189,0,614,660,0,1916,1277,0,2461
'030363,"Frozen cod ""Gadus morhua, Gadus ogac, Gadus macrocephalus""",0,0,0,0,0,0,0,0,0,0,0,0,,,,,,,,,,,,,,,0,0,0,0,0,0,0,0,0,0,0,0
'030482,"Frozen fillets of trout ""Salmo trutta, Oncorhynchus mykiss, Oncorhynchus clarki, Oncorhynchus ...",0,0,0,0,0,0,0,0,118,0,0,0,,,,,,,,,,,,,,,0,0,0,0,0,0,1,0,118,0,0,0
'030499,Frozen fish meat n.e.s. (excl. fillets),0,16,0,0,121,0,0,208,0,0,0,0,,,,,,,,,,,,,,,659,899,698,443,1698,1097,1093,1587,915,1479,1414,1511
'030543,"Smoked trout ""Salmo trutta, Oncorhynchus mykiss, Oncorhynchus clarki, Oncorhynchus aguabonita, ...",0,0,0,0,0,0,0,0,0,0,0,0,,,,,,,,,,,,,,,0,0,0,0,0,0,0,0,0,0,0,0
'030631,"Rock lobster and other sea crawfish ""Palinurus spp., Panulirus spp. and Jasus spp."", whether ...",0,0,0,0,0,0,0,0,0,0,0,0,,,,,,,,,,,,,,,2,7,3,3,12,11,19,17,8,4,8,5
'030699,"Crustaceans, fit for human consumption, whether in shell or not, dried, salted, smoked or in ...",0,0,0,0,0,0,0,0,0,0,0,0,,,,,,,,,,,,,,,94,0,94,0,0,94,0,0,93,0,94,93
'030731,"Live, fresh or chilled, not smoked, mussels ""Mytilus spp., Perna spp."", with or without shell",0,0,0,0,0,0,0,0,0,0,0,0,,,,,,,,,,,,,,,0,10,4,6,13,9,7,9,10,9,2,3
'030791,"Live, fresh or chilled molluscs, even in shell (excl. oysters, scallops of the genera Pecten, ...",0,0,0,0,0,0,0,0,0,0,0,0,,,,,,,,,,,,,,,0,0,0,9,0,0,0,0,13,9,0,0
'030910,"Flours, meals and pellets of fish, fit for human consumption",0,0,0,0,0,0,0,0,0,0,0,0,,,,,,,,,,,,,,,14,6,17,23,21,17,12,20,19,27,16,14
'040510,Butter (excl. dehydrated butter and ghee),0,0,0,0,0,0,0,0,0,0,0,0,,,,,,,,,,,,,,,9,5,10,105,11,10,4,10,5,7,6,6
'040811,"Dried egg yolks, whether or not sweetened",0,0,0,0,0,0,0,0,0,0,0,0,,,,,,,,,,,,,,,40,0,0,0,0,39,2,0,38,26,38,0
'060315,"Fresh cut lilies ""Lilium spp."" and buds, of a kind suitable for bouquets or for ornamental ...",0,0,0,0,0,0,0,0,0,0,0,0,,,,,,,,,,,,,,,5,5,3,3,3,3,5,3,4,4,10,5
'060390,"Dried, dyed, bleached, impregnated or otherwise prepared cut flowers and buds, of a kind suitable ...",0,0,0,0,0,0,0,0,0,0,0,0,,,,,,,,,,,,,,,0,0,0,0,2,0,0,1,0,1,0,0
'070320,"Garlic, fresh or chilled",0,0,0,0,0,0,0,0,0,0,0,0,,,,,,,,,,,,,,,2,2,3,3,9,1,4,1,10,3,2,4
'070940,Fresh or chilled celery (excl. celeriac),0,0,0,0,0,0,0,0,0,0,0,0,,,,,,,,,,,,,,,2,1,1,1,1,1,0,1,4,29,3,12
'070951,"Fresh or chilled mushrooms of the genus ""Agaricus""",0,0,0,0,0,0,0,0,0,0,0,0,,,,,,,,,,,,,,,2,1,2,1,3,2,2,3,6,14,5,6
'070960,Fresh or chilled fruits of the genus Capsicum or Pimenta,0,0,0,0,0,0,0,0,0,0,0,0,,,,,,,,,,,,,,,5,11,3,22,14,9,4,2,2,11,6,24
'071040,"Sweetcorn, uncooked or cooked by steaming or by boiling in water, frozen",0,0,0,0,0,0,0,0,0,0,0,0,,,,,,,,,,,,,,,0,0,7,2,0,5,0,1,1,7,1,2
'071350,"Dried, shelled broad beans ""Vicia faba var. major"" and horse beans ""Vicia faba var. equina ...",0,0,0,0,0,0,0,0,0,0,0,0,,,,,,,,,,,,,,,8,11,14,12,5,17,7,23,18,11,11,12
'071390,"Dried, shelled leguminous vegetables, whether or not skinned or split (excl. peas, chickpeas, ...",0,0,0,0,0,0,0,0,0,0,0,0,,,,,,,,,,,,,,,0,1,0,0,1,0,0,0,2,6,1,1
'071490,"Arrowroot, salep, Jerusalem artichokes and similar roots and tubers with high starch or inulin ...",0,0,0,0,0,0,0,0,0,0,0,0,,,,,,,,,,,,,,,8,220,360,17,6,19,3,7,15,10,10,9
'080299,"Nuts, fresh or dried, whether or not shelled or peeled (excl. coconuts, Brazil nuts, cashew ...",0,0,0,0,0,0,0,0,0,0,0,0,,,,,,,,,,,,,,,0,1,0,2,2,0,1,1,3,1,7,1
'081010,Fresh strawberries,0,0,0,0,0,0,0,0,0,0,0,0,,,,,,,,,,,,,,,0,0,0,0,0,0,0,0,20,0,1,2
'081050,Fresh kiwifruit,0,0,0,0,0,0,0,0,0,0,0,0,,,,,,,,,,,,,,,0,0,2,3,0,1,0,2,2,0,0,1
'090520,"Vanilla, crushed or ground",0,0,0,0,0,0,0,0,0,0,0,0,,,,,,,,,,,,,,,0,2,0,4,0,0,0,1,0,0,8,0
'090710,"Cloves, whole fruit, cloves and stems, neither crushed nor ground",0,0,0,0,0,0,0,0,0,0,0,0,,,,,,,,,,,,,,,0,0,0,0,0,0,0,0,0,0,0,0
'090720,"Cloves, whole fruit, cloves and stems, crushed or ground",0,0,0,0,0,0,0,0,0,0,0,0,,,,,,,,,,,,,,,0,0,0,0,0,0,0,0,2,0,0,0
'091011,"Ginger, neither crushed nor ground",0,0,0,0,0,0,0,0,0,0,0,0,,,,,,,,,,,,,,,219,179,169,498,869,207,158,247,184,1,214,33
'091030,"Turmeric ""curcuma""",0,0,0,0,0,0,0,0,0,0,0,0,,,,,,,,,,,,,,,0,3,0,0,0,0,46,0,0,0,0,0
'100821,Millet seed for sowing (excl. grain sorghum),0,0,0,0,0,0,0,0,0,0,0,0,,,,,,,,,,,,,,,0,0,0,0,0,0,0,0,0,0,0,0
'100890,"Cereals (excl. wheat and meslin, rye, barley, oats, maize, rice, grain sorghum, buckwheat, ...",0,0,0,0,0,0,0,0,0,0,0,0,,,,,,,,,,,,,,,17,29,4,12,9,10,14,10,6,17,8,23
'110429,"Grains of cereals, hulled, pearled, sliced, kibbled or otherwise worked (excl. rolled, flaked, ...",0,0,0,0,0,0,0,0,0,0,0,0,,,,,,,,,,,,,,,69,34,13,65,21,50,64,52,63,19,49,48
'110430,"Germ of cereals, whole, rolled, flaked or ground",0,0,0,0,0,0,0,0,0,0,0,0,,,,,,,,,,,,,,,11,3,11,10,2,10,6,3,7,12,0,7
'120300,Copra,0,0,0,0,0,0,0,0,0,0,0,0,,,,,,,,,,,,,,,0,0,0,0,0,0,0,0,0,0,0,0
'120400,"Linseed, whether or not broken",0,0,0,0,0,0,0,0,0,0,0,0,,,,,,,,,,,,,,,0,0,4,0,4,0,5,0,5,6,0,0
'120740,"Sesamum seeds, whether or not broken",0,0,0,0,9,0,0,0,0,0,0,0,,,,,,,,,,,,,,,38,93,52,73,528,84,641,181,38,278,31,350
'121229,"Seaweeds and other algae, fresh, chilled, frozen or dried, whether or not ground, unfit for ...",0,0,0,0,0,0,0,0,0,0,0,0,,,,,,,,,,,,,,,141,2,19,4,18,6,2,11,0,14,11,0
'283691,Lithium carbonates,0,0,0,0,0,0,0,0,0,0,0,0,,,,,,,,,,,,,,,55,0,0,0,0,0,3,0,0,0,282,78
'283720,Complex cyanides (excl. inorganic or organic compounds of mercury),0,0,0,0,0,0,0,0,0,0,0,0,,,,,,,,,,,,,,,0,0,0,0,0,0,0,0,0,0,0,0
'282612,Fluoride of aluminium,0,0,0,0,0,0,0,0,0,0,0,0,,,,,,,,,,,,,,,0,0,0,0,0,0,0,0,0,0,16,27
'290270,Cumene,0,0,0,0,0,0,0,0,0,0,0,0,,,,,,,,,,,,,,,0,0,3990,4037,7707,3978,3884,0,0,0,0,0
'283010,Sodium sulphides,0,0,0,0,0,0,0,0,0,0,0,0,,,,,,,,,,,,,,,13,8,10,7,16,0,30,7,0,3,8,12
'283090,"Sulphides (excl. sodium); polysulphides, whether or not chemically defined (excl. inorganic ...",0,0,0,4,0,0,0,0,0,0,0,0,,,,,,,,,,,,,,,56,50,11,28,48,29,15,43,0,36,43,37
'290322,Trichloroethylene,0,0,0,0,0,0,0,0,0,0,0,0,,,,,,,,,,,,,,,0,0,0,0,0,0,0,0,0,0,0,0
'290345,"1,1,1,2-Tetrafluoroethane ""HFC-134a"" and 1,1,2,2-tetrafluoroethane ""HFC-134""",0,0,0,0,0,0,0,0,0,0,0,0,,,,,,,,,,,,,,,129,7,76,126,117,0,0,68,96,61,382,220
'290347,"1,1,1,3,3-Pentafluoropropane ""HFC-245fa"" and 1,1,2,2,3-pentafluoropropane ""HFC-245ca""",0,0,0,0,0,0,0,0,0,0,0,0,,,,,,,,,,,,,,,0,0,0,0,0,0,0,0,0,0,0,0
'290369,"Brominated or iodinated derivatives of acyclic hydrocarbons (excl. methyl bromide ""bromomethane"" ...",0,0,5,0,0,0,5,5,0,0,0,0,,,,,,,,,,,,,,,111,13,61,52,0,0,5,16,0,0,72,22
'260400,Nickel ores and concentrates,0,0,0,0,0,0,0,0,0,0,0,0,,,,,,,,,,,,,,,0,0,0,2,0,0,0,5,0,0,311,260
'261610,Silver ores and concentrates,0,0,0,0,0,0,0,0,0,0,0,0,,,,,,,,,,,,,,,0,0,0,0,0,0,60,8,0,34,7,0
'261790,"Ores and concentrates (excl. iron, manganese, copper, nickel, cobalt, aluminium, lead, zinc, ...",6,26,0,0,0,0,0,0,6,3,0,0,,,,,,,,,,,,,,,8,26,7,0,0,0,0,0,6,3,0,1
'261800,"Granulated slag ""slag sand"" from the manufacture of iron or steel",0,0,0,0,0,0,0,0,0,0,0,0,,,,,,,,,,,,,,,887,529,670,0,426,466,330,448,513,377,0,4
'270600,"Tar distilled from coal, from lignite or from peat, and other mineral tars, whether or not ...",0,0,0,0,0,0,0,0,0,0,0,0,,,,,,,,,,,,,,,0,0,0,34,0,0,0,0,32,0,0,40
'280519,Alkali or alkaline-earth metals (excl. sodium and calcium),0,1,0,0,0,0,0,1,0,0,0,0,,,,,,,,,,,,,,,0,1,105,0,0,0,0,1,0,0,0,0
'280620,Chlorosulphuric acid,0,0,0,0,0,0,0,0,0,0,0,0,,,,,,,,,,,,,,,0,0,0,0,0,0,0,0,0,0,0,0
'281111,"Hydrogen fluoride ""hydrofluoric acid""",0,0,0,0,0,0,0,0,0,0,0,0,,,,,,,,,,,,,,,3747,3540,3819,3293,4139,2820,3948,4321,4765,4112,3778,4017
'281219,"Chlorides and chloride oxides (excl. carbonyl dichloride ""phosgene"", phosphorus oxy-, tri- ...",0,0,0,0,0,0,0,0,0,0,0,0,,,,,,,,,,,,,,,247,386,375,282,328,325,138,344,160,307,360,216
'281420,Ammonia in aqueous solution,0,1,0,2,0,0,0,0,0,0,0,0,,,,,,,,,,,,,,,1167,1847,1437,1328,1380,1287,930,1171,1359,1323,1187,1413
'281990,Chromium oxides and hydroxides (excl. chromium trioxide),0,0,0,2,0,2,0,9,0,0,0,0,,,,,,,,,,,,,,,0,41,0,11,0,2,0,9,0,0,0,0
'251511,"Marble and travertine, crude or roughly trimmed",0,0,0,0,0,0,0,0,0,0,0,0,,,,,,,,,,,,,,,40,0,40,0,43,0,6,53,0,78,0,0
'251612,"Granite, merely cut, by sawing or otherwise, into blocks or slabs of a square or rectangular ...",0,0,0,0,0,0,0,0,0,0,0,0,,,,,,,,,,,,,,,0,0,15,0,0,19,22,31,2,0,0,0
'251710,"Pebbles, gravel, broken or crushed stone, for concrete aggregates, for road metalling or for ...",0,0,0,0,0,0,0,0,0,0,0,0,,,,,,,,,,,,,,,0,0,3,1,0,0,0,0,0,0,0,0
'251730,Tarred macadam,0,0,0,0,0,0,0,0,0,0,0,0,,,,,,,,,,,,,,,0,0,0,0,0,0,0,0,0,0,0,0
'010129,Live horses (excl. pure-bred for breeding),0,0,0,0,0,0,0,0,0,0,0,0,,,,,,,,,,,,,,,0,0,0,0,0,0,0,0,0,0,0,0
'010229,Live cattle (excl. pure-bred for breeding),0,0,0,0,0,0,0,0,0,0,0,0,,,,,,,,,,,,,,,0,0,0,0,0,0,0,0,0,0,0,0
'010513,"Live domestic ducks, weighing <= 185 g",0,0,0,0,0,0,0,0,0,0,0,0,,,,,,,,,,,,,,,0,0,0,0,0,0,0,0,0,0,0,0
'010515,"Live domestic guinea fowls, weighing <= 185 g",0,0,0,0,0,0,0,0,0,0,0,0,,,,,,,,,,,,,,,0,0,0,0,0,0,0,0,0,0,0,0
'290517,"Dodecan-1-ol ""lauryl alcohol"", hexadecan-1-ol ""cetyl alcohol"" and octadecan-1-ol ""stearyl alcohol""",0,0,0,0,0,0,0,0,0,0,0,0,,,,,,,,,,,,,,,282,256,371,192,113,357,123,381,486,332,385,486
'290529,Unsaturated monohydric acyclic alcohols (excl. acyclic terpene alcohols),0,0,0,0,0,0,0,0,0,0,0,0,,,,,,,,,,,,,,,6,2,0,0,9,4,0,0,4,1,0,0
'290532,"Propylene glycol ""propane-1,2-diol""",84,29,8,92,113,86,181,30,0,2,0,0,,,,,,,,,,,,,,,713,294,295,656,679,566,708,216,122,78,335,280
'290611,Menthol,0,0,0,0,0,0,0,0,0,0,0,0,,,,,,,,,,,,,,,0,0,0,0,0,0,0,0,0,0,0,0
'290621,Benzyl alcohol,0,0,0,0,0,0,0,0,0,0,0,0,,,,,,,,,,,,,,,0,0,0,0,7,0,0,0,0,0,0,0
'291469,"Quinones (excl. anthraquinone and coenzyme Q10 ""ubidecarenone ""INN"""")",2,3,5,3,0,2,2,6,0,12,0,0,,,,,,,,,,,,,,,2,3,9,3,7,4,2,6,0,12,0,0
'291732,Dioctyl orthophthalates,0,0,0,0,0,0,20,40,0,20,0,0,,,,,,,,,,,,,,,492,369,408,329,125,279,301,390,76,235,359,567
'290721,Resorcinol and its salts,0,0,0,0,0,0,0,0,0,0,0,0,,,,,,,,,,,,,,,0,0,0,11,0,0,0,0,0,0,0,0
'290729,"Polyphenols and phenol-alcohols (excl. resorcinol and hydroquinone ""quinol"" and their salts, ...",0,0,0,0,0,0,0,0,0,0,0,0,,,,,,,,,,,,,,,914,499,587,1046,734,575,298,501,383,1361,702,1494
'290819,"Derivatives containing only halogen substituents and their salts, of phenols or phenol-alcohols ...",0,0,0,0,0,0,0,0,0,0,0,0,,,,,,,,,,,,,,,1275,1013,424,613,466,0,434,138,1273,238,35,296
'290920,"Cyclanic, cyclenic or cycloterpenic ethers and their halogenated, sulphonated, nitrated or ...",0,0,0,0,0,0,0,0,0,0,0,0,,,,,,,,,,,,,,,17,18,0,0,0,0,0,0,0,0,0,0
'291020,"Methyloxirane ""propylene oxide""",0,8,4,8,0,0,0,0,0,8,0,0,,,,,,,,,,,,,,,42,8,11,49,39,45,64,0,0,8,0,0
'291229,"Cyclic aldehydes, without other oxygen function (excl. benzaldehyde)",0,0,0,0,0,0,0,0,0,0,0,0,,,,,,,,,,,,,,,0,0,0,0,0,0,0,0,0,0,0,0
'291250,Cyclic polymers of aldehydes,0,0,0,0,0,0,0,0,0,0,0,0,,,,,,,,,,,,,,,0,0,0,0,0,0,0,0,0,0,0,0
'291830,"Carboxylic acids with aldehyde or ketone function but without other oxygen function, their ...",0,0,0,10,0,0,4,0,0,7,0,0,,,,,,,,,,,,,,,55,267,143,99,117,47,84,66,7,67,74,90
'292024,Triethyl phosphite,0,0,0,0,0,0,0,0,0,0,0,0,,,,,,,,,,,,,,,7,0,0,0,0,22,14,0,0,0,0,25
'292112,"2-""N,N-Dimethylamino""ethylchloride hydrochloride",0,0,0,0,0,0,0,0,0,0,0,0,,,,,,,,,,,,,,,0,0,0,0,0,0,0,0,0,0,0,0
'292122,Hexamethylenediamine and its salts,0,0,30,0,24,0,0,0,0,0,16,0,,,,,,,,,,,,,,,323,0,162,81,24,0,0,0,0,0,78,0
'292145,"1-Naphthylamine ""alpha-naphthylamine"", 2-naphthylamine ""beta-naphthylamine"" and their derivatives; ...",0,0,0,0,0,0,0,0,0,0,0,0,,,,,,,,,,,,,,,0,0,0,0,0,0,0,0,0,0,0,0
'292239,"Amino-aldehydes, amino-ketones and amino-quinones; salts thereof (excl. those containing > ...",0,0,0,0,0,0,0,0,0,0,0,0,,,,,,,,,,,,,,,0,0,0,0,0,0,0,0,0,7,0,0
'292243,Anthranilic acid and its salts,0,0,0,0,0,0,0,0,0,0,0,0,,,,,,,,,,,,,,,0,0,0,0,0,0,0,0,0,0,0,0
'293149,"Separate chemically defined non-halogenated organo-phosphorous derivatives, n.e.s.",0,34,0,0,0,0,0,0,0,0,0,0,,,,,,,,,,,,,,,495,1159,0,531,774,451,887,667,1428,660,1,1532
'293220,Lactones,0,0,0,0,0,0,0,0,0,0,0,0,,,,,,,,,,,,,,,218,542,339,45,375,500,250,95,271,425,187,143
'293293,Piperonal,0,0,0,0,0,0,0,0,0,0,0,0,,,,,,,,,,,,,,,0,0,0,0,0,0,0,0,0,0,0,0
'293349,"Heterocyclic compounds with nitrogen hetero-atom[s] only, containing in the structure a quinoline ...",0,0,0,0,0,0,0,0,0,0,0,0,,,,,,,,,,,,,,,0,886,125,84,62,1262,482,82,78,240,247,2
'293352,"Malonylurea ""barbituric acid"" and its salts",0,0,0,0,0,0,0,0,0,0,0,0,,,,,,,,,,,,,,,0,0,0,0,0,0,0,0,0,0,0,0
'293590,Sulphonamides (excl. perfluorooctane sulphonamides),0,0,0,0,0,0,10,0,0,0,10,0,,,,,,,,,,,,,,,2002,928,1013,2,339,2,834,651,3456,397,2820,433
'293711,"Somatropin, its derivatives and structural analogues, used primarily as hormones",0,0,0,0,0,0,0,0,0,0,0,0,,,,,,,,,,,,,,,0,0,0,0,0,0,0,0,0,0,0,0
'300215,"Immunological products, put up in measured doses or in forms or packings for retail sale (excl. ...",0,0,0,0,0,0,0,0,0,0,0,0,,,,,,,,,,,,,,,572,513,1672,754,1434,1398,1149,3884,1153,2642,583,3319
'852582,"Television cameras, digital cameras and video camera recorders, radiation-hardened or radiation-tolerant ...",0,0,0,0,0,0,0,0,0,0,0,0,,,,,,,,,,,,,,,0,0,0,0,4,0,0,66,0,0,0,0
'853223,"Fixed electrical capacitors, ceramic dielectric, single layer (excl. power capacitors)",10,0,13,4,13,1,0,3,0,0,3,0,,,,,,,,,,,,,,,797,1029,967,1103,1024,712,588,915,594,728,646,1010
'852712,"Pocket-size radiocassette players [dimensions <= 170 mm x 100 mm x 45 mm], with built-in amplifier, ...",0,0,0,0,0,0,0,0,0,0,0,0,,,,,,,,,,,,,,,0,0,0,0,0,0,0,0,0,0,0,0
'852719,"Radio-broadcast receivers capable of operating without an external source of power, not combined ...",0,0,0,0,0,0,0,0,0,0,0,0,,,,,,,,,,,,,,,2,15,0,0,0,0,0,0,0,0,0,0
'852792,"Radio-broadcast receivers, for mains operation only, not combined with sound recording or reproducing ...",0,0,0,0,0,0,0,0,0,0,0,0,,,,,,,,,,,,,,,0,0,0,0,0,0,0,0,0,0,0,0
'852862,Projectors capable of directly connecting to and designed for use with an automatic data processing ...,0,0,0,0,0,0,0,2,10,6,0,0,,,,,,,,,,,,,,,3850,2706,10692,9788,8320,8258,9213,8656,9486,4228,3664,3092
'851761,"Base stations of apparatus for the transmission or reception of voice, images or other data",0,0,0,0,4,0,0,0,0,0,0,0,,,,,,,,,,,,,,,1101,465,430,675,2416,1695,1907,3521,4271,312,672,2536
'851631,Electric hairdryers,0,0,0,0,0,0,0,0,0,0,0,0,,,,,,,,,,,,,,,0,12,2,5,2,0,9,1,31,18,8,0
'851660,"Electric ovens, cookers, cooking plates and boiling rings, electric grillers and roasters, ...",0,20,11,22,0,0,0,6,0,32,0,0,,,,,,,,,,,,,,,1479,547,997,1707,837,1117,1454,1329,1495,1595,580,1348
'851821,"Single loudspeakers, mounted in their enclosures",0,0,43,0,0,0,24,27,0,7,24,0,,,,,,,,,,,,,,,1140,1366,1392,1391,1129,444,952,759,629,832,1081,360
'851850,Electric sound amplifier sets,0,0,0,0,2,0,0,2,0,0,0,0,,,,,,,,,,,,,,,1003,1354,1204,675,513,665,358,490,344,562,766,415
'852329,Magnetic media for the recording of sound or of other phenomena (excl. cards incorporating ...,0,0,0,0,0,0,0,0,0,0,0,0,,,,,,,,,,,,,,,3,9,31,45,67,31,4,7,1,3,37,2
'850660,Air-zinc cells and batteries (excl. spent),0,0,0,0,0,0,0,0,0,0,0,0,,,,,,,,,,,,,,,0,0,0,0,0,0,0,0,0,0,0,0
'850940,"Domestic food grinders and mixers and fruit or vegetable juice extractors, with self-contained ...",0,0,0,0,0,0,0,0,2,5,0,0,,,,,,,,,,,,,,,1345,1289,1090,1160,1626,1363,713,1631,1713,1210,1467,1786
'850220,Generating sets with spark-ignition internal combustion piston engine,0,0,0,0,0,0,0,0,0,0,0,0,,,,,,,,,,,,,,,6,0,3,146,0,0,88,0,200,0,3,0
'850410,Ballasts for discharge lamps or tubes,0,8,0,0,0,0,0,0,0,0,0,0,,,,,,,,,,,,,,,90,93,123,95,44,94,63,120,241,40,180,72
'847810,"Machinery for preparing or making up tobacco (excl. dryers and other heating equipment, centrifuges ...",0,0,0,0,0,0,0,0,0,0,0,0,,,,,,,,,,,,,,,0,0,0,344,22,83,0,60,0,0,206,0
'847960,"Evaporative air coolers, n.e.s.",0,0,0,2,0,0,0,0,0,0,0,0,,,,,,,,,,,,,,,235,163,75,28,76,30,67,66,167,35,208,277
'850162,"AC generators ""alternators"", of an output > 75 kVA but <= 375 kVA (excl. photovoltaic generators)",0,19,0,3,3,0,0,0,0,0,0,0,,,,,,,,,,,,,,,50,51,4,17,26,7,34,16,35,0,27,0
'850133,DC motors and DC generators of an output > 75 kW but <= 375 kW (excl. photovoltaic generators),0,0,0,0,0,0,0,0,0,0,0,0,,,,,,,,,,,,,,,0,55,5,57,1,2,14,18,0,8,1,8
'900510,Binoculars,0,0,0,0,3,0,0,0,0,0,0,0,,,,,,,,,,,,,,,402,619,503,480,608,542,601,571,666,27,953,415
'901010,Apparatus and equipment for automatically developing photographic or cinematographic film or ...,0,0,0,0,0,0,0,0,0,0,0,0,,,,,,,,,,,,,,,0,0,0,0,0,0,0,2,0,0,0,0
'901380,"Optical appliances and instruments, n.e.s. in chapter 90",160,26,0,0,0,4,31,0,12,5,0,0,,,,,,,,,,,,,,,2006,3276,2977,4811,4952,3106,5587,2929,4207,6202,5492,3147
'901410,Direction finding compasses,1,0,0,0,0,0,0,1,0,0,0,0,,,,,,,,,,,,,,,152,217,179,108,80,272,619,335,100,118,128,261
'902110,Orthopaedic or fracture appliances,0,0,0,0,0,0,10,2,0,4,0,0,,,,,,,,,,,,,,,4924,4855,4991,4069,5714,4172,3914,4929,4505,3741,3810,3662
'902129,Dental fittings (excl. artificial teeth),2,0,0,5,0,11,0,0,18,0,0,0,,,,,,,,,,,,,,,1461,1254,1732,1395,838,957,1139,646,1343,536,1029,1276
'902511,"Thermometers, liquid-filled, for direct reading, not combined with other instruments",0,0,2,0,8,8,0,0,2,0,0,0,,,,,,,,,,,,,,,42,23,2,25,37,9,16,27,18,33,19,0
'871000,"Tanks and other armoured fighting vehicles, motorised, whether or not fitted with weapons, ...",0,0,0,0,0,0,0,0,0,0,0,0,,,,,,,,,,,,,,,0,0,0,0,0,0,0,0,0,0,0,0
'871500,"Baby carriages and parts thereof, n.e.s.",0,0,0,0,0,0,0,0,0,0,0,0,,,,,,,,,,,,,,,492,575,576,689,473,470,306,381,460,332,470,261
'854519,"Electrodes of graphite or other carbon, for electrical purposes (excl. those used for furnaces)",4,0,2,0,5,0,0,0,1,1,0,0,,,,,,,,,,,,,,,496,158,101,190,235,82,152,153,144,79,144,161
'853932,Mercury or sodium vapour lamps; metal halide lamps,0,0,0,0,4,0,0,0,0,0,0,0,,,,,,,,,,,,,,,11,6,107,62,53,79,148,259,64,19,22,35
'853941,Arc lamps,0,0,0,0,5,0,5,3,0,0,0,0,,,,,,,,,,,,,,,97,56,42,172,111,69,143,110,143,184,88,389
'853339,"Wirewound variable electrical resistors, incl. rheostats and potentiometers, for a power handling ...",0,0,0,1,0,0,0,0,0,0,0,0,,,,,,,,,,,,,,,23,105,27,42,65,38,7,35,37,100,18,29
'853661,Lamp holders for a voltage <= 1.000 V,0,0,0,0,0,0,0,0,0,2,0,0,,,,,,,,,,,,,,,37,56,49,34,120,46,73,15,29,41,33,49
'860310,"Self-propelled railway or tramway coaches, vans and trucks, powered from an external source ...",0,0,0,0,0,0,0,0,0,0,0,0,,,,,,,,,,,,,,,0,0,0,0,0,0,0,0,0,0,0,0
'870290,"Motor vehicles for the transport of >= 10 persons, incl. driver (excl. with diesel engine or ...",0,0,0,0,0,0,0,0,0,0,0,0,,,,,,,,,,,,,,,8,0,5,3,5,9,8,26,8,7,4,5
'870324,Motor cars and other motor vehicles principally designed for the transport of ...,0,0,0,0,0,0,0,0,0,59,0,0,,,,,,,,,,,,,,,314,438,458,331,396,319,235,365,726,514,1397,238
'870332,Motor cars and other motor vehicles principally designed for the transport of ...,0,0,0,0,0,0,0,0,0,0,0,0,,,,,,,,,,,,,,,79,40,14,17,71,13,9,53,59,3,5,7
'870431,"Motor vehicles for the transport of goods, with only spark-ignition internal combustion piston ...",0,0,0,0,0,0,0,0,0,0,0,0,,,,,,,,,,,,,,,531,537,800,419,137,878,741,1140,783,259,446,89
'870442,"Motor vehicles for the transport of goods, with both compression-ignition internal combustion ...",0,0,0,0,0,0,0,0,0,0,0,0,,,,,,,,,,,,,,,0,0,0,0,56,0,0,0,0,0,0,0
'920930,Musical instrument strings,0,0,0,0,0,0,0,0,0,0,0,0,,,,,,,,,,,,,,,0,4,7,3,0,0,0,0,19,22,0,0
'930630,"Cartridges for smooth-barrelled shotguns, revolvers and pistols and cartridges for riveting ...",0,0,0,0,0,0,0,0,0,0,0,0,,,,,,,,,,,,,,,7,21,39,38,205,4,133,84,121,81,56,60
'940340,Wooden furniture for kitchens (excl. seats),0,0,0,0,0,0,9,0,0,0,0,0,,,,,,,,,,,,,,,402,851,564,353,225,319,141,142,256,184,197,218
'940350,Wooden furniture for bedrooms (excl. seats),0,0,0,0,0,0,0,0,0,0,0,0,,,,,,,,,,,,,,,216,215,200,129,33,176,85,111,58,79,20,78
'940429,"Mattresses, fitted with springs or stuffed or internally filled with any material (excl. cellular ...",0,0,0,0,0,0,0,0,0,0,0,0,,,,,,,,,,,,,,,257,325,255,422,361,578,427,404,422,401,130,323
'940519,Chandeliers and other electric ceiling or wall lighting fittings (excl. for lighting public ...,0,0,0,16,0,0,0,0,7,7,0,0,,,,,,,,,,,,,,,103,332,131,149,251,129,1497,631,564,57,118,307
'940531,"Lighting strings of a kind used for Christmas trees, solely for light-emitting diode ""LED"" ...",0,0,0,0,0,0,0,0,0,0,0,0,,,,,,,,,,,,,,,0,35,0,16,2,15,3,7,13,10,0,36
'940569,"Illuminated signs, illuminated nameplates and the like, with a permanently fixed light source ...",0,5,0,0,0,1,1,0,0,2,4,0,,,,,,,,,,,,,,,196,217,134,168,317,61,84,94,81,62,163,71
'950510,"Christmas articles (excl. candles and electric lighting sets, natural Christmas trees and Christmas ...",0,0,0,0,0,0,0,0,0,0,0,0,,,,,,,,,,,,,,,672,2236,2941,3010,3588,1954,232,289,186,189,244,118
'880621,"Unmanned aircraft, for remote-controlled flight only, with maximum take-off weight <= 250 g",0,0,0,0,0,0,0,0,0,0,0,0,,,,,,,,,,,,,,,64,109,63,105,82,0,0,19,104,62,224,110
'910191,"Pocket-watches and the like, incl. stop-watches, of precious metal or of metal clad with precious ...",0,0,0,0,0,0,0,0,0,0,0,0,,,,,,,,,,,,,,,0,0,2,0,0,0,0,5,0,0,0,0
'910219,"Wrist-watches, whether or not incorporating a stop-watch facility, electrically operated, with ...",0,0,0,0,0,0,0,0,0,0,0,0,,,,,,,,,,,,,,,25,7,31,25,19,444,100,5,15,4,191,2
'960110,"Worked ivory and articles of ivory, n.e.s.",0,0,0,0,0,0,0,0,0,0,0,0,,,,,,,,,,,,,,,0,0,0,0,0,0,0,0,0,0,0,0
'950662,Inflatable balls,0,0,0,0,0,0,0,0,0,0,0,0,,,,,,,,,,,,,,,175,145,88,173,36,202,38,111,57,132,110,98
'950669,"Balls (excl. inflatable, tennis balls, golf balls, and table-tennis balls)",0,0,10,0,0,0,0,0,0,0,0,0,,,,,,,,,,,,,,,1053,1059,838,1002,695,723,946,738,736,739,963,770
'960899,"Parts of ball-point pens, felt-tipped and other porous-tipped pens and markers, fountain pens ...",0,0,5,0,0,0,0,0,0,3,0,0,,,,,,,,,,,,,,,1177,1407,1196,778,949,919,1375,1081,853,1277,1201,546
'961000,"Slates and boards, with writing or drawing surfaces, whether or not framed",0,0,0,0,0,0,0,0,0,0,0,0,,,,,,,,,,,,,,,190,217,241,189,173,103,95,184,150,136,149,113
'961400,"Smoking pipes, incl. pipe bowls, cigar or cigarette holders, and parts thereof, n.e.s.",0,0,0,0,0,0,0,0,0,0,0,0,,,,,,,,,,,,,,,0,0,0,0,1,0,29,0,7,0,0,19
'970199,"Collages and similar decorative plaques (excl. over 100 years old, and mosaics)",0,0,0,0,0,0,0,0,3,0,0,0,,,,,,,,,,,,,,,34,18,7,7,20,0,0,5,6,2,0,0
'970531,"Collections and collectorsÕ pieces of numismatic interest, over 100 years old",0,0,0,0,0,0,0,0,0,0,0,0,,,,,,,,,,,,,,,0,0,0,0,0,0,0,0,0,0,0,0
'481730,"Boxes, pouches, wallets and writing compendiums, of paper or paperboard, containing an assortment ...",0,0,0,0,0,0,0,0,0,0,0,0,,,,,,,,,,,,,,,332,616,548,248,323,361,395,365,605,364,331,462
'390770,"Poly""lactic acid"", in primary forms",0,10,0,0,0,0,0,0,0,0,0,0,,,,,,,,,,,,,,,13,99,147,206,237,117,14,115,3,0,104,17
'401034,"Endless transmission belts of trapezoidal cross-section ""V-belts"", of vulcanised rubber, of ...",0,0,0,0,0,0,0,0,0,0,0,0,,,,,,,,,,,,,,,0,24,0,16,0,0,30,8,15,0,0,1
'401036,"Endless synchronous belts, of vulcanised rubber, of an outside circumference > 150 cm but <= ...",0,0,0,0,0,1,0,0,0,0,0,0,,,,,,,,,,,,,,,8,0,2,0,0,1,0,0,3,0,0,2
'401180,"New pneumatic tyres, of rubber, of a kind used on construction, mining or industrial handling ...",0,0,0,0,0,0,0,0,0,0,0,0,,,,,,,,,,,,,,,802,971,897,1073,892,454,433,547,775,751,796,893
'520614,"Single cotton yarn containing predominantly, but < 85% cotton by weight, of uncombed fibres ...",0,0,0,0,0,0,0,0,0,0,0,0,,,,,,,,,,,,,,,0,0,0,0,0,0,0,0,0,0,0,0
'520852,"Plain woven fabrics of cotton, containing >= 85% cotton by weight and weighing > 100 g to 200 ...",0,0,33,39,8,0,0,17,68,0,40,0,,,,,,,,,,,,,,,53,5,136,118,79,17,63,17,82,64,164,75
'521112,"Woven fabrics of cotton, containing predominantly, but < 85% cotton by weight, mixed principally ...",0,0,0,0,0,0,0,0,0,0,0,0,,,,,,,,,,,,,,,0,52,47,53,65,0,40,69,0,46,0,0
'521224,"Woven fabrics of cotton, containing predominantly, but < 85% cotton by weight, other than those ...",0,0,0,0,0,0,0,0,0,0,0,0,,,,,,,,,,,,,,,0,0,0,0,0,0,0,0,0,0,0,0
'530130,"Flax tow and waste, incl. yarn waste and garnetted stock",0,0,0,0,0,0,0,0,0,0,0,0,,,,,,,,,,,,,,,0,0,0,0,0,0,0,0,0,0,0,0
'520532,"Multiple ""folded"" or cabled cotton yarn, of uncombed fibres, containing >= 85% cotton by weight ...",0,0,0,0,0,0,0,0,0,0,0,0,,,,,,,,,,,,,,,0,0,0,0,0,0,0,0,0,0,0,0
'511111,Woven fabrics containing >= 85% carded wool or carded fine animal hair by weight and weighing ...,0,0,0,0,0,0,0,0,0,0,0,0,,,,,,,,,,,,,,,0,7,0,0,0,0,0,0,0,0,0,0
'520210,"Cotton yarn waste, incl. thread waste",0,0,0,0,0,0,0,0,0,0,0,0,,,,,,,,,,,,,,,1,2,0,0,1,0,0,19,0,0,0,0
'490199,"Printed books, brochures and similar printed matter (excl. those in single sheets; dictionaries, ...",22,8,0,139,6,0,1,18,13,20,0,0,,,,,,,,,,,,,,,6025,9652,15972,8544,8201,5458,6463,5707,5766,6312,3728,5216
'490210,"Newspapers, journals and periodicals, whether or not illustrated or containing advertising ...",0,0,0,0,0,0,0,0,0,0,0,0,,,,,,,,,,,,,,,62,66,74,71,69,57,66,75,69,62,49,66
'490700,"Unused postage, revenue or similar stamps of current or new issue in the country in which they ...",0,0,0,0,0,0,0,0,0,0,0,0,,,,,,,,,,,,,,,0,1,0,0,0,0,0,0,4,0,0,2
'530810,"Coconut ""coir"" yarn",0,0,0,0,0,0,0,0,0,0,0,0,,,,,,,,,,,,,,,0,0,0,0,0,0,0,0,0,0,0,0
'520959,"Woven fabrics of cotton, containing >= 85% cotton by weight and weighing > 200 g/m_, printed ...",39,8,0,0,0,3,2,0,0,0,0,0,,,,,,,,,,,,,,,39,8,0,0,0,3,26,17,37,5,1,0
'540333,"Filament yarn of cellulose acetate, incl. monofilament of < 67 decitex, single (excl. sewing ...",0,0,0,0,0,0,0,0,0,0,0,0,,,,,,,,,,,,,,,0,0,0,0,0,0,0,0,0,0,0,0
'540341,"Multiple ""folded"" or cabled filament yarn of viscose rayon, incl. monofilament of < 67 decitex ...",0,0,0,0,0,0,0,0,0,0,0,0,,,,,,,,,,,,,,,0,9,0,0,0,0,8,0,6,7,14,8
'540490,"Strip and the like, e.g. artificial straw, of synthetic textile material, with an apparent ...",0,0,0,0,0,0,0,0,0,2,0,0,,,,,,,,,,,,,,,112,380,7,112,74,196,108,134,191,42,131,233
'540822,"Woven fabrics of yarn containing >= 85% artificial filament by weight, incl. monofilament of ...",0,11,10,0,0,0,0,0,0,0,0,0,,,,,,,,,,,,,,,8,19,36,2,7,20,0,2,11,3,5,0
'550620,"Staple fibres of polyesters, carded, combed or otherwise processed for spinning",101,136,98,14,20,8,0,0,0,0,0,0,,,,,,,,,,,,,,,208,166,126,49,56,18,8,0,2,0,21,14
'550932,"Multiple ""folded"" or cabled yarn containing >= 85% acrylic or modacrylic staple fibres by weight ...",0,0,0,0,0,0,0,0,0,0,0,0,,,,,,,,,,,,,,,19,0,21,0,3,0,0,74,3,0,0,0
'550942,"Multiple ""folded"" or cabled yarn containing >= 85% synthetic staple fibres by weight (excl. ...",0,0,0,0,0,0,0,0,0,0,0,0,,,,,,,,,,,,,,,58,27,0,12,47,49,89,0,13,73,0,91
'550969,"Yarn containing predominantly, but < 85% acrylic or modacrylic staple fibres by weight, other ...",0,0,0,22,0,0,0,0,2,0,0,0,,,,,,,,,,,,,,,26,110,212,69,1,27,20,177,78,83,109,35
'551012,"Multiple ""folded"" or cabled yarn containing >= 85% artificial staple fibres by weight (excl. ...",0,0,0,0,0,0,0,0,0,0,0,0,,,,,,,,,,,,,,,0,0,9,22,7,14,14,3,0,22,8,11
'551329,"Woven fabrics containing predominantly, but < 85% synthetic staple fibres by weight, mixed ...",0,0,0,0,0,0,0,0,0,0,0,0,,,,,,,,,,,,,,,3,10,0,0,0,0,19,0,0,0,0,12
'551613,"Woven fabrics containing >= 85% artificial staple fibres by weight, made of yarn of different ...",0,0,0,0,0,0,0,0,0,0,0,0,,,,,,,,,,,,,,,0,11,0,0,0,0,15,0,0,0,0,0
'551642,"Woven fabrics containing predominantly, but < 85% artificial staple fibres by weight, mixed ...",0,0,0,0,0,0,0,0,0,0,0,0,,,,,,,,,,,,,,,0,0,0,0,0,39,26,0,0,0,0,0
'551644,"Woven fabrics containing predominantly, but < 85% artificial staple fibres by weight, mixed ...",0,0,0,0,0,0,0,0,0,0,0,0,,,,,,,,,,,,,,,0,0,0,0,0,0,0,0,0,0,0,0
'570110,"Carpets and other textile floor coverings, of wool or fine animal hair, knotted, whether or ...",0,0,0,0,0,0,0,0,0,0,0,0,,,,,,,,,,,,,,,0,0,0,0,0,0,0,0,0,2,0,0
'570232,"Carpets and other floor coverings, of man-made textile materials, woven, not tufted or flocked, ...",0,0,0,0,0,0,0,0,0,0,0,0,,,,,,,,,,,,,,,0,0,0,0,0,0,0,0,0,0,0,0
'570242,"Carpets and other floor coverings, of man-made textile materials, woven, not tufted or flocked, ...",0,0,0,0,0,0,0,0,0,0,0,0,,,,,,,,,,,,,,,0,0,17,0,0,0,0,0,0,0,0,0
'580500,"Hand-woven tapestries of the type Gobelin, Flanders, Aubusson, Beauvais and the like, and needle-worked ...",0,0,0,0,0,0,0,0,0,0,0,0,,,,,,,,,,,,,,,1,0,0,0,3,0,0,1,0,0,0,0
'610130,"Overcoats, car coats, capes, cloaks, anoraks, incl. ski jackets, windcheaters, wind-jackets ...",0,0,0,0,0,0,0,0,7,2,0,0,,,,,,,,,,,,,,,15,111,19,63,65,35,72,62,97,175,43,14
'610310,"Men's or boys' suits of textile materials, knitted or crocheted (excl. tracksuits, ski suits ...",0,0,0,0,0,0,0,0,0,0,0,0,,,,,,,,,,,,,,,0,0,0,0,0,0,0,0,0,0,0,3
'610322,"Men's or boys' ensembles of cotton, knitted or crocheted (excl. ski ensembles and swimwear)",0,0,0,0,0,0,0,0,0,0,0,0,,,,,,,,,,,,,,,0,0,4,4,0,0,4,0,0,4,0,0
'610339,"Men's or boys' jackets and blazers of textile materials (excl. of wool, fine animal hair, cotton ...",0,0,0,0,0,0,0,0,0,0,0,0,,,,,,,,,,,,,,,2,5,3,0,3,10,45,78,24,22,18,15
'610342,"Men's or boys' trousers, bib and brace overalls, breeches and shorts of cotton, knitted or ...",0,0,0,0,0,0,0,3,0,0,0,0,,,,,,,,,,,,,,,59,103,18,18,75,39,103,33,61,20,13,21
'610441,"Women's or girls' dresses of wool or fine animal hair, knitted or crocheted (excl. petticoats)",0,0,0,0,0,0,0,0,0,0,0,0,,,,,,,,,,,,,,,0,31,17,12,71,20,16,938,17,15,9,5
'610510,"Men's or boys' shirts of cotton, knitted or crocheted (excl. nightshirts, T-shirts, singlets ...",0,0,0,0,0,0,0,6,0,0,0,0,,,,,,,,,,,,,,,74,146,56,68,21,75,129,63,39,35,52,39
'610729,"Men's or boys' nightshirts and pyjamas of textile materials, knitted or crocheted (excl. of ...",0,0,0,0,0,0,0,0,0,0,0,0,,,,,,,,,,,,,,,7,8,0,7,7,4,6,8,10,0,0,0
'610799,"Men's or boys' bathrobes, dressing gowns and similar articles of textile materials, knitted ...",0,0,0,0,0,0,0,0,0,0,0,0,,,,,,,,,,,,,,,4,7,6,0,0,3,22,10,11,0,16,3
'611212,"Track-suits of synthetic fibres, knitted or crocheted",0,0,0,0,0,0,0,0,0,0,0,0,,,,,,,,,,,,,,,2,4,9,7,3,4,0,4,0,0,0,0
'611219,"Track-suits of textile materials, knitted or crocheted (excl. cotton or synthetic fibres)",0,0,0,0,0,0,0,0,0,0,0,0,,,,,,,,,,,,,,,117,173,66,168,96,50,162,63,57,59,71,100
'611594,"Full-length or knee-length stockings, socks and other hosiery, incl. footwear without applied ...",0,0,0,0,0,0,0,0,0,0,0,0,,,,,,,,,,,,,,,3,4,27,60,27,11,0,19,22,5,10,3
'392640,"Statuettes and other ornamental articles, of plastics",2,0,1,6,6,7,6,0,3,7,0,0,,,,,,,,,,,,,,,389,294,378,359,554,160,339,286,335,571,355,346
'391120,"Poly(1,3-phenylene methylphosphonate), in primary forms",0,0,0,0,0,0,0,0,0,0,0,0,,,,,,,,,,,,,,,0,0,0,0,0,0,0,0,0,0,0,0
'391610,"Monofilament of which any cross-sectional dimension > 1 mm, rods, sticks and profile shapes, ...",0,0,9,5,0,0,0,0,0,5,0,0,,,,,,,,,,,,,,,39,18,44,30,43,0,37,8,38,28,39,31
'380891,"Insecticides, put up in forms or packings for retail sale or as preparations or articles (excl. ...",9,0,0,14,65,0,0,0,0,60,115,0,,,,,,,,,,,,,,,9668,6084,5820,8273,8378,6466,4811,5552,9094,2474,7880,3878
'382213,"Diagnostic or laboratory reagents on a backing, prepared diagnostic or laboratory reagents ...",0,0,0,0,0,0,0,0,0,0,0,0,,,,,,,,,,,,,,,0,0,0,0,0,0,0,0,0,0,0,0
'382482,"Mixtures and preparations containing polychlorinated biphenyls ""PCBs"", polychlorinated terphenyls ...",0,0,0,0,0,0,0,0,0,0,0,0,,,,,,,,,,,,,,,0,0,0,0,0,0,0,0,0,0,0,0
'382764,"Mixtures containing other hydrofluorocarbons ""HFCs"" than in subheadings of 3827 till 3827.59, ...",0,0,0,0,0,0,0,0,0,0,0,0,,,,,,,,,,,,,,,5,0,0,27,1,135,0,9,14,2,3,0
'411310,"Leather further prepared after tanning or crusting ""incl. parchment-dressed leather"", of goats ...",0,0,0,0,5,0,0,0,0,0,0,0,,,,,,,,,,,,,,,101,83,15,21,185,182,352,233,449,14,58,282
'430219,"Tanned or dressed furskins, whole, with or without heads, tails or paws, not assembled (excl. ...",0,0,0,0,0,0,0,0,0,0,0,0,,,,,,,,,,,,,,,0,0,2,0,0,0,0,0,0,0,0,0
'430390,"Articles of furskin (excl. articles of apparel, clothing accessories and goods of chapter 95, ...",0,0,0,0,0,0,0,0,0,0,0,0,,,,,,,,,,,,,,,3,17,4,2,3,5,9,2,45,17,8,17
'440132,Wood briquettes,0,0,0,0,0,0,0,0,0,0,0,0,,,,,,,,,,,,,,,0,0,0,0,0,0,0,0,0,0,0,0
'440139,"Sawdust and wood waste and scrap, agglomerated in logs or similar forms (excl. pellets and ...",0,0,0,0,0,0,0,0,0,0,0,0,,,,,,,,,,,,,,,0,0,0,0,0,0,0,0,0,0,0,0
'440220,"Wood charcoal of shell or nut, whether or not agglomerated (excl. of bamboo, used as a medicament, ...",0,0,0,0,0,0,0,0,0,0,0,0,,,,,,,,,,,,,,,0,0,0,0,0,0,0,0,0,0,0,0
'440325,"Coniferous wood in the rough, of which the smallest cross-sectional dimension is =>15 cm, whether ...",0,0,0,0,0,0,0,0,0,0,0,0,,,,,,,,,,,,,,,24,0,0,7,0,0,0,0,0,0,0,0
'440397,"Poplar and aspen ""Populus spp."" in the rough, whether or not stripped of bark or sapwood, or ...",0,0,0,0,0,0,0,0,0,0,0,0,,,,,,,,,,,,,,,0,0,0,0,0,0,0,0,0,0,0,0
'440399,"Wood in the rough, whether or not stripped of bark or sapwood, or roughly squared (excl. rough-cut ...",0,0,0,0,0,0,0,0,0,0,0,0,,,,,,,,,,,,,,,92,122,22,56,20,72,17,0,72,183,53,157
'440723,"Teak, sawn or chipped lengthwise, sliced or peeled, of a thickness of > 6 mm, sanded, or end-jointed, ...",0,0,0,0,0,0,0,0,0,0,0,0,,,,,,,,,,,,,,,5,220,163,215,35,0,28,0,224,191,0,0
'440797,"Poplar and aspen ""Populus spp."", sawn or chipped lengthwise, sliced or peeled, whether or not ...",44,0,0,0,0,0,0,0,0,0,0,0,,,,,,,,,,,,,,,44,0,0,0,0,0,0,0,0,0,0,0
'441113,"Medium density fibreboard ""MDF"" of wood, of a thickness >Ê5Êmm but <=Ê9Êmm",0,0,0,0,0,0,0,0,0,0,0,0,,,,,,,,,,,,,,,0,0,0,0,0,0,0,0,0,0,0,0
'441251,"Blockboard, laminboard and battenboard, with at least one outer ply of tropical wood (excl. ...",0,0,0,0,0,0,0,0,0,0,0,0,,,,,,,,,,,,,,,0,0,0,0,0,0,0,0,0,0,0,0
'441299,"Laminated wood with both outer plies of coniferous wood (excl. of bamboo, with an outer ply ...",0,2,2,0,2,0,2,0,2,0,0,0,,,,,,,,,,,,,,,129,191,313,214,58,1,4,34,9,13,1,96
'441410,"Wooden frames for paintings, photographs, mirrors or similar objects, of tropical wood",0,0,0,0,0,0,0,0,0,0,0,0,,,,,,,,,,,,,,,5,6,0,0,0,4,0,0,0,0,0,0
'441600,"Casks, barrels, vats, tubs and other coopers' products parts thereof, of wood, incl. staves",0,0,0,0,0,0,0,0,0,0,1,0,,,,,,,,,,,,,,,15,0,0,0,0,0,0,0,0,0,1,0
'441873,"Flooring panels, assembled, of bamboo or with at least the top wear layer of bamboo",0,0,0,0,0,0,0,0,0,0,0,0,,,,,,,,,,,,,,,0,0,0,0,0,0,0,0,0,0,0,0
'442019,"Statuettes and other ornaments, of wood (excl. of tropical wood, and wood marquetry and inlaid ...",0,0,0,0,0,0,0,0,0,0,0,0,,,,,,,,,,,,,,,165,55,246,115,130,170,168,133,105,139,59,79
'450200,"Natural cork, debacked or roughly squared, or in square or rectangular blocks, plates, sheets ...",0,0,0,0,0,0,0,0,0,0,0,0,,,,,,,,,,,,,,,4,0,4,0,0,1,0,0,0,2,0,0
'470692,"Chemical pulp of fibrous cellulosic material (excl. that of bamboo, wood, cotton linters and ...",0,0,0,0,0,0,0,0,0,0,0,0,,,,,,,,,,,,,,,5,1,0,5,0,5,12,5,2,19,21,0
'480411,"Unbleached kraftliner, uncoated, in rolls of a width > 36 cm",8,0,6,13,6,0,11,8,0,10,0,0,,,,,,,,,,,,,,,339,176,385,225,205,262,374,146,352,307,196,248
'480442,"Kraft paper and paperboard, uncoated, in rolls of a width > 36 cm or in square or rectangular ...",0,14,0,0,12,0,0,0,12,0,0,0,,,,,,,,,,,,,,,13,257,153,129,30,0,193,170,196,33,18,15
'480459,"Kraft paper and paperboard, uncoated, in rolls of a width > 36 cm or in square or rectangular ...",0,0,14,48,0,57,0,36,0,12,0,0,,,,,,,,,,,,,,,254,205,211,130,118,168,150,297,55,54,124,272
'480540,"Filter paper and paperboard, in rolls of a width > 36 cm or in square or rectangular sheets ...",18,9,0,10,5,7,5,3,4,9,3,0,,,,,,,,,,,,,,,56,99,6,68,69,84,169,34,88,243,4,358
'380110,"Artificial graphite (excl. retort graphite, retort carbon and goods of artificial graphite, ...",0,0,0,0,0,4,0,0,0,0,5,0,,,,,,,,,,,,,,,133,439,412,382,435,458,448,311,732,714,275,294
'380510,"Gum, wood or sulphate turpentine oils",11,0,0,16,32,21,0,47,41,15,0,0,,,,,,,,,,,,,,,11,0,0,16,32,21,0,47,41,15,0,0
'350110,Casein,0,0,0,0,0,0,0,0,0,0,0,0,,,,,,,,,,,,,,,0,0,0,0,0,0,0,0,0,0,0,0
'350220,"Milk albumin ""lactalbumin"", incl. concentrates of two or more whey proteins containing by weight ...",0,0,0,0,0,0,0,0,0,0,0,0,,,,,,,,,,,,,,,0,2,22,15,22,0,0,4,2,0,0,0
'370120,"Instant print film in the flat, sensitised, unexposed, whether or not in packs",0,0,0,0,0,0,0,0,0,0,0,0,,,,,,,,,,,,,,,0,0,0,0,0,0,6,0,0,51,0,18
'370241,"Photographic film ""incl. instant print film"", sensitised, in rolls, unexposed, without perforations, ...",6,6,20,0,0,0,0,0,0,0,0,0,,,,,,,,,,,,,,,1395,2229,1446,1425,1221,1658,1728,1887,1213,1939,1290,1557
'370298,"Photographic film, sensitised, in rolls, unexposed, with perforations, for monochrome photography, ...",0,0,0,0,0,0,0,0,0,0,0,0,,,,,,,,,,,,,,,0,4,23,0,10,7,3,32,27,0,3,24
'370320,"Photographic paper, paperboard and textiles, sensitised, unexposed, for colour photography ...",0,0,0,0,0,0,0,0,0,0,0,0,,,,,,,,,,,,,,,0,0,0,0,0,0,0,11,0,0,0,1
'330124,"Oils of peppermint ""Mentha piperita"", whether or not terpeneless, incl. concretes and absolutes",0,0,0,0,0,0,0,0,0,0,0,0,,,,,,,,,,,,,,,0,43,18,49,1,0,39,0,0,48,14,35
'330300,"Perfumes and toilet waters (excl. aftershave lotions, personal deodorants and hair lotions)",0,2,0,0,0,0,0,0,0,0,0,0,,,,,,,,,,,,,,,2079,2469,1905,1059,3195,2512,2547,2919,3515,2307,3292,2460
'330430,Manicure or pedicure preparations,0,0,0,0,0,0,0,0,0,0,0,0,,,,,,,,,,,,,,,666,786,545,442,647,485,830,1044,712,1012,548,874
'330520,Preparations for permanent waving or straightening,0,0,0,0,0,0,0,0,0,0,0,0,,,,,,,,,,,,,,,2,2,14,3,2,1,3,25,5,3,10,4
'330620,"Yarn used to clean between the teeth ""dental floss"", in individual retail packages",20,0,0,0,12,0,0,0,0,18,0,0,,,,,,,,,,,,,,,1192,1171,798,1102,999,1099,675,1058,1340,1138,845,1082
'330690,"Preparations for oral or dental hygiene, incl. denture fixative pastes and powders (excl. dentifrices ...",0,0,0,0,0,0,0,0,0,0,0,0,,,,,,,,,,,,,,,84,103,118,148,184,268,85,80,197,197,56,148
'330720,Personal deodorants and antiperspirants,0,0,0,0,0,0,0,0,0,0,0,0,,,,,,,,,,,,,,,40,59,51,74,64,84,80,89,66,62,281,70
'300310,"Medicaments containing penicillins or derivatives thereof with a penicillanic acid structure, ...",52,0,0,0,0,0,0,0,0,0,0,0,,,,,,,,,,,,,,,52,0,0,0,0,0,0,0,0,0,0,0
'300342,"Medicaments containing pseudoephedrine ""INN"" or its salts, not containing hormones, steroids ...",0,0,0,0,0,0,0,0,0,0,0,0,,,,,,,,,,,,,,,0,0,0,0,0,0,0,0,0,0,0,0
'310210,"Urea, whether or not in aqueous solution (excl. that in tablets or similar forms, or in packages ...",0,0,0,0,0,0,0,0,0,0,0,0,,,,,,,,,,,,,,,596,1007,127,269,105,36,16,1225,1357,1020,421,613
'310530,"Diammonium hydrogenorthophosphate ""diammonium phosphate"" (excl. that in tablets or similar ...",0,0,0,0,0,0,0,0,0,0,0,0,,,,,,,,,,,,,,,0,0,0,0,0,2,0,0,0,0,0,0
'293622,"Vitamin B1 and its derivatives, used primarily as vitamins",0,0,0,0,0,0,0,0,0,0,0,0,,,,,,,,,,,,,,,0,47,0,0,22,0,313,0,0,0,206,0
'293624,"D-Pantothenic or DL-pantothenic acid ""Vitamin B3 or B5"" and their derivatives, used primarily ...",0,0,0,0,0,0,0,0,0,0,0,0,,,,,,,,,,,,,,,0,0,0,0,0,0,0,0,0,0,0,0
'293629,"Vitamins and their derivatives, used primarily as vitamins, unmixed (excl. vitamins A, B1, ...",0,0,0,0,0,0,0,0,0,0,0,0,,,,,,,,,,,,,,,470,508,91,831,501,394,737,1760,445,922,829,601
'293750,"Prostaglandins, thromboxanes and leukotrienes, their derivatives and structural analogues, ...",0,0,3,0,3,0,0,3,0,0,0,0,,,,,,,,,,,,,,,1149,5824,5984,1810,2403,6261,2203,2882,11098,8641,1856,10566
'293810,"Rutoside ""rutin"" and its derivatives",0,0,0,0,0,0,0,0,0,0,0,0,,,,,,,,,,,,,,,0,0,0,0,0,0,0,0,0,0,0,0
'293949,"Alkaloids of ephedra and their derivatives; salts thereof (excl. ephedrine, pseudoephedrine ...",0,0,0,0,0,0,0,0,0,0,0,0,,,,,,,,,,,,,,,0,0,0,0,0,0,0,0,0,0,0,0
'293959,"Theophylline and aminophylline ""theophylline-ethylenediamine"" and their derivatives, and salts ...",0,0,0,0,0,0,0,0,0,0,0,0,,,,,,,,,,,,,,,0,0,0,0,0,0,0,0,0,0,0,0
'293962,"Ergotamine ""INN"" and its salts",0,0,0,0,0,0,0,0,0,0,0,0,,,,,,,,,,,,,,,0,0,0,0,0,0,0,0,0,0,0,0
'294120,Streptomycins and their derivatives; salts thereof,0,0,0,0,0,0,0,0,0,0,0,0,,,,,,,,,,,,,,,0,0,0,0,0,0,0,0,0,0,0,0
'291714,Maleic anhydride,44,232,134,46,277,36,43,41,11,15,6,0,,,,,,,,,,,,,,,2363,3610,3078,3376,2769,3009,1582,1977,1226,1264,586,389
'291413,"4-Methylpentan-2-one ""methyl isobutyl ketone""",0,0,0,0,0,0,0,0,0,0,0,0,,,,,,,,,,,,,,,7,2,16,2,29,2,11,7,47,20,0,0
'291423,Ionones and methylionones,0,0,0,0,0,0,0,0,0,0,0,0,,,,,,,,,,,,,,,0,0,0,0,0,0,0,0,0,0,0,0
'291439,"Ketones, aromatic, without other oxygen function (excl. phenylacetone [phenylpropan-2-one])",0,0,0,0,0,0,0,0,0,0,3,0,,,,,,,,,,,,,,,155,57,20,186,22,158,16,7,36,78,22,122
'292990,Compounds with nitrogen function (excl. amine-function compounds; oxygen-function amino-compounds; ...,0,0,0,0,0,0,0,0,0,0,0,0,,,,,,,,,,,,,,,1138,1464,1128,993,1111,1401,1189,1537,1683,1785,413,1825
'293159,"Separate chemically defined halogenated organo-phosphorous derivatives, n.e.s.",0,0,0,0,0,0,0,0,0,0,0,0,,,,,,,,,,,,,,,0,0,0,0,0,0,0,0,0,0,0,0
'293295,"Tetrahydrocannabinols ""all isomers""",0,0,0,0,0,0,0,0,0,0,0,0,,,,,,,,,,,,,,,0,0,0,0,0,0,0,0,0,0,0,0
'293321,Hydantoin and its derivatives,0,0,0,0,0,0,0,0,0,0,0,0,,,,,,,,,,,,,,,0,0,0,0,0,19,0,0,0,0,0,37
'291823,"Esters of salicylic acid and their salts (excl. o-acetylsalicylic acid, its salts and esters)",0,0,0,0,0,0,0,0,0,0,0,0,,,,,,,,,,,,,,,0,0,0,0,0,0,0,0,0,0,0,0
'292143,Toluidines and their derivatives; salts thereof,0,0,0,0,0,0,0,0,0,0,0,0,,,,,,,,,,,,,,,0,0,0,0,0,0,0,0,0,0,0,0
'292241,Lysine and its esters; salts thereof,0,0,0,0,0,0,0,0,0,0,0,0,,,,,,,,,,,,,,,0,0,0,0,0,0,0,7,0,7,0,0
'280470,Phosphorus,0,0,0,0,0,0,0,0,0,0,0,0,,,,,,,,,,,,,,,3,0,3,2,0,3,0,0,0,3,0,4
'190220,"Pasta, stuffed with meat or other substances, whether or not cooked or otherwise prepared",0,0,0,0,0,0,0,0,0,0,0,0,,,,,,,,,,,,,,,583,938,830,662,685,482,735,597,692,597,421,483
'283911,"Metasilicates of sodium, incl. commercial metasilicates",0,0,9,0,0,0,0,0,0,0,0,0,,,,,,,,,,,,,,,0,0,9,2,4,0,2,0,2,4,5,0
'284019,"Disodium tetraborate ""refined borax"" (excl. anhydrous)",0,0,0,0,0,0,0,0,0,0,0,0,,,,,,,,,,,,,,,0,0,11,48,3,5,0,0,0,15,0,0
'282911,Chlorate of sodium,0,0,0,0,0,0,0,0,0,0,0,0,,,,,,,,,,,,,,,0,0,0,0,0,0,0,0,0,0,0,0
'282990,Perchlorates; bromates and perbromates; iodates and periodates (excl. inorganic or organic ...,0,0,0,0,0,0,0,0,0,0,0,0,,,,,,,,,,,,,,,0,42,6,0,47,6,68,47,63,21,51,0
'290715,Naphthols and their salts,0,0,0,0,0,0,0,0,0,0,0,0,,,,,,,,,,,,,,,0,0,0,0,0,0,0,0,0,0,0,0
'290723,"4,4'-Isopropylidenediphenol ""bisphenol A, diphenylolpropane"" and its salts",0,0,0,0,0,0,0,0,0,0,0,0,,,,,,,,,,,,,,,17407,19183,15562,13480,16952,12998,12286,11931,11902,14481,13470,14086
'290911,Diethyl ether,0,0,0,8,0,0,0,0,0,0,0,0,,,,,,,,,,,,,,,0,0,0,8,0,0,0,0,0,0,0,0
'284590,"Non-radioactive isotopes; inorganic or organic compounds of such isotopes, whether or not chemically ...",0,0,0,0,0,0,0,0,0,0,0,0,,,,,,,,,,,,,,,0,491,473,0,0,0,0,1590,0,0,0,0
'284920,"Carbides of silicon, whether or not chemically defined",0,0,0,1,0,0,0,0,4,6,0,0,,,,,,,,,,,,,,,959,1868,974,1132,301,2624,1119,2955,1871,1399,2245,1619
'290377,"Halogenated derivatives of acyclic hydrocarbons containing two or more different halogens, ...",0,0,0,0,0,0,0,0,0,0,0,0,,,,,,,,,,,,,,,0,0,0,0,0,0,90,0,0,0,0,0
'290379,Halogenated derivatives of acyclic hydrocarbons containing two or more different halogens (excl. ...,0,0,0,0,0,0,0,0,0,0,0,0,,,,,,,,,,,,,,,0,0,0,0,0,0,0,0,0,12,0,0
'290549,"Tri- and other polyhydric acyclic alcohols (excl. 2-ethyl-2-""hydroxymethyl"" propane-1,3-diol ...",36,88,60,188,84,33,157,23,3,177,0,0,,,,,,,,,,,,,,,434,347,379,582,556,456,804,785,373,1046,497,404
'290629,"Aromatic cyclic alcohols and their halogenated, sulphonated, nitrated or nitrosated derivatives ...",0,0,0,0,0,0,0,0,0,0,0,0,,,,,,,,,,,,,,,0,0,0,0,0,0,0,0,644,0,0,0
'251200,"Siliceous fossil meals, e.g. kieselguhr, tripolite and diatomite, and similar siliceous earths, ...",2,0,0,0,0,0,0,0,22,0,0,0,,,,,,,,,,,,,,,2,0,0,0,0,3,0,0,24,0,0,2
'251400,"Slate, whether or not roughly trimmed or merely cut, by sawing or otherwise, into blocks or ...",0,0,0,0,0,0,0,0,0,0,0,0,,,,,,,,,,,,,,,0,0,0,0,0,0,0,0,1,0,0,0
'251620,"Sandstone, whether or not roughly trimmed or merely cut, by sawing or otherwise, into blocks ...",0,0,0,0,0,0,0,0,0,0,0,0,,,,,,,,,,,,,,,0,0,0,0,0,0,0,0,0,0,0,0
'252210,Quicklime,2,0,0,0,0,0,0,8,0,0,0,0,,,,,,,,,,,,,,,3,0,0,2,0,0,0,8,0,0,0,0
'252490,Asbestos (excl. crocidolite and products made from asbestos),0,0,0,0,0,0,0,0,0,0,0,0,,,,,,,,,,,,,,,0,0,0,0,0,0,0,0,0,0,0,0
'252610,"Natural steatite, whether or not roughly trimmed or merely cut, by sawing or otherwise, into ...",0,0,0,0,0,0,0,0,0,0,0,0,,,,,,,,,,,,,,,13,16,0,3,12,4,11,14,9,12,3,12
'261000,Chromium ores and concentrates,0,0,0,0,0,0,0,0,0,0,0,0,,,,,,,,,,,,,,,0,0,0,0,0,0,0,0,4,0,0,0
'261390,Molybdenum ores and concentrates (excl. roasted),90,0,0,0,0,0,0,0,570,0,0,0,,,,,,,,,,,,,,,115,0,0,0,0,0,0,0,570,87,0,0
'261900,"Slag, dross, scalings and other waste from the manufacture of iron or steel (excl. granulated ...",0,0,0,0,0,0,0,0,0,0,0,0,,,,,,,,,,,,,,,4145,4328,1128,66,861,2076,6,2516,18,1048,16,1077
'262091,"Slag, ash and residues, containing antimony, beryllium, cadmium, chromium or their mixtures ...",0,0,0,0,0,0,0,0,0,0,0,0,,,,,,,,,,,,,,,0,0,0,0,0,0,0,0,0,84,0,0
'270710,"Benzol ""benzene"" containing > 50% of benzene (excl. chemically defined)",0,0,0,0,0,0,0,0,0,0,0,0,,,,,,,,,,,,,,,0,0,0,0,0,0,0,0,0,0,0,0
'271210,Petroleum jelly,0,4,0,3,0,0,0,5,0,0,0,0,,,,,,,,,,,,,,,0,4,13,3,0,0,0,5,0,0,0,0
'190532,Waffles and wafers,0,0,0,0,0,0,0,0,0,0,0,0,,,,,,,,,,,,,,,193,196,273,491,454,294,306,495,689,405,345,153
'190540,"Rusks, toasted bread and similar toasted products",0,0,0,0,0,0,0,0,0,0,0,0,,,,,,,,,,,,,,,148,180,981,596,281,348,926,590,374,234,186,130
'200820,"Pineapples, prepared or preserved, whether or not containing added sugar or other sweetening ...",0,0,0,1,0,0,0,0,0,0,0,0,,,,,,,,,,,,,,,37,38,31,37,15,18,17,23,26,36,6,136
'200830,"Citrus fruit, prepared or preserved, whether or not containing added sugar or other sweetening ...",0,0,0,0,0,0,0,0,0,0,0,0,,,,,,,,,,,,,,,67,163,106,233,160,127,34,23,33,83,23,46
'200897,"Mixtures of fruits, nuts and other edible parts of plants, prepared or preserved, whether or ...",0,0,0,0,0,0,0,0,0,0,0,0,,,,,,,,,,,,,,,210,50,68,77,247,94,0,7,4,35,5,334
'200919,"Orange juice, unfermented, whether or not containing added sugar or other sweetening matter ...",0,0,0,0,0,0,0,0,0,0,0,0,,,,,,,,,,,,,,,6,13,0,10,20,22,26,11,7,15,0,15
'200949,"Pineapple juice, unfermented, Brix value > 20 at 20¡C, whether or not containing added sugar ...",0,0,0,0,0,0,0,0,0,0,0,0,,,,,,,,,,,,,,,14,17,14,12,11,3,24,4,2,6,32,26
'200950,"Tomato juice, unfermented, whether or not containing added sugar or other sweetening matter ...",0,0,0,0,0,0,0,0,0,0,0,0,,,,,,,,,,,,,,,10,22,22,22,20,21,22,13,14,14,29,10
'210210,Active yeasts,0,0,0,0,0,0,0,0,0,0,0,0,,,,,,,,,,,,,,,19,0,1,0,0,81,98,1,2,21,1,0
'210230,Prepared baking powders,0,0,0,0,0,0,0,0,0,0,0,0,,,,,,,,,,,,,,,3,31,12,26,3,0,11,16,3,4,34,5
'150190,"Poultry fat, rendered or otherwise extracted",0,0,0,0,0,0,0,0,0,0,0,0,,,,,,,,,,,,,,,0,7,0,0,13,0,0,0,3,0,0,9
'150810,Crude groundnut oil,0,0,0,0,0,0,0,0,0,0,0,0,,,,,,,,,,,,,,,0,0,0,0,3,0,0,0,0,0,0,0
'151229,"Cotton-seed oil and its fractions, whether or not refined, but not chemically modified (excl. ...",0,0,0,0,0,0,0,0,0,0,0,0,,,,,,,,,,,,,,,0,0,0,0,0,0,0,0,0,0,0,0
'151321,Crude palm kernel and babassu oil,0,0,0,0,0,0,0,0,0,0,0,0,,,,,,,,,,,,,,,0,0,0,0,0,0,0,2,0,0,0,0
'151419,"Low erucic acid rape or colza oil ""fixed oil which has an erucic acid content of < 2%"" and ...",0,0,0,0,0,0,0,0,0,0,0,0,,,,,,,,,,,,,,,0,0,0,0,0,0,0,0,0,0,0,0
'151491,"High erucic acid rape or colza oil ""fixed oil which has an erucic acid content of >= 2%"" and ...",0,0,0,0,0,0,0,0,0,0,0,0,,,,,,,,,,,,,,,0,0,0,0,0,0,0,0,0,0,0,0
'151511,Crude linseed oil,0,0,0,0,0,0,0,0,0,0,0,0,,,,,,,,,,,,,,,0,0,0,0,0,0,0,0,0,0,0,0
'151620,"Vegetable fats and oils and their fractions, partly or wholly hydrogenated, inter-esterified, ...",3,64,0,3,125,326,253,0,6,0,0,0,,,,,,,,,,,,,,,800,927,624,471,283,669,528,737,648,959,438,735
'152000,"Glycerol, crude; glycerol waters and glycerol lyes",0,0,0,0,0,0,0,0,0,0,0,0,,,,,,,,,,,,,,,0,0,0,0,0,17,71,79,0,0,24,0
'160232,"Meat or offal of fowls of the species ""Gallus domesticus"", prepared or preserved (excl. sausages ...",0,0,0,0,0,0,0,0,0,0,0,0,,,,,,,,,,,,,,,43,39,27,50,47,41,51,40,31,60,21,69
'160411,"Prepared or preserved salmon, whole or in pieces (excl. minced)",0,0,0,0,0,0,0,0,0,0,0,0,,,,,,,,,,,,,,,102,170,73,121,154,122,72,210,85,107,94,143
'160416,"Prepared or preserved anchovies, whole or in pieces (excl. minced)",0,0,0,0,0,0,0,0,0,0,0,0,,,,,,,,,,,,,,,2,81,0,0,3,48,7,0,9,0,2,8
'160418,"Prepared or preserved shark fins, whole or in pieces (excl. minced)",0,0,0,0,0,0,0,0,0,0,0,0,,,,,,,,,,,,,,,0,0,0,0,0,0,52,0,0,0,35,0
'160432,Caviar substitutes prepared from fish eggs,0,0,0,0,0,0,0,0,0,0,0,0,,,,,,,,,,,,,,,0,0,1,5,0,0,0,0,0,0,1,0
'160529,"Shrimps and prawns, prepared or preserved, in airtight containers (excl. smoked)",0,0,0,0,0,0,0,0,0,0,0,0,,,,,,,,,,,,,,,49,332,172,32,263,312,549,50,40,38,30,402
'160551,"Oysters, prepared or preserved (excl. smoked)",0,0,0,0,0,0,0,0,0,0,0,0,,,,,,,,,,,,,,,0,0,1,0,2,0,0,0,1,0,0,0
'160558,"Snails, prepared or preserved (excl. smoked and sea snails)",0,0,0,0,0,0,0,0,0,0,0,0,,,,,,,,,,,,,,,0,0,0,0,0,0,0,0,0,0,0,0
'170211,"Lactose in solid form and lactose syrup, not containing added flavouring or colouring matter, ...",0,0,0,0,0,0,0,0,0,0,0,0,,,,,,,,,,,,,,,0,0,0,0,2,0,0,0,0,0,0,0
'010391,"Live pure-bred swine, weighing < 50 kg (excl. pure-bred for breeding)",0,0,0,0,0,0,0,0,0,0,0,0,,,,,,,,,,,,,,,0,0,35,0,0,54,0,0,0,0,0,0
'010410,Live sheep,0,0,0,0,0,0,0,0,0,0,0,0,,,,,,,,,,,,,,,0,0,0,0,0,0,0,0,0,0,0,0
'010420,Live goats,0,0,0,0,0,0,0,0,0,0,0,0,,,,,,,,,,,,,,,0,0,0,0,0,0,0,0,0,0,0,0
'010613,Live camels and other camelids [Camelidae],0,0,0,0,0,0,0,0,0,0,0,0,,,,,,,,,,,,,,,0,0,0,0,0,0,0,0,0,0,0,0
'020120,"Fresh or chilled bovine cuts, with bone in (excl. carcases and 1/2 carcases)",0,0,0,0,0,0,0,0,0,0,0,0,,,,,,,,,,,,,,,0,0,3,6,3,0,2,2,28,6,0,42
'020441,Frozen sheep carcases and half-carcases (excl. lambs),0,0,0,0,0,0,0,0,0,0,0,0,,,,,,,,,,,,,,,0,0,0,0,0,0,0,0,0,0,0,0
'020622,Frozen edible bovine livers,0,0,0,0,0,0,0,0,0,0,0,0,,,,,,,,,,,,,,,0,0,0,0,0,0,0,0,0,0,0,0
'020713,Fresh or chilled cuts and edible offal of fowls of the species Gallus domesticus,0,0,0,0,0,0,0,0,0,0,0,0,,,,,,,,,,,,,,,0,9,4,10,0,2,3,10,0,6,0,2
'030111,Live ornamental freshwater fish,0,0,0,0,0,0,0,0,0,0,0,0,,,,,,,,,,,,,,,162,153,139,257,168,134,133,74,63,54,77,88
'030243,"Fresh or chilled sardines ""Sardina pilchardus, Sardinops spp."", sardinella ""Sardinella spp."", ...",0,0,0,0,0,0,0,0,0,0,0,0,,,,,,,,,,,,,,,0,0,0,0,0,0,0,0,0,0,0,0
'030245,"Fresh or chilled jack and horse mackerel ""Trachurus spp.""",0,0,0,0,0,0,0,0,0,0,0,0,,,,,,,,,,,,,,,0,0,0,0,0,0,0,0,0,0,0,0
'030251,"Fresh or chilled cod ""Gadus morhua, Gadus ogac, Gadus macrocephalus""",0,0,0,0,0,0,0,0,0,0,0,0,,,,,,,,,,,,,,,0,0,0,0,0,0,0,0,0,0,0,0
'030291,"Fresh or chilled fish livers, roes and milt",0,0,0,0,0,0,0,0,0,0,0,0,,,,,,,,,,,,,,,0,0,0,1,0,0,0,0,0,0,0,0
'030325,"Frozen carp ""Cyprinus spp., Carassius spp., Ctenopharyngodon idellus, Hypophthalmichthys spp., ...",0,0,0,0,0,0,0,0,0,0,0,0,,,,,,,,,,,,,,,0,0,0,0,0,0,0,8,0,0,1,0
'030334,"Frozen turbot ""Psetta maxima""",0,0,0,0,0,0,0,0,0,0,0,0,,,,,,,,,,,,,,,0,0,0,0,0,0,1,0,0,0,0,0
'030351,"Frozen herrings ""Clupea harengus, Clupea pallasii""",0,0,0,0,0,0,0,0,0,0,0,0,,,,,,,,,,,,,,,0,0,0,0,0,0,0,0,0,0,0,0
'030391,"Frozen fish livers, roes and milt",0,0,21,0,0,0,0,0,0,0,0,0,,,,,,,,,,,,,,,0,3,21,0,0,0,0,0,0,0,1,0
'030471,"Frozen fillets of cod ""Gadus morhua, Gadus ogac, Gadus macrocephalus""",0,0,0,0,0,0,0,0,0,0,0,0,,,,,,,,,,,,,,,4,2,4,0,3,0,0,1,61,0,0,0
'030475,"Frozen fillets of Alaska pollack ""Theragra chalcogramma""",0,0,0,0,0,0,0,0,0,0,0,0,,,,,,,,,,,,,,,0,0,0,0,0,0,0,0,0,0,0,0
'030495,"Frozen meat, whether or not minced, of fish of the families Bregmacerotidae, Euclichthyidae, ...",0,0,0,0,0,0,0,0,0,0,0,0,,,,,,,,,,,,,,,0,0,0,0,0,0,0,0,0,0,0,0
'030532,"Fillets, dried, salted or in brine, but not smoked, of fish of the families Bregmacerotidae, ...",0,0,0,0,0,0,0,0,0,0,0,0,,,,,,,,,,,,,,,1,1,4,2,0,0,4,0,3,2,3,3
'030559,"Fish, dried, even salted but not smoked, n.e.s. (excl. fillets and offal)",0,0,0,0,0,0,0,0,0,0,0,0,,,,,,,,,,,,,,,18,5,91,8,13,13,10,6,6,83,12,146
'030572,"Fish heads, tails and maws, smoked, dried, salted or in brine",0,0,0,0,0,0,0,0,0,0,0,0,,,,,,,,,,,,,,,3,0,0,42,0,0,0,0,4,5,0,0
'030693,"Crabs, whether in shell or not, dried, salted, smoked or in brine, incl. crabs in shell, cooked ...",0,0,0,0,0,0,0,0,0,0,0,0,,,,,,,,,,,,,,,2,3,2,2,3,0,1,0,0,2,3,1
'030695,"Shrimps and prawns, whether in shell or not, dried, salted, smoked or in brine, incl. ones ...",0,0,0,0,0,0,0,0,0,0,0,0,,,,,,,,,,,,,,,932,1439,957,421,245,329,600,242,287,572,268,1019
'030712,"Oysters, even in shell, frozen",0,0,0,0,0,0,0,0,0,0,0,0,,,,,,,,,,,,,,,0,0,1,1,16,105,1,116,1,0,1,1
'030722,"Scallops and other molluscs of the family Pectinidae, frozen, even in shell",0,0,0,0,0,0,0,0,0,0,0,0,,,,,,,,,,,,,,,11,0,9,0,6,0,0,26,0,3,0,137
'030749,"Cuttle fish and squid, smoked, dried, salted or in brine, with or without shell",0,0,0,0,0,0,0,0,0,0,0,0,,,,,,,,,,,,,,,323,204,0,0,223,121,0,304,542,310,0,0
'030771,"Live, fresh or chilled, even in shell, clams, cockles and ark shells ""families Arcidae, Arcticidae, ...",0,0,0,0,0,0,3,0,0,3,0,0,,,,,,,,,,,,,,,0,0,22,0,0,0,3,0,24,4,77,0
'030819,"Smoked, dried, salted or in brine, sea cucumbers ""Stichopus japonicus, Holothuroidea""",0,0,0,0,0,0,0,0,0,0,0,0,,,,,,,,,,,,,,,0,166,0,0,1179,456,611,560,255,683,0,168
'030822,"Frozen sea urchins ""Strongylocentrotus spp., Paracentrotus lividus, Loxechinus albus, Echinus ...",0,0,0,0,0,0,0,0,0,0,0,0,,,,,,,,,,,,,,,0,0,0,0,0,0,0,0,0,1,0,0
'040140,"Milk and cream of a fat content by weight of > 6% but <= 10%, not concentrated nor containing ...",0,0,0,0,0,0,0,0,0,0,0,0,,,,,,,,,,,,,,,0,0,0,0,0,0,0,0,0,0,0,0
'040291,"Milk and cream, concentrated but unsweetened (excl. in solid forms)",0,0,0,0,0,0,0,0,0,0,0,0,,,,,,,,,,,,,,,9,104,0,97,0,96,0,0,48,0,0,0
'040610,"Fresh cheese ""unripened or uncured cheese"", incl. whey cheese, and curd",0,0,0,0,0,0,0,0,0,0,0,0,,,,,,,,,,,,,,,0,0,0,193,0,0,0,0,0,0,0,2
'040620,"Grated or powdered cheese, of all kinds",0,0,0,0,0,0,0,0,0,0,0,0,,,,,,,,,,,,,,,0,2,0,4,1,2,0,1,1,1,5,0
'040711,"Fertilised eggs for incubation, of domestic fowls",0,0,0,0,0,0,0,0,0,0,0,0,,,,,,,,,,,,,,,0,3,0,3,0,0,0,0,0,0,0,0
'040790,"Birds' eggs, in shell, preserved or cooked",0,0,0,0,0,0,0,0,0,0,0,0,,,,,,,,,,,,,,,383,557,397,442,315,260,394,195,432,200,383,342
'050210,"Pigs', hogs' or boars' bristles and waste of such bristles",0,0,0,0,0,0,0,0,0,0,0,0,,,,,,,,,,,,,,,0,0,0,0,0,0,0,0,0,0,0,0
'051191,"Products of fish or crustaceans, molluscs or other aquatic invertebrates; dead fish, crustaceans, ...",4,0,0,0,0,0,0,0,0,0,0,0,,,,,,,,,,,,,,,23,0,0,7,0,0,8,43,28,50,0,45
'060311,"Fresh cut roses and buds, of a kind suitable for bouquets or for ornamental purposes",0,0,0,0,0,0,0,0,0,0,0,0,,,,,,,,,,,,,,,1,4,2,2,3,3,3,3,5,3,8,4
'060313,"Fresh cut orchids and buds, of a kind suitable for bouquets or for ornamental purposes",0,0,0,0,0,0,0,0,0,0,0,0,,,,,,,,,,,,,,,2477,3080,2590,1747,2073,2608,3212,2729,2434,1922,2234,2447
'070519,Fresh or chilled lettuce (excl. cabbage lettuce),0,0,0,0,0,0,0,0,0,0,0,0,,,,,,,,,,,,,,,9,3,13,14,10,8,5,6,12,10,11,34
'070820,"Fresh or chilled beans ""Vigna spp., Phaseolus spp."", shelled or unshelled",0,0,0,0,0,0,0,0,0,0,0,0,,,,,,,,,,,,,,,1,3,3,0,0,0,0,0,0,0,1,0
'070953,Fresh or chilled mushrooms of the genus Cantharellus,0,0,0,0,0,0,0,0,0,0,0,0,,,,,,,,,,,,,,,0,0,0,0,0,0,0,0,0,0,0,0
'070955,"Fresh or chilled matsutake ""Tricholoma matsutake, Tricholoma magnivelare, Tricholoma anatolicum, ...",0,0,0,0,0,0,0,0,0,0,0,0,,,,,,,,,,,,,,,0,0,0,0,0,0,0,0,0,0,0,0
'070993,"Fresh or chilled pumpkins, squash and gourds ""Cucurbita spp.""",0,0,0,0,0,0,0,0,0,0,0,0,,,,,,,,,,,,,,,4,3,5,4,2,3,2,2,4,2,2,4
'071159,"Mushrooms and truffles, provisionally preserved, e.g., by sulphur dioxide gas, in brine, in ...",0,0,0,0,0,0,0,0,0,0,0,0,,,,,,,,,,,,,,,0,0,0,0,0,0,0,0,0,0,0,0
'071234,"Dried shiitake ""Lentinus edodes"", whole, cut, sliced, broken or in powder, but not further ...",0,0,0,0,0,0,0,0,0,0,0,0,,,,,,,,,,,,,,,13,5,28,6,9,10,0,12,7,8,7,2
'071290,"Dried vegetables and mixtures of vegetables, whole, cut, sliced, broken or in powder, but not ...",0,0,0,0,0,0,0,0,0,0,0,0,,,,,,,,,,,,,,,188,64,81,283,184,230,177,79,80,388,108,227
'080111,Desiccated coconuts,0,0,0,0,0,0,0,0,0,0,0,0,,,,,,,,,,,,,,,0,0,0,0,0,0,0,0,0,0,0,0
'080252,"Fresh or dried pistachios, shelled",0,0,0,0,0,0,0,0,0,0,0,0,,,,,,,,,,,,,,,0,0,0,0,0,0,0,0,0,1,0,0
'080262,"Fresh or dried macadamia nuts, shelled",0,0,0,0,0,0,0,0,0,0,0,0,,,,,,,,,,,,,,,0,0,0,0,0,0,0,0,0,0,0,0
'080390,Fresh or dried bananas (excl. plantains),0,0,0,0,0,0,0,0,0,0,0,0,,,,,,,,,,,,,,,132,412,226,50,10,7,21,20,0,0,4,164
'080810,Fresh apples,0,0,0,0,0,0,0,0,0,0,0,0,,,,,,,,,,,,,,,0,0,0,3,4,2,4,6,5,6,2,3
'081120,"Frozen raspberries, blackberries, mulberries, loganberries, black-, white- or red currants ...",0,0,0,0,0,0,0,0,0,0,0,0,,,,,,,,,,,,,,,0,0,0,0,0,0,0,0,0,0,0,0
'081400,"Peel of citrus fruit or melons, incl. watermelons, fresh, frozen, dried or provisionally preserved ...",0,0,0,0,0,0,0,0,0,0,0,0,,,,,,,,,,,,,,,3,0,0,0,7,0,0,0,0,0,0,0
'090300,Mate,0,0,0,0,0,0,0,0,0,0,0,0,,,,,,,,,,,,,,,0,0,9,0,0,0,0,0,0,0,0,0
'090619,"Cinnamon and cinnamon-tree flowers (excl. cinnamon ""Cinnamomum zeylanicum Blume"" and crushed ...",0,0,0,0,0,0,0,0,0,0,0,0,,,,,,,,,,,,,,,0,0,0,0,0,0,0,0,0,0,0,0
'090620,Crushed or ground cinnamon and cinnamon-tree flowers,0,0,0,0,0,0,0,0,0,0,0,0,,,,,,,,,,,,,,,0,0,2,0,7,0,0,0,0,4,0,0
'091091,Mixtures of different types of spices,0,0,0,0,0,0,0,0,0,0,0,0,,,,,,,,,,,,,,,4,63,102,18,5,14,21,7,3,26,4,89
'100290,Rye (excl. seed for sowing),0,0,0,0,0,0,0,0,0,0,0,0,,,,,,,,,,,,,,,0,0,0,0,0,0,0,0,0,0,0,0
'100490,Oats (excl. seed for sowing),0,0,0,0,0,0,0,0,0,0,0,0,,,,,,,,,,,,,,,1,0,0,0,1,0,1,1,1,7,0,0
'100510,Maize seed for sowing,0,0,0,0,0,0,0,0,0,0,0,0,,,,,,,,,,,,,,,0,0,0,0,0,0,0,20,0,0,0,3
'110319,Groats and meal of cereals (excl. wheat and maize),0,0,0,0,0,0,0,0,0,0,0,0,,,,,,,,,,,,,,,10,9,2,3,2,2,9,1,2,4,3,4
'110320,Cereal pellets,0,0,0,0,0,0,0,0,0,0,0,0,,,,,,,,,,,,,,,0,0,0,0,0,0,0,0,0,0,0,0
'110814,Manioc starch,0,0,0,0,0,0,0,0,0,0,0,0,,,,,,,,,,,,,,,144,215,236,156,151,87,253,81,131,165,221,114
'120750,"Mustard seeds, whether or not broken",0,0,0,0,0,0,0,0,0,0,0,0,,,,,,,,,,,,,,,0,0,0,0,0,0,0,0,0,0,0,0
'120810,Soya bean flour and meal,0,0,0,0,0,0,0,0,0,0,0,0,,,,,,,,,,,,,,,11,8,12,21,16,12,6,2,1,9,44,1
'120991,"Vegetable seeds, for sowing",0,49,0,2,71,10,74,89,0,11,6,0,,,,,,,,,,,,,,,502,894,750,1176,953,580,1570,739,727,562,750,434
'121292,"Locust beans ""carob"", fresh, chilled, frozen or dried, whether or not ground",0,0,0,0,0,0,0,0,0,0,0,0,,,,,,,,,,,,,,,0,0,0,0,0,0,0,0,0,0,0,0
'121299,"Fruit stones and kernels and other vegetable products, incl. unroasted chicory roots of the ...",0,0,0,0,0,0,0,0,0,0,0,0,,,,,,,,,,,,,,,128,261,77,70,315,49,61,343,145,175,53,133
'121490,"Swedes, mangolds, fodder roots, hay, lucerne ""alfalfa"", clover, sainfoin, forage kale, lupines, ...",0,0,0,0,0,0,0,0,0,0,0,0,,,,,,,,,,,,,,,0,0,0,0,0,0,0,0,0,9,0,0
'130220,"Pectic substances, pectinates and pectates",0,0,0,0,0,0,0,0,0,0,0,0,,,,,,,,,,,,,,,1,0,0,0,0,1,1,0,4,0,0,0
'621440,"Shawls, scarves, mufflers, mantillas, veils and similar articles of artificial fibres (excl. ...",0,0,0,0,0,0,0,0,0,0,0,0,,,,,,,,,,,,,,,16,1,8,2,9,8,20,0,1,1,0,0
'621520,"Ties, bow ties and cravats of man-made fibres (excl. knitted or crocheted)",7,0,0,0,0,0,0,0,0,0,0,0,,,,,,,,,,,,,,,7,1,0,0,0,0,0,0,0,0,0,0
'630231,"Bedlinen of cotton (excl. printed, knitted or crocheted)",0,0,0,0,0,0,0,0,0,0,0,0,,,,,,,,,,,,,,,151,6,116,83,24,15,103,12,113,45,56,11
'600539,"Printed warp knit fabrics of synthetic fibres ""incl. those made on galloon knitting machines"", ...",1,0,0,0,0,0,0,0,0,2,2,0,,,,,,,,,,,,,,,142,0,14,3,88,46,21,46,14,119,66,2
'620140,"Men's or boys' overcoats, car-coats, capes, cloaks, anoraks, incl. ski jackets, wind-cheaters, ...",0,0,0,0,0,0,2,0,0,0,0,0,,,,,,,,,,,,,,,430,867,245,346,149,413,922,484,415,622,99,351
'620311,"Men's or boys' suits of wool or fine animal hair (excl. knitted or crocheted, tracksuits, ski ...",0,0,0,0,0,0,0,0,0,0,0,0,,,,,,,,,,,,,,,12,58,50,37,10,24,9,31,6,29,8,12
'620322,"Men's or boys' ensembles of cotton (excl. knitted or crocheted, ski ensembles and swimwear)",0,0,0,0,0,0,0,0,0,0,0,0,,,,,,,,,,,,,,,0,0,0,2,45,36,0,3,55,0,2,0
'620339,"Men's or boys' jackets and blazers of textile materials (excl. of wool, fine animal hair, cotton ...",0,0,0,0,0,0,0,0,0,0,0,0,,,,,,,,,,,,,,,14,61,22,24,8,20,59,33,45,20,11,33
'620411,"Women's or girls' suits of wool or fine animal hair (excl. knitted or crocheted, ski overalls ...",0,0,0,0,0,0,0,0,0,0,0,0,,,,,,,,,,,,,,,0,0,0,0,0,0,0,0,0,0,0,0
'620449,"Women's or girls' dresses of textile materials (excl. of wool, fine animal hair, cotton or ...",0,0,0,0,0,0,0,1,0,0,0,0,,,,,,,,,,,,,,,100,115,177,157,154,325,201,99,123,104,39,203
'620451,Women's or girls' skirts and divided skirts of wool or fine animal hair (excl. knitted or crocheted ...,0,0,0,0,0,0,0,0,0,0,0,0,,,,,,,,,,,,,,,30,47,62,8,21,48,12,30,45,28,27,26
'620463,"Women's or girls' trousers, bib and brace overalls, breeches and shorts of synthetic fibres ...",0,0,0,0,0,0,0,0,0,11,0,0,,,,,,,,,,,,,,,80,124,172,63,68,57,51,94,131,108,148,32
'620590,"Men's or boys' shirts of textile materials (excl. of cotton or man-made fibres, knitted or ...",0,78,0,0,0,0,0,0,3,0,0,0,,,,,,,,,,,,,,,60,111,8,25,29,61,29,41,34,47,9,27
'620690,"Women's or girls' blouses, shirts and shirt-blouses of textile materials (excl. of silk, silk ...",0,0,0,0,0,0,0,0,0,0,0,0,,,,,,,,,,,,,,,3,95,26,13,36,95,29,2,75,19,29,117
'621132,"Men's or boys' tracksuits and other garments, n.e.s. of cotton (excl. knitted or crocheted)",0,0,0,0,0,0,0,0,0,0,0,0,,,,,,,,,,,,,,,21,27,30,63,17,18,23,21,26,19,43,25
'630419,"Bedspreads of all types of textile materials (excl. knitted or crocheted, bedlinen, quilts ...",0,0,0,0,0,0,0,0,0,0,0,0,,,,,,,,,,,,,,,22,2,7,9,0,0,0,3,2,0,0,5
'630420,"Bed nets, warp knit, antimalarial",0,0,0,0,0,0,0,0,0,0,0,0,,,,,,,,,,,,,,,39,2,7,0,0,0,0,0,0,0,0,0
'630491,"Articles for interior furnishing, knitted or crocheted (excl. blankets and travelling rugs, ...",0,0,0,0,0,0,0,0,0,0,0,0,,,,,,,,,,,,,,,6,20,16,13,2,2,0,7,6,4,2,2
'630493,"Articles for interior furnishing, of synthetic fibres (excl. knitted or crocheted, blankets ...",0,0,0,0,0,0,0,0,0,0,0,0,,,,,,,,,,,,,,,19,17,3,3,12,2,2,123,71,1,19,11
'650200,"Hat-shapes, plaited or made by assembling strips of any material (excl. blocked to shape, with ...",0,0,0,0,0,0,0,0,0,0,0,0,,,,,,,,,,,,,,,8,0,0,0,0,0,0,0,0,0,0,0
'670100,"Skins and other parts of birds with their feathers or down, feathers, parts of feathers, down ...",0,17,181,169,3,0,4,18,0,0,0,0,,,,,,,,,,,,,,,59,773,487,309,83,130,92,96,77,70,0,81
'670420,"Wigs, false beards, eyebrows and eyelashes, switches and the like, of human hair, and articles ...",0,0,0,0,0,0,0,0,0,0,0,0,,,,,,,,,,,,,,,0,0,0,0,2,0,0,0,0,0,0,0
'680291,"Marble, travertine and alabaster, in any form (excl. tiles, cubes and similar articles of subheading ...",0,0,0,0,0,0,0,0,0,0,0,0,,,,,,,,,,,,,,,221,555,84,298,286,373,217,168,261,212,231,116
'640320,"Footwear with outer soles of leather, and uppers which consist of leather straps across the ...",0,0,0,0,0,0,0,0,0,0,0,0,,,,,,,,,,,,,,,0,0,0,0,0,1,0,0,0,0,0,0
'680919,"Boards, sheets, panels, tiles and similar articles, of plaster or compositions based on plaster ...",0,0,0,0,0,0,0,0,0,0,0,0,,,,,,,,,,,,,,,0,0,0,0,0,0,0,0,2,0,1,0
'681099,"Articles of cement, concrete or artificial stone, whether or not reinforced (excl. prefabricated ...",0,0,0,0,0,0,0,0,0,0,0,0,,,,,,,,,,,,,,,993,1594,1579,981,1044,951,1286,1079,1540,1401,959,1152
'690310,"Retorts, crucibles, mufflers, nozzles, plugs, supports, cupels, tubes, pipes, sheaths, rods, ...",2,6,40,0,8,0,2,0,12,0,5,0,,,,,,,,,,,,,,,31,53,77,57,108,25,54,19,56,31,30,146
'690510,Roofing tiles,0,0,0,0,0,0,0,0,0,0,0,0,,,,,,,,,,,,,,,0,0,0,0,0,0,0,5,0,0,9,0
'690723,"Ceramic flags and paving, hearth or wall tiles, of a water absorption coefficient by weight ...",0,0,0,0,0,0,0,0,0,0,0,0,,,,,,,,,,,,,,,18,0,0,0,6,0,10,0,0,5,0,0
'711719,"Imitation jewellery, of base metal, whether or not plated with precious metal (excl. cuff links ...",6,0,0,0,0,0,0,0,0,0,11,0,,,,,,,,,,,,,,,805,866,669,1626,1021,1164,2995,707,868,630,626,936
'711890,Coin of legal tender,0,0,0,0,0,18,0,0,0,0,0,0,,,,,,,,,,,,,,,5,2,224,0,51,1130,8,114,6,3,214,4
'720150,"Alloy pig iron and spiegeleisen, in pigs, blocks or other primary forms",125,124,0,0,0,0,0,0,0,0,0,0,,,,,,,,,,,,,,,125,132,0,0,5,0,0,5,1,3,0,0
'720291,Ferro-titanium and ferro-silico-titanium,9,0,0,0,0,0,5,0,0,0,0,0,,,,,,,,,,,,,,,9,0,0,0,0,0,5,0,0,0,0,0
'720293,Ferro-niobium,0,0,0,0,36,0,116,108,10,0,0,0,,,,,,,,,,,,,,,18,8,0,0,36,0,126,108,10,19,0,2
'720449,"Waste and scrap of iron or steel (excl. slag, scale and other waste of the production of iron ...",0,0,70,0,223,0,0,0,104,0,0,0,,,,,,,,,,,,,,,651,728,892,324,630,872,309,546,561,376,348,840
'720840,"Flat-rolled products of iron or non-alloy steel, of a width of >= 600 mm, not in coils, simply ...",11,285,0,0,0,0,0,0,0,0,0,0,,,,,,,,,,,,,,,28,325,0,0,17,18,18,34,20,16,0,0
'701190,"Glass envelopes, incl. bulbs and tubes, open, and glass parts thereof, without fittings, for ...",0,0,0,0,0,0,0,0,0,0,0,0,,,,,,,,,,,,,,,0,0,36,0,0,7,0,0,0,50,5,0
'701310,"Glassware of glass ceramics, of a kind used for table, kitchen, toilet, office, indoor decoration ...",0,0,0,0,0,0,0,0,0,0,0,0,,,,,,,,,,,,,,,20,6,31,3,202,9,22,7,2,8,306,12
'701342,Glassware for table or kitchen purposes of glass having a linear coefficient of expansion <= ...,0,0,0,0,0,0,0,0,0,0,0,0,,,,,,,,,,,,,,,0,0,0,15,8,1,0,0,1,2,2,6
'701965,"Open woven fabrics of glass fibres, of a width <= 30 cm",0,0,0,0,0,0,0,0,0,0,0,0,,,,,,,,,,,,,,,0,0,0,0,0,0,0,0,0,0,0,0
'710221,"Industrial diamonds unworked or simply sawn, cleaved or bruted",0,0,0,0,0,0,0,0,0,0,0,0,,,,,,,,,,,,,,,0,0,0,0,0,0,0,0,29,0,0,0
'710491,"Diamonds, synthetic or reconstructed, worked, whether or not graded but not strung, mounted ...",0,0,0,0,0,0,0,0,0,0,0,0,,,,,,,,,,,,,,,92,113,44,19,40,20,0,19,34,42,4,12
'710813,"Gold, incl. gold plated with platinum, in semi-manufactured forms, for non-monetary purposes",0,0,0,0,0,0,0,0,1,0,0,0,,,,,,,,,,,,,,,12007,15963,19039,16586,14252,20590,21867,23024,21758,28819,26983,21818
'711021,"Palladium, unwrought or in powder form",0,0,0,0,0,0,0,0,0,0,0,0,,,,,,,,,,,,,,,294,0,1011,1287,324,18,2413,25,0,0,0,1175
'711041,"Iridium, osmium and ruthenium, unwrought or in powder form",0,0,0,0,0,0,0,0,0,0,0,0,,,,,,,,,,,,,,,0,0,0,1207,1318,0,876,5,0,964,513,0
'711299,"Waste and scrap of silver, incl. metal clad with silver, and other waste and scrap containing ...",0,0,0,0,0,0,0,0,0,0,0,0,,,,,,,,,,,,,,,2228,3739,2375,47574,3403,3473,5922,4356,2677,6323,3613,21136
'721622,"T sections of iron or non-alloy steel, not further worked than hot-rolled, hot-drawn or extruded, ...",0,0,0,0,0,0,0,0,0,0,0,0,,,,,,,,,,,,,,,0,0,0,0,0,0,0,0,0,0,0,0
'721650,"Sections of iron or non-alloy steel, not further worked than hot-rolled, hot-drawn or hot-extruded ...",0,0,0,0,0,0,20,37,0,0,0,0,,,,,,,,,,,,,,,1061,2273,3080,739,2473,1905,727,1902,1029,1759,1436,2306
'721699,"Angles, shapes and sections, of iron or non-alloy steel, cold-formed or cold-finished and further ...",0,0,0,3,0,0,0,0,0,0,0,0,,,,,,,,,,,,,,,35,193,690,3,75,0,893,55,5,0,0,85
'721011,"Flat-rolled products of iron or non-alloy steel, of a width of >= 600 mm, hot-rolled or cold-rolled ...",0,0,0,0,0,0,0,0,0,0,0,0,,,,,,,,,,,,,,,381,170,145,307,305,0,155,115,0,360,0,77
'721090,"Flat-rolled products of iron or non-alloy steel, of a width of >= 600 mm, hot-rolled or cold-rolled ...",0,0,0,0,0,0,0,0,0,0,37,0,,,,,,,,,,,,,,,608,1304,13,1012,395,753,612,577,1442,215,560,1423
'721250,"Flat-rolled products of iron or non-alloy steel, of a width of < 600 mm, hot-rolled or cold-rolled ...",0,0,0,0,0,0,0,0,0,0,0,0,,,,,,,,,,,,,,,117,146,70,80,98,125,119,297,168,96,41,0
'721260,"Flat-rolled products of iron or non-alloy steel, of a width of < 600 mm, hot-rolled or cold-rolled ...",0,0,0,0,0,0,0,0,0,0,10,0,,,,,,,,,,,,,,,0,0,0,2,0,0,0,27,7,0,10,0
'722540,"Flat-rolled products of alloy steel other than stainless, of a width of >= 600 mm, not further ...",12,11,7,37,14,42,20,4,61,18,0,0,,,,,,,,,,,,,,,976,241,902,388,467,245,250,249,126,675,195,201
'722611,"Flat-rolled products of silicon-electrical steel, of a width of < 600 mm, hot-rolled or cold-rolled ...",0,0,0,0,0,0,0,0,0,0,0,0,,,,,,,,,,,,,,,1278,998,670,483,1489,1144,598,1011,901,989,676,890
'730300,"Tubes, pipes and hollow profiles, of cast iron",0,0,0,0,7,0,1,0,0,7,0,0,,,,,,,,,,,,,,,44,81,0,0,30,2,6,103,26,47,36,28
'730419,"Line pipe of a kind used for oil or gas pipelines, seamless, of iron or steel (excl. products ...",0,0,0,0,0,0,0,0,0,0,0,0,,,,,,,,,,,,,,,6,10,39,10,1,0,68,86,39,42,0,0
'730449,"Tubes, pipes and hollow profiles, seamless, of circular cross-section, of stainless steel, ...",0,731,1237,1484,2298,2195,1460,1191,0,0,0,0,,,,,,,,,,,,,,,3244,2243,4116,6564,4193,4456,9115,2569,3738,1708,676,5101
'730539,"Tubes and pipes having circular cross-sections and an external diameter of > 406,4 mm, of iron ...",0,0,0,0,0,0,0,0,0,0,0,0,,,,,,,,,,,,,,,0,0,0,2,0,7,0,0,0,0,0,0
'730619,"Line pipe of a kind used for oil or gas pipelines, welded, of flat-rolled products of iron ...",0,0,0,0,0,0,0,0,0,0,0,0,,,,,,,,,,,,,,,767,789,1423,1752,545,1206,160,1838,569,917,479,319
'810399,"Articles of tantalum, n.e.s.",0,0,0,0,0,0,0,0,3,0,0,0,,,,,,,,,,,,,,,3134,1295,1863,1026,1501,2269,1258,2322,1965,1884,1704,2941
'810520,Cobalt mattes and other intermediate products of cobalt metallurgy; unwrought cobalt; cobalt ...,0,0,0,0,0,0,0,0,0,0,0,0,,,,,,,,,,,,,,,179,1,212,273,777,289,16420,508,849,4119,1833,841
'811221,Unwrought chromium; chromium powders,0,0,0,0,0,0,0,3,3,0,0,0,,,,,,,,,,,,,,,2,0,3,2,7,0,0,3,3,3,1,0
'811292,"Unwrought niobium ""columbium"", gallium, indium, vanadium and germanium; powders and waste and ...",0,0,0,0,0,0,0,31,93,92,36,0,,,,,,,,,,,,,,,12739,10455,13921,9920,11077,11385,15071,11135,17508,17571,12824,13301
'750300,"Waste and scrap, of nickel (excl. ingots or other similar unwrought shapes, of remelted nickel ...",0,0,0,0,0,0,0,0,0,0,0,0,,,,,,,,,,,,,,,1654,1294,2808,1246,4066,1618,2358,1520,3500,2694,2732,4384
'750620,"Plates, sheets, strip and foil, of nickel alloys (excl. expanded plates, sheets or strip)",0,0,0,0,0,0,0,0,0,0,0,0,,,,,,,,,,,,,,,148,210,398,73,367,171,103,286,152,137,137,456
'750711,Tubes and pipes of non-alloy nickel,0,0,0,0,0,0,0,0,0,0,0,0,,,,,,,,,,,,,,,0,0,0,0,1,0,0,5,0,0,0,0
'760900,"Aluminium tube or pipe fittings ""e.g., couplings, elbows, sleeves""",0,45,0,17,347,43,0,0,86,138,99,0,,,,,,,,,,,,,,,1314,1589,1642,1486,1714,1318,1693,1631,1672,1343,1856,1475
'761300,Aluminium containers for compressed or liquefied gas,0,0,0,0,0,0,0,0,0,0,0,0,,,,,,,,,,,,,,,1790,2196,2059,788,2003,1503,568,614,784,1789,954,1734
'761410,"Stranded wire, cables, plaited bands and the like, of aluminium, with steel core (excl. such ...",0,0,0,0,0,0,2,0,0,0,0,0,,,,,,,,,,,,,,,0,0,2,0,0,0,2,0,0,0,0,0
'731290,"Plaited bands, slings and the like, of iron or steel (excl. electrically insulated products)",0,17,0,0,0,0,0,0,2,0,0,0,,,,,,,,,,,,,,,65,170,105,72,128,111,82,102,93,96,77,98
'731520,"Skid chain for motor vehicles, of iron or steel",0,0,0,0,0,0,0,0,0,0,0,0,,,,,,,,,,,,,,,4,0,0,3,0,0,0,6,7,0,0,0
'731600,"Anchors, grapnels and parts thereof, of iron or steel",0,0,0,0,0,0,0,0,0,0,0,0,,,,,,,,,,,,,,,41,139,47,50,52,37,49,102,49,55,36,48
'732290,"Air heaters and hot-air distributors, incl. distributors which can also distribute fresh or ...",0,3,0,0,2,0,0,2,0,2,0,0,,,,,,,,,,,,,,,142,518,601,242,245,212,361,279,629,223,267,684
'740313,"Copper, refined, in the form of billets",0,0,0,0,0,0,0,0,0,0,0,0,,,,,,,,,,,,,,,21,25,0,41,0,21,21,23,0,56,15,40
'721899,Semi-finished products of stainless steel (excl. of rectangular [other than square] cross-section),0,7,0,0,19,0,0,2,24,20,0,0,,,,,,,,,,,,,,,2151,2140,1442,1258,1416,1505,1528,1516,1143,1448,1645,2489
'730840,"Equipment for scaffolding, shuttering, propping or pit-propping (excl. composite sheetpiling ...",0,10,0,3,0,0,0,0,5,127,0,0,,,,,,,,,,,,,,,92,315,191,270,237,214,455,369,194,821,411,213
'842699,"Ships' derricks; cranes, incl. cable cranes (excl. overhead travelling cranes, transporter ...",0,0,0,0,0,0,0,9,0,0,0,0,,,,,,,,,,,,,,,37,493,94,120,66,75,99,268,0,5,203,22
'842952,"Self-propelled mechanical shovels, excavators and shovel loaders, with a 360¡ revolving su ...",0,3,0,0,8,0,0,0,0,0,0,0,,,,,,,,,,,,,,,0,27,0,4,8,0,2,4,0,0,0,175
'843210,"Ploughs for use in agriculture, horticulture or forestry",0,0,0,0,0,0,0,0,0,0,0,0,,,,,,,,,,,,,,,0,0,11,0,0,0,0,0,1,0,0,0
'843229,"Harrows, scarifiers, cultivators, weeders and hoes for use in agriculture, horticulture or ...",0,0,0,0,0,0,0,0,0,0,0,0,,,,,,,,,,,,,,,268,18,122,14,0,91,12,90,0,93,183,150
'843231,"No-till direct seeders, planters and transplanters",0,0,0,0,0,0,0,0,0,0,0,0,,,,,,,,,,,,,,,0,0,0,0,0,0,0,0,0,0,0,0
'843241,Manure spreaders (excl. sprayers),0,0,0,0,0,0,0,0,0,0,0,0,,,,,,,,,,,,,,,0,0,0,0,0,0,0,0,0,22,0,0
'843330,Haymaking machinery (excl. mowers),0,0,0,0,0,0,0,0,0,0,0,0,,,,,,,,,,,,,,,0,0,0,0,0,0,0,0,0,0,0,0
'842123,Oil or petrol-filters for internal combustion engines,0,0,0,0,2,0,0,0,0,5,3,0,,,,,,,,,,,,,,,4284,5380,4934,4142,5125,4881,4220,4786,4573,4776,4779,4324
'841581,Air conditioning machines incorporating a refrigerating unit and a valve for reversal of the ...,0,0,0,0,0,0,0,0,0,0,0,0,,,,,,,,,,,,,,,360,255,640,703,27,0,19,0,0,470,809,924
'842381,Weighing machinery having a maximum weighing capacity <= 30 kg (excl. balances of a sensitivity ...,0,7,0,2,7,0,2,9,0,0,0,0,,,,,,,,,,,,,,,739,2271,1851,742,582,561,998,2153,851,642,723,329
'821220,"Safety razor blades of base metal, incl. razor blade blanks in strips",0,0,0,0,0,0,0,0,0,0,0,0,,,,,,,,,,,,,,,8,9,69,20,15,16,21,16,9,43,15,13
'821510,"Sets of spoons, forks or other articles of heading 8215, which may also contain up to an equivalent ...",0,0,0,0,0,0,0,0,0,0,0,0,,,,,,,,,,,,,,,0,0,0,0,5,0,1,1,0,0,1,1
'841710,"Industrial or laboratory furnaces and ovens, non-electric, for the roasting, melting or other ...",190,394,80,0,0,0,19,0,0,80,0,0,,,,,,,,,,,,,,,757,671,348,39,539,0,34,414,883,369,80,283
'841912,Solar water heaters,0,0,0,0,0,0,0,0,0,0,0,0,,,,,,,,,,,,,,,0,0,0,0,0,0,3,0,0,0,0,0
'841919,"Instantaneous or storage water heaters, non-electric (excl. instantaneous gas water heaters, ...",0,0,0,0,0,0,0,0,0,0,0,0,,,,,,,,,,,,,,,0,1,0,1,0,0,26,0,117,9,0,0
'840729,"Spark-ignition reciprocating or rotary engines, for marine propulsion (excl. outboard motors)",0,0,0,0,0,0,0,0,0,0,0,0,,,,,,,,,,,,,,,56,0,0,0,0,19,45,91,53,45,60,32
'841011,"Hydraulic turbines and water wheels, of a power <= 1.000 kW (excl. hydraulic power engines ...",0,0,0,0,0,0,0,0,0,0,0,0,,,,,,,,,,,,,,,0,0,0,0,0,0,0,0,0,0,0,0
'841111,Turbojets of a thrust <= 25 kN,0,0,0,0,0,0,0,0,0,0,0,0,,,,,,,,,,,,,,,0,0,0,197,0,0,0,0,100,0,0,0
'821110,Sets of assorted articles of knives of heading 8211; sets in which there is a higher number ...,0,0,0,0,0,0,0,0,0,0,0,0,,,,,,,,,,,,,,,13,3,62,8,22,4,40,23,23,7,3,25
'820560,Blowlamps and the like (excl. gas-powered blowlamps),0,0,0,1,0,0,0,0,0,0,0,0,,,,,,,,,,,,,,,2467,2145,2926,1455,3134,1866,2286,1398,1807,2960,1966,1643
'820719,"Rock-drilling or earth-boring tools, interchangeable, and parts therefor, with working parts ...",0,3,0,4,0,0,0,0,0,0,0,0,,,,,,,,,,,,,,,60,129,112,57,95,67,47,41,120,108,72,35
'845650,Water-jet cutting machines,0,0,0,0,0,0,0,0,0,0,0,0,,,,,,,,,,,,,,,0,0,0,0,0,0,0,0,0,0,0,0
'845951,"Milling machines for metals, knee-type, numerically controlled",0,0,0,0,0,0,0,0,0,0,0,0,,,,,,,,,,,,,,,49,389,97,48,70,23,0,16,20,42,79,62
'844621,"Power looms for weaving fabrics of a width > 30 cm, shuttle type",108,0,0,0,0,0,0,0,0,0,0,0,,,,,,,,,,,,,,,239,95,0,0,0,0,0,0,0,0,70,0
'845012,"Household or laundry-type washing machines, with built-in centrifugal drier (excl. fully-automatic ...",0,0,0,0,0,0,0,0,0,0,0,0,,,,,,,,,,,,,,,0,0,0,0,0,0,0,0,0,1,0,0
'846310,"Draw-benches for metal bars, tubes, profiles, wire or the like",0,0,0,0,0,0,0,81,0,0,0,0,,,,,,,,,,,,,,,0,168,339,120,389,219,280,495,838,425,655,371
'846810,"Hand-held blow pipes, gas-operated, for soldering, brazing or welding",0,0,0,0,0,0,0,0,0,0,0,0,,,,,,,,,,,,,,,700,1462,777,604,831,554,777,405,1062,411,722,256
'846820,"Gas-operated machinery and apparatus for soldering, brazing, welding or surface tempering (excl. ...",15,0,281,0,0,0,0,0,0,0,0,0,,,,,,,,,,,,,,,22,32,289,3,111,11,21,62,38,0,8,0
'847210,"Duplicating machines ""hectograph or stencil"" (excl. printing machines and photocopying or thermo-copying ...",2,17,0,0,0,0,0,0,0,6,0,0,,,,,,,,,,,,,,,50,80,50,53,47,67,107,25,49,77,21,49
'847480,"Machinery for agglomerating, shaping or moulding solid mineral fuels, ceramic paste, unhardened ...",0,311,0,4,0,2,0,0,0,0,0,0,,,,,,,,,,,,,,,840,578,184,88,200,94,334,989,332,280,108,246
'292310,Choline and its salts,0,0,0,0,0,0,0,0,0,0,0,0,,,,,,,,,,,,,,,0,0,0,0,15,0,0,0,0,0,0,0
'292529,Imines and their derivatives; salts thereof (excl. chlordimeform [ISO]),0,0,0,0,0,0,0,0,0,2,0,0,,,,,,,,,,,,,,,28,2,6,60,2,2,0,0,3,11,0,0
'293040,Methionine,0,0,0,0,0,0,0,0,0,0,0,0,,,,,,,,,,,,,,,0,0,0,0,0,0,0,0,0,0,0,0
'293080,"Aldicarb (ISO), Captafol (ISO) and methamidophos (ISO)",0,0,0,0,0,0,0,0,0,0,0,0,,,,,,,,,,,,,,,0,0,0,0,0,0,0,0,0,0,0,0
'293333,"Alfentanil ""INN"", anileridine ""INN"", bezitramide ""INN"", bromazepam ""INN"", carfentanil ""INN"", ...",0,0,0,0,0,0,0,0,0,0,0,0,,,,,,,,,,,,,,,0,0,0,0,0,0,0,171,0,0,89,0
'293334,"Fentanyls and their derivatives, with nitrogen hetero-atom[s] only, containing an unfused pyridine ...",0,0,0,0,0,0,0,0,0,0,0,0,,,,,,,,,,,,,,,0,0,0,0,0,0,0,10,78,54,0,60
'293354,"Derivatives of malonylurea ""barbituric acid"" and salts thereof (excl. salts of malonylurea)",0,0,0,0,0,0,0,0,0,0,0,0,,,,,,,,,,,,,,,0,0,0,0,0,0,0,0,0,0,0,0
'300212,Antisera and other blood fractions,0,0,0,0,0,0,0,0,0,0,0,0,,,,,,,,,,,,,,,1718,1084,1783,658,3256,7,2696,519,1668,1763,705,657
'300259,"Cell cultures, whether or not modified (excl. cell therapy products)",0,0,0,0,0,0,0,0,0,0,0,0,,,,,,,,,,,,,,,0,0,17,23,4,0,8,35,0,0,0,3
'300339,"Medicaments containing hormones or steroids used as hormones, not containing antibiotics, not ...",0,0,0,0,0,0,0,0,0,0,0,0,,,,,,,,,,,,,,,2,0,0,0,2,0,0,2,0,0,2,0
'300439,"Medicaments containing hormones or steroids used as hormones but not antibiotics, put up in ...",0,0,0,0,0,0,0,47,0,0,0,0,,,,,,,,,,,,,,,129,179,163,149,173,39,195,4214,118,141,23,117
'300441,"Medicaments containing ephedrine or its salts, not containing hormones, steroids used as hormones ...",0,0,0,0,0,0,0,0,0,0,0,0,,,,,,,,,,,,,,,0,0,0,0,0,0,0,0,0,0,0,0
'300442,"Medicaments containing pseudoephedrine ""INN"" or its salts, not containing hormones, steroids ...",0,0,0,0,0,0,0,0,0,0,0,0,,,,,,,,,,,,,,,173,17,190,98,0,111,122,45,251,9,15,0
'300650,First-aid boxes and kits,0,0,0,0,0,0,0,0,0,0,0,0,,,,,,,,,,,,,,,0,17,4,1,31,1,16,1,15,78,3,19
'360320,Detonating cords,0,0,0,0,0,0,0,0,0,0,0,0,,,,,,,,,,,,,,,0,0,0,0,0,0,0,0,0,0,0,0
'370239,"Photographic film ""incl. instant print film"", sensitised, in rolls, unexposed, without perforations, ...",0,0,0,0,0,0,0,0,0,0,0,0,,,,,,,,,,,,,,,0,0,0,0,0,0,0,0,0,0,0,0
'370254,"Photographic film, sensitised, in rolls, unexposed, with perforations, for colour photography ...",0,0,0,0,0,0,0,0,0,0,0,0,,,,,,,,,,,,,,,0,7,0,3,2,7,2,5,22,0,14,4
'370296,"Photographic film, sensitised, in rolls, unexposed, with perforations, for monochrome photography, ...",0,0,0,0,0,0,0,0,0,0,0,0,,,,,,,,,,,,,,,0,0,0,0,0,0,0,8,0,0,0,1
'380130,Carbonaceous pastes for electrodes and similar pastes for furnace linings,0,0,0,0,0,0,0,0,0,0,0,0,,,,,,,,,,,,,,,16,0,70,4,0,7,1,72,199,110,7,2
'330290,"Mixtures of odoriferous substances and mixtures, incl. alcoholic solutions, based on one or ...",32,0,36,0,0,0,0,0,0,0,0,0,,,,,,,,,,,,,,,266,240,498,476,356,490,304,351,601,335,343,289
'330530,Hair lacquers,0,0,0,0,0,0,0,0,0,0,0,0,,,,,,,,,,,,,,,8,0,2,20,0,1,0,0,6,2,0,0
'330113,"Oils of lemon, whether or not terpeneless, incl. concretes and absolutes",0,0,0,0,0,0,0,0,0,0,0,0,,,,,,,,,,,,,,,2,0,0,1,8,2,0,3,10,0,0,7
'382100,"Prepared culture media for the development or maintenance of micro-organisms ""incl. viruses ...",0,8,0,0,0,7,0,0,0,7,0,0,,,,,,,,,,,,,,,662,952,984,813,976,1052,746,539,928,906,267,1146
'382212,"Diagnostic or laboratory reagents on a backing, prepared diagnostic or laboratory reagents ...",0,0,0,0,0,0,0,0,0,0,0,0,,,,,,,,,,,,,,,0,0,0,18,0,0,0,0,0,0,0,0
'382440,"Prepared additives for cements, mortars or concretes",15,9,10,36,36,0,18,49,20,33,0,0,,,,,,,,,,,,,,,701,533,614,477,738,708,916,666,399,314,134,313
'382487,"Mixtures and preparations containing perfluorooctane sulphonic acid, its salts, perfluorooctane ...",0,0,0,0,0,0,0,0,0,0,0,0,,,,,,,,,,,,,,,0,0,0,0,0,0,0,0,0,0,0,0
'380700,Wood tar; wood tar oils; wood creosote; wood naphtha; vegetable pitch; brewer's pitch and similar ...,0,0,0,0,0,0,0,0,0,0,0,0,,,,,,,,,,,,,,,0,0,0,0,0,0,0,0,0,0,0,0
'390450,"Vinylidene chloride polymers, in primary forms",0,0,0,0,0,0,0,0,0,0,0,0,,,,,,,,,,,,,,,0,0,0,0,0,0,0,0,0,0,0,0
'391212,"Plasticised cellulose acetates, in primary forms",0,0,0,0,0,0,0,0,0,0,0,0,,,,,,,,,,,,,,,0,0,0,0,46,0,0,0,0,0,5,0
'381511,"Supported catalysts with nickel or a nickel compound as the active substance, n.e.s.",0,0,0,0,0,0,0,3,0,0,0,0,,,,,,,,,,,,,,,0,0,3,2,0,0,2,15,7,0,7,7
'382761,"Mixtures containing other hydrofluorocarbons ""HFCs"" than in subheadings of 3827 till 3827.59, ...",0,0,0,0,0,0,0,0,0,0,0,0,,,,,,,,,,,,,,,282,7,149,4,4,167,7,106,3,0,0,1
'391530,"Waste, parings and scrap, of polymers of vinyl chloride",0,0,0,0,0,0,0,0,0,0,0,0,,,,,,,,,,,,,,,278,326,238,288,234,206,195,247,123,204,182,274
'391722,"Rigid tubes, pipes and hoses of polymers of propylene",0,0,0,1,0,0,0,0,0,0,0,0,,,,,,,,,,,,,,,46,37,840,975,2053,238,1588,72,4,7,30,122
'392073,"Plates, sheets, film, foil and strip, of non-cellular cellulose acetates, not reinforced, laminated, ...",0,0,0,0,0,0,0,0,0,0,0,0,,,,,,,,,,,,,,,4403,5342,3536,4799,5041,4086,4749,3687,3923,3756,4221,5848
'401032,"Endless transmission belts of trapezoidal cross-section ""V-belts"", of vulcanised rubber, of ...",0,0,0,0,0,0,0,0,0,0,0,0,,,,,,,,,,,,,,,10,119,18,10,43,42,87,28,24,19,46,20
'401130,"New pneumatic tyres, of rubber, of a kind used for aircraft",0,0,0,0,0,0,0,0,0,0,0,0,,,,,,,,,,,,,,,49,40,305,45,31,122,171,232,118,57,42,98
'401219,"Retreaded pneumatic tyres, of rubber (excl. of a kind used on motor cars, station wagons, racing ...",0,0,0,0,0,0,0,0,0,0,0,0,,,,,,,,,,,,,,,4,0,0,10,3,2,1,3,2,0,6,1
'401310,"Inner tubes, of rubber, of a kind used on motor cars, incl. station wagons and racing cars, ...",0,0,0,0,0,0,0,0,0,0,0,0,,,,,,,,,,,,,,,2,12,2,3,22,1,1,1,10,17,3,5
'392510,"Reservoirs, tanks, vats and similar containers, of plastics, with a capacity of > 300 l",0,18,0,3,0,0,0,0,0,0,0,0,,,,,,,,,,,,,,,36,45,22,248,379,16,55,88,84,239,61,74
'400942,"Tubes, pipes and hoses, of vulcanised rubber (excl. hard rubber), reinforced or otherwise combined ...",0,0,1,1,0,2,1,4,1,4,4,0,,,,,,,,,,,,,,,550,611,555,628,493,457,472,555,571,610,399,447
'480300,"Toilet or facial tissue stock, towel or napkin stock and similar paper for household or sanitary ...",1,0,0,0,0,0,1,0,0,0,0,0,,,,,,,,,,,,,,,682,780,408,303,360,292,345,549,410,406,472,479
'480421,"Unbleached sack kraft paper, uncoated, in rolls of a width > 36 cm (excl. goods of heading ...",0,0,0,0,0,14,0,0,21,14,0,0,,,,,,,,,,,,,,,1,33,1,0,1,14,0,0,25,16,0,0
'480550,"Felt paper and paperboard, in rolls of a width > 36 cm or in square or rectangular sheets with ...",0,0,0,0,0,0,0,0,0,0,0,0,,,,,,,,,,,,,,,0,0,0,0,0,1,0,0,0,0,0,0
'480592,"Paper and paperboard, uncoated, in rolls of a width > 36 cm or in square or rectangular sheets ...",0,11,5,7,0,0,2,0,0,0,0,0,,,,,,,,,,,,,,,89,19,28,47,91,104,176,6,13,11,14,175
'441241,"Laminated veneered lumber ""LVL"", with at least one outer ply of tropical wood (excl. of bamboo, ...",0,0,0,0,0,0,0,0,0,0,0,0,,,,,,,,,,,,,,,0,0,0,0,0,0,0,0,0,0,0,0
'441490,"Wooden frames for paintings, photographs, mirrors or similar objects (excl. of tropical wood)",0,0,0,0,0,0,0,0,0,0,0,0,,,,,,,,,,,,,,,76,164,40,13,7,121,20,6,11,54,74,5
'481320,Cigarette paper in rolls of a width of <= 5 cm,0,0,0,0,0,0,0,0,0,0,0,0,,,,,,,,,,,,,,,0,0,0,0,3,0,0,0,0,0,3,0
'490290,"Newspapers, journals and periodicals, whether or not illustrated or containing advertising ...",0,0,0,0,0,0,0,0,0,0,0,0,,,,,,,,,,,,,,,92,145,338,132,296,107,104,282,129,105,109,114
'510531,"Hair of Kashmir ""cashmere"" goats, carded or combed",0,0,0,0,0,0,0,0,0,0,0,0,,,,,,,,,,,,,,,0,1,0,0,0,0,0,0,0,0,0,0
'510610,Carded wool yarn containing >= 85% wool by weight (excl. that put up for retail sale),0,0,0,0,0,0,0,0,0,0,0,0,,,,,,,,,,,,,,,0,0,0,0,9,0,4,0,0,0,0,0
'511130,"Woven fabrics containing predominantly, but < 85% carded wool or carded fine animal hair by ...",0,0,0,0,0,0,0,0,0,0,0,0,,,,,,,,,,,,,,,0,0,0,0,2,0,0,2,0,0,0,0
'511219,Woven fabrics containing >= 85% combed wool or combed fine animal hair by weight and weighing ...,0,0,0,0,0,0,0,0,0,0,0,0,,,,,,,,,,,,,,,0,0,0,0,0,0,0,0,0,0,0,0
'441700,"Tools, tool bodies, tool handles, broom or brush bodies and handles, of wood; boot or shoe ...",0,0,0,8,0,0,0,3,0,0,17,0,,,,,,,,,,,,,,,103,53,64,61,71,44,63,28,51,39,104,11
'441840,Wooden shuttering for concrete constructional work (excl. plywood boarding),0,0,0,0,0,0,0,0,0,0,0,0,,,,,,,,,,,,,,,0,5,6,0,0,4,0,0,3,0,0,0
'441875,"Flooring panels, multilayer, assembled, of wood other than bamboo (excl. for mosaic floors)",0,0,0,0,0,0,0,0,0,0,0,0,,,,,,,,,,,,,,,936,0,0,36,6,14,14,6,19,0,1,27
'441889,Engineered structural timber products (excl. glue-laminated or cross-laminated timber and I ...,0,0,0,0,0,0,0,0,0,0,0,0,,,,,,,,,,,,,,,0,0,0,0,0,0,0,0,0,0,0,0
'442110,Clothes hangers of wood,0,0,0,0,0,0,0,0,2,0,0,0,,,,,,,,,,,,,,,11,132,127,67,124,46,55,70,84,122,1,103
'450190,"Cork waste; crushed, powdered or ground cork",0,1,1,2,0,0,8,0,0,0,0,0,,,,,,,,,,,,,,,0,1,21,2,0,0,28,0,0,0,0,0
'470429,"Semi-bleached or bleached non-coniferous chemical wood pulp, sulphite (excl. dissolving grades)",0,0,0,0,0,0,0,0,0,0,0,0,,,,,,,,,,,,,,,0,0,0,0,0,0,0,0,0,0,0,0
'470630,Pulps of fibrous cellulosic bamboo material,0,0,0,0,0,0,0,0,0,0,0,0,,,,,,,,,,,,,,,0,0,0,0,0,0,0,0,0,0,0,0
'470691,"Mechanical pulp of fibrous cellulosic material (excl. that of bamboo, wood, cotton linters ...",0,0,0,0,0,0,0,0,0,0,0,0,,,,,,,,,,,,,,,0,0,0,0,0,0,0,0,0,0,0,0
'480100,"Newsprint as specified in Note 4 to chapter 48, in rolls of a width > 28 cm or in square or ...",0,0,0,0,0,0,0,0,0,0,0,0,,,,,,,,,,,,,,,6,30,15,10,0,0,0,0,0,0,0,0
'430310,"Articles of apparel and clothing accessories of furskin (excl. gloves made of leather and furskin, ...",0,0,0,0,0,0,0,0,0,0,0,0,,,,,,,,,,,,,,,23,225,107,26,31,41,69,69,1131,186,148,186
'440141,"Sawdust, not agglomerated",0,0,0,0,0,0,0,0,0,0,0,0,,,,,,,,,,,,,,,0,0,0,0,0,0,0,0,0,0,0,0
'440210,"Bamboo charcoal, incl. shell or nut charcoal, whether or not agglomerated (excl. used as a ...",0,0,0,0,0,0,0,0,0,0,0,0,,,,,,,,,,,,,,,5,37,1,2,7,56,0,39,14,34,0,1
'440290,"Wood charcoal, whether or not agglomerated (excl. of bamboo or shell or nut, charcoal used ...",0,0,0,0,0,0,0,0,0,0,0,0,,,,,,,,,,,,,,,31,28,0,31,0,43,13,31,2,0,3,25
'441210,"Plywood, veneered panel and similar laminated wood, of bamboo, not containing particle board ...",0,0,0,0,0,0,0,0,0,0,0,0,,,,,,,,,,,,,,,41,0,0,0,0,0,0,0,0,0,0,0
'410530,"Skins of sheep or lambs, in the dry state ""crust"", without wool on, whether or not split (excl. ...",0,0,0,0,0,0,0,0,0,0,0,0,,,,,,,,,,,,,,,0,0,0,0,0,0,0,0,0,0,0,0
'410622,"Hides and skins of goats or kids, in the dry state ""crust"", without wool on, whether or not ...",0,0,0,0,0,0,0,0,0,0,0,0,,,,,,,,,,,,,,,0,0,0,0,0,0,0,0,0,0,0,0
'520942,"Denim, containing >= 85% cotton by weight and weighing > 200 g/m_, made of yarn of different ...",0,0,2,4,3,0,0,0,0,0,0,0,,,,,,,,,,,,,,,7,21,5,7,3,1,1,15,9,0,0,0
'521119,"Woven fabrics of cotton, containing predominantly, but < 85% cotton by weight, mixed principally ...",0,0,0,0,0,0,0,0,0,0,0,0,,,,,,,,,,,,,,,0,0,5,0,0,0,0,0,1,0,0,0
'521142,"Denim, containing predominantly, but < 85% cotton by weight, mixed principally or solely with ...",0,0,0,0,0,0,0,0,0,0,0,0,,,,,,,,,,,,,,,0,0,0,0,0,0,3,0,0,0,0,0
'521159,"Woven fabrics of cotton, containing predominantly, but < 85% cotton by weight, mixed principally ...",0,0,0,0,0,0,0,0,0,0,0,0,,,,,,,,,,,,,,,0,0,0,0,0,0,0,0,45,0,0,0
'530911,"Woven fabrics of flax, containing >= 85% flax by weight, unbleached or bleached",0,0,0,0,0,0,0,0,0,0,0,0,,,,,,,,,,,,,,,0,0,81,0,0,0,0,0,0,0,4,0
'540411,Elastomeric monofilament of >= 67 decitex and with a cross sectional dimension of <= 1 mm,0,0,0,0,0,0,0,0,0,0,0,0,,,,,,,,,,,,,,,0,13,3,200,0,0,0,0,0,0,0,3
'520522,"Single cotton yarn, of combed fibres, containing >= 85% cotton by weight and with a linear ...",0,0,0,18,52,0,0,0,0,0,0,0,,,,,,,,,,,,,,,51,95,0,117,99,151,14,172,0,0,0,67
'520523,"Single cotton yarn, of combed fibres, containing >= 85% cotton by weight and with a linear ...",0,0,0,0,0,0,0,0,0,0,0,0,,,,,,,,,,,,,,,66,0,87,0,0,0,0,16,0,0,0,113
'520534,"Multiple ""folded"" or cabled cotton yarn, of uncombed fibres, containing >= 85% cotton by weight ...",0,0,0,0,0,0,0,0,0,0,0,0,,,,,,,,,,,,,,,0,0,0,0,0,0,0,0,0,0,0,0
'520543,"Multiple ""folded"" or cabled cotton yarn, of combed fibres, containing >= 85% cotton by weight ...",0,0,0,0,0,0,0,0,0,0,0,0,,,,,,,,,,,,,,,0,0,0,0,0,0,0,0,0,0,0,0
'520622,"Single cotton yarn containing predominantly, but < 85% cotton by weight, of combed fibres and ...",0,0,0,0,0,0,0,0,0,0,0,0,,,,,,,,,,,,,,,2,0,1,0,5,3,0,0,0,4,2,0
'520623,"Single cotton yarn containing predominantly, but < 85% cotton by weight, of combed fibres and ...",0,0,0,0,0,0,0,0,0,0,0,0,,,,,,,,,,,,,,,0,0,0,15,0,14,0,0,0,0,0,15
'520811,"Plain woven fabrics of cotton, containing >= 85% cotton by weight and weighing <= 100 g/m_, ...",0,0,0,0,0,0,0,0,0,0,0,0,,,,,,,,,,,,,,,8,0,8,4,0,16,0,4,8,10,0,0
'540783,"Woven fabrics of yarn containing predominantly, but < 85% synthetic filament by weight, incl. ...",0,0,0,0,0,0,0,0,0,0,0,0,,,,,,,,,,,,,,,0,2,0,0,52,7,0,0,219,26,0,149
'550290,"Artificial filament tow, as specified in Note 1 to chapter 55 (excl. of acetate)",0,0,0,0,0,0,0,0,0,0,0,0,,,,,,,,,,,,,,,0,0,0,0,0,0,0,0,0,0,0,0
'551693,"Woven fabrics containing predominantly, but < 85% artificial staple fibres by weight, other ...",0,0,0,0,0,0,0,0,0,0,0,0,,,,,,,,,,,,,,,0,5,0,0,0,0,19,0,0,0,0,0
'551030,"Yarn containing predominantly, but < 85% artificial staple fibres by weight, mixed principally ...",0,0,0,0,0,0,0,0,0,0,0,0,,,,,,,,,,,,,,,2,0,6,10,2,0,4,0,0,35,0,0
'560721,"Binder or baler twine, of sisal or other textile fibres of the genus Agave",0,0,0,0,0,0,0,0,0,0,0,0,,,,,,,,,,,,,,,0,0,0,0,0,0,0,9,0,1,0,0
'570210,"Kelem, Schumacks, Karamanie and similar hand-woven rugs, whether or not made up",0,0,0,0,0,0,0,0,0,0,0,0,,,,,,,,,,,,,,,0,0,0,0,0,0,0,0,0,0,0,0
'570339,"Carpets and other floor coverings, of man-made textile materials, tufted ""needle punched"", ...",0,7,5,3,12,8,11,4,8,0,2,0,,,,,,,,,,,,,,,196,167,135,121,266,175,176,381,259,170,150,98
'570410,"Floor tiles, of felt, not tufted or flocked, with an area of <= 0,3 m_",0,0,0,0,0,0,0,0,0,0,0,0,,,,,,,,,,,,,,,0,0,0,0,0,0,0,0,0,0,0,0
'570490,"Carpets and other floor coverings, of felt, not tufted or flocked, whether or not made up (excl. ...",0,0,0,0,0,0,0,0,0,0,0,0,,,,,,,,,,,,,,,30,26,11,81,39,27,14,32,10,70,9,35
'580133,"Cut weft pile fabrics, of man-made fibres (excl. terry towelling and similar woven terry fabrics, ...",0,0,0,0,0,0,0,0,0,0,0,0,,,,,,,,,,,,,,,3,68,2,27,5,4,41,2,70,4,0,0
'220870,Liqueurs and cordials,0,0,0,0,0,0,0,0,0,0,0,0,,,,,,,,,,,,,,,3,1,6,16,9,8,1,23,12,12,1,24
'220421,"Wine of fresh grapes, incl. fortified wines, and grape must whose fermentation has been arrested ...",0,0,0,0,0,0,0,0,0,0,0,0,,,,,,,,,,,,,,,156,159,101,31,460,28,90,181,967,1090,63,749
'271312,"Petroleum coke, calcined",0,0,0,0,0,0,0,0,0,0,0,0,,,,,,,,,,,,,,,0,0,0,0,0,0,0,0,0,0,0,0
'280130,Fluorine; bromine,0,0,0,0,0,0,0,0,0,0,0,0,,,,,,,,,,,,,,,3,0,0,0,0,0,0,0,0,0,0,0
'280511,Sodium,0,0,0,0,0,0,0,0,0,0,0,0,,,,,,,,,,,,,,,0,0,0,0,0,0,0,0,0,0,0,0
'281119,"Inorganic acids (excl. hydrogen chloride ""hydrochloric acid"", chlorosulphuric acid, sulphuric ...",0,46,6,17,0,2,43,0,4,0,22,0,,,,,,,,,,,,,,,901,1481,877,845,784,1288,1209,1336,823,692,741,901
'170310,Cane molasses resulting from the extraction or refining of sugar,0,0,0,2,25,0,0,0,24,5,0,0,,,,,,,,,,,,,,,91,123,108,70,153,92,93,76,138,99,99,103
'180310,Cocoa paste (excl. defatted),0,0,0,0,0,0,0,0,0,0,0,0,,,,,,,,,,,,,,,0,7,0,0,0,0,0,6,0,13,0,0
'190240,"Couscous, whether or not prepared",0,0,0,0,0,0,0,0,0,0,0,0,,,,,,,,,,,,,,,0,0,0,0,2,0,0,0,0,0,6,10
'190420,Prepared foods obtained from unroasted cereal flakes or from mixtures of unroasted cereal flakes ...,0,0,0,0,0,0,0,0,0,0,0,0,,,,,,,,,,,,,,,6,4,70,4,53,3,55,61,57,58,58,6
'200110,"Cucumbers and gherkins, prepared or preserved by vinegar or acetic acid",0,0,0,0,0,0,0,0,0,2,0,0,,,,,,,,,,,,,,,38,63,44,15,27,7,43,19,33,24,62,20
'200520,"Potatoes, prepared or preserved otherwise than by vinegar or acetic acid (excl. frozen)",0,0,0,0,0,0,0,0,0,0,0,0,,,,,,,,,,,,,,,403,474,298,263,181,402,387,282,438,410,208,316
'200819,"Nuts and other seeds, incl. mixtures, prepared or preserved (excl. prepared or preserved with ...",0,0,0,0,0,0,0,0,0,0,0,0,,,,,,,,,,,,,,,877,1185,1125,981,1078,1072,949,1268,963,1015,485,900
'200911,"Frozen orange juice, unfermented, whether or not containing added sugar or other sweetening ...",0,0,0,0,0,0,0,0,0,0,0,0,,,,,,,,,,,,,,,514,394,234,329,457,226,150,411,458,196,453,110
'200929,"Grapefruit juice, unfermented, Brix value > 20 at 20¡C, whether or not containing added sugar ...",0,0,1,0,0,0,0,0,0,0,0,0,,,,,,,,,,,,,,,43,50,106,47,75,75,39,106,15,48,61,18
'200941,"Pineapple juice, unfermented, Brix value <= 20 at 20¡C, whether or not containing added sugar ...",0,0,0,0,0,0,0,0,0,0,0,0,,,,,,,,,,,,,,,0,0,0,0,0,0,0,0,0,1,0,0
'200971,"Apple juice, unfermented, Brix value <= 20 at 20¡C, whether or not containing added sugar or ...",0,0,1,0,0,0,0,0,0,0,0,0,,,,,,,,,,,,,,,116,104,102,84,47,115,84,75,101,83,60,63
'200990,"Mixtures of fruit juices, incl. grape must, and vegetable juices, unfermented, whether or not ...",0,0,0,4,0,0,0,2,2,0,0,0,,,,,,,,,,,,,,,211,284,296,176,269,251,317,271,223,191,287,185
'284540,Helium-3,0,0,0,0,0,0,0,0,0,0,0,0,,,,,,,,,,,,,,,0,0,0,0,0,0,0,0,0,0,0,0
'284910,"Carbides of calcium, whether or not chemically defined",0,0,0,0,0,0,0,0,0,0,0,0,,,,,,,,,,,,,,,0,0,0,0,0,0,0,0,0,0,0,0
'281512,"Sodium hydroxide ""caustic soda"" in aqueous solution ""soda lye or liquid soda""",0,0,2467,0,0,0,1207,3994,1171,0,0,0,,,,,,,,,,,,,,,32030,16090,8935,41057,4198,32070,14135,23982,27784,7462,17080,8904
'282560,Germanium oxides and zirconium dioxide,26,0,0,0,0,0,0,0,0,3,0,0,,,,,,,,,,,,,,,26,0,0,4,2,0,0,0,0,3,0,0
'282890,"Hypochlorites, chlorites and hypobromites (excl. calcium hypochlorites)",0,0,0,0,0,0,0,0,0,0,0,0,,,,,,,,,,,,,,,5,0,7,3,0,6,0,10,9,6,0,31
'282919,Chlorates (excl. sodium),0,0,0,0,0,0,0,0,0,0,0,0,,,,,,,,,,,,,,,0,0,0,0,0,0,0,0,0,0,0,0
'283190,Dithionites and sulfoxylates (excl. sodium),0,0,0,0,0,0,0,0,0,0,0,0,,,,,,,,,,,,,,,0,0,0,13,0,0,0,0,0,0,0,0
'283321,Sulphate of magnesium,10,13,20,26,9,7,14,0,2,15,6,0,,,,,,,,,,,,,,,12,13,20,26,9,7,25,0,2,15,6,0
'230120,"Flours, meals and pellets of fish or crustaceans, molluscs or other aquatic invertebrates, ...",0,181,0,0,0,239,0,0,0,0,0,0,,,,,,,,,,,,,,,48,282,157,90,109,239,90,181,193,549,242,223
'281217,Thionyl chloride,0,0,0,0,0,0,0,0,0,0,0,0,,,,,,,,,,,,,,,0,0,0,0,0,0,0,0,0,0,0,0
'281310,Carbon disulphide,0,0,0,0,0,0,0,0,0,0,0,0,,,,,,,,,,,,,,,0,28,0,0,0,0,0,0,0,0,0,0
'293492,"Fentanyls and their derivatives (excl. with nitrogen hetero-atom[s] only, and products of 2934.91)",0,0,0,0,0,0,0,0,0,0,0,0,,,,,,,,,,,,,,,0,0,0,0,0,0,0,0,0,0,0,0
'293626,"Vitamin B12 and its derivatives, used primarily as vitamins",0,0,0,0,0,0,0,0,0,0,0,0,,,,,,,,,,,,,,,0,0,0,0,0,0,0,0,1,0,0,0
'293719,"Polypeptide hormones, protein hormones and glycoprotein hormones, their derivatives and structural ...",0,0,0,0,0,0,0,0,0,0,0,0,,,,,,,,,,,,,,,0,2434,16,0,0,0,0,2716,0,27,732,0
'293722,Halogenated derivatives of corticosteroidal hormones,0,0,0,0,0,30,0,0,0,0,17,0,,,,,,,,,,,,,,,0,0,0,0,0,30,316,341,564,300,205,299
'293944,Norephedrine and its salts,0,0,0,0,0,0,0,0,0,0,0,0,,,,,,,,,,,,,,,674,278,151,58,407,82,229,90,18,180,428,573
'293969,"Alkaloids of rye ergot and their derivatives; salts thereof (excl. lysergic acid, ergotamine ...",0,0,0,0,0,0,0,0,0,0,0,0,,,,,,,,,,,,,,,0,0,0,0,0,0,0,0,0,0,0,0
'294000,"Sugars, chemically pure (excl. sucrose, lactose, maltose, glucose and fructose); sugar ethers, ...",0,0,0,0,0,0,0,0,0,0,0,0,,,,,,,,,,,,,,,209,56,12,0,147,0,59,51,55,55,0,68
'294130,Tetracyclines and their derivatives; salts thereof,0,0,0,0,0,0,0,0,0,0,0,0,,,,,,,,,,,,,,,0,0,0,0,0,0,0,22,0,0,0,18
'291620,"Cyclanic, cyclenic or cycloterpenic monocarboxylic acids, their anhydrides, halides, peroxides, ...",0,0,0,0,0,0,0,0,0,0,0,0,,,,,,,,,,,,,,,10,0,0,11,0,0,0,0,0,0,0,0
'291634,Phenylacetic acid and its salts,0,0,0,0,2,0,0,0,0,0,0,0,,,,,,,,,,,,,,,0,0,0,0,2,0,0,0,0,0,0,0
'291811,"Lactic acid, its salts and esters (excl. inorganic or organic compounds of mercury)",2,0,0,0,0,0,3,5,14,2,0,0,,,,,,,,,,,,,,,120,150,228,350,380,129,338,73,320,128,324,260
'291812,Tartaric acid,0,0,0,0,0,0,0,0,0,0,0,0,,,,,,,,,,,,,,,0,0,0,0,0,3,0,0,0,5,0,2
'291821,Salicylic acid and its salts (excl. inorganic or organic compounds of mercury),0,0,0,0,0,0,0,0,0,0,0,0,,,,,,,,,,,,,,,0,0,0,0,0,0,0,0,3,0,0,0
'290544,"D-glucitol ""sorbitol""",0,0,0,0,0,0,0,11,13,0,0,0,,,,,,,,,,,,,,,0,0,0,0,0,4,0,11,14,0,0,0
'290559,"Halogenated, sulphonated, nitrated or nitrosated derivatives or acyclic alcohols (excl. ethchlorvynol ...",0,0,0,0,0,0,0,0,0,0,0,0,,,,,,,,,,,,,,,0,38,78,116,53,0,40,0,10,33,0,33
'290930,"Aromatic ethers and their halogenated, sulphonated, nitrated or nitrosated derivatives",0,0,5,0,5,0,0,0,9,5,0,0,,,,,,,,,,,,,,,281,250,50,295,444,158,317,193,352,250,350,199
'291221,Benzaldehyde,0,0,0,0,0,0,0,0,0,0,0,0,,,,,,,,,,,,,,,0,0,0,0,0,0,0,0,4,0,4,0
'291242,"Ethylvanillin ""3-ethoxy-4-hydroxybenzaldehyde""",0,0,0,0,0,0,0,0,0,0,0,0,,,,,,,,,,,,,,,0,0,0,0,0,0,0,0,0,0,0,0
'291419,"Acyclic ketones, without other oxygen function (excl. acetone, butanone ""methyl ethyl ketone"" ...",2,0,0,0,0,1,0,0,1,0,0,0,,,,,,,,,,,,,,,2,25,3,1,8,11,9,0,5,22,9,0
'291461,Anthraquinone,0,0,0,0,0,0,0,0,0,0,0,0,,,,,,,,,,,,,,,0,0,0,0,0,0,0,0,0,0,0,0
'291512,Salts of formic acid,0,0,0,0,8,0,0,0,8,0,0,0,,,,,,,,,,,,,,,486,781,277,396,642,510,426,463,435,316,249,414
'291524,Acetic anhydride,0,0,0,0,0,0,0,0,0,0,0,0,,,,,,,,,,,,,,,0,0,0,0,0,0,0,0,0,0,0,0
'291540,"Mono- di- or trichloroacetic acids, their salts and esters",0,0,0,0,0,0,0,0,0,0,0,0,,,,,,,,,,,,,,,0,0,2,2,0,0,0,0,2,0,0,2
'290241,o-Xylene,0,0,0,0,0,0,0,0,0,0,0,0,,,,,,,,,,,,,,,5645,4104,4402,7534,4619,2439,54,3991,3192,2412,0,31
'290244,Mixed xylene isomers,0,0,0,0,0,0,0,0,0,0,0,0,,,,,,,,,,,,,,,0,0,0,0,0,0,0,0,0,0,0,0
'290260,Ethylbenzene,0,0,0,0,0,0,0,0,0,0,0,0,,,,,,,,,,,,,,,0,0,0,0,0,30,0,0,0,0,0,0
'290315,"Ethylene dichloride ""ISO"" ""1,2 dichloroethane""",0,0,0,0,0,0,0,0,0,0,0,0,,,,,,,,,,,,,,,1836,0,0,0,0,0,0,0,0,0,0,0
'290359,"Unsaturated fluorinated derivatives of acyclic hydrocarbons (excl. 2,3,3,3-tetrafluoropropene ...",0,0,0,0,0,0,0,0,0,0,0,0,,,,,,,,,,,,,,,3808,3676,3693,30,8,0,124,0,22,50,0,5
'290361,"Methyl bromide ""bromomethane""",0,0,0,0,0,0,0,0,0,0,0,0,,,,,,,,,,,,,,,0,0,0,0,0,0,0,0,0,0,0,0
'290519,"Saturated monohydric acyclic alcohols (excl. methanol ""methyl alcohol"", propan-1-ol ""propyl ...",0,0,0,0,0,0,0,0,0,0,0,0,,,,,,,,,,,,,,,996,1736,461,260,609,333,185,940,2454,1210,31,468
'290522,Acyclic terpene alcohols,0,0,0,0,0,0,0,0,0,0,0,0,,,,,,,,,,,,,,,426,5,90,58,525,231,223,413,180,519,155,69
'150210,"Tallow of bovine animals, sheep or goats (excl. oil and oleostearin)",0,0,0,0,0,0,0,0,0,0,0,0,,,,,,,,,,,,,,,1,1,0,0,0,0,0,0,0,0,5,0
'151190,"Palm oil and its fractions, whether or not refined (excl. chemically modified and crude)",0,0,0,0,0,0,0,0,0,0,0,0,,,,,,,,,,,,,,,5,0,84,120,82,117,100,118,90,234,87,119
'151329,"Palm kernel and babassu oil and their fractions, whether or not refined, but not chemically ...",0,0,0,0,0,0,0,0,0,0,0,0,,,,,,,,,,,,,,,0,0,0,0,0,0,0,0,0,0,0,0
'151710,Margarine (excl. liquid),0,0,0,0,0,0,0,0,0,0,0,0,,,,,,,,,,,,,,,7,0,2,0,5,0,0,0,6,5,0,1
'160290,"Prepared or preserved meat, offal, blood or insects (excl. meat or offal of poultry, swine ...",0,0,0,0,0,0,0,0,0,0,0,0,,,,,,,,,,,,,,,39,31,42,23,46,43,38,107,44,45,19,50
'160553,"Mussels, prepared or preserved (excl. smoked)",0,0,0,0,0,0,0,0,0,0,0,0,,,,,,,,,,,,,,,0,0,0,0,0,0,0,0,0,0,0,0
'160556,"Clams, cockles and arkshells, prepared or preserved (excl. smoked)",0,0,0,0,0,0,0,0,0,0,0,0,,,,,,,,,,,,,,,2,8,0,3,8,0,0,0,0,8,3,0
'160569,"Aquatic invertebrates, prepared or preserved (excl. smoked, crustaceans, molluscs, sea cucumbers, ...",0,0,0,0,0,0,0,0,0,0,0,0,,,,,,,,,,,,,,,70,21,12,16,10,7,19,6,12,10,6,10
'170191,"Refined cane or beet sugar, containing added flavouring or colouring, in solid form",0,2,0,0,3,0,0,0,0,0,2,0,,,,,,,,,,,,,,,64,143,140,103,171,106,120,96,83,130,35,135
'120110,"Soya bean seed, for sowing",0,0,0,0,0,0,0,0,0,0,0,0,,,,,,,,,,,,,,,0,0,0,0,0,0,0,0,0,0,0,0
'120241,"Groundnuts, in shell (excl. seed for sowing, roasted or otherwise cooked)",0,0,0,0,0,0,0,0,0,0,0,0,,,,,,,,,,,,,,,7,0,0,0,0,0,8,0,0,17,0,2
'120729,Cotton seeds (excl. for sowing),0,0,0,0,0,0,0,0,0,0,0,0,,,,,,,,,,,,,,,0,0,0,0,0,0,0,0,0,0,0,0
'120910,"Sugar beet seed, for sowing",0,0,0,0,0,0,0,0,0,0,0,0,,,,,,,,,,,,,,,0,0,0,0,0,0,0,0,0,0,0,0
'121221,"Seaweeds and other algae, fresh, chilled, frozen or dried, whether or not ground, fit for human ...",0,20,0,0,17,0,0,15,0,12,0,0,,,,,,,,,,,,,,,5,72,22,32,42,13,16,178,26,38,17,8
'130120,Natural gum Arabic,0,0,0,0,0,0,0,0,0,0,0,0,,,,,,,,,,,,,,,0,0,0,4,1,0,0,6,0,0,3,1
'010310,Pure-bred breeding swine,0,0,0,0,0,0,0,0,0,0,0,0,,,,,,,,,,,,,,,0,0,20,0,0,24,0,0,0,0,0,0
'010690,"Live animals (excl. mammals, reptiles, birds, insects, fish, crustaceans, molluscs and other ...",0,0,0,0,0,0,0,0,0,0,0,0,,,,,,,,,,,,,,,158,284,225,196,222,158,197,186,224,161,152,207
'020329,"Frozen meat of swine (excl. carcases and half-carcases, and hams, shoulders and cuts thereof, ...",0,0,0,0,0,0,0,0,0,0,0,0,,,,,,,,,,,,,,,1,0,23,24,6,22,5,6,55,21,22,36
'020630,Fresh or chilled edible offal of swine,0,0,0,0,0,0,0,0,0,0,0,0,,,,,,,,,,,,,,,0,0,1,1,0,0,0,0,0,0,0,0
'250590,"Natural sands of all kinds, whether or not coloured (excl. silica sands, quartz sands, gold- ...",0,0,0,0,0,0,0,0,0,0,0,0,,,,,,,,,,,,,,,0,0,0,0,0,0,0,0,0,0,0,0
'250620,"Quartzite, merely cut, by sawing or otherwise, in blocks or slabs of a square or rectangular ...",0,0,0,0,0,0,0,0,0,0,0,0,,,,,,,,,,,,,,,0,36,42,0,0,0,35,0,0,0,0,2
'251310,Pumice stone,1,0,0,0,0,0,0,0,0,0,0,0,,,,,,,,,,,,,,,5,0,16,3,2,0,9,0,10,1,0,18
'251820,"Calcined or sintered dolomite (excl. broken or crushed dolomite for concrete aggregates, road ...",0,0,0,0,0,0,0,0,0,0,0,0,,,,,,,,,,,,,,,0,0,0,0,0,0,0,0,0,0,0,0
'252010,Gypsum; anhydrite,0,0,0,0,0,15,0,0,27,0,0,0,,,,,,,,,,,,,,,6,11,17,10,18,23,14,22,37,24,19,27
'252910,Feldspar,0,0,3,0,0,3,0,0,0,0,0,0,,,,,,,,,,,,,,,7,19,3,8,17,6,13,7,11,8,15,18
'260120,Roasted iron pyrites,0,0,0,0,0,0,0,0,0,0,0,0,,,,,,,,,,,,,,,0,0,0,0,0,0,0,0,0,0,0,0
'260500,Cobalt ores and concentrates,0,0,0,0,0,0,0,0,0,0,0,0,,,,,,,,,,,,,,,108,0,0,0,0,0,31,191,0,0,0,0
'261690,Precious-metal ores and concentrates (excl. silver ores and oncentrates),0,0,0,0,0,0,0,0,0,0,0,0,,,,,,,,,,,,,,,19636,56836,10012,786,37787,55268,17497,2263,81559,1552,76008,45295
'262029,"Slag, ash and residues containing mainly lead (excl. leaded gasoline sludges and leaded anti-knock ...",0,0,0,0,0,0,0,0,0,0,0,0,,,,,,,,,,,,,,,18,0,15,0,37,5,0,28,0,19,0,27
'270210,"Lignite, whether or not pulverised, non-agglomerated (excl. jet)",0,0,0,0,0,0,0,0,0,0,0,0,,,,,,,,,,,,,,,0,0,0,0,0,0,0,0,0,0,0,0
'271020,Petroleum oils and oils obtained from bituminous minerals (other than crude) and preparations ...,0,0,0,0,0,0,0,0,0,0,0,0,,,,,,,,,,,,,,,0,0,0,0,0,0,0,0,0,0,0,0
'271113,"Butanes, liquefied (excl. of a purity of >= 95% of N-butane or isobutane)",0,0,0,0,1995,0,0,0,0,0,0,0,,,,,,,,,,,,,,,0,0,0,0,1995,0,0,0,0,0,0,0
'271114,"Ethylene, propylene, butylene and butadiene, liquefied (excl. ethylene of a purity of >= 95% ...",0,0,0,0,0,0,0,0,0,0,0,0,,,,,,,,,,,,,,,2778,2726,138,2570,2455,10113,1382,2402,0,17,35,4253
'271129,"Hydrocarbons in gaseous state, n.e.s. (excl. natural gas)",0,0,0,0,0,0,0,0,0,0,0,0,,,,,,,,,,,,,,,2,0,0,0,0,0,0,0,0,4,2,2
'021020,"Meat of bovine animals, salted, in brine, dried or smoked",0,0,0,0,0,0,0,0,0,0,0,0,,,,,,,,,,,,,,,0,0,1,4,0,0,0,2,4,3,0,0
'030192,"Live eels ""Anguilla spp.""",0,0,0,0,0,0,10,23,0,0,0,0,,,,,,,,,,,,,,,5614,675,3091,1267,546,399,432,396,461,288,354,392
'030229,"Fresh or chilled flat fish ""Pleuronectidae, Bothidae, Cynoglossidae, Soleidae, Scophthalmidae ...",0,0,0,0,0,0,0,0,0,0,0,0,,,,,,,,,,,,,,,0,0,0,0,0,0,0,0,0,0,0,0
'030233,Fresh or chilled skipjack or stripe-bellied bonito,0,0,0,0,0,0,0,0,0,0,0,0,,,,,,,,,,,,,,,0,0,0,0,0,0,0,0,0,0,0,0
'030234,"Fresh or chilled bigeye tunas ""Thunnus obesus""",0,0,0,0,0,0,0,0,0,0,0,0,,,,,,,,,,,,,,,55,14,0,0,0,0,0,0,0,0,0,0
'030323,"Frozen tilapia ""Oreochromis spp.""",0,0,0,0,0,0,0,0,0,0,0,0,,,,,,,,,,,,,,,3139,4927,4174,2411,2134,2159,2746,2515,2681,2236,2212,1606
'030332,"Frozen plaice ""Pleuronectes platessa""",0,0,0,0,0,0,0,0,0,0,0,0,,,,,,,,,,,,,,,0,0,0,0,0,0,0,0,0,0,0,0
'030353,"Frozen sardines ""Sardina pilchardus, Sardinops spp."", sardinella ""Sardinella spp."", brisling ...",0,0,0,0,0,0,0,0,0,0,0,0,,,,,,,,,,,,,,,168,50,126,35,38,114,0,0,0,0,37,185
'030356,"Frozen cobia ""Rachycentron canadum""",0,0,0,0,0,0,0,0,0,0,0,0,,,,,,,,,,,,,,,0,0,0,0,0,0,0,0,0,0,0,0
'030381,Frozen dogfish and other sharks,0,0,0,0,0,0,0,0,0,0,0,0,,,,,,,,,,,,,,,956,628,419,338,884,703,955,1231,1282,1540,705,747
'030449,"Fresh or chilled fillets of fish, n.e.s.",0,0,0,0,0,0,0,0,0,0,0,0,,,,,,,,,,,,,,,0,0,0,0,0,0,0,0,0,0,3,10
'030461,"Frozen fillets of tilapia ""Oreochromis spp.""",0,0,0,0,0,0,0,0,0,0,0,0,,,,,,,,,,,,,,,1799,2826,3095,1404,1347,1105,1025,1661,649,1324,807,1214
'030469,"Frozen fillets of carp ""Cyprinus spp., Carassius spp., Ctenopharyngodon idellus, Hypophthalmichthys ...",0,0,0,0,0,0,0,5,0,0,0,0,,,,,,,,,,,,,,,0,0,0,1,0,0,1,5,29,0,0,0
'030488,"Frozen fillets of dogfish, other sharks, rays and skates ""Rajidae""",0,0,0,0,0,0,0,0,0,0,0,0,,,,,,,,,,,,,,,84,0,0,8,0,14,0,0,0,22,0,0
'030493,"Frozen meat, whether or not minced, of tilapia ""Oreochromis spp."", catfish ""Pangasius spp., ...",0,0,0,0,0,0,0,0,0,0,0,0,,,,,,,,,,,,,,,0,0,0,0,0,0,0,0,0,0,0,0
'030553,"Dried fish of the families Bregmacerotidae, Euclichthyidae, Gadidae, Macrouridae, Melanonidae, ...",0,0,0,0,0,0,0,0,0,0,0,0,,,,,,,,,,,,,,,0,0,0,0,0,0,0,0,0,0,0,0
'030569,"Fish, salted or in brine only (excl. fillets, offal, herring, cod, anchovies, tilapia, catfish, ...",0,0,0,0,0,0,0,0,0,0,0,0,,,,,,,,,,,,,,,0,0,0,0,0,0,0,0,0,0,0,0
'030612,"Frozen lobsters ""Homarus spp."", even smoked, whether in shell or not, incl. lobsters in shell, ...",0,0,0,0,0,0,0,0,0,0,0,0,,,,,,,,,,,,,,,0,0,0,0,0,0,0,0,0,0,0,0
'030615,"Frozen Norway lobsters ""Nephrops norvegicus"", even smoked, whether in shell or not, incl. lobsters ...",0,0,0,0,0,0,0,0,0,0,0,0,,,,,,,,,,,,,,,0,0,0,0,0,0,0,0,0,0,0,0
'030632,"Lobsters ""Homarus spp."", whether in shell or not, live, fresh or chilled",0,0,0,0,0,0,0,0,0,0,0,0,,,,,,,,,,,,,,,0,0,0,0,0,0,0,0,0,0,0,0
'030639,"Crustaceans, fit for human consumption, whether in shell or not, live, fresh or chilled (excl. ...",0,0,0,0,0,0,0,0,0,0,0,0,,,,,,,,,,,,,,,1,1,1,1,1,1,1,1,1,1,1,1
'030742,"Cuttle fish and squid, live, fresh or chilled, with or without shell",0,0,0,0,0,0,0,0,0,0,0,0,,,,,,,,,,,,,,,0,0,0,0,0,0,0,0,0,0,0,0
'030784,"Frozen, even in shell, stromboid conchs ""Strombus spp.""",0,0,0,0,0,0,0,0,0,0,0,0,,,,,,,,,,,,,,,0,0,0,0,0,0,0,0,0,0,0,0
'030799,"Molluscs, even in shell, smoked, dried, salted or in brine (excl. oysters, scallops of the ...",0,0,0,0,0,0,0,0,0,0,0,0,,,,,,,,,,,,,,,0,0,0,924,0,0,0,0,0,0,0,0
'040229,"Milk and cream in solid forms, of a fat content by weight of > 1,5%, sweetened",0,0,0,0,0,0,0,0,0,0,0,0,,,,,,,,,,,,,,,9,5,10,18,23,36,29,9,4,35,3,29
'040320,"Yogurt, whether or not flavoured or containing added sugar or other sweetening matter, fruit, ...",0,0,0,0,0,0,0,0,0,0,0,0,,,,,,,,,,,,,,,0,0,6,5,0,2,16,6,3,0,3,6
'040640,"Blue-veined cheese and other cheese containing veins produced by ""Penicillium roqueforti""",0,0,0,0,0,0,0,0,0,0,0,0,,,,,,,,,,,,,,,0,0,0,0,0,0,0,0,0,0,0,0
'040899,"Birds' eggs, not in shell, fresh, cooked by steaming or boiling in water, moulded, frozen or ...",0,0,0,0,0,0,0,0,0,0,0,0,,,,,,,,,,,,,,,65,49,80,34,99,91,21,64,101,25,24,10
'050690,"Bones and horn-cores and their powder and waste, unworked, defatted, degelatinised or simply ...",0,0,0,0,0,0,0,0,0,0,0,0,,,,,,,,,,,,,,,0,57,0,0,0,0,40,0,0,0,0,0
'060220,"Edible fruit or nut trees, shrubs and bushes, whether or not grafted",0,0,0,0,0,0,0,0,0,0,0,0,,,,,,,,,,,,,,,9,12,24,6,1,6,6,0,0,2,6,8
'070310,Fresh or chilled onions and shallots,0,0,0,0,0,0,0,0,0,0,0,0,,,,,,,,,,,,,,,151,6,23,5,2,2,2,5,17,8,3,370
'070490,"Fresh or chilled cabbages, kohlrabi, kale and similar edible brassicas (excl. cauliflowers, ...",0,0,0,0,0,0,0,0,0,0,0,0,,,,,,,,,,,,,,,1383,154,21,27,15,20,9,15,56,53,86,115
'070700,"Cucumbers and gherkins, fresh or chilled",0,0,0,0,0,0,0,0,0,0,0,0,,,,,,,,,,,,,,,2,3,4,7,6,4,0,0,0,0,1,3
'070890,"Fresh or chilled leguminous vegetables, shelled or unshelled (excl. peas ""Pisum sativum"" and ...",0,0,0,0,0,0,0,0,0,0,0,0,,,,,,,,,,,,,,,98,0,0,3,0,0,0,0,3,0,2,20
'070959,"Fresh or chilled edible mushrooms and truffles (excl. Agaricus, Boletus, Cantharellus, shiitake, ...",0,0,0,0,0,0,0,0,0,0,0,0,,,,,,,,,,,,,,,106,133,141,128,162,111,86,35,102,65,60,69
'071010,"Potatoes, uncooked or cooked by steaming or by boiling in water, frozen",0,0,0,0,0,0,0,0,0,0,0,0,,,,,,,,,,,,,,,2,1,1,7,3,1,1,1,1,1,1,1
'071331,"Dried, shelled beans of species ""Vigna mungo [L.] Hepper or Vigna radiata [L.] Wilczek"", whether ...",0,0,0,0,0,0,0,0,0,0,0,0,,,,,,,,,,,,,,,16,4,9,2,33,5,11,72,70,7,8,87
'071410,"Fresh, chilled, frozen or dried roots and tubers of manioc ""cassava"", whether or not sliced ...",0,0,0,0,0,0,0,0,0,0,0,0,,,,,,,,,,,,,,,0,0,0,0,0,0,0,0,0,0,0,0
'080241,"Fresh or dried chestnuts ""Castanea spp."", in shell",0,0,0,0,0,0,0,0,0,0,0,0,,,,,,,,,,,,,,,0,0,0,0,0,0,0,0,0,0,0,0
'080430,Fresh or dried pineapples,0,0,0,0,0,0,0,0,0,0,0,0,,,,,,,,,,,,,,,7569,5738,2570,728,485,37,74,27,3,22,706,6047
'080510,Fresh or dried oranges,0,0,0,0,0,0,0,0,0,0,0,0,,,,,,,,,,,,,,,6,14,13,11,13,11,14,61,12,21,11,7
'080610,Fresh grapes,0,0,0,0,0,0,0,0,0,0,0,0,,,,,,,,,,,,,,,120,127,111,106,31,5,6,8,68,27,10,74
'080910,Fresh apricots,0,0,0,0,0,0,0,0,0,0,0,0,,,,,,,,,,,,,,,0,0,0,0,0,0,0,0,0,0,0,0
'080940,Fresh plums and sloes,0,0,0,0,0,0,0,0,0,0,0,0,,,,,,,,,,,,,,,0,0,0,0,0,0,0,0,0,0,0,0
'081040,"Fresh cranberries, bilberries and other fruits of the genus Vaccinium",0,0,0,0,0,0,0,0,0,0,0,0,,,,,,,,,,,,,,,0,0,1,1,0,0,0,1,3,1,0,0
'100199,"Wheat and meslin (excl. seed for sowing, and durum wheat)",0,0,0,0,0,0,0,0,0,0,0,0,,,,,,,,,,,,,,,0,0,0,0,0,0,0,0,0,0,0,0
'100410,Oats seed for sowing,0,0,0,0,0,0,0,0,0,0,0,0,,,,,,,,,,,,,,,0,0,0,0,0,0,0,0,0,0,0,0
'100829,"Millet (excl. grain sorghum, and seed for sowing)",0,0,0,0,0,0,0,0,0,0,0,0,,,,,,,,,,,,,,,0,0,0,0,0,0,0,0,0,3,0,0
'100830,Canary seed,0,0,0,0,0,0,0,0,0,0,0,0,,,,,,,,,,,,,,,0,0,0,0,0,0,0,0,0,0,0,0
'810320,"Unwrought tantalum, incl. bars and rods of tantalum obtained simply by sintering; tantalum ...",0,0,0,0,0,0,0,0,0,0,0,0,,,,,,,,,,,,,,,0,0,0,0,0,0,23,29,58,0,0,0
'810690,"Bismuth and articles thereof incl. waste and scrap, containing <= 99,99 % of bismuth by weight, ...",0,0,0,0,0,0,0,0,2,0,0,0,,,,,,,,,,,,,,,0,0,0,44,0,0,0,0,2,0,6,0
'810999,"Articles of zirconium, containing => 1 part hafnium to 500 parts zirconium by weight, n.e.s.",0,0,0,0,0,0,0,0,0,0,0,0,,,,,,,,,,,,,,,129,134,212,224,192,137,154,123,109,176,66,170
'811299,"Articles of niobium ""columbium"", gallium, indium, vanadium and germanium, n.e.s.",0,0,2,0,0,39,8,2,36,4,0,0,,,,,,,,,,,,,,,3658,4713,2468,4020,3697,3050,2626,3231,2491,4771,5281,8557
'820110,"Spades and shovels, with working parts of base metal",0,0,0,0,0,0,0,0,0,0,0,0,,,,,,,,,,,,,,,298,373,513,539,178,326,152,126,151,324,159,378
'790310,Zinc dust,0,0,0,0,0,0,0,0,0,0,0,0,,,,,,,,,,,,,,,0,0,0,0,0,0,0,0,0,0,0,0
'740822,"Wire of copper-nickel alloys ""cupro-nickel"" or copper-nickel-zinc alloys ""nickel silver""",0,0,0,0,0,0,0,0,0,0,0,0,,,,,,,,,,,,,,,30,52,36,59,21,40,8,86,0,38,75,132
'821420,"Manicure or pedicure sets and instruments, incl. nail files, of base metal (excl. ordinary ...",1,0,0,1,4,0,0,0,0,0,0,0,,,,,,,,,,,,,,,160,151,54,87,72,87,21,115,51,157,119,122
'821591,"Spoons, forks, ladles, skimmers, cake-servers, fish-knives, butter-knives, sugar tongs and ...",0,0,0,0,0,0,0,0,0,0,0,0,,,,,,,,,,,,,,,0,2,0,0,0,0,0,0,0,0,0,0
'820240,Chainsaw blades of base metal,0,0,0,0,0,0,0,2,0,0,0,0,,,,,,,,,,,,,,,26,37,23,32,1,12,12,17,0,0,2,3
'840220,Superheated water boilers,0,0,0,0,0,0,0,0,0,0,0,0,,,,,,,,,,,,,,,0,0,0,0,0,0,0,1,1,0,0,0
'840682,"Steam and other vapour turbines, of an output <= 40 MW (excl. those for marine propulsion)",0,0,0,0,0,0,0,0,0,0,0,0,,,,,,,,,,,,,,,0,0,5,0,0,0,0,0,0,0,0,0
'840732,"Spark-ignition reciprocating piston engine, of a kind used for the propulsion of vehicles of ...",0,1,0,0,0,0,0,0,0,0,0,0,,,,,,,,,,,,,,,873,142,81,889,560,1111,816,1311,429,113,133,934
'841191,"Parts of turbojets or turbopropellers, n.e.s.",0,0,0,0,0,0,0,0,0,0,0,0,,,,,,,,,,,,,,,91333,103067,95865,91337,100192,82492,81470,89770,106194,104586,67989,104168
'841810,"Combined refrigerator-freezers, with separate external doors or drawers, or combinations thereof",0,0,0,0,0,0,0,0,0,0,0,0,,,,,,,,,,,,,,,476,1282,979,837,864,500,635,512,674,767,478,290
'842441,"Agricultural or horticultural sprayers, portable",61,0,0,0,0,0,0,0,0,0,0,0,,,,,,,,,,,,,,,297,297,135,254,81,122,75,282,128,81,252,26
'701969,"Mechanically bonded fabrics of glass fibres (excl. closed fabrics of rovings, and woven fabrics)",3,0,0,0,0,0,0,4,0,0,0,0,,,,,,,,,,,,,,,2597,3764,3090,2326,2601,2008,2744,1189,2786,3154,3336,2484
'710121,"Cultured pearls, unworked, whether or not graded",0,0,0,0,0,0,0,0,0,0,0,0,,,,,,,,,,,,,,,447,53,224,65,0,2,0,109,85,0,0,29
'690590,"Ceramic chimney pots, cowls, chimney liners, architectural ornaments and other ceramic constructional ...",0,0,0,0,0,0,0,0,0,0,0,0,,,,,,,,,,,,,,,0,3,0,1,30,0,0,0,0,0,0,0
'690721,"Ceramic flags and paving, hearth or wall tiles, of a water absorption coefficient by weight ...",0,0,0,0,0,0,0,0,0,0,0,0,,,,,,,,,,,,,,,41,12,0,0,0,0,0,0,0,0,14,13
'681591,"Articles of stone or other mineral substances, n.e.s. containing magnesite, magnesia in the ...",0,0,0,0,0,0,0,0,0,0,3,0,,,,,,,,,,,,,,,0,0,0,0,0,0,0,0,0,0,3,0
'722810,"Bars and rods of high-speed steel (excl. semi-finished products, flat-rolled products and hot-rolled ...",25,51,35,6,25,1,3,17,0,53,28,0,,,,,,,,,,,,,,,1895,1412,1171,942,633,587,984,2592,2210,814,899,1108
'722870,"Angles, shapes and sections of alloy steel other than stainless, n.e.s.",0,5,0,0,0,0,5,0,7,0,0,0,,,,,,,,,,,,,,,36,166,133,32,150,57,86,119,51,51,71,6
'730110,"Sheet piling of iron or steel, whether or not drilled, punched or made from assembled elements",0,0,0,0,0,0,0,0,0,0,0,0,,,,,,,,,,,,,,,5,2,4,2,0,3,4,0,2,8,5,0
'730423,"Drill pipe, seamless, of a kind used in drilling for oil or gas, of iron or steel (excl. products ...",0,0,0,0,0,0,0,0,0,0,0,0,,,,,,,,,,,,,,,0,0,0,0,0,0,0,0,0,0,0,0
'730520,"Casing of a kind used in drilling for oil or gas, having circular cross-sections and an external ...",0,0,0,0,0,0,0,0,0,0,0,0,,,,,,,,,,,,,,,0,0,0,0,0,0,0,0,0,0,0,0
'732591,"Grinding balls and similar articles for mills, cast (excl. such articles of non-malleable cast ...",0,0,3,2,0,0,0,0,0,0,2,0,,,,,,,,,,,,,,,43,22,10,29,8,17,15,24,14,31,34,5
'740319,"Copper, refined, unwrought (excl. copper in the form of billets, wire-bars, cathodes and sections ...",0,0,0,0,7,0,0,7,0,0,0,0,,,,,,,,,,,,,,,129,3398,1549,2000,7,477,688,1238,1517,3579,263,5271
'730810,"Bridges and bridge-sections, of iron or steel",0,0,0,0,0,0,0,0,0,0,0,0,,,,,,,,,,,,,,,0,0,0,0,0,0,0,0,0,0,0,0
'731581,Stud-link of iron or steel,0,0,0,0,0,0,0,0,0,0,0,0,,,,,,,,,,,,,,,0,2,1,2,3,0,122,0,13,2,0,0
'730650,"Tubes, pipes and hollow profiles, welded, of circular cross-section, of alloy steel other than ...",5,0,0,0,0,0,0,0,0,0,0,0,,,,,,,,,,,,,,,85,194,267,70,143,90,107,174,170,126,178,162
'740939,"Plates, sheets and strip, of copper-tin base alloys ""bronze"", of a thickness of > 0,15 mm, ...",2,0,0,0,12,0,0,0,0,87,0,0,,,,,,,,,,,,,,,101,89,98,115,97,23,83,220,64,143,100,110
'740940,"Plates, sheets and strip, of copper-nickel base alloys ""cupro-nickel"" or copper-nickel-zinc ...",2,12,0,0,0,11,10,4,0,46,0,0,,,,,,,,,,,,,,,197,238,310,147,251,82,379,186,241,437,0,565
'741121,"Tubes and pipes of copper-zinc base alloys ""brass""",0,53,0,0,0,0,12,0,0,0,10,0,,,,,,,,,,,,,,,131,265,126,78,63,66,131,140,87,201,242,106
'761520,"Sanitary ware and parts thereof, of aluminium (excl. cans, boxes and similar containers of ...",0,0,0,0,0,0,0,0,0,0,0,0,,,,,,,,,,,,,,,415,826,672,986,531,111,269,597,458,507,490,424
'780191,"Unwrought lead, containing by weight antimony as the principal other element",0,28,0,272,0,277,7,559,283,268,0,0,,,,,,,,,,,,,,,1290,1006,419,1834,374,1596,214,2041,733,749,1345,769
'600644,"Printed fabrics, knitted or crocheted, of artificial fibres, of a width of > 30 cm (excl. warp ...",0,0,0,2,0,0,0,0,0,2,10,0,,,,,,,,,,,,,,,48,7,19,33,50,26,101,10,7,56,62,151
'610210,"Women's or girls' overcoats, car coats, capes, cloaks, anoraks, incl. ski jackets, windcheaters, ...",0,0,0,0,0,0,0,0,0,0,0,0,,,,,,,,,,,,,,,18,18,4,3,24,9,24,18,21,21,8,41
'610329,"Men's or boys' ensembles of textile materials (excl. wool, fine animal hair, cotton or synthetic ...",0,0,0,0,0,0,0,0,0,0,0,0,,,,,,,,,,,,,,,2,3,2,3,3,1,2,3,4,0,0,0
'610341,"Men's or boys' trousers, bib and brace overalls, breeches and shorts of wool or fine animal ...",0,0,0,0,0,0,0,0,0,0,0,0,,,,,,,,,,,,,,,38,7,2,11,10,17,7,10,29,19,16,45
'610413,"Women's or girls' suits of synthetic fibres, knitted or crocheted (excl. ski overalls and swimwear)",0,0,0,0,0,0,0,0,0,0,0,0,,,,,,,,,,,,,,,0,0,0,0,0,0,0,0,0,0,0,0
'610433,"Women's or girls' jackets and blazers of synthetic fibres, knitted or crocheted (excl. wind-jackets ...",0,0,0,0,0,0,0,0,0,0,0,0,,,,,,,,,,,,,,,105,78,67,63,111,8,6,86,8,25,94,26
'610461,"Women's or girls' trousers, bib and brace overalls, breeches and shorts of wool or fine animal ...",0,0,0,0,0,0,0,0,0,0,0,0,,,,,,,,,,,,,,,56,53,13,38,8,58,20,9,51,11,18,84
'610819,"Women's or girls' slips and petticoats of textile materials, knitted or crocheted (excl. man-made ...",0,0,0,0,0,0,0,0,0,0,0,0,,,,,,,,,,,,,,,0,0,0,0,0,0,0,0,0,0,1,0
'610821,"Women's or girls' briefs and panties of cotton, knitted or crocheted",0,0,0,0,0,0,0,0,0,0,0,0,,,,,,,,,,,,,,,0,1,0,5,0,1,0,2,2,0,0,0
'611030,"Jerseys, pullovers, cardigans, waistcoats and similar articles, of man-made fibres, knitted ...",0,0,0,0,0,0,0,0,0,0,0,0,,,,,,,,,,,,,,,583,834,822,596,407,447,652,501,611,673,677,308
'611190,"Babies' garments and clothing accessories of textile materials, knitted or crocheted (excl. ...",0,0,0,0,0,0,0,0,0,0,0,0,,,,,,,,,,,,,,,0,5,1,1,2,9,2,0,0,4,0,0
'611490,"Special garments for professional, sporting or other purposes, n.e.s., of textile materials, ...",0,0,0,0,0,0,0,0,0,0,0,0,,,,,,,,,,,,,,,80,183,232,120,177,93,91,31,47,50,105,68
'611529,"Pantyhose and tights of textile materials, knitted or crocheted (excl. graduated compression ...",0,0,0,0,0,0,0,0,0,0,0,0,,,,,,,,,,,,,,,507,334,419,455,95,163,44,79,160,75,59,53
'611610,"Gloves, mittens and mitts, impregnated, coated, covered or laminated with plastics or rubber, ...",0,0,0,0,0,0,0,0,0,0,0,0,,,,,,,,,,,,,,,62,60,32,34,25,53,82,66,43,60,41,29
'620130,"Men's or boys' overcoats, car-coats, capes, cloaks, anoraks, incl. ski jackets, wind-cheaters, ...",0,0,0,0,0,0,0,0,0,0,0,0,,,,,,,,,,,,,,,71,100,104,71,139,226,213,87,298,184,113,105
'620323,"Men's or boys' ensembles of synthetic fibres (excl. knitted or crocheted, ski ensembles and ...",0,0,0,0,0,0,0,0,0,0,0,0,,,,,,,,,,,,,,,9,30,0,14,0,0,29,31,0,0,0,3
'620341,"Men's or boys' trousers, bib and brace overalls, breeches and shorts, of wool or fine animal ...",0,0,0,0,0,0,1,0,0,0,0,0,,,,,,,,,,,,,,,32,25,23,33,22,23,36,12,37,27,19,85
'620343,"Men's or boys' trousers, bib and brace overalls, breeches and shorts of synthetic fibres (excl. ...",12,0,0,0,0,0,0,0,0,0,0,0,,,,,,,,,,,,,,,153,246,458,132,214,176,78,233,272,164,164,98
'620421,"Women's or girls' ensembles of wool or fine animal hair (excl. knitted or crocheted, ski overalls ...",0,0,0,0,0,0,0,0,0,0,0,0,,,,,,,,,,,,,,,0,2,0,0,0,0,0,2,0,0,0,0
'620530,"Men's or boys' shirts of man-made fibres (excl. knitted or crocheted, nightshirts, singlets ...",0,0,0,0,0,0,0,0,0,0,0,0,,,,,,,,,,,,,,,35,31,26,38,33,21,25,38,87,29,11,89
'620722,"Men's or boys' nightshirts and pyjamas of man-made fibres (excl. knitted or crocheted, vests, ...",0,0,0,0,0,0,0,0,0,0,0,0,,,,,,,,,,,,,,,3,0,0,0,0,0,0,0,0,0,0,0
'620821,"Women's or girls' nightdresses and pyjamas of cotton (excl. knitted or crocheted, vests and ...",0,0,0,0,0,0,0,0,0,0,0,0,,,,,,,,,,,,,,,0,0,0,2,2,0,0,0,0,0,0,2
'621143,"Women's or girls' tracksuits and other garments, n.e.s. of man-made fibres (excl. knitted or ...",0,2,0,0,2,0,0,0,0,0,0,0,,,,,,,,,,,,,,,56,172,113,138,137,46,42,70,215,196,233,73
'621390,"Handkerchiefs of textile materials, of which no side exceeds 60 cm (excl. of cotton, and knitted ...",0,0,0,0,0,0,0,0,0,0,0,0,,,,,,,,,,,,,,,3,0,0,0,0,0,8,0,0,0,61,5
'621410,"Shawls, scarves, mufflers, mantillas, veils and similar articles of silk or silk waste (excl. ...",0,0,0,1,0,0,0,0,0,3,0,0,,,,,,,,,,,,,,,14,10,18,20,25,70,39,36,45,52,684,42
'621590,"Ties, bow ties and cravats of textile materials (excl. of silk, silk waste or man-made fibres, ...",0,0,0,0,2,0,0,3,0,0,3,0,,,,,,,,,,,,,,,9,9,4,2,3,4,20,5,13,2,10,5
'630130,"Blankets and travelling rugs of cotton (excl. electric, table covers, bedspreads and articles ...",0,0,0,10,0,0,0,0,0,0,0,0,,,,,,,,,,,,,,,18,2,4,10,6,2,21,2,5,20,0,1
'630240,"Table linen, knitted or crocheted",0,0,0,0,0,0,0,0,0,0,0,0,,,,,,,,,,,,,,,0,0,0,0,0,0,0,0,0,0,0,0
'630259,"Table linen of textile materials (excl. of cotton or man-made fibres, knitted or crocheted)",0,0,0,0,0,0,0,0,0,0,0,0,,,,,,,,,,,,,,,19,0,6,5,5,7,2,6,1,13,2,0
'630532,"Flexible intermediate bulk containers, for the packing of goods, of synthetic or man-made textile ...",0,0,0,0,0,0,0,3,0,0,0,0,,,,,,,,,,,,,,,12,37,9,17,8,29,16,5,24,21,15,10
'630533,"Sacks and bags, for the packing of goods, of polyethylene or polypropylene strip or the like ...",28,0,7,4,0,0,12,47,0,20,0,0,,,,,,,,,,,,,,,157,241,165,28,141,70,124,204,27,184,201,175
'630622,Tents of synthetic fibres (excl. umbrella and play tents),0,0,0,0,0,0,0,0,0,0,0,0,,,,,,,,,,,,,,,186,6,16,0,63,0,124,11,322,189,64,19
'660390,"Parts, trimmings and accessories for umbrellas and sun umbrellas of heading 6601 or for walking ...",0,0,0,0,0,0,0,0,0,0,0,0,,,,,,,,,,,,,,,329,450,341,513,287,245,274,314,197,203,149,186
'680100,"Setts, curbstones and flagstones, of natural stone (excl. slate)",0,0,0,0,0,0,0,0,0,0,0,0,,,,,,,,,,,,,,,0,0,0,0,0,0,0,0,0,0,0,0
'680990,Articles of plaster or of compositions based on plaster (excl. plaster bandages for straightening ...,0,0,0,0,0,0,0,0,0,0,0,0,,,,,,,,,,,,,,,40,22,23,4,56,0,29,27,1,0,5,30
'681019,"Tiles, flagstones, bricks and similar articles, of cement, concrete or artificial stone (excl. ...",0,0,0,0,18,18,0,0,0,0,0,0,,,,,,,,,,,,,,,267,183,454,268,555,372,224,247,181,196,223,287
'681291,"Clothing, clothing accessories, footwear and headgear of asbestos or of mixtures with a basis ...",0,0,0,0,0,0,0,0,0,0,0,0,,,,,,,,,,,,,,,0,0,0,0,1,0,0,0,1,0,0,0
'640319,"Sports footwear, with outer soles of rubber, plastics, leather or composition leather and uppers ...",0,0,0,0,0,0,0,0,0,0,0,0,,,,,,,,,,,,,,,150,124,152,81,132,45,66,80,36,122,109,170
'640359,"Footwear with outer soles and uppers of leather (excl. covering the ankle, incorporating a ...",0,0,0,0,0,0,0,0,0,0,0,0,,,,,,,,,,,,,,,459,325,193,111,805,340,267,705,105,99,98,342
'640411,"Sports footwear, incl. tennis shoes, basketball shoes, gym shoes, training shoes and the like, ...",0,3,0,0,0,0,0,0,0,0,0,0,,,,,,,,,,,,,,,574,109,91,60,45,325,700,334,95,39,109,148
'650100,"Hat-forms, hat bodies and hoods of felt, neither blocked to shape nor with made brims; plateaux ...",0,0,0,0,0,0,0,0,0,0,0,0,,,,,,,,,,,,,,,101,175,175,76,30,13,11,23,0,87,118,63
'600191,"Pile fabrics of cotton, knitted or crocheted (excl. ""long pile"" fabrics)",0,0,4,0,0,0,2,0,0,0,8,0,,,,,,,,,,,,,,,0,0,4,0,0,0,2,0,0,0,8,0
'600543,"Warp knit fabrics of artificial fibres, of yarns of different colours ""incl. those made on ...",0,0,0,0,0,0,0,0,0,0,0,0,,,,,,,,,,,,,,,0,0,0,0,0,0,0,0,0,0,0,0
'590190,Tracing cloth; prepared painting canvas; buckram and similar stiffened textile fabrics of a ...,0,0,4,6,2,4,2,2,4,2,0,0,,,,,,,,,,,,,,,251,119,198,258,185,277,166,254,116,129,50,89
'590220,"Tyre cord fabric of high-tenacity polyester yarn, whether or not dipped or impregnated with ...",0,0,0,0,27,0,6,0,0,0,0,0,,,,,,,,,,,,,,,98,4,207,54,64,0,39,31,0,0,3,3
'700232,Tubes of glass having a linear coefficient of expansion <= 5 x 10-6 per kelvin within a temperature ...,0,0,0,0,0,0,0,0,0,0,0,0,,,,,,,,,,,,,,,3,0,0,12,0,6,3,0,0,0,0,2
'700312,"Cast glass and rolled glass, in non-wired sheets, coloured throughout the mass ""body tinted"", ...",0,0,0,0,0,0,0,0,0,0,0,0,,,,,,,,,,,,,,,0,0,0,6,0,6,0,6,0,0,0,0
'700510,"Float glass and surface ground or polished glass, in sheets, having an absorbent, reflecting ...",0,0,0,0,0,0,0,0,0,0,0,0,,,,,,,,,,,,,,,794,823,702,614,579,734,481,347,758,663,429,380
'701328,"Drinking glasses, stemware (excl. of glass ceramics or of lead crystal)",0,0,0,0,0,0,0,0,0,0,0,0,,,,,,,,,,,,,,,1,6,1,0,11,0,0,9,4,1,0,0
'701333,Drinking glasses of lead crystal (excl. stemware),0,0,0,0,0,0,0,0,0,0,0,0,,,,,,,,,,,,,,,0,0,0,0,0,7,2,0,0,9,0,0
'701349,Glassware for table or kitchen purposes (excl. glass having a linear coefficient of expansion ...,0,0,0,0,0,0,3,0,0,0,0,0,,,,,,,,,,,,,,,298,386,126,193,133,207,217,206,112,205,171,81
'701710,"Laboratory, hygienic or pharmaceutical glassware, whether or not graduated or calibrated, of ...",1,0,0,0,0,0,0,0,0,0,0,0,,,,,,,,,,,,,,,11,69,45,16,64,29,168,67,53,36,64,104
'711011,"Platinum, unwrought or in powder form",0,0,0,0,0,0,0,0,0,0,0,0,,,,,,,,,,,,,,,6186,7151,8209,10158,21420,18988,11526,36157,17694,20640,29667,53658
'711039,Rhodium in semi-manufactured forms,0,0,0,0,0,0,0,0,0,0,0,0,,,,,,,,,,,,,,,0,0,0,0,0,0,0,0,0,0,0,0
'711291,"Waste and scrap of gold, incl. metal clad with gold, and other waste and scrap containing gold ...",0,0,0,0,0,0,0,0,0,0,0,0,,,,,,,,,,,,,,,0,0,0,0,0,0,0,0,0,73,0,0
'711420,"Articles of goldsmiths' or silversmiths' wares and parts thereof, of base metal clad with precious ...",0,0,0,0,0,0,0,0,0,0,20,0,,,,,,,,,,,,,,,19,8,6,3,50,29,84,20,1,40,20,28
'720211,"Ferro-manganese, containing by weight > 2% of carbon",0,0,0,0,0,0,0,0,0,0,0,0,,,,,,,,,,,,,,,0,0,0,0,0,2,1,0,0,3,0,2
'720229,"Ferro-silicon, containing by weight <= 55% silicon",4,0,0,0,0,0,3,0,0,0,0,0,,,,,,,,,,,,,,,19,0,8,0,0,4,3,0,0,0,8,0
'720241,"Ferro-chromium, containing by weight > 4% of carbon",0,41,0,0,0,0,0,0,0,0,19,0,,,,,,,,,,,,,,,284,386,188,210,286,339,721,392,442,520,177,515
'720410,"Waste and scrap, of cast iron (excl. radioactive)",0,0,0,0,0,0,0,0,0,0,0,0,,,,,,,,,,,,,,,2,3,0,0,0,0,0,0,11,0,0,0
'720430,"Waste and scrap of tinned iron or steel (excl. radioactive, and waste and scrap of batteries ...",0,0,0,0,0,0,0,0,0,0,0,0,,,,,,,,,,,,,,,0,0,0,0,0,0,0,0,0,0,0,0
'720719,"Semi-finished products of iron or non-alloy steel containing, by weight, < 0,25% of carbon, ...",0,0,7,0,0,0,0,0,0,0,0,0,,,,,,,,,,,,,,,0,0,7,0,0,7,0,0,20,0,0,54
'845620,"Machine tools for working any material by removal of material, operated by ultrasonic processes ...",0,0,0,0,18,5,2,3,2,0,15,0,,,,,,,,,,,,,,,24,41,48,59,103,68,58,44,11,197,19,77
'843242,Fertiliser distributors (excl. sprayers and manure spreaders),0,0,0,0,0,0,0,0,0,0,0,0,,,,,,,,,,,,,,,83,71,87,90,131,25,14,43,0,139,186,176
'843351,Combine harvester-threshers,0,0,0,0,0,0,0,0,0,0,0,0,,,,,,,,,,,,,,,0,16,108,0,5,0,85,35,112,0,0,0
'843490,"Parts of milking machines and dairy machinery, n.e.s.",0,0,0,0,0,0,0,0,0,0,0,0,,,,,,,,,,,,,,,275,486,274,443,66,61,17,31,54,21,12,43
'843850,Machinery for the industrial preparation of meat or poultry (excl. cooking and other heating ...,0,11,0,20,63,0,0,0,0,0,6,0,,,,,,,,,,,,,,,283,222,388,289,418,143,265,283,283,103,119,144
'843991,"Parts of machinery for making pulp of fibrous cellulosic material, n.e.s.",0,0,0,0,0,0,0,0,12,2,0,0,,,,,,,,,,,,,,,128,41,0,31,0,14,41,32,23,6,0,36
'846223,Numerically controlled press brakes,0,0,0,0,0,0,0,0,0,0,0,0,,,,,,,,,,,,,,,0,0,117,0,0,0,0,35,0,46,0,0
'846229,"Bending, folding, straightening or flattening machines for flat products (excl. numerically ...",113,0,5,66,9,267,12,323,0,414,0,0,,,,,,,,,,,,,,,1271,1621,1008,1363,1105,1198,674,1762,3105,1258,586,502
'846490,"Machine tools for working stones, concrete, asbestos cement or similar mineral substances or ...",0,47,0,0,0,62,0,0,0,0,0,0,,,,,,,,,,,,,,,79,376,116,189,375,160,48,141,335,226,417,125
'846781,"Chainsaws for working in the hand, with self-contained non-electric motor",0,0,0,0,0,0,0,0,0,0,0,0,,,,,,,,,,,,,,,17,15,15,12,16,0,24,13,2,13,5,0
'846791,"Parts of chainsaws, for working in the hand, with self-contained electric or non-electric motor, ...",0,0,0,0,0,0,0,0,0,0,0,0,,,,,,,,,,,,,,,67,183,116,435,119,290,101,184,157,368,255,273
'846722,"Saws for working in the hand, with self-contained electric motor",0,0,3,0,0,0,0,0,2,2,0,0,,,,,,,,,,,,,,,252,732,411,286,142,289,103,291,353,253,179,708
'847621,Automatic beverage-vending machines incorporating heating or refrigerating devices,0,0,0,0,0,0,0,0,0,0,0,0,,,,,,,,,,,,,,,0,0,0,0,0,11,0,0,0,6,0,0
'847740,Vacuum-moulding machines and other thermoforming machines for working rubber or plastics,871,512,506,544,55,778,62,114,180,0,5,0,,,,,,,,,,,,,,,8191,3051,4636,5272,6201,5359,8177,3203,2913,3728,3585,4955
'847910,"Machinery for public works, building or the like, n.e.s.",271,0,0,0,0,0,3,3,3,0,0,0,,,,,,,,,,,,,,,422,0,462,216,60,93,221,218,65,49,0,5
'847930,Presses for the manufacture of particle board or fibre building board of wood or other ligneous ...,0,0,0,0,70,0,0,0,0,0,0,0,,,,,,,,,,,,,,,0,0,42,0,70,0,98,597,14,49,23,0
'851240,"Electrical windscreen wipers, defrosters and demisters, for motor vehicles",6,0,0,0,0,0,0,0,0,0,0,0,,,,,,,,,,,,,,,1000,1060,1918,1614,2250,794,1475,850,994,946,745,1252
'851431,Electron beam furnaces,0,0,0,0,0,0,0,0,0,0,0,0,,,,,,,,,,,,,,,0,0,0,0,0,0,0,0,0,0,0,44
'851529,"Machines for resistance welding of metals, neither fully nor partly automatic",0,0,0,0,0,0,0,0,0,0,0,0,,,,,,,,,,,,,,,52,357,127,73,150,2,13,8,373,8,3,8
'850164,"AC generators ""alternators"", of an output > 750 kVA (excl. photovoltaic generators)",0,0,0,0,0,0,0,0,0,0,0,0,,,,,,,,,,,,,,,9,144,227,4,57,0,165,0,0,7,0,0
'848580,"Machines for additive manufacturing (excl. by metal, plastics, rubber, plaster, cement, ceramics ...",0,0,0,0,0,0,0,0,2,0,0,0,,,,,,,,,,,,,,,0,22,0,0,12,0,10,19,2,0,0,710
'848710,Ships' or boats' propellers and blades therefor,8,218,0,0,0,3,14,0,0,0,0,0,,,,,,,,,,,,,,,3900,3574,3058,3730,3831,2482,3643,4243,5375,4309,4542,4846
'850860,"Vacuum cleaners, incl. dry cleaners and wet vacuum cleaners (excl. with self-contained electric ...",7,0,0,4,0,0,3,0,0,0,0,0,,,,,,,,,,,,,,,71,77,73,53,36,49,67,75,60,56,77,167
'851610,Electric instantaneous or storage water heaters and immersion heaters,5,35,0,0,0,21,43,0,0,0,0,0,,,,,,,,,,,,,,,864,1314,832,1057,1438,1044,810,970,1178,1078,873,1001
'851714,Telephones for cellular networks or for other wireless networks (excl. line telephone sets ...,0,0,0,0,0,0,0,0,0,0,0,0,,,,,,,,,,,,,,,362,357,1422,917,2038,1546,1899,2747,759,1359,2450,2113
'851981,"Sound recording or sound reproducing apparatus, using magnetic, optical or semiconductor media ...",0,0,0,0,0,0,0,0,0,0,0,0,,,,,,,,,,,,,,,92,85,138,325,169,14,132,285,187,15,227,630
'854060,"Cathoderay tubes (excl. television and video-monitor cathoderay tubes, television camera tubes, ...",0,0,0,0,0,0,0,0,0,0,0,0,,,,,,,,,,,,,,,0,0,0,0,0,0,0,0,0,1,0,0
'854099,"Parts of thermionic, cold cathode or photo cathode valves and tubes, n.e.s. (excl. parts of ...",0,0,0,0,0,0,0,0,0,0,0,0,,,,,,,,,,,,,,,395,1500,770,616,647,34,128,579,270,202,703,1085
'853010,"Electrical signalling, safety or traffic control equipment for railways or tramways (excl. ...",0,0,0,0,0,0,0,0,0,0,0,0,,,,,,,,,,,,,,,0,0,0,0,0,236,0,3,235,0,0,0
'853529,"Automatic circuit breakers for a voltage >= 72,5 kV",0,0,0,0,0,0,0,0,0,0,0,0,,,,,,,,,,,,,,,1,0,0,0,0,0,0,1,0,9,0,6
'854919,"Primary cells, primary batteries and electric accumulators: spent goods and waste and scrap, ...",0,0,0,0,0,0,0,0,0,0,0,0,,,,,,,,,,,,,,,2,5,0,0,7,0,0,5,0,0,0,1
'860729,"Brakes (other than air brakes), and parts thereof, for railway or tramway locomotives or rolling ...",0,3,0,0,0,0,0,0,0,1,1,0,,,,,,,,,,,,,,,10,92,93,65,25,5,7,3,28,148,13,49
'870110,Pedestrian-controlled agricultural tractors and similar tractors for industry (excl. tractor ...,0,0,0,0,0,0,0,0,0,0,0,0,,,,,,,,,,,,,,,17,0,24,6,0,0,0,0,0,0,0,0
'870130,Track-laying tractors (excl. pedestrian-controlled),0,0,0,0,0,0,0,0,0,0,0,0,,,,,,,,,,,,,,,0,0,0,0,0,0,0,31,0,0,0,0
'870191,"Tractors, of an engine power <= 18 kW (excl. those of heading 8709, pedestrian-controlled tractors, ...",0,0,0,0,0,0,0,0,0,0,0,0,,,,,,,,,,,,,,,15,0,28,8,0,0,0,12,0,0,1,0
'870240,"Motor vehicles for the transport of >= 10 persons, incl. driver, with only electric motor for ...",0,0,0,0,0,0,0,0,0,0,0,0,,,,,,,,,,,,,,,0,0,0,0,0,0,0,0,0,0,500,0
'870310,Vehicles for the transport of,0,0,0,0,0,0,0,0,0,0,0,0,,,,,,,,,,,,,,,2205,4319,2105,2146,2893,2024,1991,2262,2314,4483,4178,2652
'870322,Motor cars and other motor vehicles principally designed for the transport of ...,0,0,0,0,0,0,0,0,0,0,0,0,,,,,,,,,,,,,,,9113,3996,2876,2883,4408,3209,4193,7127,5303,6117,6218,4076
'870360,Motor cars and other motor vehicles principally designed for the transport of ...,0,0,0,0,0,0,0,0,0,0,0,0,,,,,,,,,,,,,,,0,0,0,0,0,0,0,0,0,0,0,0
'870422,"Motor vehicles for the transport of goods, with only compression-ignition internal combustion ...",0,0,0,0,0,0,0,0,0,0,0,0,,,,,,,,,,,,,,,197,250,103,147,181,150,250,174,176,331,233,23
'870460,"Motor vehicles for the transport of goods, with only electric motor as motor for propulsion ...",0,0,0,0,0,0,0,0,0,0,0,0,,,,,,,,,,,,,,,0,0,0,0,0,0,0,0,0,0,0,0
'911440,Plates and bridges for clocks or watches,0,0,0,0,0,0,0,0,0,0,0,0,,,,,,,,,,,,,,,0,0,4,0,0,0,0,8,0,0,0,0
'920710,"Keyboard instruments, the sound of which is produced, or must be amplified, electrically (excl. ...",0,0,0,0,0,0,0,0,15,0,0,0,,,,,,,,,,,,,,,447,418,605,0,3,5,14,43,100,248,65,777
'920810,Musical boxes,0,0,0,0,0,0,0,0,0,0,0,0,,,,,,,,,,,,,,,8,25,11,20,18,20,11,4,11,16,32,11
'930390,"Firearms and similar devices which operate by the firing of an explosive charge (excl. sporting, ...",0,0,0,0,0,0,0,0,0,0,0,0,,,,,,,,,,,,,,,0,0,0,0,0,0,78,0,0,0,0,0
'930629,Parts of cartridges for smooth-barrelled shotguns; lead shot for air rifles and pistols,0,0,0,0,0,0,0,0,0,0,0,0,,,,,,,,,,,,,,,0,0,0,0,0,0,0,0,0,0,0,0
'940110,Seats for aircraft,0,0,0,0,0,0,0,0,0,0,0,0,,,,,,,,,,,,,,,172,278,112,133,154,119,111,54,75,217,183,149
'940152,Seats of bamboo,0,0,0,0,0,0,0,0,0,0,0,0,,,,,,,,,,,,,,,0,0,0,1,0,0,0,0,0,0,0,0
'940153,Seats of rattan,0,0,0,0,0,0,0,0,0,0,0,0,,,,,,,,,,,,,,,0,0,0,0,0,0,2,0,0,0,0,0
'940171,"Upholstered seats, with metal frames (excl. seats for aircraft or motor vehicles, swivel seats ...",0,0,0,0,0,0,0,0,0,0,0,0,,,,,,,,,,,,,,,2131,2913,2792,1841,2004,1932,2014,1877,2160,1807,1602,1996
'940330,Wooden furniture for offices (excl. seats),0,0,0,0,0,7,0,0,0,0,0,0,,,,,,,,,,,,,,,201,287,114,180,112,162,188,255,154,176,203,95
'940539,Electric lighting strings of a kind used for Christmas trees (excl. those solely for light-emitting ...,0,0,0,0,0,0,0,0,0,0,0,0,,,,,,,,,,,,,,,0,0,0,0,0,0,0,4,0,0,0,0
'902140,Hearing aids (excl. parts and accessories),0,0,0,21,11,0,0,0,0,0,0,0,,,,,,,,,,,,,,,8,2,16,70,105,7,15,0,0,11,2,0
'902820,"Liquid meters, incl. calibrating meters therefor",0,28,0,7,0,2,3,0,0,3,37,0,,,,,,,,,,,,,,,332,151,253,95,295,88,165,97,95,118,87,129
'910111,"Wrist-watches of precious metal or of metal clad with precious metal, whether or not incorporating ...",0,0,0,0,0,0,0,0,0,0,0,0,,,,,,,,,,,,,,,446,498,219,742,500,274,458,332,1175,174,390,250
'910299,"Pocket-watches and the like, incl. stop-watches, with hand or automatic winding (excl. of precious ...",0,0,0,0,0,0,0,0,0,0,0,0,,,,,,,,,,,,,,,11,3,0,0,0,0,2,9,0,0,0,5
'910390,"Clocks with watch movements (excl. electrically operated, wrist-watches, pocket-watches and ...",0,0,0,0,0,0,0,0,0,0,0,0,,,,,,,,,,,,,,,0,0,0,0,0,0,0,0,0,0,23,0
'910591,"Clocks, electrically operated (excl. wrist-watches, pocket-watches and other watches of heading ...",0,0,0,0,0,0,0,0,0,0,0,0,,,,,,,,,,,,,,,18,35,28,2,20,23,2,15,3,4,10,11
'911220,"Clock and watch cases (excl. for wrist-watches, pocket-watches and other watches of heading ...",0,0,0,0,0,0,0,0,0,0,0,0,,,,,,,,,,,,,,,9,6,6,7,11,8,13,0,6,15,3,5
'901060,Projection screens,0,0,0,0,0,0,0,0,0,0,0,0,,,,,,,,,,,,,,,375,442,255,584,353,244,269,402,384,455,213,455
'900319,"Frames and mountings for spectacles, goggles or the like (excl. of plastics)",0,0,0,0,0,39,0,0,0,0,0,0,,,,,,,,,,,,,,,93,169,108,147,1050,307,135,186,156,153,82,145
'871120,"Motorcycles, incl. mopeds, with reciprocating internal combustion piston engine of a cylinder ...",0,0,0,0,0,0,0,0,0,0,0,0,,,,,,,,,,,,,,,8196,6670,7510,5883,6562,6447,6499,5368,7063,6164,6082,8861
'871640,"Trailers and semi-trailers, not designed for running on rails (excl. trailers and semi-trailers ...",0,0,0,0,0,0,0,0,0,0,0,0,,,,,,,,,,,,,,,0,0,2,23,0,10,0,0,0,3,3,114
'880211,Helicopters of an unladen weight <= 2.000 kg (excl. unmanned of heading 8806),0,0,0,0,0,0,0,0,0,0,0,0,,,,,,,,,,,,,,,0,35,0,0,0,0,0,0,0,0,0,0
'880693,"Unmanned aircraft, with maximum take-off weight > 7 kg but <= 25 kg (excl. for passenger carriage ...",0,0,0,0,0,0,0,0,0,0,0,0,,,,,,,,,,,,,,,0,0,0,5,0,0,0,0,0,0,0,0
'890110,"Cruise ships, excursion boats and similar vessels principally designed for the transport of ...",0,0,0,0,0,0,0,0,0,0,0,0,,,,,,,,,,,,,,,0,0,0,0,0,0,0,0,942,369,0,0
'890311,"Inflatable ""incl. rigid hull inflatable"" boats, for pleasure or sports, fitted or designed ...",0,0,0,0,0,0,0,0,0,0,0,0,,,,,,,,,,,,,,,0,0,0,0,0,0,0,0,0,0,0,0
'854511,"Electrodes of graphite or other carbon, for electric furnaces",0,0,0,0,0,0,0,0,0,0,2,0,,,,,,,,,,,,,,,0,0,0,0,0,0,0,77,0,6,2,0
'854590,"Articles of graphite or other carbon, for electrical purposes (excl. electrodes and carbon ...",0,0,0,0,0,0,0,0,0,0,0,0,,,,,,,,,,,,,,,1184,941,1344,665,1519,617,820,630,775,692,665,637
'854620,Electrical insulators of ceramics (excl. insulating fittings),0,0,0,0,0,0,0,0,0,0,0,0,,,,,,,,,,,,,,,23,22,15,37,117,9,15,50,53,75,46,85
'960310,"Brooms and brushes, consisting of twigs or other vegetable materials bound together, with or ...",0,0,0,3,0,0,0,0,0,4,0,0,,,,,,,,,,,,,,,15,16,21,18,47,58,25,33,16,72,4,42
'960329,"Shaving brushes, hair brushes, nail brushes, eyelash brushes and other brushes for use on the ...",2,0,0,0,0,0,2,0,0,0,0,0,,,,,,,,,,,,,,,448,792,634,600,853,423,950,1002,1052,597,516,291
'030721,"Live, fresh or chilled, scallops and other molluscs of the family Pectinidae, even in shell",0,0,0,0,0,0,0,0,0,0,0,0,,,,,,,,,,,,,,,0,0,0,0,0,0,1,0,0,0,0,0
'030752,"Octopus ""Octopus spp."", frozen",0,0,0,0,0,0,0,0,0,0,0,0,,,,,,,,,,,,,,,0,0,0,0,0,0,0,0,0,0,0,2
'030760,"Snails, live, fresh, chilled, frozen, salted, dried or in brine, even smoked, with or without ...",0,0,0,0,0,0,0,0,0,0,0,0,,,,,,,,,,,,,,,5,4,4,5,4,6,5,4,3,5,4,6
'030772,"Frozen, even in shell, clams, cockles and ark shells ""families Arcidae, Arcticidae, Cardiidae, ...",0,0,0,0,0,0,0,0,0,0,0,0,,,,,,,,,,,,,,,0,0,0,0,0,0,0,0,3,0,0,1
'030781,"Live, fresh or chilled, even in shell, abalone ""Haliotis spp.""",0,0,0,0,0,0,0,0,0,0,0,0,,,,,,,,,,,,,,,0,0,0,0,0,0,0,0,21,4,0,21
'030830,"Live, fresh, chilled, frozen, dried, salted or in brine, even smoked, jellyfish ""Rhopilema ...",0,0,0,0,0,0,0,0,0,0,0,0,,,,,,,,,,,,,,,0,0,0,0,0,0,0,0,0,0,0,0
'040390,"Buttermilk, curdled milk and cream, kephir and other fermented or acidified milk and cream, ...",0,0,0,0,0,0,0,0,0,0,0,0,,,,,,,,,,,,,,,142,71,107,210,59,82,55,68,220,41,40,34
'040520,"Dairy spreads of a fat content, by weight, of >= 39% but < 80%",0,0,0,0,0,0,0,0,0,0,0,0,,,,,,,,,,,,,,,0,0,0,0,0,0,2,0,0,0,0,0
'040900,Natural honey,0,0,0,0,0,0,0,0,0,0,0,0,,,,,,,,,,,,,,,30,68,64,54,27,66,72,47,37,53,24,108
'030392,Frozen shark fins,0,0,0,0,0,0,0,0,0,0,0,0,,,,,,,,,,,,,,,54,114,35,80,542,0,188,122,79,75,0,88
'030439,"Fresh or chilled fillets of carp ""Cyprinus spp., Carassius spp., Ctenopharyngodon idellus, ...",0,0,0,0,0,0,0,0,0,0,0,0,,,,,,,,,,,,,,,0,0,0,0,0,0,0,0,0,0,0,0
'030444,"Fresh or chilled fillets of fish of the families Bregmacerotidae, Euclichthyidae, Gadidae, ...",0,0,0,0,0,0,0,0,0,0,0,0,,,,,,,,,,,,,,,0,0,0,0,0,0,0,0,0,0,0,0
'030479,"Frozen fillets of fish of the families Bregmacerotidae, Euclichthyidae, Gadidae, Macrouridae, ...",0,0,0,0,0,0,0,0,0,0,0,0,,,,,,,,,,,,,,,0,0,0,0,0,0,0,0,0,0,0,0
'030484,"Frozen fillets of swordfish ""Xiphias gladius""",0,0,0,0,0,0,0,0,0,0,0,0,,,,,,,,,,,,,,,0,0,0,0,0,188,0,1,0,136,0,80
'030494,"Frozen meat, whether or not minced, of Alaska pollack ""Theragra chalcogramma"" (excl. fillets)",0,0,0,0,0,0,0,0,0,0,0,0,,,,,,,,,,,,,,,0,0,0,0,0,0,0,0,0,0,0,0
'030520,"Fish livers, roes and milt, dried, smoked, salted or in brine",0,0,0,0,0,0,0,0,0,0,0,0,,,,,,,,,,,,,,,8,38,10,7,31,24,24,16,97,69,35,12
'030541,"Smoked Pacific salmon ""Oncorhynchus nerka, Oncorhynchus gorbuscha, Oncorhynchus keta, Oncorhynchus ...",0,0,0,0,0,0,0,0,0,0,0,0,,,,,,,,,,,,,,,42,42,38,133,0,44,22,42,25,60,29,31
'030616,"Frozen cold-water shrimps and prawns ""Pandalus spp., Crangon crangon"", even smoked, whether ...",0,0,0,0,0,0,0,0,0,0,0,0,,,,,,,,,,,,,,,8,33,0,4,15,4,15,15,2,8,69,23
'030635,"Cold-water shrimps and prawns ""Pandalus spp., Crangon crangon"", whether in shell or not, live, ...",0,0,0,0,0,0,0,0,0,0,0,0,,,,,,,,,,,,,,,0,0,0,0,0,0,0,0,0,0,0,0
'071030,"Spinach, New Zealand spinach and orache spinach, uncooked or cooked by steaming or by boiling ...",0,0,0,0,0,0,0,0,0,0,0,0,,,,,,,,,,,,,,,177,142,44,66,50,196,44,55,93,157,117,130
'071190,"Vegetables and mixtures of vegetables provisionally preserved, e.g. by sulphur dioxide gas, ...",0,0,0,0,0,0,0,0,0,0,0,0,,,,,,,,,,,,,,,10,69,32,34,35,45,54,80,56,56,28,55
'071233,"Dried jelly fungi ""Tremella spp."", whole, cut, sliced, broken or in powder, but not further ...",0,0,0,0,0,0,0,0,0,0,0,0,,,,,,,,,,,,,,,1,0,1,0,0,0,1,0,1,0,2,1
'080112,"Fresh coconuts in the inner shell ""endocarp""",0,0,0,0,0,0,0,0,0,0,0,0,,,,,,,,,,,,,,,0,0,0,0,0,0,0,0,0,0,0,0
'080211,Fresh or dried almonds in shell,0,0,0,0,0,0,0,0,0,0,0,0,,,,,,,,,,,,,,,0,0,0,0,0,0,0,0,0,0,0,0
'080280,"Fresh or dried areca nuts, whether or not shelled or peeled",0,0,0,0,0,0,0,0,0,0,0,0,,,,,,,,,,,,,,,10,7,4,8,7,4,0,0,0,4,0,0
'080590,"Fresh or dried citrus fruit (excl. oranges, lemons ""Citrus limon, Citrus limonum"", limes ""Citrus ...",0,0,0,0,0,0,0,0,0,0,0,0,,,,,,,,,,,,,,,0,0,0,2,0,1,0,0,0,16,5,2
'080930,"Fresh peaches, incl. nectarines",0,0,0,0,0,0,0,0,0,0,0,0,,,,,,,,,,,,,,,0,0,0,0,0,0,0,0,0,0,0,0
'081090,"Fresh tamarinds, cashew apples, jackfruit, lychees, sapodillo plums, passion fruit, carambola, ...",0,0,0,0,0,0,0,0,0,1,2,0,,,,,,,,,,,,,,,644,321,1394,188,85,143,98,74,340,2217,5510,3522
'081310,Dried apricots,0,0,0,0,0,0,0,0,0,0,0,0,,,,,,,,,,,,,,,0,0,0,0,0,0,0,0,0,0,0,0
'081330,Dried apples,0,0,0,0,0,0,0,0,0,0,0,0,,,,,,,,,,,,,,,0,0,0,0,0,0,0,0,0,0,0,0
'090112,Decaffeinated coffee (excl. roasted),0,0,0,0,0,0,0,0,0,0,0,0,,,,,,,,,,,,,,,1,1,0,0,2,0,0,0,12,0,0,0
'090122,"Roasted, decaffeinated coffee",0,0,0,0,0,0,0,0,0,0,0,0,,,,,,,,,,,,,,,62,15,8,9,46,18,12,7,21,15,5,16
'090190,Coffee husks and skins; coffee substitutes containing coffee in any proportion,0,0,0,0,0,0,0,0,0,0,0,0,,,,,,,,,,,,,,,2,3,7,0,0,0,2,7,0,1,0,0
'060210,Unrooted cuttings and slips,0,0,0,0,0,0,0,0,0,0,0,0,,,,,,,,,,,,,,,0,0,0,0,0,0,0,0,0,0,0,0
'060319,"Fresh cut flowers and buds, of a kind suitable for bouquets or for ornamental purposes (excl. ...",0,0,0,0,0,0,0,0,0,0,0,0,,,,,,,,,,,,,,,437,492,627,389,451,425,422,470,513,566,478,613
'060490,"Foliage, branches and other parts of plants, without flowers or flower buds, and grasses, mosses ...",0,0,0,0,0,0,0,0,0,0,0,0,,,,,,,,,,,,,,,4,7,0,0,3,1,3,7,11,10,9,7
'070410,Fresh or chilled cauliflowers and broccoli,0,0,0,0,0,0,0,0,0,0,0,0,,,,,,,,,,,,,,,3,2,5,21,8,5,4,8,13,9,3,18
'070521,Fresh or chilled witloof chicory,0,0,0,0,0,0,0,0,0,0,0,0,,,,,,,,,,,,,,,5,0,0,0,0,0,0,0,0,17,0,22
'070956,"Fresh or chilled truffles ""Tuber spp.""",0,0,0,0,0,0,0,0,0,0,0,0,,,,,,,,,,,,,,,0,0,0,0,0,0,0,0,0,0,0,0
'070999,Fresh or chilled vegetables n.e.s.,0,0,0,0,0,0,0,0,0,0,0,0,,,,,,,,,,,,,,,123,98,132,95,51,72,86,63,93,114,48,102
'160239,"Prepared or preserved meat or meat offal of ducks, geese and guinea fowl of the species domesticus ...",0,0,0,0,0,0,0,0,0,0,0,0,,,,,,,,,,,,,,,7,7,2,3,1,6,0,2,0,16,0,8
'160242,"Prepared or preserved shoulders and cuts thereof, of swine",0,0,0,0,0,0,0,0,0,0,0,0,,,,,,,,,,,,,,,0,0,6,0,0,0,8,0,0,8,0,0
'160250,"Prepared or preserved meat or offal of bovine animals (excl. sausages and similar products, ...",0,0,0,0,0,0,0,3,0,0,0,0,,,,,,,,,,,,,,,313,238,234,144,296,386,359,352,471,522,377,272
'160419,"Prepared or preserved fish, whole or in pieces (excl. minced, merely smoked, and salmon, herrings, ...",0,0,0,0,0,0,0,0,0,0,0,0,,,,,,,,,,,,,,,206,608,127,231,278,179,200,604,210,449,79,357
'160420,Prepared or preserved fish (excl. whole or in pieces),0,3,0,0,0,0,19,0,0,0,0,0,,,,,,,,,,,,,,,3190,3524,3507,2805,2458,2844,3204,3131,3600,3665,2301,3192
'160521,"Shrimps and prawns, prepared or preserved, not in airtight containers (excl. smoked)",0,0,0,0,0,0,0,0,0,0,0,0,,,,,,,,,,,,,,,146,210,661,101,75,68,223,343,598,595,326,486
'160552,"Scallops, incl. queen scallops, prepared or preserved (excl. smoked)",0,0,0,0,0,0,0,0,0,0,0,0,,,,,,,,,,,,,,,2,9,10,8,16,7,2,5,2,4,1,8
'160557,"Abalone, prepared or preserved (excl. smoked)",0,0,0,0,0,0,0,0,0,0,0,0,,,,,,,,,,,,,,,100,220,352,210,64,859,1903,1242,153,612,135,78
'151519,"Linseed oil and fractions thereof, whether or not refined, but not chemically modified (excl. ...",0,4,0,0,0,0,0,0,0,3,0,0,,,,,,,,,,,,,,,12,5,3,5,0,0,5,0,0,5,2,5
'151560,"Microbial fats and oils and their fractions, whether or not refined, but not chemically modified",0,0,0,0,0,0,0,0,0,0,0,0,,,,,,,,,,,,,,,0,0,0,0,0,0,0,0,0,0,0,0
'151590,"Fixed vegetable fats and oils and their fractions, whether or not refined, but not chemically ...",0,0,0,0,0,0,0,0,0,0,0,0,,,,,,,,,,,,,,,63,135,146,157,113,87,77,53,105,123,74,29
'090611,"Cinnamon ""Cinnamomum zeylanicum Blume"" (excl. crushed and ground)",0,0,0,0,0,0,0,0,0,0,0,0,,,,,,,,,,,,,,,0,0,0,0,0,0,0,0,0,0,0,0
'090832,"Cardamoms, crushed or ground",0,0,0,0,0,0,0,0,0,0,0,0,,,,,,,,,,,,,,,0,0,0,0,0,0,0,0,0,0,0,0
'110311,Groats and meal of wheat,0,0,0,0,0,0,0,0,0,0,0,0,,,,,,,,,,,,,,,0,0,0,0,0,0,0,0,0,0,0,0
'110422,"Hulled, pearled, sliced, kibbled or otherwise worked oat grains (excl. rolled, flaked, pellets ...",0,0,0,0,0,0,0,0,0,0,0,0,,,,,,,,,,,,,,,47,25,57,5,50,2,0,6,34,58,6,17
'110510,"Flour, meal and powder of potatoes",0,0,0,0,0,0,0,0,0,0,0,0,,,,,,,,,,,,,,,0,13,5,8,0,0,12,0,12,7,7,10
'110520,"Flakes, granules and pellets of potatoes",0,0,0,0,0,0,0,0,0,0,0,0,,,,,,,,,,,,,,,0,0,0,0,4,1,1,0,1,0,0,0
'110710,Malt (excl. roasted),0,0,0,0,0,0,0,0,0,0,0,0,,,,,,,,,,,,,,,0,0,0,0,0,0,0,0,0,0,0,0
'110812,Maize starch,0,0,0,0,0,0,0,0,0,0,0,0,,,,,,,,,,,,,,,1,26,18,19,16,3,17,0,1,12,0,0
'110900,"Wheat gluten, whether or not dried",0,0,0,0,0,0,0,0,0,0,0,0,,,,,,,,,,,,,,,43,73,41,61,33,23,25,52,55,57,55,41
'120190,"Soya beans, whether or not broken (excl. seed for sowing)",0,0,0,0,0,0,0,0,0,0,0,0,,,,,,,,,,,,,,,49,11,10,3,6,2,9,2,3,15,4,16
'120242,"Groundnuts, shelled, whether or not broken (excl. seed for sowing, roasted or otherwise cooked)",0,0,0,0,0,0,0,0,0,0,0,0,,,,,,,,,,,,,,,0,5,2,3,2,2,8,2,2,0,2,5
'120921,Alfalfa seed for sowing,0,0,0,0,0,0,0,0,0,0,0,0,,,,,,,,,,,,,,,0,0,0,0,6,0,0,0,6,0,0,0
'120925,"Ryegrass ""Lolium multiflorum lam., Lolium perenne L."" seed, for sowing",0,0,0,0,0,0,0,0,0,0,0,0,,,,,,,,,,,,,,,0,0,0,0,0,0,0,0,0,0,0,0
'120999,"Seeds, fruits and spores, for sowing (excl. leguminous vegetables and sweetcorn, coffee, tea, ...",18,0,0,0,98,0,62,7,36,0,12,0,,,,,,,,,,,,,,,645,579,738,726,1536,899,1226,1554,1775,1305,916,1552
'121291,"Sugar beet, fresh, chilled, frozen or dried, whether or not ground",0,0,0,0,0,0,0,0,0,0,0,0,,,,,,,,,,,,,,,0,0,0,0,0,0,0,0,0,0,0,1
'130219,"Vegetable saps and extracts (excl. liquorice, hops, opium and ephedra)",2,0,11,2,0,2,4,7,0,0,0,0,,,,,,,,,,,,,,,483,722,480,686,445,390,345,357,894,439,369,561
'150290,"Fats of bovine animals, sheep or goats (excl. tallow, oleostearin and oleo-oil)",0,0,0,0,0,0,0,0,0,0,0,0,,,,,,,,,,,,,,,0,0,0,0,0,0,0,0,0,0,0,0
'150300,"Lard stearin, lard oil, oleostearin, oleo-oil and tallow oil (excl. emulsified, mixed or otherwise ...",0,0,0,0,0,0,0,0,0,0,0,0,,,,,,,,,,,,,,,0,0,0,0,0,0,0,0,0,0,0,0
'150420,"Fats and oils of fish and their fractions, whether or not refined (excl. liver oils and chemically ...",0,0,0,0,0,0,0,0,0,0,0,0,,,,,,,,,,,,,,,0,0,0,0,3,0,0,4,0,0,0,9
'150500,"Wool grease and fatty substances derived therefrom, incl. lanolin",0,0,0,0,0,0,0,0,0,0,0,0,,,,,,,,,,,,,,,0,0,0,0,0,0,0,0,0,0,0,0
'151221,Crude cotton-seed oil,0,0,0,0,0,0,0,0,0,0,0,0,,,,,,,,,,,,,,,0,0,0,0,0,0,0,0,0,0,0,0
'151311,Crude coconut oil,0,0,0,0,0,0,0,0,0,0,0,0,,,,,,,,,,,,,,,0,0,0,0,0,0,0,0,0,0,0,0
'290613,Sterols and inositols,0,0,0,0,0,0,0,0,0,0,0,0,,,,,,,,,,,,,,,0,0,0,0,0,0,0,0,0,0,0,0
'290891,"Dinoseb ""ISO"" and its salts",0,0,0,0,0,0,0,0,0,0,0,0,,,,,,,,,,,,,,,0,0,0,0,0,0,0,0,0,0,0,0
'290919,"Acyclic ethers and their halogenated, sulphonated, nitrated or nitrosated derivatives (excl. ...",0,0,0,0,0,0,0,0,0,0,0,0,,,,,,,,,,,,,,,97,0,13333,6752,12887,0,345,61,32,18,6,0
'290950,"Ether-phenols, ether-alcohol-phenols and their halogenated, sulphonated, nitrated or nitrosated ...",0,0,0,0,0,0,0,0,0,0,0,0,,,,,,,,,,,,,,,5,7,2,5,2,3,0,5,0,5,2,2
'291010,"Oxirane ""ethylene oxide""",0,0,0,0,0,0,0,0,0,0,0,0,,,,,,,,,,,,,,,0,0,0,0,0,0,0,0,0,0,0,0
'291030,"1-Chloro-2,3-epoxypropane ""epichlorohydrin""",0,0,28,0,0,0,0,0,0,0,0,0,,,,,,,,,,,,,,,443,358,676,945,1118,722,714,341,265,231,221,623
'291212,"Ethanal ""acetaldehyde""",0,0,0,0,0,0,0,0,0,0,0,0,,,,,,,,,,,,,,,8,0,5,0,0,5,0,5,0,0,5,0
'291241,"Vanillin ""4-hydroxy-3-methoxybenzaldehyde""",0,0,0,0,0,0,0,0,0,0,0,0,,,,,,,,,,,,,,,0,0,0,0,0,0,0,0,0,0,0,0
'291300,"Halogenated, sulphonated, nitrated or nitrosated derivatives of cyclic polymers of aldehydes ...",0,0,0,0,0,0,0,0,0,0,0,0,,,,,,,,,,,,,,,0,74,0,129,0,58,56,0,21,296,0,332
'291822,"o-Acetylsalicylic acid, its salts and esters",0,0,0,0,0,0,0,0,0,0,0,0,,,,,,,,,,,,,,,0,0,0,0,0,0,0,0,0,0,0,0
'292141,Aniline and its salts (excl. inorganic or organic compounds of mercury),0,0,0,0,0,0,0,0,0,0,0,0,,,,,,,,,,,,,,,0,0,0,0,0,0,0,0,0,0,0,0
'292215,Triethanolamine,635,23,0,0,3,0,5,0,0,0,0,0,,,,,,,,,,,,,,,1352,568,259,498,254,612,332,466,651,387,245,176
'292231,"Amfepramone ""INN"", methadone ""INN"" and normethadone ""INN"", and salts thereof",0,0,0,0,0,0,0,0,0,0,0,0,,,,,,,,,,,,,,,0,0,0,0,0,0,0,0,0,0,0,0
'292330,Tetraethylammonium perfluorooctane sulphonate,0,0,0,0,0,0,0,0,0,0,0,0,,,,,,,,,,,,,,,0,0,0,0,0,0,0,0,0,0,0,0
'293214,Sucralose,0,0,0,0,0,0,0,0,0,0,0,0,,,,,,,,,,,,,,,0,0,0,0,0,0,0,0,0,0,0,0
'293299,Heterocyclic compounds with oxygen hetero-atom[s] only (excl. compounds containing unfused ...,0,0,0,0,4,0,0,0,0,0,0,0,,,,,,,,,,,,,,,920,752,884,815,370,1345,207,1686,900,930,893,694
'293319,"Heterocyclic compounds with nitrogen hetero-atom[s] only, containing an unfused pyrazole ring, ...",0,0,0,0,0,0,0,0,0,0,0,0,,,,,,,,,,,,,,,23,18,34,0,0,0,0,0,0,22,0,0
'293371,"6-Hexanelactam ""epsilon-caprolactam""",0,0,0,0,0,0,0,0,0,0,0,0,,,,,,,,,,,,,,,0,0,0,0,0,1,0,0,4,0,0,0
'293392,"Azinphos-methyl ""ISO""",0,0,0,0,0,0,0,0,0,0,0,0,,,,,,,,,,,,,,,0,0,0,0,0,0,0,0,0,0,0,0
'284130,Sodium dichromate,0,0,0,0,0,0,0,0,0,0,0,0,,,,,,,,,,,,,,,0,0,0,0,0,0,0,0,0,0,0,0
'283330,Alums,0,0,0,0,0,0,0,0,0,0,0,0,,,,,,,,,,,,,,,37,173,92,73,52,81,51,73,25,48,50,7
'283429,Nitrates (excl. of potassium and of mercury),0,0,0,0,0,0,0,2,0,1,0,0,,,,,,,,,,,,,,,173,467,170,0,109,389,281,336,280,485,64,450
'283630,"Sodium hydrogencarbonate ""sodium bicarbonate""",0,0,0,0,0,0,0,3,0,0,0,0,,,,,,,,,,,,,,,44,95,45,37,53,30,7,35,23,42,2,0
'284310,Colloidal precious metals,0,0,0,0,0,0,0,0,0,0,0,0,,,,,,,,,,,,,,,20,45,41,6,12,0,5,0,5,5,8,4
'284329,"Silver compounds, inorganic or organic, whether or not chemically defined (excl. of mercury ...",0,0,0,0,0,0,0,0,0,0,0,0,,,,,,,,,,,,,,,1363,1570,801,1313,2024,1071,2557,4394,3107,1426,6830,2648
'284520,Boron enriched in boron-10 and its compounds,0,0,0,0,0,0,0,0,0,0,0,0,,,,,,,,,,,,,,,0,0,0,0,0,0,0,0,0,0,0,0
'285000,"Hydrides, nitrides, azides, silicides and borides, whether or not chemically defined (excl. ...",0,0,50,0,0,13,54,0,0,0,57,0,,,,,,,,,,,,,,,739,2204,1963,1179,1623,1532,1335,1269,2484,2046,1527,2236
'285290,"Compounds, inorganic or organic, of mercury, not chemically defined (excl. amalgams)",0,0,0,0,0,0,0,0,0,0,0,0,,,,,,,,,,,,,,,0,0,0,0,0,0,0,0,0,0,0,0
'285390,"Phosphides, whether or not chemically defined (excl. ferrophosphorus); inorganic compounds, ...",2,1,0,5,0,0,2,2,0,0,0,0,,,,,,,,,,,,,,,186,352,1446,1060,642,245,256,1712,248,467,283,296
'290122,"Propene ""propylene""",1878,0,0,0,0,1668,0,6676,4928,0,0,0,,,,,,,,,,,,,,,20766,18244,18980,18270,16315,8740,1797,8345,16509,12592,0,3064
'290311,"Chloromethane ""methyl chloride"" and chloroethane ""ethyl chloride""",0,0,0,0,0,0,0,0,0,0,0,0,,,,,,,,,,,,,,,8,9,8,24,16,41,30,22,30,24,25,0
'290341,"Trifluoromethane ""HFC-23""",0,0,0,0,0,0,0,0,0,0,0,0,,,,,,,,,,,,,,,4,0,1,0,0,0,1,44,18,0,24,68
'290372,Dichlorotrifluoroethanes,0,0,0,0,0,0,0,0,0,0,0,0,,,,,,,,,,,,,,,0,0,0,0,0,0,0,0,0,0,0,0
'290431,Perfluorooctane sulphonic acid,0,0,0,0,0,0,0,0,0,0,0,0,,,,,,,,,,,,,,,0,0,0,0,0,0,0,0,0,0,0,0
'200580,"Sweetcorn ""Zea Mays var. Saccharata"", prepared or preserved otherwise than by vinegar or acetic ...",0,0,0,0,0,0,0,0,0,0,0,0,,,,,,,,,,,,,,,0,0,2,3,0,1,2,0,1,0,0,0
'200870,"Peaches, incl. nectarines, prepared or preserved, whether or not containing added sugar or ...",0,0,0,0,0,0,0,0,0,0,0,0,,,,,,,,,,,,,,,32,25,20,49,14,18,20,18,20,16,15,26
'200891,"Palm hearts, prepared or preserved, whether or not containing added sugar or other sweetening ...",0,0,0,0,0,0,0,0,0,0,0,0,,,,,,,,,,,,,,,0,0,0,0,0,0,0,0,0,0,0,0
'200961,"Grape juice, incl. grape must, unfermented, Brix value <= 30 at 20¡C, whether or not containing ...",0,0,0,0,0,0,0,0,0,0,0,0,,,,,,,,,,,,,,,0,0,0,0,0,0,0,0,0,0,0,0
'210320,Tomato ketchup and other tomato sauces,0,0,0,0,0,0,1,0,0,0,0,0,,,,,,,,,,,,,,,30,24,5,110,12,37,34,23,11,36,6,27
'220720,Denatured ethyl alcohol and other spirits of any strength,2,0,0,0,0,0,0,0,0,0,0,0,,,,,,,,,,,,,,,2,0,0,0,0,0,0,0,0,1,0,0
'030324,"Frozen catfish ""Pangasius spp., Silurus spp., Clarias spp., Ictalurus spp.""",0,0,0,0,0,0,0,0,0,0,0,0,,,,,,,,,,,,,,,8,0,6,0,7,0,0,0,0,0,0,0
'230500,"Oilcake and other solid residues, whether or not ground or in the form of pellets, resulting ...",0,0,0,0,0,0,0,0,0,0,0,0,,,,,,,,,,,,,,,0,0,0,0,0,0,0,0,0,0,0,0
'230620,"Oilcake and other solid residues, whether or not ground or in the form of pellets, resulting ...",0,0,0,0,0,0,0,0,0,0,0,0,,,,,,,,,,,,,,,0,0,0,0,0,0,0,0,0,0,0,0
'230649,"Oilcake and other solid residues, whether or not ground or in the form of pellets, resulting ...",0,0,0,0,0,0,0,0,0,0,0,0,,,,,,,,,,,,,,,0,0,0,0,0,0,0,0,0,0,0,0
'261590,"Niobium, tantalum or vanadium ores and concentrates",0,0,0,0,0,0,0,0,0,0,0,0,,,,,,,,,,,,,,,0,0,0,61,0,0,2,0,17,0,20,0
'262019,"Slag, ash and residues containing mainly zinc (excl. hard zinc spelter)",0,0,0,0,0,0,0,0,0,0,0,0,,,,,,,,,,,,,,,4567,3781,1827,3741,3857,4016,1903,2128,6874,4247,776,3900
'270111,"Anthracite, whether or not pulverised, non-agglomerated",0,0,0,0,0,0,0,0,0,0,0,0,,,,,,,,,,,,,,,41,67,9,51,24,48,25,60,44,53,65,29
'240391,"Tobacco, ""homogenised"" or ""reconstituted"" from finely-chopped tobacco leaves, tobacco refuse ...",0,0,0,0,0,0,0,0,0,0,0,0,,,,,,,,,,,,,,,0,0,0,0,0,0,0,0,0,0,0,0
'240411,"Products containing tobacco or reconstituted tobacco, intended for inhalation without combustion",0,0,0,0,0,0,0,0,0,0,0,0,,,,,,,,,,,,,,,713,119,0,0,671,0,0,28,0,536,0,0
'252520,Mica powder,0,0,0,1,0,0,0,1,1,0,0,0,,,,,,,,,,,,,,,82,102,14,78,14,28,24,20,12,68,4,7
'252922,Fluorspar containing by weight > 97% calcium fluoride,0,0,0,0,0,0,0,0,0,0,0,0,,,,,,,,,,,,,,,0,8,0,0,0,0,0,0,0,0,3,0
'270900,"Petroleum oils and oils obtained from bituminous minerals, crude",0,0,0,0,0,0,0,0,0,0,0,0,,,,,,,,,,,,,,,0,0,0,0,0,0,0,0,0,0,0,0
'271220,"Paraffin wax containing < 0,75% by weight of oil",0,0,0,0,0,0,0,0,24,5,0,0,,,,,,,,,,,,,,,318,447,315,335,519,291,900,1504,996,1121,1598,2814
'280512,Calcium,0,0,0,0,0,0,0,0,0,0,0,0,,,,,,,,,,,,,,,0,2,0,0,0,0,56,0,0,0,0,0
'281212,Phosphorus oxychloride,0,0,0,0,0,0,0,0,0,0,0,0,,,,,,,,,,,,,,,0,0,0,0,0,2,0,0,0,0,0,0
'281290,Halides and halide oxides of non-metals (excl. chlorides and chloride oxides),0,0,0,0,0,0,0,0,0,0,0,0,,,,,,,,,,,,,,,643,626,491,655,518,532,941,333,382,646,669,582
'282120,Earth colours containing >= 70% by weight of combined iron evaluated as Fe2O3,0,0,0,0,0,0,0,0,0,0,0,0,,,,,,,,,,,,,,,0,0,0,0,0,0,0,0,0,1,0,1
'282200,Cobalt oxides and hydroxides; commercial cobalt oxides,0,0,0,0,2,0,0,4,13,0,5,0,,,,,,,,,,,,,,,383,150,377,161,436,107,166,289,418,1218,290,146
'282520,Lithium oxide and hydroxide,0,0,0,0,0,0,0,0,0,0,0,0,,,,,,,,,,,,,,,0,0,3,0,5,0,0,0,0,0,0,0
'282580,Antimony oxides,0,0,19,0,0,0,0,0,0,0,0,0,,,,,,,,,,,,,,,1585,4817,3403,2412,2870,4423,1020,3261,1523,1947,1651,0
'282731,Magnesium chloride,0,0,0,0,0,0,0,0,0,0,0,0,,,,,,,,,,,,,,,8,0,0,1,0,8,0,0,0,0,0,0
'291631,"Benzoic acid, its salts and esters (excl. inorganic or organic compounds of mercury)",0,0,0,0,0,0,0,0,0,0,0,0,,,,,,,,,,,,,,,196,114,305,179,198,230,328,294,357,380,106,324
'293625,"Vitamin B6 and its derivatives, used primarily as vitamins",0,0,0,0,0,0,0,0,0,0,0,0,,,,,,,,,,,,,,,0,0,0,0,0,0,0,0,0,0,0,0
'293690,"Provitamins and mixtures of vitamins, of provitamins or of concentrates, whether or not in ...",0,0,0,0,0,0,0,0,0,0,0,0,,,,,,,,,,,,,,,1649,1015,1587,904,1174,1769,2035,1011,823,1864,1392,1459
'293721,"Cortisone, hydrocortisone, prednisone ""dehydrocortisone"" and prednisolone ""dehydrohydrocortisone""",0,0,0,0,0,0,0,0,0,0,0,0,,,,,,,,,,,,,,,0,0,0,0,0,0,0,0,0,0,0,0
'293919,"Alkaloids of opium and their derivatives, and salts thereof (excl. concentrates of poppy straw; ...",0,0,0,0,0,0,0,0,0,0,0,0,,,,,,,,,,,,,,,0,0,0,0,0,0,0,0,0,0,0,0
'293963,Lysergic acid and its salts,0,0,0,0,0,0,0,0,0,0,0,0,,,,,,,,,,,,,,,0,0,0,0,0,0,0,0,0,0,0,0
'300213,"Immunological products, unmixed, not put up in measured doses or in forms or packings for retail ...",0,0,0,0,0,0,0,0,0,0,0,0,,,,,,,,,,,,,,,785,108,159,4,5,203,51,273,124,1028,72,762
'300249,"Toxins, cultures of micro-organisms and similar products, e.g. plasmodia (excl. yeasts and ...",0,0,0,0,0,0,0,0,0,0,0,0,,,,,,,,,,,,,,,739,235,287,163,479,81,623,208,169,177,12,169
'300693,"Placebos and blinded or double-blinded clinical trial kits for a recognised clinical trial, ...",0,0,0,0,0,0,0,0,0,0,0,0,,,,,,,,,,,,,,,2,50,104,118,20,31,25,22,132,103,50,88
'310319,"Superphosphates (excl. such products containing by weight => 35 % of diphosphorus pentaoxide, ...",0,0,0,0,0,0,0,0,0,0,0,0,,,,,,,,,,,,,,,0,0,0,0,0,0,0,0,0,0,0,0
'310490,"Carnallite, sylvite and other crude natural potassium salts, potassium magnesium sulphate and ...",0,0,0,0,0,0,0,0,0,0,0,0,,,,,,,,,,,,,,,0,0,0,0,0,0,0,0,0,2,2,0
'330112,"Oils of sweet and bitter orange, whether or not terpeneless, incl. concretes and absolutes ...",0,0,0,0,0,0,0,9,0,6,0,0,,,,,,,,,,,,,,,0,0,0,0,5,0,0,12,0,6,0,0
'330119,"Essential oils of citrus fruit, whether or not terpeneless, incl. concretes and absolutes (excl. ...",0,0,0,0,0,0,0,0,0,0,0,0,,,,,,,,,,,,,,,0,4,12,24,29,40,71,37,33,9,16,25
'360100,Propellent powders,0,0,0,0,0,0,0,0,0,0,0,0,,,,,,,,,,,,,,,0,0,0,0,0,0,0,0,0,0,0,0
'360490,"Signalling flares, rain rockets, fog signals and other pyrotechnic articles (excl. fireworks ...",0,0,0,0,0,0,0,0,0,0,0,0,,,,,,,,,,,,,,,0,555,3,1,0,407,0,0,0,0,0,0
'370255,"Photographic film, sensitised, in rolls, unexposed, with perforations, for colour photography ...",0,0,0,0,0,0,0,0,0,0,0,0,,,,,,,,,,,,,,,0,0,0,4,0,0,2,0,0,0,0,0
'370500,"Photographic plates and film, exposed and developed (excl. products made of paper, paperboard ...",0,0,0,0,0,8,0,0,0,1,0,0,,,,,,,,,,,,,,,53261,70806,52746,55636,55220,53731,78893,55224,67096,65021,50870,65460
'380400,"Residual lyes from the manufacture of wood pulp, whether or not concentrated, desugared or ...",0,0,0,6,0,0,0,0,0,0,0,0,,,,,,,,,,,,,,,0,13,0,6,0,1,10,0,0,0,0,0
'340530,"Polishes and similar preparations for coachwork, whether or not in the form of paper, wadding, ...",0,0,0,3,0,2,0,2,0,0,0,0,,,,,,,,,,,,,,,233,207,288,126,218,241,224,172,256,292,76,170
'340600,"Candles, tapers and the like",0,0,0,0,2,0,0,0,0,2,0,0,,,,,,,,,,,,,,,123,160,211,148,208,148,92,305,272,333,52,160
'350300,"Gelatin, whether or not in square or rectangular sheets, whether or not surface-worked or coloured, ...",0,0,0,0,0,0,0,0,0,0,0,0,,,,,,,,,,,,,,,704,530,1305,663,650,1185,265,495,639,798,1109,883
'392079,"Plates, sheets, film, foil and strip, of non-cellular cellulose derivatives, not reinforced, ...",0,0,0,0,0,0,0,0,0,0,0,0,,,,,,,,,,,,,,,22,25,53,44,32,34,0,4,10,14,24,14
'392590,"Building elements for the manufacture of floors, walls, partition walls, ceilings, roofs, etc., ...",0,2,0,45,0,2,0,2,11,0,0,0,,,,,,,,,,,,,,,767,1293,1057,795,1501,1007,737,1070,1231,952,1256,832
'390512,"Poly""vinyl acetate"", in aqueous dispersion",0,0,0,0,0,0,0,0,0,0,0,0,,,,,,,,,,,,,,,735,587,514,818,925,462,454,578,738,499,873,579
'382312,"Oleic acid, industrial",0,0,0,0,0,0,0,0,0,0,0,0,,,,,,,,,,,,,,,0,0,0,0,0,0,0,0,0,0,0,0
'382483,"Mixtures and preparations containing tris""2,3-dibromopropyl"" phosphate",0,0,0,0,0,0,0,0,0,0,0,0,,,,,,,,,,,,,,,0,1,1,0,0,0,0,0,0,0,0,0
'382765,"Mixtures containing other hydrofluorocarbons ""HFCs"" than in subheadings of 3827 till 3827.59, ...",0,0,0,0,0,0,0,0,0,0,0,0,,,,,,,,,,,,,,,0,0,0,0,0,6,0,0,0,0,0,0
'480439,"Kraft paper and paperboard, uncoated, in rolls of a width > 36 cm or in square or rectangular ...",31,11,31,0,60,0,25,87,26,14,21,0,,,,,,,,,,,,,,,763,1232,818,849,1117,449,910,1157,844,1137,1048,1089
'481490,"Wallpaper and similar wallcoverings of paper, and window transparencies of paper (excl. wallcoverings ...",8,0,0,0,4,0,4,0,0,0,0,0,,,,,,,,,,,,,,,37,12,19,46,20,7,12,20,17,9,27,6
'481820,"Handkerchiefs, cleansing or facial tissues and towels, of paper pulp, paper, cellulose wadding ...",0,1,50,0,0,0,0,0,2,6,0,0,,,,,,,,,,,,,,,1260,1562,1497,946,1432,1030,1335,1270,1282,1424,938,1274
'481830,"Tablecloths and serviettes of paper pulp, paper, cellulose wadding or webs of cellulose fibres",0,0,0,0,0,0,0,0,0,0,0,0,,,,,,,,,,,,,,,93,91,114,80,97,232,123,139,96,432,165,53
'482010,"Registers, account books, notebooks, order books, receipt books, letter pads, memorandum pads, ...",0,79,0,0,3,0,100,5,0,14,0,0,,,,,,,,,,,,,,,1340,1762,1556,1392,1456,1470,1324,1667,910,1208,1378,1140
'400610,"'Camel-back' strips of unvulcanised rubber, for retreading rubber tyres",0,0,0,0,0,0,0,0,0,0,0,0,,,,,,,,,,,,,,,0,0,0,0,0,0,0,0,0,0,0,0
'411420,Patent leather and patent laminated leather; metallised leather (excl. lacquered or metallised ...,0,0,0,0,0,0,0,0,0,0,0,0,,,,,,,,,,,,,,,211,56,156,51,146,240,16,119,136,287,267,251
'411520,"Parings and other waste of leather or of composition leather, not suitable for the manufacture ...",0,0,0,0,0,0,0,0,0,0,0,0,,,,,,,,,,,,,,,9,16,4,133,0,20,0,0,36,56,19,32
'440910,"Coniferous wood, incl. strips and friezes for parquet flooring, not assembled, continuously ...",0,0,0,0,0,0,0,0,0,0,0,0,,,,,,,,,,,,,,,0,0,0,0,0,34,0,0,0,0,0,0
'440929,"Wood, incl. strips and friezes for parquet flooring, not assembled, continuously shaped ""tongued, ...",0,0,0,0,0,0,0,0,0,0,0,0,,,,,,,,,,,,,,,0,0,7,97,55,1,0,0,86,0,0,34
'441012,"Oriented strand board ""OSB"", of wood",0,0,0,0,0,0,0,0,0,0,0,0,,,,,,,,,,,,,,,0,0,0,0,0,0,0,0,0,0,0,0
'441292,"Laminated wood with at least one outer ply of non-coniferous wood (excl. of bamboo, with an ...",0,0,0,0,0,1,0,0,0,0,0,0,,,,,,,,,,,,,,,10,67,149,39,45,51,11,146,79,166,94,66
'441899,"Builders' joinery and carpentry, of wood (excl. of bamboo, windows, French windows and their ...",0,0,0,0,0,0,0,0,0,0,0,0,,,,,,,,,,,,,,,24,43,0,76,42,16,0,2,4,0,21,18
'441919,"Tableware and kitchenware, of bamboo (excl. chopsticks, bread boards, chopping boards and similar ...",0,0,0,0,0,0,0,0,0,0,0,0,,,,,,,,,,,,,,,69,101,103,65,60,132,98,17,76,24,34,52
'442011,"Statuettes and other ornaments, of tropical wood (excl. wood marquetry and inlaid wood)",0,0,0,0,0,0,0,0,0,0,0,0,,,,,,,,,,,,,,,2,18,0,0,4,0,0,0,0,0,0,4
'450310,"Corks and stoppers of all types, of natural cork, incl. round-edged blanks",0,0,0,1,0,0,0,0,0,0,0,0,,,,,,,,,,,,,,,2,2,0,1,14,5,0,2,0,15,14,4
'460194,"Plaits and similar products of vegetable plaiting materials, whether or not assembled into ...",0,0,0,0,0,0,0,0,0,0,0,0,,,,,,,,,,,,,,,72,201,364,93,395,187,291,191,18,14,47,121
'460212,"Basketwork, wickerwork and other articles, made directly to shape from rattan plaiting materials ...",0,0,0,0,0,0,0,0,0,0,0,0,,,,,,,,,,,,,,,0,1,11,6,15,0,2,13,11,0,5,6
'460219,"Basketwork, wickerwork and other articles, made directly to shape from vegetable plaiting materials ...",0,0,0,0,0,0,0,0,0,0,0,0,,,,,,,,,,,,,,,29,48,182,85,195,166,160,129,74,62,38,95
'470610,Pulp of cotton linters,0,0,0,0,0,0,0,0,0,1,0,0,,,,,,,,,,,,,,,11,0,10,0,12,3,11,0,11,1,3,0
'401012,"Conveyor belts or belting, of vulcanised rubber, reinforced only with textile materials",0,9,8,0,0,0,0,0,0,34,0,0,,,,,,,,,,,,,,,1131,1464,2237,1777,2241,970,1339,946,1846,1534,1112,1923
'401033,"Endless transmission belts of trapezoidal cross-section ""V-belts"", of vulcanised rubber, V-ribbed, ...",0,0,0,0,0,0,0,0,0,0,0,0,,,,,,,,,,,,,,,6,24,22,12,8,22,0,5,13,24,45,12
'401170,"New pneumatic tyres, of rubber, of a kind used on agricultural or forestry vehicles and machines",0,0,0,0,0,0,0,0,0,0,0,0,,,,,,,,,,,,,,,430,357,445,261,295,270,250,328,458,402,564,553
'401190,"New pneumatic tyres, of rubber (excl. of a kind used on agricultural, forestry, construction, ...",0,0,0,0,0,8,0,0,0,0,0,0,,,,,,,,,,,,,,,4715,7681,5433,5436,4777,3814,4307,4558,4264,5128,5176,7044
'401220,Used pneumatic tyres of rubber,0,0,0,0,0,0,0,0,0,0,0,0,,,,,,,,,,,,,,,434,464,418,489,480,471,520,425,592,406,541,444
'401320,"Inner tubes, of rubber, of a kind used for bicycles",1,1,0,1,1,0,1,0,0,1,0,0,,,,,,,,,,,,,,,494,801,918,891,1303,742,898,664,633,407,272,401
'401390,"Inner tubes, of rubber (excl. those of a kind used on motor cars, incl. station wagons and ...",7,0,0,0,0,0,1,2,0,32,0,0,,,,,,,,,,,,,,,210,295,312,358,140,272,125,217,142,296,341,359
'401695,"Inflatable mattresses and cushions and other inflatable articles, of vulcanised rubber (excl. ...",0,2,5,5,0,2,0,6,27,0,3,0,,,,,,,,,,,,,,,39,68,59,97,34,45,15,75,86,47,30,41
'440121,Coniferous wood in chips or particles (excl. those of a kind used principally for dyeing or ...,0,0,0,0,0,0,0,0,0,0,0,0,,,,,,,,,,,,,,,0,0,0,0,0,0,0,0,0,0,0,0
'440131,Wood pellets,14,0,0,0,0,0,0,0,0,0,0,0,,,,,,,,,,,,,,,276,334,181,338,164,326,208,307,525,341,126,315
'440323,"Fir ""Abies spp."" and spruce ""Picea spp."" in the rough, of which the smallest cross-sectional ...",0,0,0,0,0,0,0,0,0,0,0,0,,,,,,,,,,,,,,,0,0,0,0,0,0,0,0,0,0,0,0
'440420,"Hoopwood; split poles; piles, pickets and stakes of wood, pointed but not sawn lengthwise; ...",0,0,0,0,0,0,0,0,0,0,0,0,,,,,,,,,,,,,,,0,0,0,0,0,0,0,0,0,2,0,0
'440714,"Hem-fir (Western hemlock ""Tsuga heterophylla"" and fir ""Abies spp."") sawn or chipped lengthwise, ...",0,0,0,0,0,0,0,0,0,0,0,0,,,,,,,,,,,,,,,0,0,0,0,0,0,0,0,0,0,0,0
'440729,"Tropical wood, sawn or chipped lengthwise, sliced or peeled, whether or not planed, sanded ...",0,0,0,0,0,0,0,0,0,0,0,0,,,,,,,,,,,,,,,62,45,61,5,136,0,117,24,90,103,0,62
'440791,"Oak ""Quercus spp."", sawn or chipped lengthwise, sliced or peeled, whether or not planed, sanded ...",0,0,0,0,0,0,0,0,0,0,0,0,,,,,,,,,,,,,,,0,14,0,0,0,5,0,0,17,0,14,0
'440799,"Wood, sawn or chipped lengthwise, sliced or peeled, whether or not planed, sanded or end-jointed, ...",0,0,0,0,0,0,11,0,0,0,0,0,,,,,,,,,,,,,,,50,161,34,38,120,20,155,101,5,61,0,53
'520941,"Plain woven fabrics of cotton, containing >= 85% cotton by weight and weighing > 200 g/m_, ...",0,46,24,0,15,0,0,0,0,0,0,0,,,,,,,,,,,,,,,46,46,24,2,43,0,0,0,0,0,0,0
'520952,"Woven fabrics of cotton, containing >= 85% cotton by weight and weighing > 200 g/m_, in three-thread ...",0,0,0,0,0,0,0,0,0,0,0,0,,,,,,,,,,,,,,,0,0,0,0,0,0,0,0,0,0,0,0
'470730,"Recovered ""waste and scrap"" paper or paperboard made mainly of mechanical pulp, e.g. newspapers, ...",0,0,0,0,0,0,0,0,0,0,0,0,,,,,,,,,,,,,,,0,6,0,28,41,24,33,30,45,6,7,24
'470790,"Recovered ""waste and scrap"" paper or paperboard, incl. unsorted waste and scrap (excl. waste ...",0,66,0,0,0,0,0,0,0,0,0,0,,,,,,,,,,,,,,,124,265,6,50,90,49,171,193,176,154,219,250
'490191,"Dictionaries and encyclopaedias, and serial instalments thereof",0,0,0,0,0,0,0,0,0,0,0,0,,,,,,,,,,,,,,,0,1,0,0,0,0,1,0,0,0,0,0
'540253,"Filament yarn of polypropylene, incl. monofilament of < 67 decitex, single, with a twist of ...",0,0,0,0,0,0,0,0,0,0,0,0,,,,,,,,,,,,,,,0,0,0,0,0,0,0,0,0,0,0,0
'540269,"Multiple ""folded"" or cabled synthetic filament yarn, incl. synthetic monofilament of < 67 decitex ...",117,3,67,33,53,34,50,51,8,15,18,0,,,,,,,,,,,,,,,122,26,169,37,88,45,79,87,68,72,80,188
'540339,"Artificial filament yarn, incl. artificial monofilament of < 67 decitex, single (excl. sewing ...",0,0,0,0,0,0,0,0,0,0,0,0,,,,,,,,,,,,,,,1521,1782,1254,1195,2050,1550,1383,1780,899,1908,1279,1864
'521212,"Woven fabrics of cotton, containing predominantly, but < 85% cotton by weight, other than those ...",2,0,0,2,0,0,0,0,0,0,0,0,,,,,,,,,,,,,,,2,0,0,2,0,0,0,0,0,0,0,0
'530121,"Flax, broken or scutched",0,0,0,0,0,0,0,0,0,0,0,0,,,,,,,,,,,,,,,0,0,0,0,0,0,0,0,0,0,0,0
'530610,Single flax yarn,0,0,0,0,0,0,0,0,0,0,0,0,,,,,,,,,,,,,,,0,0,0,0,0,0,0,0,0,0,0,0
'530620,"Multiple ""folded"" or cabled flax yarn",0,0,0,0,0,1,0,1,0,0,0,0,,,,,,,,,,,,,,,3,0,0,3,0,4,0,1,3,0,0,2
'531090,"Woven fabrics of jute or of other textile bast fibres of heading 5303, bleached, dyed, made ...",0,0,0,0,0,0,0,0,0,0,0,0,,,,,,,,,,,,,,,0,0,0,0,0,0,0,0,0,0,0,0
'531100,Woven fabrics of other vegetable textile fibres; woven fabrics of paper yarn (excl. those of ...,0,0,0,0,0,4,0,0,0,0,0,0,,,,,,,,,,,,,,,11,1,0,72,0,4,11,43,0,11,17,0
'500500,Yarn spun from silk waste (excl. that put up for retail sale),0,0,0,0,0,0,0,0,0,0,0,0,,,,,,,,,,,,,,,0,0,0,0,0,0,0,0,0,0,0,0
'500710,Woven fabrics of noil silk,0,0,0,0,0,0,0,0,0,0,0,0,,,,,,,,,,,,,,,0,0,0,0,1,0,0,0,0,0,0,0
'500720,Woven fabrics containing >= 85% silk or schappe by weight,0,0,0,0,0,0,0,0,0,0,0,0,,,,,,,,,,,,,,,0,0,0,0,0,4,1,2,11,0,0,1
'510130,"Carbonised wool, neither carded nor combed",0,0,0,0,0,0,0,0,0,0,0,0,,,,,,,,,,,,,,,0,0,0,0,0,0,0,0,0,0,0,0
'511119,Woven fabrics containing >= 85% carded wool or carded fine animal hair by weight and weighing ...,0,0,0,0,0,0,0,0,0,0,0,0,,,,,,,,,,,,,,,0,0,2,0,0,0,0,0,7,0,0,0
'511220,"Woven fabrics containing predominantly, but < 85% combed wool or combed fine animal hair by ...",0,0,19,0,0,0,0,0,0,0,0,0,,,,,,,,,,,,,,,0,6,19,0,0,0,1,0,23,0,0,9
'520420,"Cotton sewing thread, put up for retail sale",0,0,0,0,0,0,0,0,0,7,0,0,,,,,,,,,,,,,,,0,0,0,1,0,0,3,1,1,7,3,0
'520514,"Single cotton yarn, of uncombed fibres, containing >= 85% cotton by weight and with a linear ...",0,0,0,0,0,0,0,0,0,0,0,0,,,,,,,,,,,,,,,0,0,0,0,0,0,0,0,0,0,0,0
'520527,"Single cotton yarn, of combed fibres, containing >= 85% cotton by weight and with a linear ...",0,0,0,0,0,0,0,0,0,0,0,0,,,,,,,,,,,,,,,0,0,0,0,0,0,0,0,0,0,0,0
'520542,"Multiple ""folded"" or cabled cotton yarn, of combed fibres, containing >= 85% cotton by weight ...",0,0,0,0,0,0,0,0,0,0,0,0,,,,,,,,,,,,,,,0,0,0,0,0,10,0,0,0,0,0,0
'520547,"Multiple ""folded"" or cabled cotton yarn, of combed fibres, containing >= 85% cotton by weight ...",0,0,0,0,0,0,0,0,0,0,0,0,,,,,,,,,,,,,,,0,0,0,0,0,0,0,0,0,0,0,0
'520631,"Multiple ""folded"" or cabled cotton yarn containing predominantly, but < 85% cotton by weight, ...",0,0,0,0,23,77,0,30,0,0,0,0,,,,,,,,,,,,,,,0,0,11,0,23,77,0,30,0,0,0,0
'520710,"Cotton yarn containing >= 85% cotton by weight, put up for retail sale (excl. sewing thread)",0,0,0,0,0,0,0,0,0,0,0,0,,,,,,,,,,,,,,,0,0,0,0,0,0,0,0,0,0,0,26
'520823,"Woven fabrics of cotton, containing >= 85% cotton by weight and weighing <= 200 g/m_, in three-thread ...",0,0,0,0,0,0,0,0,0,0,0,0,,,,,,,,,,,,,,,14,0,81,0,0,0,63,0,0,0,0,0
'520843,"Woven fabrics of cotton, containing >= 85% cotton by weight and weighing <= 200 g/m_, in three-thread ...",0,0,0,0,0,0,0,0,0,0,0,0,,,,,,,,,,,,,,,0,0,0,0,0,0,0,0,0,0,0,0
'520912,"Woven fabrics of cotton, containing >= 85% cotton by weight and weighing > 200 g/m_, in three-thread ...",0,0,0,0,0,0,0,0,0,0,0,0,,,,,,,,,,,,,,,2,0,20,0,0,0,0,5,0,33,0,0
'520919,"Woven fabrics of cotton, containing >= 85% cotton by weight and weighing > 200 g/m_, unbleached ...",0,0,0,0,0,0,0,0,0,0,0,0,,,,,,,,,,,,,,,25,47,28,31,51,22,27,24,32,19,17,6
'520922,"Woven fabrics of cotton, containing >= 85% cotton by weight and weighing > 200 g/m_, in three-thread ...",0,0,0,0,0,0,0,1,0,0,0,0,,,,,,,,,,,,,,,0,0,10,2,0,0,0,1,5,0,0,0
'551611,"Woven fabrics containing >= 85% artificial staple fibres by weight, unbleached or bleached",0,0,0,0,0,0,0,0,0,0,0,0,,,,,,,,,,,,,,,0,0,0,0,0,0,0,0,0,0,0,0
'551614,"Woven fabrics containing >= 85% artificial staple fibres by weight, printed",0,0,0,0,0,0,0,0,0,0,0,0,,,,,,,,,,,,,,,0,0,28,0,0,12,0,0,0,0,0,0
'540771,"Woven fabrics of yarn containing >= 85% synthetic filament by weight, incl. monofilament of ...",0,0,0,0,0,2,0,0,0,0,0,0,,,,,,,,,,,,,,,52,84,29,0,0,45,4,33,54,36,74,127
'540234,Textured synthetic filament yarn of polypropylene (excl. sewing thread and yarn put up for ...,2,0,2,15,1,1,2,0,1,2,13,0,,,,,,,,,,,,,,,2,0,2,99,1,1,2,75,94,10,99,3
'540824,"Woven fabrics of yarn containing >= 85% artificial filament by weight, incl. monofilament of ...",0,84,33,68,35,0,0,0,0,34,0,0,,,,,,,,,,,,,,,0,84,33,68,198,0,0,0,12,34,0,0
'550111,"Filament tow as specified in Note 1 to chapter 55, of aramids",0,0,0,0,0,0,0,0,0,0,0,0,,,,,,,,,,,,,,,0,0,0,0,0,0,0,1,0,0,0,0
'550330,"Acrylic or modacrylic staple fibres, not carded, combed or otherwise processed for spinning",0,0,0,0,0,0,0,0,0,0,0,0,,,,,,,,,,,,,,,76,80,114,67,88,123,91,117,94,102,50,118
'550510,"Waste of synthetic staple fibres, incl. noils, yarn waste and garnetted stock",0,0,0,0,0,0,0,0,0,0,0,0,,,,,,,,,,,,,,,150,187,285,136,151,133,157,267,218,305,286,285
'550820,"Sewing thread of artificial staple fibres, whether or not put up for retail sale",0,0,0,0,0,0,0,0,0,0,0,0,,,,,,,,,,,,,,,0,0,0,0,1,2,0,2,2,0,0,4
'550952,"Yarn containing > 50% to < 85% polyester staple fibres by weight, mixed principally or solely ...",0,0,0,0,0,0,0,0,0,0,0,0,,,,,,,,,,,,,,,0,0,0,0,0,0,0,0,0,0,0,0
'550961,"Yarn containing predominantly, but < 85% acrylic or modacrylic staple fibres by weight, mixed ...",0,0,0,0,0,0,0,0,0,0,0,0,,,,,,,,,,,,,,,0,1,0,0,0,0,0,0,0,0,0,0
'551090,"Yarn containing predominantly, but < 85% artificial staple fibres by weight, other than that ...",0,0,0,0,0,0,0,0,0,0,0,0,,,,,,,,,,,,,,,0,0,8,49,0,35,0,0,0,0,0,8
'610220,"Women's or girls' overcoats, car coats, capes, cloaks, anoraks, incl. ski jackets, windcheaters, ...",0,0,0,0,0,0,0,0,0,0,0,0,,,,,,,,,,,,,,,8,92,20,6,1,21,2,47,17,9,12,18
'610230,"Women's or girls' overcoats, car coats, capes, cloaks, anoraks, incl. ski jackets, windcheaters, ...",0,0,0,0,0,0,0,0,0,0,0,0,,,,,,,,,,,,,,,23,292,72,113,34,68,54,110,122,54,124,35
'610439,"Women's or girls' jackets and blazers of textile materials, knitted or crocheted (excl. of ...",0,0,0,0,0,0,0,0,0,0,0,0,,,,,,,,,,,,,,,3,5,21,8,0,55,4,11,2,5,20,14
'610452,"Women's or girls' skirts and divided skirts of cotton, knitted or crocheted (excl. petticoats)",0,0,0,0,0,0,0,0,0,0,0,0,,,,,,,,,,,,,,,3,14,15,1,12,13,27,4,0,11,21,16
'610719,"Men's or boys' underpants and briefs of other textile materials, knitted or crocheted (excl. ...",0,0,0,0,0,0,0,0,0,0,0,0,,,,,,,,,,,,,,,0,0,0,0,1,5,2,0,0,2,0,0
'610791,"Men's or boys' bathrobes, dressing gowns and similar articles of cotton, knitted or crocheted",0,0,0,0,0,0,0,0,0,0,0,0,,,,,,,,,,,,,,,0,0,0,0,0,0,0,0,0,0,0,0
'610831,"Women's or girls' nightdresses and pyjamas of cotton, knitted or crocheted (excl. T-shirts, ...",0,0,0,0,0,0,0,0,0,0,0,0,,,,,,,,,,,,,,,1,0,0,0,0,0,0,0,0,0,0,0
'610832,"Women's or girls' nightdresses and pyjamas of man-made fibres, knitted or crocheted (excl. ...",0,0,0,0,0,0,0,0,0,0,0,0,,,,,,,,,,,,,,,0,2,0,4,3,0,0,0,3,0,2,4
'610899,"Women's or girls' nŽgligŽs, bathrobes, dressing gowns, housejackets and similar articles of ...",0,0,0,0,0,0,0,0,0,0,0,0,,,,,,,,,,,,,,,0,2,0,0,7,3,0,0,0,3,4,0
'610990,"T-shirts, singlets and other vests of textile materials, knitted or crocheted (excl. cotton)",0,0,0,0,0,3,12,0,0,18,0,0,,,,,,,,,,,,,,,779,1009,466,654,798,455,463,733,1182,1027,809,834
'611012,"Jerseys, pullovers, cardigans, waistcoats and similar articles, of hair of Kashmir ""cashmere"" ...",0,18,0,0,0,0,0,0,0,0,0,0,,,,,,,,,,,,,,,254,347,121,205,37,234,145,127,163,149,186,629
'611120,"Babies' garments and clothing accessories of cotton, knitted or crocheted (excl. hats)",0,0,0,0,0,0,0,0,0,0,0,0,,,,,,,,,,,,,,,2,36,4,17,27,20,1,40,15,5,2,34
'611211,"Track-suits of cotton, knitted or crocheted",0,0,0,0,0,0,0,0,0,0,0,0,,,,,,,,,,,,,,,6,3,0,0,1,1,0,0,3,2,0,4
'611220,"Ski-suits, knitted or crocheted",0,0,0,0,0,0,0,0,0,0,0,0,,,,,,,,,,,,,,,0,0,0,0,0,0,109,0,0,12,0,0
'611693,"Gloves, mittens and mitts, of synthetic fibres, knitted or crocheted (excl. impregnated, coated, ...",1,0,0,0,0,0,0,0,0,0,0,0,,,,,,,,,,,,,,,139,614,654,620,924,584,222,318,219,245,447,284
'620319,"Men's or boys' suits of textile materials (excl. of wool, fine animal hair or synthetic fibres, ...",0,0,0,0,0,0,0,0,0,0,0,0,,,,,,,,,,,,,,,20,2,0,4,0,0,38,2,0,5,2,0
'620331,"Men's or boys' jackets and blazers of wool or fine animal hair (excl. knitted or crocheted, ...",0,0,0,0,0,0,0,0,0,0,0,0,,,,,,,,,,,,,,,74,55,91,24,85,57,86,43,60,117,36,69
'620333,"Men's or boys' jackets and blazers of synthetic fibres (excl. knitted or crocheted, and wind-jackets ...",0,0,0,0,0,0,0,0,0,0,0,0,,,,,,,,,,,,,,,18,19,100,44,14,48,6,58,69,31,10,24
'620419,"Women's or girls' suits of textile materials (excl. of wool, fine animal hair, cotton or synthetic ...",0,0,0,0,0,0,0,0,0,0,0,0,,,,,,,,,,,,,,,0,0,0,0,0,0,0,5,0,2,24,0
'620439,"Women's or girls' jackets and blazers of textile materials (excl. of wool, fine animal hair, ...",0,0,0,0,0,0,0,0,0,0,0,0,,,,,,,,,,,,,,,62,63,122,60,52,59,71,73,76,65,74,52
'620441,Women's or girls' dresses of wool or fine animal hair (excl. knitted or crocheted and petticoats),0,0,0,0,0,0,0,0,0,0,0,0,,,,,,,,,,,,,,,44,43,100,16,41,104,40,48,20,38,67,47
'620443,Women's or girls' dresses of synthetic fibres (excl. knitted or crocheted and petticoats),0,0,0,0,1,0,1,0,0,0,0,0,,,,,,,,,,,,,,,316,456,337,210,431,312,219,317,237,258,157,156
'620719,Men's or boys' underpants and briefs of textile materials (excl. cotton and knitted or crocheted),0,0,0,0,0,0,0,0,0,0,0,0,,,,,,,,,,,,,,,0,0,1,3,0,0,2,0,0,0,4,0
'620729,"Men's or boys' nightshirts and pyjamas of textile materials (excl. of cotton or man-made fibres, ...",0,0,0,0,0,0,0,0,0,0,0,0,,,,,,,,,,,,,,,2,0,0,1,0,0,4,0,0,0,0,0
'620822,"Women's or girls' nightdresses and pyjamas of man-made fibres (excl. knitted or crocheted, ...",0,0,0,0,0,0,0,0,0,0,0,0,,,,,,,,,,,,,,,7,0,0,0,0,0,0,0,0,1,0,0
'620990,Babies' garments and clothing accessories of textile materials (excl. of cotton or synthetic ...,0,0,0,0,0,0,0,0,0,0,0,0,,,,,,,,,,,,,,,0,4,0,2,4,2,2,0,0,0,5,0
'621510,"Ties, bow ties and cravats of silk or silk waste (excl. knitted or crocheted)",0,0,0,0,0,0,0,0,0,0,0,0,,,,,,,,,,,,,,,2,31,1,6,3,4,2,18,4,22,1,3
'640192,"Waterproof footwear covering the ankle, but not the knee, with outer soles and uppers of rubber ...",0,0,0,0,0,0,0,0,0,0,0,0,,,,,,,,,,,,,,,12,17,0,7,3,3,7,3,0,12,31,1
'640199,"Waterproof footwear covering neither the ankle nor the knee, with outer soles and uppers of ...",0,0,0,0,0,0,0,1,0,0,0,0,,,,,,,,,,,,,,,0,0,0,53,38,0,15,2,0,0,0,1
'640212,"Ski-boots, cross-country ski footwear and snowboard boots, with outer soles and uppers of rubber ...",0,0,0,0,0,0,0,0,0,0,0,0,,,,,,,,,,,,,,,0,0,0,9,0,0,0,1,1,0,0,0
'640219,Sports footwear with outer soles and uppers of rubber or plastics (excl. waterproof footwear ...,4,0,0,0,0,0,0,0,0,0,5,0,,,,,,,,,,,,,,,266,651,132,646,172,377,535,175,61,300,45,84
'640399,"Footwear with outer soles of rubber, plastics or composition leather, with uppers of leather ...",2,9,0,0,1,0,0,0,0,0,0,0,,,,,,,,,,,,,,,1995,1102,1288,1197,1013,1815,1477,1571,909,1347,865,1257
'640520,"Footwear with uppers of textile materials (excl. with outer soles of rubber, plastics, leather ...",0,0,0,0,0,0,0,0,0,0,0,0,,,,,,,,,,,,,,,29,6,2,18,13,0,33,5,37,13,23,6
'640590,"Footwear with outer soles of rubber or plastics, with uppers other than rubber, plastics, leather ...",16,19,16,16,29,0,0,13,0,0,0,0,,,,,,,,,,,,,,,80,193,122,111,140,63,70,160,67,84,91,56
'591131,"Textile fabrics and felts, endless or fitted with linking devices, of a kind used in papermaking ...",0,0,0,0,0,0,0,0,1,0,0,0,,,,,,,,,,,,,,,0,0,0,0,2,0,0,0,1,7,22,10
'681140,"Articles of asbestos-cement, cellulose fibre-cement or the like, containing asbestos",0,0,0,0,0,0,0,0,0,0,0,0,,,,,,,,,,,,,,,0,1,5,0,0,0,0,0,2,0,2,0
'670490,"Wigs, false beards, eyebrows and eyelashes, switches and the like, of animal hair or textile ...",0,0,0,0,0,0,0,0,0,0,0,0,,,,,,,,,,,,,,,17,14,19,0,14,3,6,36,9,24,21,1
'680292,"Calcareous stone, in any form (excl. marble, travertine and alabaster, tiles, cubes and similar ...",0,0,3,0,0,0,0,0,3,0,3,0,,,,,,,,,,,,,,,0,0,3,4,0,21,0,0,3,24,3,0
'590490,"Floor coverings consisting of a coating or covering applied on a textile backing, whether or ...",0,0,0,0,0,0,0,0,0,0,0,0,,,,,,,,,,,,,,,68,110,116,66,80,63,67,125,28,65,63,71
'570250,"Carpets and other textile floor coverings, woven, not tufted or flocked, not of pile construction, ...",0,0,0,0,0,0,0,0,0,0,0,0,,,,,,,,,,,,,,,0,5,0,2,0,4,0,0,0,2,0,0
'570299,"Carpets and other floor coverings, of vegetable textile materials or coarse animal hair, woven, ...",0,0,0,0,0,0,0,0,0,0,0,0,,,,,,,,,,,,,,,0,0,0,0,5,0,0,0,0,0,0,0
'570500,"Carpets and other textile floor coverings, whether or not made up (excl. knotted, woven or ...",2,0,0,0,0,0,0,0,0,0,0,0,,,,,,,,,,,,,,,284,80,170,85,10,250,124,439,243,442,156,454
'580132,"Cut corduroy, of man-made fibres (excl. terry towelling and similar woven terry fabrics, tufted ...",0,0,0,0,0,0,0,0,0,0,0,0,,,,,,,,,,,,,,,0,0,0,0,0,0,0,0,0,0,0,0
'580640,"Narrow fabrics consisting of warp without weft assembled by means of an adhesive ""bolducs"", ...",0,0,0,0,0,0,0,0,0,0,0,0,,,,,,,,,,,,,,,0,0,3,0,0,5,2,3,0,4,2,0
'630110,Electric blankets of all types of textile materials,0,0,0,0,0,11,0,0,0,0,0,0,,,,,,,,,,,,,,,3,32,189,99,37,15,2,30,16,121,100,179
'630140,"Blankets and travelling rugs of synthetic fibres (excl. electric, table covers, bedspreads ...",0,0,0,0,0,0,0,0,0,0,0,0,,,,,,,,,,,,,,,28,67,24,503,112,16,11,11,39,106,14,45
'630232,"Bedlinen of man-made fibres (excl. printed, knitted or crocheted)",0,0,0,0,0,0,0,0,0,0,0,0,,,,,,,,,,,,,,,9,2,20,16,18,0,20,3,15,5,33,4
'630239,"Bedlinen of textile materials (excl. of cotton and man-made fibres, printed, knitted or crocheted)",0,0,0,0,0,0,0,0,0,0,1,0,,,,,,,,,,,,,,,37,13,25,27,17,17,7,47,12,21,1,47
'630253,Table linen of man-made fibres (excl. knitted or crocheted),0,0,0,0,0,0,0,0,0,0,0,0,,,,,,,,,,,,,,,264,209,199,325,424,271,210,143,363,173,123,99
'630312,"Curtains, incl. drapes, and interior blinds, curtain or bed valances of synthetic fibres, knitted ...",0,0,0,0,0,0,0,0,0,0,0,0,,,,,,,,,,,,,,,87,41,60,8,30,29,26,32,46,12,81,15
'630411,"Knitted or crocheted bedspreads (excl. bedlinen, quilts and eiderdowns)",0,0,0,0,0,0,0,0,0,0,0,0,,,,,,,,,,,,,,,0,10,0,0,10,0,0,0,0,19,0,3
'630492,"Articles for interior furnishing, of cotton (excl. knitted or crocheted, blankets and travelling ...",0,0,0,0,0,0,0,0,0,0,0,0,,,,,,,,,,,,,,,1,0,2,0,0,0,0,0,3,0,0,1
'761210,"Collapsible tubular containers, of aluminium",0,0,0,0,0,0,0,0,0,0,0,0,,,,,,,,,,,,,,,56,8,26,21,10,41,37,23,75,21,13,34
'810197,Tungsten waste and scrap (excl. ash and residues containing tungsten),0,0,0,0,0,0,0,0,0,0,0,0,,,,,,,,,,,,,,,40,1105,0,240,0,437,18,236,26,373,98,1252
'810330,Tantalum waste and scrap (excl. ash and residues containing tantalum),0,0,0,0,0,0,0,0,0,0,0,0,,,,,,,,,,,,,,,0,0,0,0,269,0,0,0,104,0,0,0
'810391,Tantalum crucibles,0,0,0,0,0,0,1,19,0,1,0,0,,,,,,,,,,,,,,,0,0,0,2,0,0,1,28,0,1,0,0
'810420,"Magnesium waste and scrap (excl. ash and residues containing magnesium, and raspings, turnings ...",0,0,0,0,0,0,0,0,0,0,0,0,,,,,,,,,,,,,,,461,573,104,327,375,402,261,397,255,708,371,571
'810610,"Bismuth and articles thereof incl. waste and scrap, containing > 99,99 % of bismuth by weight, ...",0,0,0,0,0,0,0,0,0,25,0,0,,,,,,,,,,,,,,,0,2,0,15,3,0,8,0,7,35,0,1
'810830,Titanium waste and scrap (excl. ash and residues containing titanium),0,0,0,0,0,0,0,0,0,0,0,0,,,,,,,,,,,,,,,645,257,370,71,195,265,436,288,583,103,136,218
'811010,Unwrought antimony; antimony powders,0,0,0,11,0,0,0,0,0,0,0,0,,,,,,,,,,,,,,,125,2,0,11,0,0,0,0,0,0,0,0
'811239,"Articles of hafnium, n.e.s.",0,0,0,0,0,0,0,0,0,0,0,0,,,,,,,,,,,,,,,0,72,0,0,0,0,43,39,0,0,0,2
'811269,"Cadmium and articles of cadmium, n.e.s.",0,0,0,0,0,0,0,0,0,0,0,0,,,,,,,,,,,,,,,0,0,0,0,0,0,0,0,0,0,0,0
'820190,"Scythes, sickles, hay knives, timber wedges and other hand tools of a kind used in agriculture, ...",2,4,0,0,135,0,0,0,0,0,0,0,,,,,,,,,,,,,,,2662,2343,2386,2257,1788,1491,2411,3243,3171,2669,3260,2221
'740620,"Copper powders, of lamellar structure, and flakes of copper (excl. grains of copper and spangles ...",0,0,0,2,0,0,0,0,0,0,0,0,,,,,,,,,,,,,,,0,0,0,2,0,0,0,0,0,0,0,0
'731412,"Endless bands of stainless steel wire, for machinery",9,0,0,0,0,0,0,0,0,26,0,0,,,,,,,,,,,,,,,9,27,0,13,0,0,0,21,0,42,0,4
'731811,Coach screws of iron or steel,0,2,0,0,0,0,0,0,0,0,0,0,,,,,,,,,,,,,,,462,529,389,455,299,304,250,229,274,256,323,333
'732112,"Appliances for baking, frying, grilling and cooking and plate warmers, for domestic use, of ...",0,0,0,0,0,0,0,0,0,0,0,0,,,,,,,,,,,,,,,11,55,98,63,133,82,48,36,155,37,26,76
'760511,"Wire of non-alloy aluminium, with a maximum cross-sectional dimension of > 7 mm (excl. stranded ...",9,0,6,3,0,6,0,0,0,0,0,0,,,,,,,,,,,,,,,52,42,9,92,53,33,6,44,4,59,36,2
'741810,"Table, kitchen or other household articles and parts thereof, and pot scourers and scouring ...",0,0,0,0,0,0,0,0,0,0,0,0,,,,,,,,,,,,,,,47,16,5,74,14,11,52,35,158,21,20,0
'741820,"Sanitary ware and parts thereof, of copper (excl. cans, boxes and similar containers of heading ...",0,0,0,110,0,0,0,0,175,16,0,0,,,,,,,,,,,,,,,8281,12357,12528,10231,10378,7935,8592,8902,8969,10340,9661,6826
'750720,"Tube or pipe fittings, of nickel",0,0,0,0,0,0,0,0,0,0,0,0,,,,,,,,,,,,,,,4,8,1,2,2,2,10,3,8,41,2,26
'730721,Flanges of stainless steel (excl. cast products),0,8,0,4,1,0,0,0,0,8,0,0,,,,,,,,,,,,,,,544,793,580,657,314,571,778,338,639,769,749,1006
'721931,"Flat-rolled products of stainless steel, of a width of >= 600 mm, not further worked than cold-rolled ...",0,0,0,21,52,0,0,0,0,0,26,0,,,,,,,,,,,,,,,538,382,289,248,295,221,192,342,199,352,383,203
'722592,"Flat-rolled products of alloy steel other than stainless, of a width of >= 600 mm, hot-rolled ...",0,0,0,0,0,0,3,0,21,0,2,0,,,,,,,,,,,,,,,403,512,218,307,226,158,368,231,270,226,15,366
'721410,"Bars and rods, of iron or non-alloy steel, not further worked than forged (excl. in irregularly ...",0,3,28,0,0,28,0,0,0,0,0,0,,,,,,,,,,,,,,,932,978,648,536,829,529,386,849,848,780,510,745
'721430,"Bars and rods, of non-alloy free-cutting steel, not further worked than hot-rolled, hot-drawn ...",0,0,0,0,0,0,0,0,0,0,0,0,,,,,,,,,,,,,,,409,587,376,538,484,283,659,760,365,432,205,466
'721621,"L sections of iron or non-alloy steel, not further worked than hot-rolled, hot-drawn or extruded, ...",12,10,0,4,0,0,20,0,0,6,0,0,,,,,,,,,,,,,,,12,10,0,7,0,0,36,0,0,6,0,0
'721661,"Angles, shapes and sections, of iron or non-alloy steel, from flat-rolled products simply cold-formed ...",0,0,0,0,0,0,0,0,0,0,0,0,,,,,,,,,,,,,,,0,25,0,0,2,0,0,0,0,18,30,18
'720610,"Ingots, of iron and non-alloy steel (excl. remelted scrap ingots, continuous cast products, ...",0,0,0,0,0,0,0,0,0,0,0,0,,,,,,,,,,,,,,,0,1,1,0,0,0,2,4,2,0,0,0
'720836,"Flat-rolled products of iron or non-alloy steel, of a width of >= 600 mm, in coils, simply ...",24,0,0,0,0,0,0,0,8,13,0,0,,,,,,,,,,,,,,,3909,2641,2434,712,915,1321,783,2320,6191,4344,1477,1140
'681320,"Friction material and articles thereof, e.g. sheets, rolls, strips, segments, discs, washers ...",0,0,0,0,0,9,0,0,0,0,0,0,,,,,,,,,,,,,,,58,16,16,15,47,20,18,309,9,13,24,6
'691200,"Tableware, kitchenware, other household articles and toilet articles, of ceramics other than ...",0,1,0,0,0,0,0,0,0,0,0,0,,,,,,,,,,,,,,,77,193,112,117,56,365,174,93,150,69,51,23
'700530,"Float glass and surface ground and polished glass, in sheets, whether or not having an absorbent, ...",0,0,0,0,0,0,0,0,0,0,0,0,,,,,,,,,,,,,,,0,0,0,0,0,0,0,0,0,0,0,0
'700721,"Laminated safety glass, of size and shape suitable for incorporation in motor vehicles, aircraft, ...",0,0,0,0,0,0,0,0,0,0,0,0,,,,,,,,,,,,,,,80,96,188,81,115,19,76,103,101,47,78,36
'701391,"Glassware, of lead crystal, of a kind used for toilet, office, indoor decoration or similar ...",0,0,0,0,0,0,0,0,0,0,0,0,,,,,,,,,,,,,,,0,19,41,12,7,26,18,12,4,5,0,3
'701790,"Laboratory, hygienic or pharmaceutical glassware, whether or not graduated or calibrated (excl. ...",0,0,3,0,0,3,0,0,0,0,0,0,,,,,,,,,,,,,,,85,38,8,11,42,31,71,31,36,21,3,4
'701890,"Glass eyes (excl. prosthetic articles); articles of glass beads, or of imitation pearls, imitation ...",0,0,0,0,0,0,0,0,0,0,0,0,,,,,,,,,,,,,,,6,0,10,0,0,8,0,0,6,3,12,0
'701914,Mechanically bonded mats of glass fibres,0,0,0,0,0,0,0,0,0,0,0,0,,,,,,,,,,,,,,,35,2,30,0,0,2,64,0,0,31,21,0
'711029,Palladium in semi-manufactured forms,0,0,0,0,0,0,0,0,0,0,0,0,,,,,,,,,,,,,,,137,912,49,2851,288,398,4037,1726,1203,1214,1450,327
'711049,"Iridium, osmium and ruthenium, in semi-manufactured forms",0,0,0,0,0,0,0,0,0,0,0,0,,,,,,,,,,,,,,,19460,20601,21589,21554,21490,30248,32416,34923,34066,37455,32295,60438
'711311,"Articles of jewellery and parts thereof, of silver, whether or not plated or clad with other ...",0,0,0,0,0,0,0,0,0,11,0,0,,,,,,,,,,,,,,,1580,2624,887,2414,1981,2490,2040,2306,1726,1965,861,1434
'711620,"Articles of precious or semi-precious stones ""natural, synthetic or reconstructed"", n.e.s.",0,0,0,1,0,0,4,0,0,0,0,0,,,,,,,,,,,,,,,397,633,766,652,504,470,527,645,668,497,233,498
'711810,"Coin (excl. legal tender, gold coins, medals, jewellery made from coins, collectors' items ...",0,0,0,0,0,0,0,0,0,0,0,0,,,,,,,,,,,,,,,0,0,0,0,0,43,0,0,0,0,10,13
'830910,Crown corks of base metal,0,0,0,0,0,0,0,0,0,0,0,0,,,,,,,,,,,,,,,0,6,0,3,0,0,7,0,0,3,4,3
'840219,"Vapour generating boilers, incl. hybrid boilers (excl. central heating hot water boilers capable ...",27,0,0,0,0,0,0,306,16,0,0,0,,,,,,,,,,,,,,,479,275,139,163,140,9,5,384,287,264,50,24
'840510,"Producer gas or water gas generators, with or without their purifiers; acetylene gas generators ...",0,0,0,0,0,7,0,0,0,0,0,0,,,,,,,,,,,,,,,69,115,53,62,124,310,2,8,89,9,96,3
'840710,"Spark-ignition reciprocating or rotary internal combustion piston engine, for aircraft",0,0,0,0,0,0,0,0,0,0,0,0,,,,,,,,,,,,,,,0,0,92,30,0,28,0,223,111,76,50,0
'840810,"Compression-ignition internal combustion piston engine ""diesel or semi-diesel engine"", for ...",0,0,0,0,0,0,0,0,0,0,0,0,,,,,,,,,,,,,,,0,221,483,547,10,52,0,376,90,0,0,58
'841112,Turbojets of a thrust > 25 kN,0,0,0,0,0,0,0,0,0,0,0,0,,,,,,,,,,,,,,,24826,6603,18019,11643,29374,9067,9792,3096,29864,19849,0,6285
'841340,Concrete pumps,0,0,0,0,0,0,0,0,0,0,0,0,,,,,,,,,,,,,,,1,0,0,0,0,0,0,0,0,0,0,15
'841520,"Air conditioning machines of a kind used for persons, in motor vehicles",0,0,0,0,0,0,0,0,0,0,0,0,,,,,,,,,,,,,,,37,134,6,101,55,134,0,0,30,0,5,2
'842111,Centrifugal cream separators,0,0,0,0,0,0,0,0,0,0,0,0,,,,,,,,,,,,,,,0,0,0,0,0,0,0,0,0,0,0,0
'821490,"Hair clippers, butchers' or kitchen cleavers and other articles of cutlery of base metal, n.e.s.",0,0,24,4,0,0,0,0,0,1,16,0,,,,,,,,,,,,,,,1049,1060,655,996,888,808,754,762,717,606,1065,317
'844317,Gravure printing machinery,0,0,0,0,0,0,0,0,0,0,0,0,,,,,,,,,,,,,,,0,1126,0,21,0,1453,0,0,0,227,2187,0
'844512,Combing machines for preparing textile fibres,0,0,0,0,0,0,0,0,0,0,0,0,,,,,,,,,,,,,,,0,0,0,0,43,0,0,0,539,0,0,0
'844630,"Weaving machines for weaving fabrics of a width > 30 cm, shuttleless type",0,20,0,0,0,0,0,412,0,0,0,0,,,,,,,,,,,,,,,198,154,154,5,0,112,0,835,245,153,705,363
'843142,"Bulldozer or angledozer blades, n.e.s.",0,0,0,0,0,0,0,0,0,0,0,0,,,,,,,,,,,,,,,4,0,0,0,0,0,47,0,0,0,0,0
'843239,"Seeders, planters and transplanters (excl. no-till machines)",0,0,0,0,0,0,0,0,0,0,0,0,,,,,,,,,,,,,,,0,0,0,16,5,0,0,0,4,0,0,0
'843280,"Agricultural, horticultural or forestry machinery for soil preparation or cultivation; lawn ...",0,0,0,0,0,0,0,0,0,70,0,0,,,,,,,,,,,,,,,2,114,34,68,121,5,46,231,85,94,43,34
'843319,"Mowers for lawns, parks or sports grounds, powered, with the cutting device rotating in a vertical ...",0,0,0,0,0,0,0,0,0,0,0,0,,,,,,,,,,,,,,,85,73,102,125,144,70,19,82,7,84,162,102
'842382,Weighing machinery of a maximum weighing capacity > 30 kg but <= 5.000 kg (excl. personal weighing ...,0,4,0,1,234,0,3,0,0,0,15,0,,,,,,,,,,,,,,,1009,1381,1097,668,600,879,326,624,1116,913,1092,1007
'842410,"Fire extinguishers, whether or not charged",21,0,0,0,0,0,0,0,0,0,0,0,,,,,,,,,,,,,,,133,100,2,11,41,0,11,69,7,26,32,58
'842930,Self-propelled scrapers,0,0,0,0,0,0,0,0,0,0,0,0,,,,,,,,,,,,,,,0,0,0,0,0,0,0,0,0,26,0,0
'842449,Agricultural or horticultural sprayers (excl. portable),0,0,0,0,0,0,0,0,0,0,0,0,,,,,,,,,,,,,,,825,469,402,268,470,4,650,304,478,260,423,477
'842630,Portal or pedestal jib cranes,0,0,0,0,0,0,0,0,4,0,0,0,,,,,,,,,,,,,,,91,136,30,83,0,20,0,0,4,0,0,44
'842641,"Mobile cranes and works trucks fitted with a crane, self-propelled, on tyres (excl. wheel-mounted ...",0,0,0,0,0,0,0,0,0,0,0,0,,,,,,,,,,,,,,,0,0,0,0,0,0,0,0,0,0,0,0
'847629,"Automatic beverage-vending machines, without heating or refrigerating devices",0,0,0,0,0,0,0,0,0,0,0,0,,,,,,,,,,,,,,,0,0,0,0,0,8,0,0,0,0,0,0
'847050,Cash registers incorporating a calculating device,0,2,16,0,10,13,10,4,71,3,0,0,,,,,,,,,,,,,,,17721,23964,23202,22076,22860,25749,18277,18289,18556,21976,17233,13010
'846226,"Numerically controlled bending, folding, straightening or flattening machines for flat products ...",0,71,0,0,0,0,0,141,43,0,0,0,,,,,,,,,,,,,,,1336,386,1407,2056,981,1038,856,718,605,1273,691,971
'846242,"Punching, notching or nibbling machines for flat products incl. combined punching and shearing ...",0,0,0,0,145,0,0,38,7,0,0,0,,,,,,,,,,,,,,,0,0,269,137,145,78,0,38,203,80,101,0
'846024,"Grinding machines for finishing metal, numerically controlled (excl. flat-surface, cylindrical ...",0,76,0,20,0,0,0,0,5,60,0,0,,,,,,,,,,,,,,,5364,2555,2372,6920,6486,4506,538,1203,1337,4816,1589,1665
'845020,"Laundry-type washing machines, of a dry linen capacity > 10 kg",0,0,0,0,0,0,0,0,0,0,0,0,,,,,,,,,,,,,,,0,3,24,6,1,73,0,0,1,114,54,0
'845090,"Parts of household or laundry-type washing machines, n.e.s.",4,0,0,0,0,0,0,0,0,0,0,0,,,,,,,,,,,,,,,34,142,69,62,60,55,48,74,40,80,81,50
'845110,Dry-cleaning machines for made-up textile articles,0,0,0,0,0,0,0,0,0,0,0,0,,,,,,,,,,,,,,,0,5,0,0,0,0,0,0,0,0,0,0
'940529,"Electric table, desk, bedside or floor-standing luminaires (excl. those solely for light-emitting ...",0,0,0,0,0,3,0,2,0,0,0,0,,,,,,,,,,,,,,,100,57,200,78,224,287,159,226,76,159,272,184
'960850,"Sets of articles from two or more of the following: ball-point pens, felt or fibre-tipped pens ...",0,0,0,0,0,0,0,0,0,0,0,0,,,,,,,,,,,,,,,113,55,72,48,47,81,51,26,80,39,56,83
'960920,"Pencil leads, black or coloured",0,0,0,0,0,0,0,1,0,0,0,0,,,,,,,,,,,,,,,125,52,97,12,68,21,21,111,49,31,4,112
'961320,"Pocket lighters, gas fuelled, refillable",0,0,0,0,0,0,0,0,0,0,0,0,,,,,,,,,,,,,,,0,3,3,14,0,2,3,0,92,13,0,2
'961590,"Hairpins, curling pins, curling grips, hair-curlers and the like, and parts thereof, n.e.s. ...",0,0,0,0,0,0,0,0,0,0,0,0,,,,,,,,,,,,,,,60,64,50,77,66,48,51,51,114,100,18,26
'961800,"Tailors' dummies and other lay figures, automata and other animated displays used for shop ...",0,0,0,0,0,0,0,0,0,0,0,0,,,,,,,,,,,,,,,132,318,133,113,158,82,112,168,252,52,121,147
'970191,"Paintings, e.g. oil paintings, watercolours and pastels, and drawings executed entirely by ...",3,0,0,0,0,0,0,0,0,0,0,0,,,,,,,,,,,,,,,347,203,512,600,610,421,506,342,217,272,150,703
'970290,"Original engravings, prints and lithographs (excl. over 100 years old)",0,0,0,0,0,0,0,0,0,0,0,0,,,,,,,,,,,,,,,16,9,37,0,0,0,10,0,19,0,7,0
'970510,"Collections and collectorsÕ pieces of archaeological, ethnographic or historical interest",0,0,0,0,0,0,0,0,0,0,0,0,,,,,,,,,,,,,,,0,0,0,0,0,0,0,0,0,0,0,0
'970539,Collections and collectorsÕ pieces of numismatic interest (excl. over 100 years old),0,0,0,0,0,0,0,0,0,0,0,0,,,,,,,,,,,,,,,0,0,0,0,0,0,0,0,0,0,0,0
'970610,"Antiques, over 250 years old",0,0,0,0,0,0,0,0,0,0,0,0,,,,,,,,,,,,,,,0,0,0,0,0,0,0,0,0,0,0,0
'930310,"Muzzle-loading firearms, neither designed nor suitable for projecting cartridges",0,0,0,0,0,0,0,0,0,0,0,0,,,,,,,,,,,,,,,0,0,0,0,0,0,0,0,0,0,0,0
'930510,"Parts and accessories for revolvers or pistols, n.e.s.",0,0,0,0,0,0,0,0,0,0,0,0,,,,,,,,,,,,,,,996,1223,920,811,1039,625,818,799,592,943,983,663
'930700,"Swords, cutlasses, bayonets, lances and similar arms and parts thereof, and scabbards and sheaths ...",0,0,0,0,0,0,0,0,0,0,0,0,,,,,,,,,,,,,,,226,210,589,243,236,297,123,106,197,162,170,134
'940141,"Seats, convertible into beds, of wood (excl. garden seats and camping equipment, and medical, ...",0,0,0,0,0,0,0,0,0,0,0,0,,,,,,,,,,,,,,,0,4,0,0,0,0,0,0,0,0,0,0
'940169,"Seats, with wooden frames (excl. upholstered)",0,0,0,0,0,0,0,0,0,0,0,0,,,,,,,,,,,,,,,141,205,124,230,39,29,287,140,419,241,159,193
'950450,Video game consoles and machines (excl. operated by any means of payment),0,0,28,0,0,0,0,0,0,0,0,0,,,,,,,,,,,,,,,3154,749,920,1510,1816,884,2786,2048,3163,3016,4822,1423
'950629,"Water-skis, surfboards and other water-sport equipment (other than sailboards)",2,0,0,3,4,0,0,2,0,1,3,0,,,,,,,,,,,,,,,5825,5248,5423,4476,4559,3671,3584,3494,5693,6354,5144,6138
'950640,Articles and equipment for table-tennis,0,0,0,3,0,0,0,0,0,0,0,0,,,,,,,,,,,,,,,4,39,142,38,20,14,5,20,19,2,49,2
'950651,"Tennis rackets, whether or not strung (excl. table-tennis bats)",0,0,0,0,0,0,0,0,0,0,0,0,,,,,,,,,,,,,,,19,3,18,0,0,0,0,25,0,2,0,0
'950810,Travelling circuses and travelling menageries,0,0,0,0,0,0,0,0,0,0,0,0,,,,,,,,,,,,,,,0,0,0,0,0,0,0,0,0,0,0,0
'950830,Fairground amusements,0,0,0,0,0,0,0,0,0,0,0,0,,,,,,,,,,,,,,,47,0,0,0,0,0,0,0,0,0,0,18
'960190,"Worked bone, tortoiseshell, horn, antlers, coral, mother-of-pearl and other animal carving ...",0,0,0,0,0,0,0,0,0,0,0,0,,,,,,,,,,,,,,,500,107,93,66,73,41,163,341,533,193,318,68
'851718,Telephone sets (excl. line telephone sets with cordless handsets and telephones for cellular ...,0,28,0,15,0,6,0,0,0,0,0,0,,,,,,,,,,,,,,,399,2501,1793,1640,1906,1355,809,1181,977,712,1105,581
'851920,"Sound recording or sound reproducing apparatus, operated by coins, banknotes, bank cards, tokens ...",0,0,0,0,0,0,0,0,0,0,0,0,,,,,,,,,,,,,,,0,0,0,0,0,0,0,0,0,0,0,0
'852110,"Magnetic tape-type video recording or reproducing apparatus, whether or not incorporating a ...",0,0,0,0,0,0,0,0,0,0,0,0,,,,,,,,,,,,,,,0,0,0,0,0,0,0,0,0,0,0,0
'852321,Cards incorporating a magnetic stripe for the recording of sound or of other phenomena,0,0,0,5,0,0,0,0,0,0,0,0,,,,,,,,,,,,,,,50,78,98,73,113,38,138,162,68,143,73,50
'851621,"Electric storage heating radiators, for space-heating",0,0,0,0,0,0,0,0,0,0,0,0,,,,,,,,,,,,,,,0,0,0,0,0,17,0,0,0,0,0,0
'851633,Electric hand-drying apparatus,0,0,0,0,0,0,0,0,0,0,0,0,,,,,,,,,,,,,,,754,640,1027,835,1099,1090,625,808,925,1261,1164,603
'851640,Electric smoothing irons,0,0,0,0,5,0,0,0,0,0,0,0,,,,,,,,,,,,,,,18,14,2,17,14,35,15,2,12,8,11,26
'850171,"Photovoltaic DC generators, of an output <= 50 W",0,0,0,0,0,0,0,0,0,0,0,0,,,,,,,,,,,,,,,62,56,23,39,22,0,77,0,55,39,0,70
'850212,"Generating sets with compression-ignition internal combustion piston engine ""diesel or semi-diesel ...",0,2,0,2,0,0,0,0,0,0,0,0,,,,,,,,,,,,,,,54,68,0,2,0,6,34,0,21,0,0,0
'850240,Electric rotary converters,0,0,0,0,0,0,0,0,0,0,0,0,,,,,,,,,,,,,,,0,0,0,0,0,2,0,0,0,0,0,0
'850421,"Liquid dielectric transformers, having a power handling capacity <= 650 kVA",0,0,0,0,0,0,0,0,0,0,0,0,,,,,,,,,,,,,,,4183,4379,65,86,366,4667,1964,1796,6501,5782,354,2062
'854929,"Electrical and electronic waste and scrap, of a kind used principally for the recovery of precious ...",0,0,0,0,0,0,0,0,0,0,0,0,,,,,,,,,,,,,,,0,0,0,0,0,0,0,0,0,266,551,10
'860210,Diesel-electric locomotives,0,0,0,0,0,0,0,0,0,0,0,0,,,,,,,,,,,,,,,0,0,0,0,0,0,0,0,0,0,0,0
'860390,"Self-propelled railway or tramway coaches, vans and trucks (excl. those powered from an external ...",0,0,0,0,0,0,0,0,0,0,0,0,,,,,,,,,,,,,,,0,0,0,0,0,0,0,0,0,0,0,0
'860699,Railway or tramway goods vans and wagons (excl. those specially designed for the transport ...,0,0,0,0,0,0,0,0,0,0,0,0,,,,,,,,,,,,,,,0,0,0,0,0,0,0,0,0,0,0,0
'860711,Driving bogies and bissel-bogies for railway or tramway locomotives or rolling stock,0,0,0,0,0,0,0,0,0,0,0,0,,,,,,,,,,,,,,,0,0,0,0,0,0,0,0,0,0,0,0
'860712,Bogies and driving bissel-bogies for railway or tramway locomotives or rolling stock (excl. ...,0,0,0,0,0,0,0,0,0,0,0,0,,,,,,,,,,,,,,,0,0,547,0,0,0,0,15,0,0,0,0
'870194,"Tractors, of an engine power > 75 kW but <= 130 kW (excl. those of heading 8709, pedestrian-controlled ...",0,13,0,7,4,0,0,0,0,0,0,0,,,,,,,,,,,,,,,0,13,0,7,4,0,0,0,0,0,0,0
'870195,"Tractors, of an engine power > 130 kW (excl. those of heading 8709, pedestrian-controlled tractors, ...",0,1,0,2,2,0,0,0,0,0,0,0,,,,,,,,,,,,,,,0,1,0,2,25,0,0,15,0,0,0,23
'870321,Motor cars and other motor vehicles principally designed for the transport of ...,0,0,0,0,0,0,0,0,0,0,0,0,,,,,,,,,,,,,,,11937,17213,15650,16692,10203,10250,11430,10734,16416,10900,15975,19516
'870333,Motor cars and other motor vehicles principally designed for the transport of ...,0,0,0,0,0,0,0,0,0,0,0,0,,,,,,,,,,,,,,,9,9,7,5,11,17,4,2,10,13,10,22
'870380,Motor cars and other motor vehicles principally designed for the transport of ...,0,0,0,0,0,0,0,0,0,0,0,0,,,,,,,,,,,,,,,0,51,163,265,343,6,13,9,40,53,0,23
'870432,"Motor vehicles for the transport of goods, with only spark-ignition internal combustion piston ...",0,0,0,0,0,0,0,0,0,0,0,0,,,,,,,,,,,,,,,0,0,0,0,0,0,2,0,1,0,0,0
'870490,"Motor vehicles for the transport of goods, with engines other than internal combustion piston ...",0,0,0,0,0,0,0,0,0,0,0,0,,,,,,,,,,,,,,,639,1532,149,787,743,251,201,253,1190,434,482,945
'870510,Crane lorries (excl. breakdown lorries),0,0,0,0,0,0,0,0,0,0,0,0,,,,,,,,,,,,,,,2,0,4,0,0,0,9,0,0,2,53,20
'870600,"Chassis fitted with engines, for tractors, motor vehicles for the transport of ten or more ...",0,0,0,0,0,0,0,0,0,0,0,0,,,,,,,,,,,,,,,0,0,0,497,0,0,0,0,0,0,0,0
'870790,"Bodies for tractors, motor vehicles for the transport of ten or more persons, motor vehicles ...",0,0,0,0,0,0,0,0,4,0,0,0,,,,,,,,,,,,,,,1,1,201,4,18,6,3,21,13,18,163,10
'901820,"Ultraviolet or infra-red ray apparatus used in medical, surgical, dental or veterinary sciences",0,0,0,5,0,0,0,0,0,0,0,0,,,,,,,,,,,,,,,217,102,39,35,24,19,83,56,49,17,26,31
'902720,Chromatographs and electrophoresis instruments,14,0,0,8,0,0,0,0,0,0,0,0,,,,,,,,,,,,,,,592,342,333,237,509,404,278,313,706,1185,331,377
'902121,Artificial teeth,0,0,0,0,0,0,0,0,0,0,0,0,,,,,,,,,,,,,,,0,0,0,48,0,0,0,0,0,0,0,0
'903220,"Manostats (excl. taps, cocks and valves of heading 8481)",0,0,0,0,0,0,0,3,0,0,0,0,,,,,,,,,,,,,,,26,58,64,92,143,25,49,52,61,42,47,69
'910199,"Pocket-watches and the like, incl. stop-watches, of precious metal or of metal clad with precious ...",0,0,0,0,0,0,0,0,0,0,0,0,,,,,,,,,,,,,,,0,2,2,7,2,2,0,0,0,0,5,1
'910221,"Wrist-watches, whether or not incorporating a stop-watch facility, with automatic winding (excl. ...",24,0,0,0,0,0,0,0,0,0,0,0,,,,,,,,,,,,,,,826,746,1180,1199,1503,1077,526,864,800,617,725,1621
'910291,"Pocket-watches and the like, incl. stop-watches, electrically operated (excl. of precious metal ...",0,0,0,0,0,0,0,0,0,0,0,0,,,,,,,,,,,,,,,6,2,0,1,3,6,0,3,27,1,0,0
'910310,"Clocks with watch movements, electrically operated (excl. wrist-watches, pocket-watches and ...",0,0,0,0,0,0,0,0,0,0,0,0,,,,,,,,,,,,,,,0,4,0,2,3,0,0,3,0,0,4,0
'910519,Alarm clocks (excl. electrically operated),0,0,0,0,0,0,0,0,0,0,0,0,,,,,,,,,,,,,,,0,18,19,8,4,6,0,3,21,3,0,0
'910700,Time switches with clock or watch movement or with synchronous motor,0,0,0,1,0,0,0,0,0,0,0,0,,,,,,,,,,,,,,,398,202,372,109,195,196,250,186,222,229,147,231
'910990,"Clock movements, complete and assembled (excl. electrically operated and watch movements)",0,0,0,0,0,0,0,0,0,0,0,0,,,,,,,,,,,,,,,0,2,0,0,0,0,0,2,0,0,2,0
'911180,"Cases for wrist-watches, pocket-watches and other watches of heading 9101 or 9102, of materials ...",0,0,0,0,0,0,0,0,0,0,0,0,,,,,,,,,,,,,,,50,91,104,86,150,164,142,127,84,112,64,129
'920210,Violins and other string instruments,0,0,0,0,0,0,0,0,0,0,0,0,,,,,,,,,,,,,,,17,19,77,18,4,5,56,3,0,0,2,6
'920600,"Percussion musical instruments, e.g. drums, xylophones, cymbals, castanets, maracas",0,0,0,0,0,10,14,0,12,0,0,0,,,,,,,,,,,,,,,2393,2464,2510,2374,1418,2114,2319,2112,2191,1685,1925,1384
'900792,"Parts and accessories for cinematographic projectors, n.e.s.",0,0,0,0,0,0,0,0,0,0,0,0,,,,,,,,,,,,,,,0,0,0,0,0,5,5,73,78,0,0,0
'900850,"Image projectors, and photographic enlargers and reducers (excl. cinematographic and parts)",0,0,0,0,0,0,0,0,0,0,0,0,,,,,,,,,,,,,,,2,6,0,0,2,0,0,0,3,0,1,0
'901120,"Optical microscopes, for photomicrography, cinephotomicrography or microprojection (excl. stereoscopic ...",5,0,0,0,0,0,0,0,0,0,0,0,,,,,,,,,,,,,,,290,15,25,28,0,15,71,18,275,13,0,194
'901540,Photogrammetrical surveying instruments and appliances,0,0,0,0,0,0,0,0,0,0,0,0,,,,,,,,,,,,,,,63,6,0,7,352,13,5,213,11,4,0,0
'901814,Scintigraphic apparatus,0,0,0,0,0,0,0,0,0,0,0,0,,,,,,,,,,,,,,,0,0,6,0,0,0,0,0,0,0,30,8
'871110,"Motorcycles, incl. mopeds, with reciprocating internal combustion piston engine of a cylinder ...",0,0,0,0,0,0,0,0,0,0,0,0,,,,,,,,,,,,,,,2209,3491,2374,0,0,0,1,0,0,0,0,110
'871140,"Motorcycles, incl. mopeds, with reciprocating internal combustion piston engine of a cylinder ...",0,0,0,0,0,0,0,0,0,0,0,0,,,,,,,,,,,,,,,411,3254,1627,237,872,2307,2595,2989,424,2001,2990,3915
'880400,"Parachutes, incl. dirigible parachutes and paragliders, and rotochutes; parts thereof and accessories ...",0,0,0,0,0,0,0,0,0,0,0,0,,,,,,,,,,,,,,,0,0,0,0,0,25,0,1064,0,0,0,0
'890120,Tankers,0,0,0,0,0,0,0,0,0,0,0,0,,,,,,,,,,,,,,,0,0,0,0,0,7536,0,0,0,0,0,0
'900580,"Monoculars, astronomical and other optical telescopes and other astronomical instruments (excl. ...",0,0,0,2,0,0,0,0,0,0,0,0,,,,,,,,,,,,,,,638,449,824,453,381,706,547,559,663,553,298,548
'900669,Photographic flashlights and flashlight apparatus (excl. with electronic discharge lamps),0,0,0,0,0,0,0,0,0,0,0,0,,,,,,,,,,,,,,,127,86,124,284,253,166,195,111,483,106,83,171
'854020,Television camera tubes; image converters and intensifiers; other photo cathode tubes (excl. ...,0,0,0,0,0,0,0,0,0,0,0,0,,,,,,,,,,,,,,,28,141,171,6,5,9,1016,3,5,17,19,37
'854040,"Data/graphic display tubes, monochrome; data/graphic display tubes, colour, with a phosphor ...",0,0,0,0,0,0,0,0,0,0,0,0,,,,,,,,,,,,,,,1,0,0,0,0,0,4,3,0,0,34,5
'854079,"Microwave tubes, e.g. travelling wave tubes and carcinotrons (excl. magnetrons and grid-controlled ...",0,0,0,0,0,0,0,0,0,0,0,0,,,,,,,,,,,,,,,0,0,0,0,0,0,0,0,0,0,0,0
'854091,"Parts of cathode ray tubes, n.e.s.",0,0,0,0,0,0,0,0,0,0,0,0,,,,,,,,,,,,,,,437,720,12,10,4,0,6,9,0,14,6,5
'854142,Photovoltaic cells not assembled in modules or made up into panels,0,0,0,0,0,0,0,0,0,0,12,0,,,,,,,,,,,,,,,2614,2654,3459,4271,3536,2320,573,6490,3301,9745,3626,7353
'852380,"Media for the recording of sound or of other phenomena, whether or not recorded, incl. matrices ...",0,0,0,0,4,4,0,0,0,0,0,0,,,,,,,,,,,,,,,54,76,29,89,86,79,42,80,266,238,82,103
'852872,"Reception apparatus for television, colour, whether or not incorporating radio-broadcast receivers ...",0,0,0,0,60,0,0,0,0,0,0,0,,,,,,,,,,,,,,,8826,7751,10280,15533,13285,16691,13747,11393,3002,21,1141,29
'853290,"Parts of electrical ""pre-set"" capacitors, fixed, variable or adjustable, n.e.s.",0,19,5,96,0,4,0,6,0,0,0,0,,,,,,,,,,,,,,,248,329,410,461,217,133,60,380,100,182,177,177
'853331,"Wirewound variable electrical resistors, incl. rheostats and potentiometers, for a power handling ...",0,0,0,0,0,0,0,0,0,0,0,0,,,,,,,,,,,,,,,63,92,85,68,68,44,32,34,45,41,181,28
'852412,"Flat panel display modules, whether or not incorporating touch-sensitive screens, without drivers ...",0,0,0,0,0,0,0,0,0,0,0,0,,,,,,,,,,,,,,,3083,3210,3789,3093,2582,3339,2796,2400,3294,3466,2727,2764
'852419,"Flat panel display modules, whether or not incorporating touch-sensitive screens, without drivers ...",163,0,0,0,0,0,9,0,0,3,0,0,,,,,,,,,,,,,,,4122,4808,4608,4891,5022,4254,4631,4728,3939,4658,4280,4704
'852871,"Reception apparatus for television, whether or not incorporating radio-broadcast receivers ...",0,0,0,0,0,0,1,1,0,0,0,0,,,,,,,,,,,,,,,199,666,408,150,388,314,240,94,338,458,546,48
'854071,Magnetrons,0,0,0,0,0,0,0,0,0,0,0,0,,,,,,,,,,,,,,,128,77,218,887,193,223,184,320,429,318,130,286
'851629,Electric space-heating and soil-heating apparatus (excl. storage heating radiators),0,0,10,0,0,11,0,9,0,15,0,0,,,,,,,,,,,,,,,194,919,641,1643,964,406,1894,398,1308,1099,684,951
'851671,"Electro-thermic coffee or tea makers, for domestic use",0,0,0,0,0,0,0,0,0,0,0,0,,,,,,,,,,,,,,,38,44,55,141,52,25,216,149,23,70,140,73
'853910,Sealed beam lamp units,0,0,0,0,0,0,0,0,0,0,0,0,,,,,,,,,,,,,,,552,331,283,354,507,515,348,487,401,266,403,201
'850172,"Photovoltaic DC generators, of an output > 50 W",0,0,0,0,0,0,0,0,0,0,0,0,,,,,,,,,,,,,,,0,0,0,0,0,0,0,2,0,0,0,0
'850422,"Liquid dielectric transformers, having a power handling capacity > 650 kVA but <= 10.000 kVA",0,0,0,0,0,0,0,0,0,0,0,0,,,,,,,,,,,,,,,833,3925,2151,582,1099,3332,3427,2430,4048,702,6411,1953
'847971,"Passenger boarding bridges, of a kind used in airports",0,0,0,0,0,0,0,0,0,0,0,0,,,,,,,,,,,,,,,0,0,0,0,0,0,0,0,0,0,0,0
'850640,Silver oxide cells and batteries (excl. spent),0,0,0,0,0,0,0,0,0,0,0,0,,,,,,,,,,,,,,,155,166,120,177,339,210,110,137,377,145,2,187
'850680,"Primary cells and primary batteries, electric (excl. spent, and those of silver oxide, mercuric ...",1,1,5,0,0,0,0,16,2,0,0,0,,,,,,,,,,,,,,,118,162,283,287,40,128,152,127,132,220,228,14
'851020,Hair clippers with self-contained electric motor,0,0,0,0,0,0,0,0,0,0,0,0,,,,,,,,,,,,,,,222,216,461,203,239,52,109,371,260,209,338,281
'851030,Hair-removing appliances with self-contained electric motor,0,0,0,0,0,0,0,0,0,0,0,0,,,,,,,,,,,,,,,101,46,85,121,107,166,56,117,73,60,9,10
'851130,Distributors and ignition coils of a kind used for spark-ignition or compression-ignition internal ...,0,13,0,5,0,3,4,0,0,0,0,0,,,,,,,,,,,,,,,472,571,513,327,675,245,450,531,542,252,325,335
'851140,Starter motors and dual purpose starter-generators of a kind used for spark-ignition or compression-ignition ...,5,7,3,7,0,0,7,9,0,0,0,0,,,,,,,,,,,,,,,1967,2281,1730,1860,2607,1610,1776,1922,2058,2179,2499,2481
'903141,Optical instruments and appliances for inspecting semiconductor wafers or devices or for inspecting ...,0,0,5,0,0,0,0,5,0,0,0,0,,,,,,,,,,,,,,,22143,18973,28325,16127,31449,31839,34188,30517,41951,27784,22597,33038
'901490,"Parts and accessories for compasses and other navigational instruments and appliances, n.e.s.",0,0,0,0,0,0,0,0,0,0,1,0,,,,,,,,,,,,,,,2782,3000,3973,4320,3657,2950,3162,4244,4723,3912,2351,3133
'901720,"Drawing, marking-out and mathematical calculating instruments (excl. drafting tables and machines ...",0,2,0,0,0,0,0,0,0,0,0,0,,,,,,,,,,,,,,,164,114,118,159,121,53,71,53,103,109,99,113
'902150,Pacemakers for stimulating heart muscles (excl. parts and accessories),0,0,0,0,0,0,0,0,0,0,0,0,,,,,,,,,,,,,,,16,14,7,33,186,0,0,9,71,31,16,0
'902290,"X-ray generators other than X-ray tubes, high tension generators, control panels and desks, ...",0,2,0,156,5,0,0,3,0,0,9,0,,,,,,,,,,,,,,,402,524,932,1047,1141,6127,7403,6846,8642,7675,8036,9304
'901790,"Parts and accessories for drawing, marking-out or mathematical calculating instruments and ...",3,1,1,0,1,1,1,0,0,0,0,0,,,,,,,,,,,,,,,210,62,193,152,370,125,120,227,231,199,291,533
'901811,Electro-cardiographs,0,0,0,0,0,0,0,2,0,0,0,0,,,,,,,,,,,,,,,279,285,217,300,373,348,269,241,370,297,285,315
'901813,Magnetic resonance imaging apparatus,0,0,0,0,0,0,0,0,0,0,0,0,,,,,,,,,,,,,,,103,99,156,125,139,209,252,210,198,89,40,13
'870822,"Front windscreens ""windshields"", rear windows and other windows for motor vehicles of headings ...",0,0,0,0,0,0,0,0,0,0,0,0,,,,,,,,,,,,,,,1,0,2,1,2,0,0,5,0,2,2,0
'870919,"Works trucks, self-propelled, not fitted with lifting or handling equipment, of the type used ...",0,0,0,0,0,0,0,0,0,0,0,0,,,,,,,,,,,,,,,9,0,3,0,9,55,4,6,1,3,2,0
'880230,Aeroplanes and other powered aircraft of an unladen weight > 2.000 kg but <= 15.000 kg (excl. ...,0,0,0,0,0,0,0,0,0,0,0,0,,,,,,,,,,,,,,,0,0,0,0,0,0,0,0,0,0,0,0
'880529,"Ground flying trainers and parts thereof, n.e.s. (excl. air combat simulators and parts thereof)",0,0,0,0,0,0,0,0,0,0,0,0,,,,,,,,,,,,,,,59,228,121,77,35,131,163,121,15,98,1082,90
'880692,"Unmanned aircraft, with maximum take-off weight > 250 g but <= 7 kg (excl. for passenger carriage ...",0,0,0,0,0,0,0,0,0,0,0,0,,,,,,,,,,,,,,,0,2,0,11,1,10,0,18,83,3,29,10
'890331,"Motorboats, of a length <= 7,5 m, for pleasure or sports (excl. inflatable and outboard)",0,0,0,0,0,0,0,0,0,0,0,0,,,,,,,,,,,,,,,0,0,0,0,0,0,0,0,0,0,0,0
'890393,"Outboard motorboats, for pleasure or sports, and rowing boats and canoes, of a length <= 7,5 ...",0,0,0,0,0,0,0,0,0,0,0,0,,,,,,,,,,,,,,,0,0,0,0,0,0,0,0,0,0,0,0
'890400,Tugs and pusher craft,0,0,0,0,0,0,0,0,0,0,0,0,,,,,,,,,,,,,,,0,0,0,0,0,0,575,4694,0,2801,0,0
'890520,Floating or submersible drilling or production platforms,0,0,0,0,0,0,0,0,0,0,0,0,,,,,,,,,,,,,,,0,0,0,0,0,0,0,0,0,0,0,0
'890710,Inflatable rafts,0,0,0,0,0,0,0,0,0,0,0,0,,,,,,,,,,,,,,,25,15,21,53,52,6,12,26,14,21,19,8
'890800,Vessels and other floating structures for breaking up,0,0,0,0,0,0,0,0,0,0,0,0,,,,,,,,,,,,,,,0,0,0,0,0,0,0,0,0,0,0,0
'900140,Spectacle lenses of glass,0,0,0,0,0,0,0,0,0,0,0,0,,,,,,,,,,,,,,,158,188,46,197,177,315,206,66,337,15,132,395
'900390,"Parts of frames and mountings for spectacles, goggles or the like, n.e.s.",0,0,0,0,0,0,0,0,0,0,0,0,,,,,,,,,,,,,,,273,599,810,495,613,712,459,246,321,289,266,400
'900590,"Parts and accessories, incl. mountings, for binoculars, monoculars, astronomical and other ...",0,0,0,0,4,0,0,0,0,3,0,0,,,,,,,,,,,,,,,445,645,504,444,467,654,570,659,646,824,795,652
'900661,Electronic discharge lamp flashlight apparatus for photographic purposes,0,0,0,0,0,0,0,0,0,0,0,0,,,,,,,,,,,,,,,4,111,61,13,5,129,312,282,567,88,65,71
'854921,"Electrical and electronic waste and scrap, of a kind used principally for the recovery of precious ...",0,0,0,0,0,0,0,0,0,0,0,0,,,,,,,,,,,,,,,0,0,0,0,0,0,0,111,0,612,541,369
'860500,"Railway or tramway passenger coaches, luggage vans, post office coaches and other special purpose ...",0,0,0,0,0,0,0,0,0,0,0,0,,,,,,,,,,,,,,,0,0,0,0,0,0,0,0,0,0,0,0
'860791,"Parts of railway or tramway locomotives, n.e.s.",0,0,0,0,0,0,0,0,0,0,0,0,,,,,,,,,,,,,,,0,0,5,0,9,17,3,0,0,9,0,13
'860800,"Railway or tramway track fixtures and fittings (excl. sleepers of wood, concrete or steel, ...",0,0,0,0,0,0,0,0,0,0,0,0,,,,,,,,,,,,,,,423,511,473,272,1002,384,268,223,1996,362,642,493
'870121,"Road tractors for semi-trailers, with only compression-ignition internal combustion piston ...",0,0,0,0,0,0,0,0,0,0,0,0,,,,,,,,,,,,,,,55,0,86,18,22,101,29,173,166,111,180,126
'870210,"Motor vehicles for the transport of >= 10 persons, incl. driver, with only diesel engine",0,0,0,0,0,0,0,0,0,0,0,0,,,,,,,,,,,,,,,77,24,219,19,31,23,36,23,153,12,32,27
'870220,"Motor vehicles for the transport of >= 10 persons, incl. driver, with both diesel engine and ...",0,0,0,0,0,0,0,0,0,0,0,0,,,,,,,,,,,,,,,0,0,0,0,0,0,0,0,0,0,0,0
'870421,"Motor vehicles for the transport of goods, with only compression-ignition internal combustion ...",0,0,0,0,0,0,0,0,0,0,0,0,,,,,,,,,,,,,,,46,97,72,76,50,92,50,135,58,21,89,78
'920991,"Parts and accessories for pianos, n.e.s.",0,24,0,0,0,0,0,0,17,0,0,0,,,,,,,,,,,,,,,4,24,19,0,11,51,0,0,17,0,4,35
'930320,"Sporting, hunting or target-shooting shotguns, with at least one smooth barrel (excl. muzzle-loading ...",0,0,0,0,0,0,0,0,0,0,0,0,,,,,,,,,,,,,,,0,0,0,0,0,0,0,0,0,0,0,0
'930591,"Parts and accessories of military weapons of heading 9301, n.e.s.",0,0,0,0,0,0,0,0,0,0,0,0,,,,,,,,,,,,,,,118,59,129,58,83,81,112,102,387,278,151,234
'940180,"Seats, n.e.s.",0,0,0,22,0,17,0,16,13,0,0,0,,,,,,,,,,,,,,,2836,4002,3393,3108,3412,3086,3425,2927,4545,3348,2742,2941
'940391,"Parts of furniture, of wood, n.e.s. (excl. of seats or medical, surgical, dental or veterinary ...",0,28,14,25,0,13,23,0,26,45,0,0,,,,,,,,,,,,,,,508,712,611,696,461,446,457,305,486,551,253,251
'940410,Mattress supports for bed frames (excl. spring interiors for seats),0,0,0,0,0,0,0,0,0,0,0,0,,,,,,,,,,,,,,,5,10,15,57,9,6,22,31,8,33,27,10
'940542,"Luminaires and lighting fittings, solely for light-emitting diode ""LED"" light sources, n.e.s.",2,7,27,16,31,33,33,6,0,5,0,0,,,,,,,,,,,,,,,3718,4597,3872,3957,5331,2848,4634,4254,3650,3660,5273,4805
'940591,"Parts of lamps and lighting fittings, illuminated signs and nameplates and the like, of glass, ...",0,2,0,0,0,0,0,5,0,0,0,0,,,,,,,,,,,,,,,9,3,17,9,0,16,8,5,8,15,108,41
'950420,Billiards of all kinds and accessories,0,8,0,35,0,9,0,0,0,0,0,0,,,,,,,,,,,,,,,437,762,735,1018,284,222,223,735,343,149,176,85
'950631,"Golf clubs, complete",0,0,0,0,0,0,0,0,0,0,0,0,,,,,,,,,,,,,,,5736,4752,2668,3394,2871,1113,3759,4129,3254,2334,3816,2857
'950824,Motion simulators and moving theatres,0,0,0,0,0,0,0,0,0,0,0,0,,,,,,,,,,,,,,,10,12,7349,45,85,36,43,6,71,55,0,0
'950826,Water park amusements,0,0,0,0,0,0,0,0,0,0,0,0,,,,,,,,,,,,,,,0,0,0,0,0,0,0,0,0,0,0,0
'960910,"Pencils and crayons, with leads encased in a sheath",0,0,0,0,0,0,0,0,0,0,0,0,,,,,,,,,,,,,,,241,376,307,418,138,164,117,230,239,239,351,61
'910121,"Wrist-watches of precious metal or of metal clad with precious metal, whether or not incorporating ...",0,0,0,0,0,0,0,0,0,0,0,0,,,,,,,,,,,,,,,1032,2571,1458,927,3081,2159,4042,1594,2211,731,1672,1974
'910212,"Wrist-watches, whether or not incorporating a stop-watch facility, electrically operated, with ...",0,0,0,0,0,0,0,0,0,0,0,0,,,,,,,,,,,,,,,50,8,98,325,52,379,100,139,241,0,163,59
'910229,"Wrist-watches, whether or not incorporating a stop-watch facility, with hand winding only (excl. ...",0,0,0,0,0,0,0,0,0,0,0,0,,,,,,,,,,,,,,,49,47,113,898,123,75,53,282,66,145,353,446
'910511,"Alarm clocks, electrically operated",0,0,0,0,0,0,0,0,0,0,0,0,,,,,,,,,,,,,,,0,19,40,0,0,15,0,0,1,0,0,0
'910812,"Watch movements, complete and assembled, electrically operated, with opto-electronic display ...",0,0,0,0,0,0,0,0,0,0,0,0,,,,,,,,,,,,,,,0,0,0,0,0,0,0,0,0,0,0,0
'910819,"Watch movements, complete and assembled, electrically operated, with combined opto-electronic ...",0,0,0,0,0,0,0,0,0,0,0,0,,,,,,,,,,,,,,,0,0,0,0,0,0,0,0,0,0,0,0
'910890,"Watch movements, complete and assembled, with hand winding only",0,0,0,0,0,0,0,0,0,0,0,0,,,,,,,,,,,,,,,0,0,0,0,0,1,3,10,2,0,0,0
'920190,Harpsichords and other keyboard stringed instruments (excl. pianos),0,0,0,0,0,0,0,0,0,0,0,0,,,,,,,,,,,,,,,0,0,0,0,0,0,0,0,0,0,0,11
'961610,"Scent sprays and similar toilet sprays, and mounts and heads therefor",0,24,3,0,0,3,0,0,3,85,0,0,,,,,,,,,,,,,,,924,1065,1376,775,754,1045,763,805,928,791,624,686
'961620,Powder puffs and pads for the application of cosmetics or toilet preparations,0,0,0,0,0,0,0,0,0,0,0,0,,,,,,,,,,,,,,,2,19,4,10,1,9,8,17,6,39,15,0
'961900,"Sanitary towels (pads) and tampons, napkins and napkin liners, and similar articles, of any ...",0,0,0,0,0,0,0,0,0,0,0,0,,,,,,,,,,,,,,,2788,3621,3225,2776,3331,2332,2908,2629,3441,3262,2733,2680
'970400,"Postage or revenue stamps, stamp-postmarks, first-day covers, postal stationery, stamped paper ...",0,0,0,0,0,0,0,0,0,0,0,0,,,,,,,,,,,,,,,0,0,0,0,0,0,0,0,0,0,0,0
'970522,"Extinct or endangered species and parts thereof, as collections or collectorsÕ pieces of zoological, ...",0,0,0,0,0,0,0,0,0,0,0,0,,,,,,,,,,,,,,,0,0,0,0,0,0,0,0,0,0,0,0
'691490,"Ceramic articles, n.e.s. (excl. of porcelain or china)",4,0,9,0,0,2,0,0,0,0,0,0,,,,,,,,,,,,,,,840,1024,843,448,848,535,649,310,1368,613,293,620
'700210,"Glass in balls, unworked (excl. glass microspheres <= 1 mm in diameter, glass balls of the ...",0,0,0,0,0,0,0,0,0,0,0,0,,,,,,,,,,,,,,,0,0,0,0,2,0,3,0,4,0,0,6
'700239,"Tubes of glass, unworked (excl. tubes of glass having a linear coefficient of expansion <= ...",0,0,0,0,0,0,0,0,0,0,0,0,,,,,,,,,,,,,,,0,7,0,19,0,0,5,0,0,10,2,12
'700490,"Sheets of glass, drawn or blown, but not otherwise worked (excl. glass coloured throughout ...",0,0,0,2,0,0,0,0,0,0,0,0,,,,,,,,,,,,,,,5,12,0,178,4,12,0,0,0,151,0,0
'700600,"Sheets or profiles of glass, whether or not having an absorbent, reflecting or non-reflecting ...",0,0,0,0,0,4,0,23,0,3,0,0,,,,,,,,,,,,,,,28456,30275,28682,25704,27387,26574,20473,29607,23496,22704,18236,24962
'700729,"Laminated safety glass (excl. glass of size and shape suitable for incorporation in motor vehicles, ...",0,0,0,0,0,0,0,0,0,0,0,0,,,,,,,,,,,,,,,70,131,96,60,77,45,37,90,70,59,77,48
'701010,Glass ampoules,0,0,0,0,0,0,0,0,0,0,0,0,,,,,,,,,,,,,,,1,0,0,0,3,0,0,0,0,0,0,0
'701399,"Glassware of a kind used for toilet, office, indoor decoration or similar purposes (excl. glassware ...",3,116,0,3,8,0,3,0,0,17,0,0,,,,,,,,,,,,,,,724,1075,772,1309,1307,687,827,829,1212,1179,1290,867
'701400,"Signalling glassware and optical elements of glass, not optically worked (excl. clock or watch ...",10,9,14,0,0,0,0,0,5,2,0,0,,,,,,,,,,,,,,,1760,1789,1436,1178,1617,966,886,812,1238,1260,836,980
'701964,"Closed woven fabrics, plain weave, of glass fibre yarns, coated or laminated",10,28,0,12,15,12,52,5,0,2,17,0,,,,,,,,,,,,,,,155,28,8,16,23,12,55,15,0,3,17,8
'701973,Chemically bonded open fabrics of glass fibres (excl. veils),0,0,0,0,0,0,0,0,0,0,0,0,,,,,,,,,,,,,,,0,0,0,0,0,0,0,2,0,0,0,0
'710421,"Diamonds, synthetic or reconstructed, unworked or simply sawn or roughly shaped",0,0,0,0,0,0,0,0,0,0,0,0,,,,,,,,,,,,,,,0,0,0,5,2,19,83,7,0,10,0,0
'710510,"Dust and powder of diamonds, incl. synthetic diamonds",0,0,0,0,0,0,0,0,0,0,0,0,,,,,,,,,,,,,,,67,73,55,86,70,54,70,79,28,104,60,59
'711320,"Articles of jewellery and parts thereof, of base metal clad with precious metal (excl. articles ...",0,0,0,0,0,0,0,0,0,0,0,0,,,,,,,,,,,,,,,268,332,511,552,39,368,1086,281,410,531,22,828
'711411,"Articles of goldsmiths' or silversmiths' wares or parts thereof, of silver, whether or not ...",0,125,0,0,0,0,0,0,0,0,0,0,,,,,,,,,,,,,,,76,197,163,245,75,101,100,128,78,87,298,427
'711510,"Catalysts in the form of wire cloth or grill, of platinum",0,0,0,0,0,0,0,0,0,0,0,0,,,,,,,,,,,,,,,127,0,885,113,0,3574,0,0,0,240,3128,0
'711590,"Articles of precious metal or of metal clad with precious metal, n.e.s.",0,0,0,0,0,4,0,8,0,0,0,0,,,,,,,,,,,,,,,342,680,1594,392,536,6652,933,2216,113,2217,3508,3180
'720260,Ferro-nickel,0,0,0,0,0,0,0,0,0,0,0,0,,,,,,,,,,,,,,,10,0,0,4,4,0,4,4,4,0,2,0
'722591,"Flat-rolled products of alloy steel other than stainless, of a width of >= 600 mm, hot-rolled ...",0,0,0,0,0,0,0,0,0,0,0,0,,,,,,,,,,,,,,,155,604,176,419,191,200,319,357,74,276,187,260
'721220,"Flat-rolled products of iron or non-alloy steel, of a width of < 600 mm, hot-rolled or cold-rolled ...",0,0,0,2,0,0,0,2,0,0,0,0,,,,,,,,,,,,,,,106,210,158,113,153,110,44,94,61,114,135,38
'720918,"Flat-rolled products of iron or non-alloy steel, of a width of >= 600 mm, in coils, simply ...",3354,1332,1451,2227,7152,2840,1658,3553,1982,0,856,0,,,,,,,,,,,,,,,25121,19457,18777,18890,19080,21065,8827,12961,11240,10158,11730,12374
'720928,"Flat-rolled products of iron or non-alloy steel, of a width of >= 600 mm, not in coils, simply ...",0,0,0,0,0,0,0,0,0,0,0,0,,,,,,,,,,,,,,,0,0,0,0,3,0,0,2,0,0,0,0
'730511,"Line pipe of a kind used for oil or gas pipelines, having circular cross-sections and an external ...",0,0,0,0,0,0,0,0,0,0,0,0,,,,,,,,,,,,,,,0,0,0,0,0,0,0,0,0,0,0,6
'730621,"Casing and tubing of a kind used in drilling for oil or gas, welded, of flat-rolled products ...",0,0,0,0,0,0,0,0,0,0,0,0,,,,,,,,,,,,,,,0,0,0,0,0,0,0,0,0,0,0,0
'730723,Butt welding tube or pipe fittings of stainless steel (excl. cast products),0,2,0,0,1,0,0,0,0,0,0,0,,,,,,,,,,,,,,,1673,2058,2480,1660,2207,1702,933,1062,1750,1198,1890,1312
'730422,"Drill pipe, seamless, of stainless steel, of a kind used in drilling for oil or gas",0,0,0,0,0,0,0,0,0,0,0,0,,,,,,,,,,,,,,,0,0,0,0,0,0,0,0,0,0,0,0
'820590,Anvils; portable forges; hand- or pedal-operated grinding wheels with frameworks; sets of articles ...,0,0,0,0,2,0,0,0,0,2,0,0,,,,,,,,,,,,,,,1403,1635,3255,1717,1483,1266,1600,1506,1667,1635,2019,1425
'820160,"Hedge shears, two-handed pruning shears and similar two-handed shears, with working parts of ...",0,23,18,0,0,0,29,0,0,18,4,0,,,,,,,,,,,,,,,1795,2346,2289,1787,1352,1426,1022,1582,1483,2186,1827,1521
'820291,"Straight saw blades, of base metal, for working metal",3,1,4,0,0,0,0,0,0,2,11,0,,,,,,,,,,,,,,,45,27,52,25,50,0,26,32,33,51,45,32
'741122,"Tubes and pipes of copper-nickel base alloys ""cupro-nickel"" or copper-nickel-zinc base alloys ...",0,1,0,0,1,0,0,0,0,0,2,0,,,,,,,,,,,,,,,0,31,15,0,14,0,0,0,0,58,2,0
'790200,"Zinc waste and scrap (excl. ash and residues from zinc production ""heading 2620"", ingots and ...",0,0,0,0,0,0,0,0,0,0,0,0,,,,,,,,,,,,,,,484,359,140,834,886,273,464,989,357,558,656,421
'800200,"Tin waste and scrap (excl. ash and residues from the manufacture of tin of heading 2620, and ...",0,0,0,0,0,0,0,0,0,0,0,0,,,,,,,,,,,,,,,0,0,0,0,0,107,0,173,0,138,603,0
'810210,Molybdenum powders,0,0,0,0,0,0,0,0,0,0,0,0,,,,,,,,,,,,,,,0,282,0,0,0,0,0,0,0,0,0,0
'731439,"Grill, netting and fencing, of iron or steel wire, welded at the intersection (excl. products ...",0,0,0,0,0,16,0,51,0,0,0,0,,,,,,,,,,,,,,,80,23,89,42,9,125,34,137,222,117,77,39
'740500,"Master alloys of copper (excl. phosphorus-copper compounds ""copper phosphide"" containing by ...",0,0,0,0,0,0,0,0,0,0,0,0,,,,,,,,,,,,,,,0,5,0,0,0,19,4,3,8,0,0,0
'740929,"Plates, sheets and strip, of copper-zinc base alloys ""brass"", of a thickness of > 0,15 mm, ...",0,0,0,0,0,0,2,3,0,0,0,0,,,,,,,,,,,,,,,391,262,210,95,220,199,149,332,240,181,219,154
'732394,"Table, kitchen or other household articles, and parts thereof, of iron other than cast iron ...",0,0,0,0,0,0,0,0,0,0,0,0,,,,,,,,,,,,,,,4,1,0,16,0,26,0,4,39,0,32,54
'750522,Wire of nickel alloys (excl. electrically insulated products),0,29,28,0,0,5,0,42,0,7,3,0,,,,,,,,,,,,,,,422,168,308,78,179,264,73,201,314,223,80,500
'760519,"Wire of non-alloy aluminium, with a maximum cross-sectional dimension of <= 7 mm (other than ...",0,0,0,0,3,0,0,0,0,5,0,0,,,,,,,,,,,,,,,153,2,1,41,3,52,17,81,16,46,24,43
'760521,"Wire of aluminium alloys, with a maximum cross-sectional dimension of > 7 mm (excl. stranded ...",0,0,0,4,0,0,0,0,0,0,0,0,,,,,,,,,,,,,,,153,381,214,306,38,33,17,13,96,100,3,42
'570390,"Carpet tiles of vegetable textile materials or coarse animal hair, tufted ""needle punched"", ...",0,0,0,0,0,0,0,0,0,0,0,0,,,,,,,,,,,,,,,0,0,0,0,0,0,0,4,0,0,0,0
'570420,"Floor tiles, of felt, not tufted or flocked, with an area of > 0,3 m_ but <= 1 m_",0,0,0,0,0,0,0,0,0,0,0,0,,,,,,,,,,,,,,,0,0,0,0,3,0,0,0,0,0,0,0
'580300,Gauze (excl. narrow woven fabrics of heading 5806),0,0,0,0,0,0,0,0,0,0,0,0,,,,,,,,,,,,,,,0,0,0,0,0,0,0,0,0,0,0,0
'600643,"Fabrics, knitted or crocheted, of artificial fibres, of yarns of different colours, of a width ...",0,0,0,0,0,0,0,0,0,0,0,0,,,,,,,,,,,,,,,0,0,0,0,0,0,0,0,0,0,0,0
'610120,"Overcoats, car coats, capes, cloaks, anoraks, incl. ski jackets, windcheaters, wind-jackets ...",0,0,0,0,0,0,0,0,0,0,0,0,,,,,,,,,,,,,,,39,69,15,14,21,13,20,9,21,14,7,11
'610190,"Overcoats, car coats, capes, cloaks, anoraks, incl. ski jackets, windcheaters, wind-jackets ...",0,0,0,0,0,0,0,0,0,0,0,0,,,,,,,,,,,,,,,20,53,31,12,14,10,21,33,87,4,18,46
'610332,"Men's or boys' jackets and blazers of cotton, knitted or crocheted (excl. wind-jackets and ...",0,0,0,0,0,0,0,0,0,0,0,0,,,,,,,,,,,,,,,4,0,12,14,26,20,28,28,86,53,81,50
'610431,"Women's or girls' jackets and blazers of wool or fine animal hair, knitted or crocheted (excl. ...",0,0,0,0,0,0,0,0,0,0,0,0,,,,,,,,,,,,,,,17,27,17,0,0,25,35,6,25,41,73,47
'610839,"Women's or girls' nightdresses and pyjamas of textile materials, knitted or crocheted (excl. ...",0,0,0,0,0,0,0,0,0,0,0,0,,,,,,,,,,,,,,,0,0,16,0,56,0,0,0,43,0,35,0
'610891,"Women's or girls' nŽgligŽs, bathrobes, dressing gowns, housejackets and similar articles of ...",0,0,0,0,0,0,0,0,0,0,0,0,,,,,,,,,,,,,,,0,0,0,0,0,0,2,0,0,0,0,0
'611300,"Garments, knitted or crocheted, rubberised or impregnated, coated or covered with plastics ...",0,0,0,0,0,0,0,0,0,0,5,0,,,,,,,,,,,,,,,54,60,169,61,205,96,88,71,190,49,108,33
'540791,"Woven fabrics of yarn containing predominantly, but < 85% synthetic filament by weight, incl. ...",0,0,0,2,0,0,0,0,0,0,0,0,,,,,,,,,,,,,,,107,71,108,62,75,39,151,82,65,65,64,57
'540331,"Yarn of viscose rayon filament, incl. monofilament of < 67 decitex, single, untwisted or with ...",0,0,0,0,0,0,0,0,0,0,0,0,,,,,,,,,,,,,,,39,18,51,6,24,23,26,13,44,0,14,15
'540412,Polypropylene monofilament of >= 67 decitex and with a cross sectional dimension of <= 1 mm ...,1,0,0,0,0,0,0,0,0,0,0,0,,,,,,,,,,,,,,,1,0,0,0,0,0,0,0,0,5,0,0
'550490,"Artificial staple fibres, not carded, combed or otherwise processed for spinning (excl. those ...",0,16,0,0,0,17,0,15,0,0,25,0,,,,,,,,,,,,,,,58,44,0,26,0,43,0,42,0,27,51,0
'550951,"Yarn containing predominantly, but < 85% polyester staple fibres by weight, mixed principally ...",61,163,38,121,60,0,83,81,6,3,0,0,,,,,,,,,,,,,,,172,280,61,184,177,5,135,153,51,23,14,91
'540810,"Woven fabrics of high-tenacity viscose yarn, incl. monofilament of >= 67 decitex and a maximum ...",0,0,0,0,0,0,0,0,0,0,0,0,,,,,,,,,,,,,,,15,141,0,0,0,81,0,0,13,0,0,0
'540823,"Woven fabrics of yarn containing >= 85% artificial filament by weight, incl. monofilament of ...",0,0,0,0,0,37,6,3,0,0,0,0,,,,,,,,,,,,,,,0,0,0,0,0,37,6,48,0,0,2,0
'550962,"Yarn containing predominantly, but < 85% acrylic or modacrylic staple fibres by weight, mixed ...",0,0,0,0,0,0,0,0,0,0,0,0,,,,,,,,,,,,,,,25,292,231,294,318,164,209,168,0,165,0,41
'551311,"Plain woven fabrics containing predominantly, but < 85% polyester staple fibres by weight, ...",0,0,0,0,0,0,0,0,0,0,0,0,,,,,,,,,,,,,,,0,1,0,0,2,122,2,0,0,108,0,13
'551412,"Woven fabrics containing predominantly, but < 85% polyester staple fibres by weight, mixed ...",0,0,0,0,0,0,0,0,0,0,0,0,,,,,,,,,,,,,,,0,0,0,0,0,0,0,0,0,0,0,0
'551419,"Woven fabrics containing predominantly, but < 85% synthetic staple fibres by weight, mixed ...",0,0,0,0,0,0,0,0,0,0,0,0,,,,,,,,,,,,,,,0,0,0,2,0,0,0,0,0,0,0,0
'551449,"Woven fabrics containing predominantly, but < 85% synthetic staple fibres by weight, mixed ...",0,0,0,0,0,0,0,0,0,0,0,0,,,,,,,,,,,,,,,0,0,0,0,0,0,0,0,0,0,0,0
'630900,"Worn clothing and clothing accessories, blankets and travelling rugs, household linen and articles ...",0,0,0,0,0,0,0,0,0,0,0,0,,,,,,,,,,,,,,,1141,2244,2187,1745,1891,1353,693,1279,1197,1069,996,1111
'631010,"Used or new rags, scrap twine, cordage, rope and cables and worn-out articles thereof, of textile ...",0,0,1,1,3,0,0,0,0,0,0,0,,,,,,,,,,,,,,,18,19,21,25,15,8,42,7,15,12,14,13
'621490,"Shawls, scarves, mufflers, mantillas, veils and similar articles of textile materials (excl. ...",0,0,0,0,0,0,0,0,0,0,0,0,,,,,,,,,,,,,,,17,13,52,7,10,5,42,12,35,291,271,41
'690290,"Refractory bricks, blocks, tiles and similar refractory ceramic constructional goods (excl. ...",0,0,0,23,29,0,0,32,0,32,0,0,,,,,,,,,,,,,,,254,236,186,309,116,125,329,515,150,606,141,340
'690410,"Building bricks (excl. those of siliceous fossil meals or similar siliceous earths, and refractory ...",0,0,0,0,0,0,0,0,0,0,0,0,,,,,,,,,,,,,,,43,96,121,84,141,103,95,133,77,123,93,70
'690600,"Ceramic pipes, conduits, guttering and pipe fittings (excl. of siliceous fossil meals or similar ...",0,0,0,0,0,0,0,0,0,0,0,0,,,,,,,,,,,,,,,30,18,24,8,23,17,41,13,48,21,15,17
'690740,Finishing ceramics (excl. refractory),0,0,0,0,0,0,0,0,0,0,0,0,,,,,,,,,,,,,,,0,20,0,0,0,0,0,0,0,0,0,0
'640391,"Footwear with outer soles of rubber, plastics or composition leather, with uppers of leather, ...",0,1,0,0,0,0,0,2,0,0,0,0,,,,,,,,,,,,,,,121,69,89,58,171,33,127,68,82,63,74,106
'640420,Footwear with outer soles of leather or composition leather and uppers of textile materials ...,0,0,0,0,0,0,0,0,0,0,0,0,,,,,,,,,,,,,,,78,82,59,26,144,123,159,90,17,50,28,67
'660191,Umbrellas having a telescopic shaft (excl. toy umbrellas),0,0,0,0,0,0,0,0,0,0,0,0,,,,,,,,,,,,,,,103,111,96,68,27,42,63,31,17,63,65,229
'670419,"False beards, eyebrows and eyelashes, switches and the like, of synthetic textile materials ...",0,0,0,0,0,0,0,0,0,0,0,0,,,,,,,,,,,,,,,1,0,0,2,0,7,5,15,26,28,0,28
'680210,"Tiles, cubes and other processed articles of natural stone, incl. slate, for mosaics and the ...",0,0,0,0,0,0,0,0,0,0,0,0,,,,,,,,,,,,,,,0,0,0,0,0,0,0,0,0,0,0,0
'680223,"Granite and articles thereof, simply cut or sawn, with a flat or even surface (excl. with a ...",0,0,0,0,0,0,0,0,0,0,0,0,,,,,,,,,,,,,,,26,0,20,0,8,0,13,42,40,10,0,0
'680229,"Monumental or building stone and articles thereof, simply cut or sawn, with a flat or even ...",0,0,0,0,0,0,0,0,0,0,0,0,,,,,,,,,,,,,,,0,1,48,0,0,0,0,0,0,0,0,0
'681299,Fabricated asbestos fibres; mixtures with a basis of asbestos or with a basis of asbestos and ...,1,0,0,5,0,0,3,2,0,0,3,0,,,,,,,,,,,,,,,2,2,4,13,12,6,3,7,1,0,45,4
'681389,"Friction material and articles thereof, e.g. sheets, rolls, strips, segments, discs, washers ...",0,21,0,0,0,0,0,0,19,0,0,0,,,,,,,,,,,,,,,110,89,37,73,48,29,37,30,51,23,30,33
'600522,"Dyed cotton warp knit fabrics ""incl. those made on galloon knitting machines"", of a width of ...",0,8,10,0,0,4,0,0,0,0,1,0,,,,,,,,,,,,,,,95,388,258,66,7,22,139,110,37,21,73,52
'611692,"Gloves, mittens and mitts, of cotton, knitted or crocheted (excl. impregnated, coated, covered ...",0,0,0,0,0,0,0,0,0,0,0,0,,,,,,,,,,,,,,,82,80,20,38,73,101,69,87,77,103,3,77
'611699,"Gloves, mittens and mitts, of textile materials, knitted or crocheted (excl. of wool, fine ...",0,0,0,0,0,0,0,0,0,0,0,0,,,,,,,,,,,,,,,1,22,67,77,56,44,4,4,15,22,10,13
'620329,"Men's or boys' ensembles of textile materials (excl. of cotton or synthetic fibres, knitted ...",0,0,0,0,0,0,0,0,0,0,0,0,,,,,,,,,,,,,,,0,3,3,3,6,0,0,10,1,3,7,2
'620429,"Women's or girls' ensembles of textile materials (excl. of wool, fine animal hair, cotton or ...",0,0,0,0,0,0,0,0,0,0,0,0,,,,,,,,,,,,,,,0,2,5,0,0,0,0,0,3,0,5,3
'620431,"Women's or girls' jackets and blazers of wool or fine animal hair (excl. knitted or crocheted, ...",0,44,0,0,0,0,0,0,0,0,0,0,,,,,,,,,,,,,,,109,196,207,50,76,81,118,66,78,103,82,168
'620444,Women's or girls' dresses of artificial fibres (excl. knitted or crocheted and petticoats),0,0,0,0,0,0,0,0,0,0,0,0,,,,,,,,,,,,,,,44,29,78,21,70,39,18,62,37,51,28,45
'620711,Men's or boys' underpants and briefs of cotton (excl. knitted or crocheted),0,0,0,0,0,0,0,0,0,0,0,0,,,,,,,,,,,,,,,0,0,0,0,0,0,0,0,0,0,0,0
'620721,"Men's or boys' nightshirts and pyjamas of cotton (excl. knitted or crocheted, vests, singlets ...",0,0,0,0,0,0,0,0,0,0,0,0,,,,,,,,,,,,,,,4,0,0,0,0,0,7,0,0,0,0,0
'620799,"Men's or boys' singlets and other vests, bathrobes and dressing gowns of textile materials ...",0,0,0,0,0,0,0,0,0,0,0,0,,,,,,,,,,,,,,,14,0,44,0,16,0,4,0,0,20,0,0
'620819,"Women's or girls' slips and petticoats of textile materials (excl. man-made fibres, knitted ...",0,0,0,0,0,0,0,0,0,0,0,0,,,,,,,,,,,,,,,3,10,8,0,0,0,0,0,0,0,0,2
'621120,Ski suits (excl. knitted or crocheted),0,0,0,0,0,0,0,0,0,0,0,0,,,,,,,,,,,,,,,0,4,0,0,0,0,0,2,4,2,0,2
'621139,"Men's or boys' tracksuits and other garments, n.e.s. of textile materials (excl. of cotton ...",0,0,0,0,0,0,0,0,0,0,0,0,,,,,,,,,,,,,,,8,15,8,3,8,0,13,2,3,11,0,76
'621149,"Women's or girls' tracksuits and other garments, n.e.s. of textile materials (excl. of cotton ...",0,0,0,0,0,0,0,0,0,0,0,0,,,,,,,,,,,,,,,35,31,51,48,75,47,19,77,49,14,63,105
'846410,"Sawing machines for working stone, ceramics, concrete, asbestos-cement or like mineral materials ...",0,0,0,62,0,0,0,0,0,0,0,0,,,,,,,,,,,,,,,915,1159,1637,784,783,1761,1754,1557,635,667,1567,1126
'847432,Machines for mixing mineral substances with bitumen,0,0,0,0,0,0,0,0,0,0,0,0,,,,,,,,,,,,,,,0,0,0,0,0,0,0,0,0,0,0,0
'847510,"Machines for assembling electric or electronic lamps, tubes or valves or flashbulbs, in glass ...",0,0,0,0,0,0,0,0,0,0,0,0,,,,,,,,,,,,,,,1,3,1,0,0,371,0,49,4,0,0,8
'846023,"Cylindrical grinding machines for finishing metal, numerically controlled (excl. gear finishing ...",149,526,336,164,0,196,207,0,0,0,0,0,,,,,,,,,,,,,,,2282,3240,2025,1150,2516,4090,1498,2240,3095,1304,1471,2385
'846263,Cold metal working servo-presses,0,0,0,0,0,130,0,0,0,0,0,0,,,,,,,,,,,,,,,0,0,2858,0,0,315,19,0,0,0,206,586
'846232,"Slitting lines and cut-to-length lines, for flat products",0,0,0,0,0,0,0,0,0,0,0,0,,,,,,,,,,,,,,,0,1420,0,0,189,603,14,299,118,2111,624,0
'846259,"Machines for working tube, pipe, hollow section and bar (excl. presses, and numerically controlled)",0,0,0,146,0,16,0,0,0,0,0,0,,,,,,,,,,,,,,,109,106,0,201,41,16,27,0,100,16,95,0
'844513,Drawing or roving machines,0,0,0,0,0,0,0,0,0,0,0,0,,,,,,,,,,,,,,,0,0,300,42,0,0,0,0,0,0,0,0
'844314,"Letterpress printing machinery, reel fed (excl. flexographic printing machinery)",0,0,0,0,0,0,0,0,0,240,0,0,,,,,,,,,,,,,,,310,0,0,0,97,451,0,0,595,240,0,0
'845019,"Household or laundry-type washing machines, of a dry linen capacity <= 6 kg (excl. fully-automatic ...",0,0,0,0,0,0,0,0,0,0,0,0,,,,,,,,,,,,,,,3,2,1,2,1,1,1,2,2,2,1,1
'845121,"Drying machines, of a dry linen capacity <= 10 kg (excl. centrifugal driers)",0,0,0,0,2,0,0,0,0,0,0,0,,,,,,,,,,,,,,,7,0,0,0,2,0,7,0,0,0,0,7
'844811,"Doobies and jacquards; card reducing, copying, punching or assembling machines for use therewith",0,0,0,0,0,0,0,0,0,0,0,0,,,,,,,,,,,,,,,4,26,4,136,16,0,0,279,0,135,24,5
'840733,"Spark-ignition reciprocating piston engine, of a kind used for vehicles of chapter 87, of a ...",0,0,0,0,0,0,0,0,0,0,0,0,,,,,,,,,,,,,,,409,338,357,251,250,83,14,24,39,49,69,32
'831130,"Coated rods and cored wire, of base metal, for soldering, brazing or welding by flame (excl. ...",0,45,0,1,1,3,3,57,11,12,0,0,,,,,,,,,,,,,,,360,232,496,199,532,330,223,467,431,436,446,427
'840211,Watertube boilers with a steam production > 45 t/hour,0,0,0,0,0,0,0,0,0,0,0,0,,,,,,,,,,,,,,,0,0,0,0,0,0,0,0,0,0,0,0
'821290,Parts of non-electric razors of base metal (excl. safety razor blades and razor blade blanks ...,0,0,0,0,0,0,0,0,0,0,0,0,,,,,,,,,,,,,,,15,1,9,8,2,34,0,3,5,5,56,0
'830230,"Base metal mountings, fittings and similar articles suitable for motor vehicles (excl. hinges ...",0,0,0,0,0,0,7,0,0,0,0,0,,,,,,,,,,,,,,,4646,4677,4619,4287,3480,3369,4193,3437,5587,4816,5253,5587
'830621,"Statuettes and other ornaments, of base metal, plated with precious metal (excl. works of art, ...",0,0,0,0,0,0,0,0,0,0,0,0,,,,,,,,,,,,,,,68,38,96,3,1,0,4,122,3,22,20,57
'841440,Air compressors mounted on a wheeled chassis for towing,0,2,0,0,0,0,0,7,0,6,0,0,,,,,,,,,,,,,,,131,298,274,162,14,122,44,114,190,91,247,89
'841320,Hand pumps for liquids (excl. those of subheading 8413.11 and 8413.19),0,2,7,11,0,0,0,2,0,0,4,0,,,,,,,,,,,,,,,1311,1614,1221,1523,1121,1258,915,1448,1153,1663,1503,1249
'842920,Self-propelled graders and levellers,0,0,0,0,0,0,0,0,0,0,0,0,,,,,,,,,,,,,,,0,0,11,0,0,0,5,0,0,0,0,0
'843020,"Snowploughs and snowblowers (excl. those mounted on railway wagons, motor vehicle chassis or ...",0,0,0,0,0,0,0,0,0,0,0,0,,,,,,,,,,,,,,,0,0,0,0,0,0,0,0,0,0,0,0
'843050,"Self-propelled earth-moving machinery, n.e.s.",0,0,0,0,0,0,0,0,0,0,0,0,,,,,,,,,,,,,,,0,0,0,0,0,0,898,0,0,0,0,0
'843143,"Parts for boring or sinking machinery of subheading 8430.41 or 8430.49, n.e.s.",2,0,0,0,0,39,2,13,0,0,0,0,,,,,,,,,,,,,,,2499,2961,3164,3004,2816,2165,2246,2796,2174,2237,1879,1434
'843311,"Mowers for lawns, parks or sports grounds, powered, with the cutting device rotating in a horizontal ...",2,0,0,0,0,0,0,0,0,1,0,0,,,,,,,,,,,,,,,118,46,84,42,159,23,335,7,112,162,55,132
'843390,"Parts of harvesting machinery, threshing machinery, mowers and machines for cleaning, sorting ...",36,43,47,0,0,48,46,60,41,47,3,0,,,,,,,,,,,,,,,2822,3922,2767,3035,2574,2769,2742,2736,2333,2911,3276,2629
'843629,"Poultry-keeping machinery (excl. machines for sorting or grading eggs, poultry pickers of heading ...",0,0,0,0,0,0,0,0,0,0,0,0,,,,,,,,,,,,,,,162,0,315,126,88,158,179,9,179,58,125,97
'843820,"Machinery for the industrial preparation or manufacture of confectionery, cocoa or chocolate ...",0,0,0,0,0,0,0,0,0,0,0,0,,,,,,,,,,,,,,,0,245,618,416,0,271,304,432,8,308,311,0
'843830,"Machinery for sugar manufacture (excl. centrifuges and filtering, heating or refrigerating ...",0,0,0,0,0,0,0,0,0,0,0,0,,,,,,,,,,,,,,,0,0,0,0,0,0,0,2,0,0,0,0
'842132,"Catalytic converters or particulate filters, whether or not combined, for purifying or filtering ...",0,0,0,0,0,0,0,0,0,0,0,0,,,,,,,,,,,,,,,2,6,8,47,3,0,6,3,0,0,0,0
'842330,Constant weight scales and scales for discharging a pre-determined weight of material into ...,0,0,0,0,0,36,19,0,0,0,0,0,,,,,,,,,,,,,,,4,30,5,241,62,36,172,32,248,30,37,11
'842542,"Jacks and hoists, hydraulic (excl. built-in jacking systems used in garages)",3,0,0,0,0,0,0,0,0,5,0,0,,,,,,,,,,,,,,,642,965,1213,779,778,1239,721,875,716,1114,749,909
'842611,Overhead travelling cranes on fixed support,0,0,0,2,0,0,4,30,0,0,0,0,,,,,,,,,,,,,,,81,0,0,8,0,0,4,30,0,17,238,0
'843920,"Machinery for making paper or paperboard (excl. dryers and other heating appliances, calenders ...",0,0,0,0,80,0,0,0,0,0,0,0,,,,,,,,,,,,,,,0,4175,3239,0,3385,0,488,16,0,0,479,1180
'090811,"Nutmeg, neither crushed nor ground",0,0,0,0,0,0,0,0,0,0,0,0,,,,,,,,,,,,,,,0,0,0,0,0,0,0,0,0,0,0,0
'090822,"Mace, crushed or ground",0,0,0,0,0,0,0,0,0,0,0,0,,,,,,,,,,,,,,,0,0,0,0,0,0,0,0,0,0,0,0
'090831,"Cardamoms, neither crushed nor ground",0,0,0,0,0,0,0,0,0,0,0,0,,,,,,,,,,,,,,,0,0,0,0,0,0,0,0,0,0,0,0
'090961,"Juniper berries and seeds of anise, badian, caraway or fennel, neither crushed nor ground",0,0,0,0,0,0,0,0,0,0,0,0,,,,,,,,,,,,,,,1,0,0,0,0,0,0,0,0,1,0,1
'091099,"Spices (excl. pepper of the genus Piper, fruit of the genus Capsicum or of the genus Pimenta, ...",0,0,0,0,0,0,0,0,0,0,0,0,,,,,,,,,,,,,,,136,201,180,126,216,58,128,117,157,62,125,42
'100620,Husked or brown rice,0,0,0,0,0,0,0,0,0,0,0,0,,,,,,,,,,,,,,,141,104,104,96,103,45,114,176,121,132,91,62
'110813,Potato starch,0,0,0,0,0,0,0,0,0,0,0,0,,,,,,,,,,,,,,,39,43,42,35,13,15,20,28,38,18,22,36
'110820,Inulin,0,0,0,0,0,0,0,0,0,0,0,0,,,,,,,,,,,,,,,0,0,0,0,0,0,0,0,0,0,0,0
'120230,"Groundnut seed, for sowing",0,0,0,0,0,0,0,0,0,0,0,0,,,,,,,,,,,,,,,0,3,0,0,0,0,0,0,0,0,0,0
'120760,"Safflower ""Carthamus tinctorius"" seeds",0,0,0,0,0,0,0,0,0,0,0,0,,,,,,,,,,,,,,,0,0,0,0,0,0,0,0,0,0,0,0
'121300,"Cereal straw and husks, unprepared, whether or not chopped, ground, pressed or in the form ...",0,0,0,0,0,0,0,0,0,0,0,0,,,,,,,,,,,,,,,0,0,0,0,0,0,0,2,0,0,0,4
'010620,"Live reptiles ""e.g. snakes, turtles, alligators, caymans, iguanas, gavials and lizards""",0,0,0,0,0,0,0,0,0,0,0,0,,,,,,,,,,,,,,,148,172,182,230,128,262,109,93,28,8,67,80
'010632,"Live psittaciformes ""incl. parrots, parrakeets, macaws and cockatoos""",0,0,0,0,0,0,0,0,0,0,0,0,,,,,,,,,,,,,,,40,19,27,33,10,64,0,26,0,1,0,0
'010639,"Live birds (excl. birds of prey, psittaciformes, parrots, parrakeets, macaws, cockatoos, ostriches ...",0,0,0,0,0,0,0,0,0,0,0,0,,,,,,,,,,,,,,,38,6,9,1,7,4,10,0,2,4,0,0
'020220,"Frozen bovine cuts, with bone in (excl. carcases and half-carcases)",0,0,0,0,0,0,0,0,0,0,0,0,,,,,,,,,,,,,,,0,0,0,0,0,0,0,1,6,0,0,0
'020410,Fresh or chilled lamb carcases and half-carcases,0,0,0,0,0,0,0,0,0,0,0,0,,,,,,,,,,,,,,,0,0,0,0,0,0,3,3,7,0,0,3
'020690,"Frozen edible offal of sheep, goats, horses, asses, mules and hinnies",0,0,0,0,0,0,0,0,0,0,0,0,,,,,,,,,,,,,,,0,4,6,3,6,8,1,0,0,0,0,0
'020752,"Frozen domestic geese, not cut in pieces",0,0,0,0,0,0,0,0,0,0,0,0,,,,,,,,,,,,,,,0,0,0,0,0,0,0,1,4,1,0,0
'020910,"Pig fat, free of lean meat, not rendered or otherwise extracted, fresh, chilled, frozen, salted, ...",0,0,0,0,0,0,0,0,0,0,0,0,,,,,,,,,,,,,,,0,0,0,0,0,0,0,0,0,0,0,0
'021093,"Meat and edible offal, salted, in brine, dried or smoked, and edible flours and meals of meat ...",0,0,0,0,0,0,0,0,0,0,0,0,,,,,,,,,,,,,,,0,0,30,0,0,0,0,0,0,0,15,0
'030221,"Fresh or chilled lesser or Greenland halibut ""Reinhardtius hippoglossoides, Atlantic halibut ...",0,0,0,0,0,0,0,0,0,0,0,0,,,,,,,,,,,,,,,0,0,0,0,0,0,0,0,0,0,0,0
'030285,"Fresh or chilled sea bream ""Sparidae""",0,0,0,0,0,0,0,0,0,0,0,0,,,,,,,,,,,,,,,1,1,0,0,2,1,4,2,1,1,0,1
'030314,"Frozen trout ""Salmo trutta, Oncorhynchus mykiss, Oncorhynchus clarki, Oncorhynchus aguabonita, ...",0,0,0,0,0,0,0,0,0,0,0,0,,,,,,,,,,,,,,,0,0,0,0,0,0,0,0,0,0,0,0
'030331,"Frozen lesser or Greenland halibut ""Reinhardtius hippoglossoides"", Atlantic halibut ""Hippoglossus ...",0,0,0,0,0,0,0,0,0,0,0,0,,,,,,,,,,,,,,,446,236,259,220,123,165,106,316,661,132,240,74
'152190,"Beeswax, other insect waxes and spermaceti, whether or not refined or coloured",0,0,0,0,0,0,0,0,0,0,0,0,,,,,,,,,,,,,,,0,0,146,49,0,0,0,0,0,0,0,0
'160100,"Sausages and similar products, of meat, meat offal, blood or insects; food preparations based ...",0,0,0,0,0,0,0,0,0,0,0,0,,,,,,,,,,,,,,,219,179,286,273,179,122,197,146,206,256,152,208
'160241,"Hams of swine and cuts thereof, prepared or preserved",0,0,0,0,0,0,0,0,0,0,0,0,,,,,,,,,,,,,,,55,3,40,33,14,44,51,32,43,27,20,32
'160510,"Crab, prepared or preserved (excl. smoked)",0,0,0,0,0,0,0,0,0,0,0,0,,,,,,,,,,,,,,,561,1005,299,444,320,300,398,130,109,159,0,355
'170410,"Chewing gum, whether or not sugar-coated",0,0,0,0,0,0,0,0,0,0,0,0,,,,,,,,,,,,,,,7,73,4,0,68,2,0,0,75,1,4,1
'180690,"Chocolate and other preparations containing cocoa, in containers or immediate packings of <= ...",0,0,0,0,0,0,0,0,0,0,0,0,,,,,,,,,,,,,,,149,160,177,159,140,219,209,94,117,139,154,121
'190110,"Food preparations for infant use, put up for retail sale, of flour, groats, meal, starch or ...",0,0,0,0,4,0,0,0,0,0,0,0,,,,,,,,,,,,,,,36,13,4,18,52,6,20,20,4,44,5,9
'190510,Crispbread,0,0,0,0,0,0,0,0,0,0,0,0,,,,,,,,,,,,,,,4,4,0,0,1,2,5,1,1,108,1,0
'200390,"Mushrooms and truffles, prepared or preserved otherwise than by vinegar or acetic acid (excl. ...",0,0,0,0,0,0,0,0,0,0,0,0,,,,,,,,,,,,,,,38,96,15,37,44,21,12,29,19,21,38,66
'200591,"Bamboo shoots, prepared or preserved otherwise than by vinegar or acetic acid (excl. frozen)",0,0,0,0,0,1,0,0,0,0,0,0,,,,,,,,,,,,,,,338,464,512,275,328,322,365,292,239,718,256,344
'200710,"Homogenised preparations of jams, jellies, marmalades, fruit or nut purŽes and nut pastes, ...",0,0,0,0,0,0,0,0,0,0,0,0,,,,,,,,,,,,,,,119,103,109,126,53,82,61,90,79,59,73,33
'200939,"Single citrus fruit juice, unfermented, Brix value > 20 at 20¡C, whether or not containing ...",0,0,0,0,0,0,0,0,0,0,0,0,,,,,,,,,,,,,,,18,38,35,25,63,83,17,58,18,12,62,34
'200981,"Cranberry or lingonberry ""Vaccinium macrocarpon, Vaccinium oxycoccos, Vaccinium vitis-idaea"" ...",0,0,0,0,0,0,0,0,0,0,0,0,,,,,,,,,,,,,,,0,0,15,0,0,15,4,15,0,0,10,0
'030366,"Frozen hake ""Merluccius spp., Urophycis spp.""",0,0,0,0,0,0,0,0,0,0,0,0,,,,,,,,,,,,,,,0,0,0,0,0,0,0,0,0,0,0,0
'030368,"Frozen blue whiting ""Micromesistius poutassou, Micromesistius australis""",0,0,0,0,0,0,0,0,0,0,0,0,,,,,,,,,,,,,,,0,0,0,0,0,8,0,0,0,0,0,0
'030441,"Fresh or chilled fillets of Pacific salmon ""Oncorhynchus nerka, Oncorhynchus gorbuscha, Oncorhynchus ...",0,0,0,0,0,0,0,0,0,0,0,0,,,,,,,,,,,,,,,0,0,0,0,0,0,0,0,0,0,0,0
'030457,"Fresh or chilled meat, whether or not minced, of rays and skates ""Rajidae"" (excl. fillets)",0,0,0,0,0,0,0,0,0,0,0,0,,,,,,,,,,,,,,,0,0,0,0,0,0,0,0,0,0,0,0
'030485,"Frozen fillets of toothfish ""Dissostichus spp.""",0,0,0,0,0,0,0,0,0,0,0,0,,,,,,,,,,,,,,,0,0,0,0,0,0,0,0,0,0,0,0
'030487,"Frozen fillets of tuna ""of the genus Thunnus"", skipjack or stripe-bellied bonito ""Euthynnus ...",0,0,0,0,0,0,0,0,0,0,0,0,,,,,,,,,,,,,,,1469,2640,1424,1910,1670,1918,2607,2503,753,1840,1818,1926
'030549,"Smoked fish, incl. fillets (excl. offal, Pacific salmon, Atlantic salmon, Danube salmon, herring, ...",0,0,0,0,0,0,0,0,0,0,0,0,,,,,,,,,,,,,,,0,0,1,91,0,0,0,1,0,0,2,0
'030579,"Fish fins and other edible fish offal, smoked, dried, salted or in brine (excl. heads, tails, ...",0,0,0,0,0,0,0,0,0,0,0,0,,,,,,,,,,,,,,,0,0,0,43,0,0,0,0,0,0,0,0
'030619,"Frozen crustaceans, even smoked, fit for human consumption, whether in shell or not, incl. ...",0,0,0,0,0,0,0,0,0,0,0,0,,,,,,,,,,,,,,,0,8,0,17,0,16,0,3,0,0,17,2
'030732,"Mussels ""Mytilus spp., Perna spp."", frozen, even in shell",0,0,0,0,0,0,0,0,0,0,0,0,,,,,,,,,,,,,,,0,0,0,0,0,0,0,0,0,0,0,0
'030751,"Octopus ""Octopus spp."", live, fresh or chilled",0,0,0,0,0,0,0,0,0,0,0,0,,,,,,,,,,,,,,,0,0,0,0,0,0,0,0,0,0,0,0
'030990,"Flours, meals and pellets of crustaceans, molluscs and other aquatic invertebrates, fit for ...",0,0,0,0,0,0,0,0,0,0,0,0,,,,,,,,,,,,,,,0,0,0,0,0,0,0,0,0,0,0,0
'040721,"Fresh eggs of domestic fowls, in shell (excl. fertilised for incubation)",0,0,0,0,0,0,0,0,0,0,0,0,,,,,,,,,,,,,,,6,25,38,46,1,48,69,6,42,10,26,29
'040891,"Dried birds' eggs, not in shell, whether or not sweetened (excl. egg yolks)",0,0,0,0,0,0,0,0,0,0,0,0,,,,,,,,,,,,,,,9,2,7,17,0,7,5,14,4,18,0,26
'050800,"Coral and similar materials, shells of molluscs, crustaceans or echinoderms, cuttle-bone, powder ...",0,0,0,0,0,0,0,0,0,0,0,0,,,,,,,,,,,,,,,283,116,411,229,122,322,198,226,352,238,21,226
'060420,"Foliage, branches and other parts of plants, without flowers or flower buds, and grasses, mosses ...",0,0,0,0,0,0,0,0,0,0,0,0,,,,,,,,,,,,,,,12,19,28,19,29,18,16,14,17,9,10,12
'070190,Fresh or chilled potatoes (excl. seed),0,0,0,0,0,0,0,0,0,0,0,0,,,,,,,,,,,,,,,2,15,19,12,4,2,3,9,28,23,2,16
'070529,Fresh or chilled chicory (excl. witloof chicory),0,0,0,0,0,0,0,0,0,0,0,0,,,,,,,,,,,,,,,0,0,0,0,0,0,0,0,0,0,0,0
'070610,Fresh or chilled carrots and turnips,0,0,0,0,0,0,0,0,0,0,0,0,,,,,,,,,,,,,,,415,141,84,74,71,68,62,34,41,146,228,377
'070810,"Fresh or chilled peas ""Pisum sativum"", shelled or unshelled",0,0,0,0,0,0,0,0,0,0,0,0,,,,,,,,,,,,,,,0,0,0,0,0,0,0,0,0,0,0,0
'071021,"Shelled or unshelled peas ""Pisum sativum"", uncooked or cooked by steaming or by boiling in ...",0,0,0,0,0,0,0,0,0,0,0,0,,,,,,,,,,,,,,,0,21,0,0,1,1,1,1,1,1,0,1
'071090,"Mixtures of vegetables, uncooked or cooked by steaming or by boiling in water, frozen",0,0,0,0,0,0,0,0,0,0,0,0,,,,,,,,,,,,,,,3,1,0,1,1,1,0,0,0,1,0,0
'071140,"Cucumbers and gherkins provisionally preserved, e.g. by sulphur dioxide gas, in brine, in sulphur ...",0,0,0,0,0,0,0,0,0,0,0,0,,,,,,,,,,,,,,,0,0,0,0,0,0,0,0,0,0,0,2
'071239,"Dried mushrooms and truffles, whole, cut, sliced, broken or in powder, but not further prepared ...",0,0,0,0,0,0,0,2,0,0,0,0,,,,,,,,,,,,,,,0,8,1,0,3,8,1,3,12,4,1,1
'071320,"Dried, shelled chickpeas ""garbanzos"", whether or not skinned or split",0,0,0,0,0,0,0,0,0,0,0,0,,,,,,,,,,,,,,,0,0,0,0,0,0,0,1,0,0,0,0
'071332,"Dried, shelled small red ""Adzuki"" beans ""Phaseolus or Vigna angularis"", whether or not skinned ...",0,0,0,0,0,0,0,0,0,0,0,0,,,,,,,,,,,,,,,22,32,9,7,8,9,10,11,16,15,4,7
'071335,"Dried, shelled cow peas ""Vigna unguiculata"", whether or not skinned or split",0,0,0,0,0,0,0,0,0,0,0,0,,,,,,,,,,,,,,,0,0,0,0,0,0,0,0,0,0,0,0
'071340,"Dried, shelled lentils, whether or not skinned or split",0,0,0,0,0,0,0,0,0,0,0,0,,,,,,,,,,,,,,,0,0,0,0,0,0,0,0,0,0,0,0
'080212,"Fresh or dried almonds, shelled",0,0,0,0,0,0,0,0,0,0,0,0,,,,,,,,,,,,,,,0,0,0,0,0,0,0,0,0,0,0,0
'080292,"Fresh or dried pine nuts, shelled",0,0,0,0,0,0,0,0,0,0,0,0,,,,,,,,,,,,,,,0,0,0,0,0,0,0,0,0,0,0,0
'080410,Fresh or dried dates,0,0,0,0,0,0,0,0,0,0,0,0,,,,,,,,,,,,,,,2,0,0,0,0,0,0,0,0,0,0,0
'080440,Fresh or dried avocados,0,0,0,0,0,0,0,0,0,0,0,0,,,,,,,,,,,,,,,1,0,0,1,0,1,1,1,1,0,0,0
'080620,Dried grapes,0,0,0,0,0,0,0,0,0,0,0,0,,,,,,,,,,,,,,,13,8,4,5,11,15,7,9,10,12,5,14
'081110,"Frozen strawberries, uncooked or cooked by steaming or boiling in water, whether or not sweetened",0,0,0,0,0,0,0,0,0,0,0,0,,,,,,,,,,,,,,,0,2,0,6,0,11,3,0,0,8,0,0
'081290,"Fruit and nuts, provisionally preserved, e.g. by sulphur dioxide gas, in brine, in sulphur ...",0,0,0,0,0,0,0,0,0,0,0,0,,,,,,,,,,,,,,,0,0,0,0,52,0,0,0,0,0,54,0
'081350,Mixtures of nuts or dried fruits,0,0,0,0,0,0,0,0,0,0,0,0,,,,,,,,,,,,,,,10,7,10,7,4,8,15,11,3,11,7,7
'090121,Roasted coffee (excl. decaffeinated),0,0,0,9,2,0,0,0,0,0,0,0,,,,,,,,,,,,,,,464,453,407,633,623,726,787,952,630,616,770,419
'130213,Extracts of hops,0,0,0,0,0,0,0,0,0,0,0,0,,,,,,,,,,,,,,,0,0,0,0,0,0,0,0,0,0,0,0
'150710,"Crude soya-bean oil, whether or not degummed",0,0,0,0,36,37,0,0,147,144,0,0,,,,,,,,,,,,,,,0,104,107,95,118,70,113,27,234,13079,52,143
'220300,Beer made from malt,0,0,0,0,0,0,0,9,0,0,0,0,,,,,,,,,,,,,,,386,433,882,215,238,401,638,312,594,371,375,749
'220510,"Vermouth and other wine of fresh grapes, flavoured with plants or aromatic substances, in containers ...",0,0,0,0,0,0,0,0,0,0,0,0,,,,,,,,,,,,,,,0,0,0,0,0,11,4,0,0,0,0,0
'230110,"Flours, meals and pellets, of meat or offal, unfit for human consumption; greaves",0,0,0,0,0,0,0,0,0,0,0,0,,,,,,,,,,,,,,,0,0,0,0,82,83,80,42,0,148,64,63
'230330,Brewing or distilling dregs and waste,0,0,0,0,0,0,0,0,0,0,0,0,,,,,,,,,,,,,,,2,0,0,0,0,0,0,0,0,0,0,0
'240399,"Chewing tobacco, snuff and other manufactured tobacco and manufactured tobacco substitutes, ...",0,0,0,0,0,0,0,0,0,0,0,0,,,,,,,,,,,,,,,0,0,0,1,0,70,0,0,0,0,0,0
'250200,Unroasted iron pyrites,0,0,0,0,0,0,0,0,0,1,0,0,,,,,,,,,,,,,,,0,0,17,0,0,37,0,0,0,1,607,2343
'251010,"Natural calcium phosphates and natural aluminium calcium phosphates, natural and phosphatic ...",0,0,0,0,0,0,0,0,0,0,0,0,,,,,,,,,,,,,,,0,0,0,0,0,0,0,0,0,0,0,0
'251020,"Natural calcium phosphates and natural aluminium calcium phosphates, natural and phosphatic ...",0,0,0,0,0,0,0,0,0,0,0,0,,,,,,,,,,,,,,,0,0,0,0,0,0,0,0,0,0,0,0
'251611,"Granite, crude or roughly trimmed (excl. already with the characteristics of setts, curbstones ...",0,0,0,0,0,0,0,0,0,0,0,0,,,,,,,,,,,,,,,0,0,0,0,0,0,0,0,0,89,0,3
'251749,"Granules, chippings and powder, whether or not heat-treated, of travertine, ecaussine, alabaster, ...",0,0,0,0,0,0,0,0,0,0,0,0,,,,,,,,,,,,,,,8,0,8,0,53,8,0,0,0,0,5,0
'253020,"Kieserite and epsomite ""natural magnesium sulphates""",0,0,0,0,0,0,0,0,0,0,0,0,,,,,,,,,,,,,,,0,0,0,0,0,0,0,0,0,0,0,0
'260300,Copper ores and concentrates,0,0,0,0,0,0,0,0,0,0,0,0,,,,,,,,,,,,,,,60471,75970,82176,26876,40172,63171,48326,113043,106409,48947,122642,65711
'260800,Zinc ores and concentrates,0,0,0,0,0,0,0,0,0,0,0,0,,,,,,,,,,,,,,,0,0,0,0,0,0,2,6,7,5,6,6
'262011,Hard zinc spelter,0,0,0,0,0,0,0,0,0,0,0,0,,,,,,,,,,,,,,,383,571,222,311,425,426,336,537,442,197,535,326
'262030,"Slag, ash and residues containing mainly copper",0,0,0,0,0,0,0,0,0,0,0,0,,,,,,,,,,,,,,,1046,1185,1191,1190,1050,876,1160,1049,1372,1444,1347,1193
'262040,"Slag, as and residues containing mainly aluminium",0,0,0,0,0,0,0,0,0,0,0,0,,,,,,,,,,,,,,,40,91,66,362,679,618,90,260,279,51,73,77
'270112,"Bituminous coal, whether or not pulverised, non-agglomerated",0,0,0,0,0,0,0,0,0,0,0,0,,,,,,,,,,,,,,,0,0,0,1,0,0,0,0,0,0,0,0
'270820,Pitch coke obtained from coal tar or from other mineral tars,0,0,0,4,0,0,0,0,0,0,0,0,,,,,,,,,,,,,,,0,10,0,4,0,0,0,0,0,0,0,0
'271311,"Petroleum coke, non-calcined",0,0,0,0,0,0,0,0,0,0,0,0,,,,,,,,,,,,,,,6883,4779,6288,6633,5529,7494,6168,5825,9167,5183,8995,7871
'280110,Chlorine,0,0,0,0,0,0,0,0,0,0,0,0,,,,,,,,,,,,,,,28,14,24,9,22,18,23,7,14,16,14,14
'280200,"Sulphur, sublimed or precipitated; colloidal sulphur",0,2,3,0,6,0,2,0,0,9,0,0,,,,,,,,,,,,,,,26,2,3,0,6,0,5,0,0,9,0,0
'280410,Hydrogen,0,0,0,0,0,0,0,0,0,0,0,0,,,,,,,,,,,,,,,0,0,1,0,68,0,0,0,0,0,95,85
'280429,Rare gases (excl. argon),0,0,0,0,0,0,0,0,0,0,4,0,,,,,,,,,,,,,,,233,712,238,370,338,304,230,351,648,632,487,128
'280440,Oxygen,0,0,0,0,0,0,0,0,0,0,0,0,,,,,,,,,,,,,,,19,0,23,1,2,1,20,0,1,1,17,1
'282630,"Sodium hexafluoroaluminate ""synthetic cryolite""",0,0,0,0,0,0,0,0,0,0,0,0,,,,,,,,,,,,,,,84,100,121,173,144,274,76,87,195,83,129,186
'282710,Ammonium chloride,0,0,10,0,0,0,0,0,10,0,0,0,,,,,,,,,,,,,,,7,19,35,18,13,13,4,15,25,10,9,7
'282720,Calcium chloride,0,2,7,0,2,0,9,2,0,0,0,0,,,,,,,,,,,,,,,0,2,7,0,10,0,18,19,0,0,14,0
'283421,Nitrate of potassium,0,0,57,0,0,0,0,0,0,0,0,0,,,,,,,,,,,,,,,0,0,57,0,0,0,0,0,0,0,60,0
'281213,Phosphorus trichloride,0,0,0,0,0,0,0,0,0,0,0,0,,,,,,,,,,,,,,,0,0,0,0,0,0,0,0,0,0,0,0
'281610,Hydroxide and peroxide of magnesium,0,0,2,4,4,0,0,4,0,2,6,0,,,,,,,,,,,,,,,0,4,2,4,4,0,30,4,0,26,6,0
'281640,"Oxides, hydroxides and peroxides, of strontium or barium",0,0,0,0,0,0,0,0,0,0,0,0,,,,,,,,,,,,,,,0,0,0,0,0,0,1,0,0,0,0,0
'290211,Cyclohexane,0,0,0,0,0,0,0,0,0,0,0,0,,,,,,,,,,,,,,,0,0,0,15,0,0,0,0,0,0,0,0
'284321,Silver nitrate,0,253,0,0,0,0,253,0,0,0,0,0,,,,,,,,,,,,,,,0,258,8,7,0,0,253,0,26,0,0,3
'284443,"Radioactive elements and isotopes and compounds; alloys, dispersions incl. cermets, ceramic ...",0,0,0,0,0,0,0,0,0,0,0,0,,,,,,,,,,,,,,,0,23,0,0,0,0,0,135,2,0,0,0
'284161,Potassium permanganate,0,0,0,0,0,0,0,0,0,0,0,0,,,,,,,,,,,,,,,0,0,0,0,0,0,0,0,0,0,0,0
'284170,Molybdates,0,0,0,0,0,0,0,0,0,0,0,0,,,,,,,,,,,,,,,4,0,33,0,0,0,5,105,0,0,0,23
'290420,Derivatives of hydrocarbons containing only nitro or nitroso groups,0,0,0,0,0,0,0,0,0,0,0,0,,,,,,,,,,,,,,,0,0,0,3,0,0,0,0,0,0,0,0
'290329,"Unsaturated chlorinated derivatives of acyclic hydrocarbons (excl. vinyl chloride ""chloroethylene"", ...",0,0,0,0,0,0,0,0,0,0,0,0,,,,,,,,,,,,,,,0,0,19,0,4,3,0,8,80,1,0,0
'290342,"Difluoromethane ""HFC-32""",0,0,0,0,0,0,0,0,0,0,0,0,,,,,,,,,,,,,,,63,6,0,250,133,285,299,10,3,0,0,0
'290344,"Pentafluoroethane ""HFC-125"", 1,1,1-trifluoroethane ""HFC-143a"" and 1,1,2-trifluoroethane ""HFC-143""",0,0,0,0,0,0,0,0,0,0,0,0,,,,,,,,,,,,,,,0,0,0,0,0,0,85,1278,477,0,0,12
'290349,Saturated fluorinated derivatives of acyclic hydrocarbons (excl. products of 2903.41 to 2903.48),0,0,0,0,0,0,0,0,0,0,0,0,,,,,,,,,,,,,,,89,138,60,228,92,90,71,2,183,40,172,38
'290391,"Chlorobenzene, o-dichlorobenzene and p-dichlorobenzene",0,0,0,0,0,0,0,0,0,0,0,0,,,,,,,,,,,,,,,10,0,0,0,10,20,10,0,0,9,9,0
'292229,"Amino-naphthols and other amino-phenols, their ethers and esters; salts thereof (excl. those ...",0,0,0,0,0,0,0,0,0,0,0,0,,,,,,,,,,,,,,,2,10,140,546,102,0,312,789,5,186,68,3
'292242,Glutamic acid and its salts,0,0,0,0,0,0,0,0,0,0,0,0,,,,,,,,,,,,,,,1987,2088,1938,1367,2615,2433,2157,1887,2313,2309,2001,2953
'292113,"2-""N,N-Diethylamino""ethylchloride hydrochloride",0,0,0,0,0,0,0,0,0,0,0,0,,,,,,,,,,,,,,,0,0,0,0,0,0,0,0,0,0,0,0
'291816,"Gluconic acid, its salts and esters",0,0,0,0,3,3,0,0,0,8,9,0,,,,,,,,,,,,,,,10,0,19,2,5,3,5,0,0,13,9,0
'291090,"Epoxides, epoxyalcohols, epoxyphenols and epoxyethers, with a three-membered ring, and their ...",0,0,0,0,0,0,0,0,0,0,0,0,,,,,,,,,,,,,,,105,39,71,0,292,257,0,107,0,52,68,241
'291249,"Aldehyde-alcohols, aldehyde-ethers, aldehyde-phenols and aldehydes with other oxygen function ...",0,0,0,0,0,0,0,0,0,0,0,0,,,,,,,,,,,,,,,463,494,0,0,0,1369,457,455,459,858,862,1340
'291511,Formic acid,0,0,0,0,0,0,0,0,0,0,0,0,,,,,,,,,,,,,,,0,0,2,0,3,3,5,0,0,0,2,0
'290545,Glycerol,0,0,0,0,0,0,2,3,0,1,0,0,,,,,,,,,,,,,,,191,193,203,171,215,203,263,259,328,508,133,303
'290612,"Cyclohexanol, methylcyclohexanols and dimethylcyclohexanols",0,0,0,0,0,0,0,0,0,0,0,0,,,,,,,,,,,,,,,0,0,0,0,0,0,0,0,0,0,0,0
'290899,"Halogenated, sulphonated, nitrated or nitrosated derivatives of phenols or phenol-alcohols ...",0,0,0,0,0,0,0,0,0,0,0,0,,,,,,,,,,,,,,,86,0,0,0,0,0,3,0,0,3,0,0
'330710,"Shaving preparations, incl. pre-shave and aftershave products",0,0,0,0,0,0,0,0,0,0,0,0,,,,,,,,,,,,,,,31,0,0,55,0,0,2,5,0,43,0,2
'330741,"""Agarbatti"" and other odoriferous preparations which operate by burning",0,0,2,12,14,0,0,0,0,0,3,0,,,,,,,,,,,,,,,10,55,118,22,139,49,49,36,39,92,24,27
'320620,Pigments and preparations of a kind used for colouring any material or used as ingredients ...,0,0,0,0,0,0,0,16,0,0,0,0,,,,,,,,,,,,,,,0,0,0,0,0,10,0,18,0,0,0,0
'320642,Lithopone and other pigments and preparations based on zinc sulphide of a kind used for colouring ...,0,0,0,0,0,0,0,0,0,0,0,0,,,,,,,,,,,,,,,0,5,34,24,0,0,10,2,0,0,0,0
'292610,Acrylonitrile,0,0,0,0,0,0,0,0,0,0,0,0,,,,,,,,,,,,,,,21959,36468,18248,30617,28206,16688,27126,14010,26048,22619,16825,20342
'293213,Furfuryl alcohol and tetrahydrofurfuryl alcohol,0,0,0,0,0,0,0,0,0,0,0,0,,,,,,,,,,,,,,,0,0,0,0,0,0,0,0,0,0,0,0
'293311,"Phenazone ""antipyrin"" and its derivatives",0,0,0,0,0,0,0,0,0,0,0,0,,,,,,,,,,,,,,,0,0,0,0,0,0,0,0,0,0,0,0
'293353,"Allobarbital ""INN"", amobarbital ""INN"", barbital ""INN"", butalbital ""INN"", butobarbital ""INN"", ...",0,0,0,0,0,0,0,0,0,0,0,0,,,,,,,,,,,,,,,1085,644,203,325,12,1276,313,66,830,1407,9,47
'293391,"Alprazolam ""INN"", camazepam ""INN"", chlordiazepoxide ""INN"", clonazepam ""INN"", clorazepate, delorazepam ...",0,0,0,0,0,0,0,0,0,0,0,0,,,,,,,,,,,,,,,0,0,0,0,0,0,0,0,0,0,0,0
'293410,"Heterocyclic compounds containing an unfused thiazole ring, whether or not hydrogenated, in ...",0,0,0,0,0,0,0,0,0,0,0,0,,,,,,,,,,,,,,,0,0,0,0,0,0,0,0,0,0,0,0
'300349,"Medicaments containing alkaloids or derivatives thereof, not containing hormones, steroids ...",0,0,0,0,0,0,0,0,0,0,0,0,,,,,,,,,,,,,,,0,474,471,1424,492,248,0,471,963,484,250,1306
'300432,"Medicaments containing corticosteroid hormones, their derivatives or structural analogues but ...",0,44,0,0,0,0,0,0,0,0,0,0,,,,,,,,,,,,,,,1301,701,814,1055,476,1367,1257,496,839,507,1093,757
'300590,"Wadding, gauze, bandages and the like, e.g. dressings, adhesive plasters, poultices, impregnated ...",0,12,23,1,0,8,0,10,5,3,12,0,,,,,,,,,,,,,,,922,907,488,1016,796,719,765,1063,932,800,582,381
'310260,Double salts and mixtures of calcium nitrate and ammonium nitrate (excl. those in tablets or ...,0,0,0,0,0,0,0,0,0,0,0,0,,,,,,,,,,,,,,,0,0,0,0,0,0,0,0,0,0,0,0
'310559,Mineral or chemical fertilisers containing the two fertilising elements nitrogen (excl. nitrate) ...,0,0,0,0,0,0,0,0,0,0,0,0,,,,,,,,,,,,,,,0,0,0,0,0,0,0,0,0,2,0,0
'320120,Wattle extract,0,0,0,0,0,0,5,0,0,0,0,0,,,,,,,,,,,,,,,0,0,33,0,32,0,5,32,0,0,37,0
'293729,"Steroidal hormones, their derivatives and structural analogues, used primarily as hormones ...",0,0,0,0,0,0,0,0,0,0,0,0,,,,,,,,,,,,,,,3055,344,777,250,36,118,823,298,78,124,362,233
'293911,"Concentrates of poppy straw; buprenorphine ""INN"", codeine, dihydrocodeine ""INN"", ethylmorphine, ...",0,0,0,0,0,0,0,0,0,0,0,0,,,,,,,,,,,,,,,0,0,0,0,0,0,0,0,0,0,0,0
'300214,"Immunological products, mixed, not put up in measured doses or in forms or packings for retail ...",0,0,0,0,0,0,0,0,0,0,0,0,,,,,,,,,,,,,,,0,2,580,811,51,2537,41,1987,73,824,964,106
'350400,"Peptones and their derivatives; other protein substances and their derivatives, n.e.s.; hide ...",0,0,0,14,0,0,0,0,0,0,0,0,,,,,,,,,,,,,,,653,692,398,445,1071,2277,442,1621,1092,813,1602,360
'360200,Prepared explosives (excl. propellent powders),0,0,0,0,0,0,0,0,0,0,0,0,,,,,,,,,,,,,,,0,0,0,0,0,0,0,0,0,0,0,0
'370191,"Photographic plates and film in the flat, sensitised, unexposed, of any material other than ...",0,0,0,0,0,0,0,0,0,0,0,0,,,,,,,,,,,,,,,0,3,0,0,0,0,0,0,0,0,0,0
'370232,"Photographic film ""incl. instant print film"", in rolls, sensitised, unexposed, without perforations, ...",0,0,0,0,0,0,0,0,0,0,0,0,,,,,,,,,,,,,,,0,0,0,0,0,0,0,0,0,0,0,0
'370256,"Photographic film, sensitised, in rolls, unexposed, with perforations, for colour photography ...",0,3,4,0,0,0,0,2,3,3,0,0,,,,,,,,,,,,,,,0,3,4,0,0,0,0,2,3,3,0,0
'370310,"Photographic paper, paperboard and textiles, sensitised, unexposed, in rolls > 610 mm wide",0,0,0,0,0,0,0,0,0,0,0,0,,,,,,,,,,,,,,,0,0,0,0,0,0,0,0,0,0,0,0
'380120,Colloidal or semi-colloidal graphite,0,0,0,0,0,0,0,0,0,0,0,0,,,,,,,,,,,,,,,0,0,0,0,0,0,0,0,6,0,0,0
'380620,"Salts of rosin, of resin acids or of derivatives of rosin or resin acids (excl. salts of rosin ...",0,0,0,0,0,0,0,0,0,0,0,0,,,,,,,,,,,,,,,0,0,0,92,1,0,0,0,0,0,0,0
'380690,"Derivatives of rosin, incl. salts of rosin adducts, and of resin acids, light and heavy resin ...",0,25,5,0,0,45,0,0,24,46,1,0,,,,,,,,,,,,,,,220,280,376,291,92,333,175,235,316,383,190,192
'382370,"Fatty alcohols, industrial",0,0,0,0,0,0,0,0,0,0,0,0,,,,,,,,,,,,,,,0,0,0,7,0,0,7,0,0,1,0,0
'382430,Non-agglomerated metal carbides mixed together or with metallic binders,0,13,0,0,39,6,8,58,24,19,46,0,,,,,,,,,,,,,,,67,457,24,198,78,66,46,270,295,259,192,307
'391510,"Waste, parings and scrap, of polymers of ethylene",0,20,0,0,0,0,0,0,0,0,0,0,,,,,,,,,,,,,,,510,263,173,219,169,205,207,159,206,187,69,118
'391721,"Rigid tubes, pipes and hoses, of polymers of ethylene",0,0,0,0,0,0,0,115,96,0,0,0,,,,,,,,,,,,,,,90,76,76,51,114,64,42,293,139,57,69,89
'392071,"Plates, sheets, film, foil and strip, of non-cellular regenerated cellulose, not reinforced, ...",0,0,0,0,0,0,0,3,0,1,1,0,,,,,,,,,,,,,,,3,8,3,5,7,6,4,28,7,30,5,7
'441239,"Plywood consisting solely of sheets of wood <= 6 mm thick, with both outer plies of coniferous ...",0,0,0,0,0,0,0,0,0,0,0,0,,,,,,,,,,,,,,,46,38,32,107,57,113,49,97,3,106,45,52
'441242,"Laminated veneered lumber ""LVL"", with at least one outer ply of non-coniferous wood (excl. ...",0,0,0,0,0,0,0,0,0,0,0,0,,,,,,,,,,,,,,,0,0,0,0,4,0,0,0,0,0,0,0
'441252,"Blockboard, laminboard and battenboard, with at least one outer ply of non-coniferous wood ...",0,0,0,0,0,0,0,0,0,0,0,0,,,,,,,,,,,,,,,679,1272,425,426,262,0,4,0,0,0,0,0
'441259,"Blockboard, laminboard and battenboard, with both outer plies of coniferous wood (excl. of ...",0,0,0,0,0,0,0,0,0,0,0,0,,,,,,,,,,,,,,,0,0,0,0,0,561,578,880,1211,1121,72,0
'441291,"Laminated wood with at least one outer ply of tropical wood (excl. of bamboo, plywood consisting ...",0,0,0,0,0,0,0,0,0,0,0,0,,,,,,,,,,,,,,,0,0,0,0,0,0,0,0,0,0,0,0
'441829,"Doors and their frames and thresholds, of wood (excl. of tropical wood)",0,0,0,0,0,0,0,0,0,0,0,0,,,,,,,,,,,,,,,12,61,161,69,68,15,15,62,16,21,66,21
'441879,"Flooring panels, assembled, of wood other than bamboo (excl. multilayer panels and panels for ...",0,0,0,0,0,0,0,0,0,0,0,0,,,,,,,,,,,,,,,23,12,63,59,5,2,32,86,0,104,66,0
'441881,"Glue-laminated timber ""glulam""",0,0,0,0,0,0,0,0,0,0,0,0,,,,,,,,,,,,,,,0,0,0,0,0,0,0,0,0,0,0,0
'441891,"Builders' joinery and carpentry, of bamboo (excl. windows, French windows and their frames, ...",0,0,0,0,0,0,0,0,0,0,0,0,,,,,,,,,,,,,,,0,0,0,0,0,0,0,0,0,0,0,0
'441911,"Bread boards, chopping boards and similar boards, of bamboo",0,0,0,0,0,0,0,0,0,0,0,0,,,,,,,,,,,,,,,0,0,17,0,0,0,0,0,0,0,3,0
'411200,"Leather further prepared after tanning or crusting ""incl. parchment-dressed leather"", of sheep ...",0,0,0,0,0,0,0,0,0,0,0,0,,,,,,,,,,,,,,,3,0,4,0,0,3,7,0,3,0,0,1
'411330,"Leather further prepared after tanning or crusting ""incl. parchment-dressed leather"", of reptiles,, ...",0,0,0,0,0,0,0,0,0,0,0,0,,,,,,,,,,,,,,,0,0,0,0,0,0,0,0,0,0,0,0
'450110,"Natural cork, raw or simply prepared ""merely surface-worked or otherwise cleaned""",0,0,0,0,0,0,0,0,0,0,0,0,,,,,,,,,,,,,,,0,0,25,0,0,0,0,0,0,0,0,0
'450410,"Tiles of any shape, blocks, plates, sheets and strip, solid cylinders, incl. discs, of agglomerated ...",0,0,0,0,0,0,0,0,0,0,0,0,,,,,,,,,,,,,,,9,5,4,4,0,5,0,14,17,32,6,1
'450490,"Agglomerated cork, with or without a binding substance, and articles of agglomerated cork (excl. ...",0,0,0,0,0,0,0,0,0,0,0,0,,,,,,,,,,,,,,,301,251,346,352,502,117,304,265,369,182,172,392
'460193,"Plaits and similar products, of rattan plaiting materials, whether or not assembled into strips; ...",0,0,0,0,0,0,0,0,0,0,0,0,,,,,,,,,,,,,,,7,0,0,0,1,0,0,0,0,0,0,0
'460211,"Basketwork, wickerwork and other articles, made directly to shape from bamboo plaiting materials ...",0,0,0,0,0,0,0,0,0,0,0,0,,,,,,,,,,,,,,,7,53,0,17,7,60,13,0,0,17,0,0
'420100,"Saddlery and harness for any animal, incl. traces, leads, knee pads, muzzles, saddle cloths, ...",4,0,0,0,7,0,0,0,0,6,0,0,,,,,,,,,,,,,,,1488,2301,1683,2280,1910,1704,1666,2263,2201,2071,2295,1181
'420212,"Trunks, suitcases, vanity cases, executive-cases, briefcases, school satchels and similar containers, ...",0,0,0,0,1,1,0,0,2,0,0,0,,,,,,,,,,,,,,,2545,5011,5101,3837,3600,3018,2204,3536,3551,1825,3038,4281
'420299,"Travelling-bags, shopping or tool bags, jewellery boxes, cutlery cases and similar, with outer ...",0,2,0,0,0,0,0,0,0,0,0,0,,,,,,,,,,,,,,,578,543,582,542,526,209,426,415,240,204,291,348
'420340,"Clothing accessories of leather or composition leather (excl. gloves, mittens and mitts, belts, ...",0,0,0,0,0,0,0,2,0,0,0,0,,,,,,,,,,,,,,,4,4,3,2,0,7,11,2,16,8,2,4
'430230,"Tanned or dressed whole furskins and pieces or cuttings thereof, assembled, without the addition ...",0,0,0,0,0,0,0,0,0,0,0,0,,,,,,,,,,,,,,,0,0,0,0,0,0,0,0,0,0,0,0
'440312,"Wood in the rough, treated with paint, stains, creosote or other preservatives, non-coniferous ...",0,0,0,0,0,0,0,0,0,0,0,0,,,,,,,,,,,,,,,0,0,0,0,0,0,0,0,0,0,0,0
'440322,"Pine ""Pinus spp."" in the rough, of which the smallest cross-sectional dimension is ...",0,0,0,0,0,6,0,0,0,0,0,0,,,,,,,,,,,,,,,0,0,0,0,0,6,0,0,0,0,0,0
'440324,"Fir ""Abies spp."" and spruce ""Picea spp."" in the rough, of which the smallest cross-sectional ...",0,0,0,0,0,0,0,0,0,0,0,0,,,,,,,,,,,,,,,0,0,0,0,0,0,0,0,0,0,0,0
'440692,"Railway or tramway sleepers ""cross-ties"" of wood, impregnated, non-coniferous",0,0,0,0,0,0,0,0,0,0,0,0,,,,,,,,,,,,,,,0,0,0,0,0,0,0,0,0,0,0,0
'440713,"S-P-F (spruce ""Picea spp."", pine ""Pinus spp."" and fir ""Abies spp."") sawn or chipped lengthwise, ...",0,0,0,0,0,0,0,0,0,0,0,0,,,,,,,,,,,,,,,0,0,0,0,0,0,0,0,0,0,0,0
'440721,"Mahogany ""Swietenia spp."", sawn or chipped lengthwise, sliced or peeled, whether or not planed, ...",0,0,0,0,0,0,0,0,0,0,0,0,,,,,,,,,,,,,,,0,0,0,0,0,0,0,0,0,0,0,0
'440726,"White lauan, white meranti, white seraya, yellow meranti and alan, sawn or chipped lengthwise, ...",0,0,0,0,0,0,0,0,0,0,0,0,,,,,,,,,,,,,,,0,50,0,55,40,1,45,0,56,0,0,52
'440792,"Beech ""Fagus spp."", sawn or chipped lengthwise, sliced or peeled, whether or not planed, sanded ...",0,0,0,0,0,0,0,0,0,0,0,0,,,,,,,,,,,,,,,0,0,0,0,0,0,0,0,0,0,0,0
'440839,"Sheets for veneering, incl. those obtained by slicing laminated wood, for plywood or for other ...",0,0,0,0,0,0,0,0,0,0,0,0,,,,,,,,,,,,,,,65,144,118,154,145,292,52,52,191,55,32,405
'440921,"Bamboo, incl. strips and friezes for parquet flooring, not assembled, continuously shaped ""tongued, ...",0,0,0,0,0,0,0,0,0,0,0,0,,,,,,,,,,,,,,,0,0,0,0,0,0,0,0,0,0,0,0
'441011,"Particle board of wood, whether or not agglomerated with resins or other organic binding substances ...",28,0,0,0,0,0,0,0,0,0,0,0,,,,,,,,,,,,,,,53,15,34,36,26,27,35,27,78,81,119,92
'520949,"Woven fabrics of cotton, containing >= 85% cotton by weight and weighing > 200 g/m_, made of ...",0,0,0,0,0,0,0,0,0,0,0,0,,,,,,,,,,,,,,,0,0,2,13,14,0,0,0,0,0,53,0
'520829,"Woven fabrics of cotton, containing >= 85% cotton by weight and weighing <= 200 g/m_, bleached ...",0,0,0,0,0,0,0,0,0,0,0,0,,,,,,,,,,,,,,,0,0,4,0,0,0,0,0,0,0,0,0
'521215,"Woven fabrics of cotton, containing predominantly, but < 85% cotton by weight, other than those ...",2,5,2,3,0,0,0,4,0,0,0,0,,,,,,,,,,,,,,,6,5,4,3,14,2,2,4,2,5,2,7
'530390,"Jute and other textile bast fibres, processed but not spun; tow and waste of such fibres, incl. ...",0,0,0,0,0,0,0,0,0,0,0,0,,,,,,,,,,,,,,,0,0,0,0,0,0,0,0,0,0,0,0
'530710,Single yarn of jute or of other textile bast fibres of heading 5303,0,0,0,0,1,0,0,0,0,0,0,0,,,,,,,,,,,,,,,0,0,0,0,1,0,0,0,0,0,0,0
'530921,"Woven fabrics of flax, containing predominantly, but < 85% flax by weight, unbleached or bleached",0,0,0,0,0,0,0,0,0,0,0,0,,,,,,,,,,,,,,,0,0,0,0,0,0,0,0,0,0,0,0
'480256,"Uncoated paper and paperboard, of a kind used for writing, printing or other graphic purposes, ...",12,0,2,0,0,0,0,0,2,0,0,0,,,,,,,,,,,,,,,14,22,87,57,37,37,40,18,51,33,27,35
'490300,"Children's picture, drawing or colouring books",0,0,0,0,0,0,0,0,0,0,0,0,,,,,,,,,,,,,,,2361,1211,908,815,940,1021,550,792,929,916,585,439
'490590,"Maps and hydrographic or similar charts of all kinds, incl. atlases, wall maps, topographical ...",0,0,0,0,0,0,0,0,0,0,0,0,,,,,,,,,,,,,,,87,102,186,66,213,97,11,147,171,208,13,81
'520513,"Single cotton yarn, of uncombed fibres, containing >= 85% cotton by weight and with a linear ...",0,0,0,0,0,0,0,0,0,0,0,0,,,,,,,,,,,,,,,0,0,0,0,0,0,0,0,0,0,0,0
'520526,"Single cotton yarn, of combed fibres, containing >= 85% cotton by weight and with a linear ...",0,0,0,0,0,0,0,0,0,0,0,0,,,,,,,,,,,,,,,0,0,0,0,0,0,0,0,0,0,0,0
'520528,"Single cotton yarn, of combed fibres, containing >= 85% cotton by weight and with a linear ...",0,0,0,0,0,0,0,0,0,0,0,0,,,,,,,,,,,,,,,0,0,0,0,0,0,0,0,0,0,0,0
'520632,"Multiple ""folded"" or cabled cotton yarn containing predominantly, but < 85% cotton by weight, ...",0,0,0,0,0,0,0,0,0,0,0,0,,,,,,,,,,,,,,,0,0,0,0,0,0,0,0,0,0,0,0
'520644,"Multiple ""folded"" or cabled cotton yarn containing predominantly, but < 85% cotton by weight, ...",0,0,0,0,0,0,0,0,0,0,0,0,,,,,,,,,,,,,,,0,0,0,0,0,0,0,0,0,0,0,0
'491191,"Pictures, prints and photographs, n.e.s.",0,0,0,0,0,0,0,0,0,0,0,0,,,,,,,,,,,,,,,191,115,77,361,150,140,77,211,164,161,137,93
'500600,"Silk yarn and yarn spun from silk waste, put up for retail sale; silkworm gut",0,0,0,0,0,0,0,0,0,0,0,0,,,,,,,,,,,,,,,1,0,1,0,1,0,1,1,0,0,0,1
'500790,"Woven fabrics containing predominantly, but < 85% silk or silk waste by weight",0,0,0,1,0,0,0,0,0,1,0,0,,,,,,,,,,,,,,,2,1,26,19,1,4,0,18,10,21,11,13
'510219,"Fine animal hair, neither carded nor combed (excl. wool and hair of Kashmir ""cashmere"" goats)",0,0,0,0,0,0,0,0,0,0,0,0,,,,,,,,,,,,,,,0,0,0,0,0,0,0,16,0,0,0,0
'510320,"Waste of wool or of fine animal hair, incl. yarn waste (excl. noils and garnetted stock)",0,0,0,0,0,0,0,0,0,0,0,0,,,,,,,,,,,,,,,0,0,0,0,0,0,0,0,0,0,0,0
'510510,"Wool, carded",0,0,0,0,0,0,0,0,0,0,0,0,,,,,,,,,,,,,,,0,0,0,0,0,0,0,0,0,0,0,0
'510529,"Wool, combed (excl. that in fragments ""open tops"")",0,0,0,0,0,0,0,0,0,0,0,0,,,,,,,,,,,,,,,1136,507,856,296,174,664,299,255,1090,1079,312,767
'480511,"Semi-chemical fluting paper, uncoated, in rolls of a width > 36 cm",0,0,0,0,0,0,0,0,0,0,0,0,,,,,,,,,,,,,,,103,47,273,357,72,143,67,29,96,20,24,330
'480591,"Paper and paperboard, uncoated, in rolls of a width > 36 cm or in square or rectangular sheets ...",0,7,3,2,0,0,9,1,0,0,3,0,,,,,,,,,,,,,,,713,768,672,268,452,562,443,284,315,389,315,379
'480630,"Tracing papers, in rolls of a width > 36 cm or in square or rectangular sheets with one side ...",0,0,0,0,0,0,1,0,0,0,0,0,,,,,,,,,,,,,,,0,1,0,2,0,0,4,0,2,1,0,0
'480920,"Self-copy paper, whether or not printed, in rolls of a width > 36 cm or in square or rectangular ...",0,0,0,0,0,0,0,0,0,0,0,0,,,,,,,,,,,,,,,0,0,0,9,0,0,0,0,0,0,0,0
'481032,"Kraft paper and paperboard, bleached uniformly throughout the mass and containing > 95% chemically ...",0,0,0,0,0,0,0,0,0,0,0,0,,,,,,,,,,,,,,,102,0,0,0,0,101,73,51,50,0,76,0
'481151,"Paper and paperboard, surface-coloured, surface-decorated or printed, coated, impregnated or ...",0,0,0,0,0,0,0,0,0,0,0,0,,,,,,,,,,,,,,,55,25,106,78,15,39,75,81,74,45,94,29
'481200,"Filter blocks, slabs and plates, of paper pulp",0,0,0,0,0,0,0,0,0,0,0,0,,,,,,,,,,,,,,,25,54,8,43,17,0,31,0,38,0,0,0
'481390,"Cigarette paper, whether or not cut to size (excl. in the form of booklets or tubes, and rolls ...",0,0,0,0,0,0,0,0,0,0,0,0,,,,,,,,,,,,,,,0,0,0,0,0,2,0,0,0,0,34,0
'481710,Envelopes of paper or paperboard (excl. letter cards),0,2,0,0,0,0,0,0,0,0,0,0,,,,,,,,,,,,,,,53,33,67,37,24,165,111,92,126,78,61,48
'481810,Toilet paper in rolls of a width of <= 36 cm,0,0,0,0,0,2,0,2,0,0,0,0,,,,,,,,,,,,,,,784,811,753,892,884,611,704,832,834,930,754,842
'940521,"Electric table, desk, bedside or floor-standing luminaires, solely for light-emitting diode ...",0,0,0,0,0,0,0,0,0,0,0,0,,,,,,,,,,,,,,,69,246,24,40,129,30,78,46,52,46,65,70
'940610,"Prefabricated buildings of wood, whether or not complete or already assembled",0,0,0,0,0,0,0,0,0,0,0,0,,,,,,,,,,,,,,,0,0,0,0,0,0,0,0,0,0,0,0
'940620,"Modular building units, of steel",0,0,0,0,0,0,0,0,0,0,0,0,,,,,,,,,,,,,,,39,0,0,2,0,0,0,0,13,0,0,0
'940370,"Furniture of plastics (excl. medical, dental, surgical or veterinary, and seats)",0,0,0,0,0,0,0,0,0,0,0,0,,,,,,,,,,,,,,,907,1821,1672,881,1215,961,1454,1306,1297,1452,1418,865
'940382,"Furniture of bamboo (excl. seats and medical, surgical, dental or veterinary furniture)",0,0,0,0,0,0,0,0,0,0,0,0,,,,,,,,,,,,,,,0,0,0,0,0,0,0,0,0,0,0,0
'902212,Computer tomography apparatus,0,0,0,0,0,0,0,0,0,0,0,0,,,,,,,,,,,,,,,0,0,0,0,817,1209,0,0,0,28,0,0
'902214,"Apparatus based on the use of X-rays, for medical, surgical or veterinary uses (excl. for dental ...",0,0,0,0,0,0,0,0,0,0,0,0,,,,,,,,,,,,,,,0,506,0,0,0,0,0,29,0,0,0,0
'902229,"Apparatus based on the use of alpha, beta, gamma or other ionising radiation (other than for ...",0,0,0,0,0,0,0,0,0,0,0,0,,,,,,,,,,,,,,,37,0,0,4,2,0,0,52,6,129,0,0
'902410,Machines and appliances for testing metals,146,86,58,116,184,23,31,85,120,68,8,0,,,,,,,,,,,,,,,510,741,687,725,937,498,656,583,815,404,312,827
'902810,"Gas meters, incl. calibrating meters therefor",2,0,0,0,0,0,0,0,6,0,0,0,,,,,,,,,,,,,,,2,8,1,28,35,4,9,28,8,0,0,0
'900710,Cinematographic cameras,0,0,0,0,0,0,0,0,0,0,0,0,,,,,,,,,,,,,,,0,0,0,5,0,0,0,0,0,0,0,0
'901320,Lasers (excl. laser diodes),0,2,80,228,0,209,93,78,0,45,0,0,,,,,,,,,,,,,,,19041,13364,16744,16127,17751,14774,13981,14599,16088,18829,15067,16320
'901480,"Navigational instruments and apparatus (excl. for aeronautical or space navigation, compasses ...",0,8,2,0,0,0,0,12,0,4,3,0,,,,,,,,,,,,,,,23413,24353,29060,29671,26697,22352,14579,13181,10992,18026,14551,20644
'901530,Levels,0,0,0,0,0,0,0,0,0,0,2,0,,,,,,,,,,,,,,,250,457,220,161,309,459,211,319,195,261,214,186
'901710,"Drafting tables and machines, whether or not automatic (excl. units for automatic data-processing ...",0,0,0,0,0,0,0,0,0,0,0,0,,,,,,,,,,,,,,,0,0,0,0,0,0,0,0,0,0,0,0
'960990,"Pencils, pastels, drawing charcoals, writing or drawing chalks and tailors' chalks",0,0,0,0,0,0,0,0,0,0,0,0,,,,,,,,,,,,,,,104,59,54,156,55,127,93,332,159,153,191,86
'961390,"Parts of lighters, n.e.s.",0,0,0,0,0,0,0,0,0,0,0,0,,,,,,,,,,,,,,,42,0,0,0,4,0,28,101,43,27,28,28
'970529,"Collections and collectorsÕ pieces of zoological, botanical, mineralogical, anatomical or paleontological ...",0,0,0,0,0,0,0,0,0,0,0,0,,,,,,,,,,,,,,,0,0,0,0,0,0,0,0,0,0,0,0
'950611,"Skis, for winter sports",0,0,0,0,0,0,0,0,0,0,0,0,,,,,,,,,,,,,,,9,2,8,7,3,0,14,26,0,0,7,0
'950710,Fishing rods,0,0,13,0,0,4,0,0,0,0,0,0,,,,,,,,,,,,,,,137,114,111,114,153,240,223,331,122,64,127,151
'950822,"Carousels, swings and roundabouts",0,0,0,0,0,0,0,0,0,0,0,0,,,,,,,,,,,,,,,0,0,0,0,0,0,0,0,0,0,0,0
'950829,"Amusement park rides (excl. roller coasters, carousels, swings, roundabouts, dodge'em cars, ...",0,0,0,0,0,0,0,0,0,0,0,0,,,,,,,,,,,,,,,60,3116,3,61,19,37,1210,97,89,107,113,4210
'960330,"Artists' brushes, writing brushes and similar brushes for the application of cosmetics",2,0,0,8,2,0,0,0,0,0,0,0,,,,,,,,,,,,,,,48,55,39,102,81,59,67,121,86,80,95,44
'871160,"Motorcycles, incl. mopeds, and cycles fitted with an auxiliary motor, with electric motor for ...",0,2,3,0,0,6,5,0,8,0,0,0,,,,,,,,,,,,,,,51126,53975,65992,54658,64640,65438,45117,48076,46712,40801,48833,52548
'871200,"Bicycles and other cycles, incl. delivery tricycles, not motorised",0,0,0,0,37,6,5,46,0,52,42,0,,,,,,,,,,,,,,,45256,64140,61399,74695,83810,69681,53513,53186,61316,50426,57183,49891
'871390,"Carriages for disabled persons, motorised or otherwise mechanically propelled (excl. specially ...",0,0,0,0,0,0,0,0,0,0,0,0,,,,,,,,,,,,,,,7425,8614,6031,6863,6988,7051,5687,5217,6829,5804,6446,7170
'871620,Self-loading or self-unloading trailers and semi-trailers for agricultural purposes,0,0,0,0,0,0,0,0,0,0,0,0,,,,,,,,,,,,,,,0,0,0,0,68,0,0,0,0,69,0,0
'871631,"Tanker trailers and tanker semi-trailers, not designed for running on rails",0,0,0,0,0,0,0,0,0,0,0,0,,,,,,,,,,,,,,,0,0,0,0,0,0,0,0,0,0,0,0
'880622,"Unmanned aircraft, for remote-controlled flight only, with maximum take-off weight > 250 g ...",0,0,0,0,0,0,0,0,0,0,0,0,,,,,,,,,,,,,,,991,2413,4689,5569,12430,2750,16720,17975,12385,30297,21135,33699
'880624,"Unmanned aircraft, for remote-controlled flight only, with maximum take-off weight > 25 kg ...",0,0,0,0,0,0,0,0,0,0,0,0,,,,,,,,,,,,,,,0,0,0,98,392,0,0,0,0,0,0,0
'890321,"Sailboats, with or without auxiliary motor, of a length <= 7,5 m (excl. inflatable)",0,0,0,0,0,0,0,0,0,0,0,0,,,,,,,,,,,,,,,0,0,0,0,0,0,0,0,0,0,0,0
'890690,"Vessels, incl. lifeboats (excl. warships, rowing boats and other vessels of heading 8901 to ...",0,0,0,0,0,0,0,0,0,0,0,0,,,,,,,,,,,,,,,977,1884,2022,1781,1052,1016,3473,1447,1808,2073,3375,4067
'853090,"Parts of electrical signalling, safety or traffic control equipment, n.e.s.",0,0,0,2,0,0,0,0,0,0,0,0,,,,,,,,,,,,,,,2316,2953,2205,2693,2463,2644,2434,2078,2411,1984,2352,2395
'903020,Oscilloscopes and oscillographs,48,44,0,0,100,6,78,10,10,0,48,0,,,,,,,,,,,,,,,860,511,319,426,1295,878,711,712,447,1178,830,1431
'910119,"Wrist-watches of precious metal or of metal clad with precious metal, whether or not incorporating ...",0,0,0,0,0,0,0,0,0,0,0,0,,,,,,,,,,,,,,,280,536,273,2,175,27,125,242,97,374,191,46
'910400,"Instrument panel clocks and clocks of a similar type for vehicles, aircraft, vessels and other ...",0,0,0,0,0,0,0,0,0,0,0,0,,,,,,,,,,,,,,,0,2,0,2,3,2,3,6,0,0,0,0
'910529,Wall clocks (excl. electrically operated),0,0,0,0,0,0,0,0,0,0,0,0,,,,,,,,,,,,,,,47,14,51,14,25,0,5,43,31,5,52,13
'910811,"Watch movements, complete and assembled, electrically operated, with mechanical display only ...",0,0,0,0,0,0,0,0,0,0,0,0,,,,,,,,,,,,,,,2,0,0,0,0,0,0,0,0,0,0,0
'911019,Rough clock movements,0,0,0,0,0,0,0,0,0,0,0,0,,,,,,,,,,,,,,,0,0,0,0,0,0,0,0,0,0,0,0
'911090,"Complete, unassembled or partly assembled clock movements ""movement sets""; incomplete clock ...",0,0,0,0,0,0,0,0,0,0,0,0,,,,,,,,,,,,,,,0,27,3,32,2,0,0,0,0,0,1,2
'911110,"Cases for wrist-watches, pocket-watches and other watches of heading 9101 or 9102, of precious ...",0,0,0,0,0,0,0,0,0,0,0,0,,,,,,,,,,,,,,,0,0,0,0,0,0,0,0,0,11,0,0
'911190,"Parts of cases for wrist-watches, pocket-watches and other watches of heading 9101 or 9102, ...",0,0,0,0,0,0,0,0,0,0,0,0,,,,,,,,,,,,,,,76,118,119,56,72,66,89,48,56,45,30,102
'920790,"Accordions and musical instruments without keyboards, the sound of which is produced, or must ...",0,0,0,0,0,0,0,0,0,0,0,0,,,,,,,,,,,,,,,171,63,55,0,139,25,21,76,14,107,21,7
'920890,"Fairground organs, mechanical street organs, mechanical singing birds, musical saws and other ...",0,0,0,0,0,0,0,0,0,0,0,0,,,,,,,,,,,,,,,105,153,133,37,49,144,77,78,93,138,104,93
'930120,Rocket launchers; flame-throwers; grenade launchers; torpedo tubes and similar projectors,0,0,0,0,0,0,0,0,0,0,0,0,,,,,,,,,,,,,,,0,0,0,0,0,0,0,0,0,0,0,0
'930330,"Sporting, hunting and target-shooting shotguns with one or more rifled bores (other than spring, ...",0,0,0,0,0,0,0,0,0,0,0,0,,,,,,,,,,,,,,,0,0,0,0,0,0,0,0,0,0,0,0
'930599,"Parts and accessories for weapons and the like of heading 9303 or 9304, n.e.s. (excl. of shotguns ...",0,0,0,0,0,0,0,0,0,0,0,0,,,,,,,,,,,,,,,4322,5319,6429,5454,3244,5536,4267,5030,4669,4112,3974,4207
'930621,Cartridges for smooth-barrelled shotguns,0,0,0,0,0,0,0,0,0,0,0,0,,,,,,,,,,,,,,,0,0,0,0,0,0,0,0,0,0,0,0
'940159,"Seats of cane, osier or similar materials (excl. of bamboo or rattan)",0,0,0,0,0,0,0,0,0,0,0,0,,,,,,,,,,,,,,,8,0,0,0,0,0,0,0,0,0,0,0
'851411,Hot isostatic presses,0,0,0,0,0,0,77,0,0,3,0,0,,,,,,,,,,,,,,,11,30,8,5,142,0,88,0,0,8,4,0
'851420,Furnaces and ovens functioning by induction or dielectric loss,249,182,0,81,0,21,0,0,0,0,0,0,,,,,,,,,,,,,,,952,857,389,222,262,21,13,54,5,231,33,0
'850720,Lead acid accumulators (excl. spent and starter batteries),18,3,0,51,0,0,25,58,0,10,13,0,,,,,,,,,,,,,,,14215,18042,18252,15599,14041,13244,12495,15772,11905,13512,13427,16987
'850870,"Parts of vacuum cleaners, dry cleaners and wet vacuum cleaners, n.e.s.",0,0,0,4,0,17,4,0,0,0,0,0,,,,,,,,,,,,,,,136,261,282,209,148,212,154,219,220,141,67,112
'851180,"Electrical ignition or starting equipment, incl. cut-outs, of a kind used for spark-ignition ...",10,0,10,0,0,0,0,0,0,0,0,0,,,,,,,,,,,,,,,159,179,145,154,92,163,99,107,72,24,218,46
'850180,Photovoltaic AC generators,0,0,0,0,0,0,0,0,0,0,0,0,,,,,,,,,,,,,,,0,39,0,0,0,0,0,0,0,0,0,0
'851822,"Multiple loudspeakers, mounted in the same enclosure",0,17,0,3,0,0,0,0,0,0,0,0,,,,,,,,,,,,,,,460,712,629,583,591,988,2329,2203,1595,2014,1406,2052
'852713,"Radio-broadcast receivers capable of operating without an external source of power, combined ...",0,0,0,0,0,0,0,0,0,0,0,0,,,,,,,,,,,,,,,5,0,0,5,0,0,0,40,35,2,0,0
'852729,"Radio-broadcast receivers not capable of operating without an external source of power, of ...",0,0,0,0,0,0,0,0,0,0,0,0,,,,,,,,,,,,,,,600,738,808,951,1045,993,407,1072,899,793,613,779
'852799,"Radio-broadcast receivers, for mains operation only, not combined with sound recording or reproducing ...",0,0,0,0,0,0,0,0,0,0,0,0,,,,,,,,,,,,,,,106,93,170,26,104,102,16,28,102,104,36,41
'853922,Filament lamps of a power <= 200 W and for a voltage > 100 V (excl. tungsten halogen filament ...,0,0,0,0,0,0,0,0,0,0,0,0,,,,,,,,,,,,,,,18,5,19,19,2,4,6,2,13,22,0,16
'853951,"Light-emitting diode ""LED"" light source modules",1,0,0,0,27,0,0,0,0,0,20,0,,,,,,,,,,,,,,,619,1850,1434,1376,2270,712,1109,1817,1695,1106,1700,1350
'854011,"Cathode ray television picture tubes, incl. video monitor cathode ray tubes, colour",0,0,0,0,0,0,0,0,0,0,0,0,,,,,,,,,,,,,,,0,2,0,0,0,0,0,0,0,0,0,0
'854340,Electronic cigarettes and similar personal electric vaporizing devices,0,0,0,0,0,0,0,0,0,0,0,0,,,,,,,,,,,,,,,0,0,0,0,0,0,0,0,0,0,0,0
'854610,Electrical insulators of glass (excl. insulating fittings),0,0,0,0,0,0,0,0,0,0,0,0,,,,,,,,,,,,,,,1,2,6,0,0,1,0,0,3,1,0,0
'854710,"Insulating fittings for electrical purposes, of ceramics",2,0,49,113,0,8,0,0,0,0,0,0,,,,,,,,,,,,,,,1708,1890,2603,2498,2167,2173,2538,2179,1898,1897,1674,2633
'854912,"Primary cells, primary batteries and electric accumulators (excl. lead-acid): spent goods and ...",0,0,0,0,0,0,0,0,0,0,0,0,,,,,,,,,,,,,,,0,0,0,0,0,7,5,3,2,0,3,1
'860110,Rail locomotives powered from an external source of electricity,0,0,0,0,0,0,0,0,0,0,0,0,,,,,,,,,,,,,,,0,0,0,0,0,0,0,0,0,0,0,0
'860400,"Railway or tramway maintenance or service vehicles, whether or not self-propelled, e.g., workshops, ...",0,0,0,0,0,0,0,0,0,0,0,0,,,,,,,,,,,,,,,0,0,0,0,0,0,0,0,0,0,0,0
'860719,"Axles, for electrical purposes, and wheels and parts thereof for railway or tramway locomotives ...",0,0,0,0,0,0,0,0,0,0,0,0,,,,,,,,,,,,,,,9,15,20,5,14,12,4,9,2,11,0,10
'870124,"Road tractors for semi-trailers, with only electric motor for propulsion",0,0,0,0,0,0,0,0,0,0,0,0,,,,,,,,,,,,,,,0,0,0,0,0,0,0,0,0,0,0,0
'870350,Motor cars and other motor vehicles principally designed for the transport of ...,0,0,0,0,0,0,0,0,0,0,0,0,,,,,,,,,,,,,,,0,0,0,0,0,0,0,0,0,0,0,0
'870441,"Motor vehicles for the transport of goods, with both compression-ignition internal combustion ...",0,0,0,0,0,0,0,0,0,0,0,0,,,,,,,,,,,,,,,0,0,0,0,0,0,7,2,0,0,0,0
'490520,"Maps and hydrographic or similar charts of all kinds, incl. atlases and topographical plans, ...",0,0,0,0,0,0,0,0,0,0,0,0,,,,,,,,,,,,,,,0,0,0,1,0,0,0,0,0,0,0,0
'490600,"Plans and drawings for architectural, engineering, industrial, commercial, topographical or ...",0,0,0,0,0,0,0,0,0,0,0,0,,,,,,,,,,,,,,,4,3,10,25,8,42,5,0,0,62,12,21
'490900,"Printed or illustrated postcards; printed cards bearing personal greetings, messages or announcements, ...",0,2,0,0,0,0,0,0,0,0,0,0,,,,,,,,,,,,,,,42,45,8,65,38,45,56,11,38,21,29,27
'500200,"Raw silk ""non-thrown""",0,0,0,0,0,0,0,0,0,0,0,0,,,,,,,,,,,,,,,0,0,0,0,0,0,0,0,0,0,0,0
'500400,Silk yarn (excl. that spun from silk waste and that put up for retail sale),0,0,0,0,0,0,0,0,0,0,0,0,,,,,,,,,,,,,,,0,6,0,6,9,0,9,6,17,0,17,24
'510129,"Degreased wool, non-carbonised, neither carded nor combed (excl. shorn wool)",0,0,0,0,0,0,0,0,0,0,0,0,,,,,,,,,,,,,,,0,0,0,0,0,0,0,0,0,0,0,0
'510400,"Garnetted stock of wool or of fine or coarse animal hair, neither carded nor combed",0,0,0,0,0,0,0,0,0,0,0,0,,,,,,,,,,,,,,,0,0,0,0,0,0,0,0,0,0,0,0
'510539,"Fine animal hair, carded or combed (excl. wool and hair of Kashmir ""cashmere"" goats)",0,0,0,0,0,0,0,0,0,0,0,0,,,,,,,,,,,,,,,0,0,0,0,145,0,0,0,0,0,0,301
'510540,"Coarse animal hair, carded or combed",0,0,0,0,0,0,0,0,0,0,0,0,,,,,,,,,,,,,,,0,0,0,0,0,0,0,0,0,0,0,0
'510620,"Carded wool yarn containing predominantly, but < 85% wool by weight (excl. that put up for ...",0,0,0,0,0,0,0,0,0,0,0,0,,,,,,,,,,,,,,,0,0,0,80,75,136,140,0,9,0,0,0
'520411,"Sewing thread, containing >= 85% cotton by weight (excl. that put up for retail sale)",0,0,0,0,0,0,0,0,0,0,0,0,,,,,,,,,,,,,,,0,3,52,7,0,3,0,0,62,0,0,0
'520611,"Single cotton yarn containing predominantly, but < 85% cotton by weight, of uncombed fibres ...",0,0,0,0,0,0,0,0,0,0,0,0,,,,,,,,,,,,,,,18,0,0,13,0,8,0,0,6,0,0,10
'520613,"Single cotton yarn containing predominantly, but < 85% cotton by weight, of uncombed fibres ...",0,0,0,0,0,0,0,0,0,0,0,0,,,,,,,,,,,,,,,20,0,0,24,41,0,0,11,0,0,20,0
'520634,"Multiple ""folded"" or cabled cotton yarn containing predominantly, but < 85% cotton by weight, ...",0,0,0,0,0,0,0,0,0,0,0,0,,,,,,,,,,,,,,,0,0,0,84,0,0,0,0,0,0,0,63
'520642,"Multiple ""folded"" or cabled cotton yarn containing predominantly, but < 85% cotton by weight, ...",0,0,0,0,0,0,0,0,0,0,0,0,,,,,,,,,,,,,,,0,0,0,0,0,0,0,29,0,0,0,0
'520831,"Plain woven fabrics of cotton, containing >= 85% cotton by weight and weighing <= 100 g/m_, ...",0,3,0,0,0,0,0,26,0,0,0,0,,,,,,,,,,,,,,,10,3,21,15,0,6,2,26,0,0,0,5
'521059,"Woven fabrics of cotton, containing predominantly, but < 85% cotton by weight, mixed principally ...",178,0,0,90,8,60,151,0,3,168,36,0,,,,,,,,,,,,,,,349,0,22,90,31,77,151,0,3,202,55,31
'550311,"Staple fibres of aramids, not carded, combed or otherwise processed for spinning",0,0,0,0,0,0,0,0,0,0,0,0,,,,,,,,,,,,,,,0,0,14,0,0,107,0,0,0,0,0,0
'550610,"Staple fibres of nylon or other polyamides, carded, combed or otherwise processed for spinning",0,0,0,0,0,0,0,0,0,0,0,0,,,,,,,,,,,,,,,65,102,0,59,49,124,103,58,105,62,107,57
'550912,"Multiple ""folded"" or cabled yarn containing >= 85% nylon or other polyamide staple fibres by ...",0,0,0,0,0,0,0,0,0,0,0,0,,,,,,,,,,,,,,,1,2,2,1,6,0,0,0,0,1,1,1
'550941,"Single yarn containing >= 85% synthetic staple fibres by weight (excl. sewing thread, yarn ...",0,0,0,0,0,0,0,0,0,0,0,0,,,,,,,,,,,,,,,0,321,182,139,310,184,440,170,405,489,200,361
'550992,"Yarn containing predominantly, but < 85% synthetic staple fibres by weight, mixed principally ...",0,0,0,0,0,0,0,0,10,0,0,0,,,,,,,,,,,,,,,31,38,5,13,0,4,4,0,218,0,5,193
'551011,"Single yarn, containing >= 85% artificial staple fibres by weight (excl. sewing thread and ...",0,0,0,0,0,20,0,0,0,0,0,0,,,,,,,,,,,,,,,0,0,0,0,6,20,0,0,0,0,0,37
'551221,"Woven fabrics containing >= 85% acrylic or modacrylic staple fibres by weight, unbleached or ...",0,0,0,0,3,0,0,0,0,2,2,0,,,,,,,,,,,,,,,0,47,59,0,33,58,28,0,0,30,144,51
'551291,"Woven fabrics containing >= 85% synthetic staple fibres by weight, unbleached or bleached (excl. ...",0,0,0,0,0,0,0,0,0,0,0,0,,,,,,,,,,,,,,,0,0,84,4,24,74,20,76,87,19,72,60
'551313,"Woven fabrics containing predominantly, but < 85% polyester staple fibres by weight, mixed ...",0,0,0,0,0,0,0,0,0,0,0,0,,,,,,,,,,,,,,,0,0,0,0,0,0,0,0,0,0,0,0
'551323,"Woven fabrics containing predominantly, but < 85% polyester staple fibres by weight, mixed ...",0,0,66,0,2,0,2,3,0,61,0,0,,,,,,,,,,,,,,,99,0,106,0,2,0,2,3,0,61,9,0
'521151,"Plain woven fabrics of cotton, containing predominantly, but < 85% cotton by weight, mixed ...",0,0,0,0,0,0,0,0,0,0,0,0,,,,,,,,,,,,,,,0,0,0,0,0,0,0,0,0,0,0,0
'521223,"Woven fabrics of cotton, containing predominantly, but < 85% cotton by weight, other than those ...",0,0,0,0,0,0,0,0,0,0,0,0,,,,,,,,,,,,,,,33,6,51,17,0,3,11,0,13,0,16,6
'530129,"Flax, hackled or otherwise processed, but not spun (excl. broken, scutched and retted flax)",0,0,0,2,0,0,0,0,4,0,0,0,,,,,,,,,,,,,,,123,6,66,6,77,87,0,0,166,71,4,74
'530500,"Coconut, abaca ""Manila hemp or Musa textilis Nee"", ramie, agave and other vegetable textile ...",0,0,0,0,0,0,0,0,0,0,0,0,,,,,,,,,,,,,,,0,0,0,0,0,0,0,0,0,0,3,1
'540259,"Synthetic filament yarn, incl. synthetic monofilament of < 67 decitex, single, with a twist ...",0,0,0,0,3,0,0,0,0,0,0,0,,,,,,,,,,,,,,,62,35,0,0,3,74,0,18,0,0,0,0
'540262,"Multiple ""folded"" or cabled filament yarn of polyester, incl. monofilament of < 67 decitex ...",43,0,91,98,105,0,29,0,0,0,0,0,,,,,,,,,,,,,,,231,137,111,223,221,78,106,120,140,185,110,297
'481110,"Tarred, bituminised or asphalted paper and paperboard, in rolls or in square or rectangular ...",0,0,1,0,1,0,0,0,0,0,0,0,,,,,,,,,,,,,,,0,1,1,0,1,0,0,0,0,0,0,0
'480890,"Paper and paperboard, creped, crinkled, embossed or perforated, in rolls of a width > 36 cm ...",0,0,0,0,0,0,2,0,6,44,0,0,,,,,,,,,,,,,,,1051,1232,806,1243,1071,1045,1277,798,754,556,643,415
'481310,Cigarette paper in the form of booklets or tubes,0,0,0,0,0,0,0,0,0,0,0,0,,,,,,,,,,,,,,,0,0,0,0,0,0,0,0,0,0,1,0
'481420,"Wallpaper and similar wallcoverings of paper, consisting of paper coated or covered, on the ...",0,0,0,0,0,0,0,0,0,0,0,0,,,,,,,,,,,,,,,26,43,30,0,32,20,6,79,0,42,0,38
'481620,"Self-copy paper, in rolls of a width of <= 36 cm or in rectangular or square sheets with no ...",0,0,0,0,0,0,16,0,0,0,0,0,,,,,,,,,,,,,,,4,3,7,0,5,0,27,0,1,3,0,4
'401692,"Erasers, of vulcanised rubber (excl. hard rubber), conditioned (excl. those simply cut to rectangular ...",0,0,0,0,0,0,0,0,0,0,1,0,,,,,,,,,,,,,,,453,485,264,283,209,62,242,497,289,320,251,227
'401212,"Retreaded pneumatic tyres, of rubber, of a kind used on buses or lorries",0,0,0,0,0,0,0,0,0,0,0,0,,,,,,,,,,,,,,,1,3,1,4,4,2,0,2,1,1,3,1
'410330,"Raw hides and skins of swine, fresh, or salted, dried, limed, pickled or otherwise preserved, ...",0,0,0,0,0,0,0,0,0,0,0,0,,,,,,,,,,,,,,,0,0,0,1,0,9,0,0,0,4,0,7
'420239,"Wallets, purses, key-cases, cigarette-cases, tobacco-pouches and similar articles of a kind ...",0,0,0,0,0,0,0,0,0,0,0,0,,,,,,,,,,,,,,,49,37,96,36,76,67,60,132,43,37,14,37
'420329,"Gloves, mittens and mitts, of leather or composition leather (excl. special sports gloves)",0,0,0,0,0,0,0,0,0,0,0,0,,,,,,,,,,,,,,,6,1,16,14,14,5,30,30,10,33,41,2
'440111,"Fuel wood, in logs, billets, twigs, faggots or similar forms, coniferous",0,0,0,0,0,0,0,0,0,0,0,0,,,,,,,,,,,,,,,0,0,0,0,0,0,0,0,0,0,0,0
'440326,"Coniferous wood in the rough, of which the smallest cross-sectional dimension is ...",0,3,0,0,0,0,0,0,0,0,0,0,,,,,,,,,,,,,,,24,48,119,32,14,20,39,0,19,14,7,0
'440394,"Beech ""Fagus spp."" in the rough, of which no cross-sectional dimension is =>15 cm, whether ...",0,0,0,0,0,0,0,0,0,0,0,0,,,,,,,,,,,,,,,0,0,0,0,0,0,0,0,0,0,0,0
'440500,"Wood wool; wood flour ""wood powder able to pass through a fine"", 0,63 mm mesh, sieve with a ...",0,0,81,0,21,0,4,16,0,10,0,0,,,,,,,,,,,,,,,31,149,101,60,52,2,9,68,180,146,0,57
'440722,"Virola, imbuia and balsa, sawn or chipped lengthwise, sliced or peeled, of a thickness of > ...",0,0,0,0,0,0,0,0,0,0,0,0,,,,,,,,,,,,,,,0,0,0,0,0,0,0,0,0,0,0,0
'440794,"Cherry ""Prunus spp."", sawn or chipped lengthwise, sliced or peeled, whether or not planed, ...",0,0,0,0,0,0,0,0,0,0,0,0,,,,,,,,,,,,,,,0,0,0,0,13,0,0,0,0,0,0,0
'440796,"Birch ""Betula spp."", sawn or chipped lengthwise, sliced or peeled, whether or not planed, sanded ...",0,0,0,0,0,0,0,0,0,0,0,0,,,,,,,,,,,,,,,0,0,0,0,0,0,0,0,0,0,0,0
'441112,"Medium density fibreboard ""MDF"" of wood, of a thickness <=Ê5Êmm",0,13,0,0,0,0,0,0,0,0,0,0,,,,,,,,,,,,,,,108,193,350,62,56,165,110,39,36,28,92,144
'441234,"Plywood consisting solely of sheets of wood <= 6 mm thick, with at least one outer ply of non-coniferous ...",0,0,0,0,0,0,0,0,0,0,0,0,,,,,,,,,,,,,,,53,9,113,75,0,87,8,68,0,12,54,9
'441249,"Laminated veneered lumber ""LVL"", with both outer plies of coniferous wood (excl. of bamboo, ...",0,0,0,0,0,0,0,0,0,0,0,0,,,,,,,,,,,,,,,0,0,0,0,0,0,0,0,0,0,0,0
'441819,"Windows, French windows and their frames, of wood (excl. of tropical wood)",0,0,0,0,0,0,0,0,0,0,0,0,,,,,,,,,,,,,,,8,10,5,10,9,11,8,8,15,8,6,7
'460122,"Mats, matting and screens, of rattan plaiting materials, flat-woven or bound together in parallel",0,0,0,0,0,0,0,0,0,0,0,0,,,,,,,,,,,,,,,0,0,0,1,3,0,0,0,0,0,0,0
'460290,"Basketwork, wickerwork and other articles, made directly to shape from non-vegetable plaiting ...",0,0,0,0,0,0,0,0,0,0,0,0,,,,,,,,,,,,,,,172,159,157,302,36,57,56,30,22,3,68,112
'470421,"Semi-bleached or bleached coniferous chemical wood pulp, sulphite (excl. dissolving grades)",0,0,0,0,0,0,0,0,0,0,0,0,,,,,,,,,,,,,,,0,0,0,0,0,0,0,0,0,0,0,0
'470693,"Semi-chemical pulp of fibrous cellulosic material (excl. that of bamboo, wood, cotton linters ...",0,0,0,0,0,0,0,0,0,0,0,0,,,,,,,,,,,,,,,0,0,0,0,0,0,0,0,0,0,0,0
'480261,"Uncoated paper and paperboard, of a kind used for writing, printing or other graphic purposes, ...",0,0,0,0,0,43,0,0,0,0,0,0,,,,,,,,,,,,,,,216,260,289,128,461,190,230,60,177,132,259,146
'480441,"Unbleached kraft paper and paperboard, uncoated, in rolls of a width > 36 cm or in square or ...",0,0,0,0,0,0,0,0,0,0,0,0,,,,,,,,,,,,,,,65,173,52,104,342,182,145,36,79,26,35,34
'292142,Aniline derivatives and their salts,0,0,0,0,0,0,0,0,0,0,0,0,,,,,,,,,,,,,,,0,0,4,3,1,0,0,0,0,0,0,0
'292144,Diphenylamine and its derivatives; salts thereof,0,0,0,0,0,0,0,0,0,0,0,0,,,,,,,,,,,,,,,0,0,0,0,0,0,0,0,0,0,0,0
'292217,Methyldiethanolamine and ethyldiethanolamine,0,0,0,0,0,0,0,0,0,0,0,0,,,,,,,,,,,,,,,0,0,0,0,0,0,0,0,0,0,0,0
'292219,"Amino-alcohols, their ethers and esters; salts thereof (other than those containing > one kind ...",0,0,0,0,0,0,0,0,0,0,0,0,,,,,,,,,,,,,,,138,666,330,51,274,2548,39,562,225,116,428,205
'292221,Aminohydroxynaphthalenesulphonic acids and their salts,0,0,0,0,0,0,0,0,0,0,0,0,,,,,,,,,,,,,,,0,0,0,0,0,0,0,0,0,0,0,0
'292421,Ureines and their derivatives; salts thereof,8,0,8,12,0,30,0,0,8,0,6,0,,,,,,,,,,,,,,,8,0,8,12,0,30,12,13,26,0,17,0
'292511,Saccharin and its salts,0,0,0,0,0,0,0,0,0,0,0,0,,,,,,,,,,,,,,,0,0,0,0,0,0,3,0,0,3,0,0
'292620,"1-Cyanoguanidine ""dicyandiamide""",0,0,0,14,0,0,0,3,0,0,0,0,,,,,,,,,,,,,,,28,12,33,29,5,49,5,24,0,46,0,4
'292690,"Nitrile-function compounds (excl. acrylonitrile, 1-cyanoguanidine ""dicyandiamide"", fenproporex ...",0,0,0,0,0,0,0,0,0,0,0,0,,,,,,,,,,,,,,,1300,2693,1354,2768,1783,1570,1431,1981,3080,1185,1347,2484
'293030,"Thiuram mono-, di- or tetrasulphides",0,0,0,0,0,0,0,0,0,0,0,0,,,,,,,,,,,,,,,0,2,0,0,0,10,0,0,1,0,0,0
'293154,"Trichlorfon ""ISO""",0,0,0,0,0,0,0,0,0,0,0,0,,,,,,,,,,,,,,,0,0,0,0,0,0,0,0,0,0,0,0
'300449,"Medicaments containing alkaloids or derivatives thereof, not containing hormones, steroids ...",0,0,0,0,0,0,0,0,0,0,0,0,,,,,,,,,,,,,,,127,25,282,29,147,177,135,133,132,131,170,134
'293621,"Vitamins A and their derivatives, used primarily as vitamins",0,0,0,0,0,0,0,0,0,0,0,0,,,,,,,,,,,,,,,0,0,0,0,0,0,0,0,0,0,0,0
'293712,"Insulin and its salts, used primarily as hormones",0,0,0,0,0,0,0,0,0,0,0,0,,,,,,,,,,,,,,,0,0,0,0,0,0,0,0,0,0,0,0
'293979,"Vegetal alkaloids, natural or reproduced by synthesis, and their salts, ethers, esters and ...",0,0,0,0,0,0,0,0,0,0,0,0,,,,,,,,,,,,,,,300,2643,1596,2190,3411,1467,1847,1519,5232,2596,3227,1032
'293980,"Non-vegetal alkaloids, natural or reproduced by synthesis, and their salts, ethers, esters ...",0,0,0,0,0,0,0,0,0,0,0,0,,,,,,,,,,,,,,,2,0,0,0,0,0,0,0,0,0,0,0
'300120,"Extracts of glands or other organs or of their secretions, for organo-therapeutic uses",0,0,0,0,0,0,0,0,0,0,0,0,,,,,,,,,,,,,,,0,0,0,3,0,0,0,0,0,3,0,0
'330590,"Preparations for use on the hair (excl. shampoos, preparations for permanent waving or straightening ...",6,31,0,7,34,0,0,23,0,27,2,0,,,,,,,,,,,,,,,1567,1598,1148,1042,1152,1178,1073,1627,1341,1236,845,1291
'300660,"Chemical contraceptive preparations based on hormones, prostaglandins, thromboxanes, leukotrienes, ...",0,0,0,12,0,0,0,0,0,0,0,0,,,,,,,,,,,,,,,40,44,48,176,43,31,34,52,79,58,38,161
'300670,Gel preparations designed to be used in human or veterinary medicine as a lubricant for parts ...,0,0,0,0,0,0,0,0,0,0,0,0,,,,,,,,,,,,,,,0,8,0,28,0,0,3,0,1,5,0,0
'320490,"Synthetic organic products of a kind used as luminophores, whether or not chemically defined",24,18,0,38,25,3,2,3,51,3,0,0,,,,,,,,,,,,,,,75,212,219,247,265,60,197,94,265,238,148,306
'350211,"Egg albumin, dried ""e.g. in sheets, scales, flakes, powder""",0,0,0,0,0,0,0,0,0,0,0,0,,,,,,,,,,,,,,,0,9,0,0,0,0,0,0,0,1,0,1
'350290,"Albumins, albuminates and other albumin derivatives (excl. egg albumin and milk albumin [incl. ...",0,0,0,0,0,0,0,0,0,0,0,0,,,,,,,,,,,,,,,0,11,0,22,1,0,0,11,0,1,0,0
'360360,Electric detonators (excl. grenade detonators),0,0,0,0,0,0,0,0,0,0,0,0,,,,,,,,,,,,,,,0,0,0,0,0,0,0,0,0,0,0,0
'360500,Matches (excl. pyrotechnic articles of heading 3604),0,0,0,0,0,0,0,0,0,0,0,0,,,,,,,,,,,,,,,0,0,0,0,0,0,0,0,0,0,0,0
'370210,"Photographic film in rolls, unexposed, for X-ray (excl. of paper, paperboard or textiles)",0,0,0,0,0,0,0,0,0,0,0,0,,,,,,,,,,,,,,,0,0,0,0,0,0,0,0,0,0,0,0
'370242,"Photographic film ""incl. instant print film"", sensitised, in rolls, unexposed, without perforations, ...",0,0,0,0,0,72,0,0,0,0,0,0,,,,,,,,,,,,,,,848,1117,1424,1055,1241,1334,1143,1314,1024,1482,1151,1195
'382290,Certified reference materials,1,0,61,3,0,10,9,4,1,1,0,0,,,,,,,,,,,,,,,97,269,390,292,152,163,368,307,229,142,251,609
'382491,"Mixtures and preparations consisting mainly of ""5-ethyl-2-methyl-2-oxido-1,3,2-dioxaphosphinan-5-yl""methyl ...",0,0,0,26,0,0,0,0,0,0,0,0,,,,,,,,,,,,,,,1,0,0,26,1,0,1,0,0,9,1,2
'382590,"Residual products of the chemical or allied industries, n.e.s. (excl. waste)",0,0,0,0,0,0,0,0,0,0,0,0,,,,,,,,,,,,,,,0,0,0,0,0,0,0,86,0,0,0,0
'382600,"Biodiesel and mixtures thereof, not containing or containing < 70 % by weight of petroleum ...",0,0,0,0,0,0,0,0,0,0,0,0,,,,,,,,,,,,,,,6496,26,6326,90,13490,529,8942,9294,246,150,11247,123
'382769,"Mixtures containing other hydrofluorocarbons ""HFCs"" than in subheadings of 3827 till 3827.59 ...",0,0,0,0,0,0,0,0,0,0,0,0,,,,,,,,,,,,,,,0,0,6,0,0,0,0,0,0,0,0,0
'382790,"Mixtures containing halogenated derivatives of methane, ethane or propane, n.e.s.",0,0,0,0,0,0,0,0,0,0,0,0,,,,,,,,,,,,,,,0,9,0,0,0,0,0,0,0,0,0,0
'370390,"Photographic paper, paperboard and textiles, sensitised, unexposed, for monochrome photography ...",0,0,0,0,0,0,0,0,0,0,0,0,,,,,,,,,,,,,,,0,0,0,0,0,0,1,0,0,1,0,0
'370400,"Photographic plates, film, paper, paperboard and textiles, exposed but not developed",0,0,0,0,0,0,0,0,0,0,0,0,,,,,,,,,,,,,,,0,0,0,20,0,2,0,0,0,0,0,0
'370690,"Cinematographic film, exposed and developed, whether or not incorporating soundtrack or consisting ...",0,0,0,0,0,0,0,0,0,0,0,0,,,,,,,,,,,,,,,0,0,0,0,0,0,2,0,0,0,0,0
'380590,Crude dipentene; sulphite turpentine and other crude para-cymene; terpenic oils produced by ...,0,0,0,0,0,0,0,0,0,0,0,0,,,,,,,,,,,,,,,0,0,0,0,0,0,0,0,0,0,0,0
'390721,"Bis(polyoxyethylene) methylphosphonate, in primary forms",0,0,0,0,0,0,0,0,0,0,0,0,,,,,,,,,,,,,,,0,0,0,0,0,0,0,0,0,0,0,0
'392520,"Doors, windows and their frames and thresholds for doors, of plastics",2,0,0,0,0,0,0,0,0,0,0,0,,,,,,,,,,,,,,,6484,7847,6796,6658,7256,6682,5849,4856,5158,4885,5327,5496
'400922,"Tubes, pipes and hoses, of vulcanised rubber (excl. hard rubber), reinforced or otherwise combined ...",0,0,0,0,71,39,0,0,3,9,12,0,,,,,,,,,,,,,,,2945,4558,3963,4756,6536,7715,7579,10001,7105,7919,9863,7699
'401011,"Conveyor belts or belting, of vulcanised rubber, reinforced only with metal",17,0,0,25,0,0,0,3,15,0,0,0,,,,,,,,,,,,,,,38,26,46,38,61,23,18,19,50,52,27,48
'392043,"Plates, sheets, film, foil and strip, of non-cellular polymers of vinyl chloride, containing ...",0,4,0,0,31,0,4,0,4,0,11,0,,,,,,,,,,,,,,,2403,2835,2008,2276,1845,1357,1487,1800,1435,1650,1364,1604
'283719,Cyanides and cyanide oxides (excl. sodium and mercury),0,0,0,0,0,0,0,0,0,0,0,0,,,,,,,,,,,,,,,0,0,0,0,0,0,0,0,0,0,0,0
'282751,Bromides of sodium or of potassium,0,0,0,0,0,0,0,0,0,0,0,0,,,,,,,,,,,,,,,0,0,0,0,3,0,5,7,18,0,0,0
'282759,"Bromides and bromide oxides (excl. of sodium, potassium and mercury)",0,0,0,0,0,0,0,0,0,0,0,0,,,,,,,,,,,,,,,514,426,930,290,411,442,212,310,348,173,74,272
'281810,"Corundum, artificial, whether or not chemically defined",0,0,0,0,11,0,0,3,2,0,0,0,,,,,,,,,,,,,,,6,8,0,0,11,0,0,3,2,2,39,0
'284441,"Tritium and its compounds; alloys, dispersions incl. cermets, ceramic products and mixtures ...",0,0,0,0,0,0,0,0,0,0,0,0,,,,,,,,,,,,,,,0,0,0,0,0,0,0,0,0,0,0,0
'290129,"Hydrocarbons, acyclic, unsaturated (excl. ethylene, propene ""propylene"", butene ""butylene"" ...",0,0,0,0,14,0,0,0,0,0,0,0,,,,,,,,,,,,,,,414,2414,2027,1670,2233,1004,666,2012,2407,190,241,358
'290319,"Saturated chlorinated derivatives of acyclic hydrocarbons (excl. chloromethane [methyl chloride], ...",0,0,0,0,0,0,0,0,0,0,0,0,,,,,,,,,,,,,,,0,0,0,0,0,0,0,0,0,0,0,0
'290323,"Tetrachloroethylene ""perchloroethylene""",0,0,0,0,0,0,0,0,0,0,0,0,,,,,,,,,,,,,,,0,0,0,0,0,0,0,0,0,0,0,0
'290346,"1,1,1,2,3,3,3-Heptafluoropropane ""HFC-227ea"", 1,1,1,2,2,3-hexafluoropropane ""HFC-236cb"", 1,1,1,2,3,3-hexafluoropropane ...",0,0,0,0,0,0,0,0,0,0,0,0,,,,,,,,,,,,,,,0,0,0,0,0,0,0,0,0,0,199,0
'290351,"2,3,3,3-Tetrafluoropropene ""HFO-1234yf"", 1,3,3,3-tetrafluoropropene ""HFO-1234ze"" and (Z)-1,1,1,4,4,4-hexafluoro-2-butene ...",0,0,0,0,0,0,0,0,0,0,0,0,,,,,,,,,,,,,,,0,0,0,0,0,0,0,0,0,328,0,0
'290376,"Bromochlorodifluoromethane, bromotrifluoromethane and dibromotetrafluoroethanes",0,0,0,0,0,0,0,0,0,0,0,0,,,,,,,,,,,,,,,0,0,0,0,0,0,80,0,0,0,0,0
'290389,"Halogenated derivatives of cyclanic, cyclenic or cycloterpenic hydrocarbons (excl. 1,2,3,4,5,6-Hexachlorocyclohexane ...",0,0,0,0,0,0,0,0,0,0,0,0,,,,,,,,,,,,,,,444,763,538,633,624,821,567,901,812,645,464,513
'290499,"Sulphonated, nitrated or nitrosated derivatives of hydrocarbons, whether or not halogenated ...",0,0,0,0,0,0,0,0,0,0,0,0,,,,,,,,,,,,,,,863,2470,786,1421,1174,1359,1392,1101,789,1664,499,1250
'291613,Methacrylic acid and its salts,16,0,0,10,40,0,17,0,34,32,0,0,,,,,,,,,,,,,,,1523,1816,1243,558,822,679,936,1098,1104,649,812,1167
'292019,"Thiophosphoric esters ""phosphorothioates"" and their salts; their halogenated, sulphonated, ...",0,0,0,0,0,0,0,0,0,0,0,0,,,,,,,,,,,,,,,64,0,32,0,32,0,32,0,0,32,0,32
'292023,Trimethyl phosphite,0,0,0,0,0,0,0,0,0,0,0,0,,,,,,,,,,,,,,,0,0,0,0,0,0,0,0,0,0,0,0
'292090,"Esters of inorganic acids of non-metals and their salts; their halogenated, sulphonated, nitrated ...",0,0,0,0,0,0,0,0,0,0,0,0,,,,,,,,,,,,,,,877,1059,754,974,864,952,640,1139,896,1086,595,1195
'292111,"Methylamine, dimethylamine or trimethylamine and their salts",0,0,0,0,0,0,0,0,0,0,0,0,,,,,,,,,,,,,,,2670,3174,3196,3065,1955,2877,2462,4050,4537,3001,1463,4104
'290516,"Octanol ""octyl alcohol"" and isomers thereof",1811,0,1841,1805,1765,0,0,0,1526,1614,0,0,,,,,,,,,,,,,,,7593,8691,10378,13723,14867,17885,2975,7373,4744,5968,1555,12468
'291479,"Halogenated, sulphonated, nitrated or nitrosated derivatives of ketones or quinones (excl. ...",0,0,0,0,0,0,2,0,0,0,0,0,,,,,,,,,,,,,,,3,60,0,31,3,1,46,42,0,29,0,61
'282090,Manganese oxides (excl. manganese dioxide),0,0,0,0,0,1,0,0,0,0,0,0,,,,,,,,,,,,,,,0,0,0,0,0,1,0,5,0,2,0,8
'282510,Hydrazine and hydroxylamine and their inorganic salts,0,0,0,0,0,0,0,0,0,0,0,0,,,,,,,,,,,,,,,35,0,0,61,303,21,26,47,39,21,47,21
'270799,Oils and other products of the distillation of high temperature coal tars; similar products ...,0,0,0,0,0,0,0,0,0,0,0,0,,,,,,,,,,,,,,,1423,1060,217,263,215,1322,226,108,41,1195,0,0
'271012,"Light oils and preparations, of petroleum or bituminous minerals which >= 90% by volume ""incl. ...",0,0,0,0,0,0,0,0,0,0,0,0,,,,,,,,,,,,,,,93286,198739,222165,166938,206637,134202,82816,126336,186225,137632,206915,183567
'271119,"Gaseous hydrocarbons, liquefied, n.e.s. (excl. natural gas, propane, butane, ethylene, propylene, ...",0,0,0,0,0,0,0,0,0,0,0,0,,,,,,,,,,,,,,,240,194,98,101,139,161,23,153,77,142,282,56
'280120,Iodine,0,0,0,0,0,0,0,0,0,0,0,0,,,,,,,,,,,,,,,0,69,65,0,24,64,0,0,64,0,0,0
'280421,Argon,0,0,0,0,0,0,0,0,0,0,3,0,,,,,,,,,,,,,,,16,0,0,0,0,0,0,0,0,2,25,12
'280490,Selenium,0,0,0,0,0,0,0,0,0,0,0,0,,,,,,,,,,,,,,,0,0,0,0,0,0,0,0,0,0,0,10
'281000,Oxides of boron; boric acids,2,38,0,0,4,4,0,0,3,0,0,0,,,,,,,,,,,,,,,211,311,315,197,389,480,99,357,34,593,230,1123
'281112,"Hydrogen cyanide ""hydrocyanic acid""",0,0,0,0,0,0,0,0,0,0,0,0,,,,,,,,,,,,,,,0,0,0,0,0,0,0,0,0,0,0,0
'210420,"Food preparations consisting of finely homogenised mixtures of two or more basic ingredients, ...",0,0,0,0,0,0,0,0,0,0,0,0,,,,,,,,,,,,,,,139,115,176,90,95,129,87,121,143,156,169,106
'210500,"Ice cream and other edible ice, whether or not containing cocoa",0,0,0,0,0,0,0,0,0,0,0,0,,,,,,,,,,,,,,,1055,1805,1288,1429,955,769,1130,1092,1598,651,894,748
'220860,Vodka,0,0,0,0,0,0,0,0,0,0,0,0,,,,,,,,,,,,,,,4,12,0,0,0,6,3,1,0,6,0,0
'220291,Non-alcoholic beer <= 0.5% vol alc,0,0,0,0,0,0,0,0,0,0,0,0,,,,,,,,,,,,,,,0,2,3,6,0,3,2,0,0,1,2,3
'220429,"Wine of fresh grapes, incl. fortified wines, and grape must whose fermentation has been arrested ...",0,0,0,0,0,0,0,0,0,0,0,0,,,,,,,,,,,,,,,14,0,0,0,8,0,0,0,0,0,14,0
'220590,"Vermouth and other wine of fresh grapes, flavoured with plants or aromatic substances, in containers ...",0,0,0,0,0,0,0,0,0,0,0,0,,,,,,,,,,,,,,,0,0,0,0,0,0,0,0,0,0,0,0
'240110,"Tobacco, unstemmed or unstripped",0,0,0,0,0,0,0,0,0,0,0,0,,,,,,,,,,,,,,,0,0,0,0,0,0,0,0,0,0,0,0
'240120,"Tobacco, partly or wholly stemmed or stripped, otherwise unmanufactured",0,0,0,343,0,0,0,0,0,0,0,0,,,,,,,,,,,,,,,0,0,0,343,0,0,0,0,0,0,0,0
'240130,Tobacco refuse,0,0,0,0,0,0,0,0,0,0,0,0,,,,,,,,,,,,,,,0,37,0,0,0,0,0,43,0,0,0,0
'240290,"Cigars, cheroots, cigarillos and cigarettes consisting wholly of tobacco substitutes",0,0,0,0,0,0,0,0,0,0,0,0,,,,,,,,,,,,,,,0,0,0,0,0,0,0,0,0,0,0,0
'240319,"Smoking tobacco, whether or not containing tobacco substitutes in any proportion (excl. water-pipe ...",0,0,0,0,0,0,0,0,0,0,0,0,,,,,,,,,,,,,,,49,11,41,31,6,200,36,35,0,87,0,11
'250610,Quartz (excl. quartz sands),0,0,3,0,0,0,6,0,0,0,0,0,,,,,,,,,,,,,,,0,3,8,6,50,16,6,0,5,3,0,20
'250850,"Andalusite, kyanite and sillimanite",0,0,0,0,0,0,0,0,0,0,0,0,,,,,,,,,,,,,,,0,0,0,5,17,0,0,0,0,26,0,0
'250900,Chalk,0,0,0,0,0,0,0,0,0,0,0,0,,,,,,,,,,,,,,,2,0,0,0,0,0,0,2,0,4,0,0
'251512,"Marble and travertine, merely cut, by sawing or otherwise, into blocks or slabs of a square ...",0,0,0,0,0,0,0,0,0,0,0,0,,,,,,,,,,,,,,,93,4,48,7,6,66,94,0,23,0,0,0
'251690,"Porphyry, basalt and other monumental or building stone, whether or not roughly trimmed or ...",0,0,0,0,0,0,0,0,0,0,0,0,,,,,,,,,,,,,,,0,0,0,0,0,0,0,0,0,0,0,0
'252321,"White portland cement, whether or not artificially coloured",0,0,0,0,0,0,0,0,0,0,0,0,,,,,,,,,,,,,,,0,0,0,0,0,0,0,0,1,0,1,0
'252510,Crude mica and mica rifted into sheets or splittings,2,2,0,0,0,0,2,2,4,2,0,0,,,,,,,,,,,,,,,2,2,0,0,0,0,2,2,4,3,7,7
'260112,Agglomerated iron ores and concentrates (excl. roasted iron pyrites),0,0,0,0,0,0,0,0,0,0,0,0,,,,,,,,,,,,,,,0,0,0,0,0,0,0,0,0,0,0,0
'200811,"Groundnuts, prepared or preserved (excl. preserved with sugar)",0,1,0,0,0,0,1,0,0,0,0,0,,,,,,,,,,,,,,,33,35,49,52,33,22,24,56,47,54,21,40
'200860,"Cherries, prepared or preserved, whether or not containing added sugar or other sweetening ...",0,0,0,0,0,0,0,0,0,0,0,0,,,,,,,,,,,,,,,0,0,0,0,0,0,0,0,0,0,0,0
'200880,"Strawberries, prepared or preserved, whether or not containing added sugar or other sweetening ...",0,0,0,0,0,0,0,0,0,0,0,0,,,,,,,,,,,,,,,50,24,59,68,7,42,10,21,15,29,12,38
'200921,"Grapefruit juice, unfermented, Brix value <= 20 at 20¡C, whether or not containing added sugar ...",0,0,0,0,0,0,0,0,0,0,0,0,,,,,,,,,,,,,,,0,21,0,0,5,12,0,0,0,21,3,0
'200979,"Apple juice, unfermented, Brix value > 20 at 20¡C, whether or not containing added sugar or ...",0,0,0,0,0,0,0,0,0,0,0,0,,,,,,,,,,,,,,,21,16,13,22,0,2,10,24,1,0,24,17
'210111,"Extracts, essences and concentrates, of coffee",0,0,0,0,0,15,0,0,0,0,0,0,,,,,,,,,,,,,,,122,278,122,104,263,309,106,202,198,287,376,294
'200210,"Tomatoes, whole or in pieces, prepared or preserved otherwise than by vinegar or acetic acid",0,0,0,0,0,0,0,0,0,0,0,0,,,,,,,,,,,,,,,0,0,1,1,3,5,1,1,2,84,0,2
'200540,"Peas ""Pisum Sativum"", prepared or preserved otherwise than by vinegar or acetic acid (excl. ...",0,0,0,0,0,0,0,0,0,0,0,0,,,,,,,,,,,,,,,165,122,150,29,119,75,175,96,107,127,94,86
'200559,"Unshelled beans ""Vigna spp., Phaseolus spp."", prepared or preserved otherwise than by vinegar ...",0,0,0,0,0,0,0,0,0,0,0,0,,,,,,,,,,,,,,,1,4,0,15,3,0,2,1,29,1,7,5
'030399,"Frozen fish fins, heads, tails, maws and other edible fish offal (excl. livers, roes, milt ...",0,161,0,0,0,0,0,91,0,88,0,0,,,,,,,,,,,,,,,476,450,156,285,181,353,383,419,663,368,182,144
'030459,"Fresh or chilled fish meat, whether or not minced (excl. all fillets, tilapias, catfish, carp, ...",0,0,0,0,0,0,0,0,0,0,0,0,,,,,,,,,,,,,,,0,0,0,0,0,0,0,0,0,0,2,0
'030481,"Frozen fillets of Pacific salmon ""Oncorhynchus nerka, Oncorhynchus gorbuscha, Oncorhynchus ...",0,0,0,0,0,0,0,0,0,0,0,0,,,,,,,,,,,,,,,267,532,137,412,450,137,261,262,252,344,229,402
'030483,"Frozen fillets of flat fish ""Pleuronectidae, Bothidae, Cynoglossidae, Soleidae, Scophthalmidae ...",0,0,0,0,0,0,0,0,0,0,0,0,,,,,,,,,,,,,,,17,22,16,3,5,5,0,15,9,3,12,0
'030539,"Fish fillets, dried, salted or in brine, but not smoked (excl. tilapia, catfish, carp, eels, ...",0,0,0,0,0,0,0,0,0,0,0,0,,,,,,,,,,,,,,,0,0,0,0,0,1,0,0,0,52,0,0
'030563,"Anchovies ""Engraulis spp."", salted or in brine only (excl. fillets and offal)",0,0,0,0,0,0,0,0,0,0,0,0,,,,,,,,,,,,,,,0,0,0,0,0,0,0,0,0,0,0,0
'030890,"Live, fresh, chilled, frozen, dried, salted or in brine, even smoked, aquatic invertebrates ...",0,0,0,0,0,0,0,0,0,0,0,0,,,,,,,,,,,,,,,10,13,9,7,9,8,9,11,11,12,9,10
'040110,"Milk and cream of a fat content by weight of <= 1%, not concentrated nor containing added sugar ...",0,0,0,0,0,0,0,0,0,0,0,0,,,,,,,,,,,,,,,0,0,0,0,0,0,0,0,0,0,0,0
'040221,"Milk and cream in solid forms, of a fat content by weight of > 1,5%, unsweetened",0,0,0,0,0,0,1,0,1,0,0,0,,,,,,,,,,,,,,,0,0,0,0,0,0,1,0,1,5,0,0
'050590,"Skins and other parts of birds, with their feathers or down, feathers and parts of feathers, ...",0,0,0,0,0,0,0,0,0,0,0,0,,,,,,,,,,,,,,,146,129,123,53,140,156,88,106,136,405,144,125
'060110,"Bulbs, tubers, tuberous roots, corms, crowns and rhizomes, dormant (excl. those used for human ...",0,0,0,0,0,0,0,0,0,0,0,0,,,,,,,,,,,,,,,0,40,0,0,0,0,0,39,0,43,0,0
'060120,"Bulbs, tubers, tuberous roots, corms, crowns and rhizomes, in growth or in flower; chicory ...",0,0,0,0,0,0,0,0,0,0,0,0,,,,,,,,,,,,,,,0,0,0,0,0,0,0,0,0,0,0,0
'090422,"Fruits of the genus Capsicum or of the genus Pimenta, crushed or ground",0,0,0,0,7,0,0,0,3,0,0,0,,,,,,,,,,,,,,,1,2,0,10,11,35,7,1,4,1,10,9
'090510,"Vanilla, neither crushed nor ground",0,0,0,0,0,0,0,0,0,0,0,0,,,,,,,,,,,,,,,0,0,0,0,0,0,0,0,0,4,0,0
'090932,"Cumin seeds, crushed or ground",0,0,0,0,0,0,0,0,0,0,0,0,,,,,,,,,,,,,,,2,0,0,0,0,0,0,0,0,0,0,0
'091012,"Ginger, crushed or ground",0,0,0,0,0,0,0,0,0,0,0,0,,,,,,,,,,,,,,,0,8,12,0,13,12,17,12,12,0,13,0
'100610,"Rice in the husk, ""paddy"" or rough",0,0,0,0,0,0,0,0,0,0,0,0,,,,,,,,,,,,,,,0,0,0,0,0,0,0,0,0,0,0,0
'100630,"Semi-milled or wholly milled rice, whether or not polished or glazed",0,0,0,0,0,0,0,0,0,0,0,0,,,,,,,,,,,,,,,11236,17192,10838,5632,8257,6314,7776,6829,8193,5053,8224,5802
'100710,"Grain sorghum, for sowing",0,0,0,0,0,0,0,0,0,0,0,0,,,,,,,,,,,,,,,0,0,0,0,0,0,0,0,0,0,0,0
'100790,Grain sorghum (excl. for sowing),0,0,0,0,0,0,0,0,0,0,0,0,,,,,,,,,,,,,,,0,0,0,0,0,0,0,0,0,0,0,0
'100850,"Quinoa ""Chenopodium quinoa""",0,0,0,0,0,0,0,0,0,0,0,0,,,,,,,,,,,,,,,0,0,0,0,0,0,0,1,0,0,0,0
'110220,"Maize ""corn"" flour",0,0,0,0,0,0,0,0,0,0,0,0,,,,,,,,,,,,,,,1,1,2,0,0,0,1,1,3,0,1,1
'110610,"Flour, meal and powder of peas, beans, lentils and the other dried leguminous vegetables of ...",0,0,0,0,0,0,3,0,0,0,0,0,,,,,,,,,,,,,,,81,48,67,39,61,65,61,88,68,64,58,4
'110811,Wheat starch,0,0,0,0,0,0,0,0,0,0,0,0,,,,,,,,,,,,,,,65,67,58,67,75,59,71,110,47,61,62,58
'120799,"Oil seeds and oleaginous fruits, whether or not broken (excl. edible nuts, olives, soya beans, ...",0,0,0,0,0,0,0,0,0,0,0,0,,,,,,,,,,,,,,,1,3,1,1,4,2,1,0,1,5,1,1
'120929,"Seeds of forage plants for sowing (excl. of cereals and of sugar beet, alfalfa, clover ""Trifolium ...",0,0,0,0,0,0,0,0,0,0,0,0,,,,,,,,,,,,,,,0,0,0,0,0,0,0,0,0,0,0,0
'120930,"Seeds of herbaceous plants cultivated mainly for flowers, for sowing",0,0,0,0,0,0,0,0,0,0,0,0,,,,,,,,,,,,,,,0,86,0,46,2,0,0,6,3,17,0,3
'130232,"Mucilages and thickeners, derived from locust beans, locust bean seeds or guar seeds, whether ...",9,0,0,0,0,0,0,0,0,0,0,0,,,,,,,,,,,,,,,9,12,0,22,3,0,9,2,0,0,9,0
'140190,"Reeds, rushes, osier, raffia, cleaned, bleached or dyed cereal straw, lime bark and other vegetable ...",0,0,0,0,0,0,0,0,0,0,0,0,,,,,,,,,,,,,,,14,7,1,1,0,2,2,0,1,0,3,56
'150930,"Virgin olive oil ""EU cat. 2"" obtained from the fruit of the olive tree solely by mechanical ...",0,0,0,0,0,0,0,0,0,0,0,0,,,,,,,,,,,,,,,0,0,0,0,0,0,0,0,0,0,0,1
'151090,"Other oils and their fractions ""EU cat. 7 and 8"", obtained solely from olives, whether or not ...",0,0,0,0,0,0,0,0,0,0,0,0,,,,,,,,,,,,,,,4,1,1,0,1,1,2,1,1,0,2,1
'151319,"Coconut oil and its fractions, whether or not refined, but not chemically modified (excl. crude)",0,0,0,0,0,0,0,0,0,0,0,0,,,,,,,,,,,,,,,0,2,0,0,0,0,3,0,0,0,0,0
'152200,Degras; residues resulting from the treatment of fatty substances or animal or vegetable waxes,0,0,0,0,0,0,0,0,0,0,0,0,,,,,,,,,,,,,,,17,0,0,0,0,24,0,0,0,0,0,16
'160413,"Prepared or preserved sardines, sardinella and brisling or sprats, whole or in pieces (excl. ...",0,0,0,0,0,0,0,0,0,0,0,0,,,,,,,,,,,,,,,19,19,6,12,22,8,20,6,26,12,23,15
'160415,"Prepared or preserved mackerel, whole or in pieces (excl. minced)",0,0,0,0,0,0,0,0,0,0,0,0,,,,,,,,,,,,,,,58,62,17,28,14,20,12,47,7,4,12,13
'160562,"Sea urchins, prepared or preserved (excl. smoked)",0,0,0,0,0,0,0,0,0,0,0,0,,,,,,,,,,,,,,,0,0,0,0,0,0,0,0,0,0,0,0
'170113,"Raw cane sugar, in solid form, not containing added flavouring or colouring matter, obtained ...",0,0,0,20,0,0,0,0,0,0,0,0,,,,,,,,,,,,,,,364,459,333,320,360,369,360,350,241,243,356,274
'170250,Chemically pure fructose in solid form,0,0,0,0,0,0,0,0,0,0,0,0,,,,,,,,,,,,,,,140,187,245,168,172,172,184,58,113,119,143,92
'180100,"Cocoa beans, whole or broken, raw or roasted",0,0,0,0,0,0,0,0,0,0,0,0,,,,,,,,,,,,,,,0,0,2,0,0,0,0,9,0,7,0,0
'180632,"Chocolate and other preparations containing cocoa, in blocks, slabs or bars of <= 2 kg (excl. ...",0,0,0,0,0,0,0,0,0,0,0,0,,,,,,,,,,,,,,,91,260,200,152,98,232,195,186,232,193,45,161
'060314,"Fresh cut chrysanthemums and buds, of a kind suitable for bouquets or for ornamental purposes",0,0,0,0,0,0,0,0,0,0,0,0,,,,,,,,,,,,,,,3,6,3,3,3,3,4,4,4,9,37,6
'070690,"Fresh or chilled salad beetroot, salsify, celeriac, radishes and similar edible roots (excl. ...",0,0,0,0,0,0,0,0,0,0,0,0,,,,,,,,,,,,,,,141,93,165,169,106,100,25,130,122,30,89,61
'070920,Fresh or chilled asparagus,0,0,0,0,0,0,0,0,0,0,0,0,,,,,,,,,,,,,,,3,3,3,4,6,5,4,4,4,3,2,3
'070952,Fresh or chilled mushrooms of the genus Boletus,0,0,0,0,0,0,0,0,0,0,0,0,,,,,,,,,,,,,,,0,0,0,0,0,0,0,0,0,0,0,0
'070991,Fresh or chilled globe artichokes,0,0,0,0,0,0,0,0,0,0,0,0,,,,,,,,,,,,,,,0,0,0,0,0,0,0,0,0,0,0,0
'071339,"Dried, shelled beans ""Vigna and Phaseolus"", whether or not skinned or split (excl. beans of ...",0,0,0,0,0,0,0,0,0,0,0,0,,,,,,,,,,,,,,,1,1,0,1,1,0,0,2,1,0,0,1
'071420,"Sweet potatoes, fresh, chilled, frozen or dried, whether or not sliced or in the form of pellets",0,0,0,0,0,0,0,0,0,0,0,0,,,,,,,,,,,,,,,18,10,168,65,381,261,350,37,33,27,9,30
'080122,"Fresh or dried brazil nuts, shelled",0,0,0,0,0,0,0,0,0,0,0,0,,,,,,,,,,,,,,,0,0,0,0,0,0,0,0,0,0,0,0
'080232,"Fresh or dried walnuts, shelled",0,0,0,0,0,0,0,0,0,0,0,0,,,,,,,,,,,,,,,0,0,0,1,1,1,1,1,0,0,0,0
'080261,"Fresh or dried macadamia nuts, in shell",0,0,0,0,0,0,0,0,0,0,0,0,,,,,,,,,,,,,,,0,0,0,0,0,0,0,0,0,0,0,0
'080521,Fresh or dried mandarins incl. tangerines and satsumas (excl. clementines),0,0,0,0,0,0,0,0,0,0,0,0,,,,,,,,,,,,,,,0,0,0,0,0,0,21,94,475,1143,80,0
'080540,Fresh or dried grapefruit and pomelos,0,0,0,0,0,0,0,0,0,0,0,0,,,,,,,,,,,,,,,3,8,1,4,138,2553,160,15,12,3,6,1
'080719,Fresh melons (excl. watermelons),0,0,0,0,0,0,0,0,0,0,0,0,,,,,,,,,,,,,,,22,21,18,9,1,1,1,5,1,1,4,9
'080830,Fresh pears,0,0,0,0,0,0,0,0,0,0,0,0,,,,,,,,,,,,,,,3,1,8,29,8,14,1,3,18,0,0,2
'081070,Fresh persimmons,0,0,0,0,0,0,0,0,0,0,0,0,,,,,,,,,,,,,,,0,0,0,0,0,1,1,7,2,0,0,0
'081190,"Frozen fruit and nuts, uncooked or cooked by steaming or boiling in water, whether or not sweetened ...",0,0,0,0,0,0,0,0,0,0,0,0,,,,,,,,,,,,,,,14,25,113,94,15,36,89,71,60,30,193,76
'010514,"Live domestic geese, weighing <= 185 g",0,0,0,0,0,0,0,0,0,0,0,0,,,,,,,,,,,,,,,0,0,0,0,0,0,0,0,0,0,0,0
'010594,"Live fowls of the species Gallus domesticus, weighing > 185",0,0,0,0,0,0,0,0,0,0,0,0,,,,,,,,,,,,,,,0,0,0,0,0,0,0,0,0,0,0,0
'010614,Live rabbits and hares,0,0,0,0,0,0,0,0,0,0,0,0,,,,,,,,,,,,,,,0,0,0,0,0,0,0,0,0,0,0,0
'010641,Live bees,0,0,0,0,0,0,0,0,0,0,0,0,,,,,,,,,,,,,,,0,0,0,0,0,0,0,0,0,0,0,0
'020230,"Frozen, boneless meat of bovine animals",0,0,0,0,0,0,0,0,0,0,0,0,,,,,,,,,,,,,,,5,7,31,31,0,21,3,8,59,29,2,28
'020319,"Fresh or chilled meat of swine (excl. carcases and half-carcases, and hams, shoulders and cuts ...",0,0,0,0,0,0,0,0,0,0,0,0,,,,,,,,,,,,,,,45,41,38,14,91,101,53,1,0,0,0,3
'020423,Fresh or chilled boneless cuts of sheep,0,0,0,0,0,0,0,0,0,0,0,0,,,,,,,,,,,,,,,0,0,0,0,0,0,0,0,0,0,0,0
'020621,Frozen edible bovine tongues,0,0,0,0,0,0,0,0,0,0,0,0,,,,,,,,,,,,,,,0,0,0,0,0,0,0,0,0,5,0,0
'020629,Frozen edible bovine offal (excl. tongues and livers),0,0,0,0,0,0,0,0,0,0,0,0,,,,,,,,,,,,,,,0,0,0,0,0,0,0,0,0,0,0,0
'020680,"Fresh or chilled edible offal of sheep, goats, horses, asses, mules and hinnies",0,0,0,0,0,0,0,0,0,0,0,0,,,,,,,,,,,,,,,0,0,0,0,0,1,0,0,0,0,0,0
'020727,Frozen cuts and edible offal of turkeys of the species domesticus,0,0,0,0,0,0,0,0,0,0,0,0,,,,,,,,,,,,,,,0,0,0,0,0,0,0,0,0,0,0,0
'020744,Fresh or chilled cuts and edible offal of domestic ducks (excl. fatty livers),0,0,0,0,0,0,0,0,0,0,0,0,,,,,,,,,,,,,,,2,0,1,1,1,1,1,0,0,0,0,0
'030214,"Fresh or chilled Atlantic salmon ""Salmo salar"" and Danube salmon ""Hucho hucho""",0,0,0,0,0,0,0,0,0,0,0,0,,,,,,,,,,,,,,,0,0,0,0,0,0,0,0,13,0,0,0
'030223,"Fresh or chilled sole ""Solea spp.""",0,0,0,0,0,0,0,0,0,0,0,0,,,,,,,,,,,,,,,0,0,0,0,0,0,0,0,0,0,0,0
'030244,"Fresh or chilled mackerel ""Scomber scombrus, Scomber australasicus, Scomber japonicus""",0,0,0,0,0,0,0,0,0,0,0,0,,,,,,,,,,,,,,,0,0,0,0,0,0,0,0,0,0,0,0
'030246,"Fresh or chilled cobia ""Rachycentron canadum""",0,0,0,0,0,0,0,0,0,0,0,0,,,,,,,,,,,,,,,0,0,0,0,0,0,0,0,0,0,0,0
'030312,"Frozen Pacific salmon (excl. sockeye salmon ""red salmon"")",0,0,0,0,0,0,0,0,0,0,0,0,,,,,,,,,,,,,,,23,0,14,54,0,38,0,16,9,0,20,0
'030339,"Frozen flat fish ""Pleuronectidae, Bothidae, Cynoglossidae, Soleidae, Scophthalmidae and Citharidae"" ...",0,0,0,0,0,0,0,0,0,0,0,0,,,,,,,,,,,,,,,0,0,0,0,0,0,0,0,0,0,0,0
'830629,"Statuettes and other ornaments, of base metal, not plated with precious metal (excl. works ...",0,0,0,0,3,0,0,0,0,0,0,0,,,,,,,,,,,,,,,328,475,472,267,380,688,280,501,243,365,400,389
'821599,"Spoons, forks, ladles, skimmers, cake-servers, fish-knives, butter-knives, sugar tongs and ...",0,0,4,0,0,0,0,0,0,0,0,0,,,,,,,,,,,,,,,174,425,308,165,290,211,172,200,218,375,304,151
'840390,"Parts of central heating boilers, n.e.s.",0,0,0,0,0,0,0,0,0,0,0,0,,,,,,,,,,,,,,,0,12,146,0,2,21,16,13,25,20,0,0
'840820,"Compression-ignition internal combustion piston engine ""diesel or semi-diesel engine"", for ...",0,0,0,0,0,0,0,0,0,0,0,0,,,,,,,,,,,,,,,295,403,310,218,386,203,377,289,285,234,264,127
'841122,Turbopropellers of a power > 1.100 kW,0,0,0,0,0,0,0,0,0,0,0,0,,,,,,,,,,,,,,,101,108,101,200,98,0,100,0,99,0,0,0
'841181,Gas turbines of a power <= 5.000 kW (excl. turbojets and turbopropellers),0,0,0,0,0,0,0,0,0,0,0,0,,,,,,,,,,,,,,,0,0,0,462,0,0,0,0,0,0,0,0
'841199,"Parts of gas turbines, n.e.s.",0,0,0,0,0,0,0,0,0,0,0,0,,,,,,,,,,,,,,,1121,1522,158,215,443,705,172,253,316,125,4516,2538
'841829,"Household refrigerators, absorption-type",0,0,0,0,0,0,2,0,0,0,0,0,,,,,,,,,,,,,,,5,4,16,7,22,5,4,6,5,12,1,6
'841830,"Freezers of the chest type, of a capacity <= 800 l",0,0,0,0,0,0,0,0,0,0,0,0,,,,,,,,,,,,,,,162,271,174,242,304,340,94,266,189,254,239,163
'842122,Machinery and apparatus for filtering or purifying beverages (excl.water),0,0,0,0,0,0,0,0,0,0,0,0,,,,,,,,,,,,,,,1,0,0,0,0,0,8,0,0,8,0,0
'841911,Instantaneous gas water heaters (excl. boilers or water heaters for central heating),0,0,0,0,0,0,0,0,0,0,0,0,,,,,,,,,,,,,,,890,815,1517,431,862,1787,1455,750,1150,741,209,830
'841933,"Lyophilisation apparatus, freeze drying units and spray dryers",0,0,0,0,0,0,9,0,0,0,0,0,,,,,,,,,,,,,,,2,0,46,0,5,0,15,0,17,0,0,15
'841935,"Dryers, for wood, paper pulp, paper or paperboard (excl. lyophilisation apparatus, freeze drying ...",0,0,0,0,0,0,0,0,51,0,0,0,,,,,,,,,,,,,,,0,0,0,0,0,0,589,177,51,0,0,0
'844120,"Machines for making bags, sacks or envelopes out of paper pulp, paper or paperboard (excl. ...",0,0,0,0,0,0,0,0,0,0,0,0,,,,,,,,,,,,,,,0,0,46,0,0,0,0,276,228,0,0,10
'844240,"Parts of machinery, apparatus and equipment for preparing or making printing plates, cylinders ...",0,0,0,0,0,0,0,0,0,0,0,0,,,,,,,,,,,,,,,7,24,46,36,59,23,74,6,7,20,6,35
'844712,"Circular knitting machines, with cylinder diameter > 165 mm",561,302,11,0,314,0,143,174,17,3,0,0,,,,,,,,,,,,,,,4406,2229,996,2516,1862,1627,442,5208,2715,6282,807,554
'843353,Root or tuber harvesting machines,0,0,0,0,0,0,0,0,0,0,0,0,,,,,,,,,,,,,,,0,0,0,0,12,0,0,0,0,0,0,0
'843359,"Harvesting machinery for agricultural produce (excl. mowers, haymaking machinery, straw and ...",0,0,0,0,0,0,0,0,0,0,0,0,,,,,,,,,,,,,,,0,80,0,0,0,0,0,0,16,0,3,15
'843360,"Machines for cleaning, sorting or grading eggs, fruit or other agricultural produce (excl. ...",0,0,0,0,0,0,0,0,0,6,0,0,,,,,,,,,,,,,,,0,0,344,0,3,0,0,0,23,6,63,0
'843699,"Parts of agricultural, horticultural, forestry or bee-keeping machinery, n.e.s.",5,20,77,0,0,16,31,27,0,28,3,0,,,,,,,,,,,,,,,2254,2657,2573,2683,2442,2115,2016,2218,2603,2093,2517,2462
'843710,"Machines for cleaning, sorting or grading seed, grain or dried leguminous vegetables",0,0,0,0,0,0,0,0,0,0,0,0,,,,,,,,,,,,,,,46,109,291,7,556,66,31,102,75,182,108,107
'843780,Machinery used in the milling industry or for the working of cereals or dried leguminous vegetables ...,0,0,0,0,5,0,0,0,0,0,0,0,,,,,,,,,,,,,,,315,152,88,266,194,277,229,133,84,260,139,183
'845011,"Fully-automatic household or laundry-type washing machines, of a dry linen capacity <= 6 kg",0,0,0,0,0,0,0,0,0,0,0,0,,,,,,,,,,,,,,,5,0,2,1,3,9,0,3,1,2,0,2
'844833,"Spindles, spindle flyers, spinning rings and ring travellers, for machines of heading 8445",2,0,0,0,3,6,0,4,0,0,0,0,,,,,,,,,,,,,,,24,53,18,45,67,125,50,17,24,33,80,27
'842951,Self-propelled front-end shovel loaders,0,0,0,0,0,0,0,0,0,0,0,0,,,,,,,,,,,,,,,0,0,18,0,0,0,0,63,101,0,13,26
'845521,Hot or combination hot and cold metal-rolling mills (excl. tubes mills),0,0,0,5,0,0,0,0,0,0,0,0,,,,,,,,,,,,,,,75,0,0,5,0,0,0,133,303,0,0,0
'845910,"Way-type unit head machines for drilling, boring, milling, threading or tapping metal",0,22,0,0,0,0,0,0,0,0,0,0,,,,,,,,,,,,,,,0,22,11,0,0,0,0,0,1,0,0,0
'846039,"Sharpening ""tool or cutter grinding"" machines, not numerically controlled",8,2,5,0,4,0,0,0,48,8,28,0,,,,,,,,,,,,,,,327,193,285,249,268,81,297,204,450,124,304,272
'846269,"Cold metal working presses (excl. hydraulic, mechanical and servo-presses)",0,0,0,0,0,0,0,0,0,0,0,0,,,,,,,,,,,,,,,70,104,53,22,33,114,223,68,58,9,27,46
'847521,Machines for making optical fibres and preforms thereof,0,0,0,0,0,0,0,0,0,0,0,0,,,,,,,,,,,,,,,0,8,0,0,8,0,0,0,39,0,0,0
'847689,"Automatic goods-vending machines, without heating or refrigerating devices; money changing ...",0,0,0,5,0,0,0,0,0,0,0,0,,,,,,,,,,,,,,,180,351,204,79,71,150,123,134,43,91,12,54
'847920,Machinery for the extraction or preparation of animal or fixed vegetable or microbial fats ...,0,0,0,0,0,0,0,0,0,0,0,0,,,,,,,,,,,,,,,0,0,0,7,0,0,539,0,0,49,0,0
'847029,"Electronic calculating machines not incorporating a printing device, with mains connection ...",0,0,0,0,0,0,0,0,0,0,0,0,,,,,,,,,,,,,,,0,0,0,1,0,0,0,0,5,0,0,0
'848530,"Machines for additive manufacturing by plaster, cement, ceramics or glass deposit",0,0,0,0,0,0,0,0,0,0,0,0,,,,,,,,,,,,,,,0,0,0,0,0,0,0,0,27,0,0,0
'847983,Cold isostatic presses,0,0,0,0,0,0,0,0,0,0,0,0,,,,,,,,,,,,,,,0,0,0,0,0,0,211,0,126,0,0,0
'750110,Nickel mattes,0,0,0,0,0,0,0,0,0,0,0,0,,,,,,,,,,,,,,,107,0,0,126,0,220,125,265,0,182,0,0
'760310,"Powders of aluminium, of non-lamellar structure (excl. pellets of aluminium)",2,0,2,45,0,0,58,0,0,0,0,0,,,,,,,,,,,,,,,5,0,2,46,25,5,58,25,0,23,25,20
'760320,"Powders of aluminium, of lamellar structure, and flakes of aluminium (excl. pellets of aluminium, ...",0,0,0,19,0,0,0,0,0,0,0,0,,,,,,,,,,,,,,,7,0,14,19,0,7,0,17,14,0,72,14
'810294,"Unwrought molybdenum, incl. bars and rods obtained simply by sintering",0,0,0,0,0,0,0,0,0,0,0,0,,,,,,,,,,,,,,,0,0,0,0,0,0,0,0,0,0,0,0
'810296,Molybdenum wire,0,0,0,0,0,0,0,0,0,0,0,0,,,,,,,,,,,,,,,7,0,3,0,0,5,0,3,7,7,10,1
'810430,"Magnesium raspings, turnings and granules, graded according to size; magnesium powders",0,0,0,0,0,0,0,0,0,0,0,0,,,,,,,,,,,,,,,0,0,35,0,0,17,0,0,0,0,26,3
'810590,"Articles of cobalt, n.e.s.",0,0,0,0,0,0,0,0,0,0,0,0,,,,,,,,,,,,,,,358,748,681,470,546,643,692,680,441,711,593,696
'811219,"Articles of beryllium, n.e.s.",0,0,0,0,0,0,0,0,0,0,0,0,,,,,,,,,,,,,,,0,66,5,7,0,4,0,0,0,0,0,5
'740312,"Copper, refined, in the form of wire-bars",0,0,0,0,0,0,0,0,0,0,0,0,,,,,,,,,,,,,,,0,0,0,5,0,0,0,0,0,0,0,0
'732119,"Appliances for baking, frying, grilling and cooking and plate warmers, for domestic use, of ...",0,0,0,0,0,1,0,0,0,0,0,0,,,,,,,,,,,,,,,83,25,170,85,57,334,108,253,183,172,71,127
'732310,"Iron or steel wool; pot scourers and scouring or polishing pads, gloves and the like, of iron ...",0,0,0,0,0,0,0,0,0,0,0,0,,,,,,,,,,,,,,,3,3,2,9,9,6,2,3,0,10,0,0
'732410,"Sinks and washbasins, of stainless steel",0,0,0,0,0,0,0,0,0,0,0,0,,,,,,,,,,,,,,,0,2,41,87,11,43,1,0,32,0,4,40
'740100,"Copper mattes; cement copper ""precipitated copper""",0,0,0,0,0,0,0,0,0,0,0,0,,,,,,,,,,,,,,,1099,180,725,536,1433,415,1429,586,709,1119,783,971
'740200,"Copper, unrefined; copper anodes for electrolytic refining",7,7,0,7,7,7,0,8,8,8,0,0,,,,,,,,,,,,,,,851,1160,1268,1591,1084,588,871,1462,1492,975,1090,785
'731442,"Grill, netting and fencing, of iron or steel wire, not welded at the intersection, coated with ...",0,0,0,0,0,0,0,0,0,0,0,0,,,,,,,,,,,,,,,8,9,20,15,13,9,14,19,3,5,10,3
'730590,"Tubes and pipes having circular cross-sections and an external diameter of > 406,4 mm, of flat-rolled ...",0,0,0,0,0,0,0,0,0,0,0,0,,,,,,,,,,,,,,,1,0,31,0,1,39,0,0,0,0,0,0
'730791,Flanges of iron or steel (excl. cast or stainless products),0,0,2,1,14,0,0,0,0,40,0,0,,,,,,,,,,,,,,,1023,1227,1082,1025,1151,1065,1045,909,1170,1008,1070,848
'731100,"Containers of iron or steel, for compressed or liquefied gas (excl. containers specifically ...",0,0,0,0,2,0,0,0,15,0,30,0,,,,,,,,,,,,,,,861,1862,1427,1117,1331,1564,886,1013,1387,1237,630,823
'701341,"Glassware of lead crystal, of a kind used for table or kitchen purposes (excl. articles of ...",0,0,0,0,0,0,0,0,0,0,0,0,,,,,,,,,,,,,,,10,108,20,4,27,10,6,5,9,75,4,10
'701590,"Clock or watch glasses and similar glasses, glasses for non-corrective spectacles, curved, ...",0,0,0,15,0,0,0,0,0,0,0,0,,,,,,,,,,,,,,,37,7,11,30,30,36,40,31,44,80,54,18
'701962,"Closed fabrics of rovings of glass fibres, mechanically bonded (excl. woven)",0,0,0,0,0,0,0,0,1,0,0,0,,,,,,,,,,,,,,,0,0,0,0,0,17,0,0,6,0,0,10
'710310,"Precious stones and semi-precious stones, unworked or simply sawn or roughly shaped, whether ...",0,0,0,0,0,0,0,0,0,0,0,0,,,,,,,,,,,,,,,0,1,0,3,11,0,4,0,3,17,0,2
'710399,"Precious and semi-precious stones, worked, whether or not graded, but not strung, mounted or ...",0,0,0,0,0,0,0,0,0,0,0,0,,,,,,,,,,,,,,,785,5,28,10,8,10,0,161,579,49,160,11
'710811,"Gold, incl. gold plated with platinum, for non-monetary purposes",0,0,0,0,0,0,0,0,0,0,0,0,,,,,,,,,,,,,,,0,0,0,0,0,0,0,0,0,0,0,0
'711019,"Platinum, in semi-manufactured forms",0,0,0,0,0,0,0,0,0,0,0,0,,,,,,,,,,,,,,,11293,10599,9534,14584,14295,16806,23603,20053,21221,29906,23237,28344
'711790,"Imitation jewellery (excl. jewellery, of base metal, whether or not clad with silver, gold ...",0,0,0,0,47,14,0,0,0,0,0,0,,,,,,,,,,,,,,,323,329,995,799,382,559,647,643,490,1926,796,1081
'690100,"Bricks, blocks, tiles and other ceramic goods of siliceous fossil meals, e.g. kieselguhr, tripolite ...",0,0,0,0,0,0,1,0,0,0,0,0,,,,,,,,,,,,,,,2,0,2,28,0,52,28,2,25,22,0,26
'720230,Ferro-silico-manganese,0,0,9,0,0,0,6,0,0,0,8,0,,,,,,,,,,,,,,,8,128,18,2,4,2,39,9,262,24,8,364
'720292,Ferro-vanadium,366,0,374,0,0,0,11,551,3,349,355,0,,,,,,,,,,,,,,,553,369,581,465,465,1475,911,734,367,684,1551,1111
'721610,"U, I or H sections of iron or non-alloy steel, not further worked than hot-rolled, hot-drawn ...",1,24,0,0,22,0,22,0,13,2,0,0,,,,,,,,,,,,,,,289,234,265,184,92,131,264,63,182,162,202,346
'730230,"Switch blades, crossing frogs, point rods and other crossing pieces, for railway or tramway ...",0,0,0,0,0,0,0,0,0,0,0,0,,,,,,,,,,,,,,,21,2,0,0,0,0,0,0,0,0,3,0
'730429,"Casing and tubing, seamless, of iron or steel, of a kind used in drilling for oil or gas (excl. ...",0,0,0,0,0,0,0,0,0,0,0,0,,,,,,,,,,,,,,,0,0,0,5,0,0,4,0,0,0,0,0
'722820,"Bars and rods of silico-manganese steel (excl. semi-finished products, flat-rolled products ...",0,0,0,0,0,0,0,0,0,0,0,0,,,,,,,,,,,,,,,0,0,0,0,0,0,0,0,0,0,0,6
'722880,"Hollow drill bars and rods, of alloy or non-alloy steel",0,0,0,0,0,0,0,47,0,0,0,0,,,,,,,,,,,,,,,152,177,68,16,49,11,51,76,18,39,54,21
'720690,"Iron and non-alloy steel, in puddled bars or other primary forms (excl. ingots, remelted scrap ...",0,0,0,0,0,0,0,0,0,0,0,0,,,,,,,,,,,,,,,0,0,0,0,0,13,0,0,0,0,0,2
'720712,"Semi-finished products of iron or non-alloy steel containing, by weight, < 0,25% of carbon, ...",0,0,0,0,0,0,0,0,0,0,0,0,,,,,,,,,,,,,,,34163,0,0,13619,0,23323,21307,33503,35125,40471,44433,43416
'720926,"Flat-rolled products of iron or non-alloy steel, of a width of >= 600 mm, not in coils, simply ...",6,3,19,0,7,5,8,7,29,8,4,0,,,,,,,,,,,,,,,79,44,67,0,30,43,19,65,33,86,4,9
'721041,"Flat-rolled products of iron or non-alloy steel, of a width of >= 600 mm, hot-rolled or cold-rolled ...",0,0,0,0,0,0,0,0,0,0,0,0,,,,,,,,,,,,,,,62,4,50,83,77,72,63,0,27,64,86,46
'721114,"Flat-rolled products of iron or non-alloy steel, of a width < 600 mm, not further worked than ...",46,0,7,21,23,0,21,0,15,40,23,0,,,,,,,,,,,,,,,95,462,410,102,34,216,299,313,303,93,519,196
'721190,"Flat-rolled products of iron or non-alloy steel, of a width of < 600 mm, hot-rolled or cold-rolled ...",0,4,4,6,0,0,6,0,10,0,6,0,,,,,,,,,,,,,,,205,137,251,151,97,175,102,131,101,81,70,209
'721310,"Bars and rods, hot-rolled, in irregularly wound coils of iron or non-alloy steel, with indentations, ...",0,0,0,0,0,0,0,0,0,0,0,0,,,,,,,,,,,,,,,0,0,0,67,0,0,0,0,0,15,0,0
'551624,"Woven fabrics containing predominantly, but < 85% artificial staple fibres by weight, mixed ...",0,0,0,0,0,0,0,0,0,0,0,0,,,,,,,,,,,,,,,0,0,0,0,0,0,0,0,1,0,0,0
'580430,"Handmade lace in the piece, in strips or in motifs (excl. fabrics of heading 6002 to 6006)",0,0,0,0,0,0,0,0,0,0,0,0,,,,,,,,,,,,,,,3,0,24,1,0,16,0,0,0,0,7,0
'560811,Made-up knotted fishing nets of man-made textile materials (excl. landing nets),2,9,56,2,0,25,0,4,2,0,2,0,,,,,,,,,,,,,,,2302,2550,4414,975,4041,2465,2709,2831,1940,2332,2098,2547
'570190,"Carpets and other textile floor coverings, of textile materials, knotted, whether or not made ...",0,0,0,0,0,0,0,0,0,0,0,0,,,,,,,,,,,,,,,0,0,0,0,0,19,0,0,0,0,0,0
'570231,"Carpets and other floor coverings, of wool or fine animal hair, woven, not tufted or flocked, ...",0,0,0,0,0,0,0,0,0,0,0,0,,,,,,,,,,,,,,,0,0,0,0,0,0,0,0,0,0,0,0
'570292,"Carpets and other floor coverings, of man-made textile materials, woven, not tufted or flocked, ...",0,0,0,0,0,0,0,0,0,0,0,0,,,,,,,,,,,,,,,0,0,0,0,0,0,0,0,0,0,0,0
'570310,"Carpets and other floor coverings, of wool or fine animal hair, tufted ""needle punched"", whether ...",0,0,0,0,0,0,0,0,0,0,0,0,,,,,,,,,,,,,,,0,0,0,0,0,0,0,0,0,0,0,0
'580121,"Uncut weft pile fabrics, of cotton (excl. terry towelling and similar woven terry fabrics, ...",0,0,0,0,0,0,0,0,0,0,0,0,,,,,,,,,,,,,,,0,0,0,0,0,0,0,0,0,0,0,0
'580123,"Cut weft pile fabrics, of cotton (excl. terry towelling and similar woven terry fabrics, tufted ...",0,0,0,0,0,0,0,0,0,0,0,0,,,,,,,,,,,,,,,0,0,0,0,0,0,0,0,0,0,0,0
'660199,"Umbrellas and sun umbrellas, incl. walking-stick umbrellas (excl. umbrellas having a telescopic ...",0,0,0,0,0,0,0,0,0,0,0,0,,,,,,,,,,,,,,,6,74,18,61,44,2,14,9,1,10,27,9
'660200,"Walking sticks, seat-sticks, whips, riding-crops and the like (excl. measure walking sticks, ...",0,0,0,0,0,0,0,0,0,0,0,0,,,,,,,,,,,,,,,1209,1149,1338,1452,1273,1240,745,1456,1059,1246,826,936
'670411,Complete wigs of synthetic textile materials,0,0,0,0,0,0,0,0,0,0,0,0,,,,,,,,,,,,,,,3,3,2,3,4,2,4,5,5,2,2,3
'680221,"Marble, travertine and alabaster articles thereof, simply cut or sawn, with a flat or even ...",0,0,0,0,0,0,0,0,0,0,0,0,,,,,,,,,,,,,,,0,0,63,0,0,0,20,3,0,2,0,0
'680293,"Granite, in any form, polished, decorated or otherwise worked (excl. tiles, cubes and similar ...",0,0,0,0,0,0,0,0,0,0,0,0,,,,,,,,,,,,,,,9,0,5,8,2,0,1,4,0,1,6,34
'590500,Textile wallcoverings,0,0,0,0,0,0,0,0,0,0,0,0,,,,,,,,,,,,,,,90,65,46,124,2,0,9,129,0,4,114,173
'690990,"Ceramic troughs, tubs and similar receptacles of a kind used in agriculture; ceramic pots, ...",0,2,0,0,0,2,0,0,0,0,0,0,,,,,,,,,,,,,,,10,127,50,66,92,111,66,21,50,111,85,89
'691010,"Ceramic sinks, washbasins, washbasin pedestals, baths, bidets, water closet pans, flushing ...",0,0,0,0,0,0,0,0,0,0,0,0,,,,,,,,,,,,,,,17,84,52,71,13,290,2,75,5,0,16,2
'691090,"Ceramic sinks, washbasins, washbasin pedestals, baths, bidets, water closet pans, flushing ...",0,0,0,0,0,0,0,0,0,0,0,0,,,,,,,,,,,,,,,0,9,0,1,0,4,0,1,0,0,0,0
'691110,"Tableware and kitchenware, of porcelain or china (excl. ornamental articles, pots, jars, carboys ...",0,0,4,0,0,0,0,0,0,0,0,0,,,,,,,,,,,,,,,119,610,197,222,180,164,96,92,144,72,90,116
'700800,Multiple-walled insulating units of glass,0,0,0,0,0,0,0,0,0,0,0,0,,,,,,,,,,,,,,,0,0,8,0,0,0,49,0,0,0,0,0
'701020,"Stoppers, lids and other closures, of glass",0,0,0,0,0,0,0,0,0,0,0,0,,,,,,,,,,,,,,,3,25,0,0,19,0,51,0,2,0,0,4
'681011,"Building blocks and bricks of cement, concrete or artificial stone, whether or not reinforced",0,0,0,0,0,0,0,0,0,0,0,0,,,,,,,,,,,,,,,0,0,0,24,45,49,0,0,0,89,0,1
'681091,"Prefabricated structural components for building or civil engineering of cement, concrete or ...",0,0,0,0,0,0,0,0,0,0,0,0,,,,,,,,,,,,,,,15,0,5,48,0,0,0,0,0,0,0,2
'681189,"Articles of cellulose fibre-cement or the like, not containing asbestos (excl. corrugated and ...",0,0,0,0,0,0,0,0,0,2,0,0,,,,,,,,,,,,,,,39,0,10,10,2,2,0,37,8,2,0,0
'610323,"Men's or boys' ensembles of synthetic fibres, knitted or crocheted (excl. ski ensembles and ...",0,0,0,0,0,0,0,0,0,0,0,0,,,,,,,,,,,,,,,3,0,50,0,16,0,0,60,94,36,0,0
'610442,"Women's or girls' dresses of cotton, knitted or crocheted (excl. petticoats)",0,0,0,0,0,0,0,0,0,0,0,0,,,,,,,,,,,,,,,22,27,57,19,9,49,151,26,55,26,17,25
'610444,"Women's or girls' dresses of artificial fibres, knitted or crocheted (excl. petticoats)",0,0,0,0,0,0,0,0,0,0,0,0,,,,,,,,,,,,,,,5,16,22,2,10,15,29,26,14,5,15,4
'610451,"Women's or girls' skirts and divided skirts of wool or fine animal hair, knitted or crocheted ...",0,0,0,0,0,0,0,0,0,0,0,0,,,,,,,,,,,,,,,10,17,6,3,10,17,6,12,0,4,11,29
'610462,"Women's or girls' trousers, bib and brace overalls, breeches and shorts of cotton, knitted ...",0,0,0,0,0,0,0,0,0,0,0,0,,,,,,,,,,,,,,,142,326,259,180,261,229,301,119,286,202,198,267
'610469,"Women's or girls' trousers, bib and brace overalls, breeches and shorts of textile materials, ...",0,0,0,0,0,0,0,0,0,0,0,0,,,,,,,,,,,,,,,33,32,30,30,5,23,35,22,3,3,14,8
'610690,"Women's or girls' blouses, shirts and shirt-blouses of textile materials, knitted or crocheted ...",0,0,0,0,0,0,0,0,0,0,0,0,,,,,,,,,,,,,,,127,256,218,239,163,144,111,109,223,114,319,100
'610711,"Men's or boys' underpants and briefs of cotton, knitted or crocheted",0,0,0,0,0,0,0,0,0,0,0,0,,,,,,,,,,,,,,,417,250,212,205,106,306,124,252,180,22,209,40
'610811,"Women's or girls' slips and petticoats of man-made fibres, knitted or crocheted (excl. T-shirts ...",0,0,0,0,0,0,0,0,0,0,0,0,,,,,,,,,,,,,,,0,0,0,6,0,0,2,0,0,4,0,0
'610822,"Women's or girls' briefs and panties of man-made fibres, knitted or crocheted",0,3,0,0,0,2,0,0,2,0,0,0,,,,,,,,,,,,,,,56,48,10,35,34,34,8,4,15,28,0,21
'610829,"Women's or girls' briefs and panties of textile materials, knitted or crocheted (excl. cotton ...",0,0,0,0,0,0,5,0,0,0,0,0,,,,,,,,,,,,,,,11,1,0,18,14,19,7,1,1,8,7,0
'611020,"Jerseys, pullovers, cardigans, waistcoats and similar articles, of cotton, knitted or crocheted ...",0,0,0,0,0,0,0,0,0,0,0,0,,,,,,,,,,,,,,,234,664,325,143,287,279,823,415,587,242,222,275
'611521,"Pantyhose and tights of synthetic fibres, knitted or crocheted, measuring per single yarn < ...",0,0,0,0,0,0,0,0,0,0,0,0,,,,,,,,,,,,,,,177,350,294,365,339,427,400,297,343,720,303,52
'611530,"Women's full-length or knee-length hosiery, knitted or crocheted, measuring per single yarn ...",0,0,0,0,0,0,0,0,0,0,0,0,,,,,,,,,,,,,,,38,88,173,430,49,54,11,5,37,26,13,67
'611595,"Full-length or knee-length stockings, socks and other hosiery, incl. footwear without applied ...",0,0,0,0,0,0,0,0,0,0,0,0,,,,,,,,,,,,,,,1192,846,1256,1281,553,374,559,798,635,321,438,361
'620120,"Men's or boys' overcoats, car-coats, capes, cloaks, anoraks, incl. ski jackets, wind-cheaters, ...",0,0,0,0,0,0,0,0,0,0,0,0,,,,,,,,,,,,,,,28,116,50,40,54,103,70,58,134,248,63,199
'620190,"Men's or boys' overcoats, car-coats, capes, cloaks, anoraks, incl. ski jackets, wind-cheaters, ...",0,0,0,0,0,0,1,0,0,5,0,0,,,,,,,,,,,,,,,20,78,15,11,11,57,37,19,26,41,16,17
'620290,"Women's or girls' overcoats, car-coats, capes, cloaks, anoraks, incl. ski jackets, wind-cheaters, ...",0,0,0,0,0,0,0,0,0,0,0,0,,,,,,,,,,,,,,,39,93,68,113,28,119,68,21,62,41,6,44
'620312,"Men's or boys' suits of synthetic fibres (excl. knitted or crocheted, tracksuits, ski suits ...",0,0,0,0,0,0,0,0,0,0,0,0,,,,,,,,,,,,,,,0,4,0,0,0,0,0,0,0,0,3,0
'620423,"Women's or girls' ensembles of synthetic fibres (excl. knitted or crocheted, ski overalls and ...",0,0,0,0,0,0,0,0,0,0,0,0,,,,,,,,,,,,,,,0,0,2,0,0,0,5,0,0,0,0,0
'620452,Women's or girls' skirts and divided skirts of cotton (excl. knitted or crocheted and petticoats),0,0,0,0,0,0,0,0,0,0,0,0,,,,,,,,,,,,,,,52,38,61,42,33,59,89,70,43,51,27,41
'620610,"Women's or girls' blouses, shirts and shirt-blouses of silk or silk waste (excl. knitted or ...",0,0,0,0,0,0,0,0,0,0,0,0,,,,,,,,,,,,,,,64,88,63,119,85,83,81,86,64,60,28,68
'620640,"Women's or girls' blouses, shirts and shirt-blouses of man-made fibres (excl. knitted or crocheted ...",0,0,0,0,0,0,0,0,0,0,0,0,,,,,,,,,,,,,,,112,76,58,33,43,31,79,43,36,119,57,42
'620892,"Women's or girls' singlets and other vests, briefs, panties, nŽgligŽs, bathrobes, dressing ...",0,0,0,0,0,0,0,0,0,0,0,0,,,,,,,,,,,,,,,35,34,31,25,13,25,5,15,22,34,12,71
'621010,"Garments made up of felt or nonwovens, whether or not impregnated, coated, covered or laminated ...",0,0,0,0,0,0,0,0,0,0,0,0,,,,,,,,,,,,,,,13,0,0,6,0,3,1,41,29,7,12,1
'621030,"Garments of the type described in heading 6202, rubberised or impregnated, coated, covered ...",0,0,0,0,0,0,0,0,0,0,0,0,,,,,,,,,,,,,,,107,37,7,43,4,42,8,23,33,41,12,86
'621111,Men's or boys' swimwear (excl. knitted or crocheted),0,0,0,0,0,0,0,0,0,0,0,0,,,,,,,,,,,,,,,2,4,4,0,0,1,27,1,2,1,0,3
'621133,"Men's or boys' tracksuits and other garments, n.e.s. of man-made fibres (excl. knitted or ...",0,0,0,0,0,0,0,0,0,0,0,0,,,,,,,,,,,,,,,12,76,8,27,28,13,33,88,34,67,26,33
'621220,"Girdles and panty girdles of all types of textile materials, whether or not elasticated, incl. ...",0,0,0,0,0,4,0,0,0,5,0,0,,,,,,,,,,,,,,,466,54,68,166,549,35,33,53,77,505,6,25
'621420,"Shawls, scarves, mufflers, mantillas, veils and similar articles of wool or fine animal hair ...",0,0,0,0,0,0,0,0,0,0,0,0,,,,,,,,,,,,,,,169,63,77,205,125,59,95,96,59,59,34,82
'630229,"Printed bedlinen of textile materials (excl. cotton and man-made fibres, knitted or crocheted)",0,0,0,0,0,0,0,0,0,0,0,0,,,,,,,,,,,,,,,0,0,0,0,0,0,2,0,5,4,0,0
'630260,"Toilet linen and kitchen linen, of terry towelling or similar terry fabrics of cotton (excl. ...",0,0,0,0,0,0,0,0,0,0,0,0,,,,,,,,,,,,,,,37,23,9,29,24,28,28,29,48,33,15,39
'630392,"Curtains, incl. drapes, and interior blinds, curtain or bed valances of synthetic fibres (excl. ...",0,0,4,0,4,0,0,0,0,0,0,0,,,,,,,,,,,,,,,3151,2680,3381,3691,3070,3357,3951,2451,2155,3078,3525,1852
'630499,"Articles for interior furnishing, of textile materials (excl. of cotton or synthetic fibres, ...",1,0,0,0,0,0,0,0,0,0,0,0,,,,,,,,,,,,,,,21,22,22,25,12,25,32,0,14,9,0,24
'630629,"Tents of textile materials (excl. of synthetic fibres, and umbrella and play tents)",0,0,0,0,0,0,0,0,0,0,0,0,,,,,,,,,,,,,,,17,63,0,43,0,1,4,23,101,0,16,6
'630630,"Sails for boats, sailboards or landcraft, of textile materials",0,0,0,0,0,0,0,0,0,0,0,0,,,,,,,,,,,,,,,0,0,0,0,0,0,0,0,0,0,0,0
'640340,"Footwear, incorporating a protective metal toecap, with outer soles of rubber, plastics, leather ...",0,0,0,0,0,0,0,0,0,0,0,0,,,,,,,,,,,,,,,6,4,2,3,3,2,5,9,20,16,17,13
'650400,"Hats and other headgear, plaited or made by assembling strips of any material, whether or not ...",0,0,0,0,0,0,0,0,0,0,0,0,,,,,,,,,,,,,,,8,57,28,54,77,81,54,64,137,227,92,49
'901520,"Theodolites and tachymeters ""tacheometers""",0,0,0,0,0,0,0,0,0,0,0,0,,,,,,,,,,,,,,,457,1265,10,0,0,0,27,42,0,0,0,0
'901290,"Parts and accessories for electron microscopes, proton microscopes and diffraction apparatus, ...",0,0,0,0,0,0,0,0,0,0,0,0,,,,,,,,,,,,,,,1074,1066,1285,1134,868,1122,879,1316,887,990,505,1482
'900640,Instant print cameras (excl. special cameras of subheading 9006.30),0,0,0,0,0,0,0,0,0,0,0,0,,,,,,,,,,,,,,,12,84,0,0,38,14,0,0,0,8,0,0
'900890,"Parts and accessories for image projectors, photographic enlargers and reducers, n.e.s.",0,0,0,0,0,0,0,0,0,0,0,0,,,,,,,,,,,,,,,25,28,19,21,24,8,8,30,8,16,23,26
'854320,"Signal generators, electrical",6,0,2,30,3,37,18,0,38,8,0,0,,,,,,,,,,,,,,,702,771,1101,1122,816,1448,888,1850,1294,1699,832,974
'871639,"Trailers and semi-trailers for the transport of goods, not designed for running on rails (excl. ...",0,0,0,0,0,0,0,0,0,0,0,0,,,,,,,,,,,,,,,0,9,0,0,0,52,0,0,4,0,0,0
'880100,"Balloons and dirigibles; gliders, hang gliders and other non-powered aircraft",0,0,0,0,0,0,0,0,0,0,0,0,,,,,,,,,,,,,,,10,21,18,14,8,34,46,19,4,7,7,11
'880240,"Aeroplanes and other powered aircraft of an of an unladen weight > 15.000 kg (excl. helicopters, ...",0,0,0,0,0,0,0,0,0,0,0,0,,,,,,,,,,,,,,,0,0,0,0,0,0,0,0,0,0,0,0
'880710,"Propellers and rotors and parts thereof, for aircraft, n.e.s.",0,0,0,0,0,0,0,0,0,0,0,0,,,,,,,,,,,,,,,25,2,2,52,39,111,323,193,47,92,35,10
'890200,Fishing vessels; factory ships and other vessels for processing or preserving fishery products ...,0,0,0,0,0,0,0,0,0,0,0,0,,,,,,,,,,,,,,,0,0,0,0,0,0,0,0,0,0,0,0
'890312,"Inflatable ""incl. rigid hull inflatable"" boats, for pleasure or sports, not designed for use ...",0,0,0,0,0,0,0,0,0,0,0,0,,,,,,,,,,,,,,,15,22,59,5,34,6,6,9,11,0,6,36
'890319,"Inflatable ""incl. rigid hull inflatable"" boats, for pleasure or sports, unladen ""net"" weight ...",0,0,0,0,0,0,0,0,0,0,0,0,,,,,,,,,,,,,,,1,42,0,91,79,0,0,0,95,0,224,0
'890332,"Motorboats, of a length > 7,5 m but <= 24 m, for pleasure or sports (excl. inflatable and outboard)",0,0,0,0,0,0,0,0,0,0,0,0,,,,,,,,,,,,,,,1000,0,0,0,0,0,0,611,0,0,0,0
'890399,"Outboard motorboats, for pleasure or sports, and rowing boats and canoes, of a length > 7,5 ...",0,0,0,0,0,0,0,0,0,0,0,0,,,,,,,,,,,,,,,46716,13913,10532,15362,60,41990,3086,17502,29823,1673,49073,3266
'860799,"Parts of rolling stock of heading 8603, 8604, 8605 or 8606, n.e.s.",0,0,0,0,0,0,0,0,0,0,0,0,,,,,,,,,,,,,,,15,102,174,149,98,78,79,148,135,161,103,130
'870129,"Road tractors for semi-trailers, with only spark-ignition internal combustion piston engine ...",0,0,0,0,0,0,0,0,0,0,0,0,,,,,,,,,,,,,,,0,0,8,0,0,0,0,0,0,0,0,8
'870370,Motor cars and other motor vehicles principally designed for the transport of ...,0,0,0,0,0,0,0,0,0,0,0,0,,,,,,,,,,,,,,,0,0,0,0,0,0,0,0,0,0,0,0
'870443,"Motor vehicles for the transport of goods, with both compression-ignition internal combustion ...",0,0,0,0,0,0,0,0,0,0,0,0,,,,,,,,,,,,,,,0,0,0,0,0,0,0,2,0,0,0,0
'870710,Bodies for motor cars and other motor vehicles principally designed for the transport of persons,0,0,0,0,0,0,0,0,0,0,0,0,,,,,,,,,,,,,,,11,41,2,26,13,29,6,0,10,76,222,21
'870891,"Radiators and parts thereof, for tractors, motor vehicles for the transport of ten or more ...",3,6,2,0,0,7,0,5,17,0,0,0,,,,,,,,,,,,,,,6581,7312,7274,7059,6823,6853,6549,7045,7896,6000,6558,6077
'871190,"Motorcycles, incl. mopeds, and cycles fitted with an auxiliary motor and side cars for motorcycles ...",0,0,0,0,0,0,0,0,0,0,0,0,,,,,,,,,,,,,,,0,7,0,0,0,0,0,0,0,0,0,0
'847979,Passenger boarding bridges (excl. of a kind used in airports),0,0,0,0,0,0,0,0,0,0,0,0,,,,,,,,,,,,,,,0,0,0,0,0,1451,3433,0,0,0,0,0
'854081,"Receiver or amplifier valves and tubes (excl. microwave tubes, photo-cathode tubes and cathode ...",0,0,0,0,0,0,0,0,0,0,0,0,,,,,,,,,,,,,,,1,5,32,0,7,0,0,0,0,8,0,0
'853931,"Discharge lamps, fluorescent, hot cathode",3,6,0,0,2,0,0,0,10,0,0,0,,,,,,,,,,,,,,,25,27,70,38,39,21,20,48,55,69,32,34
'852411,"Flat panel display modules, whether or not incorporating touch-sensitive screens, without drivers ...",16,8,0,0,0,0,0,57,0,0,0,0,,,,,,,,,,,,,,,411018,453801,469365,417981,453265,399751,377031,424367,417296,443306,331737,408935
'853080,"Electrical signalling, safety or traffic control equipment (excl. that for railways or tramways ...",0,3,0,0,0,0,12,0,0,0,0,0,,,,,,,,,,,,,,,189,701,315,469,370,162,248,293,163,494,319,729
'851110,Sparking plugs of a kind used for spark-ignition or compression-ignition internal combustion ...,0,15,3,0,0,0,0,14,2,0,0,0,,,,,,,,,,,,,,,236,76,60,43,198,67,233,115,188,201,67,137
'851120,"Ignition magnetos, magneto-dynamos and magnetic flywheels, for spark-ignition or compression-ignition ...",0,0,0,0,0,0,0,0,0,0,0,0,,,,,,,,,,,,,,,320,179,319,154,269,249,235,139,220,218,250,200
'851190,"Parts of electrical ignition or starting equipment, generators, etc. of heading 8511, n.e.s.",7,6,23,3,5,20,0,9,3,0,4,0,,,,,,,,,,,,,,,2924,3554,3205,3361,2677,3385,3128,2665,3290,3517,2900,2971
'851519,Brazing or soldering machines (excl. soldering irons and guns),13,0,3,26,292,125,49,28,6,199,66,0,,,,,,,,,,,,,,,554,652,1028,393,1202,486,697,640,896,1312,221,495
'850134,DC motors and DC generators of an output > 375 kW (excl. photovoltaic generators),0,0,0,0,0,0,0,2,0,0,0,0,,,,,,,,,,,,,,,2,8,5,0,0,4,4,4,1,4,1,0
'850161,"AC generators ""alternators"", of an output <= 75 kVA (excl. photovoltaic generators)",0,0,0,0,0,0,2,0,0,0,0,0,,,,,,,,,,,,,,,689,564,267,428,508,392,503,353,455,336,269,692
'850163,"AC generators ""alternators"", of an output > 375 kVA but <= 750 kVA (excl. photovoltaic generators)",0,0,0,0,0,0,0,0,0,0,0,0,,,,,,,,,,,,,,,0,0,0,0,0,0,0,0,0,0,0,11
'850211,"Generating sets with compression-ignition internal combustion piston engine ""diesel or semi-diesel ...",0,0,0,0,0,0,0,0,0,3,2,0,,,,,,,,,,,,,,,21,52,0,67,30,6,33,9,28,3,2,117
'850423,"Liquid dielectric transformers, having a power handling capacity > 10.000 kVA",0,0,0,0,0,0,0,291,0,0,0,0,,,,,,,,,,,,,,,27584,40561,18918,34116,19868,27484,33313,33889,16293,16233,21976,52946
'851632,Electro-thermic hairdressing apparatus (excl. hairdryers),0,0,0,6,0,0,0,0,0,0,0,0,,,,,,,,,,,,,,,5,13,7,19,26,9,0,12,34,5,1,10
'851672,"Electric toasters, for domestic use",0,0,0,0,0,0,0,0,0,0,0,0,,,,,,,,,,,,,,,12,0,12,7,0,0,5,0,9,12,0,8
'851711,Line telephone sets with cordless handsets,0,0,0,0,0,0,0,0,0,0,0,0,,,,,,,,,,,,,,,32,0,33,6,23,0,0,43,0,24,0,18
'851930,"Turntables ""record-decks""",0,0,0,0,0,0,0,0,0,0,0,0,,,,,,,,,,,,,,,966,551,1625,1107,1091,1344,1021,1212,1358,1050,624,1315
'852210,Pick-up cartridges,0,0,0,0,0,0,0,0,0,0,0,0,,,,,,,,,,,,,,,2,0,16,0,0,0,0,8,0,0,0,2
'852290,Parts and accessories suitable for use solely or principally with sound reproducing and recording ...,2,0,0,0,0,0,0,0,0,0,0,0,,,,,,,,,,,,,,,1438,1386,1296,1367,1495,1047,1308,1229,1294,1092,882,1605
'940421,"Mattresses of cellular rubber or plastics, whether or not covered",0,3,4,2,0,0,2,12,0,0,0,0,,,,,,,,,,,,,,,964,1075,1697,1415,1467,640,1168,1406,816,1820,1349,1783
'940440,"Quilts, bedspreads, eiderdowns and duvets ""comforters""",0,0,0,0,0,0,0,0,0,0,0,0,,,,,,,,,,,,,,,308,433,114,429,414,371,340,620,286,247,757,320
'940561,"Illuminated signs, illuminated nameplates and the like, with a permanently fixed light-emitting ...",0,0,0,0,0,0,0,0,0,0,0,0,,,,,,,,,,,,,,,24,111,28,20,30,12,47,97,91,428,219,25
'940592,"Parts of lamps and lighting fittings, illuminated signs and nameplates and the like, of plastics, ...",0,0,2,0,0,0,0,0,0,0,0,0,,,,,,,,,,,,,,,466,415,668,521,345,473,588,414,574,528,324,287
'950490,"Tables for casino games, automatic bowling alley equipment, and other funfair, table or parlour ...",0,0,0,13,0,2,0,0,15,0,0,0,,,,,,,,,,,,,,,2572,2400,2321,2788,1788,1800,1956,3015,2928,2091,1879,1934
'950619,Ski equipment for winter sports (other than skis and ski-fastenings [ski-bindings]),0,0,0,0,0,0,0,0,0,0,0,0,,,,,,,,,,,,,,,1797,7045,6725,5947,7712,8964,6570,3031,3844,4036,2350,2196
'910129,"Wrist-watches of precious metal or of metal clad with precious metal, whether or not incorporating ...",0,0,0,0,0,0,0,0,0,0,0,0,,,,,,,,,,,,,,,1099,532,514,1254,2599,1170,920,817,695,1080,428,880
'910211,"Wrist-watches, whether or not incorporating a stop-watch facility, electrically operated, with ...",0,0,0,0,0,0,0,0,0,0,0,0,,,,,,,,,,,,,,,132,290,75,171,411,252,134,314,594,143,181,246
'911011,"Complete watch movements, unassembled or partly assembled movement sets",0,0,0,0,0,0,0,0,0,0,0,0,,,,,,,,,,,,,,,52,12,11,0,12,19,0,12,0,23,0,16
'920290,"Guitars, harps and other string musical instruments (excl. with keyboard and those played with ...",0,0,0,0,0,0,0,0,0,0,0,0,,,,,,,,,,,,,,,4,119,157,0,57,143,5,184,0,3,0,219
'930520,"Parts and accessories of shotguns or rifles of heading 9303, n.e.s.",0,0,0,0,0,0,0,0,0,0,0,0,,,,,,,,,,,,,,,182,1061,779,918,563,909,921,550,529,1382,718,632
'960860,"Refills for ball-point pens, comprising the ball-point and ink-reservoir",0,0,0,0,0,0,0,0,0,0,0,0,,,,,,,,,,,,,,,13,15,11,6,12,24,2,31,14,29,2,45
'961310,"Pocket lighters, gas fuelled, non-refillable",0,0,0,0,0,0,0,0,0,0,0,0,,,,,,,,,,,,,,,0,0,0,0,0,0,0,0,0,0,0,0
'970121,"Paintings, e.g. oil paintings, watercolours and pastels, and drawings executed entirely by ...",0,0,0,0,0,0,0,0,0,0,0,0,,,,,,,,,,,,,,,0,0,0,0,7,0,4,0,0,3,0,13
'970690,"Antiques, over 100 but at most 250 years old",0,0,0,0,0,0,0,0,0,0,0,0,,,,,,,,,,,,,,,0,0,0,0,0,0,0,0,0,0,0,0
'950720,"Fish-hooks, whether or not snelled",0,0,0,0,0,0,0,0,0,0,0,0,,,,,,,,,,,,,,,59,71,113,49,150,96,27,55,44,59,123,35
'903110,Machines for balancing mechanical parts,6,6,0,0,0,0,0,86,0,0,81,0,,,,,,,,,,,,,,,522,569,586,622,911,1126,688,1350,1083,1391,275,658
'950825,Water rides,0,0,0,0,0,0,0,0,0,0,0,0,,,,,,,,,,,,,,,0,0,0,0,0,0,0,0,0,0,0,0
'950840,Travelling theatres,0,0,0,0,0,0,0,0,0,0,0,0,,,,,,,,,,,,,,,0,0,0,0,0,0,0,203,1,0,0,0
'482210,"Bobbins, spools, cops and similar supports of paper pulp, paper or paperboard, whether or not ...",0,0,0,0,0,0,0,0,0,0,0,0,,,,,,,,,,,,,,,197,281,136,109,86,112,54,16,87,55,81,46
'520533,"Multiple ""folded"" or cabled cotton yarn, of uncombed fibres, containing >= 85% cotton by weight ...",0,0,0,0,0,0,0,0,0,0,0,0,,,,,,,,,,,,,,,0,0,0,0,0,0,0,0,0,0,0,0
'520645,"Multiple ""folded"" or cabled cotton yarn containing predominantly, but < 85% cotton by weight, ...",0,0,0,0,0,0,0,0,0,0,0,0,,,,,,,,,,,,,,,21,14,5,9,0,4,3,6,0,0,0,0
'520813,"Woven fabrics of cotton, containing >= 85% cotton by weight and weighing <= 200 g/m_, in three-thread ...",0,0,0,0,0,0,0,0,0,0,0,0,,,,,,,,,,,,,,,0,0,0,0,0,0,0,0,0,0,0,0
'520821,"Plain woven fabrics of cotton, containing >= 85% cotton by weight and weighing <= 200 g/m_, ...",0,0,0,0,0,0,0,0,0,0,0,0,,,,,,,,,,,,,,,0,0,0,4,0,0,0,0,0,0,0,0
'520833,"Woven fabrics of cotton, containing >= 85% cotton by weight and weighing <= 200 g/m_, in three-thread ...",0,0,0,0,0,0,0,0,0,0,0,0,,,,,,,,,,,,,,,0,0,0,0,0,0,0,0,0,0,0,0
'520841,"Plain woven fabrics of cotton, containing >= 85% cotton by weight and weighing <= 100 g/m_, ...",0,0,0,120,0,0,0,0,0,0,0,0,,,,,,,,,,,,,,,0,0,0,120,0,0,7,0,0,0,0,0
'482340,"Rolls, sheets and dials, printed for self-recording apparatus, in rolls of a width <= 36 cm, ...",0,0,0,4,2,0,2,0,0,0,0,0,,,,,,,,,,,,,,,47,40,16,9,10,44,48,1,11,47,30,43
'490400,"Music, printed or in manuscript, whether or not bound or illustrated",0,0,0,0,0,0,0,0,0,0,0,0,,,,,,,,,,,,,,,0,0,0,0,0,0,0,0,0,0,0,0
'500300,"Silk waste, incl. cocoons unsuitable for reeling, yarn waste and garnetted stock",0,0,0,0,0,0,0,0,0,0,0,0,,,,,,,,,,,,,,,0,0,0,0,0,0,0,0,0,0,0,0
'510810,Carded yarn of fine animal hair (excl. that of wool or that put up for retail sale),0,0,0,0,0,0,0,0,0,0,0,0,,,,,,,,,,,,,,,0,0,0,0,0,0,0,0,0,0,0,0
'510910,"Yarn containing >= 85% wool or fine animal hair by weight, put up for retail sale",0,0,0,0,0,0,0,0,0,0,0,0,,,,,,,,,,,,,,,0,0,0,2,47,106,134,14,10,59,0,0
'481930,"Sacks and bags, of paper, paperboard, cellulose wadding or webs of cellulose fibres, having ...",3,11,25,29,0,27,0,17,2,2,20,0,,,,,,,,,,,,,,,31,55,47,63,24,56,4,48,32,48,46,71
'481014,"Paper and paperboard used for writing, printing or other graphic purposes, not containing fibres ...",0,0,0,0,0,0,0,0,0,0,0,0,,,,,,,,,,,,,,,2,5,3,6,17,1,1,21,5,5,6,6
'480451,"Unbleached kraft paper and paperboard, uncoated, in rolls of a width > 36 cm or in square or ...",9,0,0,9,9,27,0,0,0,0,0,0,,,,,,,,,,,,,,,28,35,83,17,193,27,8,0,102,15,0,103
'480700,"Composite paper and paperboard ""made by sticking flat layers of paper or paperboard together ...",6,0,2,0,1,0,1,0,3,0,0,0,,,,,,,,,,,,,,,262,138,110,350,320,45,14,66,77,50,55,117
'480840,"Kraft paper, creped or crinkled, whether or not embossed or perforated, in rolls of a width ...",0,0,0,0,0,0,0,0,0,0,0,0,,,,,,,,,,,,,,,0,0,0,0,0,0,0,0,0,0,0,0
'480240,"Wallpaper base, uncoated",0,0,0,0,0,0,0,0,0,0,0,0,,,,,,,,,,,,,,,0,0,0,0,0,0,0,0,0,0,0,0
'470620,"Pulps of fibres derived from recovered ""waste and scrap"" paper or paperboard",0,0,0,0,0,0,0,0,0,0,0,0,,,,,,,,,,,,,,,4391,6085,3852,4024,3706,5745,3978,1037,3886,1581,1656,2409
'401694,"Boat or dock fenders, whether or not inflatable, of vulcanised rubber (excl. hard rubber and ...",0,0,0,0,0,0,0,0,0,0,0,0,,,,,,,,,,,,,,,42,13,22,8,23,31,47,41,21,31,52,16
'410221,"Raw skins of sheep or lambs, without wool on, pickled, whether or not split",0,0,0,0,0,0,0,0,0,0,0,0,,,,,,,,,,,,,,,0,0,0,0,0,0,0,0,0,73,0,0
'411410,"Chamois leather, incl. combination chamois leather (excl. glacŽ-tanned leather subsequently ...",0,0,0,0,0,0,0,0,0,0,0,0,,,,,,,,,,,,,,,2,0,36,2,0,0,0,0,0,0,0,0
'540252,"Filament yarn of polyester, incl. monofilament of < 67 decitex, single, with a twist of > 50 ...",8,13,0,11,2,0,13,8,10,10,0,0,,,,,,,,,,,,,,,46,48,64,19,18,15,28,57,49,12,6,77
'540263,"Multiple ""folded"" or cabled filament yarn of polypropylene, incl. monofilament of < 67 decitex ...",0,0,0,0,0,0,0,0,0,0,0,0,,,,,,,,,,,,,,,0,0,0,0,0,0,0,0,25,0,0,0
'540500,Artificial monofilament of >= 67 decitex and with a cross sectional dimension of <= 1 mm; strip ...,0,0,0,0,0,0,0,0,0,0,0,0,,,,,,,,,,,,,,,0,0,0,0,18,0,0,0,0,0,0,0
'521029,"Woven fabrics of cotton, containing predominantly, but < 85% cotton by weight, mixed principally ...",0,0,4,0,0,0,0,40,52,4,0,0,,,,,,,,,,,,,,,0,0,4,0,0,0,0,40,52,4,0,0
'520951,"Plain woven fabrics of cotton, containing >= 85% cotton by weight and weighing > 200 g/m_, ...",0,0,15,0,0,0,0,0,0,0,0,0,,,,,,,,,,,,,,,0,0,15,0,0,0,0,0,0,0,0,0
'521214,"Woven fabrics of cotton, containing predominantly, but < 85% cotton by weight, other than those ...",82,11,89,0,0,0,0,0,0,42,0,0,,,,,,,,,,,,,,,88,11,89,5,3,10,10,11,0,45,0,0
'521225,"Woven fabrics of cotton, containing predominantly, but < 85% cotton by weight, other than those ...",0,0,0,0,0,0,3,0,0,0,0,0,,,,,,,,,,,,,,,0,0,0,0,1,2,3,0,0,0,0,0
'530110,"Flax, raw or retted",0,0,0,0,0,0,0,0,0,0,0,0,,,,,,,,,,,,,,,0,0,0,0,0,0,0,0,0,0,0,0
'530290,"True hemp ""Cannabis sativa L."", processed but not spun; tow and waste of hemp, incl. yarn waste ...",0,0,0,0,0,0,0,0,0,0,0,0,,,,,,,,,,,,,,,0,0,0,0,0,2,0,0,0,0,0,0
'530929,"Woven fabrics of flax, containing predominantly, but < 85% flax by weight, dyed, made of yarn ...",10,17,0,0,0,0,0,38,21,66,0,0,,,,,,,,,,,,,,,10,23,0,0,0,0,0,38,21,66,0,1
'551110,"Yarn containing >= 85% synthetic staple fibres by weight, put up for retail sale (excl. sewing ...",0,0,0,0,0,0,0,0,0,0,0,0,,,,,,,,,,,,,,,0,0,0,0,0,0,18,0,0,6,0,0
'551130,"Yarn of artificial staple fibres, put up for retail sale (excl. sewing thread)",0,0,0,0,0,0,0,0,0,0,0,0,,,,,,,,,,,,,,,0,0,0,0,0,0,0,0,0,0,0,0
'540821,"Woven fabrics of yarn containing >= 85% artificial filament by weight, incl. monofilament of ...",0,0,0,0,0,0,0,0,0,0,0,0,,,,,,,,,,,,,,,0,0,0,0,0,0,0,0,0,0,0,0
'550340,"Staple fibres of polypropylene, not carded, combed or otherwise processed for spinning",0,0,0,0,2,0,0,1,0,0,0,0,,,,,,,,,,,,,,,0,2,76,2,2,0,0,1,0,44,0,0
'550931,Single yarn containing >= 85% acrylic or modacrylic staple fibres by weight (excl. sewing thread ...,0,0,0,0,0,0,13,0,0,0,0,0,,,,,,,,,,,,,,,0,12,0,8,0,13,13,11,0,6,0,11
'551349,"Woven fabrics containing predominantly, but < 85% synthetic staple fibres by weight, mixed ...",3,1,2,0,0,0,0,0,0,0,0,0,,,,,,,,,,,,,,,3,1,2,0,0,0,0,0,0,0,0,0
'551411,"Plain woven fabrics containing predominantly, but < 85% polyester staple fibres by weight, ...",0,0,0,0,0,0,0,0,0,0,0,0,,,,,,,,,,,,,,,0,0,26,0,9,122,0,0,10,28,0,0
'551423,"Woven fabrics containing predominantly, but < 85% polyester staple fibres by weight, mixed ...",0,0,2,0,0,0,0,0,0,0,0,0,,,,,,,,,,,,,,,46,30,54,0,13,133,535,29,32,0,14,27
'551621,"Woven fabrics containing predominantly, but < 85% artificial staple fibres, mixed principally ...",0,0,0,0,0,0,0,0,0,0,0,0,,,,,,,,,,,,,,,0,3,6,0,6,16,0,7,0,11,0,0
'551643,"Woven fabrics containing predominantly, but < 85% artificial staple fibres by weight, mixed ...",0,0,0,0,0,0,0,0,0,0,0,0,,,,,,,,,,,,,,,0,0,0,0,0,0,0,0,0,0,0,0
'560130,Textile flock and dust and mill neps,0,0,0,0,0,0,0,0,0,0,0,0,,,,,,,,,,,,,,,12,0,13,4,0,3,5,20,2,0,0,0
'560600,"Gimped yarn, gimped strip and the like of heading 5404 or 5405; chenille yarn, incl. flock ...",0,3,11,3,29,49,9,3,0,3,2,0,,,,,,,,,,,,,,,115,59,40,74,246,244,160,57,42,15,28,48
'580126,"Chenille fabrics, of cotton (excl. terry towelling and similar woven terry fabrics, tufted ...",0,0,0,0,0,0,0,0,0,0,0,0,,,,,,,,,,,,,,,0,0,17,28,0,0,0,0,0,0,0,0
'580137,"Warp pile fabrics, of man-made fibres (excl. terry towelling and similar woven terry fabrics, ...",0,0,0,0,0,0,0,0,0,1,0,0,,,,,,,,,,,,,,,75,16,15,17,2,21,0,25,96,62,20,50
'580230,Tufted textile fabrics (excl. carpets and other floor coverings),0,0,0,0,0,0,0,0,0,0,0,0,,,,,,,,,,,,,,,0,0,0,2,1,0,0,0,0,0,0,0
'382460,Sorbitol (excl. D-glucitol [sorbitol]),0,0,0,0,0,0,0,0,0,0,0,0,,,,,,,,,,,,,,,0,0,0,0,0,0,0,0,0,0,0,0
'382481,"Mixtures and preparations containing oxirane ""ethylene oxide""",0,0,0,0,0,0,0,0,0,0,0,0,,,,,,,,,,,,,,,0,0,3,0,0,0,0,0,0,0,0,3
'380862,"Goods of heading 3808, containing alpha-cypermethrin ""ISO"", bendiocarb ""ISO"", bifenthrin ""ISO"", ...",0,0,0,0,0,0,0,0,0,0,0,0,,,,,,,,,,,,,,,0,0,0,0,0,0,0,0,0,0,0,0
'340111,"Soap and organic surface-active products and preparations, in the form of bars, cakes, moulded ...",0,0,0,0,22,3,2,0,0,9,0,0,,,,,,,,,,,,,,,127,210,206,247,159,243,236,312,284,254,153,373
'321490,"Non-refractory surfacing preparations for facades, inside walls, floors, ceilings and the like",0,0,0,32,28,0,0,0,0,0,0,0,,,,,,,,,,,,,,,523,298,281,506,329,266,259,436,244,497,449,457
'300251,Cell therapy products,0,0,0,0,0,0,0,0,0,0,0,0,,,,,,,,,,,,,,,0,0,0,0,0,0,0,0,0,0,0,0
'300431,"Medicaments containing insulin but not antibiotics, put up in measured doses ""incl. those for ...",0,0,0,0,0,0,0,0,0,0,0,0,,,,,,,,,,,,,,,0,0,0,0,0,0,0,0,0,0,0,0
'300691,Appliances identifiable for ostomy use,0,0,0,0,0,0,0,0,0,0,0,0,,,,,,,,,,,,,,,0,50,39,0,0,0,61,0,62,0,0,27
'310240,Mixtures of ammonium nitrate with calcium carbonate or other inorganic non-fertilising substances ...,0,0,0,0,0,0,0,0,0,0,0,0,,,,,,,,,,,,,,,0,0,38,2,10,12,0,0,0,37,0,10
'310280,Mixtures of urea and ammonium nitrate in aqueous or ammoniacal solution (excl. those in packages ...,0,0,0,0,0,0,0,0,0,0,0,0,,,,,,,,,,,,,,,0,28,0,0,0,0,0,0,0,0,0,0
'310390,"Mineral or chemical phosphatic fertilisers (excl. superphosphates, those in tablets or similar ...",0,0,0,0,0,0,0,0,0,0,0,0,,,,,,,,,,,,,,,0,0,0,0,0,0,0,0,0,0,0,0
'310520,"Mineral or chemical fertilisers containing the three fertilising elements nitrogen, phosphorus ...",0,0,0,0,0,0,0,0,0,0,0,0,,,,,,,,,,,,,,,438,320,226,171,182,46,404,287,470,853,237,167
'340540,"Scouring pastes and powders and other scouring preparations, whether or not in the form of ...",0,0,0,0,3,0,0,2,0,0,6,0,,,,,,,,,,,,,,,41,19,61,45,309,540,63,58,199,88,52,220
'350710,Rennet and concentrates thereof,0,0,0,0,0,0,0,0,0,0,0,0,,,,,,,,,,,,,,,0,0,0,0,0,8,0,0,0,0,0,0
'360310,Safety fuses,0,0,0,0,0,0,0,0,0,0,0,0,,,,,,,,,,,,,,,2,0,0,0,0,0,16,0,0,0,0,0
'360350,Igniters,0,0,0,0,0,0,0,0,0,0,0,0,,,,,,,,,,,,,,,0,0,0,0,0,0,0,377,0,0,0,0
'360690,"Ferro-cerium and other pyrophoric alloys in all forms; metaldehyde, hexamethylenetetramine ...",0,0,0,0,0,0,0,0,0,0,0,0,,,,,,,,,,,,,,,8,23,25,32,19,35,9,23,28,47,20,29
'370199,"Photographic plates and film in the flat for monochrome photography, sensitised, unexposed, ...",0,0,1,0,0,0,0,0,0,2,0,0,,,,,,,,,,,,,,,2082,1431,2283,1913,1768,1632,1715,1591,2284,3059,1601,1785
'370252,"Photographic film, sensitised, in rolls, unexposed, with perforations, for colour photography ...",0,0,0,0,0,0,0,0,0,0,0,0,,,,,,,,,,,,,,,0,0,0,0,0,0,0,0,0,0,0,0
'392030,"Plates, sheets, foil, film and strip, of non-cellular polymers of styrene, not reinforced, ...",10,0,0,0,7,0,0,0,12,23,4,0,,,,,,,,,,,,,,,1144,1242,815,824,1171,1011,1108,1072,987,1305,1057,977
'392063,"Plates, sheets, film, foil and strip, of non-cellular unsaturated polyesters, not reinforced, ...",0,2,3,0,5,0,0,0,0,0,0,0,,,,,,,,,,,,,,,3,23,194,9,8,201,59,13,20,156,84,2
'392114,"Plates, sheets, film, foil and strip, of regenerated cellular cellulose, unworked or merely ...",0,0,0,0,0,0,0,0,0,0,0,0,,,,,,,,,,,,,,,10,0,3,0,10,0,43,0,0,0,0,0
'401120,"New pneumatic tyres, of rubber, of a kind used for buses and lorries (excl. tyres with lug, ...",0,0,0,0,0,0,0,0,0,0,0,0,,,,,,,,,,,,,,,712,905,953,551,1223,905,806,1125,1514,1344,849,666
'400110,"Natural rubber latex, whether or not prevulcanised",0,0,1,0,0,0,0,0,0,0,0,0,,,,,,,,,,,,,,,0,0,1,0,0,0,0,14,0,0,2,4
'400241,"Chloroprene latex ""chlorobutadiene rubber, CR""",0,0,0,11,6,0,0,29,6,6,0,0,,,,,,,,,,,,,,,6,21,13,29,18,12,18,54,63,6,3,15
'400690,"Rods, bars, tubes, profiles and other forms of unvulcanised rubber, incl. mixed rubber, and ...",0,3,49,2,0,2,5,2,0,0,0,0,,,,,,,,,,,,,,,103,82,132,72,126,44,36,161,125,56,41,58
'400811,"Plates, sheets and strip of cellular rubber",0,0,9,0,12,0,2,8,0,14,10,0,,,,,,,,,,,,,,,391,550,411,452,427,553,420,606,705,536,473,448
'400932,"Tubes, pipes and hoses, of vulcanised rubber (excl. hard rubber), reinforced or otherwise combined ...",0,0,0,0,0,0,0,0,0,0,0,0,,,,,,,,,,,,,,,112,72,94,42,34,133,39,69,78,83,219,38
'420291,"Travelling-bags, insulated food or beverage bags, toilet bags, rucksacks, shopping-bags, map-cases, ...",0,13,0,0,0,0,0,0,0,0,0,0,,,,,,,,,,,,,,,213,746,254,544,143,161,372,235,145,313,212,314
'430211,"Tanned or dressed furskins of mink, whole, with or without heads, tails or paws, not assembled",0,0,0,0,0,0,0,0,0,0,0,0,,,,,,,,,,,,,,,0,0,0,0,0,0,0,0,0,0,0,0
'440311,"Wood in the rough, treated with paint, stains, creosote or other preservatives, coniferous ...",0,0,0,0,0,0,0,0,0,0,0,0,,,,,,,,,,,,,,,40,34,0,0,0,0,0,0,20,0,0,0
'440342,"Teak wood in the rough, whether or not stripped of bark or sapwood, or roughly squared (excl. ...",0,0,0,0,0,0,0,0,0,0,0,0,,,,,,,,,,,,,,,0,37,91,0,37,0,101,0,0,1,178,67
'440398,"Eucalyptus ""Eucalyptus spp."" in the rough, whether or not stripped of bark or sapwood, or roughly ...",0,0,0,0,0,0,0,0,0,0,0,0,,,,,,,,,,,,,,,0,0,0,0,0,0,0,0,0,0,0,0
'440410,"Hoopwood; split poles; piles, pickets and stakes of wood, pointed but not sawn lengthwise; ...",0,0,0,0,0,0,0,0,0,0,0,0,,,,,,,,,,,,,,,0,0,0,0,0,0,0,0,0,0,0,0
'440712,"Fir ""Abies spp."" and spruce ""Picea spp."" sawn or chipped lengthwise, sliced or peeled, whether ...",0,17,18,0,0,0,0,0,0,0,0,0,,,,,,,,,,,,,,,25,154,18,96,94,77,54,118,81,127,43,45
'440810,"Sheets for veneering, incl. those obtained by slicing laminated wood, for coniferous plywood ...",0,0,0,0,0,0,0,0,0,0,0,0,,,,,,,,,,,,,,,71,99,1,2,1,0,49,0,61,58,0,0
'440831,"Sheets for veneering, incl. those obtained by slicing laminated wood, for plywood or for other ...",0,0,0,0,0,0,0,0,0,0,0,0,,,,,,,,,,,,,,,2,4,2,7,0,3,3,8,0,7,1,2
'440922,"Tropical wood, incl. strips and friezes for parquet flooring, not assembled, continuously shaped ...",0,0,0,0,0,0,0,0,0,0,0,0,,,,,,,,,,,,,,,70,0,31,26,13,6,24,24,0,42,37,17
'441019,"Waferboard and similar board, of wood, whether or not agglomerated with resins or other organic ...",0,0,0,0,0,0,0,0,0,0,0,0,,,,,,,,,,,,,,,100,72,45,22,37,0,4,7,0,28,9,0
'441114,"Medium density fibreboard ""MDF"" of wood, of a thickness >Ê9Êmm",3,0,0,0,0,2,0,0,0,0,0,0,,,,,,,,,,,,,,,3,34,0,4,0,10,15,5,1,0,11,0
'441912,Chopsticks of bamboo,0,0,0,0,0,0,0,0,0,0,0,0,,,,,,,,,,,,,,,36,29,43,35,18,18,39,21,5,37,12,11
'441990,"Tableware and kitchenware, of wood (excl. of bamboo or tropical wood, and interior fittings, ...",0,0,0,0,0,0,0,0,0,0,0,0,,,,,,,,,,,,,,,276,425,201,133,221,199,219,296,262,271,117,167
'442090,"Wood marquetry and inlaid wood; caskets and cases for jewellery or cutlery, and similar articles, ...",0,0,0,0,0,0,0,0,0,0,0,0,,,,,,,,,,,,,,,191,146,164,223,262,156,113,130,233,86,279,128
'442120,Coffins of wood,0,0,0,0,0,0,0,0,0,0,0,0,,,,,,,,,,,,,,,0,0,0,0,0,0,0,0,0,0,0,0
'442191,"Articles of bamboo, n.e.s.",1,0,0,0,0,0,10,0,0,0,0,0,,,,,,,,,,,,,,,40,93,158,38,67,19,46,17,43,41,101,49
'460192,"Plaits and similar products, of bamboo plaiting materials, whether or not assembled into strips; ...",0,0,0,0,0,0,0,0,0,0,0,0,,,,,,,,,,,,,,,8,10,18,14,43,36,16,23,36,14,18,0
'470319,"Unbleached non-coniferous chemical wood pulp, soda or sulphate (excl. dissolving grades)",0,0,0,0,0,0,0,0,0,0,0,0,,,,,,,,,,,,,,,0,0,0,0,0,0,0,0,0,0,0,0
'130212,Extracts of liquorice (excl. that with a sucrose content by weight of > 10% or in the form ...,0,0,0,0,0,0,0,0,0,0,0,0,,,,,,,,,,,,,,,0,0,0,0,0,0,0,0,0,0,0,0
'150110,"Lard, rendered or otherwise extracted (excl. lard stearin and lard oil)",0,0,0,0,0,0,0,0,0,0,0,0,,,,,,,,,,,,,,,15,17,11,20,14,10,10,0,15,16,10,10
'150940,"Virgin olive oil ""EU cat. 3"" obtained from the fruit of the olive tree solely by mechanical ...",0,0,0,0,0,0,0,0,0,0,0,0,,,,,,,,,,,,,,,0,2,0,1,1,1,1,0,0,0,0,0
'151110,Crude palm oil,0,0,0,0,0,0,0,0,0,0,0,0,,,,,,,,,,,,,,,0,0,0,4,3,0,0,0,3,1,0,5
'151411,"Low erucic acid rape or colza oil ""fixed oil which has an erucic acid content of < 2%"", crude",0,0,0,0,0,0,0,0,0,0,0,0,,,,,,,,,,,,,,,0,0,0,0,0,0,0,0,0,0,0,0
'151529,"Maize oil and fractions thereof, whether or not refined, but not chemically modified (excl. ...",0,0,0,0,0,0,0,0,0,0,0,0,,,,,,,,,,,,,,,0,1,0,0,0,0,0,0,0,0,0,0
'200850,"Apricots, prepared or preserved, whether or not containing added sugar or other sweetening ...",0,0,0,0,0,0,0,0,0,0,0,0,,,,,,,,,,,,,,,0,0,0,0,0,0,0,0,0,0,0,0
'190520,"Gingerbread and the like, whether or not containing cocoa",0,0,0,0,0,0,0,0,0,0,0,0,,,,,,,,,,,,,,,0,0,0,0,0,0,0,1,0,0,0,0
'200410,"Potatoes, prepared or preserved otherwise than by vinegar or acetic acid, frozen",0,0,0,0,0,0,0,0,0,0,0,0,,,,,,,,,,,,,,,113,37,90,22,94,87,40,70,66,124,70,33
'160220,Preparations of liver of any animal (excl. sausages and similar products and finely homogenised ...,0,0,0,0,0,0,0,0,0,0,0,0,,,,,,,,,,,,,,,1,0,0,0,0,0,1,1,2,0,0,0
'160417,"Prepared or preserved eels, whole or in pieces (excl. minced)",0,0,0,0,0,0,0,0,0,0,0,0,,,,,,,,,,,,,,,208,164,1,195,95,0,59,164,161,247,658,126
'160540,"Crustaceans, prepared or preserved (excl. smoked, crabs, shrimps, prawns and lobster)",0,0,0,0,0,0,0,0,0,0,0,0,,,,,,,,,,,,,,,373,527,414,540,485,469,703,319,809,726,206,375
'160559,"Molluscs, prepared or preserved (excl. smoked, oysters, scallops, mussels, cuttle fish, squid, ...",0,0,0,0,0,0,0,0,0,0,0,0,,,,,,,,,,,,,,,143,40,216,19,131,81,149,291,18,183,47,16
'170114,"Raw cane sugar, in solid form, not containing added flavouring or colouring matter (excl. cane ...",2,0,0,8,0,7,7,0,7,0,0,0,,,,,,,,,,,,,,,123,406,307,203,263,265,218,312,208,254,235,303
'170220,"Maple sugar, in solid form, and maple syrup (excl. flavoured or coloured)",0,0,0,0,0,0,0,0,0,0,0,0,,,,,,,,,,,,,,,0,0,1,14,0,0,11,13,0,9,0,1
'190211,"Uncooked pasta, not stuffed or otherwise prepared, containing eggs",0,0,0,0,0,0,0,0,0,0,0,0,,,,,,,,,,,,,,,40,10,56,0,14,3,11,2,22,2,24,29
'090812,"Nutmeg, crushed or ground",0,0,0,0,0,0,0,0,0,0,0,0,,,,,,,,,,,,,,,0,0,0,0,0,0,0,0,0,0,0,0
'090931,"Cumin seeds, neither crushed nor ground",0,0,0,0,0,0,0,0,0,0,0,0,,,,,,,,,,,,,,,0,0,0,0,1,0,0,0,0,0,0,0
'090962,"Juniper berries and seeds of anise, badian, caraway or fennel, crushed or ground",0,0,0,0,0,0,0,0,0,0,0,0,,,,,,,,,,,,,,,0,0,1,0,0,0,0,0,0,0,0,0
'100119,Durum wheat (excl. seed for sowing),0,0,0,0,0,0,0,0,0,0,0,0,,,,,,,,,,,,,,,0,0,3,0,0,2,0,2,0,2,0,2
'100390,Barley (excl. seed for sowing),0,0,0,0,0,0,0,0,0,0,0,0,,,,,,,,,,,,,,,0,0,0,0,0,0,0,0,0,0,0,0
'100590,Maize (excl. seed for sowing),0,0,0,0,0,0,0,0,0,0,0,0,,,,,,,,,,,,,,,0,12,25,21,12,50,12,10,24,29,22,0
'100640,Broken rice,0,0,0,0,0,0,0,0,0,0,0,0,,,,,,,,,,,,,,,0,0,0,0,0,0,0,0,0,0,0,0
'110100,Wheat or meslin flour,0,0,0,0,0,0,0,0,0,0,0,0,,,,,,,,,,,,,,,1490,1544,1352,1282,1322,1033,1233,1240,1268,1491,1054,1195
'110412,Rolled or flaked grains of oats,0,0,0,0,0,0,0,0,0,0,0,0,,,,,,,,,,,,,,,1,1,1,0,0,7,0,6,5,4,1,1
'110819,"Starch (excl. wheat, maize, potato and manioc)",0,0,3,30,5,5,50,14,32,19,0,0,,,,,,,,,,,,,,,58,129,84,125,96,89,129,92,105,89,74,43
'121020,"Hop cones, ground, powdered or in the form of pellets; lupulin",0,0,0,0,0,0,0,0,0,0,0,0,,,,,,,,,,,,,,,0,0,0,0,0,0,16,0,0,0,0,0
'121120,"Ginseng roots, fresh, chilled, frozen or dried, whether or not cut, crushed or powdered",0,0,0,0,0,0,0,0,0,0,0,0,,,,,,,,,,,,,,,245,276,117,5,223,0,409,77,63,351,0,156
'010511,"Live fowls of the species Gallus domesticus, weighing <= 185 g (excl. turkeys and guinea fowls)",0,0,0,0,0,0,0,0,0,0,0,0,,,,,,,,,,,,,,,0,0,0,0,0,0,0,0,0,0,0,0
'020430,Frozen lamb carcases and half-carcases,0,0,0,0,0,0,0,0,0,0,0,0,,,,,,,,,,,,,,,0,0,0,0,0,0,0,0,0,0,0,0
'020442,"Frozen cuts of sheep, with bone in (excl. carcases and half-carcases)",0,0,0,0,0,0,0,0,0,0,0,0,,,,,,,,,,,,,,,0,0,0,2,0,1,0,0,0,0,0,0
'020610,Fresh or chilled edible offal of bovine animals,0,0,0,0,0,0,0,0,0,0,0,0,,,,,,,,,,,,,,,0,0,0,0,0,0,0,0,0,0,0,0
'020712,"Frozen fowls of the species Gallus domesticus, not cut in pieces",0,0,0,0,0,0,0,0,0,0,0,0,,,,,,,,,,,,,,,2,0,5,6,3,33,0,3,3,11,3,8
'020742,"Frozen domestic ducks, not cut in pieces",0,0,0,0,0,0,0,0,0,0,0,0,,,,,,,,,,,,,,,0,0,0,3,0,2,0,1,0,0,0,1
'021012,"Bellies ""streaky"" and cuts thereof of swine, salted, in brine, dried or smoked",0,0,0,0,0,0,0,0,0,0,0,0,,,,,,,,,,,,,,,0,0,0,0,0,0,0,0,0,0,2,1
'030119,Live ornamental fish (excl. freshwater),0,0,0,1,2,2,0,1,1,0,0,0,,,,,,,,,,,,,,,168,165,171,153,188,163,167,195,152,185,122,198
'030232,"Fresh or chilled yellowfin tunas ""Thunnus albacares""",0,0,0,0,0,0,0,0,0,0,0,0,,,,,,,,,,,,,,,180,127,11,0,0,0,0,0,0,0,7,0
'030299,"Fresh or chilled fish fins, heads, tails, maws and other edible fish offal (excl. livers, roes, ...",0,0,0,0,0,0,0,0,0,0,0,0,,,,,,,,,,,,,,,0,0,0,0,0,0,0,0,0,0,0,0
'030367,"Frozen Alaska pollack ""Theragra chalcogramma""",0,0,0,0,0,0,0,0,0,0,0,0,,,,,,,,,,,,,,,0,0,0,0,0,0,0,0,0,0,0,0
'030384,"Frozen sea bass ""Dicentrarchus spp.""",0,0,0,0,0,0,0,0,0,0,0,0,,,,,,,,,,,,,,,1,0,27,72,12,5,51,0,21,89,0,27
'030462,"Frozen fillets of catfish ""Pangasius spp., Silurus spp., Clarias spp., Ictalurus spp.""",0,0,0,0,0,0,0,0,0,0,0,0,,,,,,,,,,,,,,,0,0,0,0,0,0,0,0,0,0,0,0
'030496,"Frozen meat, whether or not minced, of dogfish and other sharks",0,0,0,0,0,0,0,0,0,0,0,0,,,,,,,,,,,,,,,4,20,87,9,54,101,37,72,8,23,25,18
'030551,"Dried cod ""Gadus morhua, Gadus ogac, Gadus macrocephalus"", even salted, not smoked (excl. fillets ...",0,0,0,0,0,0,0,0,0,0,0,0,,,,,,,,,,,,,,,1,3,0,1,0,0,0,0,0,0,0,0
'030571,"Shark fins, smoked, dried, salted or in brine",0,0,0,0,0,0,0,0,0,0,0,0,,,,,,,,,,,,,,,269,621,285,309,143,443,321,94,873,1275,1137,551
'030611,"Frozen rock lobster and other sea crawfish ""Palinurus spp."", ""Panulirus spp."" and ""Jasus spp."", ...",0,0,0,0,0,0,0,0,0,0,0,0,,,,,,,,,,,,,,,7,6,1,0,0,0,0,0,112,1,1,1
'030711,"Oysters, even in shell, live, fresh or chilled",0,0,0,0,0,0,0,0,0,0,0,0,,,,,,,,,,,,,,,1,0,0,0,0,0,0,0,0,0,0,0
'030787,"Smoked, dried, salted or in brine, even in shell, abalone ""Haliotis spp.""",0,0,0,0,0,0,0,0,0,0,0,0,,,,,,,,,,,,,,,0,0,0,0,0,0,0,0,0,0,0,0
'030811,"Live, fresh or chilled, sea cucumbers ""Stichopus japonicus, Holothurioidea""",0,0,0,0,0,0,0,0,0,0,0,0,,,,,,,,,,,,,,,0,0,0,0,0,0,0,0,0,0,0,0
'030821,"Live, fresh or chilled, sea urchins ""Strongylocentrotus spp., Paracentrotus lividus, Loxechinus ...",0,0,0,0,0,0,0,0,0,0,0,0,,,,,,,,,,,,,,,0,0,0,0,0,0,0,0,0,0,0,0
'040299,"Milk and cream, concentrated and sweetened (excl. in solid forms)",0,0,0,0,0,0,0,0,0,0,0,0,,,,,,,,,,,,,,,2,4,1,2,4,6,1,5,1,2,0,2
'040410,"Whey and modified whey, whether or not concentrated or containing added sugar or other sweetening ...",0,0,0,0,0,0,0,0,0,0,0,0,,,,,,,,,,,,,,,6,5,5,0,0,0,0,0,0,0,0,0
'040719,Fertilised birds' eggs for incubation (excl. of domestic fowls),0,2,0,0,0,0,0,0,0,0,4,0,,,,,,,,,,,,,,,70,77,67,46,37,15,20,37,76,136,143,132
'050400,"Guts, bladders and stomachs of animals (other than fish), whole and pieces thereof, fresh, ...",0,0,0,0,0,0,0,0,0,0,0,0,,,,,,,,,,,,,,,1,0,0,0,0,1,0,0,5,1,0,1
'050790,"Tortoiseshell, whalebone and whalebone hair, horns, antlers, hooves, nails, claws and beaks, ...",0,0,0,0,0,0,0,0,0,0,0,0,,,,,,,,,,,,,,,37,53,18,12,57,2,19,51,6,0,0,59
'060312,"Fresh cut carnations and buds, of a kind suitable for bouquets or for ornamental purposes",0,0,0,0,0,0,0,0,0,0,0,0,,,,,,,,,,,,,,,1,3,1,1,1,1,2,1,1,1,3,1
'070200,"Tomatoes, fresh or chilled",0,0,0,0,0,0,0,0,0,0,0,0,,,,,,,,,,,,,,,31,17,29,21,6,2,9,8,12,19,9,46
'070420,"Brussels sprouts, fresh or chilled",0,0,0,0,0,0,0,0,0,0,0,0,,,,,,,,,,,,,,,0,0,0,0,0,0,0,0,0,0,1,0
'070511,Fresh or chilled cabbage lettuce,0,0,0,0,0,0,0,0,0,0,0,0,,,,,,,,,,,,,,,85,0,0,0,0,0,1,2,920,1250,1098,555
'070930,"Fresh or chilled aubergines ""eggplants""",0,0,0,0,0,0,0,0,0,0,0,0,,,,,,,,,,,,,,,1,2,5,4,2,2,0,0,0,0,0,4
'070954,"Fresh or chilled shiitake ""Lentinus edodes""",0,0,0,0,0,0,0,0,0,0,0,0,,,,,,,,,,,,,,,2,2,4,4,3,6,8,12,10,3,1,3
'071022,"Shelled or unshelled beans ""Vigna spp., Phaseolus spp."", uncooked or cooked by steaming or ...",0,0,0,0,0,0,0,0,0,0,0,0,,,,,,,,,,,,,,,0,53,6,94,31,101,119,23,63,53,1,68
'071080,"Vegetables, uncooked or cooked by steaming or by boiling in water, frozen (excl. potatoes, ...",0,0,0,0,0,0,0,0,0,0,0,0,,,,,,,,,,,,,,,337,34,16,244,200,20,18,117,23,36,11,227
'071151,"Mushrooms of the genus ""Agaricus"", provisionally preserved, e.g., by sulphur dioxide gas, in ...",0,0,0,0,0,0,0,0,0,0,0,0,,,,,,,,,,,,,,,0,0,1,0,0,0,0,0,0,0,0,0
'071333,"Dried, shelled kidney beans ""Phaseolus vulgaris"", whether or not skinned or split",0,0,0,0,0,0,0,0,0,0,0,0,,,,,,,,,,,,,,,2,4,49,1,59,64,0,2,0,0,1,0
'071360,"Dried, shelled pigeon peas ""Cajanus cajan"", whether or not skinned or split",0,0,0,0,0,0,0,0,0,0,0,0,,,,,,,,,,,,,,,0,0,0,0,0,0,0,0,0,0,0,0
'080132,"Fresh or dried cashew nuts, shelled",0,0,0,80,5,0,0,0,0,0,0,0,,,,,,,,,,,,,,,1,1,1,81,6,1,19,32,2,0,0,4
'080222,"Fresh or dried hazelnuts or filberts ""Corylus spp."", shelled",0,0,0,0,0,0,0,0,0,0,0,0,,,,,,,,,,,,,,,0,0,0,0,0,0,0,0,0,0,0,0
'080231,"Fresh or dried walnuts, in shell",0,0,0,0,0,0,0,0,0,0,0,0,,,,,,,,,,,,,,,1,0,0,0,0,0,0,0,0,0,0,0
'080251,"Fresh or dried pistachios, in shell",0,0,0,0,0,0,0,0,0,0,0,0,,,,,,,,,,,,,,,0,0,0,0,0,0,0,0,0,0,0,0
'080420,Fresh or dried figs,0,0,0,0,0,0,0,0,0,0,0,0,,,,,,,,,,,,,,,3,2,0,1,0,0,0,0,0,0,0,2
'080720,"Fresh pawpaws ""papayas""",0,0,0,0,0,0,0,0,0,0,0,0,,,,,,,,,,,,,,,41,19,22,17,11,12,7,14,6,7,4,9
'080929,Fresh cherries (excl. sour cherries),0,0,0,0,0,0,0,0,0,0,0,0,,,,,,,,,,,,,,,0,0,0,0,0,0,0,0,2,0,0,0
'081320,Dried prunes,0,0,0,0,0,0,0,0,0,0,0,0,,,,,,,,,,,,,,,1,51,12,56,27,28,2,7,3,58,7,4
'081340,"Dried peaches, pears, papaws ""papayas"", tamarinds and other edible fruits (excl. nuts, bananas, ...",0,0,0,0,0,0,0,0,0,0,0,0,,,,,,,,,,,,,,,19,19,24,31,27,29,24,20,35,62,41,21
'210130,"Roasted chicory and other roasted coffee substitutes, and extracts, essences and concentrates ...",0,0,0,0,0,0,0,0,0,0,0,0,,,,,,,,,,,,,,,2,0,0,1,6,2,0,10,45,0,0,42
'284011,"Anhydrous disodium tetraborate ""refined borax""",0,0,0,0,0,0,0,0,0,0,0,0,,,,,,,,,,,,,,,0,0,0,0,0,46,0,0,0,0,0,0
'284190,"Salts of oxometallic or peroxometallic acids (excl. chromates, dichromates, peroxochromates, ...",5,0,0,0,0,5,0,8,0,0,0,0,,,,,,,,,,,,,,,1184,936,528,1185,524,833,881,1012,1354,655,986,1111
'284430,"Uranium depleted in U 235 and its compounds; thorium and its compounds; alloys, dispersions, ...",0,0,0,0,0,0,0,0,0,0,0,0,,,,,,,,,,,,,,,0,0,0,0,0,0,0,0,0,0,0,0
'284510,"Heavy water ""deuterium oxide"" [Euratom]",0,0,0,0,0,0,0,0,0,0,0,0,,,,,,,,,,,,,,,0,0,0,0,0,0,0,0,0,0,0,0
'284610,Cerium compounds,0,0,0,0,0,0,0,0,5,0,0,0,,,,,,,,,,,,,,,11,7,74,0,29,0,0,52,8,78,31,117
'280469,"Silicon containing < 99,99% by weight of silicon",0,0,0,0,0,0,0,20,0,0,0,0,,,,,,,,,,,,,,,0,1,0,0,1,9,24,20,43,4,1,1
'280610,"Hydrogen chloride ""hydrochloric acid""",0,0,0,0,0,0,0,0,0,0,0,0,,,,,,,,,,,,,,,1220,1125,1271,975,1010,1278,1025,1112,1272,1225,758,942
'281215,Sulphur monochloride,0,0,0,0,0,0,0,0,0,0,0,0,,,,,,,,,,,,,,,0,0,0,0,0,0,0,0,0,0,0,0
'281910,Chromium trioxide,0,37,0,34,0,0,34,68,69,35,0,0,,,,,,,,,,,,,,,0,37,0,34,0,58,111,127,69,35,0,0
'282570,Molybdenum oxides and hydroxides,0,0,0,0,0,0,0,0,0,0,0,0,,,,,,,,,,,,,,,2991,2793,2797,1346,5540,5039,5846,4262,2622,3418,2335,5215
'282732,Aluminium chloride,0,0,0,0,0,0,0,0,0,0,0,0,,,,,,,,,,,,,,,0,3,0,2,0,2,0,0,0,0,0,0
'282760,Iodides and iodide oxides (excl. inorganic or organic compounds of mercury),0,0,0,0,0,0,0,0,0,0,0,0,,,,,,,,,,,,,,,156,269,196,312,254,53,270,191,67,137,194,144
'283311,Disodium sulphate,21,16,14,8,4,8,16,13,8,0,0,0,,,,,,,,,,,,,,,21,16,14,8,4,8,16,13,8,0,0,0
'283327,Sulphate of barium,11,0,0,0,0,0,11,21,0,0,0,0,,,,,,,,,,,,,,,11,0,0,30,6,12,11,40,10,0,30,16
'230320,"Beet-pulp, bagasse and other waste of sugar manufacture",0,0,0,0,0,0,0,0,0,0,0,0,,,,,,,,,,,,,,,0,0,0,0,0,0,0,0,0,0,0,0
'230660,"Oilcake and other solid residues, whether or not ground or in the form of pellets, resulting ...",0,0,0,0,0,0,0,0,0,0,0,0,,,,,,,,,,,,,,,0,0,0,0,0,0,0,0,0,0,0,0
'240210,"Cigars, cheroots and cigarillos containing tobacco",0,0,0,0,0,0,0,0,0,0,0,0,,,,,,,,,,,,,,,15,43,33,5,40,4,130,135,448,18,11,786
'240311,Water-pipe tobacco (excl. tobacco-free. See subheading note 1.),0,0,0,0,0,0,0,0,0,0,0,0,,,,,,,,,,,,,,,0,0,0,0,0,0,0,0,0,0,0,0
'261100,Tungsten ores and concentrates,0,0,0,0,0,0,0,0,0,0,0,0,,,,,,,,,,,,,,,0,0,0,0,0,129,0,308,0,0,0,0
'262099,"Slag, ash and residues, containing metals or metal compounds (excl. those from the manufacture ...",0,0,0,0,0,0,0,0,0,0,0,0,,,,,,,,,,,,,,,214,13,7981,0,0,0,0,0,0,212,94,0
'270400,"Coke and semi-coke of coal, of lignite or of peat, whether or not agglomerated; retort carbon",0,0,0,0,0,0,0,0,0,0,0,0,,,,,,,,,,,,,,,673,528,617,593,554,645,577,462,417,577,502,599
'250810,Bentonite,1,0,0,0,9,0,9,9,0,0,0,0,,,,,,,,,,,,,,,13,17,8,4,33,33,29,18,11,17,3,3
'251741,"Marble granules, chippings and powder, whether or not heat-treated",0,0,0,0,0,0,0,0,0,0,0,0,,,,,,,,,,,,,,,53,92,38,27,57,59,63,9,58,45,56,51
'252100,"Limestone flux; limestone and other calcareous stone, of a kind used for the manufacture of ...",0,0,0,0,0,1,0,0,0,0,0,0,,,,,,,,,,,,,,,0,0,0,0,0,1,0,0,0,0,0,0
'252220,Slaked lime,0,0,0,0,2,0,3,0,0,0,0,0,,,,,,,,,,,,,,,9,0,3,0,7,0,9,0,10,0,0,8
'252310,Cement clinkers,0,0,0,0,0,0,0,0,0,0,0,0,,,,,,,,,,,,,,,1,0,6,3,0,3,0,0,0,0,0,0
'252390,"Cement, whether or not coloured (excl. portland cement and aluminous cement)",0,0,0,0,0,0,0,0,0,0,0,0,,,,,,,,,,,,,,,28,61,47,3,41,0,38,14,32,9,3,26
'252800,"Borates, natural, and concentrates thereof, whether or not calcined, and natural boric acids ...",0,0,0,1,0,0,0,2,0,0,0,0,,,,,,,,,,,,,,,0,0,0,5,0,0,0,2,0,0,0,0
'260111,Non-agglomerated iron ores and concentrates (excl. roasted iron pyrites),0,0,0,0,0,0,0,0,0,0,0,0,,,,,,,,,,,,,,,0,0,0,0,0,0,0,0,0,0,0,0
'290313,"Chloroform ""trichloromethane""",0,0,0,0,0,0,0,0,0,0,0,0,,,,,,,,,,,,,,,399,0,0,0,381,0,0,280,0,0,296,0
'290343,"Fluoromethane ""HFC-41"", 1,2-difluoroethane ""HFC-152"" and 1,1-difluoroethane ""HFC-152a""",0,0,0,0,0,0,0,0,0,0,0,0,,,,,,,,,,,,,,,102,6,0,55,2,2,53,93,56,52,71,6
'290371,Chlorodifluoromethane,0,0,0,0,0,0,0,0,0,0,0,0,,,,,,,,,,,,,,,11,11,22,3,14,6,10,12,0,10,8,10
'290378,"Perhalogenated derivatives of acyclic hydrocarbons containing two or more different halogens, ...",0,0,0,0,0,0,0,0,0,0,0,0,,,,,,,,,,,,,,,0,0,0,98,10,10,0,0,0,0,0,0
'290712,Cresols and their salts,0,0,0,0,0,0,0,0,0,0,0,0,,,,,,,,,,,,,,,0,0,0,0,0,0,52,0,0,0,0,0
'290722,"Hydroquinone ""quinol"" and its salts",0,0,0,0,0,0,0,0,0,0,0,0,,,,,,,,,,,,,,,0,6,0,0,2,0,3,0,0,0,3,0
'285210,"Compounds, inorganic or organic, of mercury, chemically defined (excl. amalgams)",0,0,0,0,0,0,0,0,0,0,0,0,,,,,,,,,,,,,,,0,0,0,0,0,0,0,0,0,0,0,0
'291529,Salts of acetic acid (excl. inorganic or organic compounds of mercury),0,0,0,0,1,0,0,0,0,0,0,0,,,,,,,,,,,,,,,2914,2413,2086,1702,2223,2117,1060,1191,2065,2505,1645,912
'291619,"Unsaturated acyclic monocarboxylic acids, their anhydrides, halides, peroxides, peroxyacids ...",0,0,0,0,2,1,0,0,0,2,0,0,,,,,,,,,,,,,,,6,4,2850,1153,17,8,0,0,0,655,1307,656
'291737,Dimethyl terephthalate,0,0,0,0,0,0,0,0,0,0,0,0,,,,,,,,,,,,,,,0,7,0,0,0,0,0,0,0,0,0,0
'291899,"Carboxylic acids with additional oxygen function and their anhydrides, halides, peroxides and ...",24,43,0,26,23,0,42,24,0,27,26,0,,,,,,,,,,,,,,,24,43,0,26,102,961,42,24,1299,42,45,0
'292159,"Aromatic polyamines and their derivatives; salts thereof (excl. o-phenylenediamine, m-phenylenediamine, ...",0,0,0,15,0,0,0,0,0,0,0,0,,,,,,,,,,,,,,,871,978,872,468,1122,637,648,491,691,749,950,715
'292519,"Imides and their derivatives; salts thereof (excl. saccharin and its salts, glutethimide [INN] ...",0,0,0,0,0,0,0,0,0,0,0,0,,,,,,,,,,,,,,,861,1176,816,859,1053,908,935,753,817,789,249,502
'291100,"Acetals and hemiacetals, whether or not with other oxygen function, and their halogenated, ...",0,0,0,0,0,0,0,0,0,0,0,0,,,,,,,,,,,,,,,0,0,0,0,0,0,0,0,0,0,0,0
'293120,Tributyltin compounds,0,0,0,0,0,0,0,0,0,0,0,0,,,,,,,,,,,,,,,0,0,0,0,0,0,0,0,0,0,0,0
'293212,"2-Furaldehyde ""furfuraldehyde""",0,0,0,0,0,0,0,0,0,0,0,0,,,,,,,,,,,,,,,0,0,0,0,0,0,0,0,0,0,0,0
'293329,"Heterocyclic compounds with nitrogen hetero-atom[s] only, containing an unfused imidazole ring, ...",0,4,0,0,0,0,0,4,4,0,0,0,,,,,,,,,,,,,,,290,466,177,408,253,148,352,471,283,241,188,472
'293359,"Heterocyclic compounds with nitrogen hetero-atom[s] only, containing a pyrimidine ring, whether ...",0,0,0,0,0,0,0,0,5,0,0,0,,,,,,,,,,,,,,,3173,1268,2283,1756,1047,1541,1414,1502,1513,2105,1358,1620
'293361,Melamine,0,0,0,0,0,0,0,0,0,0,0,0,,,,,,,,,,,,,,,15,17,34,29,28,17,41,26,12,61,0,25
'293430,"Heterocyclic compounds containing in the structure a phenothiazine ring-system, whether or ...",0,0,0,0,0,0,0,0,0,0,0,0,,,,,,,,,,,,,,,0,0,0,0,0,0,0,0,0,0,0,0
'293623,"Vitamin B2 and its derivatives, used primarily as vitamins",0,0,0,0,0,0,0,0,0,0,0,0,,,,,,,,,,,,,,,0,0,0,18,0,0,0,0,0,0,0,0
'293628,"Vitamin E and its derivatives, used primarily as vitamins",0,0,0,0,0,0,0,0,0,0,0,0,,,,,,,,,,,,,,,0,0,0,0,0,0,0,0,0,0,0,0
'293723,Oestrogens and progestogens,0,0,0,0,0,0,0,0,0,0,0,0,,,,,,,,,,,,,,,0,333,0,160,0,0,0,10,0,275,0,0
'293890,"Glycosides, natural or reproduced by synthesis, and their salts, ethers, esters and other derivatives ...",0,0,4,0,0,0,0,0,0,3,0,0,,,,,,,,,,,,,,,0,15,23,0,25,37,0,0,17,16,0,0
'293920,Alkaloids of cinchona and their derivatives; salts thereof,0,0,0,0,0,0,0,0,0,0,0,0,,,,,,,,,,,,,,,0,0,0,0,0,0,0,0,0,0,0,0
'293930,Caffeine and its salts,0,0,0,0,0,0,0,0,0,0,0,0,,,,,,,,,,,,,,,0,0,0,0,0,0,0,0,0,0,0,0
'293941,Ephedrine and its salts,0,0,0,0,0,0,0,0,0,0,0,0,,,,,,,,,,,,,,,0,0,0,0,0,0,0,0,0,0,0,0
'293942,"Pseudoephedrine ""INN"" and its salts",0,0,0,0,0,0,0,0,0,0,0,0,,,,,,,,,,,,,,,0,0,0,8,0,14,21,59,0,12,0,0
'294150,Erythromycin and its derivatives; salts thereof,0,0,0,0,0,0,0,0,0,0,0,0,,,,,,,,,,,,,,,0,0,0,0,0,0,0,0,0,0,0,0
'600320,"Knitted or crocheted fabrics of cotton, of a width of <= 30 cm (excl. those containing by weight ...",0,0,0,0,0,0,0,0,0,0,0,0,,,,,,,,,,,,,,,0,0,3,0,0,0,0,0,0,0,0,4
'681520,Articles of peat (excl. textile products from peat fibres),0,0,0,0,0,0,0,0,0,0,0,0,,,,,,,,,,,,,,,0,133,0,0,0,0,0,0,0,0,0,0
'690210,"Refractory bricks, blocks, tiles and similar refractory ceramic constructional goods containing, ...",2,0,0,0,0,0,26,0,0,0,25,0,,,,,,,,,,,,,,,4,0,0,0,61,76,26,13,0,0,28,24
'690490,"Ceramic flooring blocks, support or filler tiles and the like (excl. those of siliceous fossil ...",0,0,0,0,0,0,0,0,0,0,0,0,,,,,,,,,,,,,,,0,0,0,0,18,0,0,9,0,0,11,29
'690730,"Ceramic mosaic cubes and the like, whether or not on a backing (excl. refractory and finishing ...",0,0,0,0,0,0,0,0,0,0,0,0,,,,,,,,,,,,,,,0,35,0,0,30,0,32,29,0,0,0,0
'691390,"Statuettes and other ornamental ceramic articles, n.e.s. (excl. of porcelain or china)",0,0,0,0,0,0,0,0,0,0,0,0,,,,,,,,,,,,,,,22,97,0,107,13,0,60,7,13,0,0,8
'680620,"Exfoliated vermiculite, expanded clays, foamed slag and similar expanded mineral materials, ...",0,0,0,0,0,0,0,0,0,0,0,0,,,,,,,,,,,,,,,0,0,0,0,2,6,0,2,6,0,0,5
'680710,"Articles of asphalt or of similar materials, e.g. petroleum bitumen or coal tar pitch, in rolls",25,0,0,0,48,0,0,0,0,0,0,0,,,,,,,,,,,,,,,38,2,36,0,78,14,2,0,13,0,2,1
'680800,"Panels, boards, tiles, blocks and similar articles of vegetable fibre, of straw or of shavings, ...",0,0,0,0,0,0,0,0,0,0,0,0,,,,,,,,,,,,,,,0,0,0,0,3,0,0,0,0,0,0,0
'680911,"Boards, sheets, panels, tiles and similar articles, of plaster or compositions based on plaster, ...",0,0,0,0,0,0,0,0,0,0,0,0,,,,,,,,,,,,,,,148,126,79,113,161,112,50,124,117,66,78,63
'681280,Fabricated crocidolite asbestos fibres; mixtures with a basis of crocidolite asbestos or with ...,0,0,0,0,0,0,0,0,0,1,0,0,,,,,,,,,,,,,,,37,1,57,8,54,38,0,57,29,57,5,53
'701966,"Open woven fabrics of glass fibres, of a width > 30 cm",0,0,0,0,0,0,0,0,0,0,0,0,,,,,,,,,,,,,,,0,0,2,0,0,1,0,0,0,0,0,4
'701972,Chemically bonded closed fabrics of glass fibres (excl. veils),0,0,0,0,0,0,0,0,0,0,0,0,,,,,,,,,,,,,,,0,0,14,0,16,7,13,0,13,0,0,9
'710229,"Industrial diamonds, worked, but not mounted or set (excl. unmounted stones for pick-up styluses, ...",0,0,0,0,0,0,0,0,0,0,0,0,,,,,,,,,,,,,,,0,2,0,0,1,0,79,0,0,0,0,0
'710239,"Diamonds, worked, but not mounted or set (excl. industrial diamonds)",0,0,0,0,0,0,0,0,0,0,0,0,,,,,,,,,,,,,,,405,682,576,342,440,241,526,372,1683,602,454,3367
'710391,"Rubies, sapphires and emeralds, worked, whether or not graded, but not strung, mounted or set, ...",0,0,0,0,0,0,0,0,0,0,0,0,,,,,,,,,,,,,,,88,2,88,0,0,7,0,201,2,0,17,1668
'710410,"Quartz, piezoelectric, of synthetic or reconstructed stone whether or not worked or graded, ...",0,1,0,0,0,0,0,0,0,0,0,0,,,,,,,,,,,,,,,39,18,83,43,36,29,50,34,92,51,100,44
'700231,"Tubes of fused quartz or other fused silica, unworked",0,2,16,6,9,12,0,6,6,8,6,0,,,,,,,,,,,,,,,62,27,32,54,98,46,6,83,80,74,6,91
'700521,"Float glass and surface ground glass, in sheets, coloured throughout the mass ""body tinted"", ...",42,0,0,0,0,0,0,0,0,0,0,0,,,,,,,,,,,,,,,42,1,12,0,11,0,0,3,0,6,0,7
'700711,"Toughened ""tempered"" safety glass, of size and shape suitable for incorporation in motor vehicles, ...",0,0,0,0,0,0,0,0,0,0,0,0,,,,,,,,,,,,,,,26,42,6,50,122,108,76,39,32,68,146,105
'701337,Drinking glasses (excl. glasses of glass ceramics or of lead crystal and stemware),0,0,0,0,0,0,0,0,0,0,0,0,,,,,,,,,,,,,,,68,79,37,92,42,56,56,92,88,54,187,30
'701690,"Paving blocks, slabs, bricks, squares, tiles and other articles of pressed or moulded glass, ...",0,0,0,0,0,0,0,0,0,0,0,0,,,,,,,,,,,,,,,0,0,8,17,0,0,0,0,0,0,2,0
'701810,"Glass beads, imitation pearls, imitation precious or semi-precious stones and similar glass ...",7,0,2,0,0,0,0,0,0,11,0,0,,,,,,,,,,,,,,,23,13,11,22,3,18,5,36,27,50,15,8
'720521,"Powders, of alloy steel (excl. powders of ferro-alloys and radioactive iron powders ""isotopes"")",0,0,0,0,9,0,2,3,18,0,0,0,,,,,,,,,,,,,,,63,74,117,111,228,129,135,194,143,196,114,133
'710700,"Base metals clad with silver, not further worked than semi-manufactured",0,0,0,0,0,0,0,0,0,0,0,0,,,,,,,,,,,,,,,0,28,0,34,0,41,15,26,106,29,27,35
'711419,"Articles of goldsmiths' or silversmiths' wares or parts thereof, of precious metal other than ...",0,0,0,0,0,0,0,0,0,0,0,0,,,,,,,,,,,,,,,24,113,30137,13,8700,156,57,333,27,11,1162,13
'711711,"Cuff links and studs, of base metal, whether or not clad with silver, gold or platinum",12,0,7,2,6,4,0,3,0,8,0,0,,,,,,,,,,,,,,,14,9,15,3,6,8,3,58,5,136,6,20
'560221,"Felt, not impregnated, coated, covered or laminated, of wool or fine animal hair, n.e.s. (excl. ...",8,5,0,14,5,6,0,3,7,1,0,0,,,,,,,,,,,,,,,8,5,1,18,8,6,1,4,9,3,0,1
'590410,"Linoleum, whether or not cut to shape",0,0,0,0,0,0,0,0,0,0,0,0,,,,,,,,,,,,,,,0,0,0,0,0,0,0,0,0,0,0,0
'580900,"Woven fabrics of metal thread and woven fabrics of metallised yarn of heading 5605, of a kind ...",0,0,0,0,0,0,0,0,0,0,0,0,,,,,,,,,,,,,,,0,0,0,0,0,0,0,0,0,0,0,0
'610343,"Men's or boys' trousers, bib and brace overalls, breeches and shorts of synthetic fibres, knitted ...",0,0,0,0,0,0,0,0,0,0,0,0,,,,,,,,,,,,,,,96,355,74,72,106,106,56,39,215,52,60,114
'610419,"Women's or girls' suits of textile materials, knitted or crocheted (excl. of synthetic fibres, ...",0,0,0,0,0,0,0,0,0,0,0,0,,,,,,,,,,,,,,,3,0,3,0,0,4,0,3,0,6,0,0
'610422,"Women's or girls' ensembles of cotton, knitted or crocheted (excl. ski ensembles and swimwear)",0,0,0,0,0,0,0,0,0,0,0,0,,,,,,,,,,,,,,,27,29,20,32,32,20,30,25,33,22,25,30
'610429,"Women's or girls' ensembles of textile materials (excl. of cotton or synthetic fibres, ski ...",0,0,0,0,0,0,0,0,0,0,0,0,,,,,,,,,,,,,,,98,126,93,128,123,60,116,92,103,69,74,81
'610432,"Women's or girls' jackets and blazers of cotton, knitted or crocheted (excl. wind-jackets and ...",0,0,0,0,0,0,0,0,0,0,0,0,,,,,,,,,,,,,,,2,5,3,3,0,12,0,16,5,9,0,0
'610449,"Women's or girls' dresses of textile materials, knitted or crocheted (excl. of wool, fine animal ...",0,0,0,0,0,0,0,0,0,0,0,0,,,,,,,,,,,,,,,7,3,3,9,0,31,16,4,0,10,6,2
'610590,"Men's or boys' shirts of textile materials, knitted or crocheted (excl. of cotton or man-made ...",0,0,0,0,0,0,0,0,0,0,0,0,,,,,,,,,,,,,,,17,34,13,26,12,43,17,26,42,39,8,40
'611510,"Graduated compression hosiery [e.g., stockings for varicose veins], of textile materials, knitted ...",0,0,0,0,0,0,0,0,0,0,0,0,,,,,,,,,,,,,,,1027,1073,676,834,1644,845,1143,1142,1191,1592,1057,1174
'611691,"Gloves, mittens and mitts, of wool or fine animal hair, knitted or crocheted (excl. impregnated, ...",0,0,0,0,0,0,0,0,0,0,0,0,,,,,,,,,,,,,,,0,58,0,93,4,5,0,7,0,7,0,2
'620230,"Women's or girls' overcoats, car-coats, capes, cloaks, anoraks, incl. ski jackets, wind-cheaters, ...",0,0,0,0,0,0,0,0,0,0,0,0,,,,,,,,,,,,,,,141,227,164,51,193,96,292,232,226,170,289,143
'620412,"Women's or girls' suits of cotton (excl. knitted or crocheted, ski overalls and swimwear)",0,0,0,0,0,0,0,0,0,0,0,0,,,,,,,,,,,,,,,0,0,0,0,0,0,0,0,0,0,0,0
'620413,"Women's or girls' suits of synthetic fibres (excl. knitted or crocheted, ski overalls and swimwear)",0,0,0,0,0,0,0,0,0,0,0,0,,,,,,,,,,,,,,,0,0,0,0,0,0,0,0,0,0,0,0
'620432,"Women's or girls' jackets and blazers of cotton (excl. knitted or crocheted, wind-jackets and ...",0,0,0,0,0,0,0,0,0,0,0,0,,,,,,,,,,,,,,,106,49,53,44,50,40,57,27,13,79,38,15
'620459,"Women's or girls' skirts and divided skirts of textile materials (excl. of wool, fine animal ...",0,0,0,0,0,0,0,0,0,0,0,0,,,,,,,,,,,,,,,25,78,48,122,26,105,70,84,92,54,16,79
'620462,"Women's or girls' trousers, bib and brace overalls, breeches and shorts of cotton (excl. knitted ...",0,0,0,0,0,0,0,0,0,0,0,0,,,,,,,,,,,,,,,133,136,208,63,158,111,187,143,89,166,411,68
'620520,"Men's or boys' shirts of cotton (excl. knitted or crocheted, nightshirts, singlets and other ...",0,23,0,2,0,0,0,0,0,0,0,0,,,,,,,,,,,,,,,261,117,60,68,28,80,161,101,137,165,105,99
'620791,"Men's or boys' singlets and other vests, bathrobes, dressing gowns and similar articles of ...",0,0,0,0,0,0,0,0,0,0,0,0,,,,,,,,,,,,,,,0,1,6,0,0,1,2,0,0,0,0,1
'620811,Women's or girls' slips and petticoats of man-made fibres (excl. knitted or crocheted and vests),0,0,0,0,0,0,0,0,0,0,0,0,,,,,,,,,,,,,,,0,0,0,0,16,0,0,0,6,0,0,0
'620899,"Women's or girls' singlets and other vests, briefs, panties, nŽgligŽs, bathrobes, dressing ...",0,0,0,0,0,0,0,0,0,0,0,0,,,,,,,,,,,,,,,36,6,0,52,6,0,8,0,11,5,9,2
'621320,"Handkerchiefs of cotton, of which no side exceeds 60 cm (excl. knitted or crocheted)",0,0,0,0,0,0,0,0,0,0,0,0,,,,,,,,,,,,,,,0,19,0,0,1,0,0,0,1,1,0,5
'630210,"Bedlinen, knitted or crocheted",0,0,0,0,0,0,0,0,0,0,0,0,,,,,,,,,,,,,,,7,6,7,7,5,11,0,23,0,9,12,0
'630222,Printed bedlinen of man-made fibres (excl. knitted or crocheted),0,0,0,0,0,0,0,0,0,0,0,0,,,,,,,,,,,,,,,39,81,13,24,26,3,31,43,86,64,84,60
'630510,"Sacks and bags, for the packing of goods, of jute or other textile bast fibres of heading 5303",0,0,0,0,0,0,0,0,0,0,0,0,,,,,,,,,,,,,,,0,4,2,3,4,0,0,3,0,0,2,0
'630520,"Sacks and bags, for the packing of goods, of cotton",0,0,0,0,0,0,0,0,0,0,0,0,,,,,,,,,,,,,,,6,44,0,4,2,5,0,6,17,0,124,0
'630612,"Tarpaulins, awnings and sunblinds of synthetic fibres (excl. flat covers of light fabrics made ...",0,0,2,15,0,2,0,2,0,0,10,0,,,,,,,,,,,,,,,52,26,49,40,0,13,19,91,3,60,124,82
'640291,"Footwear covering the ankle, with outer soles and uppers of rubber or plastics (excl. waterproof ...",0,0,0,0,0,0,0,0,0,0,0,0,,,,,,,,,,,,,,,89,12,66,18,40,1,18,89,28,9,42,7
'640510,"Footwear with uppers of leather or composition leather (excl. with outer soles of rubber, plastics, ...",0,0,0,0,0,0,0,0,0,0,0,0,,,,,,,,,,,,,,,79,57,22,97,64,10,5,7,225,8,0,53
'650500,"Hats and other headgear, knitted or crocheted, or made up from lace, felt or other textile ...",0,0,0,0,7,0,0,0,0,0,3,0,,,,,,,,,,,,,,,2191,4783,5270,3966,4826,3431,2477,1460,1621,1124,1449,1739
'680299,"Monumental or building stone, in any form, polished, decorated or otherwise worked (excl. calcareous ...",0,0,0,0,0,0,0,0,0,0,0,0,,,,,,,,,,,,,,,30,28,45,87,21,49,20,37,14,26,3,26
'841582,Air conditioning machines incorporating a refrigerating unit but without a valve for reversal ...,14,0,0,47,22,7,0,0,0,0,0,0,,,,,,,,,,,,,,,626,377,1107,1681,3073,455,1492,736,1469,1775,2380,1443
'840721,Spark-ignition outboard motors for marine propulsion,0,0,0,0,0,0,0,0,0,0,0,0,,,,,,,,,,,,,,,84,0,83,41,142,21,0,17,0,0,10,15
'840734,"Spark-ignition reciprocating piston engine, of a kind used for vehicles of chapter 87, of a ...",0,0,0,0,0,0,0,0,0,0,0,0,,,,,,,,,,,,,,,1401,1586,1716,1464,1591,1591,1158,1604,1408,1269,1142,690
'840790,Spark-ignition reciprocating or rotary internal combustion piston engine (excl. those for aircraft ...,0,0,0,0,0,0,0,0,3,0,0,0,,,,,,,,,,,,,,,119,71,27,48,330,138,51,11,21,261,1990,1363
'840910,"Parts suitable for use solely or principally with internal combustion piston engine for aircraft, ...",0,0,0,0,0,0,0,0,0,0,0,0,,,,,,,,,,,,,,,0,8,16,21,17,1,86,13,438,26,1,142
'841090,Parts of hydraulic turbines and water wheels incl. regulators,0,0,0,0,0,0,0,0,0,0,0,0,,,,,,,,,,,,,,,21,20,17,4,26,25,11,5,7,29,10,8
'841630,"Mechanical stokers, incl. their mechanical grates, mechanical ash dischargers and similar appliances ...",0,0,0,0,0,0,0,0,0,0,0,0,,,,,,,,,,,,,,,0,0,0,0,0,0,0,0,0,0,0,0
'841840,"Freezers of the upright type, of a capacity <= 900 l",0,0,0,0,0,0,0,0,0,0,0,0,,,,,,,,,,,,,,,104,392,264,171,172,297,397,100,287,130,495,198
'842389,Weighing machinery of a maximum weighing capacity > 5.000 kg,0,0,0,0,0,0,0,0,0,0,0,0,,,,,,,,,,,,,,,9,3,1,6,17,6,5,3,17,0,3,5
'842519,"Pulley tackle and hoists (other than skip hoists or hoists of a kind used for raising vehicles), ...",0,0,0,5,0,0,0,0,0,2,3,0,,,,,,,,,,,,,,,793,686,453,696,387,555,503,742,711,315,599,574
'842612,Mobile lifting frames on tyres and straddle carriers,0,0,0,0,11,0,0,0,2,0,0,0,,,,,,,,,,,,,,,119,303,236,143,209,219,192,100,288,92,323,196
'842619,"Overhead travelling cranes, transporter cranes, gantry cranes, bridge cranes and mobile lifting ...",0,135,0,10,0,0,0,0,0,0,0,0,,,,,,,,,,,,,,,2,338,144,338,0,56,88,0,44,78,86,0
'842691,Cranes designed for mounting on road vehicles,0,0,0,0,0,0,0,0,0,0,0,0,,,,,,,,,,,,,,,4,4,0,0,0,14,0,0,0,2,0,0
'842790,"Works trucks fitted with lifting or handling equipment, not self-propelled",0,0,0,0,0,0,0,0,0,9,0,0,,,,,,,,,,,,,,,233,526,243,308,282,397,409,583,615,379,406,402
'760691,"Plates, sheets and strip, of non-alloy aluminium, of a thickness of > 0,2 mm (other than square ...",17,88,0,11,23,130,0,37,0,0,5,0,,,,,,,,,,,,,,,957,949,427,232,520,411,467,530,246,456,314,136
'761090,"Structures and parts of structures, of aluminium, n.e.s., and plates, rods, profiles, tubes ...",3,2,0,45,0,0,34,42,2,1,5,0,,,,,,,,,,,,,,,2602,3254,2567,2756,3707,3466,7370,7029,4842,4007,3004,3458
'840212,Watertube boilers with a steam production <= 45 t/hour (excl. central heating hot water boilers ...,0,0,0,0,0,0,21,21,0,0,0,0,,,,,,,,,,,,,,,17,112,0,18,62,31,21,21,247,0,90,93
'820713,"Rock-drilling or earth-boring tools, interchangeable, with working parts of sintered metal ...",0,0,0,0,0,0,0,0,0,0,0,0,,,,,,,,,,,,,,,0,0,15,0,3,0,0,0,0,0,0,0
'821000,"Hand-operated mechanical devices, of base metal, weighing <= 10 kg, used in the preparation, ...",5,0,0,0,0,0,0,0,0,0,0,0,,,,,,,,,,,,,,,143,257,259,178,506,257,247,249,295,420,261,188
'821210,Non-electric razors of base metal,0,0,0,0,0,0,0,0,0,0,0,0,,,,,,,,,,,,,,,149,70,11,202,158,76,75,291,75,198,31,50
'821410,"Paperknives, letter openers, erasing knives, pencil sharpeners and blades therefor, of base ...",4,0,0,0,0,0,3,0,0,12,0,0,,,,,,,,,,,,,,,534,481,317,138,139,134,18,58,57,158,182,163
'811100,"Manganese and articles thereof, n.e.s.; manganese waste and scrap (excl. ash and residues containing ...",0,0,0,0,0,0,0,0,0,0,0,0,,,,,,,,,,,,,,,11,8,0,9,1,5,9,31,46,8,7,6
'811222,Chromium waste and scrap (excl. ash and residues containing chromium and chromium alloys containing ...,0,0,0,0,0,0,0,0,0,0,0,0,,,,,,,,,,,,,,,0,0,0,0,0,4,0,0,0,0,0,0
'811229,"Articles of chromium, n.e.s.",0,0,0,0,14,0,29,0,0,0,0,0,,,,,,,,,,,,,,,360,350,479,586,433,544,5588,3863,3548,5007,2592,533
'732182,"Stoves, heaters, grates, fires, wash boilers, braziers and similar appliances, of iron or steel, ...",0,0,0,0,0,0,0,0,0,0,0,0,,,,,,,,,,,,,,,78,6,207,15,49,29,6,92,84,12,77,7
'732392,"Table, kitchen or other household articles, and parts thereof, of cast iron, enamelled (excl. ...",0,0,0,2,0,0,0,0,0,0,0,0,,,,,,,,,,,,,,,431,569,454,502,396,426,526,352,215,410,313,410
'732510,"Articles of non-malleable cast iron, n.e.s.",0,4,0,2,0,0,0,0,0,0,2,0,,,,,,,,,,,,,,,94,194,60,145,91,83,103,55,161,162,101,177
'750120,Nickel oxide sinters and other intermediate products of nickel metallurgy (excl. nickel mattes),0,0,0,0,0,0,0,0,0,0,0,0,,,,,,,,,,,,,,,60,342,80,140,215,243,178,282,153,65,260,198
'750521,Wire of non-alloy nickel (excl. electrically insulated products),0,0,0,0,0,0,0,0,0,0,0,0,,,,,,,,,,,,,,,0,22,3,3,0,6,3,23,18,22,0,21
'750712,Tubes and pipes of nickel alloys,0,0,0,0,0,0,0,0,0,0,0,0,,,,,,,,,,,,,,,15,0,123,94,40,0,18,12,2,5,23,1
'750810,"Cloth, grill, netting and fencing, of nickel wire",0,0,0,0,12,0,0,0,0,0,29,0,,,,,,,,,,,,,,,50,57,0,0,30,0,0,18,0,29,47,27
'760110,"Aluminium, not alloyed, unwrought",66,0,6,542,0,0,0,54,0,0,0,0,,,,,,,,,,,,,,,136,80,107,657,1243,2115,233,2204,155,2117,2573,159
'741210,"Refined copper tube or pipe fittings ""e.g., couplings, elbows, sleeves""",0,0,0,0,0,0,0,0,0,0,0,0,,,,,,,,,,,,,,,20,31,115,83,38,167,47,33,55,45,44,23
'741022,"Copper alloy foil, backed, of a thickness ""excl. any backing"" of <= 0,15 mm (excl. stamping ...",0,0,0,0,0,6,12,11,0,0,5,0,,,,,,,,,,,,,,,0,9,1,0,0,27,12,11,2,0,5,0
'731021,"Cans of iron or steel, of a capacity of < 50 l, which are to be closed by soldering or crimping ...",0,0,0,0,0,0,0,0,0,0,0,0,,,,,,,,,,,,,,,21,26,0,0,12,0,6,0,5,16,0,4
'722599,"Flat-rolled products of alloy steel other than stainless, of a width of >= 600 mm, hot-rolled ...",0,0,72,0,0,0,0,2,0,12,0,0,,,,,,,,,,,,,,,277,252,187,255,5,373,14,4,1072,395,0,524
'722720,"Bars and rods of silico-manganese steel, hot-rolled, in irregularly wound coils",0,129,86,87,83,202,0,0,185,0,0,0,,,,,,,,,,,,,,,72,138,130,94,134,202,201,14,220,7,0,39
'730290,"Sleepers ""cross-ties"", check-rails, rack rails, chairs, chair wedges, rail clips, bedplates ...",0,0,0,0,0,0,0,0,0,0,0,0,,,,,,,,,,,,,,,2,3,0,3,0,5,0,3,25,0,57,0
'730411,"Line pipe of a kind used for oil or gas pipelines, seamless, of stainless steel",0,8,0,0,0,0,3,0,0,0,0,0,,,,,,,,,,,,,,,2,20,2,59,9,11,16,6,12,12,12,23
'730531,"Tubes and pipes having circular cross-sections and an external diameter of > 406,4 mm, of iron ...",0,0,0,0,0,10,0,0,0,0,103,0,,,,,,,,,,,,,,,0,0,340,485,1013,485,681,386,198,333,192,109
'730611,"Line pipe of a kind used for oil or gas pipelines, welded, of flat-rolled products of stainless ...",0,0,0,0,0,0,0,0,0,0,0,0,,,,,,,,,,,,,,,0,0,4,0,0,0,0,0,14,0,5,4
'730629,"Casing and tubing of a kind used in drilling for oil or gas, welded, of flat-rolled products ...",0,0,0,0,0,0,0,0,0,0,0,0,,,,,,,,,,,,,,,24066,16647,5162,19466,8185,17871,145,10118,8534,9498,6945,7261
'721020,"Flat-rolled products of iron or non-alloy steel, of a width of >= 600 mm, hot-rolled or cold-rolled ...",0,0,0,0,0,0,0,0,0,0,0,0,,,,,,,,,,,,,,,0,33,0,11,3,0,40,8,16,52,10,6
'721420,"Bars and rods, of iron or non-alloy steel, with indentations, ribs, groves or other deformations ...",0,0,0,0,0,0,0,0,0,0,0,0,,,,,,,,,,,,,,,500,6951,3334,820,2525,3272,113,3899,3610,365,5998,9345
'721640,"L sections of iron or non-alloy steel, not further worked than hot-rolled, hot-drawn or hot-extruded, ...",17,149,0,29,0,0,0,0,0,0,0,0,,,,,,,,,,,,,,,18,149,0,61,2,15,8,0,0,0,0,5
'721691,"Angles, shapes and sections, of iron or non-alloy steel, cold-formed or cold-finished from ...",0,0,0,0,0,0,0,0,0,0,0,0,,,,,,,,,,,,,,,244,228,238,209,400,293,126,154,161,161,180,132
'844230,"Machinery, apparatus and equipment for preparing or making printing plates, cylinders or other ...",0,0,0,0,0,0,0,0,5,0,0,0,,,,,,,,,,,,,,,15,279,19,228,0,41,11,62,260,89,0,86
'844315,Letterpress printing machinery (excl. flexographic printing and reel fed machinery),0,0,0,0,0,0,0,0,0,0,0,0,,,,,,,,,,,,,,,0,0,0,0,0,0,0,0,0,0,0,0
'844629,"Hand looms for weaving fabrics of a width > 30 cm, shuttle type",0,0,0,0,0,0,0,0,0,0,0,0,,,,,,,,,,,,,,,225,0,146,0,153,0,403,85,62,495,397,297
'844331,"Machines which perform two or more of the functions of printing, copying or facsimile transmission, ...",0,8,0,0,0,0,0,0,0,0,0,0,,,,,,,,,,,,,,,34,271,270,422,41,218,409,120,176,670,93,259
'844511,Carding machines for preparing textile fibres,0,40,0,789,0,0,0,0,0,0,0,0,,,,,,,,,,,,,,,1347,692,0,789,237,5,0,272,577,0,0,0
'843039,"Coal or rock cutters and tunnelling machinery, not self-propelled (excl. hand-operated tools ...",0,0,0,0,0,0,0,0,0,0,0,0,,,,,,,,,,,,,,,0,0,0,0,0,0,0,0,0,0,0,0
'843221,"Disc harrows for use in agriculture, horticulture or forestry",0,0,0,0,0,0,0,0,0,0,0,0,,,,,,,,,,,,,,,0,0,0,0,0,0,0,0,0,0,0,0
'843290,"Parts of agricultural, horticultural or forestry machinery for soil preparation or cultivation ...",0,11,0,0,0,0,9,0,9,0,0,0,,,,,,,,,,,,,,,971,1247,2011,2092,1073,1529,1368,1907,2152,2097,696,1133
'843410,Milking machines,0,0,0,0,0,0,0,0,0,0,0,0,,,,,,,,,,,,,,,0,0,0,0,0,0,0,0,0,0,0,0
'843420,"Dairy machinery (excl. refrigerating or heat treatment equipment, cream separators, clarifying ...",0,0,0,0,0,0,0,0,0,0,0,0,,,,,,,,,,,,,,,0,0,0,0,0,0,0,0,0,0,0,0
'843621,Poultry incubators and brooders,0,0,0,0,0,0,0,0,0,0,0,0,,,,,,,,,,,,,,,0,2,0,6,0,0,1,0,0,19,0,0
'844090,"Parts of bookbinding machinery, n.e.s.",0,0,0,0,3,0,0,0,0,0,0,0,,,,,,,,,,,,,,,15,12,0,0,12,10,3,12,0,3,3,6
'845640,"Machine tools for working any material by removal of material, operated by plasma arc processes",0,1,0,0,0,0,0,0,0,0,0,0,,,,,,,,,,,,,,,0,1,0,0,5,8,0,182,23,0,5,12
'844831,Card clothing for machines for preparing textile fibres,15,53,0,47,33,0,0,0,2,47,5,0,,,,,,,,,,,,,,,83,135,107,101,65,20,6,79,78,158,5,0
'845129,"Drying machines for textile yarns, fabrics or made-up textile articles (excl. machines of a ...",0,0,0,0,0,0,0,0,0,0,0,0,,,,,,,,,,,,,,,0,25,0,30,0,0,0,0,53,7,0,0
'846012,"Flat-surface grinding machines for finishing metal, numerically controlled",0,0,0,0,46,284,0,284,307,235,0,0,,,,,,,,,,,,,,,6669,2093,2572,2894,4400,5776,1968,2968,2504,1965,3895,2503
'845939,"Boring-milling machines for metals, not numerically controlled (excl. way-type unit head machines)",0,46,0,0,43,0,0,0,0,0,0,0,,,,,,,,,,,,,,,97,164,272,437,275,263,492,418,182,190,0,237
'846880,"Machinery and apparatus for welding, not gas-operated (excl. electric machines and apparatus ...",7,0,5,0,2,323,68,0,0,5,0,0,,,,,,,,,,,,,,,115,603,466,152,493,721,423,170,23,160,204,0
'847021,"Electronic calculating machines incorporating a printing device, with mains connection (excl. ...",0,0,0,0,0,0,0,0,0,0,0,0,,,,,,,,,,,,,,,0,1094,391,162,393,97,870,436,347,0,742,732
'846224,Numerically controlled panel benders,0,0,0,0,0,0,0,0,0,0,0,0,,,,,,,,,,,,,,,0,0,0,0,0,0,0,0,0,0,0,0
'391731,"Flexible tubes, pipes and hoses, of plastics, burst pressure >= 27,6 MPa",3,0,4,0,0,0,0,0,0,0,0,0,,,,,,,,,,,,,,,207,277,180,59,193,130,208,130,21,224,47,106
'391890,"Floor coverings of plastics, whether or not self-adhesive, in rolls or in the form of tiles, ...",0,2,0,0,0,0,0,0,2,0,0,0,,,,,,,,,,,,,,,3224,3796,3441,3318,3318,2845,3746,4230,4218,3170,2688,3100
'391211,"Non-plasticised cellulose acetates, in primary forms",0,0,0,0,0,0,0,0,0,0,0,0,,,,,,,,,,,,,,,0,0,0,0,0,0,0,0,0,11,0,0
'391310,"Alginic acid, its salts and esters, in primary forms",0,0,0,0,0,0,0,0,0,0,0,0,,,,,,,,,,,,,,,6,12,2,31,0,0,24,8,0,15,14,35
'391723,"Rigid tubes, pipes and hoses, of polymers of vinyl chloride",0,0,0,0,2,0,0,2,0,0,0,0,,,,,,,,,,,,,,,250,313,675,565,657,438,283,419,160,549,126,331
'400941,"Tubes, pipes and hoses, of vulcanised rubber (excl. hard rubber), reinforced or otherwise combined ...",2,0,0,0,0,0,0,0,0,0,0,0,,,,,,,,,,,,,,,260,216,209,161,108,89,67,143,44,46,237,38
'401031,"Endless transmission belts of trapezoidal cross-section ""V-belts"", of vulcanised rubber, V-ribbed, ...",0,0,0,0,0,0,0,0,0,0,0,0,,,,,,,,,,,,,,,302,256,301,266,296,278,304,288,372,176,259,194
'392210,"Baths, shower-baths, sinks and washbasins, of plastics",0,0,0,0,0,3,0,0,0,0,0,0,,,,,,,,,,,,,,,23,70,15,21,14,28,26,28,39,29,20,57
'381300,Preparations and charges for fire-extinguishers; charged fire-extinguishing grenades (excl. ...,0,0,0,0,0,0,0,0,0,0,0,0,,,,,,,,,,,,,,,9,31,8,13,6,0,0,31,0,6,13,2
'382569,"Wastes from chemical or allied industries (excl. wastes of metal pickling liquors, of hydraulic ...",0,0,0,0,0,0,0,0,0,0,0,0,,,,,,,,,,,,,,,0,0,0,0,0,1867,1360,0,0,2271,5261,749
'382731,"Mixtures containing hydrochlorofluorocarbons ""HCFCs"" and substances of subheadings 2903.41 ...",0,0,0,0,0,0,0,0,0,0,0,0,,,,,,,,,,,,,,,0,0,0,0,0,0,0,0,0,0,0,0
'382751,"Mixtures containing trifluoromethane ""HFC-23"" (excl. containing chlorofluorocarbons ""CFCs"" ...",0,0,0,0,0,0,0,0,0,0,0,0,,,,,,,,,,,,,,,0,0,0,0,0,0,0,0,0,0,0,0
'382763,"Mixtures containing other hydrofluorocarbons ""HFCs"" than in subheadings of 3827 till 3827.59, ...",0,0,0,0,0,0,0,0,0,0,0,0,,,,,,,,,,,,,,,220,685,472,32,489,541,308,178,94,106,1,565
'360410,Fireworks,0,0,0,0,0,0,0,0,0,0,0,0,,,,,,,,,,,,,,,194,0,40,235,0,0,0,0,0,0,0,0
'360610,Liquid or liquefied-gas fuels in containers of a kind used for filling or refilling cigarette ...,0,0,0,0,0,0,0,0,0,0,0,0,,,,,,,,,,,,,,,0,0,0,0,0,0,0,0,0,0,0,0
'370110,"Photographic plates and film in the flat, sensitised, unexposed, for X-ray (excl. of paper, ...",0,0,0,0,0,2,0,0,0,0,0,0,,,,,,,,,,,,,,,0,0,31,0,0,38,38,2,0,0,0,0
'370253,"Photographic film, sensitised, in rolls, unexposed, with perforations, for colour photography ...",0,0,0,0,0,0,0,0,0,0,0,0,,,,,,,,,,,,,,,0,0,0,0,0,0,0,0,0,0,0,0
'370297,"Photographic film, sensitised, in rolls, unexposed, with perforations, for monochrome photography, ...",0,0,0,0,0,0,0,0,0,0,0,0,,,,,,,,,,,,,,,0,0,0,0,0,0,0,0,0,0,0,0
'380300,"Tall oil, whether or not refined",0,0,0,0,0,0,0,0,0,0,0,0,,,,,,,,,,,,,,,0,0,0,1,3,0,0,0,0,0,0,0
'381119,Anti-knock preparations for motor fuels (excl. those based on lead compounds),0,0,0,0,0,0,0,0,0,0,0,0,,,,,,,,,,,,,,,0,0,0,0,0,0,0,0,0,0,0,0
'330491,"Make-up or skin care powders, incl. baby powders, whether or not compressed (excl. medicaments)",28,0,36,23,7,0,15,23,0,37,0,0,,,,,,,,,,,,,,,1992,3105,2494,1864,1742,1776,1488,2410,1615,3277,2085,2050
'321310,"Sets of artist's, student's or signboard painter's colours, modifying tints, amusement colours ...",0,0,0,0,0,0,0,0,0,0,0,0,,,,,,,,,,,,,,,112,153,155,138,179,107,58,94,104,71,56,61
'300390,Medicaments consisting of two or more constituents mixed together for therapeutic or prophylactic ...,0,0,0,0,0,0,0,0,0,0,0,0,,,,,,,,,,,,,,,1493,1034,955,1009,1167,567,527,889,1093,969,869,403
'300610,"Sterile surgical catgut, similar sterile suture materials, incl. sterile absorbable surgical ...",2,0,0,0,9,0,0,0,0,0,0,0,,,,,,,,,,,,,,,289,607,688,494,659,266,365,326,414,560,201,447
'320415,"Synthetic organic vat dyes, incl. those usable in that state as pigments; preparations based ...",0,0,0,0,0,0,0,0,0,0,0,0,,,,,,,,,,,,,,,0,0,0,0,39,0,0,0,40,30,7,16
'310290,Mineral or chemical nitrogen fertilisers (excl. urea; ammonium sulphate; ammonium nitrate; ...,0,0,0,0,0,0,0,0,0,0,0,0,,,,,,,,,,,,,,,0,0,0,4,0,0,0,0,0,0,0,0
'310540,"Ammonium dihydrogenorthophosphate ""monoammonium phosphate"", whether or not mixed with diammonium ...",0,0,0,0,0,0,0,0,0,0,0,0,,,,,,,,,,,,,,,0,0,0,0,0,6,0,0,57,0,0,0
'310560,Mineral or chemical fertilisers containing the two fertilising elements phosphorus and potassium ...,0,0,0,0,0,0,0,0,0,0,0,0,,,,,,,,,,,,,,,0,0,0,0,0,0,0,0,0,0,0,0
'293070,Bis(2-hydroxyethyl)sulfide (thiodiglycol (INN)),0,0,0,0,0,0,0,0,0,0,0,0,,,,,,,,,,,,,,,0,0,0,0,0,0,0,0,0,2,0,0
'291813,Salts and esters of tartaric acid,0,0,2,0,0,0,2,0,0,3,0,0,,,,,,,,,,,,,,,0,10,2,3,16,2,2,0,3,5,4,7
'292211,Monoethanolamine and its salts,0,0,0,0,0,0,0,0,0,0,0,0,,,,,,,,,,,,,,,301,147,118,47,47,106,72,66,158,94,96,272
'292250,"Amino-alcohol-phenols, amino-acid-phenols and other amino-compounds with oxygen function (excl. ...",0,0,0,1,0,0,0,4,0,0,0,0,,,,,,,,,,,,,,,771,2065,859,1768,1268,1322,1495,877,918,1191,1350,1657
'292429,"Cyclic amides, incl. cyclic carbamates, and their derivatives; salts thereof (excl. ureines ...",0,3,0,0,0,4,0,0,0,0,0,0,,,,,,,,,,,,,,,1469,1994,1727,1363,1890,1659,2205,1424,2296,1368,1394,1797
'293491,"Aminorex ""INN"", brotizolam ""INN"", clotiazepam ""INN"", cloxazolam ""INN"", dextromoramide ""INN"", ...",0,0,0,0,0,0,0,0,0,0,0,0,,,,,,,,,,,,,,,0,70,0,0,0,0,0,0,0,0,0,0
'293627,"Vitamin C and its derivatives, used primarily as vitamins",0,0,0,0,0,0,0,0,0,0,0,0,,,,,,,,,,,,,,,0,0,0,4,0,0,0,0,90,6,0,0
'293790,"Hormones, natural or reproduced by synthesis; derivatives and structural analogues thereof, ...",0,0,0,0,0,0,0,0,1,0,0,0,,,,,,,,,,,,,,,1267,2217,4290,425,6237,1911,551,0,117,1301,3441,905
'294110,Penicillins and their derivatives with a penicillanic acid structure; salts thereof,0,0,6,0,0,0,0,0,0,0,0,0,,,,,,,,,,,,,,,0,0,6,0,0,0,0,0,0,0,0,0
'294190,"Antibiotics (excl. penicillins and their derivatives with a penicillanic acid structure, salts ...",278,0,262,0,0,158,178,0,0,158,0,0,,,,,,,,,,,,,,,1491,979,1182,713,451,777,765,775,209,522,890,29
'293331,Pyridine and its salts,0,0,0,0,0,0,0,0,0,0,0,0,,,,,,,,,,,,,,,0,0,24,27,30,49,0,23,19,49,0,16
'293332,Piperidine and its salts,0,0,0,0,0,0,0,0,0,0,0,0,,,,,,,,,,,,,,,0,0,0,0,2,0,0,0,0,0,0,0
'293341,"Levorphanol ""INN"" and its salts",0,0,0,0,0,0,0,0,0,0,0,0,,,,,,,,,,,,,,,0,0,0,0,0,0,0,0,0,0,0,0
'410390,"Raw hides and skins, fresh, or salted, dried, limed, pickled or otherwise preserved, whether ...",0,0,0,0,0,0,0,0,0,0,0,0,,,,,,,,,,,,,,,16,16,0,0,0,0,10,0,26,41,0,15
'410640,"Tanned or crust hides and skins of reptiles, whether or not split (excl. further prepared)",0,0,0,0,0,0,0,0,0,0,0,0,,,,,,,,,,,,,,,0,0,0,0,0,2,35,0,0,0,0,0
'420219,"Trunks, suitcases, vanity cases, executive-cases, briefcases, school satchels and similar containers ...",0,0,0,0,0,0,0,0,0,0,0,0,,,,,,,,,,,,,,,209,406,198,217,288,319,342,151,232,150,221,212
'420229,"Handbags, whether or not with shoulder strap, incl. those without handle, with outer surface ...",0,0,0,0,0,0,1,0,0,0,0,0,,,,,,,,,,,,,,,594,578,675,386,444,554,561,407,264,571,218,734
'420231,"Wallets, purses, key-pouches, cigarette-cases, tobacco-pouches and similar articles carried ...",0,0,0,0,0,0,0,0,0,0,0,0,,,,,,,,,,,,,,,485,426,726,572,740,1035,467,879,366,460,589,684
'480810,"Corrugated paper and paperboard ""with or without glued flat surface sheets"", whether or not ...",4,4,9,10,7,4,7,0,0,0,0,0,,,,,,,,,,,,,,,29,52,47,54,67,25,58,46,43,42,33,43
'481022,"Lightweight coated paper used for writing, printing or other graphic purposes, total weight ...",0,0,0,0,0,0,0,0,0,0,0,0,,,,,,,,,,,,,,,1,0,0,19,28,0,0,2,2,0,0,2
'420321,"Specially designed gloves for use in sport, of leather or composition leather",0,0,0,0,0,0,0,0,0,0,0,0,,,,,,,,,,,,,,,72,15,236,9,67,102,25,68,186,37,24,36
'430220,"Heads, tails, paws and other pieces or cuttings of tanned or dressed furskins, not assembled",0,0,0,0,0,0,0,0,0,0,0,0,,,,,,,,,,,,,,,0,0,0,0,0,0,0,0,0,0,0,0
'440122,"Wood in chips or particles (excl. those of a kind used principally for dyeing or tanning purposes, ...",0,0,0,0,0,0,0,0,0,0,1,0,,,,,,,,,,,,,,,0,1,0,0,0,0,35,0,0,0,1,1
'440341,"Dark red meranti, light red meranti and meranti bakau wood in the rough, whether or not stripped ...",0,0,0,0,0,0,0,0,0,0,0,0,,,,,,,,,,,,,,,0,0,0,0,0,0,0,0,0,0,0,0
'440719,"Coniferous wood sawn or chipped lengthwise, sliced or peeled, whether or not planed, sanded ...",0,0,0,0,0,0,0,0,0,0,0,0,,,,,,,,,,,,,,,57,46,0,45,0,36,44,43,3,5,18,66
'441192,"Fibreboard of wood or other ligneous materials, whether or not agglomerated with resins or ...",0,0,0,0,0,0,0,0,0,0,0,0,,,,,,,,,,,,,,,0,15,6,0,6,11,0,0,0,0,3,0
'441193,"Fibreboard of wood or other ligneous materials, whether or not agglomerated with resins or ...",0,0,0,0,0,0,4,0,0,0,0,0,,,,,,,,,,,,,,,214,303,373,264,476,273,87,225,191,33,261,271
'441811,"Windows, French windows and their frames, of tropical wood",0,0,0,0,0,0,0,0,0,0,0,0,,,,,,,,,,,,,,,0,0,0,0,0,0,0,0,0,0,0,0
'441821,"Doors and their frames and thresholds, of tropical wood",0,0,0,0,0,0,0,0,0,0,0,0,,,,,,,,,,,,,,,0,0,0,0,0,0,0,0,0,0,0,7
'441850,"Shingles and shakes, of wood",0,0,0,0,0,0,0,0,0,0,0,0,,,,,,,,,,,,,,,0,0,0,0,0,0,0,0,0,0,0,0
'441920,"Tableware and kitchenware, of tropical wood (excl. interior fittings, ornaments, coopers' products, ...",0,0,0,0,0,0,0,0,0,0,0,0,,,,,,,,,,,,,,,0,0,0,0,0,0,0,0,0,0,0,0
'460129,"Mats, matting and screens, of vegetable plaiting materials, flat-woven or bound together in ...",0,0,0,0,0,0,7,0,0,0,0,0,,,,,,,,,,,,,,,0,34,15,28,10,19,41,2,4,26,19,33
'470200,"Chemical wood pulp, dissolving grades",0,0,0,0,0,0,0,3,0,0,0,0,,,,,,,,,,,,,,,0,0,0,0,0,0,0,3,0,0,0,0
'482020,Exercise books of paper or paperboard,0,0,0,0,0,0,0,0,0,0,0,0,,,,,,,,,,,,,,,0,0,0,4,11,9,7,5,0,11,0,0
'482050,"Albums for samples or collections, of paper or paperboard",0,0,0,0,0,0,0,0,0,0,0,0,,,,,,,,,,,,,,,1,0,7,3,1,4,1,6,9,0,3,0
'482361,"Trays, dishes, plates, cups and the like, of bamboo paper or bamboo paperboard",0,0,0,0,0,0,0,0,0,0,0,0,,,,,,,,,,,,,,,281,290,87,437,448,24,38,65,0,11,29,2
'491000,"Calendars of any kinds, printed, incl. calendars blocks",0,0,0,0,0,30,0,7,2,2,0,0,,,,,,,,,,,,,,,2,0,429,287,108,211,252,244,159,72,36,28
'510121,"Shorn wool, degreased, non-carbonised, neither carded nor combed",0,0,0,0,0,0,0,0,0,0,0,0,,,,,,,,,,,,,,,0,0,6,0,0,0,0,0,0,0,0,0
'480449,"Kraft paper and paperboard, uncoated, in rolls of a width > 36 cm or in square or rectangular ...",0,0,0,0,0,0,0,0,0,0,0,0,,,,,,,,,,,,,,,43,9,37,9,0,0,0,0,0,2,0,17
'481720,"Letter cards, plain postcards and correspondence cards, of paper or paperboard (excl. those ...",0,0,0,0,0,0,0,0,0,1,0,0,,,,,,,,,,,,,,,8,0,0,1,16,0,1,59,21,2,0,8
'510820,Combed yarn of fine animal hair (excl. that of wool and that put up for retail sale),0,0,0,0,0,0,0,0,4,0,0,0,,,,,,,,,,,,,,,59,80,15,34,8,0,0,0,27,0,0,27
'510990,"Yarn containing predominantly, but < 85% wool or fine animal hair by weight, put up for retail ...",0,0,0,0,0,0,0,0,0,0,0,0,,,,,,,,,,,,,,,182,107,120,247,52,81,151,146,203,143,76,349
'511000,"Yarn of coarse animal hair or of horsehair, incl. gimped horsehair yarn, whether or not put ...",0,0,0,0,0,0,0,0,0,0,0,0,,,,,,,,,,,,,,,0,0,0,0,2,0,0,2,0,0,0,0
'520521,"Single cotton yarn, of combed fibres, containing >= 85% cotton by weight and with a linear ...",0,0,0,0,0,0,0,0,0,0,0,0,,,,,,,,,,,,,,,9,0,80,49,0,48,0,0,15,0,0,39
'520524,"Single cotton yarn, of combed fibres, containing >= 85% cotton by weight and with a linear ...",0,0,0,0,0,0,0,0,0,0,0,0,,,,,,,,,,,,,,,0,0,0,0,0,0,0,0,0,0,0,0
'520544,"Multiple ""folded"" or cabled cotton yarn, of combed fibres, containing >= 85% cotton by weight ...",0,0,0,0,0,0,0,0,0,0,0,0,,,,,,,,,,,,,,,0,0,0,0,0,0,0,0,0,0,0,0
'520621,"Single cotton yarn containing predominantly, but < 85% cotton by weight, of combed fibres and ...",0,0,0,0,0,0,0,0,0,0,0,0,,,,,,,,,,,,,,,0,0,0,0,0,0,0,0,0,0,0,0
'520624,"Single cotton yarn containing predominantly, but < 85% cotton by weight, of combed fibres and ...",0,0,0,0,0,0,0,0,0,0,0,0,,,,,,,,,,,,,,,0,0,3,0,2,9,0,0,0,0,0,55
'520812,"Plain woven fabrics of cotton, containing >= 85% cotton by weight and weighing > 100 g to 200 ...",0,0,0,0,0,0,0,0,0,0,0,0,,,,,,,,,,,,,,,0,0,12,29,0,8,0,0,0,2,0,0
'551632,"Woven fabrics containing predominantly, but < 85% artificial staple fibres by weight, mixed ...",0,37,0,0,0,0,0,0,0,0,0,0,,,,,,,,,,,,,,,7,42,24,0,0,0,43,16,0,10,0,0
'551633,"Woven fabrics containing predominantly, but < 85% artificial staple fibres by weight, mixed ...",0,0,0,0,0,0,0,0,0,0,0,0,,,,,,,,,,,,,,,0,0,0,0,0,0,0,0,0,0,0,0
'551691,"Woven fabrics containing predominantly, but < 85% artificial staple fibres by weight, other ...",0,0,0,0,0,0,0,0,0,0,0,0,,,,,,,,,,,,,,,5,79,26,21,37,73,9,86,85,18,6,100
'551694,"Woven fabrics containing predominantly, but < 85% artificial staple fibres by weight, other ...",0,0,0,0,0,0,0,0,0,0,0,0,,,,,,,,,,,,,,,0,19,0,23,0,30,0,0,29,0,0,0
'550130,"Filament tow as specified in Note 1 to chapter 55, acrylic or modacrylic",0,0,0,0,0,0,0,0,0,0,0,0,,,,,,,,,,,,,,,0,3,3,0,21,7,6,5,0,0,0,14
'550190,"Synthetic filament tow as specified in Note 1 to chapter 55 (excl. that of acrylic, modacrylic, ...",0,0,0,0,0,0,0,0,0,0,0,0,,,,,,,,,,,,,,,26,6,51,6,3,0,6,7,10,38,3,5
'550210,"Artificial filament tow as specified in Note 1 to chapter 55, of acetate",0,0,0,0,0,0,0,0,0,0,0,0,,,,,,,,,,,,,,,0,84,0,0,0,0,0,0,0,0,0,0
'550319,"Staple fibres of nylon or other polyamides, not carded, combed or otherwise processed for spinning ...",80,0,0,0,0,0,0,0,0,0,0,0,,,,,,,,,,,,,,,541,793,644,539,479,652,391,424,535,741,844,892
'550410,"Staple fibres of viscose rayon, not carded, combed or otherwise processed for spinning",599,987,205,0,0,0,0,0,0,0,0,0,,,,,,,,,,,,,,,1025,1255,275,0,0,8,124,38,0,79,0,0
'550690,"Synthetic staple fibres carded, combed or otherwise processed for spinning (excl. acrylic, ...",0,0,0,0,0,0,0,0,0,0,0,0,,,,,,,,,,,,,,,0,0,2,0,1,0,0,0,0,0,3,0
'540349,"Multiple ""folded"" or cabled artificial filament yarn, incl. artificial monofilament of < 67 ...",0,0,0,0,0,0,0,0,0,0,0,0,,,,,,,,,,,,,,,0,0,0,0,2,0,0,0,0,4,0,0
'560500,"Metallised yarn, whether or not gimped, being textile yarn, or strip or the like of heading ...",0,0,0,0,7,0,0,0,0,2,0,0,,,,,,,,,,,,,,,6,203,124,99,112,135,116,87,166,19,93,104
'530820,Hemp yarn,0,0,0,0,0,0,0,0,0,0,0,0,,,,,,,,,,,,,,,0,0,1,0,0,1,0,0,0,0,1,2
'530890,"Yarn of vegetable textile fibres (excl. flax yarn, yarn of jute or of other textile bast fibres ...",0,0,0,0,0,0,0,2,0,0,0,0,,,,,,,,,,,,,,,116,167,104,60,19,10,10,65,182,124,105,59
'520851,"Plain woven fabrics of cotton, containing >= 85% cotton by weight and weighing <= 100 g/m_, ...",0,0,0,0,0,0,0,0,0,0,0,0,,,,,,,,,,,,,,,0,1,0,0,0,0,0,0,0,1,0,0
'520943,"Woven fabrics of cotton, containing >= 85% cotton by weight and weighing > 200 g/m_, in three-thread ...",0,0,0,0,0,0,0,0,0,0,0,0,,,,,,,,,,,,,,,0,0,0,0,0,0,0,43,1,5,54,141
'521021,"Plain woven fabrics of cotton, containing predominantly, but < 85% cotton by weight, mixed ...",0,0,0,0,0,0,0,0,4,0,0,0,,,,,,,,,,,,,,,0,0,0,0,0,0,0,0,4,0,0,0
'521032,"Woven fabrics of cotton, containing predominantly, but < 85% cotton by weight, mixed principally ...",0,0,0,0,0,0,0,0,0,0,0,0,,,,,,,,,,,,,,,0,0,0,0,0,0,0,0,0,0,27,0
'550999,"Yarn containing predominantly, but < 85% synthetic staple fibres by weight, other than that ...",0,0,0,59,0,0,0,55,12,0,0,0,,,,,,,,,,,,,,,301,458,126,319,225,169,241,340,253,376,168,323
'551229,"Woven fabrics containing >= 85% acrylic or modacrylic staple fibres by weight, dyed, made of ...",24,0,12,6,2,26,14,0,0,0,0,0,,,,,,,,,,,,,,,24,0,21,17,43,27,14,0,4,0,10,0
'551339,"Woven fabrics containing predominantly, but < 85% synthetic staple fibres by weight, mixed ...",0,29,48,0,83,103,83,0,0,0,0,0,,,,,,,,,,,,,,,20,32,81,2,83,107,83,0,9,26,0,19
'551511,"Woven fabrics containing predominantly, but < 85% polyester staple fibres by weight, mixed ...",44,41,0,15,0,0,0,39,0,0,0,0,,,,,,,,,,,,,,,128,150,47,79,178,193,155,452,299,239,263,204
'551521,"Woven fabrics containing predominantly, but < 85% acrylic or modacrylic staple fibres by weight, ...",0,0,0,0,0,0,0,0,0,24,127,0,,,,,,,,,,,,,,,0,0,26,22,0,0,5,48,0,24,127,0
'551529,"Woven fabrics containing predominantly, but < 85% acrylic or modacrylic staple fibres by weight, ...",0,0,0,0,0,0,0,0,0,0,0,0,,,,,,,,,,,,,,,0,0,0,6,0,0,4,0,0,0,0,3
'551591,"Woven fabrics containing predominantly, but < 85% synthetic staple fibres, mixed principally ...",135,3,3,0,2,0,5,7,2,0,0,0,,,,,,,,,,,,,,,167,54,67,33,75,44,61,89,91,30,10,62
'283660,Barium carbonate,0,0,0,0,0,0,0,0,0,0,0,0,,,,,,,,,,,,,,,0,3,0,6,3,0,55,22,26,8,0,0
'281410,Anhydrous ammonia,0,0,0,0,0,0,0,0,0,0,0,0,,,,,,,,,,,,,,,175,167,134,164,146,199,164,252,82,195,88,117
'281530,Peroxides of sodium or potassium,0,0,0,0,0,0,0,0,0,0,0,0,,,,,,,,,,,,,,,0,0,0,0,0,0,0,0,0,0,0,0
'282530,Vanadium oxides and hydroxides,0,0,0,0,0,0,0,0,0,0,0,0,,,,,,,,,,,,,,,922,399,527,217,497,706,195,941,0,1215,478,492
'282690,"Fluorosilicates, fluoroaluminates and other complex fluorine salts (excl. sodium hexafluoroaluminate ...",0,0,0,0,0,0,0,0,0,0,0,0,,,,,,,,,,,,,,,60,105,103,39,107,67,89,96,84,44,126,43
'282749,Chloride oxides and chloride hydroxides (excl. copper and mercury),0,0,0,0,0,0,0,0,0,0,0,0,,,,,,,,,,,,,,,0,0,0,6,17,0,0,0,0,0,0,0
'282810,"Calcium hypochlorites, incl. commercial calcium hypochlorite",0,0,0,0,0,0,0,0,0,0,0,0,,,,,,,,,,,,,,,3,2,0,5,4,0,0,0,1,0,0,0
'283110,Dithionite and sulfoxylate of sodium,102,93,81,0,85,101,15,113,97,32,74,0,,,,,,,,,,,,,,,331,184,155,218,183,265,294,334,333,253,298,146
'283220,Sulphites (excl. sodium),2,0,0,0,0,0,0,0,0,0,0,0,,,,,,,,,,,,,,,2,0,0,3,0,3,0,0,0,14,1,1
'283319,Sodium sulphates (excl. disodium),19,0,6,0,0,5,0,0,0,0,0,0,,,,,,,,,,,,,,,19,42,10,1,42,5,0,0,42,1,0,0
'283322,Sulphate of aluminium,0,0,0,0,0,0,0,0,0,0,0,0,,,,,,,,,,,,,,,29,69,15,36,21,7,37,36,37,8,22,31
'283340,"Peroxosulphates ""persulphates""",0,0,0,0,0,0,0,0,0,0,0,0,,,,,,,,,,,,,,,140,268,170,77,89,163,75,91,108,225,91,167
'283525,"Calcium hydrogenorthophosphate ""dicalcium phosphate""",0,0,0,0,0,0,0,0,0,0,0,0,,,,,,,,,,,,,,,6,0,0,0,0,0,0,4,0,0,0,0
'283526,"Phosphates of calcium (excl. calcium hydrogenorthophosphate ""dicalcium phosphate"")",0,0,0,0,0,0,0,0,0,0,0,0,,,,,,,,,,,,,,,0,0,0,0,0,0,24,0,0,0,0,0
'283531,"Sodium triphosphate ""sodium tripolyphosphate"", whether or not chemically defined",0,0,0,0,0,0,0,0,0,0,0,0,,,,,,,,,,,,,,,3,14,65,9,27,31,45,14,7,0,0,25
'290811,"Pentachlorophenol ""ISO""",0,0,0,0,0,0,0,0,0,0,0,0,,,,,,,,,,,,,,,0,0,0,0,0,0,0,0,0,0,0,0
'291211,"Methanal ""formaldehyde""",0,11,0,10,0,10,0,0,0,0,0,0,,,,,,,,,,,,,,,104,96,151,148,63,87,13,278,80,55,35,65
'291462,"Coenzyme Q10 ""ubidecarenone ""INN""""",0,0,0,0,0,0,0,0,0,0,0,0,,,,,,,,,,,,,,,224,0,861,0,519,601,370,309,224,533,618,246
'291513,Esters of formic acid,0,0,0,0,0,0,0,0,0,0,0,0,,,,,,,,,,,,,,,0,0,0,0,0,0,0,0,0,0,0,0
'290542,Pentaerythritol,0,0,0,0,61,63,25,75,74,72,49,0,,,,,,,,,,,,,,,3323,3821,4460,3851,3995,2902,3345,3434,4387,4885,2725,3235
'290543,Mannitol,0,0,0,0,0,0,0,0,0,0,0,0,,,,,,,,,,,,,,,0,0,0,0,0,3,0,0,0,0,0,0
'290619,"Cyclanic, cyclenic or cycloterpenic alcohols and their halogenated, sulphonated, nitrated or ...",0,0,0,0,0,0,15,0,0,0,0,0,,,,,,,,,,,,,,,111,128,148,132,64,93,71,94,91,187,20,186
'290110,Saturated acyclic hydrocarbons,0,16,0,30,15,30,0,44,30,15,0,0,,,,,,,,,,,,,,,1217,1733,48,75,59,34,5,44,34,148,18,3
'290121,Ethylene,0,0,0,0,0,0,0,0,0,0,0,0,,,,,,,,,,,,,,,4084,3,14,2536,0,0,2,14,0,0,13,0
'290124,"Buta-1,3-diene and isoprene",0,0,0,0,0,0,0,0,0,0,0,0,,,,,,,,,,,,,,,2801,6159,11844,12149,10077,7818,4418,2908,10546,3714,469,4785
'290220,Benzene,0,0,0,0,0,0,0,0,0,0,0,0,,,,,,,,,,,,,,,0,4052,0,0,0,0,0,0,0,0,0,0
'290242,m-Xylene,0,0,0,0,0,0,0,0,0,0,0,0,,,,,,,,,,,,,,,0,0,0,0,0,0,0,0,0,5699,0,0
'290243,p-Xylene,0,0,0,0,0,0,0,0,0,0,0,0,,,,,,,,,,,,,,,66374,104686,85809,80319,129976,93517,62635,96903,92519,83696,96039,168470
'250490,Natural graphite (excl. in powder or in flakes),0,0,0,0,0,0,0,0,0,0,0,0,,,,,,,,,,,,,,,7,0,19,11,24,9,4,7,8,0,25,0
'251320,"Emery; natural corundum, natural garnet and other natural abrasives, whether or not heat-treated",0,0,2,0,3,0,4,0,0,0,0,0,,,,,,,,,,,,,,,3,13,4,4,6,4,5,1,11,0,0,0
'251520,Ecaussine and other calcareous monumental or building stone of an apparent specific gravity ...,0,0,0,0,0,0,0,0,0,0,0,0,,,,,,,,,,,,,,,2,0,0,0,0,0,0,0,0,0,0,0
'251810,"Crude dolomite, not calcined or not sintered, incl. dolomite roughly trimmed or merely cut, ...",0,0,0,0,0,0,0,0,0,0,0,0,,,,,,,,,,,,,,,12,0,14,0,0,0,14,17,0,22,0,8
'220110,"Mineral waters and aerated waters, not containing added sugar, other sweetening matter or flavoured",0,11,14,14,0,0,0,0,14,0,0,0,,,,,,,,,,,,,,,188,299,153,167,151,115,169,144,161,241,81,307
'220422,"Wine of fresh grapes, incl. fortified wines, and grape must whose fermentation has been arrested ...",0,0,0,0,0,0,0,0,0,0,0,0,,,,,,,,,,,,,,,0,0,0,0,0,0,0,0,0,0,3,14
'220710,"Undenatured ethyl alcohol, of actual alcoholic strength of >= 80%",0,0,0,0,0,0,0,0,0,0,0,0,,,,,,,,,,,,,,,0,0,0,1,0,0,58,0,17,0,0,0
'220820,Spirits obtained by distilling grape wine or grape marc,0,0,702,0,0,0,18,6,0,0,0,0,,,,,,,,,,,,,,,496,61,2117,1385,1879,2310,151,90,2219,2864,72,73
'220840,Rum and other spirits obtained by distilling fermented sugar-cane products,0,0,0,0,0,0,0,0,0,0,0,0,,,,,,,,,,,,,,,0,2,19,0,6,1,0,0,6,4,9,0
'230800,"Acorns, horse-chestnuts, marc and other vegetable materials and vegetable waste, vegetable ...",0,0,0,35,189,0,0,188,0,0,0,0,,,,,,,,,,,,,,,62,51,39,35,224,68,51,232,46,102,302,55
'230910,"Dog or cat food, put up for retail sale",0,0,0,0,0,0,9,0,0,0,0,0,,,,,,,,,,,,,,,1804,2407,1900,1869,2220,2264,1661,2096,2501,2037,1617,1856
'240492,"Nicotine containing products intended for the intake of nicotine into the human body, for transdermal ...",0,0,0,0,0,0,0,0,0,0,0,0,,,,,,,,,,,,,,,0,0,0,0,0,0,0,0,0,0,0,0
'252020,"Plasters consisting of calcined gypsum or calcium sulphate, whether or not coloured, with or ...",0,0,0,0,0,0,6,0,0,0,0,0,,,,,,,,,,,,,,,8,2,9,0,0,6,6,0,1,0,0,0
'252329,"Portland cement (excl. white, whether or not artificially coloured)",0,0,0,0,2,0,0,0,0,0,0,0,,,,,,,,,,,,,,,904,0,1032,472,382,864,482,468,927,389,925,532
'252330,Aluminous cement,0,0,0,0,0,0,0,0,0,0,0,0,,,,,,,,,,,,,,,0,0,0,15,0,0,0,0,0,9,0,0
'260600,Aluminium ores and concentrates,16,0,263,19,156,0,17,0,0,0,0,0,,,,,,,,,,,,,,,16,0,263,19,156,12,17,0,0,4,0,0
'260700,Lead ores and concentrates,0,0,0,0,0,0,0,0,0,0,0,0,,,,,,,,,,,,,,,120,1,0,114,0,0,0,0,136,0,0,0
'262190,"Slag and ash, incl. seaweed ash ""kelp"" (excl. slag, incl. granulated, from the manufacture ...",0,0,5,0,0,0,0,0,0,0,0,0,,,,,,,,,,,,,,,0,0,5,0,0,0,0,0,0,0,0,0
'270119,"Coal, whether or not pulverised, non-agglomerated (excl. anthracite and bituminous coal)",7,0,0,8,8,0,0,8,0,13,0,0,,,,,,,,,,,,,,,7,0,0,8,8,0,0,8,0,13,0,0
'270120,"Briquettes, ovoids and similar solid fuels manufactured from coal",0,4,0,0,0,0,0,0,0,0,0,0,,,,,,,,,,,,,,,0,4,0,0,0,0,0,0,0,0,0,0
'270740,Naphthalene containing > 50% of naphthalene (excl. chemically defined),0,0,0,6,0,0,0,0,0,0,0,0,,,,,,,,,,,,,,,28,238,28,17,243,13,29,0,3,228,0,6
'270791,Creosote oils (excl. chemically defined),11,7,0,0,0,0,0,0,0,0,0,0,,,,,,,,,,,,,,,3205,3239,3019,1558,2924,2897,1402,2727,2508,1312,1384,1285
'270810,Pitch obtained from coal tar or from other mineral tars,0,0,0,2,0,0,0,0,0,0,0,0,,,,,,,,,,,,,,,4598,65,4561,140,6094,5,6243,191,6243,54,3899,154
'271111,"Natural gas, liquefied",0,0,0,0,0,0,0,0,0,0,0,0,,,,,,,,,,,,,,,0,0,0,0,0,0,0,0,0,0,0,0
'271112,"Propane, liquefied",0,0,0,0,0,0,0,0,0,0,0,0,,,,,,,,,,,,,,,0,0,0,0,0,0,59,0,0,0,0,0
'280450,Boron; tellurium,0,0,0,0,0,0,0,0,0,0,0,0,,,,,,,,,,,,,,,25,31,38,0,31,0,0,0,0,0,0,0
'280480,Arsenic,0,0,0,0,0,0,0,0,0,0,0,0,,,,,,,,,,,,,,,0,0,0,0,0,0,0,0,0,0,0,0
'280530,"Rare-earth metals, scandium and yttrium, whether or not intermixed or interalloyed",0,0,0,0,0,0,0,0,0,0,0,0,,,,,,,,,,,,,,,1,12,34,37,11,13,0,0,66,0,0,116
'280800,Nitric acid; sulphonitric acids,0,0,0,0,0,0,0,0,0,0,2,0,,,,,,,,,,,,,,,331,475,395,282,468,410,276,275,248,395,200,288
'280910,Diphosphorus pentaoxide,0,0,0,0,0,0,0,0,0,0,0,0,,,,,,,,,,,,,,,0,0,0,0,0,0,0,0,0,0,0,0
'180620,"Chocolate and other food preparations containing cocoa, in blocks, slabs or bars weighing > ...",0,0,0,0,0,0,0,0,0,0,0,0,,,,,,,,,,,,,,,0,5,14,11,24,0,58,5,12,19,20,19
'151010,"Crude olive pomace oil ""EU cat. 6"", obtained solely from olives, untreated",0,0,0,0,0,0,0,0,0,0,0,0,,,,,,,,,,,,,,,0,0,0,0,0,0,0,0,0,0,0,0
'151219,"Sunflower-seed or safflower oil and their fractions, whether or not refined, but not chemically ...",0,0,0,0,0,0,0,0,0,0,0,0,,,,,,,,,,,,,,,0,14,0,0,0,27,12,25,3,4,25,1
'160530,"Lobster, prepared or preserved (excl. smoked)",0,0,0,0,0,0,0,0,0,0,0,0,,,,,,,,,,,,,,,9,14,0,45,37,43,21,43,54,2,0,11
'160554,"Cuttlefish and squid, prepared or preserved (excl. smoked)",0,0,0,0,0,0,0,0,0,0,0,0,,,,,,,,,,,,,,,1096,856,1475,1097,942,1337,1174,1696,1434,1331,917,1411
'160555,"Octopus, prepared or preserved (excl. smoked)",0,0,0,0,0,0,0,0,0,0,0,0,,,,,,,,,,,,,,,19,124,33,24,25,219,38,29,186,78,2,391
'170240,"Glucose in solid form and glucose syrup, not containing added flavouring or colouring matter, ...",0,0,0,0,0,0,0,0,0,0,0,0,,,,,,,,,,,,,,,0,0,0,0,1,0,0,0,0,0,0,1
'180320,"Cocoa paste, wholly or partly defatted",0,0,0,0,0,0,0,0,0,0,0,0,,,,,,,,,,,,,,,0,0,0,0,0,0,0,0,0,0,0,0
'190430,"Bulgur wheat in the form of worked grains, obtained by cooking hard wheat grains",0,0,0,0,0,0,0,0,0,0,0,0,,,,,,,,,,,,,,,0,0,0,0,0,0,0,0,0,0,0,0
'200490,"Vegetables and mixtures of vegetables, prepared or preserved otherwise than by vinegar or acetic ...",0,0,0,0,0,0,0,0,0,0,0,0,,,,,,,,,,,,,,,632,2274,1363,1659,1194,1357,850,1609,1274,1078,757,1449
'200551,"Shelled beans ""Vigna spp., Phaseolus spp."", prepared or preserved otherwise than by vinegar ...",0,0,0,0,0,0,0,0,0,0,0,0,,,,,,,,,,,,,,,43,257,109,81,36,66,152,57,135,62,110,25
'200560,"Asparagus, prepared or preserved otherwise than by vinegar or acetic acid (excl. frozen)",0,0,0,0,0,0,0,0,0,0,0,0,,,,,,,,,,,,,,,0,0,0,0,0,0,0,0,0,0,0,0
'200893,"Cranberries ""Vaccinium macrocarpon, Vaccinium oxycoccos"" and lingonberries ""Vaccinium vitis-idaea"", ...",0,0,0,0,0,0,0,0,0,0,0,0,,,,,,,,,,,,,,,0,0,0,0,1,0,0,0,0,1,0,0
'200912,"Orange juice, unfermented, Brix value <= 20 at 20¡C, whether or not containing added sugar ...",0,0,0,0,0,0,0,0,0,0,0,0,,,,,,,,,,,,,,,4,6,0,0,2,0,5,3,4,7,3,4
'200969,"Grape juice, incl. grape must, unfermented, Brix value > 30 at 20¡C, whether or not containing ...",0,0,0,0,0,0,0,0,0,0,0,0,,,,,,,,,,,,,,,299,327,126,2,27,100,126,50,24,401,100,216
'090411,"Pepper of the genus Piper, neither crushed nor ground",0,0,113,0,0,0,62,0,0,0,0,0,,,,,,,,,,,,,,,16,6,115,15,14,1,63,7,0,0,0,0
'090421,"Fruits of the genus Capsicum or of the genus Pimenta, dried, neither crushed nor ground",0,0,0,0,0,0,0,0,0,0,0,0,,,,,,,,,,,,,,,14,58,48,14,77,145,4,16,30,21,19,13
'090921,"Coriander seeds, neither crushed nor ground",0,0,0,0,0,0,0,0,0,0,0,0,,,,,,,,,,,,,,,0,0,0,0,0,0,0,0,0,0,0,0
'090922,"Coriander seeds, crushed or ground",0,0,0,0,0,0,0,0,0,0,0,0,,,,,,,,,,,,,,,0,0,0,0,0,0,0,0,0,0,0,0
'091020,Saffron,0,0,0,0,0,0,0,0,0,0,0,0,,,,,,,,,,,,,,,0,0,0,3,0,0,0,0,0,0,0,0
'100310,Barley seed for sowing,0,0,0,0,0,0,0,0,0,0,0,0,,,,,,,,,,,,,,,0,0,0,0,0,0,0,0,0,0,0,0
'100810,Buckwheat,0,0,0,0,0,0,0,0,0,0,0,0,,,,,,,,,,,,,,,0,0,0,7,2,0,0,0,0,28,10,9
'110313,"Groats and meal of maize ""corn""",0,0,0,0,0,0,0,0,0,0,0,0,,,,,,,,,,,,,,,0,2,5,0,0,0,0,0,1,0,0,0
'110419,Rolled or flaked grains of cereals (excl. oats),0,0,0,0,0,0,0,0,0,0,0,0,,,,,,,,,,,,,,,46,0,57,45,36,27,72,56,64,45,0,31
'110423,"Hulled, pearled, sliced, kibbled or otherwise worked maize grains (excl. rolled, flaked, pellets ...",0,0,0,0,0,0,0,0,0,0,0,0,,,,,,,,,,,,,,,0,0,0,0,0,0,0,0,0,0,0,0
'110720,Roasted malt,0,0,0,0,0,0,0,0,0,0,0,0,,,,,,,,,,,,,,,0,0,0,0,0,0,0,0,0,0,0,0
'120600,"Sunflower seeds, whether or not broken",0,0,0,0,0,0,0,0,0,0,0,0,,,,,,,,,,,,,,,638,700,2,31,3,3,0,31,40,0,28,872
'120770,Melon seeds,0,0,0,6,0,0,0,0,0,0,0,0,,,,,,,,,,,,,,,0,0,9,8,27,0,1,0,0,3,0,2
'120890,Flours and meal of oil seeds or oleaginous fruit (excl. soya and mustard),0,0,0,0,0,0,0,0,0,0,0,0,,,,,,,,,,,,,,,227,249,228,166,93,137,195,199,213,323,127,174
'120922,"Clover ""Trifolium spp"" seed, for sowing",0,0,0,0,0,0,0,0,0,0,0,0,,,,,,,,,,,,,,,0,0,0,0,0,0,0,0,0,0,0,0
'120923,Fescue seed for sowing,0,0,0,0,0,0,0,0,0,0,0,0,,,,,,,,,,,,,,,0,0,0,0,0,0,0,0,0,0,0,0
'121150,"Ephedra plants and parts thereof, incl. seeds and fruits, fresh, chilled, frozen or dried, ...",0,0,0,0,0,0,0,0,0,0,0,0,,,,,,,,,,,,,,,0,0,0,0,0,0,0,0,0,0,0,0
'121293,"Sugar cane, fresh, chilled, frozen or dried, whether or not ground",0,0,0,0,0,0,0,0,0,0,0,0,,,,,,,,,,,,,,,0,0,0,0,0,0,0,0,0,0,0,0
'121410,Alfalfa meal and pellets,0,0,0,0,0,0,0,0,0,0,0,0,,,,,,,,,,,,,,,0,0,0,0,0,0,0,0,0,0,0,0
'140120,Rattans,0,0,0,0,0,0,0,0,0,0,0,0,,,,,,,,,,,,,,,2,7,6,12,0,0,0,0,1,0,0,0
'140420,Cotton linters,0,0,0,0,0,0,0,0,0,0,0,0,,,,,,,,,,,,,,,0,0,0,0,0,0,0,0,0,0,0,0
'150410,"Fish-liver oils and their fractions, whether or not refined (excl. chemically modified)",0,0,0,0,0,0,0,0,0,0,0,0,,,,,,,,,,,,,,,0,0,0,0,0,0,0,0,0,0,0,0
'010649,Live insects (excl. bees),0,0,0,0,0,0,0,0,0,0,0,0,,,,,,,,,,,,,,,0,0,0,0,0,0,0,3,0,0,0,5
'020311,Fresh or chilled carcases and half-carcases of swine,0,0,0,0,0,0,0,0,0,0,0,0,,,,,,,,,,,,,,,117,89,85,28,74,95,0,0,0,0,0,0
'020450,"Fresh, chilled or frozen meat of goats",0,0,0,0,0,0,0,0,0,0,0,0,,,,,,,,,,,,,,,0,0,0,0,0,0,0,0,0,0,0,0
'020890,"Fresh, chilled or frozen meat and edible offal of pigeons, game, reindeer and other animals ...",0,0,0,0,0,0,0,0,0,0,0,0,,,,,,,,,,,,,,,0,0,6,0,4,0,0,0,5,0,2,4
'021019,"Meat of swine, salted, in brine, dried or smoked (excl. hams, shoulders and cuts thereof, with ...",0,0,0,0,0,0,0,0,0,0,0,0,,,,,,,,,,,,,,,16,3,35,16,12,12,22,7,6,20,1,8
'030219,"Fresh or chilled salmonidae (excl. trout ""Salmo trutta, Oncorhynchus mykiss, Oncorhynchus clarki, ...",0,0,0,0,0,0,0,0,0,0,0,0,,,,,,,,,,,,,,,0,0,0,0,0,0,0,0,0,0,0,0
'030235,"Fresh or chilled Atlantic and Pacific bluefin tuna (Thunnus thynnus, Thunnus orientalis)",0,0,0,0,0,0,0,0,0,0,0,0,,,,,,,,,,,,,,,0,4,11,0,0,0,0,0,0,0,0,0
'030333,"Frozen sole ""Solea spp.""",0,0,0,0,0,0,0,0,0,0,0,0,,,,,,,,,,,,,,,0,0,0,0,0,0,0,0,0,0,0,0
'030354,"Frozen mackerel ""Scomber scombrus, Scomber australasicus, Scomber japonicus""",35,0,0,0,0,0,0,0,0,172,0,0,,,,,,,,,,,,,,,4482,3352,914,281,1086,2764,2119,1332,1032,2202,3149,4446
'030355,"Frozen jack and horse mackerel ""Trachurus spp.""",0,0,21,0,0,0,0,0,0,0,0,0,,,,,,,,,,,,,,,181,282,263,275,244,267,410,239,287,194,328,92
'030383,"Frozen toothfish ""Dissostichus spp.""",0,0,0,0,0,0,0,0,0,0,0,0,,,,,,,,,,,,,,,0,0,0,0,0,0,10,0,0,0,0,0
'030474,"Frozen fillets of hake ""Merluccius spp., Urophycis spp.""",0,0,0,0,0,0,0,0,0,0,0,0,,,,,,,,,,,,,,,0,0,0,0,0,0,0,0,0,0,0,0
'030489,"Frozen fish fillets, n.e.s.",0,0,0,0,0,0,0,0,0,0,0,0,,,,,,,,,,,,,,,4064,6005,5029,6674,5568,5749,5952,5794,5166,6412,3566,3530
'030491,"Frozen meat, whether or not minced, of swordfish ""Xiphias gladius"" (excl. fillets)",0,0,0,0,0,0,0,0,0,0,0,0,,,,,,,,,,,,,,,0,0,0,0,22,0,0,0,0,24,14,0
'030492,"Frozen meat, whether or not minced, of toothfish ""Dissostichus spp."" (excl. fillets)",0,0,0,0,0,0,0,0,0,0,0,0,,,,,,,,,,,,,,,0,0,0,0,0,0,9,0,0,0,0,0
'030554,"Dried herrings ""Clupea harengus, Clupea pallasii"", anchovies ""Engraulis spp."", sardines ""Sardina ...",0,0,0,0,0,0,0,0,0,0,0,0,,,,,,,,,,,,,,,1,1,0,1,0,1,1,0,1,0,2,1
'030614,"Frozen crabs, even smoked, whether in shell or not, incl. crabs in shell, cooked by steaming ...",0,0,0,0,0,0,0,0,0,0,0,0,,,,,,,,,,,,,,,0,0,0,0,167,0,0,2,0,0,0,0
'030617,"Frozen shrimps and prawns, even smoked, whether in shell or not, incl. shrimps and prawns in ...",0,0,0,0,0,0,0,0,0,0,0,0,,,,,,,,,,,,,,,774,719,182,191,306,357,405,131,113,654,400,1271
'030633,"Crabs, whether in shell or not, live, fresh or chilled",0,0,0,0,0,0,0,0,0,0,0,0,,,,,,,,,,,,,,,7,4,7,5,6,5,5,6,4,6,5,4
'030729,"Scallops and other molluscs of the family Pectinidae, smoked, dried, salted or in brine, even ...",0,0,0,0,0,0,0,0,0,0,0,0,,,,,,,,,,,,,,,0,0,0,0,0,0,0,192,496,657,202,91
'030743,"Cuttle fish and squid, frozen, with or without shell",207,2437,7514,11561,1356,1237,374,705,304,611,0,0,,,,,,,,,,,,,,,2832,21298,27266,55928,16645,15301,6898,8913,5872,6748,5035,3053
'030783,"Frozen, even in shell, abalone ""Haliotis spp.""",0,0,0,0,0,0,0,0,0,0,0,0,,,,,,,,,,,,,,,0,0,270,5,0,0,0,0,0,0,0,0
'030792,"Molluscs, even in shell, frozen (excl. oysters, scallops of the genera Pecten, Chlamys or Placopecten, ...",0,0,0,0,0,0,0,0,0,0,0,0,,,,,,,,,,,,,,,0,0,0,39,0,0,0,0,222,0,0,0
'030812,"Frozen sea cucumbers ""Stichopus japonicus, Holothuroidea""",0,0,0,0,0,0,0,0,0,0,0,0,,,,,,,,,,,,,,,58,205,79,0,2,0,39,95,26,304,57,26
'040120,"Milk and cream of a fat content by weight of > 1% but <= 6%, not concentrated nor containing ...",0,0,0,0,0,0,0,0,0,0,0,0,,,,,,,,,,,,,,,2,19,18,10,20,19,15,15,20,16,6,55
'040150,"Milk and cream of a fat content by weight of > 10%, not concentrated nor containing added sugar ...",0,0,0,0,0,0,0,0,0,0,0,0,,,,,,,,,,,,,,,1,8,6,8,18,10,9,10,12,6,3,11
'040210,"Milk and cream in solid forms, of a fat content by weight of <= 1,5%",0,0,0,0,0,0,0,0,0,0,0,0,,,,,,,,,,,,,,,0,0,0,0,0,0,0,0,0,0,0,0
'040490,"Products consisting of natural milk constituents, whether or not sweetened, n.e.s.",0,0,0,0,0,0,0,0,0,0,0,0,,,,,,,,,,,,,,,0,0,0,0,0,0,0,0,0,0,0,0
'040590,"Fats and oils derived from milk, and dehydrated butter and ghee (excl. natural butter, recombined ...",0,0,0,0,0,0,0,0,0,0,0,0,,,,,,,,,,,,,,,4,9,0,8,0,0,2,7,8,3,4,0
'040630,"Processed cheese, not grated or powdered",0,0,0,0,0,0,0,0,0,0,0,0,,,,,,,,,,,,,,,41,49,0,82,0,11,61,9,56,85,0,0
'040690,"Cheese (excl. fresh cheese, incl. whey cheese, curd, processed cheese, blue-veined cheese and ...",0,0,0,0,0,0,0,0,0,0,0,0,,,,,,,,,,,,,,,3,8,2,4,2,1,2,1,2,4,0,16
'040819,"Egg yolks, fresh, cooked by steaming or boiling in water, moulded, frozen or otherwise preserved, ...",0,0,0,0,0,0,0,0,0,0,0,0,,,,,,,,,,,,,,,6,237,251,45,46,16,102,98,52,78,0,0
'041090,"Turtles' eggs, birds' nests and other edible products of animal origin, n.e.s.",0,0,0,56,0,0,0,0,0,0,0,0,,,,,,,,,,,,,,,454,451,346,656,471,507,114,68,191,21,41,492
'051000,"Ambergris, castoreum, civet and musk; cantharides; bile, whether or not dried; glands and other ...",0,0,0,0,0,0,0,0,0,0,0,0,,,,,,,,,,,,,,,7,0,8,10,3,0,11,49,2,0,0,0
'051110,Bovine semen,0,0,0,0,0,0,0,0,0,0,0,0,,,,,,,,,,,,,,,0,0,0,0,0,0,0,0,0,0,0,0
'051199,"Products of animal origin, n.e.s., dead animals, unfit for human consumption (excl. fish, crustaceans, ...",0,0,0,0,0,0,0,0,0,0,0,0,,,,,,,,,,,,,,,50,0,0,30,0,0,0,0,0,1,3,3
'060230,"Rhododendrons and azaleas, grafted or not",0,0,0,0,0,0,0,0,0,0,0,0,,,,,,,,,,,,,,,0,0,0,0,0,0,0,0,0,0,0,0
'070390,"Leeks and other alliaceous vegetables, fresh or chilled (excl. onions, shallots and garlic)",0,0,0,0,0,0,0,0,0,0,0,0,,,,,,,,,,,,,,,5,6,5,4,4,2,3,2,4,3,2,3
'070970,"Fresh or chilled spinach, New Zealand spinach and orache spinach",0,0,0,0,0,0,0,0,0,0,0,0,,,,,,,,,,,,,,,0,1,1,1,2,1,1,1,2,2,2,4
'071220,"Dried onions, whole, cut, sliced, broken or in powder, but not further prepared",0,2,0,0,0,0,0,0,0,0,0,0,,,,,,,,,,,,,,,0,2,0,0,0,0,0,0,0,0,0,2
'071231,"Dried mushrooms of the genus ""Agaricus"", whole, cut, sliced, broken or in powder, but not further ...",0,0,0,0,0,0,0,0,0,0,0,0,,,,,,,,,,,,,,,0,1,0,2,9,2,1,0,0,0,3,0
'071232,"Dried wood ears ""Auricularia spp."", whole, cut, sliced, broken or in powder, but not further ...",0,0,0,0,0,0,0,0,0,0,0,0,,,,,,,,,,,,,,,2,3,8,12,10,5,9,7,8,4,6,4
'071310,"Dried, shelled peas ""Pisum sativum"", whether or not skinned or split",0,0,0,0,0,0,0,0,0,0,0,0,,,,,,,,,,,,,,,63,79,131,6,106,5,2,0,1,0,13,9
'071430,"Yams ""Dioscorea spp."", fresh, chilled, frozen or dried, whether or not sliced or in the form ...",0,0,0,0,0,0,0,0,0,0,0,0,,,,,,,,,,,,,,,1,1,1,1,1,0,0,0,0,1,1,1
'071440,"Taro ""Colocasia spp."", fresh, chilled, frozen or dried, whether or not sliced or in the form ...",0,0,0,0,0,0,0,0,0,0,0,0,,,,,,,,,,,,,,,118,99,82,87,45,71,97,99,146,67,45,90
'080119,"Fresh coconuts, whether or not shelled or peeled (excl. in the inner shell ""endocarp"")",0,0,0,0,0,0,0,0,0,0,0,0,,,,,,,,,,,,,,,0,0,0,0,0,0,1,1,0,1,0,0
'080242,"Fresh or dried chestnuts ""Castanea spp."", shelled",0,0,0,0,0,0,0,0,0,0,0,0,,,,,,,,,,,,,,,0,0,0,0,0,0,0,0,0,0,0,0
'080450,"Fresh or dried guavas, mangoes and mangosteens",0,0,0,0,0,0,0,0,0,0,0,0,,,,,,,,,,,,,,,481,570,4498,3140,642,360,326,243,299,514,725,690
'080529,Fresh or dried wilkings and similar citrus hybrids,0,0,0,0,0,0,0,0,0,0,0,0,,,,,,,,,,,,,,,29,6,0,0,0,0,0,0,33,11,39,41
'080550,"Fresh or dried lemons ""Citrus limon, Citrus limonum"" and limes ""Citrus aurantifolia, Citrus ...",0,0,0,0,0,0,0,0,0,0,0,0,,,,,,,,,,,,,,,4,3,4,5,3,4,0,2,3,2,1,5
'080711,Fresh watermelons,0,0,0,0,0,0,0,0,0,0,0,0,,,,,,,,,,,,,,,65,81,16,18,5,5,1,1,1,1,0,25
'081020,"Fresh raspberries, blackberries, mulberries and loganberries",0,0,0,0,0,0,0,0,0,0,0,0,,,,,,,,,,,,,,,0,0,0,2,0,0,1,0,0,1,0,0
'081060,Fresh durians,0,0,0,0,0,0,0,0,0,0,0,0,,,,,,,,,,,,,,,0,0,1,0,0,0,0,0,0,0,0,1
'841821,"Household refrigerators, compression-type",0,0,0,0,0,0,0,0,0,0,0,0,,,,,,,,,,,,,,,6,7,5,8,4,4,6,6,6,9,8,0
'841960,Machinery for liquefying air or other gases,0,0,0,0,0,0,0,0,0,0,0,0,,,,,,,,,,,,,,,14,0,0,4,0,41,2,0,13,0,4,54
'842191,"Parts of centrifuges, incl. centrifugal dryers, n.e.s.",24,0,0,9,9,1,0,5,0,0,0,0,,,,,,,,,,,,,,,333,257,286,190,217,158,205,114,180,219,150,159
'842211,Dishwashing machines of the household type,0,0,0,0,0,0,0,0,0,0,0,0,,,,,,,,,,,,,,,41,0,0,0,0,0,0,0,0,0,2,0
'842310,"Personal weighing machines, incl. baby scales; household scales",0,0,0,0,0,0,0,0,0,0,0,0,,,,,,,,,,,,,,,253,267,2,53,69,154,66,53,24,18,19,58
'842831,"Continuous-action elevators and conveyors for goods or materials, for underground use (excl. ...",0,0,0,0,0,0,0,0,0,0,0,0,,,,,,,,,,,,,,,0,0,0,0,0,0,0,0,22,0,0,0
'842840,Escalators and moving walkways,0,0,0,0,0,0,0,0,0,0,0,0,,,,,,,,,,,,,,,0,0,0,0,0,0,0,0,0,0,0,0
'842539,"Winches and capstans, non-powered by electric motor",0,0,0,6,4,0,0,0,18,19,0,0,,,,,,,,,,,,,,,1460,1394,990,1016,914,497,804,736,598,778,916,705
'843041,Self-propelled boring or sinking machinery for boring earth or extracting minerals or ores ...,0,0,0,0,0,0,0,0,0,0,0,0,,,,,,,,,,,,,,,0,0,6,0,0,0,0,0,0,0,0,0
'843061,"Tamping or compacting machinery, not self-propelled (excl. hand-operated tools)",0,0,0,0,0,0,0,0,0,0,0,0,,,,,,,,,,,,,,,0,0,0,0,0,0,0,0,0,0,0,0
'843141,"Buckets, shovels, grabs and grips for machinery of heading 8426, 8429 and 8430",33,0,0,0,0,21,0,0,0,0,0,0,,,,,,,,,,,,,,,258,225,127,231,232,142,264,294,187,202,183,177
'843510,"Presses, crushers and similar machinery used in the manufacture of wine, cider, fruit juices ...",0,0,0,0,0,115,0,0,0,13,0,0,,,,,,,,,,,,,,,64,77,23,64,36,337,41,193,112,53,89,10
'840681,"Steam and other vapour turbines, of an output > 40 MW (excl. those for marine propulsion)",0,0,0,0,0,0,0,0,0,0,0,0,,,,,,,,,,,,,,,0,0,0,0,0,7,0,0,0,0,0,0
'840731,"Spark-ignition reciprocating piston engine, of a kind used for the propulsion of vehicles of ...",0,0,0,0,0,0,0,0,0,0,0,0,,,,,,,,,,,,,,,4,1,13,4,9,0,7,0,0,0,0,2
'840890,"Compression-ignition internal combustion piston engine ""diesel or semi-diesel engine"" (excl. ...",0,17,0,0,0,0,0,0,0,0,0,0,,,,,,,,,,,,,,,20,209,29,49,5,59,36,21,23,22,46,79
'840310,"Central heating boilers, non-electric (excl. vapour generating boilers and superheated water ...",0,0,0,0,0,0,0,0,0,0,0,0,,,,,,,,,,,,,,,0,0,0,0,0,49,0,0,0,0,0,0
'840420,Condensers for steam or other vapour power units,0,0,0,4,0,0,0,0,0,0,0,0,,,,,,,,,,,,,,,34,3,3,4,7,0,0,6,34,0,0,3
'841460,"Hoods incorporating a fan, whether or not fitted with filters, having a maximum horizontal ...",0,0,2,0,0,0,0,0,0,0,0,0,,,,,,,,,,,,,,,3378,4767,4923,2999,3152,3039,3504,3547,3215,2923,3156,3467
'841210,Reaction engines other than turbojets,0,0,0,0,0,0,0,0,0,0,0,0,,,,,,,,,,,,,,,0,0,0,0,0,0,0,0,0,0,0,0
'847529,Machines for manufacturing or hot working glass or glassware (excl. machines for making optical ...,0,0,0,0,0,0,0,0,0,0,0,0,,,,,,,,,,,,,,,0,0,0,176,0,12,0,58,0,0,0,0
'847681,Automatic goods-vending machines incorporating heating or refrigerating devices (excl. automatic ...,0,0,0,0,0,0,0,0,0,2,0,0,,,,,,,,,,,,,,,17,1,16,139,43,1,4,91,10,2,1,28
'846594,"Bending or assembling machines for working wood, cork, bone, hard rubber, hard plastics or ...",32,102,58,0,170,63,0,27,0,54,140,0,,,,,,,,,,,,,,,76,758,691,397,400,319,297,312,202,92,276,172
'847230,"Machines for sorting or folding mail or for inserting mail in envelopes or bands, machines ...",3,0,7,0,0,0,5,2,0,0,0,0,,,,,,,,,,,,,,,136,40,94,126,0,243,74,2,287,79,133,70
'846239,"Shearing machines, for flat products (excl. slitting lines, cut-to-length lines, presses, combined ...",67,0,24,0,0,2,236,0,0,0,0,0,,,,,,,,,,,,,,,1676,824,350,356,1346,208,515,1528,224,83,150,337
'846520,"Machining centres for working wood, cork, bone, hard rubber, hard plastics or similar hard ...",0,204,0,0,0,0,0,0,0,0,0,0,,,,,,,,,,,,,,,5,609,84,0,436,0,0,15,188,2,0,66
'846120,"Shaping or slotting machines, for working metals, metal carbides or cermets",0,0,0,0,0,0,9,9,17,0,0,0,,,,,,,,,,,,,,,61,10,244,5,55,220,167,39,41,61,0,48
'846130,"Broaching machines, for working metals, metal carbides or cermets",69,0,0,28,0,0,14,0,0,98,0,0,,,,,,,,,,,,,,,69,140,197,286,419,138,396,194,800,745,531,0
'846140,"Gear cutting, gear grinding or gear finishing machines, for working metals, metal carbides ...",0,0,0,0,29,0,0,0,0,0,0,0,,,,,,,,,,,,,,,14,7,259,239,872,16,221,3398,794,545,68,715
'845430,Casting machines of a kind used in metallurgy or in metal foundries,262,79,136,755,199,158,0,0,87,367,0,0,,,,,,,,,,,,,,,1479,453,897,3627,1726,1147,1866,1282,1406,2064,825,313
'845530,Rolls for metal-rolling mills,0,0,3,0,25,7,48,92,2,0,9,0,,,,,,,,,,,,,,,237,470,551,737,597,349,577,381,715,710,298,369
'845612,"Machine tools for working any material by removal of material, operated by light or photon ...",0,0,0,0,0,0,0,0,0,0,0,0,,,,,,,,,,,,,,,1236,17,0,5,0,0,35,366,0,0,0,15
'845720,"Unit construction machines ""single station"", for working metal",0,0,0,0,0,0,0,0,0,0,0,0,,,,,,,,,,,,,,,0,0,14,0,0,0,0,0,0,0,0,0
'844519,"Machines for preparing textile fibres (excl. carding, combing, drawing or roving machines)",0,334,64,137,33,5,0,0,46,299,0,0,,,,,,,,,,,,,,,267,1121,593,137,396,207,350,2,384,299,36,129
'844520,Textile spinning machines (excl. extruding and drawing or roving machines),0,0,0,0,0,6,0,0,0,0,0,0,,,,,,,,,,,,,,,0,0,71,0,46,111,0,0,0,0,0,0
'843691,"Parts of poultry-keeping machinery or poultry incubators and brooders, n.e.s.",0,0,0,0,0,0,0,0,0,0,0,0,,,,,,,,,,,,,,,96,163,39,71,150,85,54,121,288,35,180,73
'610290,"Women's or girls' overcoats, car coats, capes, cloaks, anoraks, incl. ski jackets, windcheaters, ...",0,0,0,0,0,0,0,0,0,0,0,0,,,,,,,,,,,,,,,0,7,33,18,25,41,7,11,16,31,2,2
'610453,"Women's or girls' skirts and divided skirts of synthetic fibres, knitted or crocheted (excl. ...",0,0,0,0,0,0,0,0,0,0,0,0,,,,,,,,,,,,,,,37,73,198,105,31,5,23,33,92,70,50,85
'610459,"Women's or girls' skirts and divided skirts of textile materials, knitted or crocheted (excl. ...",0,0,0,0,0,0,0,0,0,0,0,0,,,,,,,,,,,,,,,34,53,41,42,39,29,51,39,40,32,50,37
'610520,"Men's or boys' shirts of man-made fibres, knitted or crocheted (excl. nightshirts, T-shirts, ...",0,0,0,0,0,0,0,0,0,0,0,0,,,,,,,,,,,,,,,35,135,157,117,110,39,85,140,106,204,128,76
'610610,"Women's or girls' blouses, shirts and shirt-blouses of cotton, knitted or crocheted (excl. ...",0,0,0,0,0,0,0,0,0,0,0,0,,,,,,,,,,,,,,,9,25,50,37,17,9,38,11,2,26,33,29
'610721,"Men's or boys' nightshirts and pyjamas of cotton, knitted or crocheted (excl. vests and singlets)",0,0,0,0,0,0,0,0,0,0,0,0,,,,,,,,,,,,,,,0,0,0,6,0,0,0,7,0,0,0,0
'611011,"Jerseys, pullovers, cardigans, waistcoats and similar articles, of wool, knitted or crocheted ...",0,0,0,0,0,0,0,0,0,0,0,0,,,,,,,,,,,,,,,128,229,114,87,233,185,245,126,320,324,213,209
'611090,"Jerseys, pullovers, cardigans, waistcoats and similar articles, of textile materials, knitted ...",0,0,0,0,0,0,0,0,0,0,0,0,,,,,,,,,,,,,,,103,149,167,129,125,181,184,82,144,134,98,1261
'611130,"Babies' garments and clothing accessories of synthetic fibres, knitted or crocheted (excl. ...",0,0,0,0,0,0,0,0,0,0,0,0,,,,,,,,,,,,,,,0,173,12,141,15,155,8,194,8,0,0,2
'611239,"Men's or boys' swimwear of textile materials, knitted or crocheted (excl. synthetic fibres)",0,0,0,0,0,0,0,0,0,0,0,0,,,,,,,,,,,,,,,0,0,0,0,0,0,0,0,0,0,0,0
'611241,"Women's or girls' swimwear of synthetic fibres, knitted or crocheted",0,0,0,0,0,0,0,0,0,0,0,0,,,,,,,,,,,,,,,577,214,341,216,201,419,200,501,926,1071,437,468
'570239,"Carpets and other floor coverings, of vegetable textile materials or coarse animal hair, woven, ...",0,0,0,0,0,0,0,0,0,0,0,0,,,,,,,,,,,,,,,0,0,0,0,0,0,0,0,0,0,0,0
'570241,"Carpets and other floor coverings, of wool or fine animal hair, woven, not tufted or flocked, ...",0,0,0,0,0,0,0,0,0,0,0,0,,,,,,,,,,,,,,,0,0,2,0,0,0,0,0,0,0,0,0
'570321,"Turf, of nylon or other polyamides, tufted ""needle punched""",0,0,0,0,0,0,0,0,0,0,0,0,,,,,,,,,,,,,,,5,0,0,0,0,0,0,0,0,0,3,0
'580110,"Woven pile fabrics and chenille fabrics, of wool or fine animal hair (excl. terry towelling ...",0,0,0,0,0,0,0,0,0,0,0,0,,,,,,,,,,,,,,,0,0,0,0,0,0,0,0,0,0,0,0
'580127,"Warp pile fabrics, of cotton (excl. terry towelling and similar woven terry fabrics, tufted ...",0,0,0,0,0,0,0,0,0,0,0,0,,,,,,,,,,,,,,,3,0,0,3,0,0,0,0,4,0,0,0
'580136,"Chenille fabrics, of man-made fibres (excl. terry towelling and similar woven terry fabrics, ...",0,0,0,0,0,0,0,0,0,0,0,0,,,,,,,,,,,,,,,0,0,4,0,0,0,0,0,9,30,9,34
'580210,"Terry towelling and similar woven terry fabrics, of cotton (excl. narrow woven fabrics of heading ...",0,0,0,0,0,0,0,0,0,0,0,0,,,,,,,,,,,,,,,11,2,0,0,0,1,1,4,0,0,0,0
'620920,"Babies' garments and clothing accessories of cotton (excl. knitted or crocheted and hats, napkins ...",0,0,0,0,0,0,0,0,0,0,0,0,,,,,,,,,,,,,,,0,16,14,12,22,0,42,4,26,23,0,8
'621020,"Garments of the type described in heading 6201, rubberised or impregnated, coated, covered ...",0,0,0,0,0,0,0,0,0,0,0,0,,,,,,,,,,,,,,,68,91,8,166,2,76,17,53,95,60,10,262
'621040,"Men's or boys' garments of textile fabrics, rubberised or impregnated, coated, covered or laminated ...",0,0,0,0,0,0,0,0,0,0,0,0,,,,,,,,,,,,,,,99,186,80,12,2,9,0,8,20,17,292,48
'621050,"Women's or girls' garments of textile fabrics, rubberised or impregnated, coated, covered or ...",0,0,0,0,0,0,0,0,0,0,0,0,,,,,,,,,,,,,,,446,324,316,338,186,238,263,249,255,305,295,176
'621142,"Women's or girls' tracksuits and other garments, n.e.s. of cotton (excl. knitted or crocheted)",0,0,0,0,0,0,0,0,0,0,0,0,,,,,,,,,,,,,,,0,16,16,3,0,14,33,4,4,0,9,4
'621230,"Corselettes of all types of textile materials, whether or not elasticated, incl. knitted or ...",0,0,0,0,0,0,0,0,0,0,0,0,,,,,,,,,,,,,,,131,153,116,252,201,164,152,279,119,137,62,112
'621600,"Gloves, mittens and mitts, of all types of textile materials (excl. knitted or crocheted and ...",0,0,0,0,5,0,0,0,0,0,0,0,,,,,,,,,,,,,,,170,104,171,199,290,383,266,57,179,132,178,110
'630221,Printed bedlinen of cotton (excl. knitted or crocheted),0,0,0,0,0,0,0,0,0,0,0,0,,,,,,,,,,,,,,,0,4,0,0,4,0,0,0,3,0,0,0
'630299,"Toilet linen and kitchen linen of textile materials (excl. of cotton or man-made fibres, floorcloths, ...",0,0,0,4,0,0,0,2,0,0,0,0,,,,,,,,,,,,,,,53,64,30,72,70,76,26,50,70,85,48,48
'611710,"Shawls, scarves, mufflers, mantillas, veils and the like, knitted or crocheted",0,0,0,0,0,0,0,0,0,0,0,0,,,,,,,,,,,,,,,28,399,259,661,639,216,155,111,16,18,26,9
'620332,"Men's or boys' jackets and blazers of cotton (excl. knitted or crocheted, and wind-jackets ...",0,0,0,0,0,0,0,0,0,0,0,0,,,,,,,,,,,,,,,197,24,13,44,11,14,86,15,21,100,33,69
'620342,"Men's or boys' trousers, bib and brace overalls, breeches and shorts, of cotton (excl. knitted ...",0,0,0,0,0,0,1,0,0,0,0,0,,,,,,,,,,,,,,,218,191,102,123,116,171,157,117,428,223,159,186
'620422,"Women's or girls' ensembles of cotton (excl. knitted or crocheted, ski overalls and swimwear)",0,0,0,0,0,0,0,0,0,0,0,0,,,,,,,,,,,,,,,0,0,0,0,0,0,0,17,0,0,0,0
'620442,Women's or girls' dresses of cotton (excl. knitted or crocheted and petticoats),0,0,0,0,0,0,0,0,0,0,0,0,,,,,,,,,,,,,,,100,57,115,99,48,104,181,37,87,92,85,43
'620469,"Women's or girls' trousers, bib and brace overalls, breeches and shorts of textile materials ...",0,0,0,0,0,0,0,0,0,0,0,0,,,,,,,,,,,,,,,26,62,83,74,63,123,46,36,63,51,56,64
'620620,"Women's or girls' blouses, shirts and shirt-blouses of wool or fine animal hair (excl. knitted ...",0,0,0,0,0,0,0,0,0,0,0,0,,,,,,,,,,,,,,,5,19,8,0,4,10,7,6,44,7,2,12
'690722,"Ceramic flags and paving, hearth or wall tiles, of a water absorption coefficient by weight ...",0,0,0,0,0,0,0,0,0,0,0,0,,,,,,,,,,,,,,,81,40,35,36,36,25,17,37,34,49,34,41
'700330,"Profiles of glass, whether or not having an absorbent, reflecting or non-reflecting layer, ...",0,0,0,0,0,0,0,0,0,0,0,0,,,,,,,,,,,,,,,0,0,0,0,0,0,0,0,0,0,0,0
'700420,"Sheets of glass, drawn or blown, coloured throughout the mass ""body tinted"" opacified, flashed ...",0,0,0,0,0,0,0,0,0,0,0,0,,,,,,,,,,,,,,,0,1,16,0,0,0,1,0,0,0,0,2
'700991,"Glass mirrors, unframed (excl. rear-view mirrors for vehicles, optical mirrors, optically worked, ...",0,0,0,0,0,0,0,0,0,0,0,0,,,,,,,,,,,,,,,80,93,87,66,86,111,189,159,256,278,413,262
'700992,"Glass mirrors, framed (excl. rear-view mirrors for vehicles, optical mirrors, optically processed, ...",0,0,0,0,0,0,2,0,0,0,0,0,,,,,,,,,,,,,,,727,852,838,747,790,592,654,767,704,649,576,549
'701120,"Glass envelopes, incl. bulbs and tubes, open, and glass parts thereof, without fittings, for ...",0,0,0,0,0,0,0,0,0,0,0,0,,,,,,,,,,,,,,,0,1,0,0,0,0,0,0,0,1,0,0
'701915,Chemically bonded mats of glass fibres,0,0,0,0,7,0,0,0,0,0,7,0,,,,,,,,,,,,,,,334,434,269,309,296,194,211,211,229,156,220,129
'701971,"Thin sheets ""veils"" of irregularly laminated glass fibres",0,0,1,4,0,0,0,0,0,0,0,0,,,,,,,,,,,,,,,646,624,576,643,448,419,334,324,288,556,418,731
'701980,Glass wool and articles of glass wool,0,0,0,0,0,0,0,0,0,0,0,0,,,,,,,,,,,,,,,6,3,14,9,16,2,270,1,1,2,14,1
'710110,"Pearls, natural, whether or not worked or graded, but not strung, mounted or set, natural pearls, ...",0,0,0,0,0,0,0,0,0,0,0,0,,,,,,,,,,,,,,,0,6,0,0,0,863,0,0,0,0,0,0
'710122,"Cultured pearls, worked, whether or not graded, but not strung, mounted or set, worked cultured ...",0,0,0,0,0,0,0,0,0,0,0,0,,,,,,,,,,,,,,,0,0,0,0,0,0,0,0,0,0,0,0
'710590,Dust and powder of natural or synthetic precious or semi-precious stones (excl. dust and powder ...,0,0,0,0,0,0,0,0,0,0,0,0,,,,,,,,,,,,,,,3,0,0,3,0,0,0,0,12,0,0,0
'710900,"Base metals or silver, clad with gold, not further worked than semi-manufactured",0,0,0,0,0,0,0,0,0,0,0,0,,,,,,,,,,,,,,,0,0,0,0,0,0,0,0,0,0,0,0
'711230,Ash containing precious metal or precious-metal compounds,0,0,0,0,0,0,0,0,0,0,0,0,,,,,,,,,,,,,,,0,0,0,0,0,0,0,0,0,0,0,79
'711292,"Waste and scrap of platinum, incl. metal clad with platinum, and other waste and scrap containing ...",0,0,0,0,0,0,0,0,0,0,0,0,,,,,,,,,,,,,,,3439,38938,11575,6818,5370,26264,4237,8323,33480,7480,32939,5682
'711610,"Articles of natural or cultured pearls, n.e.s.",0,0,0,0,0,0,0,0,0,0,0,0,,,,,,,,,,,,,,,0,0,0,0,0,0,10,47,32,42,0,27
'631090,"Used or new rags, scrap twine, cordage, rope and cables and worn-out articles thereof, of textile ...",0,0,13,4,0,0,0,0,0,0,0,0,,,,,,,,,,,,,,,181,411,644,395,381,386,11,525,395,398,414,211
'640110,"Waterproof footwear incorporating a protective metal toecap, with outer soles and uppers of ...",0,0,0,0,0,0,0,0,0,0,0,0,,,,,,,,,,,,,,,9,0,1,0,3,6,4,0,0,20,0,2
'650699,"Headgear, whether or not lined or trimmed, n.e.s.",0,0,0,0,6,0,0,1,0,0,0,0,,,,,,,,,,,,,,,696,361,293,547,309,538,418,293,562,445,331,507
'660320,"Umbrella frames, incl. frames mounted on shafts ""sticks"", for umbrellas and sun umbrellas of ...",0,0,0,0,0,0,0,0,0,0,0,0,,,,,,,,,,,,,,,37,66,80,68,135,100,93,101,150,146,41,68
'670210,"Artificial flowers, foliage and fruit and parts thereof, and articles made of artificial flowers, ...",0,0,0,0,0,0,0,0,0,0,0,0,,,,,,,,,,,,,,,0,0,0,3,1,9,0,0,4,0,1,0
'670290,"Artificial flowers, foliage and fruit and parts thereof, and articles made of artificial flowers, ...",0,0,0,0,0,0,0,0,0,0,0,0,,,,,,,,,,,,,,,10,10,5,7,2,2,0,2,0,7,0,0
'680300,"Worked slate and articles of slate or of agglomerated slate (excl. slate granules, chippings ...",0,0,0,0,0,0,0,0,0,0,0,0,,,,,,,,,,,,,,,0,18,0,0,0,0,0,43,0,0,0,0
'630690,"Camping goods of textile materials (excl. tents, awnings and sunblinds, sails, pneumatic mattresses, ...",0,0,0,0,0,0,0,0,0,0,0,0,,,,,,,,,,,,,,,20,37,32,0,19,33,81,2,3,5,120,10
'581010,"Embroidery on a textile fabric ground without visible ground, in the piece, in strips or in ...",6,10,2,0,1,3,3,4,97,56,4,0,,,,,,,,,,,,,,,199,65,75,5,71,71,73,110,265,65,38,56
'590800,"Textile wicks, woven, plaited or knitted, for lamps, stoves, lighters, candles or the like; ...",0,0,0,0,0,0,0,0,0,0,0,0,,,,,,,,,,,,,,,0,12,3,0,0,2,0,0,0,4,2,3
'590900,"Textile hosepiping and similar textile tubing, whether or not impregnated or coated, with or ...",6,0,5,5,1,0,15,31,0,0,0,0,,,,,,,,,,,,,,,235,105,132,118,9,15,22,136,2,182,445,40
'600542,"Dyed warp knit fabrics of artificial fibres ""incl. those made on galloon knitting machines"", ...",0,0,0,0,0,0,0,2,0,0,0,0,,,,,,,,,,,,,,,70,65,43,0,511,337,214,88,82,92,229,121
'761691,"Cloth, grill, netting and fencing, of aluminium wire (excl. cloth of metal fibres for clothing, ...",0,0,0,0,0,0,0,0,0,0,0,0,,,,,,,,,,,,,,,11,31,6,22,24,68,43,49,11,38,34,26
'780411,"Lead sheets, strip and foil, of a thickness ""excl. any backing"" of <= 0,2 mm",0,0,0,0,0,0,0,0,0,0,0,0,,,,,,,,,,,,,,,0,0,0,0,0,0,0,0,0,0,0,0
'780420,"Lead powders and flakes (excl. grains of lead, and spangles of heading 8308)",0,0,0,1,0,0,1,1,0,0,0,0,,,,,,,,,,,,,,,0,16,0,99,0,50,1,1,0,3,0,0
'790400,"Zinc bars, rods, profiles and wire, n.e.s.",0,77,0,0,94,3,0,0,0,0,0,0,,,,,,,,,,,,,,,1,80,0,0,120,5,0,4,0,0,0,0
'750220,Unwrought nickel alloys,34,0,0,0,0,0,0,0,0,0,8,0,,,,,,,,,,,,,,,1643,2,16,0,289,511,6,0,0,0,10,3
'760711,"Aluminium foil, not backed, rolled but not further worked, of a thickness of <= 0,2 mm (excl. ...",35,63,0,28,0,29,11,16,34,59,13,0,,,,,,,,,,,,,,,3439,4613,4304,2852,2100,834,1709,1201,1892,1961,871,1378
'810196,Tungsten wire,10,5,7,6,7,14,31,14,22,24,4,0,,,,,,,,,,,,,,,29,42,59,43,80,60,105,61,68,24,54,24
'810419,"Unwrought magnesium, containing < 99,8% by weight of magnesium",0,0,0,0,0,0,0,0,0,0,0,0,,,,,,,,,,,,,,,25,0,22,0,208,354,716,1015,1352,1057,1542,641
'821520,"Sets consisting of one or more knives of heading 8211 and at least an equal number of spoons, ...",0,0,0,0,0,0,0,0,0,0,0,0,,,,,,,,,,,,,,,28,9,4,5,11,5,36,11,19,4,14,35
'830170,"Keys presented separately for padlocks, locks, clasps and frames with clasps incorporating ...",0,0,0,0,0,0,0,0,0,0,0,0,,,,,,,,,,,,,,,637,749,573,522,669,548,513,582,455,609,285,272
'821191,"Table knives having fixed blades of base metal, incl. handles (excl. butter knives and fish ...",0,0,0,0,0,0,0,0,0,0,0,0,,,,,,,,,,,,,,,175,4,0,2,6,5,0,0,0,0,2,0
'821192,"Knives with fixed blades of base metal (excl. straw knives, machetes, knives and cutting blades ...",2,2,2,2,2,0,5,2,0,2,4,0,,,,,,,,,,,,,,,1962,1863,1805,1721,872,819,844,295,941,907,1240,600
'810530,Cobalt waste and scrap (excl. ash and residues containing cobalt),0,0,0,0,0,0,0,0,0,0,0,0,,,,,,,,,,,,,,,234,0,239,302,233,128,126,194,170,127,0,372
'810820,Unwrought titanium; titanium powders,0,0,0,0,0,0,0,0,0,0,0,0,,,,,,,,,,,,,,,43,547,8,1624,634,1908,944,1419,314,834,640,345
'810929,"Unwrought zirconium and zirconium powders, containing => 1 part hafnium to 500 parts zirconium ...",3,0,0,3,0,0,10,0,0,8,0,0,,,,,,,,,,,,,,,3,0,1,42,38,0,10,0,0,8,0,0
'811090,"Articles of antimony, n.e.s.",0,0,0,0,0,0,0,0,0,0,0,0,,,,,,,,,,,,,,,0,0,0,83,0,0,0,0,0,0,0,0
'721240,"Flat-rolled products of iron or non-alloy steel, of a width of < 600 mm, hot-rolled or cold-rolled ...",0,0,0,0,0,0,0,0,0,0,0,0,,,,,,,,,,,,,,,1472,1445,90,40,669,475,244,110,5,74,47,243
'722511,"Flat-rolled products of silicon-electrical steel, of a width of >= 600 mm, grain-oriented",0,0,0,0,0,0,0,0,0,0,0,0,,,,,,,,,,,,,,,0,0,0,0,30,11,0,14,12,0,34,13
'680790,"Articles of asphalt or of similar materials, e.g. petroleum bitumen or coal tar pitch (excl. ...",0,0,0,0,0,0,0,0,0,0,0,0,,,,,,,,,,,,,,,0,0,0,0,0,0,0,0,0,0,2,0
'720429,"Waste and scrap of alloy steel (excl. stainless steel, and waste and scrap, radioactive, or ...",0,0,0,0,0,0,0,0,0,0,0,0,,,,,,,,,,,,,,,678,445,538,176,463,1078,342,789,1048,696,369,1521
'720890,"Flat-rolled products of iron or steel, of a width >= 600 mm, hot-rolled and further worked, ...",0,0,0,0,0,0,0,0,0,0,0,0,,,,,,,,,,,,,,,20,50,33,46,106,0,17,41,0,0,0,266
'730240,"Fish-plates and sole plates of iron or steel, for railways or tramways",0,0,0,0,0,0,0,0,0,0,0,0,,,,,,,,,,,,,,,0,0,0,0,2,0,0,0,0,0,6,0
'730424,"Casing and tubing, seamless, of a kind used for drilling for oil or gas, of stainless steel",0,0,0,0,0,0,0,0,0,0,0,0,,,,,,,,,,,,,,,0,0,0,12,1,12,0,0,0,8,0,0
'730439,"Tubes, pipes and hollow profiles, seamless, of circular cross-section, of iron or non-alloy ...",61,5,15,54,49,0,0,34,0,5,71,0,,,,,,,,,,,,,,,317,208,942,466,315,186,262,237,239,73,572,129
'730512,"Line pipe of a kind used for oil or gas pipelines, having circular cross-sections and an external ...",0,0,0,0,0,0,11,0,0,0,0,0,,,,,,,,,,,,,,,0,0,0,0,0,0,11,0,0,0,16,0
'730519,"Line pipe of a kind used for oil or gas pipelines, having circular cross-sections and an external ...",0,0,0,0,0,0,0,0,0,0,0,0,,,,,,,,,,,,,,,0,0,0,0,0,0,0,0,0,0,0,0
'731420,"Grill, netting and fencing, welded at the intersection, having a mesh size of >= 100 cm_, of ...",0,0,0,0,0,3,0,0,0,0,0,0,,,,,,,,,,,,,,,5,7,14,0,5,8,5,11,25,12,8,0
'732181,"Stoves, heaters, grates, fires, wash boilers, braziers and similar appliances, of iron or steel, ...",0,0,0,0,0,0,0,76,0,0,0,0,,,,,,,,,,,,,,,0,113,42,146,11,0,43,232,32,43,171,25
'732211,"Radiators for central heating, non-electrically heated, and parts thereof, of iron or steel ...",0,0,0,0,0,0,0,0,0,0,0,0,,,,,,,,,,,,,,,10,113,9,27,54,43,5,32,7,12,8,5
'732391,"Table, kitchen or other household articles, and parts thereof, of cast iron, not enamelled ...",0,0,0,0,0,0,0,0,0,0,0,0,,,,,,,,,,,,,,,116,22,79,51,22,16,20,34,73,30,70,9
'732429,Baths of steel sheet,0,0,0,0,0,0,0,0,0,0,0,0,,,,,,,,,,,,,,,0,129,0,0,1,4,0,0,0,0,0,0
'870192,"Tractors, of an engine power > 18 kW but <= 37 kW (excl. those of heading 8709, pedestrian-controlled ...",0,2,0,0,2,0,0,0,0,0,0,0,,,,,,,,,,,,,,,11,2,0,8,2,6,5,0,30,0,0,0
'870193,"Tractors, of an engine power > 37 kW but <= 75 kW (excl. those of heading 8709, pedestrian-controlled ...",0,6,0,3,5,0,0,0,0,0,0,0,,,,,,,,,,,,,,,0,6,0,3,5,0,32,13,2,0,0,0
'870323,Motor cars and other motor vehicles principally designed for the transport of ...,0,0,0,0,3334,0,0,0,0,41,0,0,,,,,,,,,,,,,,,46658,29636,25748,20274,28443,17921,26508,36146,30475,28663,33377,19984
'870331,Motor cars and other motor vehicles principally designed for the transport of ...,0,0,0,0,0,0,0,0,0,0,0,0,,,,,,,,,,,,,,,9,0,1,0,1,2,0,1,0,0,0,2
'870340,Motor cars and other motor vehicles principally designed for the transport of ...,0,0,0,0,4555,0,0,0,0,0,0,0,,,,,,,,,,,,,,,12933,8450,13054,7082,20357,10114,8089,4238,5703,6517,9805,5497
'870410,Dumpers for off-highway use,0,0,0,0,0,0,0,0,0,0,0,0,,,,,,,,,,,,,,,273,0,322,0,0,0,0,0,0,0,0,0
'870423,"Motor vehicles for the transport of goods, with only compression-ignition internal combustion ...",0,0,0,0,0,0,0,0,0,0,0,0,,,,,,,,,,,,,,,0,0,4,0,0,0,0,0,0,0,0,0
'870530,Fire fighting vehicles (excl. vehicles for transporting persons),0,0,0,0,0,0,0,0,0,0,0,0,,,,,,,,,,,,,,,0,0,192,0,0,0,0,0,485,0,0,29
'870590,Special purpose motor vehicles (other than those principally designed for the transport of ...,0,0,0,0,0,0,0,0,0,0,0,0,,,,,,,,,,,,,,,0,0,0,13,0,0,0,0,114,0,0,0
'853530,"Isolating switches and make-and-break switches, for a voltage > 1.000 V",0,0,8,9,0,0,0,0,5,5,0,0,,,,,,,,,,,,,,,67,216,24,214,29,179,13,64,81,34,139,34
'854159,"Semiconductor devices, n.e.s.",0,4,0,0,8,0,4,4,7,0,4,0,,,,,,,,,,,,,,,2024,2032,1225,2214,2108,1798,1823,1525,1774,2546,1423,4259
'854310,"Electrical particle accelerators for electrons, protons, etc. (excl. ion implanters for doping ...",0,0,0,0,0,0,0,0,0,0,0,0,,,,,,,,,,,,,,,0,0,0,6,6,0,4,0,0,0,0,0
'854430,"Ignition wiring sets and other wiring sets for vehicles, aircraft or ships",0,0,0,0,0,0,0,6,4,6,2,0,,,,,,,,,,,,,,,2952,3778,3540,3205,3064,3133,2405,3258,3641,3439,2423,3292
'870911,"Electrical vehicles not fitted with lifting or handling equipment, of the type used in factories, ...",0,0,0,7,0,3,0,0,0,0,0,0,,,,,,,,,,,,,,,21,21,0,14,98,3,17,27,8,27,57,29
'871150,"Motorcycles, incl. mopeds, with reciprocating internal combustion piston engine of a cylinder ...",0,0,0,0,0,0,0,0,0,0,0,0,,,,,,,,,,,,,,,0,0,0,458,0,0,7,0,1,0,0,32
'860120,Rail locomotives powered by electric accumulators,0,0,0,0,0,0,0,0,0,0,0,0,,,,,,,,,,,,,,,0,0,34,54,0,0,0,0,0,0,0,0
'871680,Vehicles pushed or drawn by hand and other vehicles not mechanically propelled (excl. trailers ...,5,18,3,1,2,0,10,7,27,0,3,0,,,,,,,,,,,,,,,3872,5300,5487,5345,4819,4694,4837,4898,5310,4585,4005,5610
'880212,Helicopters of an unladen weight > 2.000 kg (excl. unmanned of heading 8806),0,0,0,0,0,0,0,0,0,0,0,0,,,,,,,,,,,,,,,0,0,21142,0,0,0,0,0,0,0,0,0
'880694,"Unmanned aircraft, with maximum take-off weight > 25 kg but <= 150 kg (excl. for passenger ...",0,0,0,0,0,0,0,0,0,0,0,0,,,,,,,,,,,,,,,88,0,0,0,0,0,0,0,0,0,0,0
'880720,"Under-carriages and parts thereof, for aircraft, n.e.s.",0,0,0,0,0,0,0,0,0,0,0,0,,,,,,,,,,,,,,,922,208,1293,446,943,550,757,1214,439,2328,728,2615
'890590,"Light-vessels, fire-floats, floating cranes and other vessels, the navigability of which is ...",0,0,0,0,0,0,0,0,0,0,0,0,,,,,,,,,,,,,,,7,0,0,0,0,0,0,0,0,0,0,0
'890790,"Rafts, tanks, coffer-dams, landing stages, buoys, beacons and other floating structures (excl. ...",0,0,0,0,0,0,0,0,0,0,0,0,,,,,,,,,,,,,,,117,273,243,271,375,302,493,279,247,276,258,203
'901590,"Parts and accessories for instruments and appliances used in geodesy, topography, photogrammetrical ...",5,18,21,4,0,1,3,1,2,13,8,0,,,,,,,,,,,,,,,544,1150,454,578,547,834,889,588,750,915,726,572
'901831,"Syringes, with or without needles, used in medical, surgical, dental or veterinary sciences",0,11,0,0,0,0,0,2,0,7,0,0,,,,,,,,,,,,,,,1081,1799,1363,1255,1631,1070,1307,1221,1769,1553,842,1326
'901210,"Electron microscopes, proton microscopes and diffraction apparatus",0,0,0,0,2,0,0,0,0,20,0,0,,,,,,,,,,,,,,,2490,2329,5959,1443,1140,420,1452,1200,456,2056,868,495
'900630,"Cameras specially designed for underwater use, for aerial survey or for medical or surgical ...",0,0,0,0,0,0,0,0,0,0,0,0,,,,,,,,,,,,,,,5,0,0,0,16,16,0,0,0,2,0,0
'900653,Cameras for roll film of a width of 35 mm (excl. instant print cameras and special cameras ...,0,0,0,0,0,0,0,0,0,0,0,0,,,,,,,,,,,,,,,25,7,1,0,6,4,37,27,0,18,22,12
'900791,"Parts and accessories for cinematographic cameras, n.e.s.",0,0,0,0,0,0,0,0,0,0,0,0,,,,,,,,,,,,,,,26,0,94,12,0,5,8,34,29,44,31,64
'852721,"Radio-broadcast receivers not capable of operating without an external source of power, of ...",0,0,0,0,0,0,0,0,0,0,0,0,,,,,,,,,,,,,,,48,113,84,62,74,97,96,58,88,40,8,67
'852791,"Radio-broadcast receivers, for mains operation only, combined with sound recording or reproducing ...",0,2,0,0,0,2,0,3,3,0,0,0,,,,,,,,,,,,,,,1039,1311,1502,1391,1543,1514,1342,1170,1211,1131,1196,1556
'852842,"Cathode-ray tube monitors ""CRT"" capable of directly connecting to and designed for use with ...",0,0,0,0,0,0,0,0,0,0,0,0,,,,,,,,,,,,,,,0,0,0,0,0,0,0,0,0,0,0,0
'852873,"Reception apparatus for television, black and white or other monochrome, whether or not incorporating ...",0,0,0,0,0,0,0,0,0,0,0,0,,,,,,,,,,,,,,,0,0,0,0,2,0,0,0,0,0,0,0
'853929,"Filament lamps, electric (excl. tungsten halogen lamps, lamps of a power <= 200 W and for a ...",0,0,7,10,2,2,13,0,0,0,0,0,,,,,,,,,,,,,,,557,1319,837,954,656,1063,891,919,710,1106,799,650
'854012,"Cathode ray television picture tubes, incl. video monitor cathode ray tubes, black and white ...",0,0,0,0,0,0,0,0,0,0,0,0,,,,,,,,,,,,,,,0,0,7,0,0,0,0,0,0,0,0,0
'853230,"Variable or adjustable ""pre-set"" electrical capacitors",7,41,13,0,0,0,6,0,4,0,3,0,,,,,,,,,,,,,,,820,433,671,419,380,334,361,519,546,464,267,625
'848590,Parts of machines for additive manufacturing,0,0,17,0,0,1,2,0,0,0,0,0,,,,,,,,,,,,,,,50,52,114,27,94,131,422,932,891,638,416,409
'848610,Machines and apparatus for the manufacture of boules or wafers,0,0,0,0,0,0,0,0,124,0,0,0,,,,,,,,,,,,,,,6478,1580,1844,4354,4543,1529,5470,2657,1120,2085,2692,1941
'848050,Moulds for glass (excl. moulds of graphite or other carbons and ceramic moulds),0,0,0,0,0,0,0,0,0,0,0,0,,,,,,,,,,,,,,,613,763,767,759,1019,706,722,1141,801,593,786,854
'847890,"Parts of machinery for preparing or making up tobacco, n.e.s.",0,0,0,0,0,0,0,0,0,0,0,0,,,,,,,,,,,,,,,9,9,6,3,6,41,0,21,16,12,4,28
'850730,Nickel-cadmium accumulators (excl. spent),0,0,0,0,0,46,0,0,0,0,0,0,,,,,,,,,,,,,,,124,118,123,156,245,200,174,153,208,46,142,198
'850811,"Vacuum cleaners, incl. dry cleaners and wet vacuum cleaners, with self-contained electric motor, ...",0,0,0,0,0,0,0,0,0,0,0,0,,,,,,,,,,,,,,,310,20,189,77,6,82,557,66,86,7,66,96
'851010,"Shavers, electric",0,0,0,0,0,0,0,0,0,0,0,0,,,,,,,,,,,,,,,0,0,0,0,0,0,28,0,4,0,0,13
'851150,Generators of a kind used for internal combustion engines (excl. magneto dynamos and dual purpose ...,0,0,0,13,0,0,0,0,0,0,0,0,,,,,,,,,,,,,,,1679,2578,1331,1699,1983,1015,1306,1632,2132,1195,1723,1640
'851310,Portable electrical lamps designed to function by their own source of energy,0,0,0,0,0,0,0,0,6,0,0,0,,,,,,,,,,,,,,,90,219,141,74,302,108,255,142,86,215,221,62
'851390,"Parts of portable electrical lamps designed to function by their own source of energy, n.e.s.",0,0,0,0,0,0,0,0,0,0,0,0,,,,,,,,,,,,,,,21,36,63,67,51,28,44,22,16,34,17,12
'851432,Plasma and vacuum arc furnaces,0,0,0,0,0,0,0,0,0,0,0,0,,,,,,,,,,,,,,,0,0,0,0,0,0,0,0,0,0,0,0
'910690,"Time of day recording apparatus and apparatus for measuring, recording or otherwise indicating ...",0,1,0,0,0,2,0,1,0,5,0,0,,,,,,,,,,,,,,,276,142,473,167,367,279,243,117,311,389,151,334
'910820,"Watch movements, complete and assembled, with automatic winding",0,0,0,0,0,0,0,0,0,0,0,0,,,,,,,,,,,,,,,131,67,39,68,83,36,146,80,44,120,20,88
'911120,"Cases for wrist-watches, pocket-watches and other watches of heading 9101 or 9102, of base ...",0,0,0,0,0,0,0,0,0,0,0,0,,,,,,,,,,,,,,,9,0,10,0,0,0,0,0,8,3,0,5
'911310,"Watch straps, watch bands and watch bracelets, and parts thereof, of precious metal or of metal ...",0,0,0,0,0,0,0,0,0,0,0,0,,,,,,,,,,,,,,,5,4,187,29,0,0,0,0,1,10,0,0
'930200,Revolvers and pistols (excl. those of heading 9303 or 9304 and sub-machine guns for military ...,0,0,0,0,0,0,0,0,0,0,0,0,,,,,,,,,,,,,,,0,0,0,0,0,0,0,0,0,0,0,0
'930400,"Spring, air or gas guns and pistols, truncheons and other non-firearms (excl. swords, cutlasses, ...",8,24,31,25,21,5,0,73,44,15,7,0,,,,,,,,,,,,,,,6243,9438,10072,8865,9934,7491,7593,8782,8520,9067,7058,7598
'930690,"Bombs, grenades, torpedos, mines, missiles, and other ammunition and projectiles, and parts ...",0,0,0,0,0,0,0,0,0,0,0,0,,,,,,,,,,,,,,,0,0,0,0,0,0,27,0,8,0,37,0
'940120,Seats for motor vehicles,0,0,0,0,0,0,0,0,0,0,0,0,,,,,,,,,,,,,,,403,446,344,411,339,211,307,110,213,136,321,282
'940139,"Swivel seats with variable height adjustments (excl. of wood, and medical, surgical, dental ...",8,0,24,6,0,9,0,0,0,5,0,0,,,,,,,,,,,,,,,4819,5695,5368,4967,4186,3879,4253,4711,5057,5247,3791,5750
'940149,"Seats, convertible into beds (excl. of wood, and garden seats and camping equipment, and medical, ...",0,0,0,0,0,0,0,0,0,0,0,0,,,,,,,,,,,,,,,0,0,0,0,0,0,0,0,0,0,0,0
'940191,"Parts of seats, of wood, n.e.s.",0,0,0,0,0,0,0,0,0,0,0,0,,,,,,,,,,,,,,,39,0,6,27,66,201,188,155,211,108,101,176
'910521,"Wall clocks, electrically operated",0,0,0,0,0,0,0,0,0,0,0,0,,,,,,,,,,,,,,,53,148,57,45,75,89,40,29,27,22,52,29
'902221,"Apparatus based on the use of alpha, beta, gamma or other ionising radiation, for medical, ...",0,0,0,0,0,0,0,0,0,0,0,0,,,,,,,,,,,,,,,0,0,0,0,0,0,0,0,0,0,0,0
'902230,X-ray tubes,0,0,14,0,14,0,0,0,0,0,0,0,,,,,,,,,,,,,,,936,514,1017,784,768,1436,562,882,976,1031,468,1454
'961511,"Combs, hair-slides and the like of hard rubber or plastics",0,0,0,0,0,0,0,0,0,0,0,0,,,,,,,,,,,,,,,237,272,180,186,298,164,306,429,440,371,436,288
'962000,"Monopods, bipods, tripods and similar articles",0,1,0,0,0,0,0,0,1,0,0,0,,,,,,,,,,,,,,,149,444,276,258,338,236,413,438,372,366,330,540
'970192,Mosaics (excl. over 100 years old),0,0,0,0,0,0,0,0,0,0,0,0,,,,,,,,,,,,,,,0,0,0,0,0,0,0,0,0,0,0,0
'970390,"Original sculptures and statuary, in any material (excl. over 100 years old)",0,0,0,0,0,0,0,0,2,2,0,0,,,,,,,,,,,,,,,15,180,174,177,547,111,163,568,80,80,37,97
'940430,"Sleeping bags, whether or non-electrically heated",0,0,0,0,0,0,0,0,0,0,0,0,,,,,,,,,,,,,,,11,7,4,7,8,12,9,12,7,41,9,7
'950590,"Festival, carnival or other entertainment articles, incl. conjuring tricks and novelty jokes, ...",0,0,0,0,0,0,0,0,0,0,0,0,,,,,,,,,,,,,,,226,493,226,340,348,276,492,981,546,777,360,547
'950621,Sailboards,0,0,0,0,0,0,0,0,0,0,0,0,,,,,,,,,,,,,,,16,2,0,0,0,0,6,7,0,0,0,0
'960340,"Paint, distemper, varnish or similar brushes, paint pads and rollers (excl. artists' and similar ...",28,2,0,0,0,0,0,2,0,0,0,0,,,,,,,,,,,,,,,62,33,76,47,72,56,20,70,78,84,46,52
'960810,Ball-point pens,0,0,2,0,0,0,0,0,0,0,0,0,,,,,,,,,,,,,,,483,862,780,786,734,676,791,952,605,903,862,754
'960840,Propelling or sliding pencils,0,0,0,0,0,0,0,0,0,0,0,0,,,,,,,,,,,,,,,181,62,125,169,263,68,90,121,307,183,88,135