Bilateral trade between South Africa and Viet Nam ,,,,,,,,,,,,,,,,,,,,,,,,,,,,,,,,,,,,,,,
Product: TOTAL All products,,,,,,,,,,,,,,,,,,,,,,,,,,,,,,,,,,,,,,,
,,,,,,,,,,,,,,,,,,,,,,,,,,,,,,,,,,,,,,,
Sources: ITC calculations based on South African revenue services (SARS) statistics.,,,,,,,,,,,,,,,,,,,,,,,,,,,,,,,,,,,,,,,
Bilateral trade data have been reported by South Africa,,,,,,,,,,,,,,,,,,,,,,,,,,,,,,,,,,,,,,,
,,,,,,,,,,,,,,,,,,,,,,,,,,,,,,,,,,,,,,,
South Africa's imports have been reported by South Africa,,,,,,,,,,,,,,,,,,,,,,,,,,,,,,,,,,,,,,,
,,,,,,,,,,,,,,,,,,,,,,,,,,,,,,,,,,,,,,,
,,,,,,,,,,,,,,,,,,,,,,,,,,,,,,,,,,,,,,,
Unit : US Dollar thousand,,,,,,,,,,,,,,,,,,,,,,,,,,,,,,,,,,,,,,,
,,,,,,,,,,,,,,,,,,,,,,,,,,,,,,,,,,,,,,,
Product code,Product label,South Africa's imports from Viet Nam,,,,,,,,,,,,Viet Nam's exports to world,,,,,,,,,,,,,South Africa's imports from world,,,,,,,,,,,,
,,Value in 2025-M05,Value in 2025-M06,Value in 2025-M07,Value in 2025-M08,Value in 2025-M09,Value in 2025-M10,Value in 2025-M11,Value in 2025-M12,Value in 2026-M01,Value in 2026-M02,Value in 2026-M03,Value in 2026-M04,,Value in 2025-M05,Value in 2025-M06,Value in 2025-M07,Value in 2025-M08,Value in 2025-M09,Value in 2025-M10,Value in 2025-M11,Value in 2025-M12,Value in 2026-M01,Value in 2026-M02,Value in 2026-M03,Value in 2026-M04,,Value in 2025-M05,Value in 2025-M06,Value in 2025-M07,Value in 2025-M08,Value in 2025-M09,Value in 2025-M10,Value in 2025-M11,Value in 2025-M12,Value in 2026-M01,Value in 2026-M02,Value in 2026-M03,Value in 2026-M04
'TOTAL,All products,104468,104427,114066,103974,118919,118057,136199,120389,119482,130811,158615,131553,,,,,,,,,,,,,,,8513660,8324128,9231598,9439636,9432256,10220161,8727260,8378289,8989034,8197077,9320715,10581362
'851713,Smartphones for wireless networks,23367,17219,33437,22169,28901,38811,56733,33020,40504,61196,77358,38916,,,,,,,,,,,,,,,164625,124198,144992,129663,152694,157337,231281,171857,175355,183918,189593,207644
'851762,"Machines for the reception, conversion and transmission or regeneration of voice, images or ...",11286,10360,7520,10458,19730,7873,12342,14137,7584,6295,10970,10108,,,,,,,,,,,,,,,88769,91647,89128,93474,114236,95557,114870,100201,80374,74249,84745,81033
'847130,"Data-processing machines, automatic, portable, weighing <= 10 kg, consisting of at least a ...",609,1385,796,1120,2517,5018,5827,5408,6396,7157,4645,6247,,,,,,,,,,,,,,,77098,65667,104070,80522,76418,102084,92830,114751,115249,80462,96667,131621
'090111,Coffee (excl. roasted and decaffeinated),2646,1210,482,349,234,648,524,1327,1681,2120,4341,6104,,,,,,,,,,,,,,,8419,9742,9383,9745,12185,10846,10009,11191,7639,10582,12504,17913
'640411,"Sports footwear, incl. tennis shoes, basketball shoes, gym shoes, training shoes and the like, ...",5095,4374,3904,3171,2933,2710,4291,5900,4133,3519,2971,5215,,,,,,,,,,,,,,,9299,8194,7720,6900,6851,6309,7926,9215,7440,6519,6631,7968
'252329,"Portland cement (excl. white, whether or not artificially coloured)",3358,3972,2772,6603,3524,5272,7133,2828,4189,2239,3302,5002,,,,,,,,,,,,,,,4350,4801,3693,7540,4650,6393,7966,3538,4824,2906,4284,6117
'844331,"Machines which perform two or more of the functions of printing, copying or facsimile transmission, ...",2507,1729,3430,3769,3451,3752,3255,3475,4194,1700,2775,3847,,,,,,,,,,,,,,,7990,7850,13494,9480,9981,16261,8529,13571,12380,7695,8731,14917
'270111,"Anthracite, whether or not pulverised, non-agglomerated",0,3518,0,0,0,0,0,0,0,0,0,3778,,,,,,,,,,,,,,,330,9708,520,4985,0,131,54,24,283,3,0,3778
'999999,Commodities not elsewhere specified,3805,3881,3628,5368,5049,5403,1684,2995,4211,2247,4150,3739,,,,,,,,,,,,,,,764436,802704,803952,888987,741631,880896,435376,540998,662804,613446,821554,740137
'640299,Footwear with outer soles and uppers of rubber or plastics (excl. covering the ankle or with ...,3390,4005,3800,2486,2635,2153,2341,3901,3917,4092,2481,3090,,,,,,,,,,,,,,,22187,36014,42796,38138,40180,32191,28383,26136,23608,22795,19831,16662
'640399,"Footwear with outer soles of rubber, plastics or composition leather, with uppers of leather ...",4261,6134,4061,3793,3523,2416,4023,5777,3873,3646,3073,2509,,,,,,,,,,,,,,,14671,18271,21563,20488,15927,14039,15057,18521,14987,11631,12981,10390
'640419,Footwear with outer soles of rubber or plastics and uppers of textile materials (excl. sports ...,3221,4161,3006,3370,2296,1988,2300,2228,2578,2596,1488,2058,,,,,,,,,,,,,,,13177,15381,15854,15261,15989,13736,11835,13157,12911,12916,15992,11214
'844399,"Parts and accessories of printers, copying machines and facsimile machines, n.e.s. (excl. of ...",1155,772,1782,1044,1137,2914,1321,1083,2414,656,1002,1975,,,,,,,,,,,,,,,22662,18462,23965,22837,21524,29058,22845,24498,19996,14757,18099,22492
'270119,"Coal, whether or not pulverised, non-agglomerated (excl. anthracite and bituminous coal)",0,1759,0,0,0,0,0,1881,0,0,0,1889,,,,,,,,,,,,,,,4336,16075,4551,2414,1350,7955,5681,5875,1578,3705,4542,6479
'851830,"Headphones and earphones, whether or not combined with microphone, and sets consisting of a ...",1087,998,1309,1251,2213,4098,1995,2780,1697,1882,1600,1884,,,,,,,,,,,,,,,8035,6113,8274,6159,9941,12271,9804,7151,7070,7999,5862,6886
'090412,"Pepper of the genus Piper, crushed or ground",604,816,444,987,571,1216,963,737,473,667,818,1290,,,,,,,,,,,,,,,734,1357,1363,1321,1553,1625,1790,1620,1063,1300,1697,1361
'090411,"Pepper of the genus Piper, neither crushed nor ground",1760,806,823,1325,1351,886,155,1086,929,909,1118,1246,,,,,,,,,,,,,,,1889,1075,980,1732,1462,1278,435,1291,1261,1408,1130,1521
'850720,Lead acid accumulators (excl. spent and starter batteries),378,356,617,685,505,822,488,294,829,618,472,1051,,,,,,,,,,,,,,,5904,6954,7999,7014,4285,6978,4871,4156,4787,3677,3669,4670
'280470,Phosphorus,273,1118,0,0,0,0,0,0,0,0,921,998,,,,,,,,,,,,,,,273,1118,271,0,3,0,0,48,0,0,971,998
'901890,"Instruments and appliances used in medical, surgical or veterinary sciences, n.e.s.",162,85,719,46,32,823,150,72,106,753,33,879,,,,,,,,,,,,,,,33557,37688,38992,36731,45567,41464,33972,35881,29943,36277,42903,35143
'844332,"Machines which only perform one of the functions of printing, copying or facsimile transmission, ...",135,307,188,159,175,219,220,294,202,220,122,729,,,,,,,,,,,,,,,4458,4663,4877,4438,4968,5005,4461,3457,5872,2912,4188,6988
'852852,Monitors capable of directly connecting to and designed for use with an automatic data processing ...,470,285,350,358,513,670,427,686,564,530,799,720,,,,,,,,,,,,,,,5305,3670,4997,4103,6148,8342,4393,4797,5386,5209,5214,6389
'100630,"Semi-milled or wholly milled rice, whether or not polished or glazed",724,964,1043,568,287,554,702,532,269,260,760,709,,,,,,,,,,,,,,,37278,41986,47143,47807,44813,57563,51367,28787,47647,32569,32376,46928
'401120,"New pneumatic tyres, of rubber, of a kind used for buses and lorries (excl. tyres with lug, ...",2104,558,791,699,1251,181,542,382,54,522,263,704,,,,,,,,,,,,,,,21431,18241,20221,18414,19299,24936,20352,25939,19246,22910,20538,27684
'851779,"Parts of telephone sets, telephones for cellular networks or for other wireless networks and ...",535,555,436,543,1240,750,934,613,488,293,971,619,,,,,,,,,,,,,,,34253,13908,11108,21041,25851,18720,28002,54465,10642,13108,21147,18805
'420292,"Travelling-bags, insulated food or beverage bags, toilet bags, rucksacks, shopping-bags, map-cases, ...",495,391,445,460,705,489,803,944,610,421,786,606,,,,,,,,,,,,,,,5574,5961,8095,8568,10340,13617,9952,9622,6611,6156,7292,5419
'610463,"Women's or girls' trousers, bib and brace overalls, breeches and shorts of synthetic fibres, ...",294,313,242,305,145,178,238,370,318,216,173,524,,,,,,,,,,,,,,,2309,2352,2608,2894,2846,2905,2472,4490,3884,5033,5873,5145
'845020,"Laundry-type washing machines, of a dry linen capacity > 10 kg",43,125,186,174,233,558,129,168,151,383,402,477,,,,,,,,,,,,,,,5922,4958,6564,8339,7178,11709,5649,5244,4688,6743,5878,9772
'847050,Cash registers incorporating a calculating device,965,1062,3488,1281,1316,932,653,1029,831,45,359,474,,,,,,,,,,,,,,,5637,3987,8605,6707,5116,6349,4403,8267,5727,7639,9359,5865
'940360,"Wooden furniture (excl. for offices, kitchens and bedrooms, and seats)",616,148,395,171,374,424,236,188,338,240,69,472,,,,,,,,,,,,,,,4159,3609,4222,5175,5633,7297,5188,4478,4198,3978,3594,4428
'380210,"Activated carbon (excl. medicaments or deodorant products for fridges, vehicles etc., put up ...",0,0,0,0,0,0,0,0,0,0,105,467,,,,,,,,,,,,,,,2059,2695,3011,1281,2508,2933,3729,3165,554,2463,2317,2673
'960200,Worked vegetable or mineral carving material and articles of these materials n.e.s; moulded ...,62,96,61,233,34,207,65,150,120,172,173,460,,,,,,,,,,,,,,,661,758,669,827,370,976,722,991,1250,873,607,1202
'090932,"Cumin seeds, crushed or ground",244,103,78,0,0,78,77,526,40,124,148,460,,,,,,,,,,,,,,,453,218,225,158,178,199,255,597,253,299,202,633
'080132,"Fresh or dried cashew nuts, shelled",105,593,593,673,1249,446,623,678,329,117,776,456,,,,,,,,,,,,,,,2607,1390,1500,2691,2743,1528,1587,2022,1875,1269,1930,1911
'650500,"Hats and other headgear, knitted or crocheted, or made up from lace, felt or other textile ...",194,446,219,304,124,156,360,405,183,193,357,454,,,,,,,,,,,,,,,4702,5070,5738,5665,4786,5774,5121,4546,4791,6020,6188,5411
'640219,Sports footwear with outer soles and uppers of rubber or plastics (excl. waterproof footwear ...,651,950,1157,897,992,805,559,553,609,136,170,435,,,,,,,,,,,,,,,2835,3531,3903,3795,4297,4017,3503,3523,2353,1189,1531,2308
'330610,"Dentifrices, incl. those used by dental practitioners",104,345,88,0,142,371,303,32,569,291,122,399,,,,,,,,,,,,,,,2684,3243,4041,4798,3949,7131,4664,3935,4782,3652,4933,6501
'610990,"T-shirts, singlets and other vests of textile materials, knitted or crocheted (excl. cotton)",978,1388,623,648,292,447,932,760,462,896,694,392,,,,,,,,,,,,,,,6289,8622,7309,7591,8118,9473,8605,8307,7659,8501,7754,7106
'847330,Parts and accessories of automatic data-processing machines or for other machines of heading ...,501,200,317,128,181,163,246,189,317,259,320,370,,,,,,,,,,,,,,,9378,11398,11199,9855,10665,11788,11151,8001,15028,11622,11670,11398
'847180,"Units for automatic data-processing machines (excl. processing units, input or output units ...",98,117,51,117,54,132,178,63,57,273,213,349,,,,,,,,,,,,,,,4878,3301,4184,3773,7597,10675,6074,7671,9087,6278,9550,8108
'850760,Lithium-ion accumulators (excl. spent),27,16,16,15,200,390,9,7,191,14,12,337,,,,,,,,,,,,,,,42375,30439,23873,21110,25839,25927,108161,34423,30112,30821,32398,45689
'350510,"Dextrins and other modified starches, e.g. pregelatinised or esterified starches",262,249,344,434,70,432,339,470,135,276,181,335,,,,,,,,,,,,,,,3230,5271,5559,4746,6532,6004,5560,6922,5532,3334,4868,6449
'850440,Static converters,528,678,516,705,777,294,846,405,641,698,589,331,,,,,,,,,,,,,,,44255,33810,44945,31266,32611,38082,35886,39542,35412,40626,41570,38993
'940350,Wooden furniture for bedrooms (excl. seats),175,145,228,31,179,140,193,122,166,210,94,315,,,,,,,,,,,,,,,2068,1980,1788,1870,2161,2331,1934,2273,2001,1751,2059,2297
'852589,"Television cameras, digital cameras and video camera recorders (excl. high-speed, radiation-hardened ...",157,203,108,278,177,426,225,183,388,123,165,313,,,,,,,,,,,,,,,10778,10764,13088,15260,12993,16065,18099,15232,13456,12522,11384,18080
'961700,"Vacuum flasks and other vacuum vessels, and parts thereof (excl. glass inners)",0,0,81,0,0,9,61,0,0,0,180,304,,,,,,,,,,,,,,,2201,1813,2081,1665,2224,2463,2105,2457,1860,2053,3629,2092
'210690,"Food preparations, n.e.s.",227,253,143,149,120,107,457,324,206,250,64,302,,,,,,,,,,,,,,,20840,19533,22863,20615,16927,19242,17772,19711,23095,15431,25331,23925
'852990,"Parts suitable for use solely or principally with flat panel display modules, transmission ...",403,280,311,467,155,272,45,67,59,34,28,300,,,,,,,,,,,,,,,5433,4466,5984,7217,7815,5813,5765,6095,5125,8211,3759,6428
'080111,Desiccated coconuts,212,424,498,699,390,518,29,219,199,101,170,295,,,,,,,,,,,,,,,1291,1607,1179,1655,1205,883,313,1010,1016,619,1111,1163
'283650,Calcium carbonate,12,31,68,114,0,174,63,12,61,24,242,287,,,,,,,,,,,,,,,1076,1212,1103,1696,1319,1651,1562,866,1359,1082,1219,1555
'390769,"Poly""ethylene terephthalate"", in primary forms, having a viscosity number of < 78 ml/g",0,128,101,0,0,0,0,0,0,0,97,272,,,,,,,,,,,,,,,432,520,1394,848,412,642,487,353,290,236,434,797
'681182,"Sheets, panels, paving, tiles and similar articles, of cellulose fibre-cement or the like, ...",0,57,21,16,119,0,250,0,119,81,336,266,,,,,,,,,,,,,,,51,553,331,326,502,563,878,673,652,505,999,1205
'090620,Crushed or ground cinnamon and cinnamon-tree flowers,74,57,44,157,101,96,163,58,62,84,81,254,,,,,,,,,,,,,,,129,108,193,337,233,137,290,109,224,214,215,324
'950631,"Golf clubs, complete",181,268,408,444,77,74,243,549,750,235,556,252,,,,,,,,,,,,,,,1333,1391,1612,1593,1484,1140,1722,2395,2050,1348,2136,1957
'640391,"Footwear with outer soles of rubber, plastics or composition leather, with uppers of leather, ...",316,606,263,172,752,295,392,739,421,226,571,250,,,,,,,,,,,,,,,1258,1412,1762,3179,2531,1787,1471,2263,2095,2491,2814,1306
'610910,"T-shirts, singlets and other vests of cotton, knitted or crocheted",471,585,432,397,352,302,277,845,441,303,317,244,,,,,,,,,,,,,,,11024,12516,19631,24550,28109,25294,21834,14388,11033,11122,13557,12047
'200819,"Nuts and other seeds, incl. mixtures, prepared or preserved (excl. prepared or preserved with ...",71,144,93,48,87,174,40,65,28,121,85,237,,,,,,,,,,,,,,,1672,2288,2658,3367,2180,3039,1390,2292,1868,1578,3117,4275
'382499,"Chemical products and preparations of the chemical or allied industries, incl. those consisting ...",12,83,99,112,94,115,135,98,71,103,63,231,,,,,,,,,,,,,,,25017,27367,32882,27933,41765,41918,28951,35229,28549,30924,43643,30882
'854442,"Electric conductors for a voltage <= 1.000 V, insulated, fitted with connectors, n.e.s.",228,170,242,291,325,320,379,237,428,498,404,230,,,,,,,,,,,,,,,11170,11702,13123,12845,13016,13508,12143,9221,12653,12254,14619,11907
'851829,"Loudspeakers, without enclosure",194,657,453,398,245,338,407,142,452,298,45,226,,,,,,,,,,,,,,,2301,2243,2679,1796,4178,3863,2478,1804,2420,2528,1419,2377
'851981,"Sound recording or sound reproducing apparatus, using magnetic, optical or semiconductor media ...",269,248,563,114,1546,394,184,182,352,405,332,217,,,,,,,,,,,,,,,378,390,873,498,1944,752,669,494,538,613,803,530
'620343,"Men's or boys' trousers, bib and brace overalls, breeches and shorts of synthetic fibres (excl. ...",259,428,518,360,205,177,165,376,153,196,314,207,,,,,,,,,,,,,,,3688,4287,5051,5247,6767,8174,7445,4815,3591,3468,4603,3276
'847190,"Magnetic or optical readers, machines for transcribing data onto data media in coded form and ...",308,241,228,152,180,229,105,95,179,48,174,204,,,,,,,,,,,,,,,4238,3718,2192,2212,1879,1514,1181,1535,1343,1263,2983,1369
'590220,"Tyre cord fabric of high-tenacity polyester yarn, whether or not dipped or impregnated with ...",364,243,179,228,113,111,110,56,344,381,144,203,,,,,,,,,,,,,,,751,1116,1766,913,393,835,359,972,835,1274,722,1169
'902830,"Electricity supply or production meters, incl. calibrating meters therefor",1775,574,899,0,168,21,648,16,557,697,1345,201,,,,,,,,,,,,,,,5464,4756,3910,5984,7479,6971,3801,1905,6244,25564,10021,7955
'841810,"Combined refrigerator-freezers, with separate external doors or drawers, or combinations thereof",131,76,69,99,155,396,77,143,93,270,153,200,,,,,,,,,,,,,,,6242,4617,4552,5351,5876,5379,2904,2613,3234,4467,6569,6214
'611030,"Jerseys, pullovers, cardigans, waistcoats and similar articles, of man-made fibres, knitted ...",101,255,84,46,120,113,111,237,111,129,521,199,,,,,,,,,,,,,,,5792,4049,2759,2658,2504,3352,3153,7413,10455,17576,21081,12366
'611020,"Jerseys, pullovers, cardigans, waistcoats and similar articles, of cotton, knitted or crocheted ...",198,216,89,95,75,68,124,222,178,110,121,198,,,,,,,,,,,,,,,5058,3601,3351,2545,2647,2929,4400,6533,7241,7278,12787,8099
'950300,"Tricycles, scooters, pedal cars and similar wheeled toys; dolls' carriages; dolls; other toys; ...",327,256,505,661,576,319,260,794,651,925,342,197,,,,,,,,,,,,,,,8556,13754,15750,20890,20519,14471,10847,14749,8035,9671,10222,8914
'901839,"Needles, catheters, cannulae and the like, used in medical, surgical, dental or veterinary ...",312,134,94,138,104,67,99,74,74,118,129,196,,,,,,,,,,,,,,,12706,11927,11470,13383,11941,13697,12210,11375,10458,10545,15318,12344
'730900,"Reservoirs, tanks, vats and similar containers, of iron or steel, for any material ""other than ...",0,0,0,0,0,0,0,0,0,316,180,190,,,,,,,,,,,,,,,275,632,2306,738,651,1524,1245,842,691,1730,987,843
'851822,"Multiple loudspeakers, mounted in the same enclosure",288,30,314,37,341,324,405,136,350,283,128,187,,,,,,,,,,,,,,,5686,3819,2897,2172,8451,4718,4436,2796,2734,3967,5358,4961
'852351,"Solid-state, non-volatile data storage devices for recording data from an external source [flash ...",163,41,30,6,496,16,2,6,91,93,217,186,,,,,,,,,,,,,,,4573,2873,4259,4482,3930,4919,4456,3729,4698,5747,5486,5238
'401110,"New pneumatic tyres, of rubber, of a kind used for motor cars, incl. station wagons and racing ...",898,23,857,322,1169,1049,714,422,285,364,782,175,,,,,,,,,,,,,,,18299,17318,21661,19294,18218,23428,20318,28375,19456,21133,22435,26643
'620140,"Men's or boys' overcoats, car-coats, capes, cloaks, anoraks, incl. ski jackets, wind-cheaters, ...",94,144,151,182,92,65,227,164,185,174,343,174,,,,,,,,,,,,,,,2482,1663,1680,1166,1499,1730,1593,2799,4332,6180,9928,5054
'845210,Sewing machines of the household type,1,2,202,262,0,217,225,235,154,0,42,171,,,,,,,,,,,,,,,367,157,377,363,211,282,297,315,247,201,75,299
'710813,"Gold, incl. gold plated with platinum, in semi-manufactured forms, for non-monetary purposes",50,68,19,69,136,70,43,64,0,55,43,165,,,,,,,,,,,,,,,103330,112812,89626,156930,104655,193190,134566,121486,121361,109247,149003,111296
'940161,"Upholstered seats, with wooden frames (excl. convertible into beds)",71,139,137,93,137,145,107,89,149,32,87,162,,,,,,,,,,,,,,,3134,2638,3655,3292,4978,5085,3465,4574,3236,2664,3304,3100
'854449,"Electric conductors, for a voltage <= 1.000 V, insulated, not fitted with connectors, n.e.s.",7,10,1,3,3,2,2,1,3,12,1,159,,,,,,,,,,,,,,,12473,13896,13605,13999,10947,11885,10540,9597,12509,10703,11271,12639
'401693,"Gaskets, washers and other seals, of vulcanised rubber (excl. hard rubber and those of cellular ...",84,76,337,126,133,118,119,106,145,99,101,151,,,,,,,,,,,,,,,6891,6541,8373,7705,8185,6895,7073,7975,5820,7340,6570,7481
'320619,Pigments and preparations based on titanium dioxide of a kind used for colouring any material ...,0,1,0,0,0,0,123,86,122,118,10,151,,,,,,,,,,,,,,,613,752,578,789,447,755,948,698,979,615,595,957
'910212,"Wrist-watches, whether or not incorporating a stop-watch facility, electrically operated, with ...",284,214,225,89,176,0,0,49,147,159,55,145,,,,,,,,,,,,,,,3128,1773,1887,1648,2982,2354,2860,2109,2030,2039,2571,3096
'902140,Hearing aids (excl. parts and accessories),243,443,300,314,274,429,395,409,299,597,972,142,,,,,,,,,,,,,,,2061,2685,2436,2031,2434,2607,2601,2276,2294,2487,3786,2796
'610462,"Women's or girls' trousers, bib and brace overalls, breeches and shorts of cotton, knitted ...",126,38,27,63,27,51,49,54,224,124,109,141,,,,,,,,,,,,,,,2371,2373,2190,3143,2130,2109,1919,2431,3010,2442,3507,2801
'321590,"Ink, whether or not concentrated or solid (excl. printing ink)",0,0,0,0,0,0,1,1,0,0,0,137,,,,,,,,,,,,,,,2021,1529,2452,2632,2298,2126,2136,1720,2483,1282,2197,2596
'610510,"Men's or boys' shirts of cotton, knitted or crocheted (excl. nightshirts, T-shirts, singlets ...",65,43,6,68,47,71,28,69,156,49,69,132,,,,,,,,,,,,,,,2323,2857,5141,4666,6072,5926,5103,3568,3449,2755,3656,2845
'620240,"Women's or girls' overcoats, car-coats, capes, cloaks, anoraks, incl. ski jackets, wind-cheaters, ...",149,155,94,92,123,69,140,314,196,152,300,128,,,,,,,,,,,,,,,2331,1517,1449,1003,815,936,1080,2184,3416,5447,9684,4808
'851840,Audio-frequency electric amplifiers,22,25,143,86,234,85,80,37,67,9,191,125,,,,,,,,,,,,,,,906,1258,1129,945,1769,1379,1465,1158,961,1342,1507,2133
'610520,"Men's or boys' shirts of man-made fibres, knitted or crocheted (excl. nightshirts, T-shirts, ...",151,120,141,63,167,198,106,229,108,146,1347,125,,,,,,,,,,,,,,,1854,1557,1903,1810,2043,2660,2526,1586,2044,1802,3648,2170
'200989,"Juice of fruit or vegetables, unfermented, whether or not containing added sugar or other sweetening ...",33,142,363,20,309,46,139,262,17,116,110,124,,,,,,,,,,,,,,,974,931,1169,1075,1462,963,1929,1810,1574,266,1491,1904
'620463,"Women's or girls' trousers, bib and brace overalls, breeches and shorts of synthetic fibres ...",213,257,235,132,88,48,110,174,128,125,162,124,,,,,,,,,,,,,,,2810,2848,3282,3513,3230,3761,3138,2996,2447,2846,2852,2178
'950691,"Articles and equipment for general physical exercise, gymnastics or athletics",8,86,25,68,80,117,215,140,117,42,2,122,,,,,,,,,,,,,,,3716,4344,5003,5268,5935,6887,4517,4516,5251,4046,4567,4230
'960321,"Tooth brushes, incl. dental-plate brushes",129,91,235,157,110,164,191,146,135,129,119,113,,,,,,,,,,,,,,,1431,1207,1837,1161,1364,1397,1524,1619,1573,1510,2203,1154
'392690,"Articles of plastics and articles of other materials of heading 3901 to 3914, n.e.s (excl. ...",54,94,177,133,75,38,61,33,62,163,44,108,,,,,,,,,,,,,,,21653,21059,25139,24340,26957,24973,26031,22511,23999,22365,25447,24699
'420221,"Handbags, whether or not with shoulder straps, incl. those without handles, with outer surface ...",58,87,82,6,132,209,8,82,152,127,10,101,,,,,,,,,,,,,,,1407,1642,1401,1690,1960,1919,1206,2235,1831,1556,1740,1572
'847160,"Input or output units for automatic data-processing machines, whether or not containing storage ...",30,218,90,727,121,147,113,74,24,158,348,97,,,,,,,,,,,,,,,2814,5655,6086,5561,6978,7347,3936,9995,6813,4466,4246,4265
'854231,"Electronic integrated circuits as processors and controllers, whether or not combined with ...",478,1009,624,667,1041,760,254,352,492,29,293,96,,,,,,,,,,,,,,,3192,4643,4731,3702,5006,4283,3584,3330,4309,3695,3554,3634
'390729,"Polyethers, in primary forms (excl. polyacetals, bis(polyoxyethylene) methylphosphonate and ...",30,58,30,152,29,0,32,32,65,30,0,95,,,,,,,,,,,,,,,7623,7478,7196,10591,5909,11556,3948,3261,5129,4780,8990,13288
'940169,"Seats, with wooden frames (excl. upholstered)",50,47,83,70,188,245,243,43,73,46,73,95,,,,,,,,,,,,,,,582,436,933,620,892,903,877,469,522,531,414,528
'900190,"Lenses, prisms, mirrors and other optical elements, of any material, unmounted (excl. such ...",24,3,12,10,1,2,6,8,7,8,21,92,,,,,,,,,,,,,,,531,620,583,490,795,631,1112,687,792,571,590,498
'850450,Inductors (excl. inductors for discharge lamps or tubes),45,15,73,47,46,12,53,35,51,18,16,91,,,,,,,,,,,,,,,577,353,965,531,685,568,4941,666,871,471,563,715
'845229,"Sewing machines, industrial type (excl. automatic units)",0,97,43,266,0,238,49,19,100,0,0,91,,,,,,,,,,,,,,,1047,652,973,1526,738,1305,823,1214,1582,1073,798,1462
'321519,"Printing ink, whether or not concentrated or solid (excl. black ink)",134,0,88,21,116,0,120,11,33,12,103,89,,,,,,,,,,,,,,,7273,6557,6088,6574,6878,8822,6892,3706,7080,3362,7699,4371
'731815,"Threaded screws and bolts, of iron or steel, whether or not with their nuts and washers (excl. ...",25,25,37,30,91,81,124,116,131,110,121,88,,,,,,,,,,,,,,,7991,7126,8894,10360,9118,9285,8039,8970,8376,7746,9176,7964
'170490,"Sugar confectionery not containing cocoa, incl. white chocolate (excl. chewing gum)",60,70,38,104,38,0,20,123,194,39,38,86,,,,,,,,,,,,,,,5243,5959,5492,4975,5618,5693,4725,4519,4996,4385,5250,4230
'842199,"Parts of machinery and apparatus for filtering or purifying liquids or gases, n.e.s.",62,22,48,93,56,60,67,164,152,41,67,86,,,,,,,,,,,,,,,26655,32007,38697,46916,26801,29685,35224,26960,28316,37217,37844,31936
'560741,"Binder or baler twine, of polyethylene or polypropylene",0,0,177,27,27,158,0,79,0,0,87,85,,,,,,,,,,,,,,,0,20,177,497,484,221,108,436,299,1,163,167
'853710,"Boards, cabinets and similar combinations of apparatus for electric control or the distribution ...",216,181,169,18,24,44,7,20,6,10,20,85,,,,,,,,,,,,,,,18680,15270,19249,18128,19276,16582,16689,16025,16621,19499,19283,20890
'847150,"Processing units for automatic data-processing machines, whether or not containing in the same ...",121,37,15,99,80,210,858,24,157,991,698,83,,,,,,,,,,,,,,,31561,30870,39435,146638,55569,56831,225459,72966,69915,79404,47086,61831
'847170,Storage units for automatic data-processing machines,569,234,379,314,362,391,557,528,626,101,300,83,,,,,,,,,,,,,,,14715,10380,13546,11048,23885,20879,16801,12831,13124,13100,18610,13861
'611212,"Track-suits of synthetic fibres, knitted or crocheted",6,31,16,40,29,29,26,181,44,15,60,83,,,,,,,,,,,,,,,137,101,160,137,71,104,66,919,432,860,349,272
'847989,"Machines and mechanical appliances, n.e.s.",115,61,72,169,70,246,188,71,4,6,16,82,,,,,,,,,,,,,,,21532,18377,36260,37019,28522,19858,16006,16694,26392,26642,15829,26263
'380991,"Finishing agents, dye carriers to accelerate the dyeing or fixing of dyestuffs, and other products ...",26,322,113,82,155,198,48,27,206,53,97,81,,,,,,,,,,,,,,,697,1236,1033,1382,1376,1488,1798,1237,1765,1342,2282,1585
'851680,Electric heating resistors (excl. those of agglomerated coal and graphite),1,1,0,0,2,10,0,0,1,54,2,81,,,,,,,,,,,,,,,2042,2145,2258,2595,2577,2332,1685,1923,1874,1757,2390,2099
'960990,"Pencils, pastels, drawing charcoals, writing or drawing chalks and tailors' chalks",52,51,75,106,16,9,31,0,0,0,0,81,,,,,,,,,,,,,,,420,491,626,568,578,494,319,221,156,117,117,293
'610230,"Women's or girls' overcoats, car coats, capes, cloaks, anoraks, incl. ski jackets, windcheaters, ...",56,24,27,22,19,2,26,75,76,111,284,81,,,,,,,,,,,,,,,460,394,390,317,162,283,379,890,842,1462,2318,1141
'853190,"Parts of electric sound or visual signalling apparatus, n.e.s.",1,1,2,0,1,2,12,0,62,1,0,80,,,,,,,,,,,,,,,2733,2555,1947,2501,2556,2354,2167,3156,1446,1950,1923,3127
'852352,"Cards incorporating one or more electronic integrated circuits ""smart cards""",0,0,0,0,0,0,0,0,0,0,0,78,,,,,,,,,,,,,,,10526,16409,10186,6330,9996,10407,14837,17530,6367,4046,10228,12360
'940199,"Parts of seats, not of wood, n.e.s.",220,31,67,119,92,18,28,0,61,86,112,78,,,,,,,,,,,,,,,17334,15556,22742,20394,16927,18901,9283,11794,21782,13522,17394,16313
'842131,Intake air filters for internal combustion engines,0,0,0,0,0,1,2,2,0,0,0,77,,,,,,,,,,,,,,,6192,5623,6170,6478,6908,6783,5666,6544,6084,4971,6313,6840
'620462,"Women's or girls' trousers, bib and brace overalls, breeches and shorts of cotton (excl. knitted ...",54,119,83,62,58,71,34,84,97,99,116,75,,,,,,,,,,,,,,,9424,11985,18008,14310,15569,20482,14989,9097,8229,9088,10195,9875
'852791,"Radio-broadcast receivers, for mains operation only, combined with sound recording or reproducing ...",14,110,178,5,261,71,8,13,64,40,213,74,,,,,,,,,,,,,,,284,462,993,794,1451,1150,472,444,649,943,723,621
'940210,"Dentists', barbers' or similar chairs having rotating as well as both reclining and elevating ...",0,0,0,0,0,77,1,0,0,0,7,74,,,,,,,,,,,,,,,160,470,43,141,252,344,834,377,153,221,91,334
'600632,"Dyed fabrics, knitted or crocheted, of synthetic fibres, of a width of > 30 cm (excl. warp ...",0,7,0,24,0,0,0,2,0,0,106,74,,,,,,,,,,,,,,,2191,1724,2443,1744,2195,3762,2424,3263,3104,2190,2078,1322
'847431,Concrete or mortar mixers (excl. those mounted on railway wagons or lorry chassis),0,28,0,32,27,33,59,23,92,61,0,71,,,,,,,,,,,,,,,718,890,723,762,584,148,1184,271,2384,1025,474,430
'950699,Articles and equipment for sport and outdoor games n.e.s; swimming and paddling pools,55,26,82,6,64,115,76,78,31,41,91,68,,,,,,,,,,,,,,,2762,3308,3701,4665,3827,3285,3073,3467,3028,2065,1910,2680
'560819,"Knotted netting of twine, cordage, ropes or cables, by the piece or metre; made-up nets, of ...",76,104,0,270,70,103,67,300,0,0,32,66,,,,,,,,,,,,,,,178,354,316,765,803,412,730,1106,463,292,392,317
'090812,"Nutmeg, crushed or ground",379,26,0,95,365,85,0,16,0,104,296,65,,,,,,,,,,,,,,,415,119,23,99,441,133,86,172,51,140,398,140
'550320,"Staple fibres of polyesters, not carded, combed or otherwise processed for spinning",0,0,0,48,0,0,48,0,0,0,0,65,,,,,,,,,,,,,,,927,875,1299,926,1294,1773,1059,751,1241,1457,1430,2156
'851821,"Single loudspeakers, mounted in their enclosures",29,88,16,23,123,124,114,27,38,31,41,65,,,,,,,,,,,,,,,1848,1735,1547,1589,3326,1902,2596,1768,1475,1623,1640,1086
'630790,"Made-up articles of textile materials, incl. dress patterns, n.e.s.",15,3,51,7,16,95,53,45,25,291,23,65,,,,,,,,,,,,,,,2782,2276,2810,2657,2798,3841,2875,3157,3592,3777,3056,3830
'621210,"Brassieres of all types of textile materials, whether or not elasticated, incl. knitted or ...",95,136,142,125,131,65,88,193,78,84,129,64,,,,,,,,,,,,,,,2290,3567,5689,2968,4377,4235,3584,3641,3358,2631,3199,2781
'940389,"Furniture of other materials, including cane, osier or similar materials (excl. of bamboo, ...",83,27,33,30,42,41,3,23,39,6,8,61,,,,,,,,,,,,,,,848,494,723,525,929,1033,534,752,565,390,665,765
'853400,Printed circuits,5,17,63,2,7,33,19,52,13,24,84,61,,,,,,,,,,,,,,,2830,3024,2550,2652,3527,3219,2596,2331,2644,2991,2524,2797
'851290,"Parts of electrical lighting or signalling equipment, windscreen wipers, defrosters and demisters ...",133,8,75,12,70,64,67,32,82,99,18,60,,,,,,,,,,,,,,,3178,3605,3636,3304,3814,3823,2593,2318,3278,2759,2680,3464
'610342,"Men's or boys' trousers, bib and brace overalls, breeches and shorts of cotton, knitted or ...",76,102,51,44,25,21,72,67,52,22,22,60,,,,,,,,,,,,,,,1715,1633,2334,2336,2910,2194,1914,2141,2571,2102,3500,2631
'540720,"Woven fabrics of strip or the like, of synthetic filament, incl. monofilament of >= 67 decitex ...",120,204,191,159,69,227,160,98,144,162,114,59,,,,,,,,,,,,,,,912,1149,718,818,939,1059,999,978,1036,1139,823,617
'902610,Instruments and apparatus for measuring or checking the flow or level of liquids (excl. meters ...,5,5,2,10,1,2,0,2,18,5,1,58,,,,,,,,,,,,,,,5512,5496,5852,5106,5160,5336,4846,5956,3949,4756,5142,5828
'320740,"Glass frit and other glass in the form of powder, granules or flakes",20,0,0,37,0,0,159,61,50,0,45,58,,,,,,,,,,,,,,,1387,292,471,149,770,651,531,307,792,730,1735,274
'420222,"Handbags, whether or not with shoulder straps, incl. those without handles, with outer surface ...",135,72,214,161,7,471,118,147,59,32,52,58,,,,,,,,,,,,,,,4490,5166,6241,5022,4660,7214,4482,6342,4574,4863,4318,3918
'640590,"Footwear with outer soles of rubber or plastics, with uppers other than rubber, plastics, leather ...",11,5,6,17,25,6,60,16,121,206,81,57,,,,,,,,,,,,,,,270,270,193,533,398,352,346,407,532,630,221,240
'590310,"Textile fabrics impregnated, coated, covered or laminated with poly""vinyl chloride"" (excl. ...",0,0,0,52,0,53,0,0,0,52,0,55,,,,,,,,,,,,,,,853,594,853,851,873,1017,490,572,798,960,640,700
'940191,"Parts of seats, of wood, n.e.s.",0,16,0,9,22,32,0,41,19,0,22,55,,,,,,,,,,,,,,,37,201,147,54,113,98,87,69,56,37,44,78
'620342,"Men's or boys' trousers, bib and brace overalls, breeches and shorts, of cotton (excl. knitted ...",140,80,151,330,126,63,79,151,105,53,37,55,,,,,,,,,,,,,,,13041,14827,26580,20754,28260,30818,25592,14967,12244,11254,14172,14071
'611430,"Special garments for professional, sporting or other purposes, n.e.s., of man-made fibres, ...",52,109,49,44,49,40,110,74,56,39,23,54,,,,,,,,,,,,,,,594,670,534,753,614,723,903,762,743,1487,953,955
'621133,"Men's or boys' tracksuits and other garments, n.e.s. of man-made fibres (excl. knitted or ...",4,65,9,129,73,34,55,17,109,60,11,54,,,,,,,,,,,,,,,275,304,245,314,363,170,343,300,359,295,214,313
'253090,"Arsenic sulfides, alunite, pozzuolana, earth colours and other mineral substances, n.e.s.",240,115,0,0,0,0,0,111,0,0,0,54,,,,,,,,,,,,,,,412,779,348,123,245,529,93,358,207,67,198,163
'640291,"Footwear covering the ankle, with outer soles and uppers of rubber or plastics (excl. waterproof ...",54,19,25,17,50,33,69,53,99,109,76,53,,,,,,,,,,,,,,,1593,872,1145,592,751,533,488,1911,3932,6349,9441,2380
'620520,"Men's or boys' shirts of cotton (excl. knitted or crocheted, nightshirts, singlets and other ...",29,11,65,76,21,26,43,16,30,76,33,51,,,,,,,,,,,,,,,1234,1926,3678,3110,2991,2964,3335,1892,2130,1992,2032,2379
'700729,"Laminated safety glass (excl. glass of size and shape suitable for incorporation in motor vehicles, ...",0,0,0,0,0,0,21,34,0,0,0,51,,,,,,,,,,,,,,,49,227,190,170,236,120,168,199,100,33,129,157
'261510,Zirconium ores and concentrates,0,0,0,0,0,0,0,0,0,0,0,49,,,,,,,,,,,,,,,0,0,0,0,104,0,157,0,0,0,0,70
'854720,"Insulating fittings for electrical purposes, of plastics",69,48,57,65,51,63,29,48,83,40,26,49,,,,,,,,,,,,,,,3316,2891,4492,4227,3456,2847,2022,1843,2292,2202,1680,2351
'620530,"Men's or boys' shirts of man-made fibres (excl. knitted or crocheted, nightshirts, singlets ...",8,6,6,9,4,4,13,20,23,8,19,49,,,,,,,,,,,,,,,1081,1202,1564,1397,1653,1969,2040,1236,1164,1339,1280,1065
'852859,"Monitors (excl. with TV receiver, CRT and those designed for computer use)",0,1,1,76,8,77,37,5,29,4,41,48,,,,,,,,,,,,,,,2300,2121,1533,3236,2792,4415,2059,3783,9211,7937,9087,9381
'854370,"Electrical machines and apparatus, having individual functions, n.e.s. in chapter 85",88,30,59,59,115,24,14,25,43,8,23,48,,,,,,,,,,,,,,,10909,14405,30915,23514,24547,31911,33376,16915,16157,17505,23132,20807
'841391,"Parts of pumps for liquids, n.e.s.",19,10,3,17,9,7,37,11,22,43,5,48,,,,,,,,,,,,,,,10968,9828,11533,12165,11719,13242,9591,12125,9048,9912,10401,13153
'100640,Broken rice,16,0,33,37,0,0,31,69,0,235,3,48,,,,,,,,,,,,,,,53,210,336,655,102,266,274,292,268,340,234,876
'621143,"Women's or girls' tracksuits and other garments, n.e.s. of man-made fibres (excl. knitted or ...",19,19,10,24,13,3,15,22,12,23,21,46,,,,,,,,,,,,,,,399,383,634,752,580,628,606,530,390,472,647,577
'540244,"Synthetic filament elastomeric yarn, single, untwisted or with a twist of <= 50 turns per metre ...",129,121,47,125,105,84,0,125,48,46,92,44,,,,,,,,,,,,,,,503,500,457,490,381,283,270,434,217,503,359,509
'853650,Switches for a voltage <= 1.000 V (excl. relays and automatic circuit breakers),21,26,30,24,22,24,27,15,24,30,22,44,,,,,,,,,,,,,,,7522,7252,8677,8303,9614,8572,7963,6616,7756,7426,8169,6835
'851629,Electric space-heating and soil-heating apparatus (excl. storage heating radiators),24,37,186,41,36,104,115,2,2,1,0,44,,,,,,,,,,,,,,,871,416,505,246,173,391,326,279,1935,3102,3672,2004
'711790,"Imitation jewellery (excl. jewellery, of base metal, whether or not clad with silver, gold ...",1,0,8,0,10,55,2,2,12,3,2,44,,,,,,,,,,,,,,,1064,1098,1209,1274,1321,1537,1614,1378,1217,1006,965,1103
'620640,"Women's or girls' blouses, shirts and shirt-blouses of man-made fibres (excl. knitted or crocheted ...",15,10,19,16,42,9,30,13,22,45,43,42,,,,,,,,,,,,,,,1427,1841,2086,2591,2444,3699,3490,1764,1686,1511,1886,1824
'870899,"Parts and accessories, for tractors, motor vehicles for the transport of ten or more persons, ...",35,48,21,43,33,17,16,33,34,29,35,42,,,,,,,,,,,,,,,31266,31643,33686,34106,36799,35898,24069,33355,36390,29486,40273,35078
'030324,"Frozen catfish ""Pangasius spp., Silurus spp., Clarias spp., Ictalurus spp.""",0,0,0,0,0,0,45,0,0,0,19,42,,,,,,,,,,,,,,,76,3,21,37,41,20,85,40,43,56,19,42
'110814,Manioc starch,116,63,331,95,33,202,58,341,216,41,127,41,,,,,,,,,,,,,,,689,831,1070,951,234,594,835,471,508,687,362,478
'711719,"Imitation jewellery, of base metal, whether or not plated with precious metal (excl. cuff links ...",43,10,13,9,47,77,11,7,42,27,28,41,,,,,,,,,,,,,,,1594,1713,1816,1969,2420,2772,2654,2063,1891,1779,1653,1784
'481910,"Cartons, boxes and cases, of corrugated paper or paperboard",56,96,130,106,60,1,0,0,2,0,7,40,,,,,,,,,,,,,,,1120,1359,1064,1454,1313,1150,999,980,1141,1029,1295,1431
'853669,Plugs and sockets for a voltage <= 1.000 V (excl. lamp holders),90,23,34,26,36,36,25,30,61,20,76,40,,,,,,,,,,,,,,,4874,4483,5946,5875,5248,6271,4806,4500,3840,4712,6035,4438
'711620,"Articles of precious or semi-precious stones ""natural, synthetic or reconstructed"", n.e.s.",82,28,15,12,87,123,16,6,65,29,45,39,,,,,,,,,,,,,,,297,150,121,135,354,598,144,97,321,176,237,220
'630533,"Sacks and bags, for the packing of goods, of polyethylene or polypropylene strip or the like ...",22,0,20,0,0,41,0,41,0,42,0,39,,,,,,,,,,,,,,,1613,2434,2652,2563,2471,2996,3034,2968,1201,1728,2048,1923
'401310,"Inner tubes, of rubber, of a kind used on motor cars, incl. station wagons and racing cars, ...",50,94,82,0,38,0,2,89,38,0,0,39,,,,,,,,,,,,,,,297,338,248,117,364,190,321,299,206,209,159,204
'902519,"Thermometers and pyrometers, not combined with other instruments (excl. liquid-filled thermometers ...",36,13,8,19,0,31,23,17,13,32,39,39,,,,,,,,,,,,,,,2082,2372,2472,1519,2695,2290,1550,2505,1377,1683,1575,1739
'903180,"Instruments, appliances and machines for measuring or checking, not elsewhere specified in ...",10,25,13,19,1,5,5,1,12,30,3,39,,,,,,,,,,,,,,,11359,8431,10794,12973,11580,11806,11137,8399,9341,8708,10718,11139
'611693,"Gloves, mittens and mitts, of synthetic fibres, knitted or crocheted (excl. impregnated, coated, ...",5,10,96,58,16,129,292,323,21,17,11,38,,,,,,,,,,,,,,,374,173,306,230,441,446,540,558,434,616,543,476
'902580,"Hydrometers, areometers and similar floating instruments, barometers, hygrometers and psychrometers, ...",0,110,0,79,70,2,71,56,43,50,32,38,,,,,,,,,,,,,,,902,1107,1047,820,901,516,633,1104,1026,1269,844,792
'621040,"Men's or boys' garments of textile fabrics, rubberised or impregnated, coated, covered or laminated ...",43,30,12,31,7,3,5,5,72,26,16,38,,,,,,,,,,,,,,,206,184,470,98,247,487,609,61,473,464,651,1114
'950639,Golf equipment (excl. balls and complete clubs),14,8,12,9,37,38,48,29,39,18,32,37,,,,,,,,,,,,,,,451,391,478,475,499,581,758,555,852,552,456,486
'852190,"Video recording or reproducing apparatus, whether or not incorporating a video tuner (excl. ...",2,11,0,1,21,15,41,12,8,24,10,37,,,,,,,,,,,,,,,1553,1825,1930,1446,1892,2388,1493,1575,1407,1869,2134,2727
'070320,"Garlic, fresh or chilled",149,40,11,0,0,32,10,10,20,33,9,37,,,,,,,,,,,,,,,1348,1035,395,409,688,767,656,561,267,848,793,581
'611595,"Full-length or knee-length stockings, socks and other hosiery, incl. footwear without applied ...",18,15,17,17,17,13,12,12,39,34,32,36,,,,,,,,,,,,,,,2091,1646,1719,1454,1705,2051,1773,1803,1394,1822,2053,1608
'851020,Hair clippers with self-contained electric motor,0,93,0,45,153,4,31,86,0,105,36,36,,,,,,,,,,,,,,,746,930,752,535,930,667,379,995,670,491,829,883
'610343,"Men's or boys' trousers, bib and brace overalls, breeches and shorts of synthetic fibres, knitted ...",26,77,37,47,25,31,76,59,36,63,41,35,,,,,,,,,,,,,,,2391,2021,2287,2184,2790,2788,1553,2348,2332,3514,3660,3644
'401140,"New pneumatic tyres, of rubber, of a kind used for motorcycles",27,32,0,50,38,118,68,0,44,0,35,35,,,,,,,,,,,,,,,749,337,745,599,567,492,643,452,223,519,637,544
'842430,"Steam or sand blasting machines and similar jet projecting machines, incl. water cleaning appliances ...",0,1,0,18,0,2,5,0,0,0,0,35,,,,,,,,,,,,,,,998,1106,987,1206,1122,1527,1005,1066,1248,1149,1394,1077
'820770,Interchangeable tools for milling,12,23,31,37,31,26,22,30,39,12,22,35,,,,,,,,,,,,,,,750,800,713,781,873,856,609,884,542,878,769,1187
'853641,Relays for a voltage <= 60 V,0,0,1,3,8,22,4,6,11,12,9,34,,,,,,,,,,,,,,,880,825,998,1139,1004,1319,1040,771,815,752,1044,856
'401150,"New pneumatic tyres, of rubber, of a kind used for bicycles",12,25,8,37,59,51,19,24,0,31,17,32,,,,,,,,,,,,,,,198,256,83,350,348,305,201,227,289,310,295,202
'900211,"Objective lenses for cameras, projectors or photographic enlargers or reducers",18,33,25,64,38,67,61,45,22,9,33,32,,,,,,,,,,,,,,,1456,1030,1200,1243,1318,1801,2107,1463,1127,1221,1234,1381
'847141,"Data-processing machines, automatic, comprising in the same housing at least a central processing ...",2,5,0,0,6,20,45,0,69,30,27,31,,,,,,,,,,,,,,,4487,5304,3754,5682,6008,3929,3155,2837,2925,3856,5605,5445
'620443,Women's or girls' dresses of synthetic fibres (excl. knitted or crocheted and petticoats),7,12,17,32,6,14,14,20,17,17,10,31,,,,,,,,,,,,,,,892,2007,2583,2815,3245,3376,3073,2239,1864,1491,1509,1072
'610130,"Overcoats, car coats, capes, cloaks, anoraks, incl. ski jackets, windcheaters, wind-jackets ...",15,10,4,11,9,13,12,11,13,21,25,31,,,,,,,,,,,,,,,474,306,454,267,189,268,327,1027,614,860,1175,682
'870830,"Brakes and servo-brakes and their parts, for tractors, motor vehicles for the transport of ...",31,29,24,58,23,14,32,22,36,18,24,29,,,,,,,,,,,,,,,23190,20403,23603,23841,23990,23566,20215,24482,24925,20611,21723,23184
'940330,Wooden furniture for offices (excl. seats),54,10,87,0,8,3,25,6,3,20,0,29,,,,,,,,,,,,,,,795,622,877,873,1077,1000,702,1157,1167,810,935,607
'820820,"Knives and cutting blades, of base metal, for machines or for mechanical appliances, for w ...",2,0,0,19,0,21,0,0,29,0,0,29,,,,,,,,,,,,,,,174,74,218,152,72,258,80,79,390,40,197,104
'940179,"Seats, with metal frames (excl. upholstered, swivel seats with variable height adjustments ...",112,42,64,8,34,45,74,19,42,34,39,28,,,,,,,,,,,,,,,2398,1644,3352,3279,2815,2509,1428,1228,873,1094,854,797
'852581,"High-speed television cameras, digital cameras and video camera recorders specified in subheading ...",21,25,234,112,117,65,142,46,0,7,63,28,,,,,,,,,,,,,,,1355,1182,971,903,1121,1280,1229,1100,783,868,1937,523
'851718,Telephone sets (excl. line telephone sets with cordless handsets and telephones for cellular ...,22,12,8,37,6,2,78,9,2,20,20,28,,,,,,,,,,,,,,,582,326,519,397,487,768,432,314,794,739,519,280
'392321,"Sacks and bags, incl. cones, of polymers of ethylene",30,30,60,39,0,0,0,0,28,0,0,28,,,,,,,,,,,,,,,2276,2362,2566,2850,3061,3361,3386,2805,3713,2145,2538,2342
'902190,"Articles and appliances, which are worn or carried, or implanted in the body, to compensate ...",32,17,17,27,24,25,25,25,21,28,21,27,,,,,,,,,,,,,,,4126,3095,4191,3812,4760,3566,3914,3165,2859,3344,4272,5533
'711311,"Articles of jewellery and parts thereof, of silver, whether or not plated or clad with other ...",39,5,3,3,23,17,12,52,8,22,21,26,,,,,,,,,,,,,,,1741,1084,1146,1224,1797,2671,2051,2225,1115,1467,1287,2232
'401170,"New pneumatic tyres, of rubber, of a kind used on agricultural or forestry vehicles and machines",0,0,0,0,0,0,100,0,0,0,0,25,,,,,,,,,,,,,,,1615,1580,1727,1391,2089,2285,2233,2905,2691,2237,1948,1846
'854232,Electronic integrated circuits as memories,26,4,38,9,8,74,1,5,2,0,0,25,,,,,,,,,,,,,,,514,686,358,422,465,519,370,667,680,385,2005,2051
'831110,"Coated electrodes of base metal, for electric arc-welding",0,0,25,0,0,0,0,0,0,0,0,25,,,,,,,,,,,,,,,1215,466,836,539,964,1151,1092,615,614,779,807,1056
'630612,"Tarpaulins, awnings and sunblinds of synthetic fibres (excl. flat covers of light fabrics made ...",1,0,1,0,1,0,0,1,1,2,0,25,,,,,,,,,,,,,,,219,52,208,321,79,185,82,282,346,227,278,205
'851890,"Parts of microphones, loudspeakers, headphones and earphones, earphones, audio-frequency electric ...",0,0,2,1,0,0,0,1,0,1,1,24,,,,,,,,,,,,,,,346,413,465,509,532,488,652,442,390,514,742,458
'390130,"Ethylene-vinyl acetate copolymers, in primary forms",0,0,7,0,0,6,1,12,0,0,0,24,,,,,,,,,,,,,,,561,772,1435,656,911,1159,951,829,620,414,1000,489
'900311,"Frames and mountings for spectacles, goggles or the like, of plastics",4,4,11,3,22,27,9,51,1,4,43,24,,,,,,,,,,,,,,,1159,1554,1306,1126,2318,2186,2101,1953,1164,1342,2012,1161
'320649,"Inorganic or mineral colouring matter, n.e.s.; preparations based on inorganic or mineral colouring ...",0,21,35,22,45,15,26,37,17,42,61,24,,,,,,,,,,,,,,,2746,2515,1912,2326,2918,2681,1660,1171,2109,2834,2255,2091
'852872,"Reception apparatus for television, colour, whether or not incorporating radio-broadcast receivers ...",65,19,5,4,90,26,2,4,13,52,97,24,,,,,,,,,,,,,,,1202,738,713,909,6648,9452,7422,5295,8435,4308,5247,3605
'700510,"Float glass and surface ground or polished glass, in sheets, having an absorbent, reflecting ...",0,17,16,16,0,0,69,9,32,25,15,24,,,,,,,,,,,,,,,625,351,566,706,306,480,432,266,429,589,641,575
'851769,"Apparatus for the transmission or reception of voice, images or other data, incl. apparatus ...",9,7,4,3,5,23,16,149,22,48,24,23,,,,,,,,,,,,,,,4386,2599,3029,2479,3623,3497,2590,2354,4071,2438,3752,4157
'961100,"Hand-operated date, sealing or numbering stamps, and the like; hand-operated composing sticks ...",0,0,30,15,0,0,0,0,0,0,15,23,,,,,,,,,,,,,,,358,66,259,193,93,252,82,193,436,197,223,145
'845150,"Machines for reeling, unreeling, folding, cutting or pinking textile fabrics",0,0,0,0,0,0,0,0,0,0,0,23,,,,,,,,,,,,,,,326,340,93,703,126,243,293,81,44,158,449,556
'900150,Spectacle lenses of materials other than glass,29,25,4,63,16,60,37,36,34,4,124,23,,,,,,,,,,,,,,,1799,1438,2122,1667,1840,1749,1887,1828,2383,2341,2290,2014
'901920,"Ozone therapy, oxygen therapy, aerosol therapy, artificial respiration or other therapeutic ...",0,0,3,5,11,0,0,0,0,0,0,22,,,,,,,,,,,,,,,2862,3479,4208,3709,4060,6390,3927,4263,2456,2614,4425,5368
'190300,"Tapioca and substitutes therefor prepared from starch, in the form of flakes, grains, pearls, ...",0,52,0,38,0,38,0,1,40,13,40,21,,,,,,,,,,,,,,,91,155,35,125,15,260,172,38,52,13,41,44
'851810,Microphones and stands therefor (excl. cordless microphones with built-in transmitter),8,19,5,22,9,29,29,8,8,6,11,21,,,,,,,,,,,,,,,1218,1348,1639,982,1198,1239,1052,1033,850,1196,809,905
'230990,Preparations of a kind used in animal feeding (excl. dog or cat food put up for retail sale),52,0,0,30,21,15,0,22,0,21,34,21,,,,,,,,,,,,,,,9631,8259,9526,8484,10464,11033,9545,10817,10581,6925,11758,15355
'390422,"Plasticised poly""vinyl chloride"", in primary forms, mixed with other substances",0,0,0,101,0,55,0,0,0,0,0,21,,,,,,,,,,,,,,,789,1061,999,1211,734,1231,535,665,489,733,1139,881
'848320,"Bearing housings, incorporating ball or roller bearings, for machinery",21,53,39,12,32,19,12,8,22,26,24,21,,,,,,,,,,,,,,,1208,1217,1175,1351,829,1274,1575,2084,766,1120,1230,984
'901819,"Electro-diagnostic apparatus, incl. apparatus for functional exploratory examination or for ...",0,0,0,0,13,26,6,0,6,0,0,21,,,,,,,,,,,,,,,4163,5598,5651,5493,6517,4985,4985,7159,5448,5600,3947,5125
'950730,Fishing reels,6,0,13,8,11,15,2,14,6,16,0,21,,,,,,,,,,,,,,,798,560,444,647,847,493,903,823,505,577,495,523
'902110,Orthopaedic or fracture appliances,2,4,6,9,9,5,7,5,11,4,11,20,,,,,,,,,,,,,,,5817,6465,7536,7983,8938,9578,7618,9094,5633,6112,8376,7705
'853540,"Lightning arresters, voltage limiters and surge suppressors, for a voltage > 1.000 V",10,8,0,1,6,0,0,18,0,5,5,20,,,,,,,,,,,,,,,494,1200,682,521,580,362,644,1046,715,744,1148,574
'030119,Live ornamental fish (excl. freshwater),9,8,12,27,14,22,14,5,21,10,11,19,,,,,,,,,,,,,,,97,88,108,147,156,148,221,139,167,120,143,149
'621020,"Garments of the type described in heading 6201, rubberised or impregnated, coated, covered ...",7,12,19,11,4,13,13,10,58,6,20,19,,,,,,,,,,,,,,,149,156,113,83,100,180,87,177,209,169,73,88
'460211,"Basketwork, wickerwork and other articles, made directly to shape from bamboo plaiting materials ...",0,0,6,0,0,0,3,0,0,0,2,19,,,,,,,,,,,,,,,64,56,71,46,49,38,36,75,54,47,46,60
'460290,"Basketwork, wickerwork and other articles, made directly to shape from non-vegetable plaiting ...",1,0,8,1,7,0,9,13,0,5,11,19,,,,,,,,,,,,,,,66,37,75,93,126,86,98,47,54,76,114,52
'621111,Men's or boys' swimwear (excl. knitted or crocheted),13,19,0,56,4,25,2,4,4,9,3,19,,,,,,,,,,,,,,,251,338,820,479,680,902,289,156,80,134,58,72
'845230,Sewing machine needles,15,5,15,32,9,24,10,7,1,6,12,19,,,,,,,,,,,,,,,148,97,174,275,111,298,123,81,31,100,82,244
'640319,"Sports footwear, with outer soles of rubber, plastics, leather or composition leather and uppers ...",1078,1336,1123,960,1776,1233,181,426,99,12,26,19,,,,,,,,,,,,,,,2466,2429,2360,2156,3513,2970,633,808,352,681,604,276
'681019,"Tiles, flagstones, bricks and similar articles, of cement, concrete or artificial stone (excl. ...",0,0,0,12,0,0,0,0,0,0,0,19,,,,,,,,,,,,,,,267,167,349,452,261,518,424,230,316,464,206,256
'401699,"Articles of vulcanised rubber (excl. hard rubber), n.e.s.",62,14,7,64,63,8,52,6,18,5,15,18,,,,,,,,,,,,,,,6552,6978,6544,7023,8275,6949,7017,6408,6080,6069,6563,6975
'392010,"Plates, sheets, film, foil and strip, of non-cellular polymers of ethylene, not reinforced, ...",16,11,15,24,21,30,33,9,1,0,8,18,,,,,,,,,,,,,,,5810,7842,7214,7169,7802,7440,6162,6053,7081,5374,5792,5739
'610711,"Men's or boys' underpants and briefs of cotton, knitted or crocheted",6,8,2,28,4,7,6,3,1,17,4,18,,,,,,,,,,,,,,,1083,971,1175,1406,1102,1474,1172,810,1214,862,1601,896
'441291,"Laminated wood with at least one outer ply of tropical wood (excl. of bamboo, plywood consisting ...",0,20,0,17,16,0,0,0,15,16,0,18,,,,,,,,,,,,,,,0,20,0,17,16,0,0,0,15,16,0,18
'620332,"Men's or boys' jackets and blazers of cotton (excl. knitted or crocheted, and wind-jackets ...",9,5,6,3,1,7,0,7,12,0,0,18,,,,,,,,,,,,,,,608,795,762,700,975,1248,1171,1148,803,704,1244,1213
'854430,"Ignition wiring sets and other wiring sets for vehicles, aircraft or ships",21,10,26,32,13,21,12,21,11,18,22,17,,,,,,,,,,,,,,,11652,10028,12193,13697,15556,15117,11743,5426,12954,14538,16176,15399
'940370,"Furniture of plastics (excl. medical, dental, surgical or veterinary, and seats)",5,0,4,0,18,6,0,0,0,2,9,17,,,,,,,,,,,,,,,868,794,1450,1304,1317,713,664,621,784,1143,894,689
'940320,"Metal furniture (excl. for offices, seats and medical, surgical, dental or veterinary furniture)",13,0,5,3,51,16,58,11,23,5,2,17,,,,,,,,,,,,,,,3926,3886,3978,5108,5048,4776,3523,3918,4019,4927,3680,3502
'620433,"Women's or girls' jackets and blazers of synthetic fibres (excl. knitted or crocheted, wind-jackets ...",28,2,5,8,6,8,25,62,33,100,31,17,,,,,,,,,,,,,,,1389,828,1022,1066,1049,1305,1013,1309,1870,2767,2697,2694
'843790,Parts of machinery used in the milling industry or for the working of cereals or dried leguminous ...,0,0,0,0,0,0,0,0,0,0,0,16,,,,,,,,,,,,,,,1481,797,1081,1286,754,1008,908,835,1943,1120,911,763
'610620,"Women's or girls' blouses, shirts and shirt-blouses of man-made fibres, knitted or crocheted ...",38,17,26,17,16,20,18,38,9,12,22,16,,,,,,,,,,,,,,,748,888,759,1037,1130,922,1275,959,1508,1519,2181,933
'200990,"Mixtures of fruit juices, incl. grape must, and vegetable juices, unfermented, whether or not ...",39,38,0,12,12,57,42,0,53,0,49,16,,,,,,,,,,,,,,,104,214,44,93,249,119,79,105,519,39,190,221
'391690,"Monofilament of which any cross-sectional dimension > 1 mm, rods, sticks and profile shapes, ...",2,0,2,12,6,12,15,13,20,15,12,16,,,,,,,,,,,,,,,960,1237,993,1419,1153,1285,1182,1163,961,793,799,1349
'670419,"False beards, eyebrows and eyelashes, switches and the like, of synthetic textile materials ...",12,3,4,2,7,4,5,8,18,16,6,16,,,,,,,,,,,,,,,987,814,861,996,947,1447,1515,1290,717,940,906,869
'540220,High-tenacity filament yarn of polyesters (excl. that put up for retail sale),61,0,0,57,0,58,0,0,0,0,0,16,,,,,,,,,,,,,,,1240,1061,807,761,815,1339,630,948,1395,829,1078,1471
'460129,"Mats, matting and screens, of vegetable plaiting materials, flat-woven or bound together in ...",0,0,1,0,16,15,23,16,0,0,0,16,,,,,,,,,,,,,,,18,7,16,45,39,34,46,23,2,13,2,33
'871499,"Parts and accessories, for bicycles, n.e.s.",4,9,0,1,19,5,2,5,4,3,7,15,,,,,,,,,,,,,,,768,707,759,1104,796,988,787,617,976,989,866,771
'610453,"Women's or girls' skirts and divided skirts of synthetic fibres, knitted or crocheted (excl. ...",1,4,1,0,2,3,1,5,5,1,4,15,,,,,,,,,,,,,,,198,373,267,258,318,305,284,405,439,334,570,381
'610610,"Women's or girls' blouses, shirts and shirt-blouses of cotton, knitted or crocheted (excl. ...",21,21,25,28,6,4,71,44,9,5,2,15,,,,,,,,,,,,,,,484,995,856,1107,1284,872,916,554,727,956,633,801
'691490,"Ceramic articles, n.e.s. (excl. of porcelain or china)",66,32,34,53,9,45,34,15,39,9,32,15,,,,,,,,,,,,,,,343,252,361,266,677,419,305,205,603,77,344,434
'392329,"Sacks and bags, incl. cones, of plastics (excl. those of polymers of ethylene)",2,0,4,6,6,0,0,1,0,12,4,15,,,,,,,,,,,,,,,2140,2192,2541,2297,2659,3277,3331,2959,2820,4022,2835,2992
'401390,"Inner tubes, of rubber (excl. those of a kind used on motor cars, incl. station wagons and ...",25,0,0,4,16,22,21,20,4,0,17,15,,,,,,,,,,,,,,,445,608,241,467,158,367,216,554,292,338,574,431
'950662,Inflatable balls,9,5,19,21,22,12,15,48,12,2,10,15,,,,,,,,,,,,,,,856,819,1126,792,1150,1041,1291,1817,876,1385,1769,2293
'441233,"Plywood consisting solely of sheets of wood <= 6 mm thick, with at least one outer ply of non-coniferous ...",0,29,0,0,37,14,0,14,14,14,14,14,,,,,,,,,,,,,,,830,744,1281,643,729,1299,1032,1138,1915,1182,955,1076
'848330,"Bearing housings for machinery, not incorporating ball or roller bearings; plain shaft bearings ...",0,1,1,0,0,0,0,0,0,2,1,14,,,,,,,,,,,,,,,4971,5014,5568,4803,5645,5482,4742,5052,4767,5560,5331,5026
'220299,"Non-alcoholic beverages (excl. water, fruit or vegetable juices, milk and beer)",43,15,43,73,70,6,15,51,65,29,20,14,,,,,,,,,,,,,,,784,982,894,1051,916,1440,1581,1702,1489,828,1574,1336
'848220,"Tapered roller bearings, incl. cone and tapered roller assemblies",3,2,2,3,3,1,9,11,4,3,58,14,,,,,,,,,,,,,,,4490,4116,5143,5047,5933,6117,5308,8784,4841,4526,4373,5802
'841410,Vacuum pumps,18,24,4,35,3,2,0,0,0,0,0,14,,,,,,,,,,,,,,,806,955,1069,791,758,1012,858,986,564,745,889,1409
'392410,"Tableware and kitchenware, of plastics",57,3,12,57,8,6,42,25,13,19,13,14,,,,,,,,,,,,,,,3836,3202,4322,4193,5888,4769,3777,4744,4530,3421,3093,3354
'091012,"Ginger, crushed or ground",17,13,0,17,0,0,26,0,0,0,0,14,,,,,,,,,,,,,,,150,311,226,123,198,272,238,35,310,333,31,251
'401290,"Solid or cushion tyres, interchangeable tyre treads and tyre flaps, of rubber",0,0,3,0,12,0,13,12,0,0,0,14,,,,,,,,,,,,,,,889,666,637,733,712,774,858,1131,642,443,475,646
'621600,"Gloves, mittens and mitts, of all types of textile materials (excl. knitted or crocheted and ...",2,2,14,31,32,11,0,3,3,24,14,14,,,,,,,,,,,,,,,83,84,85,128,150,154,146,162,160,147,181,127
'630710,"Floorcloths, dishcloths, dusters and similar cleaning cloths, of all types of textile materials",2,5,1,3,0,0,21,7,1,63,4,13,,,,,,,,,,,,,,,1399,1018,1284,1482,1315,1464,960,1331,1193,1163,1399,1083
'848180,"Appliances for pipes, boiler shells, tanks, vats or the like (excl. pressure-reducing valves, ...",7,17,6,36,36,6,6,25,5,16,5,13,,,,,,,,,,,,,,,21783,20506,24803,23590,23072,28171,22737,25160,24258,24643,23776,23577
'420212,"Trunks, suitcases, vanity cases, executive-cases, briefcases, school satchels and similar containers, ...",25,49,67,116,18,15,54,17,80,26,14,13,,,,,,,,,,,,,,,2189,2140,2912,3094,4039,4153,3425,2320,2547,3049,2948,2289
'400931,"Tubes, pipes and hoses, of vulcanised rubber (excl. hard rubber), reinforced or otherwise combined ...",0,0,0,1,5,5,1,3,5,3,2,13,,,,,,,,,,,,,,,934,878,1136,1275,976,1233,1146,999,1357,1067,1307,1007
'681099,"Articles of cement, concrete or artificial stone, whether or not reinforced (excl. prefabricated ...",24,32,20,18,58,203,0,15,0,40,164,13,,,,,,,,,,,,,,,2004,1734,2101,1915,3107,2814,1172,788,2449,2859,2043,2632
'220210,"Waters, incl. mineral and aerated, with added sugar, sweetener or flavour, for direct consumption ...",97,16,36,36,24,48,12,0,12,73,36,13,,,,,,,,,,,,,,,11199,13965,14572,13942,11775,16604,13410,15235,10113,10314,19064,19535
'843139,"Parts of machinery of heading 8428, n.e.s.",0,0,0,0,0,2,0,1,0,0,0,12,,,,,,,,,,,,,,,4351,3470,7978,3306,5000,6328,3653,4208,3242,3992,4753,2979
'650610,"Safety headgear, whether or not lined or trimmed",3,5,139,9,144,39,0,175,5,38,14,12,,,,,,,,,,,,,,,928,531,1479,870,1142,847,803,1196,989,1083,934,980
'900410,Sunglasses,1,0,10,2,4,4,5,24,5,9,29,12,,,,,,,,,,,,,,,2602,2837,3313,3166,4882,5063,4215,5099,3055,3830,3380,2370
'840999,Parts suitable for use solely or principally with compression-ignition internal combustion ...,1,0,0,3,1,1,0,24,1,1,0,12,,,,,,,,,,,,,,,13680,11254,12072,10879,11626,12655,13030,13898,10875,10738,11576,12288
'620469,"Women's or girls' trousers, bib and brace overalls, breeches and shorts of textile materials ...",32,6,24,61,35,54,27,39,4,5,8,12,,,,,,,,,,,,,,,795,1522,1505,1680,1711,1825,2113,773,723,560,778,525
'846190,"Planing machines and other machine tools for working metals, metal carbides or cermets by removing ...",0,0,0,0,0,0,0,0,0,4,0,12,,,,,,,,,,,,,,,111,33,1173,31,69,210,225,40,36,25,165,53
'848190,"Parts of valves and similar articles for pipes, boiler shells, tanks, vats or the like, n.e.s.",4,2,1,3,2,3,4,2,2,3,2,12,,,,,,,,,,,,,,,8200,6907,6441,7109,6500,8797,6309,5570,5017,7583,9080,7172
'852910,"Aerials and aerial reflectors of all kinds; parts suitable for use therewith, n.e.s.",3,20,4,3,13,12,6,127,15,4,7,11,,,,,,,,,,,,,,,2380,2475,2740,1853,2641,2382,3701,2371,2749,2732,3222,3083
'611241,"Women's or girls' swimwear of synthetic fibres, knitted or crocheted",10,5,25,166,23,10,3,1,3,27,6,11,,,,,,,,,,,,,,,209,451,1093,1756,1668,1404,987,456,258,191,267,187
'842330,Constant weight scales and scales for discharging a pre-determined weight of material into ...,0,0,0,0,0,0,0,0,0,0,0,11,,,,,,,,,,,,,,,606,416,436,337,299,241,518,1071,1438,134,162,357
'960629,"Buttons (excl. of plastics or base metal, not covered with textile material, press-fasteners, ...",0,4,0,5,0,14,2,0,0,2,0,11,,,,,,,,,,,,,,,38,55,21,54,40,28,57,4,39,15,21,18
'848420,Mechanical seals,113,2,7,11,15,3,161,4,15,0,16,11,,,,,,,,,,,,,,,1894,2427,2342,2781,3026,2953,2669,2603,2334,2384,2682,3334
'610443,"Women's or girls' dresses of synthetic fibres, knitted or crocheted (excl. petticoats)",18,1,8,12,7,4,7,15,4,4,22,11,,,,,,,,,,,,,,,1100,883,1412,1736,1583,1273,1699,1388,1015,1279,2140,1523
'460219,"Basketwork, wickerwork and other articles, made directly to shape from vegetable plaiting materials ...",17,14,3,13,12,9,10,11,0,7,0,10,,,,,,,,,,,,,,,89,125,63,77,153,165,91,84,103,89,88,66
'620439,"Women's or girls' jackets and blazers of textile materials (excl. of wool, fine animal hair, ...",3,27,6,22,31,20,36,11,3,18,1,10,,,,,,,,,,,,,,,491,232,268,267,425,363,215,257,345,579,724,912
'611211,"Track-suits of cotton, knitted or crocheted",0,2,1,0,0,0,0,1,0,0,0,10,,,,,,,,,,,,,,,18,30,32,20,30,82,25,55,83,99,69,129
'870829,"Parts and accessories of bodies for tractors, motor vehicles for the transport of ten or more ...",6,7,9,3,4,7,7,2,14,10,3,10,,,,,,,,,,,,,,,23874,21977,25691,24873,25530,23537,17299,20305,27631,21728,23620,24805
'610822,"Women's or girls' briefs and panties of man-made fibres, knitted or crocheted",7,9,12,17,22,11,6,24,105,28,5,10,,,,,,,,,,,,,,,942,2255,2590,1725,2152,2206,2115,1463,1607,1253,1273,1529
'848340,"Gears and gearing for machinery (excl. toothed wheels, chain sprockets and other transmission ...",58,10,13,1,92,0,0,11,0,1,0,10,,,,,,,,,,,,,,,13065,14533,15387,12579,15184,15003,14903,18548,12996,11421,13409,13801
'850811,"Vacuum cleaners, incl. dry cleaners and wet vacuum cleaners, with self-contained electric motor, ...",0,0,0,0,12,0,0,2,2,1,11,10,,,,,,,,,,,,,,,1491,2003,2441,1800,2120,2789,1572,2013,1582,3004,2669,2443
'900219,"Objective lenses (excl. for cameras, projectors or photographic enlargers or reducers)",0,0,0,0,2,0,0,0,0,0,1,10,,,,,,,,,,,,,,,150,219,379,91,90,230,123,118,89,172,303,154
'621050,"Women's or girls' garments of textile fabrics, rubberised or impregnated, coated, covered or ...",5,2,2,7,4,3,1,4,1,2,4,10,,,,,,,,,,,,,,,94,134,138,108,100,47,126,91,89,102,526,59
'690722,"Ceramic flags and paving, hearth or wall tiles, of a water absorption coefficient by weight ...",0,5,0,0,5,0,0,0,0,15,0,10,,,,,,,,,,,,,,,1548,2193,2331,3595,3859,5371,7816,6035,5816,4667,6187,7626
'841840,"Freezers of the upright type, of a capacity <= 900 l",18,11,29,0,27,30,14,20,15,30,15,10,,,,,,,,,,,,,,,269,842,586,338,679,657,397,458,280,480,457,365
'940310,Metal furniture for offices (excl. seats),2,0,0,0,0,0,0,0,0,0,0,9,,,,,,,,,,,,,,,358,538,373,475,579,682,752,606,399,305,483,355
'621030,"Garments of the type described in heading 6202, rubberised or impregnated, coated, covered ...",4,4,3,8,9,3,6,7,16,1,23,9,,,,,,,,,,,,,,,322,314,383,266,211,301,122,176,386,388,271,258
'821599,"Spoons, forks, ladles, skimmers, cake-servers, fish-knives, butter-knives, sugar tongs and ...",14,9,5,15,26,45,58,19,1,12,19,9,,,,,,,,,,,,,,,649,815,526,704,477,707,399,549,619,824,632,353
'670411,Complete wigs of synthetic textile materials,3,6,4,4,3,6,7,9,5,4,4,9,,,,,,,,,,,,,,,189,162,182,194,244,286,398,452,216,169,218,219
'610220,"Women's or girls' overcoats, car coats, capes, cloaks, anoraks, incl. ski jackets, windcheaters, ...",19,29,6,12,7,1,12,21,10,6,23,9,,,,,,,,,,,,,,,75,105,98,94,62,69,96,258,204,165,354,308
'340600,"Candles, tapers and the like",24,10,6,31,16,80,11,16,45,29,33,9,,,,,,,,,,,,,,,612,795,913,718,1015,974,633,874,895,608,1131,948
'854470,"Optical fibre cables made up of individually sheathed fibres, whether or not containing electric ...",3,4,13,56,7,4,77,195,4,17,333,9,,,,,,,,,,,,,,,2468,1484,1625,3486,3311,3793,4071,3104,1981,4010,3304,3256
'851989,"Sound recording or sound reproducing apparatus (excl. using magnetic, optical or semiconductor ...",2,3,23,0,16,3,23,2,8,7,8,9,,,,,,,,,,,,,,,191,256,1666,373,172,243,405,588,132,253,205,214
'841459,"Fans (excl. table, floor, wall, window, ceiling or roof fans, with a self-contained electric ...",4,1,28,1,8,10,4,2,6,14,6,9,,,,,,,,,,,,,,,4072,3943,4640,6658,4573,5788,6170,4898,6928,5048,4817,4277
'680291,"Marble, travertine and alabaster, in any form (excl. tiles, cubes and similar articles of subheading ...",0,0,0,10,0,0,0,0,0,0,0,9,,,,,,,,,,,,,,,295,358,348,624,711,690,358,171,359,548,250,572
'902620,Instruments and apparatus for measuring or checking pressure of liquids or gases (excl. regulators),2,1,8,3,5,8,7,11,10,18,4,8,,,,,,,,,,,,,,,3364,3810,3849,3465,3807,3343,3976,3035,3215,3675,4081,3641
'630622,Tents of synthetic fibres (excl. umbrella and play tents),1,1,1,2,22,1,1,2,4,1,0,8,,,,,,,,,,,,,,,317,444,1100,1356,921,792,269,278,160,286,364,403
'940153,Seats of rattan,0,0,9,0,3,0,5,0,0,0,0,8,,,,,,,,,,,,,,,73,64,82,94,133,160,95,181,35,44,51,71
'848210,Ball bearings,12,12,7,23,10,24,7,20,40,24,19,8,,,,,,,,,,,,,,,6199,7726,7309,5681,5734,6363,6333,8888,7206,6523,5258,5910
'880400,"Parachutes, incl. dirigible parachutes and paragliders, and rotochutes; parts thereof and accessories ...",0,0,6,8,5,11,3,0,4,3,10,8,,,,,,,,,,,,,,,132,214,197,141,158,377,698,340,1200,156,305,147
'392620,Articles of apparel and clothing accessories produced by the stitching or sticking together ...,16,6,16,32,12,10,8,4,13,12,26,8,,,,,,,,,,,,,,,1636,1054,1161,1185,1683,1704,1052,1079,2007,1645,1714,1011
'620331,"Men's or boys' jackets and blazers of wool or fine animal hair (excl. knitted or crocheted, ...",2,0,1,1,3,0,11,1,0,9,0,8,,,,,,,,,,,,,,,89,75,135,144,166,133,160,66,101,177,71,158
'630260,"Toilet linen and kitchen linen, of terry towelling or similar terry fabrics of cotton (excl. ...",2,0,0,0,0,0,0,6,1,0,0,8,,,,,,,,,,,,,,,3528,2610,5068,3068,4114,6611,3637,3628,2916,3324,3861,3050
'940180,"Seats, n.e.s.",18,3,21,17,19,29,26,0,0,2,0,8,,,,,,,,,,,,,,,1135,873,1307,1700,1636,1638,1453,1486,1214,894,1303,675
'847329,"Parts and accessories of non-electronic calculators for accounting machines, cash registers ...",73,139,7,49,97,174,11,31,201,0,209,8,,,,,,,,,,,,,,,707,677,313,625,678,860,575,419,649,361,727,388
'420321,"Specially designed gloves for use in sport, of leather or composition leather",0,2,16,8,0,14,1,0,9,1,3,7,,,,,,,,,,,,,,,315,250,247,337,156,426,136,198,215,247,331,262
'611300,"Garments, knitted or crocheted, rubberised or impregnated, coated or covered with plastics ...",0,1,20,2,18,1,1,3,7,3,1,7,,,,,,,,,,,,,,,87,141,70,35,106,100,62,120,125,211,276,179
'620452,Women's or girls' skirts and divided skirts of cotton (excl. knitted or crocheted and petticoats),5,14,76,1,12,12,1,15,3,3,1,7,,,,,,,,,,,,,,,707,1445,1549,1412,1906,1560,1152,804,560,759,511,306
'950450,Video game consoles and machines (excl. operated by any means of payment),3,1,18,3,79,5,0,2,0,1,1,7,,,,,,,,,,,,,,,3833,4778,1806,6527,8183,12951,9714,4564,1061,3082,2808,2075
'846592,"Planing, milling or moulding -by cutting- machines, for working wood, cork, bone, hard rubber, ...",0,0,0,0,0,0,0,0,16,5,0,7,,,,,,,,,,,,,,,102,217,170,161,176,169,147,90,225,60,167,849
'190590,"Bread, pastry, cakes, biscuits and other bakers' wares, whether or not containing cocoa; communion ...",1,6,17,1,177,25,4,5,52,5,1,7,,,,,,,,,,,,,,,3415,3331,4888,4015,4245,4686,3761,3805,3129,3049,3910,4858
'901849,"Instruments and appliances used in dental sciences, n.e.s.",0,0,0,0,5,0,0,0,7,0,0,7,,,,,,,,,,,,,,,969,1246,1171,914,1132,1415,1375,1376,1155,1308,1073,1405
'846729,"Electromechanical tools for working in the hand, with self-contained electric motor (excl. ...",6,13,2,13,0,12,3,4,3,4,14,7,,,,,,,,,,,,,,,3988,3467,5058,3547,4326,4708,3704,5060,4073,3549,3473,4337
'850650,Lithium cells and batteries (excl. spent),0,0,0,0,0,0,0,0,0,0,0,7,,,,,,,,,,,,,,,594,517,521,459,586,721,472,463,587,418,372,640
'630532,"Flexible intermediate bulk containers, for the packing of goods, of synthetic or man-made textile ...",0,0,1,0,0,15,4,0,0,0,0,6,,,,,,,,,,,,,,,164,853,823,1170,1036,1195,745,1140,831,778,591,902
'850151,"AC motors, multi-phase, of an output > 37,5 W but <= 750 W",1,1,1,0,0,6,0,2,0,0,2,6,,,,,,,,,,,,,,,957,1221,1145,889,1037,830,1011,1136,860,1125,1330,822
'090611,"Cinnamon ""Cinnamomum zeylanicum Blume"" (excl. crushed and ground)",24,0,61,34,8,81,60,0,34,2,57,6,,,,,,,,,,,,,,,35,85,131,107,84,192,103,27,73,79,65,162
'611120,"Babies' garments and clothing accessories of cotton, knitted or crocheted (excl. hats)",44,77,22,1,113,50,45,145,97,78,0,6,,,,,,,,,,,,,,,1602,2740,2807,1545,3467,2094,1967,1812,2580,1932,2976,1467
'680421,"Millstones, grindstones, grinding wheels and the like, without frameworks, for sharpening, ...",7,8,4,10,7,6,7,2,3,7,16,6,,,,,,,,,,,,,,,555,487,736,692,708,435,586,499,614,786,601,345
'847990,"Parts of machines and mechanical appliances, n.e.s.",93,90,6,73,7,6,18,1,13,6,3,6,,,,,,,,,,,,,,,8993,7583,8127,7098,7236,6506,6210,6620,6584,4812,6127,5110
'842139,Machinery and apparatus for filtering or purifying gases (excl. isotope separators and intake ...,25,0,5,1,1,3,2,1,0,1,0,6,,,,,,,,,,,,,,,7327,5870,6071,6102,6582,5767,6952,12561,6527,5457,8994,6443
'620461,"Women's or girls' trousers, bib and brace overalls, breeches and shorts of wool or fine animal ...",0,0,0,0,0,0,0,0,0,0,1,6,,,,,,,,,,,,,,,82,36,74,32,123,61,29,25,29,20,20,56
'382219,"Diagnostic or laboratory reagents on a backing, prepared diagnostic or laboratory reagents ...",10,7,8,0,19,0,40,0,20,11,85,6,,,,,,,,,,,,,,,27947,22601,22337,28118,26419,24125,24061,24524,19429,22719,30019,27689
'620290,"Women's or girls' overcoats, car-coats, capes, cloaks, anoraks, incl. ski jackets, wind-cheaters, ...",13,9,11,12,25,2,1,2,1,48,7,6,,,,,,,,,,,,,,,161,170,216,157,148,87,112,279,239,392,514,602
'702000,"Articles of glass, n.e.s.",0,0,0,0,1,1,0,1,0,0,2,6,,,,,,,,,,,,,,,923,1086,1298,809,1667,1881,809,827,949,1136,559,1107
'853180,Electric sound or visual signalling apparatus (excl. indicator panels with liquid crystal devices ...,0,1,1,1,1,41,1,1,27,4,16,6,,,,,,,,,,,,,,,897,1194,1106,985,1298,1278,1213,1301,1012,1121,1019,1885
'620711,Men's or boys' underpants and briefs of cotton (excl. knitted or crocheted),0,0,0,6,4,0,4,1,0,4,2,6,,,,,,,,,,,,,,,689,431,706,738,865,647,700,400,327,345,448,191
'611239,"Men's or boys' swimwear of textile materials, knitted or crocheted (excl. synthetic fibres)",0,0,0,0,0,0,0,0,0,0,0,6,,,,,,,,,,,,,,,22,1,5,4,1,1,1,1,2,3,0,6
'821191,"Table knives having fixed blades of base metal, incl. handles (excl. butter knives and fish ...",6,5,2,13,13,6,19,4,0,6,6,6,,,,,,,,,,,,,,,177,199,247,149,252,332,160,199,148,209,113,451
'620230,"Women's or girls' overcoats, car-coats, capes, cloaks, anoraks, incl. ski jackets, wind-cheaters, ...",6,5,30,13,9,12,31,7,16,25,18,6,,,,,,,,,,,,,,,141,194,216,231,266,252,205,229,356,993,571,320
'821210,Non-electric razors of base metal,0,108,29,76,25,25,35,18,77,25,26,6,,,,,,,,,,,,,,,661,813,1266,1499,1045,948,1246,1611,592,1925,1426,1566
'491000,"Calendars of any kinds, printed, incl. calendars blocks",0,18,0,0,0,0,0,0,0,0,0,5,,,,,,,,,,,,,,,6,81,22,70,211,119,132,93,35,39,11,35
'490890,"Transfers ""decalcomanias"" (excl. vitrifiable)",0,0,9,0,28,6,0,11,1,0,0,5,,,,,,,,,,,,,,,161,120,169,107,139,117,118,136,166,116,173,201
'847982,"Mixing, kneading, crushing, grinding, screening, sifting, homogenising, emulsifying or stirring ...",0,0,0,0,0,207,0,0,2,0,0,5,,,,,,,,,,,,,,,849,1611,5182,3387,2517,1938,2087,1504,1701,2225,2068,1822
'570500,"Carpets and other textile floor coverings, whether or not made up (excl. knotted, woven or ...",1,0,1,2,2,12,2,3,2,1,3,5,,,,,,,,,,,,,,,923,694,722,887,1010,949,593,656,591,838,822,756
'640359,"Footwear with outer soles and uppers of leather (excl. covering the ankle, incorporating a ...",2,5,2,3,45,16,9,3,73,1,1,5,,,,,,,,,,,,,,,932,969,1401,1735,1293,1733,1163,2186,1239,1400,1362,1267
'830250,"Hat-racks, hat-pegs, brackets and similar fixtures of base metal",1,2,5,2,1,3,5,0,1,3,4,5,,,,,,,,,,,,,,,907,686,985,860,1055,1330,1212,887,1053,962,814,679
'847290,"Office machines, n.e.s.",25,153,0,0,0,9,1,0,22,31,492,5,,,,,,,,,,,,,,,2756,5536,6365,4970,2454,2688,7380,6616,5869,12552,3231,5072
'940171,"Upholstered seats, with metal frames (excl. seats for aircraft or motor vehicles, swivel seats ...",0,1,4,15,1,11,20,1,33,0,20,5,,,,,,,,,,,,,,,1690,1216,1467,1713,1850,2005,1483,2097,1368,1537,1500,1518
'900319,"Frames and mountings for spectacles, goggles or the like (excl. of plastics)",1,1,3,3,0,2,4,10,0,33,19,4,,,,,,,,,,,,,,,705,730,675,544,1125,1005,597,843,783,1345,693,927
'848390,"Toothed wheels, chain sprockets and other transmission elements presented separately; parts ...",56,22,8,23,178,13,2,76,57,36,6,4,,,,,,,,,,,,,,,10117,9283,10434,13827,9883,9477,9493,11464,9462,7890,9385,10182
'853690,"Electrical apparatus for switching electrical circuits, or for making connections to or in ...",2,1,2,6,6,7,11,4,7,2,4,4,,,,,,,,,,,,,,,7859,8138,7510,8149,6477,7956,5837,5878,5753,7313,5881,6169
'903190,"Parts and accessories for instruments, appliances and machines for measuring and checking, ...",8,7,2,2,3,2,3,31,6,4,5,4,,,,,,,,,,,,,,,1519,2542,2095,1947,1591,5336,2215,1529,1776,1793,2214,1661
'610832,"Women's or girls' nightdresses and pyjamas of man-made fibres, knitted or crocheted (excl. ...",2,0,16,1,5,2,2,41,3,9,0,4,,,,,,,,,,,,,,,583,575,344,299,516,312,306,866,691,1185,2858,1974
'620419,"Women's or girls' suits of textile materials (excl. of wool, fine animal hair, cotton or synthetic ...",0,0,0,0,0,0,0,0,0,0,0,4,,,,,,,,,,,,,,,339,190,18,37,29,24,23,60,11,16,69,183
'820210,"Handsaws, with working parts of base metal (excl. power-operated saws)",0,1,0,0,0,0,0,0,1,0,4,4,,,,,,,,,,,,,,,213,102,136,192,201,141,128,128,147,186,127,117
'850120,"Universal AC-DC motors of an output > 37,5 W",6,2,8,21,1,5,0,0,0,0,2,4,,,,,,,,,,,,,,,275,258,664,908,273,460,429,249,397,360,410,405
'870850,"Drive-axles with differential, whether or not provided with other transmission components, ...",6,4,2,0,1,0,3,6,2,0,1,4,,,,,,,,,,,,,,,23929,20644,24178,24051,20613,23698,17232,20343,21314,20884,23664,22231
'392350,"Stoppers, lids, caps and other closures, of plastics",1,6,1,1,4,1,1,6,7,7,6,4,,,,,,,,,,,,,,,4875,5723,5842,6509,7026,5996,5317,6316,4187,4304,4893,7230
'640220,"Footwear with outer soles and uppers of rubber or plastics, with upper straps or thongs assembled ...",0,0,13,8,15,13,0,28,37,1,0,4,,,,,,,,,,,,,,,1189,2324,3976,2871,2730,2121,901,1224,442,208,232,354
'640351,"Footwear with outer soles and uppers of leather, covering the ankle (excl. incorporating a ...",1,1,3,1,5,2,0,1,0,1,2,4,,,,,,,,,,,,,,,123,110,131,119,119,62,94,75,90,93,66,68
'620590,"Men's or boys' shirts of textile materials (excl. of cotton or man-made fibres, knitted or ...",2,29,1,13,0,2,0,2,1,15,0,4,,,,,,,,,,,,,,,392,569,829,1171,925,1733,1211,932,452,707,555,875
'848410,Gaskets and similar joints of metal sheeting combined with other material or of two or more ...,3,4,3,3,6,3,6,6,4,2,5,4,,,,,,,,,,,,,,,2224,2154,2685,1934,3009,2421,2874,2988,2534,2414,2321,2274
'850519,"Permanent magnets and articles intended to become permanent magnets after magnetization, of ...",0,27,66,0,3,3,7,7,1,1,46,4,,,,,,,,,,,,,,,340,277,471,190,305,200,189,115,325,248,289,138
'820790,"Interchangeable tools for hand tools, whether or not power-operated, or for machine tools, ...",2,0,10,1,6,1,2,1,0,1,4,4,,,,,,,,,,,,,,,1212,1120,1229,1263,1099,1586,1417,1034,1162,1049,1512,1443
'610469,"Women's or girls' trousers, bib and brace overalls, breeches and shorts of textile materials, ...",28,26,13,10,20,5,5,46,35,3,8,4,,,,,,,,,,,,,,,352,377,402,481,499,486,1101,1043,972,686,847,426
'610442,"Women's or girls' dresses of cotton, knitted or crocheted (excl. petticoats)",2,1,0,6,1,1,4,2,1,9,8,4,,,,,,,,,,,,,,,359,792,1583,1261,1277,1429,976,472,313,309,355,282
'540110,"Sewing thread of synthetic filaments, whether or not put up for retail sale",1,4,6,2,2,5,4,1,2,2,9,4,,,,,,,,,,,,,,,337,431,451,582,267,639,346,289,430,495,420,341
'950710,Fishing rods,7,11,24,5,11,28,1,13,4,11,4,4,,,,,,,,,,,,,,,247,331,354,615,434,339,672,367,666,428,640,210
'848280,"Roller bearings, incl. combined ball-roller bearings (excl. ball bearings, tapered roller bearings, ...",0,0,0,1,0,0,0,2,0,0,0,4,,,,,,,,,,,,,,,829,1135,1248,736,891,1425,1017,1177,936,948,1148,1214
'871410,"Parts and accessories of motorcycles, incl. mopeds, n.e.s.",1,5,2,4,2,3,2,3,1,1,1,4,,,,,,,,,,,,,,,1104,1044,1038,895,1064,1109,1319,1181,1063,1195,1280,1045
'620630,"Women's or girls' blouses, shirts and shirt-blouses of cotton (excl. knitted or crocheted and ...",19,5,43,5,12,17,2,20,4,23,5,4,,,,,,,,,,,,,,,1710,2021,2843,2763,2935,3079,2623,1949,1776,1814,1625,1777
'841990,"Parts of machinery, plant and laboratory equipment, whether or not electrically heated, for ...",0,0,0,0,0,0,0,0,0,2,0,4,,,,,,,,,,,,,,,3901,3071,2631,2580,3796,7371,2611,3731,3112,1844,2589,4928
'700992,"Glass mirrors, framed (excl. rear-view mirrors for vehicles, optical mirrors, optically processed, ...",4,12,0,10,2,7,0,1,3,18,8,4,,,,,,,,,,,,,,,1057,537,790,897,990,1034,849,863,775,1329,789,1018
'620459,"Women's or girls' skirts and divided skirts of textile materials (excl. of wool, fine animal ...",0,1,1,1,6,0,0,4,0,7,5,4,,,,,,,,,,,,,,,197,197,311,213,225,296,376,253,255,404,257,308
'830249,"Base metal mountings, fittings and similar articles (excl. locks with keys, clasps and frames ...",0,0,5,0,1,0,3,0,4,1,0,4,,,,,,,,,,,,,,,1194,1292,1582,1267,1305,1067,1010,1006,1386,1005,1206,1048
'392490,"Household articles and toilet articles, of plastics (excl. tableware, kitchenware, baths, shower-baths, ...",0,13,0,12,0,1,165,13,1,225,2,3,,,,,,,,,,,,,,,3562,2310,4159,2981,3626,4022,3690,3831,3476,3067,2532,3477
'691390,"Statuettes and other ornamental ceramic articles, n.e.s. (excl. of porcelain or china)",15,0,6,2,18,4,0,1,1,0,2,3,,,,,,,,,,,,,,,315,440,514,543,812,288,306,348,407,399,312,330
'841229,"Hydraulic power engines and motors (excl. hydraulic turbines and water wheels of heading 8410, ...",1,2,0,1,0,3,0,2,0,0,2,3,,,,,,,,,,,,,,,3114,3093,3792,3136,3717,4602,5327,4195,3675,2250,3397,4660
'880100,"Balloons and dirigibles; gliders, hang gliders and other non-powered aircraft",0,3,6,0,0,0,3,5,0,1,0,3,,,,,,,,,,,,,,,34,6,13,159,4,62,11,8,5,12,169,32
'890319,"Inflatable ""incl. rigid hull inflatable"" boats, for pleasure or sports, unladen ""net"" weight ...",0,0,0,0,1,0,0,0,0,0,3,3,,,,,,,,,,,,,,,9,3,70,63,11,3,5,2,50,14,88,3
'850152,"AC motors, multi-phase, of an output > 750 W but <= 75 kW",19,7,9,3,2,2,12,12,1,6,1,3,,,,,,,,,,,,,,,7174,5686,3791,3331,6440,5893,5090,5866,5146,4697,5254,4351
'847790,Parts of machinery for working rubber or plastics or for the manufacture of products from these ...,4,0,0,0,3,0,2,4,0,1,1,3,,,,,,,,,,,,,,,4309,4444,3635,5729,3699,3340,3923,2331,4692,2920,3133,3282
'841590,"Parts of air conditioning machines, comprising a motor-driven fan and elements for changing ...",2,1,6,0,0,1,3,3,3,1,3,3,,,,,,,,,,,,,,,7591,5794,6279,5835,5242,4998,4575,4998,6315,6173,6016,7563
'420229,"Handbags, whether or not with shoulder strap, incl. those without handle, with outer surface ...",0,3,2,17,8,1,1,4,1,2,2,3,,,,,,,,,,,,,,,804,607,863,1019,832,620,940,869,610,551,609,484
'481141,"Self-adhesive paper and paperboard, surface-coloured, surface-decorated or printed, in rolls ...",0,4,0,2,1,0,0,0,2,0,3,3,,,,,,,,,,,,,,,4274,4673,4556,5511,5092,6745,3985,3546,4395,3855,4568,6001
'392530,"Shutters, blinds, incl. Venetian blinds, and similar articles and parts thereof, of plastics ...",0,0,0,6,0,0,7,3,0,1,0,3,,,,,,,,,,,,,,,643,541,885,754,594,698,498,514,436,662,841,541
'761699,"Articles of aluminium, n.e.s.",0,1,18,2,0,2,2,2,5,7,8,3,,,,,,,,,,,,,,,2590,2276,2820,2300,3392,2645,2908,2682,2980,2201,2259,2022
'830241,Base metal mountings and fittings suitable for buildings (excl. locks with keys and hinges),0,0,0,0,1,2,2,0,0,2,3,3,,,,,,,,,,,,,,,2686,2978,3099,2505,3024,3561,3890,2875,4015,3615,2637,2329
'850131,"DC motors of an output > 37,5 W but <= 750 W and DC generators of an output <= 750 W (excl. ...",0,0,0,0,0,0,1,1,0,2,1,3,,,,,,,,,,,,,,,3304,3085,3057,3323,3250,3757,2515,2802,4572,3680,4159,3219
'940391,"Parts of furniture, of wood, n.e.s. (excl. of seats or medical, surgical, dental or veterinary ...",8,12,8,6,13,8,4,19,7,4,3,3,,,,,,,,,,,,,,,87,219,115,190,222,107,80,207,68,133,69,117
'870810,"Bumpers and parts thereof for tractors, motor vehicles for the transport of ten or more persons, ...",0,1,26,0,0,2,1,2,87,1,0,3,,,,,,,,,,,,,,,4327,4307,4254,5298,4805,5328,4047,3722,5001,3147,4938,4239
'420299,"Travelling-bags, shopping or tool bags, jewellery boxes, cutlery cases and similar, with outer ...",7,12,11,2,2,57,5,8,12,12,3,3,,,,,,,,,,,,,,,1288,797,1087,1126,1543,1036,1093,1009,1138,623,1214,718
'610120,"Overcoats, car coats, capes, cloaks, anoraks, incl. ski jackets, windcheaters, wind-jackets ...",7,17,19,3,6,1,17,61,2,7,13,3,,,,,,,,,,,,,,,96,198,115,67,52,56,69,413,116,77,382,339
'620449,"Women's or girls' dresses of textile materials (excl. of wool, fine animal hair, cotton or ...",10,1,12,0,19,6,13,13,4,3,1,3,,,,,,,,,,,,,,,1196,1848,1690,2819,4123,4118,5734,3575,2061,2015,1781,803
'392062,"Plates, sheets, film, foil and strip, of non-cellular poly""ethylene terephthalate"", not reinforced, ...",0,12,7,0,0,0,14,0,19,1,0,3,,,,,,,,,,,,,,,2100,3133,4505,3482,4423,5335,5103,3940,3067,3308,3370,5177
'842123,Oil or petrol-filters for internal combustion engines,4,4,7,2,4,3,7,1,15,2,11,3,,,,,,,,,,,,,,,8300,8585,10237,9579,10004,9467,9232,10423,10299,8925,9924,10795
'842129,Machinery and apparatus for filtering or purifying liquids (excl. such machinery and apparatus ...,13,1,9,2,6,14,4,10,12,1,18,3,,,,,,,,,,,,,,,4229,4618,6457,4720,5627,5199,4286,5838,4742,4213,5477,8193
'853890,"Parts suitable for use solely or principally with the apparatus of heading 8535, 8536 or 8537, ...",0,0,0,2,0,1,4,0,1,3,1,3,,,,,,,,,,,,,,,9415,9334,10584,9167,7950,9521,9065,9315,9248,9371,8086,9630
'940383,"Furniture of rattan (excl. seats and medical, surgical, dental or veterinary furniture)",0,4,0,0,3,0,0,0,0,0,36,3,,,,,,,,,,,,,,,25,43,21,33,53,85,41,20,31,6,49,20
'620349,"Men's or boys' trousers, bib and brace overalls, breeches and shorts of textile materials (excl. ...",9,21,2,91,20,100,2,22,3,2,1,3,,,,,,,,,,,,,,,633,501,1089,1512,1007,1269,1461,600,514,491,544,485
'950629,"Water-skis, surfboards and other water-sport equipment (other than sailboards)",4,4,2,0,5,0,4,3,14,14,4,3,,,,,,,,,,,,,,,455,440,273,513,649,1509,715,708,258,220,559,512
'940550,"Non-electrical luminaires and lighting fittings, n.e.s.",0,0,0,0,0,0,0,0,0,0,0,3,,,,,,,,,,,,,,,131,265,263,193,184,313,196,60,45,103,161,109
'853630,Apparatus for protecting electrical circuits for a voltage <= 1.000 V (excl. fuses and automatic ...,2,14,1,2,1,1,2,5,7,0,10,3,,,,,,,,,,,,,,,1568,1668,2265,2669,2495,2231,2083,1697,2272,2312,1435,2184
'820299,"Saw blades, incl. toothless saw blades, of base metal (excl. bandsaw blades, circular saw blades, ...",1,0,2,0,0,0,0,0,0,0,0,3,,,,,,,,,,,,,,,770,403,257,385,619,616,279,445,397,710,409,575
'920710,"Keyboard instruments, the sound of which is produced, or must be amplified, electrically (excl. ...",3,11,5,0,0,1,2,2,1,1,3,3,,,,,,,,,,,,,,,422,486,390,496,297,420,302,302,470,271,453,255
'611610,"Gloves, mittens and mitts, impregnated, coated, covered or laminated with plastics or rubber, ...",63,33,26,126,6,59,88,9,39,11,1,2,,,,,,,,,,,,,,,970,852,557,854,1187,1614,996,714,1585,1384,622,602
'850490,"Parts of electrical transformers and inductors, n.e.s.",1,1,0,0,0,0,1,3,0,1,0,2,,,,,,,,,,,,,,,2575,4491,2030,1777,3063,2923,2235,2092,2182,2915,2327,2444
'900490,"Spectacles, goggles and the like, corrective, protective or other (excl. spectacles for testing ...",23,0,24,36,2,0,38,2,0,28,24,2,,,,,,,,,,,,,,,1665,1880,1844,1581,1487,2246,1540,1287,1821,1253,1526,1462
'853649,Relays for a voltage > 60 V but <= 1.000 V,0,0,4,0,0,0,0,1,0,1,0,2,,,,,,,,,,,,,,,3226,2833,3687,3926,2890,3007,2723,2804,2902,2766,2971,3150
'900691,"Parts and accessories for photographic cameras, n.e.s.",0,0,0,0,0,1,0,0,1,1,3,2,,,,,,,,,,,,,,,457,108,147,129,179,548,107,98,134,137,234,167
'731816,Nuts of iron or steel,0,2,0,0,1,0,0,0,1,0,0,2,,,,,,,,,,,,,,,2720,2822,3361,3725,3339,4828,2583,2740,2969,2741,2887,2905
'481820,"Handkerchiefs, cleansing or facial tissues and towels, of paper pulp, paper, cellulose wadding ...",0,0,0,0,0,0,0,0,0,1,0,2,,,,,,,,,,,,,,,867,559,901,811,626,587,589,1019,718,886,703,570
'903289,"Regulating or controlling instruments and apparatus (excl. hydraulic or pneumatic, manostats, ...",136,1,10,1,1,1,6,1,1,1,2,2,,,,,,,,,,,,,,,6176,4764,6357,6260,6102,7008,7924,5272,5906,5886,5656,5978
'871491,"Frames and forks, and parts thereof, for cycles, n.e.s. (excl. for motorcycles)",0,3,2,3,22,14,41,4,5,0,4,2,,,,,,,,,,,,,,,344,651,468,331,550,872,631,396,628,478,608,435
'620453,Women's or girls' skirts and divided skirts of synthetic fibres (excl. knitted or crocheted ...,11,3,8,102,38,12,19,13,4,7,16,2,,,,,,,,,,,,,,,625,638,1054,1015,1186,1298,945,1004,542,564,1117,642
'731819,"Threaded articles, of iron or steel, n.e.s.",0,0,0,2,1,1,0,1,1,0,0,2,,,,,,,,,,,,,,,542,565,435,993,800,811,528,592,549,681,805,738
'611420,"Special garments for professional, sporting or other purposes, n.e.s., of cotton, knitted or ...",7,0,0,0,1,0,1,4,0,0,3,2,,,,,,,,,,,,,,,184,168,373,370,321,368,439,216,166,139,114,284
'611596,"Full-length or knee-length stockings, socks and other hosiery, incl. footwear without applied ...",6,18,7,3,5,3,2,8,0,0,0,2,,,,,,,,,,,,,,,1400,1772,1671,1392,1801,2315,2054,1751,2016,2712,2169,2613
'820320,"Pliers, incl. cutting pliers, pincers and tweezers for non-medical use and similar hand tools, ...",1,0,1,0,1,1,1,1,1,2,2,2,,,,,,,,,,,,,,,1215,817,1334,755,799,759,763,757,753,651,1004,656
'840991,Parts suitable for use solely or principally with spark-ignition internal combustion piston ...,4,1,3,2,2,2,3,2,2,5,2,2,,,,,,,,,,,,,,,7757,5256,7063,6212,6102,8009,7770,8485,7466,7488,6946,5432
'732620,"Articles of iron or steel wire, n.e.s.",0,0,0,0,1,0,0,0,0,1,0,2,,,,,,,,,,,,,,,1136,1211,1295,1494,848,1351,1185,1139,1246,1530,1484,1229
'845290,"Furniture, bases and covers for sewing machines and parts thereof; other parts of sewing machines",0,0,0,0,0,3,3,1,0,0,0,2,,,,,,,,,,,,,,,354,316,333,327,295,434,217,201,428,329,160,479
'330749,"Preparations for perfuming or deodorising rooms, incl. odoriferous preparations used during ...",0,2,2,2,0,5,1,0,4,5,13,2,,,,,,,,,,,,,,,1149,928,1008,817,1633,1387,1817,1284,1391,981,1969,1272
'560121,"Wadding of cotton and articles thereof (excl. sanitary towels and tampons, napkins and napkin ...",0,0,0,0,1,1,1,1,1,0,0,2,,,,,,,,,,,,,,,441,256,546,217,263,514,255,526,611,414,568,595
'850610,Manganese dioxide cells and batteries (excl. spent),1,0,2,0,2,0,0,0,2,0,0,2,,,,,,,,,,,,,,,1832,2432,1613,550,1149,1117,557,479,1804,374,1947,1085
'852691,Radio navigational aid apparatus,0,6,0,0,0,0,0,3,0,0,0,2,,,,,,,,,,,,,,,9970,4438,7211,7921,9304,8642,7229,9323,5144,6502,6626,7687
'640690,"Parts of footwear; removable in-soles, heel cushions and similar articles; gaiters, leggings ...",0,8,3,0,14,0,0,0,1,0,18,2,,,,,,,,,,,,,,,150,142,185,220,264,176,112,142,199,168,155,193
'621132,"Men's or boys' tracksuits and other garments, n.e.s. of cotton (excl. knitted or crocheted)",1,0,1,1,1,0,0,0,2,0,0,2,,,,,,,,,,,,,,,78,111,108,70,91,62,93,51,83,125,147,58
'621430,"Shawls, scarves, mufflers, mantillas, veils and similar articles of synthetic fibres (excl. ...",0,6,3,0,0,0,0,0,0,0,0,2,,,,,,,,,,,,,,,306,256,245,324,208,277,148,283,410,607,510,292
'482390,"Paper, paperboard, cellulose wadding and webs of cellulose fibres, in strips or rolls of a ...",8,4,11,2,6,0,4,0,3,2,2,2,,,,,,,,,,,,,,,857,920,1237,1061,1491,1368,1881,867,962,740,604,975
'442199,"Articles of wood, n.e.s.",0,0,0,0,1,0,5,0,0,1,0,2,,,,,,,,,,,,,,,792,846,864,834,1005,1110,747,908,1065,1106,752,824
'392290,"Bidets, lavatory pans, flushing cisterns and similar sanitary ware, of plastics (excl. baths, ...",2,0,0,12,0,0,0,0,0,0,0,2,,,,,,,,,,,,,,,1095,706,739,865,752,593,935,399,928,965,979,863
'420100,"Saddlery and harness for any animal, incl. traces, leads, knee pads, muzzles, saddle cloths, ...",3,1,8,3,3,5,84,4,1,29,3,2,,,,,,,,,,,,,,,395,533,673,435,473,502,456,625,241,422,634,495
'620444,Women's or girls' dresses of artificial fibres (excl. knitted or crocheted and petticoats),0,2,3,1,14,12,2,3,0,4,0,2,,,,,,,,,,,,,,,175,688,995,792,1484,1027,1140,753,316,327,187,189
'621149,"Women's or girls' tracksuits and other garments, n.e.s. of textile materials (excl. of cotton ...",4,4,4,1,4,5,13,1,4,2,4,2,,,,,,,,,,,,,,,132,197,182,242,311,323,354,303,150,180,225,191
'820160,"Hedge shears, two-handed pruning shears and similar two-handed shears, with working parts of ...",0,0,0,0,0,0,0,0,1,0,0,2,,,,,,,,,,,,,,,178,119,150,244,245,218,84,74,64,87,114,151
'843390,"Parts of harvesting machinery, threshing machinery, mowers and machines for cleaning, sorting ...",0,0,0,0,0,1,0,0,1,0,0,2,,,,,,,,,,,,,,,7982,3924,3676,3174,2849,3663,3508,2961,5269,4446,6285,3978
'843149,"Parts of machinery of heading 8426, 8429 and 8430, n.e.s.",12,14,23,28,36,22,13,6,8,28,4,2,,,,,,,,,,,,,,,33997,31536,34389,37558,32772,38736,39732,36669,39101,30296,34072,34893
'851230,Electrical sound signalling equipment for cycles or motor vehicles,1,2,1,2,1,3,0,1,1,1,1,2,,,,,,,,,,,,,,,247,226,434,440,328,198,302,273,312,237,379,204
'852729,"Radio-broadcast receivers not capable of operating without an external source of power, of ...",0,0,0,0,1,0,0,0,5,0,0,2,,,,,,,,,,,,,,,100,140,217,251,170,225,201,213,298,440,243,584
'854110,"Diodes (excl. photosensitive or light emitting diodes ""LED"")",3,3,4,1,1,2,2,1,4,3,3,2,,,,,,,,,,,,,,,610,512,590,710,557,536,514,499,537,504,422,442
'420231,"Wallets, purses, key-pouches, cigarette-cases, tobacco-pouches and similar articles carried ...",7,7,5,2,21,16,1,21,7,6,2,2,,,,,,,,,,,,,,,329,370,315,560,586,525,532,520,401,360,477,321
'420232,"Wallets, purses, key-pouches, cigarette-cases, tobacco-pouches and similar articles carried ...",10,28,5,14,2,5,12,18,4,6,6,2,,,,,,,,,,,,,,,606,653,713,736,616,650,763,779,609,695,581,418
'620442,Women's or girls' dresses of cotton (excl. knitted or crocheted and petticoats),0,0,2,10,15,1,1,13,0,0,1,2,,,,,,,,,,,,,,,1782,3302,3492,4785,6364,5777,3305,3409,1867,1842,2510,1531
'611090,"Jerseys, pullovers, cardigans, waistcoats and similar articles, of textile materials, knitted ...",3,14,7,10,1,1,10,2,1,2,6,2,,,,,,,,,,,,,,,999,723,880,827,615,665,769,597,831,1197,2113,1033
'841451,"Table, floor, wall, window, ceiling or roof fans, with a self-contained electric motor of an ...",0,1,4,0,0,1,2,0,0,1,1,2,,,,,,,,,,,,,,,795,1497,2682,3433,4102,4531,2130,836,798,899,712,691
'821520,"Sets consisting of one or more knives of heading 8211 and at least an equal number of spoons, ...",15,10,14,1,0,5,2,3,1,0,23,2,,,,,,,,,,,,,,,472,444,386,223,261,479,505,394,133,274,301,223
'611780,"Ties, bow ties, cravats and other made-up clothing accessories, knitted or crocheted, n.e.s. ...",6,2,2,0,1,0,4,1,5,4,3,2,,,,,,,,,,,,,,,111,154,259,132,215,251,187,210,235,162,230,167
'731814,"Self-tapping screws, of iron or steel (excl. wood screws)",3,2,2,6,1,14,1,1,13,1,1,2,,,,,,,,,,,,,,,1925,1500,1947,1366,1589,1846,1457,1035,1628,1717,1452,1677
'420291,"Travelling-bags, insulated food or beverage bags, toilet bags, rucksacks, shopping-bags, map-cases, ...",3,1,5,4,20,5,1,0,4,0,4,2,,,,,,,,,,,,,,,153,277,160,305,394,335,217,199,223,200,310,237
'854121,Transistors with a dissipation rate < 1 W (excl. photosensitive transistors),0,0,0,0,0,0,0,0,0,6,2,2,,,,,,,,,,,,,,,67,74,68,61,66,68,71,45,75,103,84,97
'620432,"Women's or girls' jackets and blazers of cotton (excl. knitted or crocheted, wind-jackets and ...",0,2,1,1,2,3,0,16,5,3,2,1,,,,,,,,,,,,,,,1393,1265,1141,671,955,1105,1134,1109,759,999,1129,1424
'610590,"Men's or boys' shirts of textile materials, knitted or crocheted (excl. of cotton or man-made ...",0,2,8,0,0,12,10,9,3,1,1,1,,,,,,,,,,,,,,,292,141,247,292,220,445,348,250,212,255,412,93
'830140,Locks of base metal (excl. padlocks and locks for motor vehicles or furniture),5,16,2,4,27,12,0,38,3,2,0,1,,,,,,,,,,,,,,,2233,2317,2615,2570,2476,2855,2144,1921,2389,2741,2387,1919
'847490,"Parts of machinery for working mineral substances of heading 8474, n.e.s.",0,0,0,0,1,0,0,0,0,0,0,1,,,,,,,,,,,,,,,14481,10094,12918,11435,14969,18467,16088,16308,14770,12903,12757,10453
'871495,Saddles for cycles (excl. for motorcycles),0,0,0,0,0,0,0,0,0,0,0,1,,,,,,,,,,,,,,,36,51,47,95,73,76,42,75,31,59,64,44
'940421,"Mattresses of cellular rubber or plastics, whether or not covered",0,0,0,0,0,0,0,0,0,0,0,1,,,,,,,,,,,,,,,134,40,86,55,29,18,23,30,20,17,110,32
'902790,"Microtomes; parts and accessories of instruments and apparatus for physical or chemical analysis, ...",2,0,2,1,0,1,0,0,1,4,0,1,,,,,,,,,,,,,,,4409,4565,4802,4642,5518,6815,4903,4028,4751,4582,5355,4714
'950490,"Tables for casino games, automatic bowling alley equipment, and other funfair, table or parlour ...",14,0,6,16,1,9,0,7,1,0,1,1,,,,,,,,,,,,,,,689,1275,901,1889,1676,1377,750,1142,906,1214,550,1351
'960820,Felt-tipped and other porous-tipped pens and markers,1,0,0,0,1,0,3,3,0,0,0,1,,,,,,,,,,,,,,,1163,533,786,1124,1004,1413,1034,938,376,426,622,563
'854141,"Light emitting diodes ""LED""",0,2,2,0,0,0,3,1,1,1,0,1,,,,,,,,,,,,,,,820,1216,1035,891,1419,1611,1046,605,1286,692,884,1217
'940120,Seats for motor vehicles,0,0,0,0,0,0,0,2,0,0,0,1,,,,,,,,,,,,,,,505,457,730,705,836,922,547,616,929,572,725,678
'902789,"Instruments and apparatus for physical or chemical analysis, or for measuring or checking viscosity, ...",0,0,0,0,1,0,0,0,0,0,0,1,,,,,,,,,,,,,,,3251,3390,3796,4377,3472,4218,4312,4505,2384,4648,5008,4181
'903090,Parts and accessories for instruments and apparatus for measuring or checking electrical quantities ...,0,0,0,1,2,0,0,0,3,0,0,1,,,,,,,,,,,,,,,382,314,312,257,330,670,334,500,293,298,357,433
'820150,"Secateurs and similar one-handed pruners and shears, incl. poultry shears, with working parts ...",0,0,0,0,0,0,0,0,0,0,0,1,,,,,,,,,,,,,,,307,398,109,92,286,199,68,171,553,329,104,656
'844339,"Printers, copying machines and facsimile machines, whether or not combined (excl. those capable ...",0,0,0,0,11,1,0,0,0,1,0,1,,,,,,,,,,,,,,,752,611,1845,760,1009,482,653,432,502,833,386,492
'611130,"Babies' garments and clothing accessories of synthetic fibres, knitted or crocheted (excl. ...",23,7,8,8,29,1,4,104,39,6,0,1,,,,,,,,,,,,,,,1168,710,793,391,676,392,877,2358,2400,2524,3820,2594
'481950,"Packing containers, incl. record sleeves, of paper, paperboard, cellulose wadding or webs of ...",1,1,0,1,0,1,1,1,0,0,1,1,,,,,,,,,,,,,,,133,187,237,175,124,214,163,158,194,88,112,90
'080550,"Fresh or dried lemons ""Citrus limon, Citrus limonum"" and limes ""Citrus aurantifolia, Citrus ...",0,0,0,0,0,1,0,0,1,0,1,1,,,,,,,,,,,,,,,60,14,1,0,0,55,81,11,48,5,208,34
'731822,Washers of iron or steel (excl. spring washers and other lock washers),1,0,0,0,0,0,0,0,0,0,0,1,,,,,,,,,,,,,,,1909,1449,1782,2257,1520,2293,1778,1711,1361,1496,1514,1284
'731824,"Cotters and cotter pins, of iron or steel",0,0,0,0,0,0,0,0,0,0,0,1,,,,,,,,,,,,,,,375,574,345,483,383,614,359,473,346,351,353,444
'610444,"Women's or girls' dresses of artificial fibres, knitted or crocheted (excl. petticoats)",0,5,1,0,1,0,1,0,0,0,1,1,,,,,,,,,,,,,,,570,331,369,369,630,214,262,167,323,261,337,312
'620610,"Women's or girls' blouses, shirts and shirt-blouses of silk or silk waste (excl. knitted or ...",0,0,0,0,0,0,0,0,0,1,0,1,,,,,,,,,,,,,,,33,37,81,46,66,37,53,65,41,51,49,132
'650400,"Hats and other headgear, plaited or made by assembling strips of any material, whether or not ...",0,0,0,0,0,1,0,0,0,1,0,1,,,,,,,,,,,,,,,150,342,634,355,568,708,597,158,163,125,301,298
'620190,"Men's or boys' overcoats, car-coats, capes, cloaks, anoraks, incl. ski jackets, wind-cheaters, ...",2,4,1,0,19,0,0,2,0,46,0,1,,,,,,,,,,,,,,,562,400,343,286,415,438,432,408,331,797,1130,704
'871492,"Wheel rims and spokes, for cycles (excl. for motorcycles)",0,0,0,0,0,0,0,0,0,0,0,1,,,,,,,,,,,,,,,150,297,240,232,378,467,204,252,225,326,303,204
'850710,"Lead-acid accumulators of a kind used for starting piston engine ""starter batteries"" (excl. ...",4,1,3,0,7,7,0,4,0,0,20,1,,,,,,,,,,,,,,,7755,9181,9374,6927,11349,11164,7017,7440,4652,5968,6493,7762
'848490,"Sets or assortments of gaskets and similar joints, dissimilar in composition, put up in pouches, ...",1,1,8,3,1,2,1,2,4,1,4,1,,,,,,,,,,,,,,,2152,2609,2570,2303,2755,2611,2641,2905,2172,2199,1860,2588
'920790,"Accordions and musical instruments without keyboards, the sound of which is produced, or must ...",0,0,0,1,0,1,0,1,0,1,0,1,,,,,,,,,,,,,,,236,275,243,223,361,255,210,157,217,241,140,274
'902690,"Parts and accessories for instruments and apparatus for measuring or checking the flow, level, ...",0,0,1,1,0,0,0,0,0,0,0,1,,,,,,,,,,,,,,,1165,1183,1517,1273,1274,1571,1744,4644,1172,1537,1325,1644
'853610,Fuses for a voltage <= 1.000 V,0,0,0,0,0,0,0,0,0,0,0,1,,,,,,,,,,,,,,,1022,832,1148,3300,979,1095,954,630,1002,649,1015,651
'841899,"Parts of refrigerating or freezing equipment and heat pumps, n.e.s.",1,1,0,0,1,0,0,1,0,1,1,1,,,,,,,,,,,,,,,4518,5894,6368,4454,5037,5020,2136,3000,2925,2780,4745,3662
'830230,"Base metal mountings, fittings and similar articles suitable for motor vehicles (excl. hinges ...",0,0,0,0,0,0,0,0,0,0,0,1,,,,,,,,,,,,,,,2640,2494,2778,2855,2845,2888,1639,2188,2248,2167,2402,2377
'701399,"Glassware of a kind used for toilet, office, indoor decoration or similar purposes (excl. glassware ...",6,2,11,0,5,2,1,0,9,1,3,1,,,,,,,,,,,,,,,582,501,759,638,774,696,642,805,564,652,578,690
'620431,"Women's or girls' jackets and blazers of wool or fine animal hair (excl. knitted or crocheted, ...",0,0,1,0,0,0,0,0,2,2,1,1,,,,,,,,,,,,,,,86,21,71,68,27,30,42,73,35,111,114,50
'621290,"Corsets, braces, garters, suspenders and similar articles and parts thereof, incl. parts of ...",2,1,3,2,10,19,0,8,2,2,2,1,,,,,,,,,,,,,,,56,62,113,94,116,160,116,188,129,79,118,101
'640420,Footwear with outer soles of leather or composition leather and uppers of textile materials ...,1,4,1,1,1,0,0,1,2,6,1,1,,,,,,,,,,,,,,,213,205,360,289,174,287,458,369,383,529,358,446
'560749,"Twine, cordage, ropes and cables of polyethylene or polypropylene, whether or not plaited or ...",0,0,0,0,0,1,0,1,3,0,0,1,,,,,,,,,,,,,,,187,137,102,176,247,493,157,144,209,140,169,317
'420340,"Clothing accessories of leather or composition leather (excl. gloves, mittens and mitts, belts, ...",0,0,0,0,0,0,0,0,0,0,0,1,,,,,,,,,,,,,,,5,14,33,11,18,16,30,20,18,42,41,20
'851771,"Aerials and aerial reflectors of all kinds, of telephone sets, telephones for cellular networks ...",42,0,174,18,2,0,62,198,62,11,1,1,,,,,,,,,,,,,,,8514,2497,1566,2087,2757,2629,4973,4466,4494,2521,2448,1855
'854129,Transistors with a dissipation rate >= 1 W (excl. photosensitive transistors),1,0,1,0,0,0,0,0,0,2,2,1,,,,,,,,,,,,,,,793,365,703,276,491,469,700,484,257,952,404,464
'854290,"Parts of electronic integrated circuits, n.e.s.",0,0,0,0,0,0,9,0,0,0,0,1,,,,,,,,,,,,,,,560,315,90,113,798,570,476,533,52,100,202,370
'903033,"Instruments and apparatus for measuring or checking voltage, current, resistance or electrical ...",0,0,0,2,0,0,6,0,0,0,0,1,,,,,,,,,,,,,,,891,650,1246,1090,1319,976,846,1866,758,1220,654,748
'490199,"Printed books, brochures and similar printed matter (excl. those in single sheets; dictionaries, ...",2,18,0,0,1,0,1,1,1,0,2,1,,,,,,,,,,,,,,,4610,4485,6236,4426,6265,6487,5511,7203,6578,5646,5505,5235
'392610,"Office or school supplies, of plastics, n.e.s.",0,9,11,0,0,0,2,0,3,0,0,1,,,,,,,,,,,,,,,461,696,1017,1392,1177,768,615,468,522,416,409,327
'392640,"Statuettes and other ornamental articles, of plastics",0,0,0,1,3,1,1,1,3,1,26,1,,,,,,,,,,,,,,,605,621,679,800,725,864,862,508,416,411,461,294
'620339,"Men's or boys' jackets and blazers of textile materials (excl. of wool, fine animal hair, cotton ...",1,14,2,3,1,2,8,19,1,1,1,1,,,,,,,,,,,,,,,1114,1057,984,1144,1022,1060,1217,717,562,1018,1321,619
'620690,"Women's or girls' blouses, shirts and shirt-blouses of textile materials (excl. of silk, silk ...",1,1,1,0,0,1,1,1,1,0,1,1,,,,,,,,,,,,,,,616,1597,1705,1132,1251,1616,1473,864,749,576,521,577
'630493,"Articles for interior furnishing, of synthetic fibres (excl. knitted or crocheted, blankets ...",0,0,0,0,0,0,0,0,0,0,0,1,,,,,,,,,,,,,,,2288,1851,1694,1778,1492,2496,2429,279,2230,1950,1505,1773
'621710,"Made-up clothing accessories, of all types of textile materials, n.e.s. (excl. knitted or ...",7,3,1,2,0,1,3,1,0,1,5,1,,,,,,,,,,,,,,,272,307,368,284,372,453,225,296,210,279,421,262
'610339,"Men's or boys' jackets and blazers of textile materials (excl. of wool, fine animal hair, cotton ...",0,0,0,0,0,0,0,0,0,1,0,1,,,,,,,,,,,,,,,143,52,120,70,41,278,17,17,247,148,199,168
'120991,"Vegetable seeds, for sowing",4,7,42,1,8,4,27,4,59,1,92,1,,,,,,,,,,,,,,,2115,4890,3915,2542,3710,3910,4140,6058,4519,3086,4449,3498
'820559,"Hand tools, incl. glaziers' diamonds, of base metal, n.e.s.",0,5,0,0,0,0,0,0,0,0,0,1,,,,,,,,,,,,,,,2178,1843,1712,1688,1567,1777,1217,1575,1728,1782,1559,1339
'820890,"Knives and cutting blades, of base metal, for machines or for mechanical appliances (excl. ...",9,14,8,27,7,19,28,2,13,16,15,1,,,,,,,,,,,,,,,905,1014,1293,1196,1205,1209,1127,870,994,987,1293,781
'848790,"Parts of machinery of chapter 84, not intended for a specific purpose, n.e.s.",1,1,2,5,2,2,0,1,3,2,2,1,,,,,,,,,,,,,,,1589,1249,1816,1611,1249,1368,1542,2105,1375,1088,1188,1503
'870821,Safety seat belts for motor vehicles,0,1,0,0,0,0,0,0,0,0,0,1,,,,,,,,,,,,,,,555,464,784,619,797,1275,760,1440,1411,547,901,2339
'902680,"Instruments or apparatus for measuring or checking variables of liquids or gases, n.e.s.",2,2,0,0,0,7,0,0,1,1,0,1,,,,,,,,,,,,,,,1801,1679,1709,2332,2090,1405,1385,1522,1625,1180,1743,1681
'850819,"Vacuum cleaners, incl. dry cleaners and wet vacuum cleaners, with self-contained electric motor ...",0,2,1,0,0,0,0,0,0,0,1,1,,,,,,,,,,,,,,,467,446,285,447,372,314,446,463,460,268,430,726
'482030,"Binders (other than book covers), folders and file covers, of paper or paperboard",0,0,0,0,0,0,0,0,0,0,0,1,,,,,,,,,,,,,,,83,74,90,74,143,72,48,29,48,57,55,68
'420310,"Articles of apparel, of leather or composition leather (excl. clothing accessories, footware ...",1,1,1,1,1,4,13,3,2,22,4,1,,,,,,,,,,,,,,,168,153,167,123,184,183,163,230,110,203,362,259
'843120,"Parts of fork-lift trucks and other works trucks fitted with lifting or handling equipment, ...",0,0,0,1,1,0,0,0,0,0,0,1,,,,,,,,,,,,,,,2509,2236,1771,2481,2274,2175,1483,1705,1971,1506,2546,1956
'843999,"Parts of machinery for making or finishing paper or paperboard, n.e.s.",0,0,1,0,1,0,0,0,2,1,0,1,,,,,,,,,,,,,,,1427,1106,1318,932,1758,1378,1823,943,852,1375,2691,1300
'620930,Babies' garments and clothing accessories of synthetic fibres (excl. knitted or crocheted and ...,0,0,0,2,0,0,2,2,19,7,1,1,,,,,,,,,,,,,,,150,284,382,414,260,367,256,506,528,269,681,208
'854800,"Electrical parts of machinery or apparatus, n.e.s. in chapter 85",1,2,1,1,0,0,2,0,1,4,0,1,,,,,,,,,,,,,,,269,221,235,243,255,175,181,163,95,217,121,201
'848299,"Parts of ball or roller bearings (excl. balls, needles and rollers), n.e.s.",0,0,0,0,1,1,0,2,0,0,0,1,,,,,,,,,,,,,,,730,934,988,955,1344,716,865,978,922,803,1051,1461
'848350,"Flywheels and pulleys, incl. pulley blocks",0,0,0,0,0,0,0,0,0,0,0,1,,,,,,,,,,,,,,,3669,2870,3919,2898,3232,3886,3630,4107,3226,2743,4108,3388
'940599,"Parts of lamps and lighting fittings, illuminated signs and nameplates and the like, n.e.s.",0,0,0,0,0,0,0,0,0,0,1,1,,,,,,,,,,,,,,,967,748,701,798,755,748,586,577,477,850,698,502
'830242,"Base metal mountings, fittings and similar articles suitable for furniture (excl. locks with ...",0,0,0,3,0,2,0,0,0,0,0,1,,,,,,,,,,,,,,,2205,2111,1724,1562,2358,1924,1868,2011,2020,2080,2098,1077
'845090,"Parts of household or laundry-type washing machines, n.e.s.",1,1,1,1,2,1,1,3,1,2,1,1,,,,,,,,,,,,,,,547,554,397,890,698,318,200,182,147,312,245,396
'391990,"Self-adhesive plates, sheets, film, foil, tape, strip and other flat shapes, of plastics, whether ...",0,0,127,207,63,238,17,37,48,0,3,1,,,,,,,,,,,,,,,10120,9934,8198,10273,10942,11678,8441,8691,10919,7622,10947,10196
'401190,"New pneumatic tyres, of rubber (excl. of a kind used on agricultural, forestry, construction, ...",5,0,0,2,3,5,3,0,0,0,3,1,,,,,,,,,,,,,,,920,1051,1681,2067,512,573,653,368,934,1258,1165,2243
'482010,"Registers, account books, notebooks, order books, receipt books, letter pads, memorandum pads, ...",8,140,11,23,1,3,8,54,7,2,5,1,,,,,,,,,,,,,,,939,1351,1356,1639,1552,1162,939,1347,773,984,728,406
'620130,"Men's or boys' overcoats, car-coats, capes, cloaks, anoraks, incl. ski jackets, wind-cheaters, ...",14,6,13,21,4,15,2,1,4,9,9,1,,,,,,,,,,,,,,,331,124,253,246,144,169,158,178,453,367,613,594
'611529,"Pantyhose and tights of textile materials, knitted or crocheted (excl. graduated compression ...",2,32,2,1,1,1,3,2,2,2,1,1,,,,,,,,,,,,,,,240,570,221,153,355,457,248,458,451,648,1096,938
'830820,"Tubular or bifurcated rivets, of base metal",1,0,0,0,0,1,0,1,0,0,0,1,,,,,,,,,,,,,,,524,575,780,504,374,482,363,250,707,436,396,319
'660390,"Parts, trimmings and accessories for umbrellas and sun umbrellas of heading 6601 or for walking ...",0,0,0,0,0,0,0,0,0,0,0,1,,,,,,,,,,,,,,,31,37,27,44,25,84,56,121,51,19,69,29
'821420,"Manicure or pedicure sets and instruments, incl. nail files, of base metal (excl. ordinary ...",0,0,0,0,0,0,0,0,0,0,0,1,,,,,,,,,,,,,,,176,213,321,190,246,256,246,285,245,233,199,245
'732690,"Articles of iron or steel, n.e.s. (excl. cast articles or articles of iron or steel wire)",6,6,4,5,8,1,4,0,479,469,6,1,,,,,,,,,,,,,,,10026,12627,11187,10287,10582,10779,9562,9819,12459,13080,14765,12284
'841381,"Pumps for liquids, power-driven (excl. those of subheading 8413.11 and 8413.19, fuel, lubricating ...",0,0,1,2,2,3,3,7,0,1,3,1,,,,,,,,,,,,,,,3977,3809,4309,3905,3954,5745,4533,5498,3722,4861,4171,3890
'846791,"Parts of chainsaws, for working in the hand, with self-contained electric or non-electric motor, ...",1,0,0,0,0,0,0,0,0,0,0,1,,,,,,,,,,,,,,,345,201,219,412,237,179,301,306,276,67,305,275
'848710,Ships' or boats' propellers and blades therefor,0,1,0,0,0,0,0,0,0,1,0,1,,,,,,,,,,,,,,,148,123,254,289,217,157,124,84,148,186,190,122
'848240,"Needle roller bearings, incl. cage and needle roller assemblies",1,0,0,1,0,1,0,3,2,2,1,1,,,,,,,,,,,,,,,449,695,243,506,596,294,711,470,344,861,472,775
'911390,"Watch straps, watch bands and watch bracelets, and parts thereof, n.e.s.",0,0,0,0,1,0,0,0,0,0,1,1,,,,,,,,,,,,,,,167,156,225,290,300,255,343,236,209,209,179,159
'940152,Seats of bamboo,0,0,0,0,0,0,0,0,0,0,0,1,,,,,,,,,,,,,,,0,0,2,0,8,0,0,0,0,0,0,2
'841690,"Parts of furnace burners such as mechanical stokers, incl. their mechanical grates, mechanical ...",0,108,0,0,0,0,0,0,131,0,0,0,,,,,,,,,,,,,,,820,3423,3064,315,1936,648,485,695,304,384,364,354
'845410,Converters of a kind used in metallurgy or in metal foundries,0,0,0,0,0,0,0,0,0,0,0,0,,,,,,,,,,,,,,,3,4,3,4,5,6,370,6,1,1,0,2
'845620,"Machine tools for working any material by removal of material, operated by ultrasonic processes ...",0,0,0,0,0,0,0,0,0,0,0,0,,,,,,,,,,,,,,,3,12,24,20,9,9,7,0,40,13,7,0
'845690,"Machine tools for working any material by removal of material, operated by electro-chemical, ...",0,0,1,0,0,0,0,3,0,0,0,0,,,,,,,,,,,,,,,82,180,14,143,112,43,112,78,141,12,47,362
'845941,"Boring machines for metals, numerically controlled (excl. way-type unit head machines and boring-milling ...",0,0,0,0,0,0,0,0,0,0,0,0,,,,,,,,,,,,,,,0,9,0,60,13,0,0,0,516,13,0,14
'845961,"Milling machines for metals, numerically controlled (excl. way-type unit head machines, boring-milling ...",0,0,0,0,1,0,0,0,0,0,0,0,,,,,,,,,,,,,,,104,361,30,196,218,237,11,152,33,160,77,265
'841869,Refrigerating or freezing equipment (excl. refrigerating and freezing furniture),0,0,0,0,0,0,0,0,0,0,0,0,,,,,,,,,,,,,,,6418,8630,7261,5834,6795,7865,5030,7445,8799,4469,7066,10921
'841981,"Machinery, plant and equipment for making hot drinks or for cooking or heating food (excl. ...",0,0,0,0,0,0,0,0,0,0,0,0,,,,,,,,,,,,,,,4145,5744,5910,7466,7053,6352,6937,4118,3193,3492,4483,2852
'842290,"Parts of dishwashing machines, packing or wrapping machinery and other machinery and apparatus ...",1,5,1,4,0,1,2,0,5,0,3,0,,,,,,,,,,,,,,,7717,6900,7666,6238,5594,6161,5510,6450,5249,5731,4180,5927
'842441,"Agricultural or horticultural sprayers, portable",0,0,0,0,0,0,0,0,0,0,0,0,,,,,,,,,,,,,,,431,378,480,223,201,1077,286,892,205,464,357,555
'842489,"Mechanical appliances, whether or not hand-operated, for projecting, dispersing or spraying ...",0,0,0,0,0,0,0,0,0,292,0,0,,,,,,,,,,,,,,,2706,2035,3326,2489,2360,3522,5091,3214,1890,3060,2339,2180
'842820,Pneumatic elevators and conveyors,0,0,0,0,0,0,0,0,0,0,0,0,,,,,,,,,,,,,,,64,249,5,440,255,335,40,252,723,230,88,214
'842832,"Continuous-action elevators and conveyors for goods or materials, bucket type (excl. for underground ...",0,0,0,0,0,0,0,0,0,0,0,0,,,,,,,,,,,,,,,36,31,544,218,144,333,317,189,43,30,147,315
'842833,"Continuous-action elevators and conveyors for goods or materials, belt type (excl. those for ...",0,0,0,0,0,0,0,0,66,0,0,0,,,,,,,,,,,,,,,524,502,435,1629,2964,857,765,713,716,641,1280,1581
'842959,"Self-propelled mechanical shovels, excavators and shovel loaders (excl. self-propelled mechanical ...",0,0,0,0,0,0,0,0,0,0,0,0,,,,,,,,,,,,,,,7946,8328,15043,12023,10304,12440,8963,10665,10669,14228,16350,10823
'843110,"Parts of pulley tackles and hoists (other than skip hoists), winches, capstans and jacks, n.e.s.",0,0,0,0,0,0,0,0,0,0,0,0,,,,,,,,,,,,,,,1725,1571,1403,1899,1702,2133,1269,839,961,2237,3509,456
'843242,Fertiliser distributors (excl. sprayers and manure spreaders),0,0,0,0,0,0,0,0,0,0,0,0,,,,,,,,,,,,,,,677,738,363,421,108,573,472,85,458,107,321,782
'843351,Combine harvester-threshers,0,0,0,0,0,0,0,0,0,0,0,0,,,,,,,,,,,,,,,885,2285,1427,7463,3013,1742,1142,4766,13528,3756,15154,11875
'843490,"Parts of milking machines and dairy machinery, n.e.s.",0,0,0,0,0,0,0,0,0,0,0,0,,,,,,,,,,,,,,,347,255,238,2175,278,303,726,63,351,168,352,182
'843850,Machinery for the industrial preparation of meat or poultry (excl. cooking and other heating ...,0,0,0,0,0,0,0,0,0,0,0,0,,,,,,,,,,,,,,,2178,1123,2416,1189,2410,1456,3038,3937,2301,1156,3214,2181
'843991,"Parts of machinery for making pulp of fibrous cellulosic material, n.e.s.",0,0,0,0,0,0,0,0,0,0,0,0,,,,,,,,,,,,,,,524,1565,796,775,470,516,347,544,480,543,688,1247
'844110,"Cutting machines for making up paper pulp, paper or paperboard (excl. bookbinding machinery ...",0,0,0,0,0,0,0,0,0,0,0,0,,,,,,,,,,,,,,,1749,1182,783,2014,468,1832,562,1375,4369,1047,1251,464
'844851,"Sinkers, needles and other articles used in forming stitches, for machines of heading 8447",0,0,0,1,0,0,12,6,0,5,2,0,,,,,,,,,,,,,,,55,113,138,101,69,98,111,57,94,121,54,75
'740319,"Copper, refined, unwrought (excl. copper in the form of billets, wire-bars, cathodes and sections ...",0,0,0,0,0,0,0,0,0,0,0,0,,,,,,,,,,,,,,,1,138,106,32,2,14,7,67,17,68,0,87
'740322,"Copper-tin base alloys ""bronze"" unwrought",0,0,0,0,0,0,0,0,0,0,0,0,,,,,,,,,,,,,,,270,0,1,17,62,9,59,50,38,8,5,14
'740822,"Wire of copper-nickel alloys ""cupro-nickel"" or copper-nickel-zinc alloys ""nickel silver""",0,0,0,0,0,0,0,0,0,0,0,0,,,,,,,,,,,,,,,0,14,0,0,0,1,0,0,8,28,0,0
'740911,"Plates, sheets and strip, of refined copper, in coils, of a thickness of > 0,15 mm (excl. expanded ...",0,0,0,0,0,0,0,0,0,0,0,0,,,,,,,,,,,,,,,402,38,400,660,349,590,117,0,392,436,356,37
'740939,"Plates, sheets and strip, of copper-tin base alloys ""bronze"", of a thickness of > 0,15 mm, ...",0,0,0,0,0,0,0,0,0,0,0,0,,,,,,,,,,,,,,,4,27,2,11,3,0,27,1,17,0,1,3
'740940,"Plates, sheets and strip, of copper-nickel base alloys ""cupro-nickel"" or copper-nickel-zinc ...",0,0,0,0,0,0,0,0,0,0,0,0,,,,,,,,,,,,,,,22,0,0,0,0,0,0,0,0,0,45,0
'741121,"Tubes and pipes of copper-zinc base alloys ""brass""",0,0,7,0,0,0,0,0,0,0,0,0,,,,,,,,,,,,,,,176,40,238,139,145,172,111,56,69,165,308,139
'760120,Unwrought aluminium alloys,0,0,0,0,0,0,0,0,0,0,0,0,,,,,,,,,,,,,,,9560,5716,4865,4535,3245,5924,5376,10426,8216,8857,3640,8826
'760410,"Bars, rods and profiles, of non-alloy aluminium, n.e.s.",0,0,0,0,0,0,0,0,0,0,0,0,,,,,,,,,,,,,,,1340,1065,1077,953,843,1267,1699,330,1488,991,1216,1057
'760611,"Plates, sheets and strip, of non-alloy aluminium, of a thickness of > 0,2 mm, square or rectangular ...",0,0,0,0,0,0,0,0,0,0,0,0,,,,,,,,,,,,,,,360,731,943,1116,519,604,684,475,792,1213,412,1053
'761520,"Sanitary ware and parts thereof, of aluminium (excl. cans, boxes and similar containers of ...",0,0,0,0,0,0,0,0,0,0,0,0,,,,,,,,,,,,,,,22,8,41,15,35,27,5,46,53,2,25,52
'780191,"Unwrought lead, containing by weight antimony as the principal other element",0,0,0,0,0,0,0,0,0,0,0,0,,,,,,,,,,,,,,,0,0,0,0,0,51,0,0,0,0,0,0
'790112,"Unwrought zinc, not alloyed, containing by weight < 99,99% of zinc",0,0,0,0,0,0,0,0,0,0,0,0,,,,,,,,,,,,,,,5259,3758,81,2500,748,3559,2782,865,5081,6392,6582,3741
'790310,Zinc dust,0,0,0,0,0,0,0,0,0,0,0,0,,,,,,,,,,,,,,,0,74,0,0,0,85,85,104,69,0,0,0
'800700,"Articles of tin, n.e.s.",0,0,0,0,0,0,0,0,0,0,0,0,,,,,,,,,,,,,,,885,72,972,858,883,68,28,20,3,7,194,12
'810194,"Unwrought tungsten, incl. bars and rods of tungsten obtained simply by sintering",0,0,0,0,0,0,0,0,0,0,0,0,,,,,,,,,,,,,,,6,13,23,9,9,7,23,19,18,1,44,23
'810320,"Unwrought tantalum, incl. bars and rods of tantalum obtained simply by sintering; tantalum ...",0,0,0,0,0,0,0,0,0,0,0,0,,,,,,,,,,,,,,,2,0,0,0,0,0,0,3,1,0,0,3
'810690,"Bismuth and articles thereof incl. waste and scrap, containing <= 99,99 % of bismuth by weight, ...",0,0,0,0,0,0,0,0,0,0,0,0,,,,,,,,,,,,,,,6,20,0,0,1,0,0,6,0,1,0,0
'810999,"Articles of zirconium, containing => 1 part hafnium to 500 parts zirconium by weight, n.e.s.",0,0,0,0,0,0,0,0,0,0,0,0,,,,,,,,,,,,,,,8,25,2,38,13,12,41,5,23,57,2,0
'811299,"Articles of niobium ""columbium"", gallium, indium, vanadium and germanium, n.e.s.",0,0,0,0,0,0,0,0,0,0,0,0,,,,,,,,,,,,,,,28,29,4,74,31,156,30,129,59,29,112,114
'820110,"Spades and shovels, with working parts of base metal",0,0,0,0,0,0,0,0,0,0,0,0,,,,,,,,,,,,,,,29,49,41,15,67,53,52,18,41,73,25,65
'820239,"Circular saw blades, incl. slitting or slotting saw blades, and parts thereof, of base metal, ...",0,0,0,0,0,0,0,0,0,0,0,0,,,,,,,,,,,,,,,582,373,430,411,465,588,707,365,507,571,611,410
'820240,Chainsaw blades of base metal,0,0,0,0,0,0,0,0,0,0,0,0,,,,,,,,,,,,,,,483,473,579,471,338,636,414,172,862,155,390,615
'820412,"Hand-operated spanners and wrenches, incl. torque meter wrenches, of base metal, adjustable ...",0,0,0,0,0,0,0,0,0,0,0,0,,,,,,,,,,,,,,,234,286,344,444,510,330,336,360,327,305,289,334
'820420,"Interchangeable spanner sockets, with or without handles, of base metal",0,0,0,1,1,0,0,0,1,0,1,0,,,,,,,,,,,,,,,614,514,535,599,558,541,547,601,385,427,573,452
'820760,Interchangeable tools for boring or broaching,0,0,0,0,0,0,0,0,0,0,0,0,,,,,,,,,,,,,,,197,118,164,169,300,260,230,348,185,271,184,149
'820830,"Knives and cutting blades, of base metal, for kitchen appliances or for machines used by the ...",0,0,0,0,0,0,0,0,0,0,0,0,,,,,,,,,,,,,,,379,381,589,277,373,428,434,330,386,419,678,366
'820900,"Plates, sticks, tips and the like for tools, unmounted, of sintered metal carbides or cermets",0,0,0,0,0,0,0,0,0,1,0,0,,,,,,,,,,,,,,,3759,2994,3339,2839,3437,3545,3949,2766,4256,2620,4227,6317
'821193,"Knives having other than fixed blades, incl. pruning knives, of base metal (excl. razors)",0,0,0,0,0,0,0,0,0,0,0,0,,,,,,,,,,,,,,,228,284,175,208,313,299,239,267,216,268,339,276
'821591,"Spoons, forks, ladles, skimmers, cake-servers, fish-knives, butter-knives, sugar tongs and ...",0,0,0,0,0,0,0,0,0,0,0,0,,,,,,,,,,,,,,,0,4,1,2,11,13,9,0,0,1,18,0
'830130,"Locks used for furniture, of base metal",0,0,0,0,0,0,0,0,0,0,0,0,,,,,,,,,,,,,,,139,136,145,125,199,145,188,105,94,123,92,209
'732111,"Appliances for baking, frying, grilling and cooking and plate warmers, for domestic use, of ...",0,0,0,0,0,0,0,0,0,0,0,0,,,,,,,,,,,,,,,1303,1728,1847,2113,2212,2115,1977,1604,1507,1947,2053,1206
'732591,"Grinding balls and similar articles for mills, cast (excl. such articles of non-malleable cast ...",0,0,0,0,0,0,0,0,0,0,0,0,,,,,,,,,,,,,,,944,701,367,133,444,1580,1335,26,179,553,2,1834
'680100,"Setts, curbstones and flagstones, of natural stone (excl. slate)",0,0,0,0,0,0,0,0,0,0,0,0,,,,,,,,,,,,,,,33,1,42,65,103,58,35,1,69,0,32,87
'680990,Articles of plaster or of compositions based on plaster (excl. plaster bandages for straightening ...,0,0,0,0,0,0,0,0,0,0,0,0,,,,,,,,,,,,,,,33,3,3,20,0,18,1,24,14,26,3,99
'831120,"Cored wire of base metal, for electric arc-welding",0,37,26,30,34,0,38,40,61,0,78,0,,,,,,,,,,,,,,,852,530,549,488,459,858,523,786,817,566,470,481
'840120,"Machinery and apparatus for isotopic separation and parts thereof, n.e.s. [Euratom]",0,0,0,0,0,0,0,0,0,0,0,0,,,,,,,,,,,,,,,0,0,0,0,2,0,0,0,6,0,0,1
'840130,"Fuel elements ""cartridges"", non-irradiated, in casing with handling fixtures, for nuclear reactors ...",0,0,0,0,0,0,0,0,0,0,0,0,,,,,,,,,,,,,,,0,0,0,0,0,0,0,0,0,0,0,0
'840220,Superheated water boilers,0,0,0,0,0,0,0,0,0,0,0,0,,,,,,,,,,,,,,,337,51,2,5,0,40,19,0,32,47,20,11
'840682,"Steam and other vapour turbines, of an output <= 40 MW (excl. those for marine propulsion)",0,0,0,0,0,0,0,0,0,0,0,0,,,,,,,,,,,,,,,19,0,6,3854,0,0,6,6,1,0,0,22
'840732,"Spark-ignition reciprocating piston engine, of a kind used for the propulsion of vehicles of ...",0,0,0,0,0,0,0,0,0,0,0,0,,,,,,,,,,,,,,,23,9,4,24,0,20,134,0,15,39,20,27
'841191,"Parts of turbojets or turbopropellers, n.e.s.",0,0,0,0,0,5,0,0,0,0,0,0,,,,,,,,,,,,,,,4619,4562,5905,4884,5048,5226,6958,5645,5659,4913,3872,5253
'841290,"Parts of non-electrical engines and motors, n.e.s.",0,30,0,0,0,1,0,0,1,7,0,0,,,,,,,,,,,,,,,4354,2476,3219,1746,2695,2801,2069,1967,2630,2391,1881,1993
'630640,Pneumatic mattresses of textile materials,0,0,0,0,0,0,0,0,0,0,0,0,,,,,,,,,,,,,,,10,116,636,85,101,80,12,2,136,33,20,47
'650100,"Hat-forms, hat bodies and hoods of felt, neither blocked to shape nor with made brims; plateaux ...",0,0,0,0,0,0,0,0,0,0,0,0,,,,,,,,,,,,,,,8,143,0,2,1,17,3,2,1,72,0,47
'681291,"Clothing, clothing accessories, footwear and headgear of asbestos or of mixtures with a basis ...",0,0,0,0,0,0,0,0,0,0,0,0,,,,,,,,,,,,,,,8,0,1,0,0,0,0,0,0,0,0,0
'681519,"Articles of graphite or carbon, for non-electrical purposes (excl. carbon fibres and articles ...",0,0,0,0,0,0,0,0,0,0,0,0,,,,,,,,,,,,,,,582,234,402,463,549,487,385,205,545,346,355,763
'681591,"Articles of stone or other mineral substances, n.e.s. containing magnesite, magnesia in the ...",0,0,0,0,0,0,0,0,0,0,0,0,,,,,,,,,,,,,,,190,639,1018,2105,815,1095,163,959,95,254,776,160
'690320,"Retorts, crucibles, mufflers, nozzles, plugs, supports, cupels, tubes, pipes, sheaths, rods ...",0,0,0,0,0,0,0,0,0,0,0,0,,,,,,,,,,,,,,,634,915,584,810,447,327,518,299,946,513,532,631
'690590,"Ceramic chimney pots, cowls, chimney liners, architectural ornaments and other ceramic constructional ...",0,0,0,0,0,0,0,0,0,0,0,0,,,,,,,,,,,,,,,1,19,8,1,8,1,1,0,5,0,0,1
'690721,"Ceramic flags and paving, hearth or wall tiles, of a water absorption coefficient by weight ...",0,0,0,0,17,0,0,0,39,0,5,0,,,,,,,,,,,,,,,4173,4223,4324,5211,7696,4197,4283,2683,6427,3678,5474,4498
'690919,"Ceramic wares for chemical or other technical uses (excl. of porcelain or china, articles having ...",0,0,0,0,0,0,0,0,0,0,0,0,,,,,,,,,,,,,,,6695,7012,6090,8218,7273,6734,2426,3441,2703,4685,6218,9493
'700232,Tubes of glass having a linear coefficient of expansion <= 5 x 10-6 per kelvin within a temperature ...,0,0,0,0,0,0,0,0,0,0,0,0,,,,,,,,,,,,,,,7,0,3,1,0,6,0,4,5,0,22,3
'700312,"Cast glass and rolled glass, in non-wired sheets, coloured throughout the mass ""body tinted"", ...",0,0,0,0,0,0,0,0,0,0,0,0,,,,,,,,,,,,,,,24,39,0,0,0,11,1,1,24,29,33,0
'620323,"Men's or boys' ensembles of synthetic fibres (excl. knitted or crocheted, ski ensembles and ...",0,0,0,0,0,0,0,0,0,0,0,0,,,,,,,,,,,,,,,771,734,999,820,951,1161,1112,868,784,916,1146,1011
'620341,"Men's or boys' trousers, bib and brace overalls, breeches and shorts, of wool or fine animal ...",1,0,0,1,0,0,1,1,0,1,0,0,,,,,,,,,,,,,,,99,101,70,114,109,116,79,67,64,72,46,109
'391722,"Rigid tubes, pipes and hoses of polymers of propylene",0,0,0,0,0,0,0,0,0,0,0,0,,,,,,,,,,,,,,,70,139,70,53,47,225,121,66,130,81,88,91
'391810,"Floor coverings, whether or not self-adhesive, in rolls or in the form of tiles, and wall or ...",57,0,19,0,3,33,81,32,0,32,0,0,,,,,,,,,,,,,,,3021,2979,2945,4095,4321,4531,4567,2544,2731,3401,3498,3187
'611190,"Babies' garments and clothing accessories of textile materials, knitted or crocheted (excl. ...",0,0,0,0,0,0,0,0,0,0,0,0,,,,,,,,,,,,,,,114,100,94,43,45,80,132,231,269,173,490,321
'611490,"Special garments for professional, sporting or other purposes, n.e.s., of textile materials, ...",0,0,1,0,0,2,1,0,0,0,0,0,,,,,,,,,,,,,,,108,71,53,83,48,49,75,83,44,105,42,69
'621390,"Handkerchiefs of textile materials, of which no side exceeds 60 cm (excl. of cotton, and knitted ...",0,0,0,0,0,0,0,0,0,0,0,0,,,,,,,,,,,,,,,4,3,6,3,7,5,2,5,4,2,4,3
'621410,"Shawls, scarves, mufflers, mantillas, veils and similar articles of silk or silk waste (excl. ...",0,0,0,0,0,0,0,0,0,0,0,0,,,,,,,,,,,,,,,178,220,133,145,169,137,119,133,102,96,162,131
'621590,"Ties, bow ties and cravats of textile materials (excl. of silk, silk waste or man-made fibres, ...",0,0,0,0,0,0,0,0,0,0,0,0,,,,,,,,,,,,,,,15,7,21,7,14,14,7,8,15,16,8,4
'630130,"Blankets and travelling rugs of cotton (excl. electric, table covers, bedspreads and articles ...",0,0,0,0,0,0,0,0,0,0,0,0,,,,,,,,,,,,,,,47,42,65,49,136,149,91,23,25,75,103,145
'630240,"Table linen, knitted or crocheted",0,0,3,0,0,0,0,0,0,0,0,0,,,,,,,,,,,,,,,6,3,24,4,5,8,9,10,5,4,6,3
'630259,"Table linen of textile materials (excl. of cotton or man-made fibres, knitted or crocheted)",0,0,0,0,0,0,0,0,0,0,0,0,,,,,,,,,,,,,,,41,29,37,61,26,77,52,23,24,33,33,91
'620722,"Men's or boys' nightshirts and pyjamas of man-made fibres (excl. knitted or crocheted, vests, ...",0,0,0,0,0,1,0,0,0,0,0,0,,,,,,,,,,,,,,,4,46,87,91,96,125,146,93,141,18,92,31
'620821,"Women's or girls' nightdresses and pyjamas of cotton (excl. knitted or crocheted, vests and ...",0,0,0,0,0,0,0,0,0,0,0,0,,,,,,,,,,,,,,,51,143,82,205,290,69,26,37,45,107,104,35
'620421,"Women's or girls' ensembles of wool or fine animal hair (excl. knitted or crocheted, ski overalls ...",0,0,0,0,0,0,0,0,0,0,0,0,,,,,,,,,,,,,,,0,2,0,1,0,0,0,0,0,0,0,0
'701328,"Drinking glasses, stemware (excl. of glass ceramics or of lead crystal)",0,0,0,0,0,0,0,0,0,0,0,0,,,,,,,,,,,,,,,623,987,1186,696,1093,1396,1036,975,787,713,1028,992
'701333,Drinking glasses of lead crystal (excl. stemware),0,0,0,0,0,0,0,0,0,0,0,0,,,,,,,,,,,,,,,21,0,15,6,9,0,13,2,1,3,17,1
'701349,Glassware for table or kitchen purposes (excl. glass having a linear coefficient of expansion ...,0,0,0,4,0,0,0,0,0,0,0,0,,,,,,,,,,,,,,,969,878,1553,1172,924,1337,798,1189,919,777,1153,1037
'701710,"Laboratory, hygienic or pharmaceutical glassware, whether or not graduated or calibrated, of ...",0,0,0,0,0,0,0,0,0,0,0,0,,,,,,,,,,,,,,,47,78,51,67,52,66,45,67,51,43,36,44
'701913,"Yarn and slivers of glass fibres (excl. in chopped strands of a length of <= 50 mm, and rovings)",0,0,0,0,0,0,0,0,0,0,0,0,,,,,,,,,,,,,,,0,0,1,0,15,0,7,14,3,35,17,7
'701969,"Mechanically bonded fabrics of glass fibres (excl. closed fabrics of rovings, and woven fabrics)",0,0,0,0,0,0,0,0,0,0,0,0,,,,,,,,,,,,,,,720,346,678,292,448,737,473,376,700,307,423,303
'710121,"Cultured pearls, unworked, whether or not graded",0,0,0,0,0,0,0,0,0,0,0,0,,,,,,,,,,,,,,,0,0,3,0,35,1,1,0,0,0,0,0
'710610,"Powder of silver, incl. silver plated with gold or platinum",0,0,0,0,0,0,0,0,0,0,0,0,,,,,,,,,,,,,,,8,0,0,0,0,0,0,0,0,0,0,0
'711011,"Platinum, unwrought or in powder form",0,0,0,0,0,0,0,0,0,0,0,0,,,,,,,,,,,,,,,2437,332,7355,3990,6575,3896,0,1534,270,9665,22,0
'711039,Rhodium in semi-manufactured forms,0,0,0,0,0,0,0,0,0,0,0,0,,,,,,,,,,,,,,,0,0,2,3342,3286,1106,0,0,2734,4368,0,3
'711291,"Waste and scrap of gold, incl. metal clad with gold, and other waste and scrap containing gold ...",0,0,0,0,0,0,0,0,0,0,0,0,,,,,,,,,,,,,,,0,1,0,0,0,0,0,0,0,0,0,0
'711420,"Articles of goldsmiths' or silversmiths' wares and parts thereof, of base metal clad with precious ...",0,0,0,0,0,0,0,0,0,0,0,0,,,,,,,,,,,,,,,6,0,3,13,6,0,85,0,2,0,4,0
'720211,"Ferro-manganese, containing by weight > 2% of carbon",0,0,0,0,0,0,0,0,0,0,0,0,,,,,,,,,,,,,,,4,101,99,108,30,0,91,124,4,279,321,253
'720229,"Ferro-silicon, containing by weight <= 55% silicon",0,0,0,0,0,0,0,0,0,0,0,0,,,,,,,,,,,,,,,126,94,75,125,127,179,167,156,100,190,0,0
'720241,"Ferro-chromium, containing by weight > 4% of carbon",0,0,0,0,0,0,0,0,0,0,0,0,,,,,,,,,,,,,,,46,97,90,55,396,162,257,146,19,245,340,3466
'720410,"Waste and scrap, of cast iron (excl. radioactive)",0,0,0,0,0,0,0,0,0,0,0,0,,,,,,,,,,,,,,,0,4,1,2,2,10,5,1,1,2,30,18
'720430,"Waste and scrap of tinned iron or steel (excl. radioactive, and waste and scrap of batteries ...",0,0,0,0,0,0,0,0,0,0,0,0,,,,,,,,,,,,,,,51,84,82,119,115,175,73,46,61,74,38,9
'720719,"Semi-finished products of iron or non-alloy steel containing, by weight, < 0,25% of carbon, ...",0,0,0,0,0,0,0,0,0,0,0,0,,,,,,,,,,,,,,,32,2,326,241,346,1008,422,231,672,238,711,728
'720915,"Flat-rolled products of iron or non-alloy steel, of a width of >= 600 mm, in coils, simply ...",0,0,0,0,0,0,0,0,0,0,0,0,,,,,,,,,,,,,,,0,0,0,0,64,0,0,93,0,0,0,0
'721069,"Flat-rolled products of iron or non-alloy steel, of a width of >= 600 mm, hot-rolled or cold-rolled ...",0,0,0,0,0,0,0,0,0,0,0,0,,,,,,,,,,,,,,,166,161,333,162,209,89,102,194,180,109,146,168
'721922,"Flat-rolled products of stainless steel, of a width of >= 600 mm, not further worked than hot-rolled, ...",0,0,0,0,0,0,0,0,0,0,0,0,,,,,,,,,,,,,,,1660,1453,1246,827,1075,858,751,406,792,487,404,517
'721932,"Flat-rolled products of stainless steel, of a width of >= 600 mm, not further worked than cold-rolled ...",0,0,0,0,0,0,0,24,0,0,0,0,,,,,,,,,,,,,,,827,911,1015,626,638,664,653,310,425,517,468,1000
'721935,"Flat-rolled products of stainless steel, of a width of >= 600 mm, not further worked than cold-rolled ...",0,0,0,0,0,0,0,0,0,0,0,0,,,,,,,,,,,,,,,299,103,30,36,157,112,82,104,191,153,88,46
'722011,"Flat-rolled products of stainless steel, of a width of < 600 mm, not further worked than hot-rolled, ...",0,0,0,0,0,0,0,0,0,0,0,0,,,,,,,,,,,,,,,38,30,0,4,1,3,4,11,108,2,3,7
'722012,"Flat-rolled products of stainless steel, of a width of < 600 mm, not further worked than hot-rolled, ...",0,0,0,0,0,0,0,0,0,0,0,0,,,,,,,,,,,,,,,27,1069,169,270,228,103,100,3,68,7,114,117
'722211,"Bars and rods of stainless steel, only hot-rolled, only hot-drawn or only hot-extruded, of ...",0,0,0,0,0,0,0,0,0,0,0,0,,,,,,,,,,,,,,,386,137,203,262,73,115,107,59,40,167,158,12
'722810,"Bars and rods of high-speed steel (excl. semi-finished products, flat-rolled products and hot-rolled ...",0,0,0,0,0,0,0,0,0,0,0,0,,,,,,,,,,,,,,,466,320,610,253,280,732,609,326,682,632,350,344
'722870,"Angles, shapes and sections of alloy steel other than stainless, n.e.s.",0,0,0,0,0,0,0,0,0,0,0,0,,,,,,,,,,,,,,,162,373,494,247,16,143,40,0,120,230,413,1247
'730110,"Sheet piling of iron or steel, whether or not drilled, punched or made from assembled elements",0,0,0,0,0,0,0,0,0,0,0,0,,,,,,,,,,,,,,,0,1620,0,0,3,0,0,2,8,9,2,0
'730423,"Drill pipe, seamless, of a kind used in drilling for oil or gas, of iron or steel (excl. products ...",0,0,0,0,0,0,0,0,0,0,0,0,,,,,,,,,,,,,,,0,34,0,36,0,36,9,175,30,24,124,10
'730520,"Casing of a kind used in drilling for oil or gas, having circular cross-sections and an external ...",0,0,0,0,0,0,0,0,0,0,0,0,,,,,,,,,,,,,,,0,0,0,0,0,0,0,0,0,0,2,0
'730630,"Tubes, pipes and hollow profiles, welded, of circular cross-section, of iron or non-alloy steel ...",0,0,0,0,0,0,0,0,0,0,0,0,,,,,,,,,,,,,,,2464,1895,3235,2446,2013,2580,2876,3051,2276,1971,2448,2531
'730650,"Tubes, pipes and hollow profiles, welded, of circular cross-section, of alloy steel other than ...",0,0,0,0,0,0,0,0,0,0,0,0,,,,,,,,,,,,,,,356,452,464,433,516,165,169,578,425,326,542,357
'730719,Cast tube or pipe fittings of iron or steel (excl. products of non-malleable cast iron),0,0,0,0,0,0,0,0,0,0,0,0,,,,,,,,,,,,,,,544,1418,996,987,1293,1459,1320,1173,710,1124,1397,839
'730810,"Bridges and bridge-sections, of iron or steel",0,0,0,0,0,0,0,0,0,0,0,0,,,,,,,,,,,,,,,7,10,0,2,26,12,3,6,6,231,6,1
'731581,Stud-link of iron or steel,0,0,0,0,0,0,0,0,0,0,0,0,,,,,,,,,,,,,,,34,41,82,7,26,82,26,2,44,3,39,64
'731812,Wood screws of iron or steel (excl. coach screws),1,0,2,1,0,1,0,1,0,0,0,0,,,,,,,,,,,,,,,784,1108,1285,961,820,1118,550,847,701,782,854,811
'220421,"Wine of fresh grapes, incl. fortified wines, and grape must whose fermentation has been arrested ...",0,0,0,0,0,0,0,0,0,0,0,0,,,,,,,,,,,,,,,1387,234,385,750,1067,562,472,975,1705,328,909,1224
'220600,"Cider, perry, mead, sakŽ and other fermented beverages and mixtures of fermented beverages ...",0,0,0,0,0,0,0,0,0,0,0,0,,,,,,,,,,,,,,,1844,817,2343,2182,1672,5968,4152,3518,2721,1941,1325,1366
'220870,Liqueurs and cordials,0,0,0,0,0,0,0,0,0,0,0,0,,,,,,,,,,,,,,,820,1732,3335,4418,2086,2402,1598,1465,2234,224,1597,546
'220890,"Ethyl alcohol of an alcoholic strength of < 80% vol, not denatured; spirits and other spirituous ...",0,0,0,0,0,0,0,0,0,0,0,0,,,,,,,,,,,,,,,1200,909,2437,1614,2984,3238,3380,1939,2449,1751,1847,2692
'230120,"Flours, meals and pellets of fish or crustaceans, molluscs or other aquatic invertebrates, ...",0,0,0,0,0,0,0,0,0,0,0,0,,,,,,,,,,,,,,,0,316,2,80,150,0,165,156,104,152,94,75
'240499,Nicotine containing products intended for the intake of nicotine into the human body (excl. ...,0,0,0,0,0,0,0,0,0,0,0,0,,,,,,,,,,,,,,,0,1,0,0,6,0,2,0,0,0,0,1
'250510,"Silica sands and quartz sands, whether or not coloured",0,0,0,0,0,0,0,0,0,0,0,0,,,,,,,,,,,,,,,26,21,45,49,84,51,40,59,8,25,39,61
'250590,"Natural sands of all kinds, whether or not coloured (excl. silica sands, quartz sands, gold- ...",0,0,0,0,0,0,0,0,0,0,0,0,,,,,,,,,,,,,,,38,27,16,27,49,59,59,6,43,24,19,21
'250620,"Quartzite, merely cut, by sawing or otherwise, in blocks or slabs of a square or rectangular ...",0,0,0,0,0,0,0,0,0,0,0,0,,,,,,,,,,,,,,,0,3,0,13,0,0,0,0,0,0,0,0
'251310,Pumice stone,0,0,0,0,0,0,0,0,0,0,0,0,,,,,,,,,,,,,,,7,3,4,6,14,3,4,2,5,1,6,11
'251820,"Calcined or sintered dolomite (excl. broken or crushed dolomite for concrete aggregates, road ...",0,0,0,0,0,0,0,0,0,0,0,0,,,,,,,,,,,,,,,29,48,33,38,50,43,32,14,20,25,39,43
'252010,Gypsum; anhydrite,0,0,0,0,0,0,0,0,0,0,0,0,,,,,,,,,,,,,,,78,757,649,155,111,735,109,101,824,57,34,80
'252910,Feldspar,0,0,0,0,0,0,0,0,0,0,0,0,,,,,,,,,,,,,,,17,34,17,15,92,106,155,314,0,1,17,288
'260120,Roasted iron pyrites,0,0,0,0,0,0,0,0,0,0,0,0,,,,,,,,,,,,,,,0,0,0,0,0,0,0,0,0,0,0,0
'260500,Cobalt ores and concentrates,0,0,0,0,0,0,0,0,0,0,0,0,,,,,,,,,,,,,,,0,0,0,0,0,0,0,0,0,0,21,22
'261220,Thorium ores and concentrates,0,0,0,0,0,0,0,0,0,0,0,0,,,,,,,,,,,,,,,0,0,0,0,0,0,0,0,0,0,1,0
'261690,Precious-metal ores and concentrates (excl. silver ores and oncentrates),0,0,0,0,0,0,0,0,0,0,0,0,,,,,,,,,,,,,,,0,1,584,723,862,783,897,1739,925,3432,0,0
'262029,"Slag, ash and residues containing mainly lead (excl. leaded gasoline sludges and leaded anti-knock ...",0,0,0,0,0,0,0,0,0,0,0,0,,,,,,,,,,,,,,,0,0,0,0,1,0,0,10,0,0,0,0
'270210,"Lignite, whether or not pulverised, non-agglomerated (excl. jet)",0,0,0,0,0,0,0,0,0,0,0,0,,,,,,,,,,,,,,,0,0,0,0,0,0,0,0,0,0,0,0
'271020,Petroleum oils and oils obtained from bituminous minerals (other than crude) and preparations ...,0,0,0,0,0,0,0,0,0,0,0,0,,,,,,,,,,,,,,,37,5,98,128,108,80,194,75,78,173,189,115
'271113,"Butanes, liquefied (excl. of a purity of >= 95% of N-butane or isobutane)",0,0,0,0,0,0,0,0,0,0,0,0,,,,,,,,,,,,,,,29714,30842,20290,20661,51309,16450,11931,11763,17927,16143,16915,25557
'271114,"Ethylene, propylene, butylene and butadiene, liquefied (excl. ethylene of a purity of >= 95% ...",0,0,0,0,0,0,0,0,0,0,0,0,,,,,,,,,,,,,,,0,0,28,0,0,5,0,0,0,0,0,24
'271129,"Hydrocarbons in gaseous state, n.e.s. (excl. natural gas)",0,0,0,0,0,0,0,0,0,0,0,0,,,,,,,,,,,,,,,7,39,39,46,7,63,53,92,0,0,24,8
'271290,"Paraffin wax, microcrystalline petroleum wax, slack wax, ozokerite, lignite wax, peat wax, ...",0,0,0,0,0,0,0,0,0,0,0,0,,,,,,,,,,,,,,,3230,5237,4305,3933,3339,4862,3023,3531,2347,4042,3117,4250
'271312,"Petroleum coke, calcined",0,0,0,0,0,0,0,0,0,0,0,0,,,,,,,,,,,,,,,7671,12599,23267,4251,13933,12163,12679,13613,16311,10633,13895,17989
'280130,Fluorine; bromine,0,0,0,0,0,0,0,0,0,0,0,0,,,,,,,,,,,,,,,0,4,0,0,0,0,1,0,0,0,0,1
'280511,Sodium,0,0,0,0,0,0,0,0,0,0,0,0,,,,,,,,,,,,,,,0,0,0,0,109,0,0,0,0,0,0,1
'281119,"Inorganic acids (excl. hydrogen chloride ""hydrochloric acid"", chlorosulphuric acid, sulphuric ...",0,0,0,0,0,0,0,0,0,0,0,0,,,,,,,,,,,,,,,579,495,538,153,228,405,386,225,356,208,514,191
'281122,Silicon dioxide,0,0,0,0,0,0,0,0,0,0,0,0,,,,,,,,,,,,,,,2008,2470,2031,2624,1465,2110,1167,1693,2087,1920,1548,2525
'281217,Thionyl chloride,0,0,0,0,0,0,0,0,0,0,0,0,,,,,,,,,,,,,,,0,0,0,1,0,0,0,0,0,0,0,0
'281310,Carbon disulphide,0,0,0,0,0,0,0,0,0,0,0,0,,,,,,,,,,,,,,,13,0,0,11,0,0,0,0,0,0,23,0
'281511,"Sodium hydroxide ""caustic soda"" solid",0,0,0,0,0,0,0,0,0,0,0,0,,,,,,,,,,,,,,,1566,2115,2810,1964,2492,2674,2047,3887,3758,3972,2502,2864
'281512,"Sodium hydroxide ""caustic soda"" in aqueous solution ""soda lye or liquid soda""",0,0,0,0,0,0,0,0,0,0,0,0,,,,,,,,,,,,,,,27,14265,8,10985,5391,5702,8448,5016,2630,5275,3473,7536
'282110,Iron oxides and hydroxides,0,0,0,0,0,0,0,0,0,0,0,0,,,,,,,,,,,,,,,701,560,720,706,1967,1683,1981,1695,1387,1065,998,959
'282560,Germanium oxides and zirconium dioxide,0,0,0,0,0,0,0,0,0,0,0,0,,,,,,,,,,,,,,,147,250,210,146,356,237,46,31,300,219,100,896
'282890,"Hypochlorites, chlorites and hypobromites (excl. calcium hypochlorites)",0,0,0,0,0,0,0,0,0,0,0,0,,,,,,,,,,,,,,,86,35,139,233,80,95,57,321,150,375,292,230
'282919,Chlorates (excl. sodium),0,0,0,0,0,0,0,0,0,0,0,0,,,,,,,,,,,,,,,0,77,3,78,79,73,73,74,98,85,3,3
'283190,Dithionites and sulfoxylates (excl. sodium),0,0,0,0,0,0,0,0,0,0,0,0,,,,,,,,,,,,,,,1,0,0,0,4,0,1,0,0,0,0,0
'283321,Sulphate of magnesium,0,0,0,0,0,0,0,0,0,0,0,0,,,,,,,,,,,,,,,607,219,363,885,381,444,293,495,443,500,606,539
'283324,Sulphates of nickel,0,0,0,0,0,0,0,0,0,0,0,0,,,,,,,,,,,,,,,0,0,5,17,12,0,0,1,0,15,21,5
'283524,Phosphates of potassium,0,0,0,0,0,0,0,0,0,0,0,0,,,,,,,,,,,,,,,624,542,824,257,275,260,306,610,369,483,881,610
'283640,Potassium carbonates,0,0,0,0,0,0,0,0,0,0,0,0,,,,,,,,,,,,,,,65,268,114,456,1156,168,874,141,221,81,125,478
'283699,"Carbonates and peroxocarbonates ""percarbonates""; commercial ammonium carbonate containing ammonium ...",0,0,0,0,0,0,0,0,0,0,0,0,,,,,,,,,,,,,,,399,3876,599,2444,2574,1616,2194,4356,398,3199,3798,1438
'284450,"Spent ""irradiated"" fuel elements ""cartridges"" of nuclear reactors [Euratom]",0,0,0,0,0,0,0,0,0,0,0,0,,,,,,,,,,,,,,,0,0,0,0,0,0,0,0,0,0,0,0
'284540,Helium-3,0,0,0,0,0,0,0,0,0,0,0,0,,,,,,,,,,,,,,,0,0,0,0,0,0,0,0,0,0,0,0
'284910,"Carbides of calcium, whether or not chemically defined",0,0,0,0,0,0,0,0,0,0,0,0,,,,,,,,,,,,,,,114,406,952,979,787,1239,592,466,185,476,358,606
'290123,"Butene ""butylene"" and isomers thereof",0,0,0,0,0,0,0,0,0,0,0,0,,,,,,,,,,,,,,,0,12,0,0,0,0,31,0,0,0,0,0
'290241,o-Xylene,0,0,0,0,0,0,0,0,0,0,0,0,,,,,,,,,,,,,,,2099,2,0,1925,1,1838,2,1,1667,0,1,1814
'290244,Mixed xylene isomers,0,0,0,0,0,0,0,0,0,0,0,0,,,,,,,,,,,,,,,2585,485,2598,1347,1879,2644,359,1532,3198,826,2536,1804
'290260,Ethylbenzene,0,0,0,0,0,0,0,0,0,0,0,0,,,,,,,,,,,,,,,0,0,0,0,1,0,0,0,0,0,0,0
'290315,"Ethylene dichloride ""ISO"" ""1,2 dichloroethane""",0,0,0,0,0,0,0,0,0,0,0,0,,,,,,,,,,,,,,,0,0,1,0,0,0,0,0,0,1,0,0
'290359,"Unsaturated fluorinated derivatives of acyclic hydrocarbons (excl. 2,3,3,3-tetrafluoropropene ...",0,0,0,0,0,0,0,0,0,0,0,0,,,,,,,,,,,,,,,2,240,1,1,0,0,0,0,0,2,2,0
'290361,"Methyl bromide ""bromomethane""",0,0,0,0,0,0,0,0,0,0,0,0,,,,,,,,,,,,,,,0,156,0,0,0,0,307,0,0,0,0,155
'290381,"1,2,3,4,5,6-Hexachlorocyclohexane (HCH (ISO)), including lindane (ISO, INN)",0,0,0,0,0,0,0,0,0,0,0,0,,,,,,,,,,,,,,,0,0,0,0,0,0,0,0,0,0,0,0
'290432,Ammonium perfluorooctane sulphonate,0,0,0,0,0,0,0,0,0,0,0,0,,,,,,,,,,,,,,,0,0,0,0,0,0,0,0,0,0,0,0
'290435,"Salts of perfluorooctane sulphonic acid (excl. ammonium, lithium and potassium perfluorooctane ...",0,0,0,0,0,0,0,0,0,0,0,0,,,,,,,,,,,,,,,0,0,0,0,0,0,0,0,0,0,0,0
'290491,"Trichloronitromethane ""chloropicrin""",0,0,0,0,0,0,0,0,0,0,0,0,,,,,,,,,,,,,,,190,102,0,0,132,291,0,0,0,210,125,205
'290519,"Saturated monohydric acyclic alcohols (excl. methanol ""methyl alcohol"", propan-1-ol ""propyl ...",0,0,0,0,0,0,0,0,0,0,0,0,,,,,,,,,,,,,,,1404,231,1755,223,231,1579,1124,1054,1581,775,177,1544
'290522,Acyclic terpene alcohols,0,0,0,0,0,0,0,0,0,0,0,0,,,,,,,,,,,,,,,129,42,83,35,95,51,66,55,54,5,66,51
'290541,"2-Ethyl-2-""hydroxymethyl"" propane-1,3-diol ""trimethylolpropane""",0,0,0,0,0,0,0,0,0,0,0,0,,,,,,,,,,,,,,,91,187,0,100,0,90,25,79,36,145,93,0
'290544,"D-glucitol ""sorbitol""",0,0,0,0,0,0,0,0,0,0,0,0,,,,,,,,,,,,,,,101,140,95,26,162,191,91,40,177,195,155,154
'290559,"Halogenated, sulphonated, nitrated or nitrosated derivatives or acyclic alcohols (excl. ethchlorvynol ...",0,0,0,0,0,0,0,0,0,0,0,0,,,,,,,,,,,,,,,0,32,2,0,4,1,2,32,5,33,4,38
'290930,"Aromatic ethers and their halogenated, sulphonated, nitrated or nitrosated derivatives",0,0,0,0,0,0,0,0,0,0,0,0,,,,,,,,,,,,,,,253,19,24,63,34,239,33,68,239,35,104,359
'291219,"Acyclic aldehydes, without other oxygen function (excl. methanal [formaldehyde] and ethanal ...",0,0,0,0,0,0,0,0,0,0,0,0,,,,,,,,,,,,,,,369,412,119,213,360,213,165,513,208,435,513,352
'291221,Benzaldehyde,0,0,0,0,0,0,0,0,0,0,2,0,,,,,,,,,,,,,,,0,8,7,6,4,2,2,5,23,1,5,2
'291242,"Ethylvanillin ""3-ethoxy-4-hydroxybenzaldehyde""",0,0,0,0,0,0,0,0,0,0,0,0,,,,,,,,,,,,,,,37,1,82,88,18,91,7,107,121,52,35,113
'291419,"Acyclic ketones, without other oxygen function (excl. acetone, butanone ""methyl ethyl ketone"" ...",0,0,0,0,0,0,0,0,0,0,0,0,,,,,,,,,,,,,,,32,68,114,10,32,93,42,17,104,11,20,45
'291461,Anthraquinone,0,0,0,0,0,0,0,0,0,0,0,0,,,,,,,,,,,,,,,0,0,0,0,0,0,0,80,0,0,0,0
'291512,Salts of formic acid,0,0,0,0,0,0,0,0,0,0,0,0,,,,,,,,,,,,,,,42,44,70,59,30,40,126,175,33,91,72,97
'291524,Acetic anhydride,0,0,0,0,0,0,0,0,0,0,0,0,,,,,,,,,,,,,,,2,0,0,1,0,1,0,0,0,0,85,90
'291536,"Dinoseb acetate ""ISO""",0,0,0,0,0,0,0,0,0,0,0,0,,,,,,,,,,,,,,,0,0,0,0,0,0,0,0,0,0,0,0
'291540,"Mono- di- or trichloroacetic acids, their salts and esters",0,0,0,0,0,0,0,0,0,0,0,0,,,,,,,,,,,,,,,552,673,974,363,489,685,814,268,108,419,783,488
'291550,"Propionic acid, its salts and esters",0,0,0,0,0,0,0,0,0,0,0,0,,,,,,,,,,,,,,,777,309,818,314,886,321,538,539,448,1150,1168,461
'291620,"Cyclanic, cyclenic or cycloterpenic monocarboxylic acids, their anhydrides, halides, peroxides, ...",0,0,0,0,0,0,0,0,0,0,0,0,,,,,,,,,,,,,,,92,334,716,176,76,348,117,444,106,449,135,363
'291634,Phenylacetic acid and its salts,0,0,0,0,0,0,0,0,0,0,0,0,,,,,,,,,,,,,,,1,1,2,3,7,15,0,1,0,1,3,2
'291811,"Lactic acid, its salts and esters (excl. inorganic or organic compounds of mercury)",0,0,0,0,0,0,0,0,0,0,0,0,,,,,,,,,,,,,,,547,401,755,975,788,1218,488,684,751,381,621,1035
'291812,Tartaric acid,0,0,0,0,0,0,0,0,0,0,0,0,,,,,,,,,,,,,,,262,715,448,538,13,117,83,895,334,60,568,404
'291821,Salicylic acid and its salts (excl. inorganic or organic compounds of mercury),0,0,0,0,0,0,0,0,0,0,0,0,,,,,,,,,,,,,,,11,20,47,17,29,110,4,84,41,0,9,20
'292129,"Acyclic polyamines and their derivatives; salts thereof (excl. ethylenediamine and hexamethylenediamine, ...",0,0,0,0,0,0,0,0,0,0,0,0,,,,,,,,,,,,,,,846,214,344,247,136,268,1350,233,806,838,219,780
'292212,Diethanolamine and its salts,0,0,0,0,0,0,0,0,0,0,0,0,,,,,,,,,,,,,,,84,43,392,75,233,56,105,3,0,315,41,400
'292214,"Dextropropoxyphene ""INN"" and its salts",0,0,0,0,0,0,0,0,0,0,0,0,,,,,,,,,,,,,,,0,0,0,0,0,0,0,0,0,0,0,0
'292310,Choline and its salts,0,0,0,0,0,0,0,0,0,0,0,0,,,,,,,,,,,,,,,174,126,128,29,178,124,146,142,500,606,363,36
'292320,"Lecithins and other phosphoaminolipids, whether or not chemically defined",0,0,0,0,0,0,0,0,0,0,0,0,,,,,,,,,,,,,,,694,160,133,426,478,451,686,155,240,340,362,198
'292411,"Meprobamate ""INN""",0,0,0,0,0,0,0,0,0,0,0,0,,,,,,,,,,,,,,,656,326,111,0,0,3,0,0,0,0,240,0
'292529,Imines and their derivatives; salts thereof (excl. chlordimeform [ISO]),0,0,0,0,0,0,0,0,0,0,0,0,,,,,,,,,,,,,,,1945,1998,2050,965,945,1334,1243,959,1511,800,2154,1601
'293040,Methionine,0,0,0,0,0,0,0,0,0,0,0,0,,,,,,,,,,,,,,,3309,3080,2415,1887,752,3159,1101,4702,2889,5237,4825,3995
'293080,"Aldicarb (ISO), Captafol (ISO) and methamidophos (ISO)",0,0,0,0,0,0,0,0,0,0,0,0,,,,,,,,,,,,,,,0,330,163,142,82,233,0,0,0,99,0,0
'293141,Dimethyl methylphosphonate,0,0,0,0,0,0,0,0,0,0,0,0,,,,,,,,,,,,,,,1,0,1,0,14,2,0,4,0,0,0,0
'293333,"Alfentanil ""INN"", anileridine ""INN"", bezitramide ""INN"", bromazepam ""INN"", carfentanil ""INN"", ...",0,0,0,0,0,0,0,0,0,0,0,0,,,,,,,,,,,,,,,19,36,11,0,0,2,4,2,0,0,37,64
'293334,"Fentanyls and their derivatives, with nitrogen hetero-atom[s] only, containing an unfused pyridine ...",0,0,0,0,0,0,0,0,0,0,0,0,,,,,,,,,,,,,,,0,0,0,0,0,0,0,0,0,0,0,0
'293354,"Derivatives of malonylurea ""barbituric acid"" and salts thereof (excl. salts of malonylurea)",0,0,0,0,0,0,0,0,0,0,0,0,,,,,,,,,,,,,,,0,0,0,0,0,0,0,0,0,0,0,2
'293379,"Lactams (excl. 6-hexanelactam ""epsilon-caprolactam"", clobazam ""INN"", methyprylon ""INN"", and ...",0,0,0,0,0,0,0,0,0,0,0,0,,,,,,,,,,,,,,,37,664,61,240,27,104,12,353,102,62,640,67
'293492,"Fentanyls and their derivatives (excl. with nitrogen hetero-atom[s] only, and products of 2934.91)",0,0,0,0,0,0,0,0,0,0,0,0,,,,,,,,,,,,,,,0,0,0,0,0,0,0,0,0,0,0,0
'293550,"Perfluorooctane sulphonamides (excl. N-Methylperfluorooctane sulphonamide, N-Ethylperfluorooctane ...",0,0,0,0,0,0,0,0,0,0,0,0,,,,,,,,,,,,,,,0,0,0,0,7,0,13,0,0,0,0,6
'293626,"Vitamin B12 and its derivatives, used primarily as vitamins",0,0,0,0,0,0,0,0,0,0,0,0,,,,,,,,,,,,,,,40,57,77,312,17,171,84,149,67,245,35,29
'293719,"Polypeptide hormones, protein hormones and glycoprotein hormones, their derivatives and structural ...",0,0,0,0,0,0,0,0,0,0,0,0,,,,,,,,,,,,,,,7,27,5,6,141,37,8,88,3,46,64,40
'293722,Halogenated derivatives of corticosteroidal hormones,0,0,0,0,0,0,0,0,0,0,0,0,,,,,,,,,,,,,,,24,60,110,0,67,11,1,1,41,1,2,0
'293944,Norephedrine and its salts,0,0,0,0,0,0,0,0,0,0,0,0,,,,,,,,,,,,,,,0,14,0,6,0,0,0,0,0,0,0,1
'293969,"Alkaloids of rye ergot and their derivatives; salts thereof (excl. lysergic acid, ergotamine ...",0,0,0,0,0,0,0,0,0,0,0,0,,,,,,,,,,,,,,,1,0,0,0,6,0,0,0,3,0,5,0
'294000,"Sugars, chemically pure (excl. sucrose, lactose, maltose, glucose and fructose); sugar ethers, ...",0,0,0,0,0,0,0,0,0,0,0,0,,,,,,,,,,,,,,,291,50,391,264,102,209,196,396,36,162,318,144
'294130,Tetracyclines and their derivatives; salts thereof,0,0,0,0,0,0,0,0,0,0,0,0,,,,,,,,,,,,,,,221,407,1005,770,61,442,249,527,244,956,157,688
'294200,"Separate chemically defined organic compounds, n.e.s.",0,0,0,0,0,0,0,0,0,0,0,0,,,,,,,,,,,,,,,139,154,274,222,125,274,230,326,179,354,147,44
'300212,Antisera and other blood fractions,779,0,0,742,0,0,951,0,925,0,576,0,,,,,,,,,,,,,,,2398,961,1861,2090,1536,2820,1783,2598,3249,3328,2121,1627
'300259,"Cell cultures, whether or not modified (excl. cell therapy products)",0,0,0,0,0,0,0,0,0,0,0,0,,,,,,,,,,,,,,,5,3,4,1,25,0,5,3,3,1,11,1
'300339,"Medicaments containing hormones or steroids used as hormones, not containing antibiotics, not ...",0,0,0,0,0,0,0,0,0,0,0,0,,,,,,,,,,,,,,,0,0,2,0,0,0,0,0,0,0,0,0
'300439,"Medicaments containing hormones or steroids used as hormones but not antibiotics, put up in ...",0,0,0,0,0,0,0,0,0,0,0,0,,,,,,,,,,,,,,,14590,5987,25993,14795,12460,25498,34242,19924,35526,9836,11071,13597
'300441,"Medicaments containing ephedrine or its salts, not containing hormones, steroids used as hormones ...",0,0,0,0,0,0,0,0,0,0,0,0,,,,,,,,,,,,,,,1,0,2,130,74,0,0,78,3,0,162,21
'300442,"Medicaments containing pseudoephedrine ""INN"" or its salts, not containing hormones, steroids ...",0,0,0,0,0,0,0,0,0,0,0,0,,,,,,,,,,,,,,,232,3,1,4,121,0,516,51,0,0,806,96
'300650,First-aid boxes and kits,0,0,0,0,0,0,0,0,0,0,0,0,,,,,,,,,,,,,,,91,117,84,109,45,123,36,86,63,77,68,39
'320290,"Inorganic tanning substances; tanning preparations, whether or not containing natural tanning ...",0,0,0,0,0,0,0,0,0,0,0,0,,,,,,,,,,,,,,,166,135,337,287,296,146,274,116,424,258,277,476
'320413,Basic synthetic organic dyes; preparations based on basic synthetic organic dyes of a kind ...,0,0,0,0,0,0,0,0,0,0,0,0,,,,,,,,,,,,,,,15,38,112,102,37,85,178,125,58,25,70,30
'320414,Direct synthetic organic dyes; preparations based on direct synthetic organic dyes of a kind ...,0,0,0,0,0,0,0,0,0,0,0,0,,,,,,,,,,,,,,,132,127,105,8,103,29,56,161,84,2,201,80
'010310,Pure-bred breeding swine,0,0,0,0,0,0,0,0,0,0,0,0,,,,,,,,,,,,,,,0,0,0,0,0,0,0,0,0,0,0,0
'010512,"Live domestic turkeys, weighing <= 185 g",0,0,0,0,0,0,0,0,0,0,0,0,,,,,,,,,,,,,,,0,0,0,0,0,0,0,0,0,0,0,0
'010599,"Live domestic ducks, geese, turkeys and guinea fowls, weighing > 185 g",0,0,0,0,0,0,0,0,0,0,0,0,,,,,,,,,,,,,,,0,0,0,0,0,0,0,0,0,0,0,0
'010690,"Live animals (excl. mammals, reptiles, birds, insects, fish, crustaceans, molluscs and other ...",0,0,0,0,0,0,0,0,0,0,0,0,,,,,,,,,,,,,,,100,1,0,33,17,0,9,0,0,0,0,0
'020329,"Frozen meat of swine (excl. carcases and half-carcases, and hams, shoulders and cuts thereof, ...",0,0,0,0,0,0,0,0,0,0,0,0,,,,,,,,,,,,,,,3367,2818,3656,5329,5202,6521,6266,9028,7308,4507,7245,12572
'020630,Fresh or chilled edible offal of swine,0,0,0,0,0,0,0,0,0,0,0,0,,,,,,,,,,,,,,,0,0,0,0,0,0,0,0,0,0,0,0
'020714,Frozen cuts and edible offal of fowls of the species Gallus domesticus,0,0,0,0,0,0,0,0,0,0,0,0,,,,,,,,,,,,,,,7812,4599,4471,6993,14823,26136,17359,16251,11162,12682,9409,6242
'020753,"Fatty livers of domestic geese, fresh or chilled",0,0,0,0,0,0,0,0,0,0,0,0,,,,,,,,,,,,,,,0,0,0,0,0,0,0,0,0,0,0,0
'021020,"Meat of bovine animals, salted, in brine, dried or smoked",0,0,0,0,0,0,0,0,0,0,0,0,,,,,,,,,,,,,,,0,1,29,32,6,8,0,0,0,0,0,0
'030229,"Fresh or chilled flat fish ""Pleuronectidae, Bothidae, Cynoglossidae, Soleidae, Scophthalmidae ...",0,0,0,0,0,0,0,0,0,0,0,0,,,,,,,,,,,,,,,0,0,0,0,0,0,0,0,0,0,0,0
'030233,Fresh or chilled skipjack or stripe-bellied bonito,0,0,0,0,0,0,0,0,0,0,0,0,,,,,,,,,,,,,,,0,0,0,0,0,0,0,0,0,0,0,0
'030234,"Fresh or chilled bigeye tunas ""Thunnus obesus""",0,0,0,0,0,0,0,0,0,0,0,0,,,,,,,,,,,,,,,0,0,0,0,0,0,0,0,0,0,0,0
'030241,"Fresh or chilled herring ""Clupea harengus, clupea pallasii""",0,0,0,0,0,0,0,0,0,0,0,0,,,,,,,,,,,,,,,0,0,3,0,0,0,0,0,0,0,0,5
'030255,"Fresh or chilled Alaska pollack ""Theragra chalcogramma""",0,0,0,0,0,0,0,0,0,0,0,0,,,,,,,,,,,,,,,0,0,0,0,0,0,0,0,0,0,0,0
'030323,"Frozen tilapia ""Oreochromis spp.""",0,0,0,0,0,0,0,0,0,37,0,0,,,,,,,,,,,,,,,862,1137,997,566,560,804,490,491,766,820,327,582
'030332,"Frozen plaice ""Pleuronectes platessa""",0,0,0,0,0,0,0,0,0,0,0,0,,,,,,,,,,,,,,,0,0,0,0,0,0,0,0,0,1,0,1
'030353,"Frozen sardines ""Sardina pilchardus, Sardinops spp."", sardinella ""Sardinella spp."", brisling ...",0,0,0,0,0,0,0,0,0,0,0,0,,,,,,,,,,,,,,,643,685,1659,1915,1630,1937,1985,1630,615,389,354,1073
'030356,"Frozen cobia ""Rachycentron canadum""",0,0,0,0,0,0,0,0,0,0,0,0,,,,,,,,,,,,,,,0,0,0,0,0,0,0,0,0,0,0,0
'030369,"Frozen fish of the families Bregmacerotidae, Euclichthyidae, Gadidae, Macrouridae, Melanonidae, ...",0,0,0,0,0,0,0,0,0,0,0,0,,,,,,,,,,,,,,,0,76,0,0,89,0,0,86,56,0,77,78
'030381,Frozen dogfish and other sharks,0,0,0,0,0,0,0,0,0,0,0,0,,,,,,,,,,,,,,,0,0,0,0,0,0,0,0,0,0,0,0
'030382,"Frozen rays and skates ""Rajidae""",0,0,0,0,0,0,0,0,0,0,0,0,,,,,,,,,,,,,,,0,0,0,0,0,0,0,0,0,0,0,0
'030448,"Fresh or chilled fillets of rays and skates ""Rajidae""",0,0,0,0,0,0,0,0,0,0,0,0,,,,,,,,,,,,,,,0,0,0,0,0,0,0,0,0,0,0,0
'030449,"Fresh or chilled fillets of fish, n.e.s.",0,0,0,0,0,0,0,0,0,0,0,0,,,,,,,,,,,,,,,164,129,105,110,188,222,306,247,144,127,184,156
'030452,"Fresh or chilled meat, whether or not minced, of salmonidae (excl. fillets)",0,0,0,0,0,0,0,0,0,0,0,0,,,,,,,,,,,,,,,0,0,0,0,0,0,0,0,0,0,0,0
'030453,"Fresh or chilled meat, whether or not minced, of fish of the families Bregmacerotidae, Euclichthyidae, ...",0,0,0,0,0,0,0,0,0,0,0,0,,,,,,,,,,,,,,,0,0,0,0,0,0,0,0,0,0,0,0
'030461,"Frozen fillets of tilapia ""Oreochromis spp.""",0,0,0,0,0,0,0,0,0,0,0,0,,,,,,,,,,,,,,,0,0,11,0,0,0,44,25,12,16,0,0
'030469,"Frozen fillets of carp ""Cyprinus spp., Carassius spp., Ctenopharyngodon idellus, Hypophthalmichthys ...",0,0,0,0,0,0,0,0,0,0,0,0,,,,,,,,,,,,,,,27,28,0,0,29,0,0,0,29,0,0,0
'030488,"Frozen fillets of dogfish, other sharks, rays and skates ""Rajidae""",0,0,0,0,0,0,0,0,0,0,0,0,,,,,,,,,,,,,,,0,0,0,0,0,0,0,0,0,0,0,0
'030493,"Frozen meat, whether or not minced, of tilapia ""Oreochromis spp."", catfish ""Pangasius spp., ...",0,0,0,0,0,0,0,0,0,0,0,0,,,,,,,,,,,,,,,0,0,0,0,0,0,0,0,0,0,0,0
'030531,"Fillets, dried, salted or in brine, but not smoked, of tilapia ""Oreochromis spp."", catfish ...",0,0,0,0,0,0,0,0,0,0,0,0,,,,,,,,,,,,,,,0,0,0,0,0,0,0,0,0,0,0,0
'030552,"Dried tilapia ""Oreochromis spp."", catfish ""Pangasius spp., Silurus spp., Clarias spp., Ictalurus ...",0,0,0,0,0,0,0,0,0,0,0,0,,,,,,,,,,,,,,,0,3,1,0,0,0,0,0,1,0,0,0
'030553,"Dried fish of the families Bregmacerotidae, Euclichthyidae, Gadidae, Macrouridae, Melanonidae, ...",0,0,0,0,0,0,0,0,0,0,0,0,,,,,,,,,,,,,,,0,0,11,0,0,0,0,0,0,0,0,0
'030569,"Fish, salted or in brine only (excl. fillets, offal, herring, cod, anchovies, tilapia, catfish, ...",0,0,0,0,0,0,0,0,0,0,0,0,,,,,,,,,,,,,,,229,360,153,170,39,56,46,240,211,176,289,209
'030612,"Frozen lobsters ""Homarus spp."", even smoked, whether in shell or not, incl. lobsters in shell, ...",0,0,0,0,0,0,0,0,0,0,0,0,,,,,,,,,,,,,,,0,0,0,111,0,5,0,0,0,1,0,0
'030615,"Frozen Norway lobsters ""Nephrops norvegicus"", even smoked, whether in shell or not, incl. lobsters ...",0,0,0,0,0,0,0,0,0,0,0,0,,,,,,,,,,,,,,,0,0,0,15,0,0,0,0,0,0,0,0
'030632,"Lobsters ""Homarus spp."", whether in shell or not, live, fresh or chilled",0,0,0,0,0,0,0,0,0,0,0,0,,,,,,,,,,,,,,,0,0,0,0,0,0,0,0,0,0,0,0
'030639,"Crustaceans, fit for human consumption, whether in shell or not, live, fresh or chilled (excl. ...",0,0,0,0,0,0,0,0,0,0,0,0,,,,,,,,,,,,,,,0,0,0,0,0,0,0,0,0,0,0,0
'030691,"Rock lobster and other sea crawfish ""Palinurus spp., Panulirus spp. and Jasus spp."", whether ...",0,0,0,0,0,0,0,0,0,0,0,0,,,,,,,,,,,,,,,0,0,0,0,0,0,0,47,0,0,0,0
'030742,"Cuttle fish and squid, live, fresh or chilled, with or without shell",0,0,0,0,0,0,0,0,0,0,0,0,,,,,,,,,,,,,,,0,0,0,156,0,0,0,0,0,0,0,0
'030799,"Molluscs, even in shell, smoked, dried, salted or in brine (excl. oysters, scallops of the ...",0,0,0,0,0,0,0,0,0,0,0,0,,,,,,,,,,,,,,,0,0,0,0,0,1,0,0,0,0,0,0
'040229,"Milk and cream in solid forms, of a fat content by weight of > 1,5%, sweetened",0,0,0,0,0,0,0,0,0,0,0,0,,,,,,,,,,,,,,,0,0,0,0,0,20,0,0,1,0,0,0
'040320,"Yogurt, whether or not flavoured or containing added sugar or other sweetening matter, fruit, ...",0,0,0,0,0,0,0,0,0,0,0,0,,,,,,,,,,,,,,,7,21,49,1,0,61,0,0,24,68,0,7
'040640,"Blue-veined cheese and other cheese containing veins produced by ""Penicillium roqueforti""",0,0,0,0,0,0,0,0,0,0,0,0,,,,,,,,,,,,,,,54,50,131,185,104,55,146,49,107,106,92,24
'040899,"Birds' eggs, not in shell, fresh, cooked by steaming or boiling in water, moulded, frozen or ...",0,0,0,0,0,0,0,0,0,0,0,0,,,,,,,,,,,,,,,0,47,0,0,57,49,127,0,0,0,0,0
'050100,"Human hair, unworked, whether or not washed or scoured; waste of human hair",0,0,0,0,0,0,0,0,0,0,0,0,,,,,,,,,,,,,,,0,0,0,1,0,0,0,0,1,2,0,0
'050690,"Bones and horn-cores and their powder and waste, unworked, defatted, degelatinised or simply ...",0,0,0,0,0,0,0,0,0,0,0,0,,,,,,,,,,,,,,,4,9,11,0,1,1,2,0,0,4,2,0
'060220,"Edible fruit or nut trees, shrubs and bushes, whether or not grafted",0,0,0,0,0,0,0,0,0,0,0,0,,,,,,,,,,,,,,,0,0,5,1,1,3,0,0,0,0,0,0
'060240,"Roses, whether or not grafted",0,0,0,0,0,0,0,0,0,0,0,0,,,,,,,,,,,,,,,2,1,1,6,5,0,0,0,0,0,0,1
'070310,Fresh or chilled onions and shallots,0,0,0,0,0,0,0,0,0,0,0,0,,,,,,,,,,,,,,,5,256,419,526,795,882,540,124,21,60,68,92
'070490,"Fresh or chilled cabbages, kohlrabi, kale and similar edible brassicas (excl. cauliflowers, ...",0,0,0,0,0,0,0,0,0,0,0,0,,,,,,,,,,,,,,,0,1,2,1,7,9,2,1,0,1,0,0
'070700,"Cucumbers and gherkins, fresh or chilled",0,0,0,0,0,0,0,0,0,0,0,0,,,,,,,,,,,,,,,0,1,0,0,1,0,0,1,0,0,0,1
'070890,"Fresh or chilled leguminous vegetables, shelled or unshelled (excl. peas ""Pisum sativum"" and ...",0,0,0,0,0,0,0,0,0,0,0,0,,,,,,,,,,,,,,,8,27,1,3,2,1,0,0,0,0,0,0
'070959,"Fresh or chilled edible mushrooms and truffles (excl. Agaricus, Boletus, Cantharellus, shiitake, ...",0,0,0,0,0,0,0,0,0,0,0,0,,,,,,,,,,,,,,,5,4,3,4,8,12,17,33,20,22,34,9
'071010,"Potatoes, uncooked or cooked by steaming or by boiling in water, frozen",0,0,0,0,0,0,0,0,0,0,0,0,,,,,,,,,,,,,,,0,0,0,0,0,0,1,0,0,0,28,0
'071331,"Dried, shelled beans of species ""Vigna mungo [L.] Hepper or Vigna radiata [L.] Wilczek"", whether ...",0,0,0,0,0,0,0,0,0,0,0,0,,,,,,,,,,,,,,,57,305,868,1395,530,118,10,222,185,0,136,26
'071410,"Fresh, chilled, frozen or dried roots and tubers of manioc ""cassava"", whether or not sliced ...",0,0,0,0,0,0,0,0,0,0,0,0,,,,,,,,,,,,,,,3,6,1,2,5,3,8,3,2,2,1,2
'080241,"Fresh or dried chestnuts ""Castanea spp."", in shell",0,0,0,0,0,0,0,0,0,0,0,0,,,,,,,,,,,,,,,0,0,0,0,0,0,3,0,3,0,0,0
'080430,Fresh or dried pineapples,0,0,0,0,0,0,0,0,0,0,0,0,,,,,,,,,,,,,,,3,25,1,14,8,50,31,20,1,21,8,18
'080510,Fresh or dried oranges,0,0,0,0,0,0,0,0,0,0,0,0,,,,,,,,,,,,,,,18,13,157,485,238,91,6,110,119,365,131,25
'080610,Fresh grapes,0,0,0,0,0,0,0,0,0,0,0,0,,,,,,,,,,,,,,,203,4090,3892,4358,6535,2156,1159,1791,152,0,0,0
'080910,Fresh apricots,0,0,0,0,0,0,0,0,0,0,0,0,,,,,,,,,,,,,,,0,0,0,0,0,0,0,0,0,0,0,0
'080940,Fresh plums and sloes,0,0,0,0,0,0,0,0,0,0,0,0,,,,,,,,,,,,,,,0,24,198,178,45,87,0,0,0,0,0,0
'081040,"Fresh cranberries, bilberries and other fruits of the genus Vaccinium",0,0,0,0,0,0,0,0,0,0,0,0,,,,,,,,,,,,,,,535,606,438,271,97,124,299,0,10,2,52,645
'100199,"Wheat and meslin (excl. seed for sowing, and durum wheat)",0,0,0,0,0,0,0,0,0,0,0,0,,,,,,,,,,,,,,,26690,72776,37467,67942,46291,62115,39803,11041,14741,77314,72753,48648
'100410,Oats seed for sowing,0,0,0,0,0,0,0,0,0,0,0,0,,,,,,,,,,,,,,,17,0,0,0,0,0,0,32,0,2,0,9
'100829,"Millet (excl. grain sorghum, and seed for sowing)",0,0,0,0,0,0,0,0,0,0,0,0,,,,,,,,,,,,,,,30,211,38,167,103,44,106,74,66,232,159,125
'100830,Canary seed,0,0,0,0,0,0,0,0,0,0,0,0,,,,,,,,,,,,,,,0,0,4,7,0,36,1,0,35,14,6,0
'110290,"Cereal flours (excl. wheat, meslin and maize)",0,0,0,0,0,0,0,0,0,0,0,0,,,,,,,,,,,,,,,319,29,155,195,332,128,87,268,72,162,150,124
'110630,"Flour, meal and powder of produce of chapter 8 ""Edible fruit and nuts; peel of citrus fruits ...",0,0,0,0,0,0,0,0,0,0,0,0,,,,,,,,,,,,,,,182,95,94,69,52,70,136,216,67,117,120,126
'120110,"Soya bean seed, for sowing",0,0,0,0,0,0,0,0,0,0,0,0,,,,,,,,,,,,,,,174,0,59,59,206,41,73,177,266,0,0,0
'120241,"Groundnuts, in shell (excl. seed for sowing, roasted or otherwise cooked)",0,0,0,0,0,0,0,0,0,0,0,0,,,,,,,,,,,,,,,107,140,47,283,8,9,162,1,154,82,80,182
'120729,Cotton seeds (excl. for sowing),0,0,0,0,0,0,0,0,0,0,0,0,,,,,,,,,,,,,,,75,85,65,0,28,17,40,59,79,14,46,38
'120791,"Poppy seeds, whether or not broken",0,0,0,0,0,0,0,0,0,0,0,0,,,,,,,,,,,,,,,129,82,0,61,15,11,50,33,0,7,52,91
'120910,"Sugar beet seed, for sowing",0,0,0,0,0,0,0,0,0,0,0,0,,,,,,,,,,,,,,,1,10,20,1,0,27,0,0,0,0,7,17
'120924,"Kentucky blue grass ""Poa pratensis L."" seed for sowing",0,0,0,0,0,0,0,0,0,0,0,0,,,,,,,,,,,,,,,0,0,0,7,0,0,0,4,0,0,5,21
'121221,"Seaweeds and other algae, fresh, chilled, frozen or dried, whether or not ground, fit for human ...",0,3,0,0,0,0,0,0,0,0,0,0,,,,,,,,,,,,,,,15,90,143,98,14,121,26,123,24,15,217,122
'121294,"Chicory roots, fresh, chilled, frozen or dried, whether or not ground",0,0,0,0,0,0,0,0,0,0,0,0,,,,,,,,,,,,,,,0,25,0,27,24,26,102,52,0,0,0,0
'130120,Natural gum Arabic,0,0,0,0,0,0,0,0,0,0,0,0,,,,,,,,,,,,,,,116,238,90,108,321,334,486,366,622,591,425,625
'130239,"Mucilages and thickeners derived from vegetable products, whether or not modified (excl. from ...",0,0,0,0,0,0,0,0,0,0,0,0,,,,,,,,,,,,,,,438,970,914,545,599,509,329,803,365,483,535,756
'150210,"Tallow of bovine animals, sheep or goats (excl. oil and oleostearin)",0,0,0,0,0,0,0,0,0,0,0,0,,,,,,,,,,,,,,,0,0,11,0,53,0,12,12,0,22,35,0
'151190,"Palm oil and its fractions, whether or not refined (excl. chemically modified and crude)",0,0,0,0,0,0,0,0,0,0,0,0,,,,,,,,,,,,,,,38904,40892,46305,47364,30876,72210,60217,40297,48348,23746,64923,49421
'151329,"Palm kernel and babassu oil and their fractions, whether or not refined, but not chemically ...",0,0,0,0,0,0,0,0,0,0,0,0,,,,,,,,,,,,,,,3898,3402,2861,3990,4830,5863,6291,4186,4307,1455,6904,1824
'151710,Margarine (excl. liquid),0,0,0,0,0,0,0,0,0,0,0,0,,,,,,,,,,,,,,,0,4,0,4,10,2,2,8,0,2,4,2
'160290,"Prepared or preserved meat, offal, blood or insects (excl. meat or offal of poultry, swine ...",0,0,0,0,0,0,0,0,0,0,0,0,,,,,,,,,,,,,,,1,0,0,0,0,0,0,0,0,1,0,0
'160553,"Mussels, prepared or preserved (excl. smoked)",0,0,0,0,0,0,0,0,0,0,0,0,,,,,,,,,,,,,,,398,153,190,364,310,219,0,236,61,24,0,0
'160556,"Clams, cockles and arkshells, prepared or preserved (excl. smoked)",0,0,0,0,0,0,0,0,0,0,0,0,,,,,,,,,,,,,,,0,0,3,0,0,0,0,0,5,0,17,0
'160569,"Aquatic invertebrates, prepared or preserved (excl. smoked, crustaceans, molluscs, sea cucumbers, ...",0,0,0,0,0,0,0,0,0,0,0,0,,,,,,,,,,,,,,,48,93,0,0,137,18,0,0,0,93,50,17
'170191,"Refined cane or beet sugar, containing added flavouring or colouring, in solid form",0,0,0,0,0,0,0,0,0,0,0,0,,,,,,,,,,,,,,,0,2,1,2,4,2,1,1,0,3,1,0
'170260,"Fructose in solid form and fructose syrup, not containing added flavouring or colouring matter ...",0,0,0,0,0,0,0,0,0,0,0,0,,,,,,,,,,,,,,,96,96,102,175,140,189,4,131,109,144,152,11
'170310,Cane molasses resulting from the extraction or refining of sugar,0,0,0,0,0,0,0,19,0,0,0,0,,,,,,,,,,,,,,,10,348,399,319,362,631,552,264,5,46,18,4
'180310,Cocoa paste (excl. defatted),0,0,0,0,0,0,0,0,0,0,0,0,,,,,,,,,,,,,,,5397,6773,4009,4633,3766,11430,2995,9534,542,2965,3724,6270
'190240,"Couscous, whether or not prepared",0,0,0,0,0,0,0,0,0,0,0,0,,,,,,,,,,,,,,,187,324,327,125,286,187,86,160,228,70,208,164
'190420,Prepared foods obtained from unroasted cereal flakes or from mixtures of unroasted cereal flakes ...,0,0,0,0,0,0,0,0,0,0,0,0,,,,,,,,,,,,,,,298,264,289,243,261,511,492,195,181,117,275,236
'200110,"Cucumbers and gherkins, prepared or preserved by vinegar or acetic acid",0,0,0,0,0,0,0,0,0,35,43,0,,,,,,,,,,,,,,,142,282,300,52,444,260,329,154,166,229,429,284
'200520,"Potatoes, prepared or preserved otherwise than by vinegar or acetic acid (excl. frozen)",0,0,0,0,0,0,0,0,0,0,0,0,,,,,,,,,,,,,,,360,709,419,522,593,1256,280,562,674,265,1079,589
'392073,"Plates, sheets, film, foil and strip, of non-cellular cellulose acetates, not reinforced, laminated, ...",0,0,0,0,0,0,0,0,0,0,0,0,,,,,,,,,,,,,,,32,38,61,105,27,102,27,33,5,20,6,6
'392099,"Plates, sheets, film, foil and strip, of non-cellular plastics, n.e.s., not reinforced, laminated, ...",0,0,0,0,0,0,0,0,0,0,0,0,,,,,,,,,,,,,,,953,758,1177,1481,1050,1028,1853,979,794,695,699,928
'392390,"Articles for the conveyance or packaging of goods, of plastics (excl. boxes, cases, crates ...",15,27,52,30,7,0,0,0,0,0,0,0,,,,,,,,,,,,,,,846,1090,915,2127,1393,1596,2050,3530,2604,891,928,1075
'392510,"Reservoirs, tanks, vats and similar containers, of plastics, with a capacity of > 300 l",0,0,0,0,0,0,0,0,0,0,0,0,,,,,,,,,,,,,,,177,186,196,224,217,234,121,113,134,170,259,220
'400211,"Styrene-butadiene rubber latex ""SBR""; carboxylated styrene-butadiene rubber latex ""XSBR""",0,0,0,0,0,0,0,0,0,0,0,0,,,,,,,,,,,,,,,222,332,46,88,335,61,209,185,113,146,198,317
'400942,"Tubes, pipes and hoses, of vulcanised rubber (excl. hard rubber), reinforced or otherwise combined ...",1,1,0,0,1,1,2,1,0,1,2,0,,,,,,,,,,,,,,,868,1174,1009,1474,1643,1330,1827,1208,655,1034,2786,1330
'401019,"Conveyor belts or belting, of vulcanised rubber (excl. reinforced only with metal or only with ...",0,0,0,0,0,1,0,0,0,1,0,0,,,,,,,,,,,,,,,1106,779,1255,2066,1722,1062,1509,2221,1494,3168,1522,989
'401032,"Endless transmission belts of trapezoidal cross-section ""V-belts"", of vulcanised rubber, of ...",0,0,0,0,0,0,0,0,0,0,0,0,,,,,,,,,,,,,,,230,324,294,222,206,180,203,167,320,265,131,264
'401130,"New pneumatic tyres, of rubber, of a kind used for aircraft",0,0,0,0,0,0,0,0,0,0,0,0,,,,,,,,,,,,,,,183,353,513,559,699,540,454,452,521,460,829,437
'401219,"Retreaded pneumatic tyres, of rubber (excl. of a kind used on motor cars, station wagons, racing ...",0,0,0,0,0,0,0,0,0,0,0,0,,,,,,,,,,,,,,,0,0,0,0,0,0,0,0,0,0,19,0
'410320,"Raw hides and skins of reptiles, fresh or salted, dried, limed, pickled or otherwise preserved ...",0,0,0,0,0,0,0,0,0,0,0,0,,,,,,,,,,,,,,,109,5,1,0,0,0,81,5,0,0,16,0
'410530,"Skins of sheep or lambs, in the dry state ""crust"", without wool on, whether or not split (excl. ...",0,0,0,0,0,0,0,0,0,0,0,0,,,,,,,,,,,,,,,0,0,0,0,0,0,0,0,0,0,0,3
'330113,"Oils of lemon, whether or not terpeneless, incl. concretes and absolutes",0,0,0,0,0,0,0,0,0,0,0,0,,,,,,,,,,,,,,,37,34,11,50,29,28,41,12,11,52,54,73
'330130,Resinoids,0,0,0,0,0,0,0,0,0,0,0,0,,,,,,,,,,,,,,,25,28,53,6,5,7,8,7,2,4,2,15
'330290,"Mixtures of odoriferous substances and mixtures, incl. alcoholic solutions, based on one or ...",0,0,0,0,0,0,4,0,0,0,0,0,,,,,,,,,,,,,,,11964,10308,12312,14142,18064,13889,15164,10709,10124,10351,13350,11767
'330530,Hair lacquers,0,0,0,0,0,0,0,0,0,0,0,0,,,,,,,,,,,,,,,57,72,185,240,180,127,104,138,92,65,69,204
'590320,"Textile fabrics impregnated, coated, covered or laminated with polyurethane (excl. wallcoverings ...",0,0,7,0,0,0,3,0,0,0,0,0,,,,,,,,,,,,,,,3191,2343,3943,3084,2772,3640,2117,3819,3979,2229,2618,1980
'600121,"Looped pile fabrics of cotton, knitted or crocheted",0,0,0,0,0,0,0,0,0,0,0,0,,,,,,,,,,,,,,,0,1,0,0,4,0,12,7,73,18,0,0
'600191,"Pile fabrics of cotton, knitted or crocheted (excl. ""long pile"" fabrics)",0,0,0,0,0,2,0,0,0,0,0,0,,,,,,,,,,,,,,,0,12,0,23,114,130,39,77,189,59,34,27
'600410,"Knitted or crocheted fabrics, of a width of > 30 cm, containing >= 5% by weight elastomeric ...",50,6,0,0,0,33,0,0,0,0,33,0,,,,,,,,,,,,,,,1669,1774,1753,2292,1564,2193,1604,2285,2133,2057,1559,1497
'600543,"Warp knit fabrics of artificial fibres, of yarns of different colours ""incl. those made on ...",0,0,0,0,0,0,0,0,0,0,0,0,,,,,,,,,,,,,,,7,0,0,1,74,14,2,0,23,23,0,0
'600624,"Printed cotton fabrics, knitted or crocheted, of a width of > 30 cm (excl. warp knit fabrics ...",0,0,0,0,0,0,0,0,0,0,0,0,,,,,,,,,,,,,,,329,101,193,273,84,111,145,56,120,59,57,206
'600644,"Printed fabrics, knitted or crocheted, of artificial fibres, of a width of > 30 cm (excl. warp ...",0,0,0,0,0,0,0,0,0,0,0,0,,,,,,,,,,,,,,,67,57,81,31,40,29,17,52,51,28,26,30
'610210,"Women's or girls' overcoats, car coats, capes, cloaks, anoraks, incl. ski jackets, windcheaters, ...",0,0,0,0,0,0,0,0,0,0,0,0,,,,,,,,,,,,,,,47,83,84,45,17,18,13,4,2,2,10,14
'610329,"Men's or boys' ensembles of textile materials (excl. wool, fine animal hair, cotton or synthetic ...",0,0,0,0,0,0,0,0,0,0,0,0,,,,,,,,,,,,,,,36,29,46,55,12,27,13,3,37,36,39,12
'610341,"Men's or boys' trousers, bib and brace overalls, breeches and shorts of wool or fine animal ...",0,2,0,0,0,0,0,0,0,0,0,0,,,,,,,,,,,,,,,20,24,33,32,76,53,50,19,18,10,6,3
'610413,"Women's or girls' suits of synthetic fibres, knitted or crocheted (excl. ski overalls and swimwear)",0,0,0,0,0,0,0,0,0,0,0,0,,,,,,,,,,,,,,,7,10,2,1,6,5,8,2,1,2,1,31
'610433,"Women's or girls' jackets and blazers of synthetic fibres, knitted or crocheted (excl. wind-jackets ...",0,0,0,0,0,0,0,0,0,0,1,0,,,,,,,,,,,,,,,388,265,251,154,156,129,209,203,602,823,1727,645
'610461,"Women's or girls' trousers, bib and brace overalls, breeches and shorts of wool or fine animal ...",9,0,0,0,0,2,0,0,0,0,0,0,,,,,,,,,,,,,,,32,8,1,2,5,6,11,5,4,3,10,16
'610819,"Women's or girls' slips and petticoats of textile materials, knitted or crocheted (excl. man-made ...",0,0,0,0,0,0,0,0,0,0,0,0,,,,,,,,,,,,,,,7,11,13,26,2,1,9,0,2,0,0,3
'610821,"Women's or girls' briefs and panties of cotton, knitted or crocheted",1,1,0,2,2,0,1,1,1,1,0,0,,,,,,,,,,,,,,,731,1257,968,886,1406,1649,925,743,1200,464,564,819
'321000,"Paints and varnishes, incl. enamels, lacquers and distempers (excl. those based on synthetic ...",0,0,1,0,0,0,0,0,0,0,0,0,,,,,,,,,,,,,,,117,236,299,611,206,158,264,191,328,228,240,343
'320710,"Prepared pigments, prepared opacifiers, prepared colours and similar preparations of a kind ...",0,0,0,0,0,0,0,0,0,0,0,0,,,,,,,,,,,,,,,555,452,1194,346,771,781,814,516,378,302,933,559
'200911,"Frozen orange juice, unfermented, whether or not containing added sugar or other sweetening ...",0,0,0,0,0,0,0,0,0,0,0,0,,,,,,,,,,,,,,,0,0,0,145,0,0,0,0,0,0,0,0
'200929,"Grapefruit juice, unfermented, Brix value > 20 at 20¡C, whether or not containing added sugar ...",0,0,0,0,0,0,0,0,0,0,0,0,,,,,,,,,,,,,,,0,0,0,0,0,0,0,89,0,0,0,0
'200941,"Pineapple juice, unfermented, Brix value <= 20 at 20¡C, whether or not containing added sugar ...",0,0,0,0,0,0,0,0,1,0,0,0,,,,,,,,,,,,,,,0,2,0,0,0,0,2,0,1,0,0,1
'200971,"Apple juice, unfermented, Brix value <= 20 at 20¡C, whether or not containing added sugar or ...",0,0,0,0,0,0,0,0,0,0,0,0,,,,,,,,,,,,,,,0,0,0,0,0,20,2,171,0,0,0,0
'340231,Linear alkylbenzene sulphonic acids and their salts,0,0,0,0,0,0,0,0,0,0,0,0,,,,,,,,,,,,,,,245,80,583,299,319,655,271,206,531,434,548,573
'340290,"Surface-active preparations, washing preparations, incl. auxiliary washing preparations and ...",0,0,0,0,0,0,6,0,0,0,0,0,,,,,,,,,,,,,,,2552,3120,4004,3503,4269,2798,2780,2944,2915,2113,3642,3300
'340510,"Polishes, creams and similar preparations, for footwear or leather, whether or not in the form ...",0,0,0,0,0,0,0,0,0,0,0,0,,,,,,,,,,,,,,,231,82,284,476,84,336,226,398,136,72,102,79
'350219,"Egg albumin (excl. dried [e.g. in sheets, scales, flakes, powder])",0,0,0,0,0,0,0,0,0,0,0,0,,,,,,,,,,,,,,,0,0,0,0,0,0,0,0,0,0,6,0
'350610,"Products suitable for use as glues or adhesives put up for retail sale as glues or adhesives, ...",1,0,0,0,0,0,0,9,1,0,0,0,,,,,,,,,,,,,,,1981,1447,2351,2207,2522,1891,1605,1411,1011,1111,2132,1462
'360320,Detonating cords,0,0,0,0,0,0,0,0,0,0,0,0,,,,,,,,,,,,,,,0,199,12,0,0,0,0,0,0,45,0,0
'370239,"Photographic film ""incl. instant print film"", sensitised, in rolls, unexposed, without perforations, ...",0,0,0,0,0,0,0,0,0,0,0,0,,,,,,,,,,,,,,,0,2,0,0,1,2,0,0,0,1,0,0
'370254,"Photographic film, sensitised, in rolls, unexposed, with perforations, for colour photography ...",0,0,0,0,0,0,0,0,0,0,0,0,,,,,,,,,,,,,,,14,19,4,0,17,13,3,19,21,31,24,12
'370296,"Photographic film, sensitised, in rolls, unexposed, with perforations, for monochrome photography, ...",0,0,0,0,0,0,0,0,0,0,0,0,,,,,,,,,,,,,,,5,0,4,0,9,1,1,3,2,0,6,1
'380130,Carbonaceous pastes for electrodes and similar pastes for furnace linings,0,0,0,0,0,0,0,0,0,0,0,0,,,,,,,,,,,,,,,109,145,105,257,140,107,0,0,131,6,0,108
'380190,"Preparations based on graphite or other carbon in the form of pastes, blocks, plates or other ...",0,0,0,0,0,0,0,0,0,0,0,0,,,,,,,,,,,,,,,626,34,571,536,286,504,348,882,132,41,229,332
'382761,"Mixtures containing other hydrofluorocarbons ""HFCs"" than in subheadings of 3827 till 3827.59, ...",0,0,0,0,0,0,0,0,0,0,0,0,,,,,,,,,,,,,,,16,6,22,86,70,16,35,3,23,0,6,10
'390210,"Polypropylene, in primary forms",0,0,0,0,0,0,0,0,0,0,11,0,,,,,,,,,,,,,,,3305,4897,7073,4175,5998,5886,5149,4571,2925,4598,3602,4464
'390290,"Polymers of propylene or of other olefins, in primary forms (excl. polypropylene, polyisobutylene ...",0,0,0,0,0,0,0,0,0,0,0,0,,,,,,,,,,,,,,,625,564,217,1368,879,1102,455,239,346,269,758,715
'390450,"Vinylidene chloride polymers, in primary forms",0,0,0,0,0,0,0,0,0,0,0,0,,,,,,,,,,,,,,,1,273,0,130,40,93,0,63,0,101,0,0
'390750,"Alkyd resins, in primary forms",0,0,0,0,0,0,0,0,0,0,0,0,,,,,,,,,,,,,,,11,96,16,46,7,65,70,133,76,17,60,6
'391212,"Plasticised cellulose acetates, in primary forms",0,0,0,0,0,0,0,0,0,0,0,0,,,,,,,,,,,,,,,0,0,4,0,0,0,0,0,0,13,0,0
'391220,"Cellulose nitrates, incl. collodions, in primary forms",0,0,0,0,0,0,0,0,0,0,0,0,,,,,,,,,,,,,,,690,377,332,418,745,908,280,639,536,493,1113,483
'391239,"Cellulose ethers, in primary forms (excl. carboxymethylcellulose and its salts)",0,0,0,0,0,0,0,0,0,0,0,0,,,,,,,,,,,,,,,1175,1896,1366,1584,1912,2003,1351,1562,1975,1264,1634,1216
'391290,"Cellulose and chemical derivatives thereof, n.e.s., in primary forms (excl. cellulose acetates, ...",0,0,0,0,0,0,0,0,0,0,0,0,,,,,,,,,,,,,,,561,297,418,708,243,442,548,405,886,172,540,510
'391530,"Waste, parings and scrap, of polymers of vinyl chloride",0,0,0,0,0,0,0,0,0,0,0,0,,,,,,,,,,,,,,,0,0,0,0,25,0,1,0,0,0,0,0
'380700,Wood tar; wood tar oils; wood creosote; wood naphtha; vegetable pitch; brewer's pitch and similar ...,0,0,0,0,0,0,0,0,0,0,0,0,,,,,,,,,,,,,,,7,135,6,18,10,50,7,0,0,3,11,78
'380852,"DDT ""ISO"" ""clofenotane ""INN"""", in packings of a net weight content <= 300 g",0,0,0,0,0,0,0,0,0,0,0,0,,,,,,,,,,,,,,,0,0,0,0,0,5,0,0,10,0,0,0
'381090,"Fluxes and other auxiliary preparations for soldering, brazing or welding; preparations of ...",0,0,0,0,0,0,0,0,0,0,0,0,,,,,,,,,,,,,,,146,312,334,68,283,232,243,95,93,135,215,133
'381239,Anti-oxidising preparations and other compound stabilisers for rubber or plastics (excl. mixtures ...,0,0,0,0,0,0,0,0,0,0,0,0,,,,,,,,,,,,,,,1974,1977,1826,2031,1259,2582,1701,1827,1598,1781,1471,1300
'381400,"Organic composite solvents and thinners, n.e.s.; prepared paint or varnish removers (excl. ...",0,0,0,0,0,0,0,0,0,0,0,0,,,,,,,,,,,,,,,1504,912,1460,1025,795,774,755,1205,1176,1032,1038,1090
'381511,"Supported catalysts with nickel or a nickel compound as the active substance, n.e.s.",0,0,0,0,0,0,0,0,0,0,0,0,,,,,,,,,,,,,,,0,0,0,496,2410,0,19,52,670,13,1022,129
'382000,Anti-freezing preparations and prepared de-icing fluids (excl. prepared additives for mineral ...,0,0,0,0,0,0,0,0,0,0,0,0,,,,,,,,,,,,,,,1816,1259,1102,1576,2044,1709,2085,1651,1978,868,2365,2081
'382100,"Prepared culture media for the development or maintenance of micro-organisms ""incl. viruses ...",0,0,0,0,0,0,0,0,0,0,0,0,,,,,,,,,,,,,,,777,630,714,702,550,726,887,725,690,529,840,721
'382212,"Diagnostic or laboratory reagents on a backing, prepared diagnostic or laboratory reagents ...",0,0,0,0,0,0,0,0,0,0,0,0,,,,,,,,,,,,,,,12,26,26,21,0,19,11,5,6,0,30,0
'382440,"Prepared additives for cements, mortars or concretes",0,0,0,0,0,0,0,0,0,0,0,0,,,,,,,,,,,,,,,1039,735,1179,1200,799,1088,1128,832,838,726,880,910
'382487,"Mixtures and preparations containing perfluorooctane sulphonic acid, its salts, perfluorooctane ...",0,0,0,0,0,0,0,0,0,0,0,0,,,,,,,,,,,,,,,0,0,0,0,0,0,0,0,0,0,0,0
'430310,"Articles of apparel and clothing accessories of furskin (excl. gloves made of leather and furskin, ...",0,0,0,0,0,0,0,0,0,0,0,0,,,,,,,,,,,,,,,1,17,1,1,2,10,6,29,0,0,1,1
'440141,"Sawdust, not agglomerated",0,0,0,0,0,0,0,0,0,0,0,0,,,,,,,,,,,,,,,3,14,14,11,8,12,12,3,5,4,8,2
'440210,"Bamboo charcoal, incl. shell or nut charcoal, whether or not agglomerated (excl. used as a ...",0,0,0,0,0,0,0,0,0,0,0,0,,,,,,,,,,,,,,,254,287,157,13,22,61,183,120,127,15,143,92
'440290,"Wood charcoal, whether or not agglomerated (excl. of bamboo or shell or nut, charcoal used ...",0,8,0,0,0,0,0,0,0,0,0,0,,,,,,,,,,,,,,,1414,1439,1845,1421,1521,1715,1452,1383,1052,1029,1108,971
'440612,"Railway or tramway sleepers ""cross-ties"" of wood, not impregnated, non-coniferous",0,0,0,0,0,0,0,0,0,0,0,0,,,,,,,,,,,,,,,0,20,20,0,49,37,107,21,0,0,62,23
'441194,"Fibreboard of wood or other ligneous materials, whether or not agglomerated with resins or ...",0,0,0,0,0,0,0,0,0,0,0,0,,,,,,,,,,,,,,,178,113,202,200,211,141,71,16,151,109,118,52
'441210,"Plywood, veneered panel and similar laminated wood, of bamboo, not containing particle board ...",0,0,0,0,0,0,0,0,0,0,0,0,,,,,,,,,,,,,,,21,2,18,7,9,0,23,1,8,24,11,0
'441231,"Plywood consisting solely of sheets of wood <= 6 mm thick, with at least one outer ply of tropical ...",0,0,7,0,5,0,0,0,2,0,8,0,,,,,,,,,,,,,,,214,217,180,152,177,203,136,276,445,282,224,170
'441241,"Laminated veneered lumber ""LVL"", with at least one outer ply of tropical wood (excl. of bamboo, ...",0,0,0,0,0,0,0,0,0,0,0,0,,,,,,,,,,,,,,,0,4,2,0,0,118,0,0,0,0,0,26
'441490,"Wooden frames for paintings, photographs, mirrors or similar objects (excl. of tropical wood)",0,0,0,0,0,0,0,0,0,0,0,0,,,,,,,,,,,,,,,124,290,56,120,131,146,112,182,143,133,97,95
'441520,"Pallets, box pallets and other load boards, of wood; pallet collars of wood (excl. containers ...",0,0,1,1,0,0,0,0,0,0,0,0,,,,,,,,,,,,,,,621,578,617,485,524,616,516,508,696,721,750,901
'441700,"Tools, tool bodies, tool handles, broom or brush bodies and handles, of wood; boot or shoe ...",0,0,0,0,0,0,0,10,0,0,0,0,,,,,,,,,,,,,,,133,158,88,225,150,197,205,155,204,192,261,264
'441840,Wooden shuttering for concrete constructional work (excl. plywood boarding),0,0,0,0,0,0,0,0,0,0,0,0,,,,,,,,,,,,,,,304,37,251,42,236,42,138,210,408,0,133,0
'441875,"Flooring panels, multilayer, assembled, of wood other than bamboo (excl. for mosaic floors)",0,0,0,0,0,0,0,0,0,0,0,0,,,,,,,,,,,,,,,1543,2222,1212,1373,1267,2281,880,642,740,615,813,1938
'441889,Engineered structural timber products (excl. glue-laminated or cross-laminated timber and I ...,0,0,0,0,0,0,0,0,0,0,0,0,,,,,,,,,,,,,,,1,0,1,2,9,5,5,7,38,0,4,0
'442110,Clothes hangers of wood,0,0,0,0,0,0,0,0,0,0,0,0,,,,,,,,,,,,,,,99,73,77,70,62,92,65,50,25,87,71,38
'450190,"Cork waste; crushed, powdered or ground cork",0,0,0,0,0,0,0,0,0,0,0,0,,,,,,,,,,,,,,,0,0,0,0,0,0,0,0,8,0,0,0
'470429,"Semi-bleached or bleached non-coniferous chemical wood pulp, sulphite (excl. dissolving grades)",0,0,0,0,0,0,0,0,0,0,0,0,,,,,,,,,,,,,,,70,35,0,4,0,0,0,2,3,15,0,30
'470630,Pulps of fibrous cellulosic bamboo material,0,0,0,0,0,0,0,0,0,0,0,0,,,,,,,,,,,,,,,1,0,0,1,0,0,0,5,0,0,0,12
'470691,"Mechanical pulp of fibrous cellulosic material (excl. that of bamboo, wood, cotton linters ...",0,0,0,0,0,0,0,0,0,0,0,0,,,,,,,,,,,,,,,34,0,0,0,0,0,39,2,49,0,23,0
'480100,"Newsprint as specified in Note 4 to chapter 48, in rolls of a width > 28 cm or in square or ...",0,0,0,0,0,0,0,0,0,0,0,0,,,,,,,,,,,,,,,2136,2259,844,164,1767,1108,1053,607,1201,782,629,792
'480255,"Uncoated paper and paperboard, of a kind used for writing, printing or other graphic purposes, ...",0,0,0,0,0,0,0,0,0,0,0,0,,,,,,,,,,,,,,,976,2048,1665,1469,2072,2044,2181,1766,1245,1293,1666,1686
'480269,"Uncoated paper and paperboard, of a kind used for writing, printing or other graphic purposes, ...",0,0,0,0,0,0,0,0,0,0,0,0,,,,,,,,,,,,,,,268,94,1213,1256,1121,1026,1092,620,433,323,72,304
'480300,"Toilet or facial tissue stock, towel or napkin stock and similar paper for household or sanitary ...",0,0,0,0,0,0,0,0,0,0,0,0,,,,,,,,,,,,,,,407,567,421,1362,1617,1347,809,1833,1564,1481,1461,767
'480421,"Unbleached sack kraft paper, uncoated, in rolls of a width > 36 cm (excl. goods of heading ...",0,0,0,0,0,0,0,0,0,0,0,0,,,,,,,,,,,,,,,2851,3130,1887,4150,3841,3182,3193,1902,3025,1828,4204,3303
'480512,"Straw fluting paper, in rolls of a width > 36 cm, weighing >= 130 g/m_",0,0,0,0,0,0,0,0,0,0,0,0,,,,,,,,,,,,,,,0,0,0,0,0,0,0,0,0,0,0,20
'480550,"Felt paper and paperboard, in rolls of a width > 36 cm or in square or rectangular sheets with ...",0,0,0,0,0,0,0,0,0,0,0,0,,,,,,,,,,,,,,,1,0,0,1,0,1,0,1,0,0,2,6
'480592,"Paper and paperboard, uncoated, in rolls of a width > 36 cm or in square or rectangular sheets ...",0,0,0,0,0,0,0,0,0,0,0,0,,,,,,,,,,,,,,,160,558,651,408,833,205,381,457,446,404,965,398
'481013,"Paper and paperboard used for writing, printing or other graphic purposes, not containing fibres ...",0,0,0,0,0,0,0,0,0,0,0,0,,,,,,,,,,,,,,,2800,3179,2873,4061,4159,2757,3615,2046,2322,2127,2402,2365
'481039,"Kraft paper and paperboard, coated on one or both sides with kaolin or other inorganic substances, ...",0,0,0,0,0,0,0,0,0,0,0,0,,,,,,,,,,,,,,,642,481,361,1075,553,457,502,556,691,451,563,716
'481159,"Paper and paperboard, surface-coloured, surface-decorated or printed, coated, impregnated or ...",0,0,0,0,0,0,0,0,0,0,0,0,,,,,,,,,,,,,,,7470,10038,9006,7929,12115,13957,5857,8969,6718,9817,9330,8782
'481190,"Paper, paperboard, cellulose wadding and webs of soft cellulose, coated, impregnated, covered, ...",0,0,0,0,0,159,0,0,0,6,0,0,,,,,,,,,,,,,,,4914,4000,3737,4515,4681,6161,5345,4686,4204,3924,3713,3829
'481320,Cigarette paper in rolls of a width of <= 5 cm,0,0,0,0,0,0,0,0,0,0,0,0,,,,,,,,,,,,,,,567,343,922,257,585,840,252,509,18,393,377,373
'481850,"Articles of apparel and clothing accessories, of paper pulp, paper, cellulose wadding or webs ...",0,0,0,0,0,0,0,0,0,0,0,0,,,,,,,,,,,,,,,0,0,1,0,1,4,0,0,0,0,2,2
'482190,"Paper or paperboard labels of all kinds, non-printed",0,0,0,0,0,0,1,0,0,0,0,0,,,,,,,,,,,,,,,215,244,402,159,211,260,241,178,295,200,186,258
'490290,"Newspapers, journals and periodicals, whether or not illustrated or containing advertising ...",0,0,0,0,0,0,0,0,0,0,0,0,,,,,,,,,,,,,,,474,376,533,424,346,585,422,444,477,350,554,444
'510610,Carded wool yarn containing >= 85% wool by weight (excl. that put up for retail sale),0,0,0,0,0,0,0,0,0,0,0,0,,,,,,,,,,,,,,,0,1,0,0,0,0,0,0,0,0,0,0
'511130,"Woven fabrics containing predominantly, but < 85% carded wool or carded fine animal hair by ...",0,0,0,0,0,0,0,0,0,0,0,0,,,,,,,,,,,,,,,11,6,16,70,1,1,0,0,124,0,2,1
'511219,Woven fabrics containing >= 85% combed wool or combed fine animal hair by weight and weighing ...,0,0,0,0,0,0,0,0,0,0,0,0,,,,,,,,,,,,,,,15,19,12,15,17,15,2,4,20,8,6,5
'511230,"Woven fabrics containing predominantly, but < 85% combed wool or combed fine animal hair by ...",0,0,0,0,0,0,0,0,0,0,0,0,,,,,,,,,,,,,,,0,5,5,22,3,0,2,0,9,2,6,2
'511290,"Woven fabrics containing predominantly, but < 85% combed wool or combed fine animal hair by ...",0,0,0,0,0,0,0,0,0,0,0,0,,,,,,,,,,,,,,,3,0,3,9,4,2,3,1,6,0,25,5
'520299,"Cotton waste (excl. yarn waste, thread waste and garnetted stock)",0,0,0,0,0,0,0,0,0,0,0,0,,,,,,,,,,,,,,,57,0,0,40,12,54,58,83,26,13,126,0
'520522,"Single cotton yarn, of combed fibres, containing >= 85% cotton by weight and with a linear ...",0,0,0,0,0,0,0,0,0,0,0,0,,,,,,,,,,,,,,,257,269,634,65,723,567,342,166,530,571,317,594
'520523,"Single cotton yarn, of combed fibres, containing >= 85% cotton by weight and with a linear ...",0,0,0,0,0,0,0,0,0,0,0,0,,,,,,,,,,,,,,,470,465,1060,1503,1410,1013,912,139,634,1234,1167,1200
'520543,"Multiple ""folded"" or cabled cotton yarn, of combed fibres, containing >= 85% cotton by weight ...",0,0,0,0,0,0,0,0,0,0,0,0,,,,,,,,,,,,,,,12,33,16,13,16,5,9,6,0,10,0,25
'520622,"Single cotton yarn containing predominantly, but < 85% cotton by weight, of combed fibres and ...",0,0,0,0,0,0,0,0,0,0,0,0,,,,,,,,,,,,,,,0,9,0,0,21,5,0,28,25,0,0,11
'520623,"Single cotton yarn containing predominantly, but < 85% cotton by weight, of combed fibres and ...",0,0,0,0,0,0,0,0,0,0,0,0,,,,,,,,,,,,,,,13,25,0,0,8,1,0,0,0,0,50,0
'520811,"Plain woven fabrics of cotton, containing >= 85% cotton by weight and weighing <= 100 g/m_, ...",0,0,0,0,0,0,0,0,0,0,0,0,,,,,,,,,,,,,,,6,1,3,6,5,11,1,22,3,4,1,9
'520921,"Plain woven fabrics of cotton, containing >= 85% cotton by weight and weighing > 200 g/m_, ...",0,0,0,0,0,0,0,0,0,0,0,0,,,,,,,,,,,,,,,1,0,0,2,0,5,1,6,0,0,0,0
'520942,"Denim, containing >= 85% cotton by weight and weighing > 200 g/m_, made of yarn of different ...",0,0,0,0,0,0,0,0,0,0,0,0,,,,,,,,,,,,,,,875,873,1023,940,724,1047,837,382,541,448,854,298
'521119,"Woven fabrics of cotton, containing predominantly, but < 85% cotton by weight, mixed principally ...",0,0,0,0,0,0,0,0,0,0,0,0,,,,,,,,,,,,,,,1,1,1,0,2,2,3,2,0,0,6,3
'521132,"Woven fabrics of cotton, containing predominantly, but < 85% cotton by weight, mixed principally ...",0,0,0,0,0,0,0,0,0,0,0,0,,,,,,,,,,,,,,,0,107,0,0,0,0,3,65,0,0,0,0
'521142,"Denim, containing predominantly, but < 85% cotton by weight, mixed principally or solely with ...",0,0,0,0,0,0,0,0,0,0,0,0,,,,,,,,,,,,,,,440,550,527,266,205,581,215,443,602,112,410,650
'521143,"Woven fabrics of cotton, containing predominantly, but < 85% cotton by weight, mixed principally ...",0,0,0,0,0,0,0,0,0,0,0,0,,,,,,,,,,,,,,,0,1,28,0,0,4,12,44,1,0,0,1
'521159,"Woven fabrics of cotton, containing predominantly, but < 85% cotton by weight, mixed principally ...",0,0,0,0,0,0,0,0,0,0,0,0,,,,,,,,,,,,,,,0,7,1,76,2,116,2,0,18,62,149,2
'530911,"Woven fabrics of flax, containing >= 85% flax by weight, unbleached or bleached",0,0,0,0,0,0,0,0,0,0,0,0,,,,,,,,,,,,,,,14,3,5,8,24,11,15,10,21,7,16,22
'540411,Elastomeric monofilament of >= 67 decitex and with a cross sectional dimension of <= 1 mm,0,0,0,0,0,0,0,0,0,0,0,0,,,,,,,,,,,,,,,15,37,0,0,0,0,1,0,0,0,1,1
'540730,"Woven fabrics of synthetic filament yarn, incl. monofilament of >= 67 decitex and with a cross ...",0,0,0,0,0,0,0,0,0,0,0,0,,,,,,,,,,,,,,,0,0,1,1,4,1,0,0,0,2,9,7
'540743,Woven fabrics of yarn containing >= 85% by weight of filaments of nylon or other polyamides ...,0,0,0,0,0,0,0,0,0,0,0,0,,,,,,,,,,,,,,,3,26,2,2,4,2,11,0,1,27,1,2
'540783,"Woven fabrics of yarn containing predominantly, but < 85% synthetic filament by weight, incl. ...",0,0,0,0,0,0,0,0,0,0,0,0,,,,,,,,,,,,,,,41,42,40,85,53,50,16,55,43,46,81,12
'540784,"Woven fabrics of yarn containing predominantly, but < 85% synthetic filament by weight, incl. ...",0,0,0,0,0,0,0,0,0,0,0,0,,,,,,,,,,,,,,,17,24,126,13,108,67,48,33,60,18,5,25
'550290,"Artificial filament tow, as specified in Note 1 to chapter 55 (excl. of acetate)",0,0,0,0,0,0,0,0,0,0,0,0,,,,,,,,,,,,,,,0,0,0,0,0,0,0,0,0,0,0,0
'550390,"Synthetic staple fibres, not carded, combed or otherwise processed for spinning (excl. those ...",0,0,0,0,0,0,0,0,0,0,0,0,,,,,,,,,,,,,,,1170,601,1065,1068,837,916,1767,833,644,358,126,1282
'550700,"Artificial staple fibres, carded, combed or otherwise processed for spinning",0,0,0,0,0,0,0,0,0,0,0,0,,,,,,,,,,,,,,,0,0,38,0,17,0,0,0,0,0,15,12
'550921,Single yarn containing >= 85% polyester staple fibres by weight (excl. sewing thread and yarn ...,0,0,0,0,0,0,0,0,0,0,0,0,,,,,,,,,,,,,,,71,221,209,310,172,185,80,152,183,165,178,255
'551030,"Yarn containing predominantly, but < 85% artificial staple fibres by weight, mixed principally ...",0,0,0,0,0,0,0,0,0,0,0,0,,,,,,,,,,,,,,,0,0,0,3,6,14,0,0,0,0,0,0
'551219,"Woven fabrics containing >= 85% polyester staple fibres by weight, dyed, made of yarn of different ...",0,0,0,0,0,0,0,0,0,0,0,0,,,,,,,,,,,,,,,179,323,281,136,94,308,220,198,201,91,89,64
'551341,"Plain woven fabrics containing predominantly, but < 85% polyester staple fibres by weight, ...",0,0,0,0,0,0,0,0,0,0,0,0,,,,,,,,,,,,,,,319,213,248,247,372,546,189,142,167,218,235,91
'551512,"Woven fabrics containing predominantly, but < 85% polyester staple fibres by weight, mixed ...",0,0,0,0,0,0,0,0,0,0,0,0,,,,,,,,,,,,,,,457,908,675,447,625,830,355,799,38,518,893,35
'551513,"Woven fabrics containing predominantly, but < 85% polyester staple fibres by weight, mixed ...",0,0,0,0,0,0,0,0,0,0,0,0,,,,,,,,,,,,,,,1,0,6,0,0,5,9,0,97,11,0,3
'551522,"Woven fabrics containing predominantly, but < 85% acrylic or modacrylic staple fibres by weight, ...",0,0,0,0,0,0,0,0,0,0,0,0,,,,,,,,,,,,,,,0,0,0,0,0,1,4,0,0,21,0,0
'551634,"Woven fabrics containing predominantly, but < 85% artificial staple fibres by weight, mixed ...",0,0,0,0,0,0,0,0,0,0,0,0,,,,,,,,,,,,,,,0,0,0,0,1,0,0,0,4,0,0,0
'551692,"Woven fabrics containing predominantly, but < 85% artificial staple fibres by weight, other ...",0,0,0,0,0,0,0,0,0,0,0,0,,,,,,,,,,,,,,,247,126,331,591,217,271,34,208,32,41,65,102
'551693,"Woven fabrics containing predominantly, but < 85% artificial staple fibres by weight, other ...",0,0,0,0,0,0,0,0,0,0,0,0,,,,,,,,,,,,,,,1,5,8,21,12,13,12,4,10,4,23,4
'560392,"Nonwovens, whether or not impregnated, coated, covered or laminated, n.e.s., weighing > 25 ...",0,0,0,0,0,0,0,0,0,0,0,0,,,,,,,,,,,,,,,739,915,880,866,684,983,474,757,623,599,594,522
'560721,"Binder or baler twine, of sisal or other textile fibres of the genus Agave",0,0,0,0,0,0,0,0,0,0,0,0,,,,,,,,,,,,,,,3,3,4,3,2,2,3,7,2,2,2,1
'560900,"Articles of yarn, strip or the like of heading 5404 or 5405, or of twine, cordage, ropes or ...",0,0,0,0,0,0,0,0,0,0,1,0,,,,,,,,,,,,,,,133,134,133,106,89,140,147,204,118,150,245,111
'570210,"Kelem, Schumacks, Karamanie and similar hand-woven rugs, whether or not made up",0,0,0,0,0,0,0,0,0,0,0,0,,,,,,,,,,,,,,,82,83,83,129,96,93,166,60,68,40,85,146
'570339,"Carpets and other floor coverings, of man-made textile materials, tufted ""needle punched"", ...",0,0,0,0,0,0,0,5,16,0,0,0,,,,,,,,,,,,,,,328,418,475,387,461,702,254,248,459,272,380,518
'570410,"Floor tiles, of felt, not tufted or flocked, with an area of <= 0,3 m_",0,0,0,0,0,0,0,0,0,0,0,0,,,,,,,,,,,,,,,0,0,33,0,0,0,0,0,0,4,0,1
'570490,"Carpets and other floor coverings, of felt, not tufted or flocked, whether or not made up (excl. ...",0,0,0,0,0,0,0,0,0,0,0,0,,,,,,,,,,,,,,,249,107,278,380,216,123,51,218,265,270,191,250
'580133,"Cut weft pile fabrics, of man-made fibres (excl. terry towelling and similar woven terry fabrics, ...",0,0,0,0,0,0,0,0,0,0,0,0,,,,,,,,,,,,,,,17,23,12,37,53,37,19,34,15,15,4,22
'580421,"Mechanically made lace of man-made fibres in the piece, in strips or in motifs (excl. fabrics ...",0,0,0,0,0,0,0,0,0,0,0,0,,,,,,,,,,,,,,,10,22,35,34,26,21,33,32,9,15,6,5
'580610,"Narrow woven pile fabrics, incl. terry towelling and similar terry fabrics, and chenille fabrics, ...",0,3,7,0,0,35,0,0,4,0,0,0,,,,,,,,,,,,,,,154,163,86,113,55,194,44,33,47,93,68,81
'590190,Tracing cloth; prepared painting canvas; buckram and similar stiffened textile fabrics of a ...,0,0,0,0,0,0,0,0,0,0,0,0,,,,,,,,,,,,,,,67,127,106,61,110,106,81,43,51,51,109,101
'970122,"Mosaics, over 100 years old",0,0,0,0,0,0,0,0,0,0,0,0,,,,,,,,,,,,,,,0,0,0,0,0,0,0,11,0,0,0,0
'970521,"Human specimens and parts thereof, as collections or collectorsÕ pieces of anatomical interest",0,0,0,0,0,0,0,0,0,0,0,0,,,,,,,,,,,,,,,3,1,1,1,0,6,0,0,0,0,0,0
'960310,"Brooms and brushes, consisting of twigs or other vegetable materials bound together, with or ...",0,0,0,0,0,0,0,0,0,0,0,0,,,,,,,,,,,,,,,74,93,70,120,90,171,69,76,98,130,82,47
'960329,"Shaving brushes, hair brushes, nail brushes, eyelash brushes and other brushes for use on the ...",0,3,0,0,0,0,0,0,0,0,0,0,,,,,,,,,,,,,,,447,417,440,391,445,644,382,423,433,367,293,330
'920810,Musical boxes,0,0,0,0,0,0,0,0,0,0,0,0,,,,,,,,,,,,,,,2,10,5,20,9,8,6,4,8,8,3,9
'940110,Seats for aircraft,0,0,0,0,0,0,0,0,0,0,0,0,,,,,,,,,,,,,,,548,630,540,186,35,40,36,1690,54,66,133,148
'940539,Electric lighting strings of a kind used for Christmas trees (excl. those solely for light-emitting ...,0,0,0,0,0,0,0,0,0,0,0,0,,,,,,,,,,,,,,,122,34,97,191,121,257,78,96,1,37,135,7
'940549,"Electric luminaires and lighting fittings, n.e.s.",0,0,0,0,0,0,0,0,0,0,0,0,,,,,,,,,,,,,,,1287,941,966,671,706,1200,1069,903,636,787,524,633
'950440,Playing cards,0,0,0,4,7,0,8,3,1,0,0,0,,,,,,,,,,,,,,,729,661,598,802,1633,1256,770,496,1104,1074,1110,566
'911440,Plates and bridges for clocks or watches,0,0,0,0,0,0,0,0,0,0,0,0,,,,,,,,,,,,,,,1,7,8,1,2,1,1,1,1,3,2,0
'902490,Parts and accessories for machines and appliances for testing the mechanical properties of ...,0,0,0,0,0,0,0,0,0,0,0,0,,,,,,,,,,,,,,,210,128,443,255,155,223,185,156,227,171,158,167
'910111,"Wrist-watches of precious metal or of metal clad with precious metal, whether or not incorporating ...",0,0,0,0,0,0,0,0,0,0,0,0,,,,,,,,,,,,,,,262,154,151,85,320,365,206,77,62,545,80,315
'910299,"Pocket-watches and the like, incl. stop-watches, with hand or automatic winding (excl. of precious ...",0,0,0,0,0,0,0,0,0,0,0,0,,,,,,,,,,,,,,,274,333,91,135,101,126,134,118,115,51,89,51
'910390,"Clocks with watch movements (excl. electrically operated, wrist-watches, pocket-watches and ...",0,0,0,0,0,0,0,0,0,0,0,0,,,,,,,,,,,,,,,11,0,0,1,0,0,3,3,3,1,3,0
'910591,"Clocks, electrically operated (excl. wrist-watches, pocket-watches and other watches of heading ...",0,0,0,0,0,0,0,0,0,0,0,0,,,,,,,,,,,,,,,9,5,6,22,0,15,9,2,33,12,9,17
'911220,"Clock and watch cases (excl. for wrist-watches, pocket-watches and other watches of heading ...",0,0,0,0,0,0,0,0,0,0,0,0,,,,,,,,,,,,,,,2,0,0,0,2,0,0,0,0,0,0,0
'902820,"Liquid meters, incl. calibrating meters therefor",0,0,0,0,0,0,0,0,0,0,0,0,,,,,,,,,,,,,,,534,1805,1851,1459,2303,1737,1631,1748,2273,2620,1509,1152
'903031,"Multimeters for voltage, current, resistance or electrical power, without recording device",0,0,0,0,0,0,0,0,0,0,0,0,,,,,,,,,,,,,,,261,406,387,350,199,253,175,141,183,234,198,219
'903082,"Instruments and apparatus for measuring or checking semiconductor wafers or devices, incl. ...",0,0,0,0,0,0,0,0,0,0,0,0,,,,,,,,,,,,,,,15,5,26,11,22,8,4,11,18,2,4,0
'903089,"Instruments and apparatus for measuring or checking electrical quantities, without recording ...",0,0,0,0,0,0,0,0,0,0,0,0,,,,,,,,,,,,,,,575,513,727,314,478,829,813,293,722,293,2272,694
'848250,"Cylindrical roller bearings, incl. cage and roller assemblies (excl. bearings of 8482 10 to ...",0,0,0,3,0,0,0,0,0,1,0,0,,,,,,,,,,,,,,,1683,1714,2004,2107,2064,1955,2015,2409,2156,2421,1855,2768
'846781,"Chainsaws for working in the hand, with self-contained non-electric motor",0,0,0,0,0,0,0,0,0,0,0,0,,,,,,,,,,,,,,,825,532,918,984,1110,1371,1143,932,673,738,1238,1162
'848580,"Machines for additive manufacturing (excl. by metal, plastics, rubber, plaster, cement, ceramics ...",0,0,0,0,0,0,0,0,0,0,0,0,,,,,,,,,,,,,,,0,8,5,29,0,86,31,11,1,30,40,60
'850860,"Vacuum cleaners, incl. dry cleaners and wet vacuum cleaners (excl. with self-contained electric ...",0,0,0,0,0,0,0,0,0,0,0,0,,,,,,,,,,,,,,,118,155,39,79,87,64,91,167,100,100,43,70
'850980,"Electromechanical domestic appliances, with self-contained electric motor (excl. vacuum cleaners, ...",0,0,0,0,0,0,0,1,0,0,0,0,,,,,,,,,,,,,,,1101,1557,1385,1385,1311,2208,1314,1557,1564,937,2921,1181
'850990,"Parts of electromechanical domestic appliances, with self-contained electric motor, n.e.s. ...",0,0,0,0,0,0,0,0,0,0,0,0,,,,,,,,,,,,,,,99,122,175,158,107,153,129,104,77,77,85,84
'851240,"Electrical windscreen wipers, defrosters and demisters, for motor vehicles",0,1,0,0,0,0,0,0,0,0,0,0,,,,,,,,,,,,,,,180,159,152,121,144,151,250,117,124,133,117,125
'851431,Electron beam furnaces,0,0,0,0,0,0,0,0,0,0,0,0,,,,,,,,,,,,,,,0,3,11,200,0,4,0,0,0,0,0,0
'851529,"Machines for resistance welding of metals, neither fully nor partly automatic",0,0,0,0,0,0,0,0,0,0,0,0,,,,,,,,,,,,,,,148,135,353,253,142,184,148,142,288,107,30,115
'851580,"Electric machines and apparatus for laser or other light or photon beam, ultrasonic, electron ...",0,0,0,0,0,0,0,0,0,0,0,0,,,,,,,,,,,,,,,680,844,742,889,677,1173,682,776,2926,891,396,614
'851610,Electric instantaneous or storage water heaters and immersion heaters,0,0,0,0,0,0,0,18,0,0,0,0,,,,,,,,,,,,,,,1050,506,927,641,482,478,1272,1253,826,821,1010,1003
'851714,Telephones for cellular networks or for other wireless networks (excl. line telephone sets ...,0,0,0,0,0,0,0,2,0,0,0,0,,,,,,,,,,,,,,,1778,1562,1590,1279,680,3217,2515,3105,4310,2684,1150,5288
'847621,Automatic beverage-vending machines incorporating heating or refrigerating devices,0,0,0,0,0,0,0,0,0,0,0,0,,,,,,,,,,,,,,,21,12,27,5,0,3,59,152,81,117,0,33
'847740,Vacuum-moulding machines and other thermoforming machines for working rubber or plastics,0,0,0,0,0,0,0,0,0,0,0,0,,,,,,,,,,,,,,,160,1179,564,4,686,176,50,20,30,83,37,2426
'847780,"Machinery for working rubber or plastics or for the manufacture of products from these materials, ...",0,0,0,0,0,0,0,0,0,0,0,0,,,,,,,,,,,,,,,4296,4592,3122,3650,3616,1446,3360,2126,5121,2779,2396,2685
'847910,"Machinery for public works, building or the like, n.e.s.",0,0,0,0,0,0,3,0,0,0,0,0,,,,,,,,,,,,,,,2430,1689,2810,1061,5042,3231,5000,5874,7014,2094,5358,1640
'847930,Presses for the manufacture of particle board or fibre building board of wood or other ligneous ...,0,0,0,0,0,0,0,0,0,0,0,0,,,,,,,,,,,,,,,88,16,289,43,14,30,13,15,272,3,18,2
'847950,"Industrial robots, n.e.s.",0,0,0,0,0,0,0,0,0,0,0,0,,,,,,,,,,,,,,,1012,905,1367,2825,1354,1013,683,3422,1479,659,1093,1586
'848071,Injection or compression-type moulds for rubber or plastics,0,0,0,0,0,0,0,0,0,0,0,0,,,,,,,,,,,,,,,4291,3694,7753,11907,15976,5698,8049,5080,7091,5570,6037,3710
'848130,"Check ""non-return"" valves for pipes, boiler shells, tanks, vats or the like",0,0,0,1,0,0,0,0,0,0,0,0,,,,,,,,,,,,,,,1332,1252,1456,1302,1409,1465,1616,1179,1438,1466,1480,1076
'848230,Spherical roller bearings,0,0,0,0,0,0,0,0,0,0,0,0,,,,,,,,,,,,,,,3159,1636,3275,1979,2052,1671,2375,2077,2856,2346,2998,2676
'846031,"Sharpening ""tool or cutter grinding"" machines, numerically controlled",0,0,0,0,0,0,0,0,0,0,0,0,,,,,,,,,,,,,,,82,14,75,76,115,3,0,3,1,57,6,3
'846040,"Honing or lapping machines, for working metals, metal carbides or cermets (excl. gear cutting, ...",0,0,0,0,0,0,0,0,0,0,0,0,,,,,,,,,,,,,,,0,8,10,0,0,3,36,28,54,2,14,0
'846222,"Profile forming machines, for flat products",0,0,0,0,0,0,0,0,0,0,0,0,,,,,,,,,,,,,,,35,123,203,83,213,183,189,837,216,716,831,6
'846223,Numerically controlled press brakes,0,0,0,0,0,0,0,0,0,0,0,0,,,,,,,,,,,,,,,77,579,507,434,228,617,340,226,305,254,933,377
'846229,"Bending, folding, straightening or flattening machines for flat products (excl. numerically ...",0,0,0,0,0,0,0,0,0,62,0,0,,,,,,,,,,,,,,,309,614,611,5028,420,1242,1135,328,373,1124,646,402
'846390,"Machine tools for working metal, sintered metal carbides or cermets, without removing metal ...",0,0,0,0,0,0,0,0,0,0,0,0,,,,,,,,,,,,,,,62,54,194,25,133,31,62,351,687,33,304,58
'846490,"Machine tools for working stones, concrete, asbestos cement or similar mineral substances or ...",0,0,0,0,0,0,0,102,0,0,86,0,,,,,,,,,,,,,,,554,106,269,309,300,130,467,258,188,864,303,53
'846595,"Drilling or mortising machines for working wood, cork, bone, hard rubber, hard plastics or ...",0,0,0,0,0,0,0,0,0,0,0,0,,,,,,,,,,,,,,,104,46,3,29,40,33,55,7,81,65,42,193
'846596,"Splitting, slicing or paring machines, for working wood (excl. machining centres)",0,0,0,0,0,0,0,0,0,0,0,0,,,,,,,,,,,,,,,368,62,87,343,42,1,57,25,20,6,1,68
'846610,"Tool holders, incl. tool holders for any type of tool for working in the hand, and self-opening ...",0,0,0,0,0,0,0,0,0,0,0,0,,,,,,,,,,,,,,,615,882,627,758,540,839,2311,562,628,704,868,612
'846630,"Dividing heads and other special attachments for machine tools, n.e.s.",0,0,0,0,0,0,0,0,0,0,0,0,,,,,,,,,,,,,,,190,82,402,888,625,156,291,187,108,85,152,155
'846691,"Parts and accessories for machine tools for working stone, ceramics, concrete, asbestos-cement ...",0,0,0,0,0,0,0,0,0,0,0,0,,,,,,,,,,,,,,,385,277,254,182,316,404,238,284,111,278,176,254
'846711,"Tools for working in the hand, pneumatic, rotary type, incl. combined rotary-percussion",0,0,0,0,0,0,0,0,0,0,0,0,,,,,,,,,,,,,,,382,326,598,379,446,459,343,470,323,355,437,455
'846722,"Saws for working in the hand, with self-contained electric motor",0,1,3,1,1,0,0,1,2,2,2,0,,,,,,,,,,,,,,,404,440,670,515,501,928,725,671,702,654,465,497
'900699,"Parts and accessories for photographic flashlights and flashlight apparatus, n.e.s.",0,0,0,0,0,0,0,0,0,0,0,0,,,,,,,,,,,,,,,85,64,132,257,55,212,48,62,53,40,73,50
'901060,Projection screens,0,0,0,0,0,0,0,0,0,0,0,0,,,,,,,,,,,,,,,121,102,122,55,135,58,87,118,126,183,21,80
'901420,Instruments and appliances for aeronautical or space navigation (excl. compasses and radio ...,0,0,0,0,0,0,0,0,0,0,0,0,,,,,,,,,,,,,,,1172,1652,912,1665,1159,1578,1485,1644,703,802,1174,894
'901730,"Micrometers, callipers and gauges (excl. gauges without adjustable devices of subheading 9031.80)",0,0,0,0,0,0,0,0,0,0,0,0,,,,,,,,,,,,,,,539,328,377,450,302,362,312,312,367,338,349,302
'853720,"Boards, cabinets and similar combinations of apparatus for electric control or the distribution ...",0,0,0,0,0,0,0,0,0,0,0,0,,,,,,,,,,,,,,,4186,4910,3881,4795,4470,5126,4239,4311,4757,6867,3849,3709
'854060,"Cathoderay tubes (excl. television and video-monitor cathoderay tubes, television camera tubes, ...",0,0,0,0,0,0,0,0,0,0,0,0,,,,,,,,,,,,,,,0,0,0,0,1,1,0,0,0,0,0,0
'854099,"Parts of thermionic, cold cathode or photo cathode valves and tubes, n.e.s. (excl. parts of ...",0,0,0,0,0,0,0,0,0,0,0,0,,,,,,,,,,,,,,,19,6,13,6,1,7,5,4,12,9,9,1
'854390,"Parts of electrical machines and apparatus, having individual functions, n.e.s. in chapter ...",0,0,3,0,0,0,0,0,0,0,0,0,,,,,,,,,,,,,,,1449,1396,2042,1831,4352,1743,2025,2122,1195,1548,1397,1211
'854411,"Winding wire for electrical purposes, of copper, insulated",0,0,0,0,0,0,0,0,1,0,0,0,,,,,,,,,,,,,,,1030,1093,1398,2739,767,1879,781,1050,1894,810,2110,1625
'854420,"Coaxial cable and other coaxial electric conductors, insulated",0,0,0,1,0,0,0,1,0,0,1,0,,,,,,,,,,,,,,,1483,1641,1663,1380,1885,1040,1174,1905,1601,683,1098,1387
'850164,"AC generators ""alternators"", of an output > 750 kVA (excl. photovoltaic generators)",0,0,0,0,0,0,0,0,0,0,0,0,,,,,,,,,,,,,,,518,479,144,826,1307,459,784,481,352,916,492,480
'850231,"Generating sets, wind-powered",0,0,0,0,0,0,0,0,0,0,0,0,,,,,,,,,,,,,,,6267,112807,12160,62692,88770,19832,145060,49297,30046,60980,36326,99308
'852349,Optical media for the recording of sound or of other phenomena (excl. unrecorded and goods ...,0,0,1,0,0,0,5,1,0,0,0,0,,,,,,,,,,,,,,,580,892,778,638,1513,3053,2069,812,1199,1321,1002,1111
'853010,"Electrical signalling, safety or traffic control equipment for railways or tramways (excl. ...",0,0,0,0,0,0,0,0,0,0,0,0,,,,,,,,,,,,,,,75,34,14,149,118,4007,143,208,20,214,144,171
'853221,"Fixed electrical capacitors, tantalum (excl. power capacitors)",0,2,0,0,0,0,0,0,0,0,0,0,,,,,,,,,,,,,,,137,510,523,410,107,647,104,123,461,90,585,265
'853529,"Automatic circuit breakers for a voltage >= 72,5 kV",0,0,0,0,0,0,0,0,0,0,0,0,,,,,,,,,,,,,,,1042,828,1033,2318,893,369,1615,1567,397,1496,1653,356
'854511,"Electrodes of graphite or other carbon, for electric furnaces",0,0,0,0,0,0,0,0,0,0,0,0,,,,,,,,,,,,,,,3195,5131,2229,2595,624,1909,1935,3834,1391,1484,3256,2890
'854590,"Articles of graphite or other carbon, for electrical purposes (excl. electrodes and carbon ...",0,0,0,0,0,0,0,0,0,0,0,0,,,,,,,,,,,,,,,50,135,116,42,97,160,97,48,283,50,59,28
'854620,Electrical insulators of ceramics (excl. insulating fittings),0,0,0,0,0,0,0,0,0,0,0,0,,,,,,,,,,,,,,,474,639,530,865,342,670,585,541,600,949,453,547
'854790,"Insulating fittings for electrical purposes, of materials other than ceramics or plastics; ...",0,0,0,0,0,0,0,0,0,0,0,0,,,,,,,,,,,,,,,447,594,430,1767,174,1210,867,631,432,237,380,725
'854919,"Primary cells, primary batteries and electric accumulators: spent goods and waste and scrap, ...",0,0,0,0,0,0,0,0,0,0,0,0,,,,,,,,,,,,,,,0,0,1,0,0,0,0,0,2,0,0,0
'854931,"Waste and scrap of electrical and electronic assemblies and printed circuit boards, containing ...",0,0,0,0,0,0,0,0,0,0,0,0,,,,,,,,,,,,,,,0,3,0,0,0,0,0,14,4,0,0,0
'860729,"Brakes (other than air brakes), and parts thereof, for railway or tramway locomotives or rolling ...",0,0,0,0,0,0,0,0,0,0,0,0,,,,,,,,,,,,,,,834,1065,163,143,212,159,97,29,26,254,88,90
'870110,Pedestrian-controlled agricultural tractors and similar tractors for industry (excl. tractor ...,0,0,0,0,0,0,0,0,0,0,0,0,,,,,,,,,,,,,,,163,118,6,210,118,20,83,33,85,18,783,883
'870130,Track-laying tractors (excl. pedestrian-controlled),0,0,0,0,0,0,0,0,0,0,0,0,,,,,,,,,,,,,,,3079,2381,393,778,1878,219,385,1496,2363,1244,332,4281
'870191,"Tractors, of an engine power <= 18 kW (excl. those of heading 8709, pedestrian-controlled tractors, ...",0,0,0,0,0,0,0,0,0,0,0,0,,,,,,,,,,,,,,,174,0,37,66,1,166,62,0,101,0,0,106
'870240,"Motor vehicles for the transport of >= 10 persons, incl. driver, with only electric motor for ...",0,0,0,0,0,0,0,0,0,0,0,0,,,,,,,,,,,,,,,3478,0,0,4081,19,0,103,190,103,0,0,0
'870310,Vehicles for the transport of,0,0,0,0,0,0,0,0,0,0,0,0,,,,,,,,,,,,,,,1471,1090,1501,386,2037,1989,784,3504,776,2044,1346,833
'870322,Motor cars and other motor vehicles principally designed for the transport of ...,0,0,0,0,0,0,0,0,0,0,0,0,,,,,,,,,,,,,,,152781,163703,182694,217420,175145,272155,205103,186845,186246,144339,186136,209478
'870360,Motor cars and other motor vehicles principally designed for the transport of ...,0,0,0,0,0,0,0,0,0,0,0,0,,,,,,,,,,,,,,,13992,16909,22087,19622,21312,33299,17214,31701,26256,8554,21244,13677
'870422,"Motor vehicles for the transport of goods, with only compression-ignition internal combustion ...",0,0,0,0,0,0,0,0,0,0,0,0,,,,,,,,,,,,,,,2232,1793,1858,1911,3652,3746,2004,7244,3709,1709,1968,1082
'870460,"Motor vehicles for the transport of goods, with only electric motor as motor for propulsion ...",0,0,0,0,0,0,0,0,0,0,0,0,,,,,,,,,,,,,,,854,250,207,169,719,1392,1108,2210,1812,3402,1691,1759
'870880,"Suspension systems and parts thereof, incl. shock-absorbers, for tractors, motor vehicles for ...",1,0,1,1,0,0,0,0,1,0,3,0,,,,,,,,,,,,,,,12109,10040,12380,13666,13884,13953,12025,11717,14568,12125,11435,10821
'871120,"Motorcycles, incl. mopeds, with reciprocating internal combustion piston engine of a cylinder ...",0,0,0,0,0,0,0,0,0,0,0,0,,,,,,,,,,,,,,,2437,2974,3460,1750,1433,3540,2245,2940,2722,3968,1661,2327
'871640,"Trailers and semi-trailers, not designed for running on rails (excl. trailers and semi-trailers ...",0,0,0,0,0,0,0,0,0,0,0,0,,,,,,,,,,,,,,,45,48,57,1308,1540,71,97,32,103,1,5,1338
'880211,Helicopters of an unladen weight <= 2.000 kg (excl. unmanned of heading 8806),0,0,0,0,0,0,0,0,0,0,0,0,,,,,,,,,,,,,,,2500,509,792,1655,5097,9910,3011,13073,1478,6704,5847,9062
'880693,"Unmanned aircraft, with maximum take-off weight > 7 kg but <= 25 kg (excl. for passenger carriage ...",0,0,0,0,0,0,0,0,0,0,0,0,,,,,,,,,,,,,,,10,8,0,0,0,0,29,0,0,0,0,0
'890110,"Cruise ships, excursion boats and similar vessels principally designed for the transport of ...",0,0,0,0,0,0,0,0,0,0,0,0,,,,,,,,,,,,,,,1,14,0,0,0,0,0,662,0,0,0,185
'890311,"Inflatable ""incl. rigid hull inflatable"" boats, for pleasure or sports, fitted or designed ...",0,0,0,0,0,0,0,2,0,0,0,0,,,,,,,,,,,,,,,32,0,29,0,4,35,1,6,0,3,0,1
'900290,"Lenses, prisms, mirrors and other optical elements, mounted, of any material, being parts of ...",0,1,2,1,2,2,0,0,0,0,0,0,,,,,,,,,,,,,,,503,340,874,261,509,250,229,1028,164,150,640,562
'950640,Articles and equipment for table-tennis,0,0,0,0,0,0,0,0,0,0,0,0,,,,,,,,,,,,,,,114,86,32,60,183,117,54,59,25,23,125,22
'950651,"Tennis rackets, whether or not strung (excl. table-tennis bats)",0,0,0,0,0,5,0,0,0,0,0,0,,,,,,,,,,,,,,,115,138,252,262,124,270,141,233,97,185,258,252
'950810,Travelling circuses and travelling menageries,0,0,0,0,0,0,0,0,0,0,0,0,,,,,,,,,,,,,,,0,0,0,0,0,1,1,0,0,0,0,0
'950830,Fairground amusements,0,0,0,0,0,0,0,0,0,0,0,0,,,,,,,,,,,,,,,38,0,5,66,32,15,17,11,1,1,31,0
'960190,"Worked bone, tortoiseshell, horn, antlers, coral, mother-of-pearl and other animal carving ...",0,0,0,0,0,0,1,1,0,0,0,0,,,,,,,,,,,,,,,4,34,18,9,19,12,7,8,14,13,10,9
'960719,Slide fasteners (excl. fitted with chain scoops of base metal),0,0,0,0,0,0,0,0,0,0,0,0,,,,,,,,,,,,,,,232,351,299,264,244,265,279,175,358,527,273,234
'960720,Parts of slide fasteners,0,0,0,0,0,0,0,0,0,0,0,0,,,,,,,,,,,,,,,198,211,217,243,301,354,225,64,467,335,172,132
'960850,"Sets of articles from two or more of the following: ball-point pens, felt or fibre-tipped pens ...",0,0,0,0,0,0,0,0,0,0,0,0,,,,,,,,,,,,,,,16,107,23,27,22,55,43,86,11,12,40,28
'960920,"Pencil leads, black or coloured",0,0,0,0,0,0,0,0,0,0,0,0,,,,,,,,,,,,,,,13,31,42,53,31,20,20,16,25,9,15,16
'961320,"Pocket lighters, gas fuelled, refillable",0,0,0,0,0,0,0,0,0,0,0,0,,,,,,,,,,,,,,,154,27,370,92,162,65,525,100,54,80,120,382
'961590,"Hairpins, curling pins, curling grips, hair-curlers and the like, and parts thereof, n.e.s. ...",0,0,0,0,0,0,0,0,0,0,0,0,,,,,,,,,,,,,,,214,260,292,347,243,503,357,272,216,200,166,203
'961800,"Tailors' dummies and other lay figures, automata and other animated displays used for shop ...",0,0,0,0,0,0,0,0,0,0,0,0,,,,,,,,,,,,,,,476,307,107,128,365,317,138,319,80,397,180,72
'970191,"Paintings, e.g. oil paintings, watercolours and pastels, and drawings executed entirely by ...",0,0,0,0,0,0,0,0,0,1,0,0,,,,,,,,,,,,,,,4272,108,1571,786,35011,686,20416,2149,852,4030,1267,413
'970290,"Original engravings, prints and lithographs (excl. over 100 years old)",0,0,0,0,0,0,0,0,0,0,0,0,,,,,,,,,,,,,,,52,51,30,331,335,364,27,288,156,1272,1721,72
'970510,"Collections and collectorsÕ pieces of archaeological, ethnographic or historical interest",0,0,0,0,0,0,1,0,0,0,0,0,,,,,,,,,,,,,,,12,13,18,23,15,288,331,4,18,2,4,8
'970539,Collections and collectorsÕ pieces of numismatic interest (excl. over 100 years old),0,0,0,0,0,0,0,0,0,0,0,0,,,,,,,,,,,,,,,23,21,13,16,5,61,10,2,49,11,10,15
'970610,"Antiques, over 250 years old",0,0,0,0,0,0,0,0,0,0,0,0,,,,,,,,,,,,,,,0,0,0,0,2,3,0,0,0,2,4,12
'940399,"Parts of furniture, not of wood, n.e.s. (excl. of seats or medical, surgical, dental or veterinary ...",1,0,3,1,10,0,0,1,2,0,6,0,,,,,,,,,,,,,,,951,773,1002,1227,1322,1011,800,740,788,793,1107,630
'940511,"Chandeliers and other electric ceiling or wall lighting fittings, solely for light-emitting ...",0,0,0,0,0,0,0,0,0,0,0,0,,,,,,,,,,,,,,,1289,1773,1024,1347,2288,2248,969,1249,1372,1257,1968,1072
'940529,"Electric table, desk, bedside or floor-standing luminaires (excl. those solely for light-emitting ...",0,2,0,0,0,0,1,0,0,0,0,0,,,,,,,,,,,,,,,519,539,306,422,468,543,485,375,409,297,421,457
'903210,Thermostats,0,0,2,1,0,0,0,0,0,0,1,0,,,,,,,,,,,,,,,1270,1530,1833,1381,1603,1290,1237,1386,1272,1579,1223,1633
'903220,"Manostats (excl. taps, cocks and valves of heading 8481)",0,0,0,0,0,0,0,0,0,0,0,0,,,,,,,,,,,,,,,252,371,196,246,232,221,234,238,309,321,280,408
'910199,"Pocket-watches and the like, incl. stop-watches, of precious metal or of metal clad with precious ...",0,0,0,0,0,0,0,0,0,0,0,0,,,,,,,,,,,,,,,96,17,97,168,35,13,48,17,87,80,22,46
'910221,"Wrist-watches, whether or not incorporating a stop-watch facility, with automatic winding (excl. ...",0,0,0,0,0,0,0,0,0,0,0,0,,,,,,,,,,,,,,,3434,2305,3028,2528,3734,2779,2462,3330,3003,3587,2911,3951
'910291,"Pocket-watches and the like, incl. stop-watches, electrically operated (excl. of precious metal ...",0,0,0,0,0,0,0,0,0,0,0,0,,,,,,,,,,,,,,,37,6,5,29,34,161,62,54,13,11,42,5
'910310,"Clocks with watch movements, electrically operated (excl. wrist-watches, pocket-watches and ...",0,0,0,0,0,0,0,0,0,0,0,0,,,,,,,,,,,,,,,30,22,3,18,0,5,3,11,2,39,60,3
'910519,Alarm clocks (excl. electrically operated),0,0,0,0,0,0,0,0,0,0,0,0,,,,,,,,,,,,,,,8,8,9,12,14,9,3,21,2,9,26,7
'910700,Time switches with clock or watch movement or with synchronous motor,0,0,0,0,0,0,0,0,0,0,0,0,,,,,,,,,,,,,,,330,201,323,212,160,174,136,250,302,194,209,172
'910990,"Clock movements, complete and assembled (excl. electrically operated and watch movements)",0,0,0,0,0,0,0,0,0,0,0,0,,,,,,,,,,,,,,,11,0,0,1,2,12,6,1,0,0,3,9
'911180,"Cases for wrist-watches, pocket-watches and other watches of heading 9101 or 9102, of materials ...",0,0,0,0,0,0,0,0,0,0,0,0,,,,,,,,,,,,,,,5,3,3,4,2,2,2,2,1,6,0,1
'920210,Violins and other string instruments,0,0,0,0,0,0,0,0,0,0,0,0,,,,,,,,,,,,,,,2,38,29,6,8,5,34,60,4,7,6,54
'920600,"Percussion musical instruments, e.g. drums, xylophones, cymbals, castanets, maracas",0,0,1,0,2,0,0,0,0,2,0,0,,,,,,,,,,,,,,,175,95,241,65,156,123,231,147,118,147,97,131
'920992,"Parts and accessories for string musical instruments without keyboards, n.e.s. (excl. strings ...",0,0,0,0,0,0,0,0,0,0,0,0,,,,,,,,,,,,,,,42,46,48,46,34,31,56,48,33,33,44,34
'940141,"Seats, convertible into beds, of wood (excl. garden seats and camping equipment, and medical, ...",0,0,0,0,0,0,0,1,0,0,0,0,,,,,,,,,,,,,,,55,20,92,13,39,49,110,34,60,16,37,71
'902720,Chromatographs and electrophoresis instruments,0,0,0,0,0,0,0,0,0,0,0,0,,,,,,,,,,,,,,,792,595,1037,358,503,539,260,702,382,324,571,338
'902730,"Spectrometers, spectrophotometers and spectrographs using optical radiations, such as UV, visible, ...",0,0,0,0,0,0,0,0,0,0,0,0,,,,,,,,,,,,,,,1829,2479,1644,2285,2375,1796,1573,1886,1420,2004,2829,3158
'902750,"Instruments and apparatus for physical or chemical analysis, using UV, visible or IR optical ...",0,0,0,0,0,0,0,2,0,0,0,0,,,,,,,,,,,,,,,3924,3900,4306,5691,3540,3248,3357,3806,5167,3660,5345,3604
'902910,"Revolution counters, production counters, taximeters, milometers, pedometers and the like (excl. ...",0,0,0,0,0,0,5,0,0,0,0,0,,,,,,,,,,,,,,,356,380,327,508,687,743,449,681,241,261,241,328
'903032,Multimeters with recording device,0,0,0,0,0,0,0,0,0,0,0,0,,,,,,,,,,,,,,,698,466,608,634,569,609,434,231,739,478,728,498
'903149,"Optical instruments, appliances and machines for measuring or checking, not elsewhere specified ...",0,3,1,0,0,3,9,20,0,1,1,0,,,,,,,,,,,,,,,1250,2508,2893,3235,2754,2309,3638,2238,4885,1830,1841,2093
'871110,"Motorcycles, incl. mopeds, with reciprocating internal combustion piston engine of a cylinder ...",0,0,0,0,0,0,0,0,0,0,0,0,,,,,,,,,,,,,,,5,4,3,3,0,39,40,73,0,27,0,6
'871140,"Motorcycles, incl. mopeds, with reciprocating internal combustion piston engine of a cylinder ...",0,0,0,0,0,0,0,0,0,0,0,0,,,,,,,,,,,,,,,881,306,638,793,386,785,574,1142,545,914,617,1020
'847439,"Machinery for mixing or kneading solid mineral substances, incl. those in powder or paste form ...",0,0,0,0,0,0,0,0,0,0,0,0,,,,,,,,,,,,,,,67,637,48,28,74,46,8,64,37,216,119,194
'847629,"Automatic beverage-vending machines, without heating or refrigerating devices",0,0,0,0,0,0,0,0,0,0,0,0,,,,,,,,,,,,,,,1,3,0,2,0,2,48,2,2,0,50,0
'848049,"Moulds for metal or metal carbides (excl. moulds of graphite or other carbons, ceramic or glass ...",0,0,0,0,0,0,0,0,0,0,0,0,,,,,,,,,,,,,,,96,78,33,155,488,232,93,9,70,80,104,30
'848110,Pressure-reducing valves,0,0,0,0,0,0,0,0,0,0,0,0,,,,,,,,,,,,,,,2788,1959,2281,2136,2071,2027,1534,1509,1422,2641,2076,1777
'850132,DC motors and DC generators of an output > 750 W but <= 75 kW (excl. photovoltaic generators),0,0,0,0,0,0,0,0,0,0,0,0,,,,,,,,,,,,,,,1655,1428,1577,1450,1175,2206,228,1333,1017,834,1104,596
'850153,"AC motors, multi-phase, of an output > 75 kW",0,0,0,0,0,1,0,0,0,0,0,0,,,,,,,,,,,,,,,3351,3743,3629,3158,3364,4913,2893,4957,4711,1282,2432,2964
'850171,"Photovoltaic DC generators, of an output <= 50 W",0,0,0,0,0,0,0,0,0,0,0,0,,,,,,,,,,,,,,,5,5,37,2,0,9,2,7,6,3,4,4
'850212,"Generating sets with compression-ignition internal combustion piston engine ""diesel or semi-diesel ...",0,0,0,0,0,0,0,0,0,0,0,0,,,,,,,,,,,,,,,373,1120,360,442,309,383,329,719,940,246,274,504
'850240,Electric rotary converters,0,0,0,0,0,0,0,0,0,0,0,0,,,,,,,,,,,,,,,6,23,8,1,16,0,93,10,18,838,317,8
'850421,"Liquid dielectric transformers, having a power handling capacity <= 650 kVA",0,0,0,0,0,0,0,0,0,0,0,0,,,,,,,,,,,,,,,479,2150,40,173,270,43,16,196,990,134,399,380
'850520,"Electromagnetic couplings, clutches and brakes",0,0,0,0,0,0,1,6,0,0,0,0,,,,,,,,,,,,,,,339,444,632,400,540,241,229,568,358,236,169,239
'852380,"Media for the recording of sound or of other phenomena, whether or not recorded, incl. matrices ...",0,0,0,0,0,0,0,1,0,0,0,0,,,,,,,,,,,,,,,283,381,244,495,208,396,411,288,302,317,343,393
'853290,"Parts of electrical ""pre-set"" capacitors, fixed, variable or adjustable, n.e.s.",0,0,0,0,0,0,0,0,0,0,0,0,,,,,,,,,,,,,,,7,35,1,20,42,34,9,22,7,29,16,19
'853331,"Wirewound variable electrical resistors, incl. rheostats and potentiometers, for a power handling ...",0,0,0,0,0,0,0,0,0,0,0,0,,,,,,,,,,,,,,,19,20,8,6,7,24,28,13,13,16,22,8
'853521,"Automatic circuit breakers for a voltage > 1.000 V but < 72,5 kV",0,0,0,0,0,0,0,0,0,0,0,0,,,,,,,,,,,,,,,732,632,981,1311,863,357,1306,693,548,481,931,1552
'851220,Electrical lighting or visual signalling equipment for motor vehicles (excl. lamps of heading ...,2,0,1,3,1,4,0,1,1,0,2,0,,,,,,,,,,,,,,,7007,6709,9897,7453,8325,7247,7040,6625,7932,7534,6889,8797
'851419,"Industrial and laboratory furnaces and ovens, resistance heated (excl. hot isostatic presses, ...",0,0,0,0,0,0,0,0,0,0,0,0,,,,,,,,,,,,,,,567,213,331,420,689,445,608,492,298,191,319,1106
'851621,"Electric storage heating radiators, for space-heating",0,0,0,0,0,0,0,0,0,0,0,0,,,,,,,,,,,,,,,0,0,1,0,0,0,0,0,0,34,5,1
'851633,Electric hand-drying apparatus,0,0,0,0,0,0,0,0,0,0,0,0,,,,,,,,,,,,,,,16,45,78,159,110,146,35,106,106,134,221,126
'851640,Electric smoothing irons,0,0,0,0,0,0,0,0,0,0,0,0,,,,,,,,,,,,,,,1851,1143,2399,1590,1845,2069,1528,1793,952,1577,2568,2131
'851920,"Sound recording or sound reproducing apparatus, operated by coins, banknotes, bank cards, tokens ...",0,0,0,0,0,0,0,0,0,0,0,0,,,,,,,,,,,,,,,0,0,1,2,0,0,1,0,0,0,3,0
'852110,"Magnetic tape-type video recording or reproducing apparatus, whether or not incorporating a ...",0,0,0,0,0,0,0,0,0,0,0,0,,,,,,,,,,,,,,,0,2,0,0,1,0,19,0,1,0,0,0
'852321,Cards incorporating a magnetic stripe for the recording of sound or of other phenomena,0,0,0,0,0,0,0,0,0,0,0,0,,,,,,,,,,,,,,,390,159,227,434,186,160,124,239,128,202,154,134
'854929,"Electrical and electronic waste and scrap, of a kind used principally for the recovery of precious ...",0,0,0,0,0,0,0,0,0,0,0,0,,,,,,,,,,,,,,,0,0,0,0,0,0,0,0,0,0,0,0
'854991,"Electrical and electronic waste and scrap, containing primary cells, primary batteries or electric ...",0,0,0,0,0,0,0,0,0,0,0,0,,,,,,,,,,,,,,,0,2,0,0,0,0,0,0,0,0,0,0
'860210,Diesel-electric locomotives,0,0,0,0,0,0,0,0,0,0,0,0,,,,,,,,,,,,,,,0,0,1761,258,3531,1244,0,419,0,23,6604,0
'860699,Railway or tramway goods vans and wagons (excl. those specially designed for the transport ...,0,0,0,0,0,0,0,0,0,0,0,0,,,,,,,,,,,,,,,0,56,0,0,0,255,0,0,12,0,0,0
'860711,Driving bogies and bissel-bogies for railway or tramway locomotives or rolling stock,0,0,0,0,0,0,0,0,0,0,0,0,,,,,,,,,,,,,,,4,0,0,1,312,0,0,2,2,0,0,1
'860712,Bogies and driving bissel-bogies for railway or tramway locomotives or rolling stock (excl. ...,0,0,0,0,0,0,0,0,0,0,0,0,,,,,,,,,,,,,,,319,341,0,317,429,635,0,854,438,397,0,0
'870122,"Road tractors for semi-trailers, with both compression-ignition internal combustion piston ...",0,0,0,0,0,0,0,0,0,0,0,0,,,,,,,,,,,,,,,0,0,0,0,0,0,0,0,0,120,0,0
'870194,"Tractors, of an engine power > 75 kW but <= 130 kW (excl. those of heading 8709, pedestrian-controlled ...",0,0,0,0,0,0,0,0,0,0,0,0,,,,,,,,,,,,,,,5538,4589,6414,10825,4732,5860,5063,7383,6406,3946,9173,11238
'870195,"Tractors, of an engine power > 130 kW (excl. those of heading 8709, pedestrian-controlled tractors, ...",0,0,0,0,0,0,0,0,0,0,0,0,,,,,,,,,,,,,,,5411,9034,10148,13148,9762,14571,6801,2085,3329,5910,12643,16844
'870321,Motor cars and other motor vehicles principally designed for the transport of ...,0,0,0,0,0,0,0,0,0,0,0,0,,,,,,,,,,,,,,,42021,49918,47074,51768,32822,43339,40746,54405,43514,35709,34542,51887
'870333,Motor cars and other motor vehicles principally designed for the transport of ...,0,0,0,0,0,0,0,0,0,0,0,0,,,,,,,,,,,,,,,28391,33235,40799,35469,63665,45622,45783,37914,64104,25184,53126,41293
'870380,Motor cars and other motor vehicles principally designed for the transport of ...,0,0,0,0,0,0,0,0,0,1,0,0,,,,,,,,,,,,,,,3387,2115,1832,11390,12675,4256,1242,6184,4774,2391,11852,16850
'870432,"Motor vehicles for the transport of goods, with only spark-ignition internal combustion piston ...",0,0,0,0,0,0,0,0,0,0,0,0,,,,,,,,,,,,,,,27,0,0,0,0,0,0,0,0,0,0,0
'870452,"Motor vehicles for the transport of goods, with both spark-ignition internal combustion piston ...",0,0,0,0,0,0,0,0,0,0,0,0,,,,,,,,,,,,,,,0,0,0,0,0,0,0,0,0,0,0,0
'870490,"Motor vehicles for the transport of goods, with engines other than internal combustion piston ...",0,0,0,0,0,0,0,0,0,0,0,0,,,,,,,,,,,,,,,0,0,0,21,0,6,0,0,0,0,0,0
'870510,Crane lorries (excl. breakdown lorries),0,0,0,0,0,0,0,0,0,0,0,0,,,,,,,,,,,,,,,863,7524,9026,932,3266,3141,1216,1846,4072,3174,6091,4699
'870600,"Chassis fitted with engines, for tractors, motor vehicles for the transport of ten or more ...",0,0,0,0,0,0,0,0,0,0,0,0,,,,,,,,,,,,,,,984,757,457,62,959,508,1023,9,434,0,730,1171
'870790,"Bodies for tractors, motor vehicles for the transport of ten or more persons, motor vehicles ...",0,0,0,0,0,0,0,0,0,0,0,0,,,,,,,,,,,,,,,79,420,186,503,104,564,375,823,460,215,216,664
'900720,Cinematographic projectors,0,0,0,0,0,0,0,0,0,0,0,0,,,,,,,,,,,,,,,264,1,5,5,1,2,10,1,1,1,3,0
'900792,"Parts and accessories for cinematographic projectors, n.e.s.",0,0,0,0,0,0,0,0,0,0,0,0,,,,,,,,,,,,,,,6,0,1,20,2,0,1,2,0,5,1,1
'900850,"Image projectors, and photographic enlargers and reducers (excl. cinematographic and parts)",0,0,0,0,0,0,0,0,0,0,0,0,,,,,,,,,,,,,,,10,15,59,17,9,16,22,76,21,36,9,95
'901120,"Optical microscopes, for photomicrography, cinephotomicrography or microprojection (excl. stereoscopic ...",0,0,0,0,0,0,0,0,0,0,0,0,,,,,,,,,,,,,,,2,11,23,6,332,6,19,0,3,1,5,2
'901540,Photogrammetrical surveying instruments and appliances,0,0,0,0,0,0,0,0,0,0,0,0,,,,,,,,,,,,,,,175,1409,186,139,298,610,294,705,47,95,444,365
'901814,Scintigraphic apparatus,0,0,0,0,0,0,0,0,0,0,0,0,,,,,,,,,,,,,,,439,14,7,265,34,1086,4,243,7,44,80,1108
'901820,"Ultraviolet or infra-red ray apparatus used in medical, surgical, dental or veterinary sciences",0,0,0,0,0,0,0,0,0,0,0,0,,,,,,,,,,,,,,,190,190,270,107,71,274,273,201,80,75,149,137
'901832,"Tubular metal needles and needles for sutures, used in medical, surgical, dental or veterinary ...",2,1,8,0,0,5,0,1,6,0,6,0,,,,,,,,,,,,,,,1108,1343,1347,1204,1189,1454,1242,1917,877,872,1749,1519
'902121,Artificial teeth,0,0,0,0,0,0,0,0,0,0,0,0,,,,,,,,,,,,,,,106,112,94,93,113,117,98,32,33,54,40,71
'854020,Television camera tubes; image converters and intensifiers; other photo cathode tubes (excl. ...,0,0,0,0,0,0,0,0,0,0,0,0,,,,,,,,,,,,,,,170,354,98,187,46,408,583,282,111,5,606,25
'854040,"Data/graphic display tubes, monochrome; data/graphic display tubes, colour, with a phosphor ...",0,0,0,0,0,0,0,0,0,0,0,0,,,,,,,,,,,,,,,56,0,10,0,4,5,3,0,0,0,0,3
'854079,"Microwave tubes, e.g. travelling wave tubes and carcinotrons (excl. magnetrons and grid-controlled ...",0,0,0,0,0,0,0,0,0,0,0,0,,,,,,,,,,,,,,,3,0,0,0,0,0,0,0,0,0,0,0
'854091,"Parts of cathode ray tubes, n.e.s.",0,0,0,0,0,0,0,0,0,0,0,0,,,,,,,,,,,,,,,2,0,2,5,0,2,0,0,0,0,0,2
'854142,Photovoltaic cells not assembled in modules or made up into panels,0,0,0,0,1,0,0,0,0,1,0,0,,,,,,,,,,,,,,,1936,514,47,343,33,5,25,140,13,266,8,254
'880521,Air combat simulators and parts thereof,0,0,0,0,0,0,0,0,0,0,0,0,,,,,,,,,,,,,,,0,0,1,0,0,0,0,1,0,1,0,0
'880629,"Unmanned aircraft, for remote-controlled flight only, with maximum take-off weight > 150 kg ...",0,0,0,0,0,0,0,0,0,0,0,0,,,,,,,,,,,,,,,1,0,4,16,20,789,743,1095,517,553,662,0
'880691,"Unmanned aircraft, with maximum take-off weight <= 250 g (excl. for remote-controlled flight ...",0,0,0,0,0,0,0,0,0,0,0,0,,,,,,,,,,,,,,,0,0,0,0,0,0,0,0,0,0,0,1
'890120,Tankers,0,0,0,0,0,0,0,0,0,0,0,0,,,,,,,,,,,,,,,0,3082,0,22065,0,0,0,2214,5016,16467,4540,6649
'900580,"Monoculars, astronomical and other optical telescopes and other astronomical instruments (excl. ...",0,0,0,0,0,0,0,0,0,0,0,0,,,,,,,,,,,,,,,537,311,474,447,268,393,578,305,210,462,940,297
'900669,Photographic flashlights and flashlight apparatus (excl. with electronic discharge lamps),0,0,0,0,0,0,0,0,0,0,0,0,,,,,,,,,,,,,,,44,31,9,72,7,128,5,4,60,1,121,83
'482110,"Paper or paperboard labels of all kinds, printed",0,0,0,0,0,0,0,0,0,0,0,0,,,,,,,,,,,,,,,612,806,1022,809,1229,1282,830,576,1020,484,712,615
'490191,"Dictionaries and encyclopaedias, and serial instalments thereof",0,0,0,0,0,0,0,0,0,0,0,0,,,,,,,,,,,,,,,6,155,198,25,14,14,58,11,132,42,61,30
'491199,"Printed matter, n.e.s.",1,0,0,0,7,0,0,16,0,5,0,0,,,,,,,,,,,,,,,581,721,1314,726,1712,1255,1360,1370,1044,1089,1511,1201
'500500,Yarn spun from silk waste (excl. that put up for retail sale),0,0,0,0,0,0,0,0,0,0,0,0,,,,,,,,,,,,,,,0,0,173,0,0,0,0,129,0,389,285,0
'500710,Woven fabrics of noil silk,0,0,0,0,0,0,0,0,0,0,0,0,,,,,,,,,,,,,,,1,1,1,1,0,0,0,0,0,0,0,0
'500720,Woven fabrics containing >= 85% silk or schappe by weight,0,0,0,0,0,0,0,0,0,0,0,0,,,,,,,,,,,,,,,16,41,28,43,10,18,16,48,14,45,62,27
'510130,"Carbonised wool, neither carded nor combed",0,0,0,0,0,0,0,0,0,0,0,0,,,,,,,,,,,,,,,101,106,105,0,0,173,106,0,0,0,119,0
'510521,"Wool, combed, in fragments ""open tops""",0,0,0,0,0,0,0,0,0,0,0,0,,,,,,,,,,,,,,,0,0,0,0,0,0,0,0,0,0,0,0
'511119,Woven fabrics containing >= 85% carded wool or carded fine animal hair by weight and weighing ...,0,0,0,0,0,0,0,0,0,0,0,0,,,,,,,,,,,,,,,7,1,2,0,8,3,5,1,1,1,3,2
'511220,"Woven fabrics containing predominantly, but < 85% combed wool or combed fine animal hair by ...",0,0,0,0,0,0,0,0,0,0,0,0,,,,,,,,,,,,,,,0,0,0,0,0,0,0,0,0,0,0,0
'520420,"Cotton sewing thread, put up for retail sale",0,0,0,0,0,0,0,0,0,0,0,0,,,,,,,,,,,,,,,31,9,30,67,11,2,5,25,2,63,5,2
'520514,"Single cotton yarn, of uncombed fibres, containing >= 85% cotton by weight and with a linear ...",0,0,0,0,0,0,0,0,0,0,0,0,,,,,,,,,,,,,,,0,0,0,28,45,0,0,0,0,0,0,16
'520527,"Single cotton yarn, of combed fibres, containing >= 85% cotton by weight and with a linear ...",0,0,0,0,0,0,0,0,0,0,0,0,,,,,,,,,,,,,,,0,0,0,0,0,0,0,0,0,0,0,0
'520531,"Multiple ""folded"" or cabled cotton yarn, of uncombed fibres, containing >= 85% cotton by weight ...",0,0,0,0,0,0,0,0,0,0,0,0,,,,,,,,,,,,,,,0,11,0,0,0,0,0,0,0,0,0,0
'520542,"Multiple ""folded"" or cabled cotton yarn, of combed fibres, containing >= 85% cotton by weight ...",0,0,0,0,0,0,0,0,0,0,0,0,,,,,,,,,,,,,,,6,37,23,28,0,19,0,35,0,7,0,13
'520631,"Multiple ""folded"" or cabled cotton yarn containing predominantly, but < 85% cotton by weight, ...",0,0,0,0,0,0,0,0,0,0,0,0,,,,,,,,,,,,,,,0,0,0,0,0,0,21,21,0,22,42,0
'520710,"Cotton yarn containing >= 85% cotton by weight, put up for retail sale (excl. sewing thread)",0,0,0,0,0,0,0,0,0,0,0,0,,,,,,,,,,,,,,,864,1358,1169,75,3,63,0,3,0,10,41,22
'520823,"Woven fabrics of cotton, containing >= 85% cotton by weight and weighing <= 200 g/m_, in three-thread ...",0,0,0,0,0,0,0,0,0,0,0,0,,,,,,,,,,,,,,,0,0,74,0,19,21,6,1,46,42,0,0
'520843,"Woven fabrics of cotton, containing >= 85% cotton by weight and weighing <= 200 g/m_, in three-thread ...",0,0,0,0,0,0,0,0,0,0,0,0,,,,,,,,,,,,,,,4,1,60,1,37,1,20,16,18,10,28,11
'520912,"Woven fabrics of cotton, containing >= 85% cotton by weight and weighing > 200 g/m_, in three-thread ...",0,0,0,0,0,0,0,0,0,0,0,0,,,,,,,,,,,,,,,81,0,82,113,20,34,48,0,0,0,0,70
'520919,"Woven fabrics of cotton, containing >= 85% cotton by weight and weighing > 200 g/m_, unbleached ...",0,0,0,0,0,0,0,0,0,0,0,0,,,,,,,,,,,,,,,1,37,43,34,67,42,49,27,9,42,57,10
'520922,"Woven fabrics of cotton, containing >= 85% cotton by weight and weighing > 200 g/m_, in three-thread ...",0,0,0,0,0,0,0,0,0,0,0,0,,,,,,,,,,,,,,,0,0,46,0,51,0,0,0,0,0,0,6
'520932,"Woven fabrics of cotton, containing >= 85% cotton by weight and weighing > 200 g/m_, in three-thread ...",0,0,0,0,0,0,0,0,0,0,0,0,,,,,,,,,,,,,,,876,474,249,485,384,451,369,464,208,691,362,173
'520941,"Plain woven fabrics of cotton, containing >= 85% cotton by weight and weighing > 200 g/m_, ...",0,0,0,0,0,0,0,0,0,0,0,0,,,,,,,,,,,,,,,18,36,3,8,3,6,15,13,10,5,6,5
'520952,"Woven fabrics of cotton, containing >= 85% cotton by weight and weighing > 200 g/m_, in three-thread ...",0,0,0,0,0,0,0,0,0,0,0,0,,,,,,,,,,,,,,,39,0,44,0,12,1,1,9,14,36,16,9
'521031,"Plain woven fabrics of cotton, containing predominantly, but < 85% cotton by weight, mixed ...",0,0,0,0,0,0,0,0,0,0,0,0,,,,,,,,,,,,,,,204,417,64,97,196,413,118,226,255,122,161,163
'521051,"Plain woven fabrics of cotton, containing predominantly, but < 85% cotton by weight, mixed ...",0,0,0,0,0,0,0,0,0,0,0,0,,,,,,,,,,,,,,,3,0,0,1,8,80,80,30,42,15,6,5
'521212,"Woven fabrics of cotton, containing predominantly, but < 85% cotton by weight, other than those ...",0,0,0,0,0,0,0,0,0,0,0,0,,,,,,,,,,,,,,,5,1,0,0,0,0,0,4,0,1,0,0
'530610,Single flax yarn,0,0,0,0,0,0,0,0,0,0,0,0,,,,,,,,,,,,,,,0,20,0,265,27,5,0,0,144,0,0,0
'530620,"Multiple ""folded"" or cabled flax yarn",0,0,0,0,0,0,0,0,0,0,0,0,,,,,,,,,,,,,,,0,6,0,0,1,0,14,0,0,0,0,0
'531090,"Woven fabrics of jute or of other textile bast fibres of heading 5303, bleached, dyed, made ...",0,0,0,0,0,0,0,0,0,0,0,0,,,,,,,,,,,,,,,1,3,2,40,20,1,38,18,19,9,1,1
'531100,Woven fabrics of other vegetable textile fibres; woven fabrics of paper yarn (excl. those of ...,0,0,0,0,0,0,0,0,0,0,0,0,,,,,,,,,,,,,,,1160,2194,2273,2296,1816,1364,1092,382,1914,1391,664,610
'540232,"Textured filament yarn of nylon or other polyamides, with a linear density of > 50 tex per ...",0,0,0,0,0,0,0,0,0,0,0,0,,,,,,,,,,,,,,,168,121,58,143,291,140,129,118,166,5,243,113
'540234,Textured synthetic filament yarn of polypropylene (excl. sewing thread and yarn put up for ...,0,0,0,0,0,0,0,0,0,0,0,0,,,,,,,,,,,,,,,90,21,52,47,36,95,0,2,0,36,0,44
'540239,"Textured synthetic filament yarn (excl. sewing thread, yarn put up for retail sale and textured ...",0,0,0,0,0,0,0,0,0,0,0,0,,,,,,,,,,,,,,,13,21,33,13,14,31,17,9,11,24,33,1
'540253,"Filament yarn of polypropylene, incl. monofilament of < 67 decitex, single, with a twist of ...",0,0,0,0,0,0,0,0,0,0,0,0,,,,,,,,,,,,,,,0,0,0,0,0,0,0,44,0,13,0,0
'540269,"Multiple ""folded"" or cabled synthetic filament yarn, incl. synthetic monofilament of < 67 decitex ...",0,0,0,0,0,0,0,0,0,0,0,0,,,,,,,,,,,,,,,109,2,15,155,4,98,90,34,0,50,126,4
'540339,"Artificial filament yarn, incl. artificial monofilament of < 67 decitex, single (excl. sewing ...",0,0,0,0,0,0,0,0,0,0,0,0,,,,,,,,,,,,,,,0,0,0,0,0,0,0,0,0,0,0,0
'540761,"Woven fabrics of yarn containing >= 85% by weight of non-textured polyester filaments, incl. ...",0,0,0,0,0,0,0,0,0,0,0,0,,,,,,,,,,,,,,,1430,1558,2000,1855,1848,1725,1674,1314,1366,1230,1058,864
'540771,"Woven fabrics of yarn containing >= 85% synthetic filament by weight, incl. monofilament of ...",0,0,0,0,0,0,0,0,0,0,0,0,,,,,,,,,,,,,,,270,69,180,163,66,314,335,297,183,277,34,83
'540772,"Woven fabrics of yarn containing >= 85% synthetic filament by weight, incl. monofilament of ...",0,0,0,0,0,0,0,0,0,0,0,0,,,,,,,,,,,,,,,798,235,696,589,299,569,386,670,463,542,201,299
'540781,"Woven fabrics of yarn containing predominantly, but < 85% synthetic filament by weight, incl. ...",0,0,0,0,0,0,0,0,0,0,0,0,,,,,,,,,,,,,,,0,0,0,0,0,0,7,3,0,0,8,10
'540793,"Woven fabrics of yarn containing predominantly, but < 85% synthetic filament by weight, incl. ...",0,0,0,0,0,0,0,0,0,0,0,0,,,,,,,,,,,,,,,63,35,116,113,107,72,76,91,107,95,55,45
'540824,"Woven fabrics of yarn containing >= 85% artificial filament by weight, incl. monofilament of ...",0,0,0,0,0,0,0,0,0,0,0,0,,,,,,,,,,,,,,,153,184,77,105,15,115,29,0,13,4,21,30
'550111,"Filament tow as specified in Note 1 to chapter 55, of aramids",0,0,0,0,0,0,0,0,0,0,0,0,,,,,,,,,,,,,,,0,0,0,0,0,0,0,0,0,0,0,4
'550330,"Acrylic or modacrylic staple fibres, not carded, combed or otherwise processed for spinning",0,0,0,0,0,0,0,0,0,0,0,0,,,,,,,,,,,,,,,146,77,90,227,244,246,295,125,41,121,345,202
'550510,"Waste of synthetic staple fibres, incl. noils, yarn waste and garnetted stock",0,0,0,0,0,0,0,0,0,0,0,0,,,,,,,,,,,,,,,0,0,0,1,1,0,1,0,0,1,0,0
'550820,"Sewing thread of artificial staple fibres, whether or not put up for retail sale",0,0,0,0,0,0,0,0,0,0,0,0,,,,,,,,,,,,,,,0,4,6,1,0,0,1,0,0,2,0,0
'550952,"Yarn containing > 50% to < 85% polyester staple fibres by weight, mixed principally or solely ...",0,0,0,0,0,0,0,0,0,0,0,0,,,,,,,,,,,,,,,0,0,0,0,0,0,0,0,0,0,0,21
'550961,"Yarn containing predominantly, but < 85% acrylic or modacrylic staple fibres by weight, mixed ...",0,0,0,0,0,0,0,0,0,0,0,0,,,,,,,,,,,,,,,0,61,0,0,0,8,0,5,0,0,0,0
'551090,"Yarn containing predominantly, but < 85% artificial staple fibres by weight, other than that ...",0,0,0,0,0,0,0,0,0,0,0,0,,,,,,,,,,,,,,,0,0,9,1,0,0,0,0,0,1,0,0
'551312,"Woven fabrics containing predominantly, but < 85% polyester staple fibres by weight, mixed ...",0,0,0,0,0,0,0,0,0,0,0,0,,,,,,,,,,,,,,,0,0,41,8,3,0,41,6,0,46,0,18
'551421,"Plain woven fabrics containing predominantly, but < 85% polyester staple fibres by weight, ...",0,0,0,0,0,0,0,0,0,0,0,0,,,,,,,,,,,,,,,177,422,497,305,249,493,60,82,45,23,165,3
'551441,"Plain woven fabrics containing predominantly, but < 85% polyester staple fibres by weight, ...",0,0,0,0,0,0,0,0,0,0,0,0,,,,,,,,,,,,,,,2,0,5,0,0,11,0,0,0,7,9,15
'551611,"Woven fabrics containing >= 85% artificial staple fibres by weight, unbleached or bleached",0,0,0,0,0,0,0,0,0,0,0,0,,,,,,,,,,,,,,,0,0,0,0,0,0,0,2,0,0,3,0
'551614,"Woven fabrics containing >= 85% artificial staple fibres by weight, printed",0,0,0,0,0,0,0,0,0,0,0,0,,,,,,,,,,,,,,,468,274,552,976,558,307,244,34,121,54,433,519
'560290,"Felt, impregnated, coated, covered or laminated (excl. needleloom felt and stitch-bonded fibre ...",0,0,0,0,0,0,0,0,0,0,0,0,,,,,,,,,,,,,,,28,81,69,56,127,44,9,137,16,60,45,131
'560312,"Nonwovens, whether or not impregnated, coated, covered or laminated, n.e.s., of man-made filaments, ...",0,0,0,0,0,0,0,0,0,0,0,0,,,,,,,,,,,,,,,941,1560,1117,1709,2119,2109,1418,1538,2132,2487,1404,2076
'401220,Used pneumatic tyres of rubber,0,0,0,0,0,0,0,0,0,0,0,0,,,,,,,,,,,,,,,166,65,65,62,120,135,73,120,39,74,57,113
'401320,"Inner tubes, of rubber, of a kind used for bicycles",0,0,0,0,0,5,0,0,0,0,0,0,,,,,,,,,,,,,,,95,106,120,131,32,89,82,50,51,167,97,18
'392630,"Fittings for furniture, coachwork and the like, of plastics (excl. building components for ...",0,0,0,0,0,0,0,0,0,0,0,0,,,,,,,,,,,,,,,622,835,741,785,866,833,919,1098,1451,873,1333,832
'392590,"Building elements for the manufacture of floors, walls, partition walls, ceilings, roofs, etc., ...",0,0,1,0,0,0,0,2,0,0,0,0,,,,,,,,,,,,,,,1406,1472,1277,1589,1874,1878,1555,1843,1337,1263,1526,1421
'470610,Pulp of cotton linters,0,0,0,0,0,0,0,0,0,0,0,0,,,,,,,,,,,,,,,0,0,0,18,0,0,0,0,0,0,18,0
'470720,"Recovered ""waste and scrap"" paper or paperboard made mainly of bleached chemical pulp, not ...",0,0,0,0,0,0,0,0,0,0,0,0,,,,,,,,,,,,,,,16,18,18,30,15,21,20,23,12,14,27,13
'470730,"Recovered ""waste and scrap"" paper or paperboard made mainly of mechanical pulp, e.g. newspapers, ...",0,0,0,0,0,0,0,0,0,0,0,0,,,,,,,,,,,,,,,1,0,4,0,0,0,1,0,3,0,1,0
'470790,"Recovered ""waste and scrap"" paper or paperboard, incl. unsorted waste and scrap (excl. waste ...",0,0,0,0,0,0,0,0,0,0,0,0,,,,,,,,,,,,,,,44,128,50,119,43,59,55,134,126,59,114,83
'480257,"Uncoated paper and paperboard, of a kind used for writing, printing or other graphic purposes, ...",0,0,0,0,0,0,0,0,0,0,0,0,,,,,,,,,,,,,,,3227,4706,4600,5778,1719,2372,2513,2542,1874,3961,8499,7010
'480439,"Kraft paper and paperboard, uncoated, in rolls of a width > 36 cm or in square or rectangular ...",0,0,0,0,0,0,0,0,0,0,0,0,,,,,,,,,,,,,,,3892,3823,2467,4230,2022,2844,3628,2316,2528,2490,2879,2133
'481490,"Wallpaper and similar wallcoverings of paper, and window transparencies of paper (excl. wallcoverings ...",0,0,0,0,0,0,0,0,0,0,0,0,,,,,,,,,,,,,,,158,150,177,164,210,162,188,66,140,155,113,169
'401695,"Inflatable mattresses and cushions and other inflatable articles, of vulcanised rubber (excl. ...",0,0,0,0,0,0,0,0,0,0,0,0,,,,,,,,,,,,,,,219,239,205,159,208,325,190,345,242,271,393,337
'410799,"Leather ""incl. parchment-dressed leather"" of the portions, strips or sheets of hides and skins ...",0,0,0,0,0,0,0,0,0,0,0,0,,,,,,,,,,,,,,,384,571,750,724,600,843,632,418,467,532,715,676
'411420,Patent leather and patent laminated leather; metallised leather (excl. lacquered or metallised ...,0,0,0,0,0,0,0,0,0,0,0,0,,,,,,,,,,,,,,,6,20,7,9,8,17,10,6,8,3,1,2
'411520,"Parings and other waste of leather or of composition leather, not suitable for the manufacture ...",0,0,0,0,0,0,0,0,0,0,0,0,,,,,,,,,,,,,,,41,0,42,0,6,0,2,0,0,0,0,0
'420500,Articles of leather or composition leather (excl. saddlery and harness bags; cases and similar ...,0,0,0,0,1,0,0,0,0,0,1,0,,,,,,,,,,,,,,,96,83,181,128,82,100,149,106,73,60,88,77
'420600,"Articles of gut, goldbeater's skin, bladders or tendons (excl. silkworm gut, sterile catgut, ...",0,0,0,0,0,0,0,0,0,0,0,0,,,,,,,,,,,,,,,0,18,0,10,0,11,2,15,0,17,22,0
'440121,Coniferous wood in chips or particles (excl. those of a kind used principally for dyeing or ...,0,0,0,0,0,0,0,0,0,0,0,0,,,,,,,,,,,,,,,223,201,238,270,268,306,323,330,225,270,330,275
'440131,Wood pellets,0,0,0,0,0,0,0,0,0,0,0,0,,,,,,,,,,,,,,,1,1,60,0,0,0,29,3,0,0,0,0
'440323,"Fir ""Abies spp."" and spruce ""Picea spp."" in the rough, of which the smallest cross-sectional ...",0,0,0,0,0,0,0,0,0,0,0,0,,,,,,,,,,,,,,,0,0,0,0,0,0,0,0,0,0,0,0
'440420,"Hoopwood; split poles; piles, pickets and stakes of wood, pointed but not sawn lengthwise; ...",0,0,0,0,0,0,0,0,0,0,0,0,,,,,,,,,,,,,,,0,0,38,5,0,0,0,0,0,19,5,1
'440714,"Hem-fir (Western hemlock ""Tsuga heterophylla"" and fir ""Abies spp."") sawn or chipped lengthwise, ...",0,0,0,0,0,0,0,0,0,0,0,0,,,,,,,,,,,,,,,0,0,0,0,0,0,0,0,0,0,0,0
'440729,"Tropical wood, sawn or chipped lengthwise, sliced or peeled, whether or not planed, sanded ...",0,0,36,0,36,20,0,0,0,26,0,0,,,,,,,,,,,,,,,1102,1007,1033,1110,1244,1449,1627,1167,1121,1162,1850,1697
'440791,"Oak ""Quercus spp."", sawn or chipped lengthwise, sliced or peeled, whether or not planed, sanded ...",0,0,0,0,0,0,0,0,0,0,0,0,,,,,,,,,,,,,,,805,807,965,1471,906,1223,904,1115,1426,1067,1034,1355
'440799,"Wood, sawn or chipped lengthwise, sliced or peeled, whether or not planed, sanded or end-jointed, ...",0,0,0,0,0,0,0,0,0,0,0,0,,,,,,,,,,,,,,,774,677,714,614,585,653,470,842,757,511,472,744
'440890,"Sheets for veneering, incl. those obtained by slicing laminated wood, for plywood or for other ...",0,0,30,16,0,30,0,0,60,30,0,0,,,,,,,,,,,,,,,678,577,521,600,571,787,441,552,1559,990,1215,1036
'440910,"Coniferous wood, incl. strips and friezes for parquet flooring, not assembled, continuously ...",0,0,0,0,0,0,0,0,0,0,0,0,,,,,,,,,,,,,,,553,603,444,564,430,516,432,274,348,450,301,412
'440929,"Wood, incl. strips and friezes for parquet flooring, not assembled, continuously shaped ""tongued, ...",0,0,7,0,0,6,0,0,7,8,0,0,,,,,,,,,,,,,,,651,672,484,714,941,615,987,939,488,684,735,919
'441012,"Oriented strand board ""OSB"", of wood",0,0,0,0,0,0,0,0,0,0,0,0,,,,,,,,,,,,,,,158,0,85,289,152,224,60,74,297,287,116,153
'441292,"Laminated wood with at least one outer ply of non-coniferous wood (excl. of bamboo, with an ...",0,0,0,0,0,0,0,0,0,0,0,0,,,,,,,,,,,,,,,21,27,2,0,6,0,66,10,0,14,52,4
'441874,"Flooring panels for mosaic floors, assembled, of wood other than bamboo",0,0,0,0,0,0,0,0,0,0,0,0,,,,,,,,,,,,,,,6,16,6,3,6,16,0,6,0,6,26,0
'441899,"Builders' joinery and carpentry, of wood (excl. of bamboo, windows, French windows and their ...",0,0,0,0,0,0,0,0,0,0,0,0,,,,,,,,,,,,,,,164,224,148,266,252,336,156,359,202,169,206,215
'441919,"Tableware and kitchenware, of bamboo (excl. chopsticks, bread boards, chopping boards and similar ...",0,0,0,0,8,0,0,0,4,0,0,0,,,,,,,,,,,,,,,133,70,100,90,86,125,87,89,123,108,66,92
'442011,"Statuettes and other ornaments, of tropical wood (excl. wood marquetry and inlaid wood)",0,0,0,0,0,0,0,0,0,0,0,0,,,,,,,,,,,,,,,1,1,6,1,1,4,7,1,2,4,1,0
'450310,"Corks and stoppers of all types, of natural cork, incl. round-edged blanks",0,0,0,0,0,0,0,0,0,0,0,0,,,,,,,,,,,,,,,1007,810,868,979,810,772,760,471,1544,199,359,260
'460194,"Plaits and similar products of vegetable plaiting materials, whether or not assembled into ...",0,0,0,0,0,0,0,0,1,0,0,0,,,,,,,,,,,,,,,1,1,1,1,5,0,1,7,3,2,7,0
'460212,"Basketwork, wickerwork and other articles, made directly to shape from rattan plaiting materials ...",3,10,14,1,9,11,2,0,0,9,5,0,,,,,,,,,,,,,,,30,113,58,37,83,94,100,33,25,40,67,90
'392079,"Plates, sheets, film, foil and strip, of non-cellular cellulose derivatives, not reinforced, ...",0,0,0,0,0,0,0,0,0,0,0,0,,,,,,,,,,,,,,,63,10,23,27,54,18,34,60,54,144,61,40
'392112,"Plates, sheets, film, foil and strip, of cellular polymers of vinyl chloride, unworked or merely ...",0,0,0,0,0,0,0,0,0,0,0,0,,,,,,,,,,,,,,,1567,1739,1493,1647,1738,1661,1763,1945,2463,1619,2592,2002
'261590,"Niobium, tantalum or vanadium ores and concentrates",0,0,0,0,0,0,0,0,0,0,0,0,,,,,,,,,,,,,,,0,0,0,0,4,0,0,0,0,0,0,0
'262019,"Slag, ash and residues containing mainly zinc (excl. hard zinc spelter)",0,0,0,0,0,0,0,0,0,0,0,0,,,,,,,,,,,,,,,0,219,412,128,1,66,0,0,55,0,0,0
'010290,Live bovine animals (excl. cattle and buffalo),0,0,0,0,0,0,0,0,0,0,0,0,,,,,,,,,,,,,,,0,0,29,17,6,19,0,0,0,0,132,620
'010631,Live birds of prey,0,0,0,0,0,0,0,0,0,0,0,0,,,,,,,,,,,,,,,0,0,0,0,0,0,0,0,0,0,0,0
'020210,Frozen bovine carcases and half-carcases,0,0,0,0,0,0,0,0,0,0,0,0,,,,,,,,,,,,,,,0,0,0,0,0,0,0,0,0,0,0,0
'030259,"Fresh or chilled fish of the families Bregmacerotidae, Euclichthyidae, Gadidae, Macrouridae, ...",0,0,0,0,0,0,0,0,0,0,0,0,,,,,,,,,,,,,,,0,0,0,0,0,0,0,0,0,0,0,0
'030274,"Fresh or chilled eels ""Anguilla spp.""",0,0,0,0,0,0,0,0,0,0,0,0,,,,,,,,,,,,,,,0,0,0,0,0,0,0,0,0,0,0,0
'030311,"Frozen sockeye salmon [red salmon] ""Oncorhynchus nerka""",0,0,0,0,0,0,0,0,0,0,0,0,,,,,,,,,,,,,,,0,0,0,0,0,0,0,0,0,0,0,0
'400122,"Technically specified natural rubber ""TSNR""",0,0,33,33,0,0,36,0,0,39,0,0,,,,,,,,,,,,,,,8740,8569,6904,6660,6907,4302,3524,1492,2745,3919,6005,5315
'400219,"Styrene-butadiene rubber ""SBR""; carboxylated styrene-butadiene rubber ""XSBR"", in primary forms ...",0,0,0,0,0,0,0,0,0,0,0,0,,,,,,,,,,,,,,,5249,5666,4546,4444,3884,4060,2372,1886,3485,3146,3857,3996
'400231,"Isobutylene isoprene rubber ""IIR"", in primary forms or in plates, sheets or strip",0,0,0,0,0,0,0,0,0,0,0,0,,,,,,,,,,,,,,,743,45,483,110,305,361,293,0,253,239,102,583
'400251,"Latex of acrylonitrile-butadiene rubber ""NBR""",0,0,0,0,0,0,0,0,0,0,0,0,,,,,,,,,,,,,,,480,0,953,471,473,445,193,1,193,0,268,91
'400291,"Synthetic rubber and factice derived from oils, in primary forms or in plates, sheets or strip ...",0,0,0,0,0,0,0,0,0,0,0,0,,,,,,,,,,,,,,,1,41,11,11,42,13,11,23,11,0,11,16
'400591,"Compounded rubber, unvulcanised, in the form of plates, sheets or strip (excl. rubber compounded ...",0,0,0,0,0,0,0,0,0,0,0,0,,,,,,,,,,,,,,,26,392,170,139,281,318,358,266,201,540,121,263
'400610,"'Camel-back' strips of unvulcanised rubber, for retreading rubber tyres",0,0,0,0,0,0,0,0,0,0,0,0,,,,,,,,,,,,,,,0,0,0,0,0,0,0,1,2,0,0,0
'400821,"Plates, sheets and strip, of non-cellular rubber",0,0,0,0,0,0,0,0,0,0,0,0,,,,,,,,,,,,,,,787,713,701,965,803,713,1002,884,1284,386,1046,1053
'401012,"Conveyor belts or belting, of vulcanised rubber, reinforced only with textile materials",0,0,0,0,0,0,0,0,0,0,0,0,,,,,,,,,,,,,,,1365,1112,1162,1293,971,1579,940,2434,1584,1921,1125,1457
'401033,"Endless transmission belts of trapezoidal cross-section ""V-belts"", of vulcanised rubber, V-ribbed, ...",0,0,0,0,0,0,0,0,0,0,0,0,,,,,,,,,,,,,,,247,170,310,190,247,258,263,308,343,260,337,215
'350300,"Gelatin, whether or not in square or rectangular sheets, whether or not surface-worked or coloured, ...",0,0,0,0,0,0,0,0,0,0,0,0,,,,,,,,,,,,,,,781,1058,2240,1059,782,1419,1006,1230,1436,442,670,658
'350520,"Glues based on starches, dextrins or other modified starches (excl. those put up for retail ...",0,0,0,0,0,0,0,0,0,0,0,0,,,,,,,,,,,,,,,107,79,174,173,383,349,15,240,147,10,239,209
'360100,Propellent powders,0,0,0,0,0,0,0,0,0,0,0,0,,,,,,,,,,,,,,,736,29,352,374,0,0,0,104,300,0,0,215
'360490,"Signalling flares, rain rockets, fog signals and other pyrotechnic articles (excl. fireworks ...",0,0,0,0,0,0,0,0,0,0,0,0,,,,,,,,,,,,,,,211,219,316,257,261,378,371,134,123,122,332,273
'370255,"Photographic film, sensitised, in rolls, unexposed, with perforations, for colour photography ...",0,0,0,0,0,0,0,0,0,0,0,0,,,,,,,,,,,,,,,0,7,0,0,0,8,0,4,9,6,6,34
'370500,"Photographic plates and film, exposed and developed (excl. products made of paper, paperboard ...",0,0,0,0,0,0,0,0,0,0,0,0,,,,,,,,,,,,,,,0,5,1,0,4,0,0,0,0,0,1,0
'380400,"Residual lyes from the manufacture of wood pulp, whether or not concentrated, desugared or ...",0,0,0,0,0,0,0,0,0,0,0,0,,,,,,,,,,,,,,,46,35,135,63,9,139,3,170,58,52,93,146
'381010,"Pickling preparations for metal surfaces; soldering, brazing or welding pastes and powders ...",0,0,0,0,0,0,0,0,0,0,0,0,,,,,,,,,,,,,,,203,177,108,176,210,117,201,170,202,141,280,234
'381220,"Compound plasticisers for rubber or plastics, n.e.s.",0,0,0,0,0,0,0,0,0,0,0,0,,,,,,,,,,,,,,,934,352,904,581,513,700,721,556,722,163,726,745
'381512,"Supported catalysts with precious metal or a precious-metal compound as the active substance, ...",0,0,0,0,0,0,0,0,0,0,0,0,,,,,,,,,,,,,,,2989,2196,4453,15866,1362,6435,2439,2593,2031,2086,2284,1269
'381600,"Refractory cements, mortars, concretes and similar compositions, incl. dolomite ramming mix ...",0,0,0,0,0,0,0,0,0,0,0,0,,,,,,,,,,,,,,,2480,3105,2432,2225,2266,2482,2082,2660,1613,1083,2415,2538
'382312,"Oleic acid, industrial",0,0,0,0,0,0,0,0,0,0,0,0,,,,,,,,,,,,,,,125,94,40,151,69,193,168,66,115,77,63,86
'382483,"Mixtures and preparations containing tris""2,3-dibromopropyl"" phosphate",0,0,0,0,0,0,0,0,0,0,0,0,,,,,,,,,,,,,,,0,0,0,0,0,0,0,0,0,0,0,0
'382484,"Mixtures and preparations containing aldrin ""ISO"", camphechlor ""ISO"" ""toxaphene"", chlordane ...",0,0,0,0,0,0,0,0,0,0,0,0,,,,,,,,,,,,,,,0,0,0,0,0,0,0,0,0,0,1,1
'382550,"Wastes of metal pickling liquors, of hydraulic fluids, brake fluids and anti-freeze fluids",0,0,0,0,0,0,0,0,0,0,0,0,,,,,,,,,,,,,,,16,1,0,25,0,1,0,0,0,1,0,0
'382762,"Mixtures containing other hydrofluorocarbons ""HFCs"" than in subheadings of 3827 till 3827.59, ...",0,0,0,0,0,0,0,0,0,0,0,0,,,,,,,,,,,,,,,0,0,0,0,0,0,0,0,0,0,0,3
'382765,"Mixtures containing other hydrofluorocarbons ""HFCs"" than in subheadings of 3827 till 3827.59, ...",0,0,0,0,0,0,0,0,0,0,0,0,,,,,,,,,,,,,,,25,0,0,0,0,0,2,0,1,0,13,0
'390110,"Polyethylene with a specific gravity of < 0,94, in primary forms",79,74,38,0,0,148,0,65,0,36,64,0,,,,,,,,,,,,,,,13589,15579,16244,7757,12283,13308,10870,9777,10684,10669,12325,9599
'390230,"Propylene copolymers, in primary forms",0,0,0,0,0,0,0,0,0,0,0,0,,,,,,,,,,,,,,,4177,6471,5939,7089,5783,4894,3628,5321,5525,4247,5299,5505
'390319,"Polystyrene, in primary forms (excl. expansible)",0,0,0,219,0,0,358,0,0,682,0,0,,,,,,,,,,,,,,,5446,5709,7414,4551,4183,3172,3160,2549,3240,4243,6594,8303
'390469,"Fluoropolymers of vinyl chloride or of other halogenated olefins, in primary forms (excl. ...",0,0,0,0,0,0,0,0,0,0,0,0,,,,,,,,,,,,,,,180,50,368,19,19,245,36,31,249,1,66,121
'390490,"Polymers of vinyl chloride or other halogenated olefins, in primary forms (excl. poly""vinyl ...",0,0,0,0,0,0,0,0,0,0,0,0,,,,,,,,,,,,,,,3,7,111,0,254,79,193,22,108,255,22,37
'390512,"Poly""vinyl acetate"", in aqueous dispersion",0,0,0,0,0,0,0,0,0,0,0,0,,,,,,,,,,,,,,,104,104,91,39,106,66,80,54,59,48,40,52
'390591,"Copolymers of vinyl, in primary forms (excl. vinyl chloride-vinyl acetate copolymers and other ...",0,0,0,0,0,0,0,0,0,0,0,0,,,,,,,,,,,,,,,317,193,410,202,334,148,546,76,134,237,342,399
'390740,"Polycarbonates, in primary forms",0,0,0,0,0,0,0,0,0,0,0,0,,,,,,,,,,,,,,,2970,2260,1636,1441,1880,2188,1155,1182,1627,1436,1628,1719
'390761,"Poly""ethylene terephthalate"", in primary forms, having a viscosity number of >= 78 ml/g",0,0,0,0,0,0,0,0,0,0,0,0,,,,,,,,,,,,,,,2903,6020,5383,3737,5694,5173,1333,2333,3296,2113,746,1464
'391000,Silicones in primary forms,0,0,0,1,0,0,0,0,0,0,3,0,,,,,,,,,,,,,,,1219,1419,1829,2104,2112,2046,2357,1484,1950,1401,2616,1852
'391110,"Petroleum resins, coumarone, indene or coumarone-indene resins and polyterpenes, in primary ...",0,0,0,0,0,0,0,0,0,0,0,0,,,,,,,,,,,,,,,359,580,561,428,556,629,546,577,448,441,515,566
'391390,"Natural polymers and modified natural polymers, e.g. hardened proteins, chemical derivatives ...",0,0,0,0,0,0,0,0,0,0,0,0,,,,,,,,,,,,,,,857,409,834,716,523,654,634,966,861,905,961,890
'391520,"Waste, parings and scrap, of polymers of styrene",0,0,0,0,0,0,0,0,0,0,0,0,,,,,,,,,,,,,,,0,0,0,0,0,0,0,2,0,0,0,0
'200190,"Vegetables, fruit, nuts and other edible parts of plants, prepared or preserved by vinegar ...",0,0,0,0,0,0,0,0,0,0,0,0,,,,,,,,,,,,,,,195,219,120,129,196,283,115,279,379,922,980,516
'200580,"Sweetcorn ""Zea Mays var. Saccharata"", prepared or preserved otherwise than by vinegar or acetic ...",0,0,0,0,0,0,0,0,0,0,0,0,,,,,,,,,,,,,,,12,53,2,40,2,22,85,11,81,0,4,44
'200870,"Peaches, incl. nectarines, prepared or preserved, whether or not containing added sugar or ...",0,0,0,0,0,0,0,0,0,0,0,0,,,,,,,,,,,,,,,0,21,0,0,0,28,240,11,23,52,4,0
'200891,"Palm hearts, prepared or preserved, whether or not containing added sugar or other sweetening ...",0,0,0,0,0,0,0,0,0,0,0,0,,,,,,,,,,,,,,,0,0,12,0,0,0,0,0,0,0,0,0
'200961,"Grape juice, incl. grape must, unfermented, Brix value <= 30 at 20¡C, whether or not containing ...",0,0,0,0,0,0,0,0,0,0,0,0,,,,,,,,,,,,,,,31,18,0,0,0,0,0,0,0,84,0,36
'210320,Tomato ketchup and other tomato sauces,0,0,0,0,0,0,0,0,0,0,0,0,,,,,,,,,,,,,,,767,797,846,770,1002,1198,823,1289,930,755,977,1190
'220430,"Grape must, of an actual alcoholic strength of > 0,5% vol (excl. grape must whose fermentation ...",0,0,0,0,0,0,0,0,0,0,0,0,,,,,,,,,,,,,,,0,0,0,0,0,0,0,0,0,0,0,0
'220720,Denatured ethyl alcohol and other spirits of any strength,0,0,0,0,0,0,0,0,0,0,0,0,,,,,,,,,,,,,,,1,0,1,0,1,1,0,0,0,0,0,1
'230210,"Bran, sharps and other residues of maize ""corn"", whether or not in the form of pellets, derived ...",0,0,0,0,0,0,0,0,0,0,0,0,,,,,,,,,,,,,,,1116,693,550,709,665,761,689,608,694,642,919,1094
'230250,"Bran, sharps and other residues of leguminous plants, whether or not in the form of pellets, ...",0,0,0,0,0,0,0,0,0,0,0,0,,,,,,,,,,,,,,,9,3,37,33,39,16,21,13,20,11,6,4
'230500,"Oilcake and other solid residues, whether or not ground or in the form of pellets, resulting ...",0,0,0,0,0,0,0,0,0,0,0,0,,,,,,,,,,,,,,,1,0,0,0,1,0,0,0,0,0,0,0
'230620,"Oilcake and other solid residues, whether or not ground or in the form of pellets, resulting ...",0,0,0,0,0,0,0,0,0,0,0,0,,,,,,,,,,,,,,,8,0,0,0,0,4,0,0,0,0,0,0
'230649,"Oilcake and other solid residues, whether or not ground or in the form of pellets, resulting ...",0,0,0,0,0,0,0,0,0,0,0,0,,,,,,,,,,,,,,,0,0,41,0,41,0,11,0,5,0,0,0
'230690,"Oilcake and other solid residues, whether or not ground or in the form of pellets, resulting ...",0,0,0,0,0,0,0,0,0,0,0,0,,,,,,,,,,,,,,,129,251,47,95,148,46,139,2,14,128,150,106
'240220,"Cigarettes, containing tobacco",0,0,0,0,0,0,0,0,0,0,0,0,,,,,,,,,,,,,,,5693,6420,5048,4008,5872,5809,10085,5252,9180,6400,7437,9229
'240391,"Tobacco, ""homogenised"" or ""reconstituted"" from finely-chopped tobacco leaves, tobacco refuse ...",0,0,0,0,0,0,0,0,0,0,0,0,,,,,,,,,,,,,,,0,0,0,0,0,0,0,0,0,0,0,0
'240411,"Products containing tobacco or reconstituted tobacco, intended for inhalation without combustion",0,0,0,0,0,0,0,0,0,0,0,0,,,,,,,,,,,,,,,7,239,274,129,0,239,721,327,269,147,372,0
'251720,"Macadam of slag, dross or similar industrial waste, whether or not incorporating pebbles, gravel, ...",0,0,0,0,0,0,0,0,0,0,0,0,,,,,,,,,,,,,,,0,0,1,0,0,0,0,0,0,0,0,0
'252520,Mica powder,0,0,0,0,0,0,0,0,0,0,0,0,,,,,,,,,,,,,,,86,2,10,66,1,12,2,85,12,8,43,86
'252922,Fluorspar containing by weight > 97% calcium fluoride,0,0,0,0,0,0,0,0,0,0,0,0,,,,,,,,,,,,,,,0,0,0,0,0,0,0,3,0,0,0,0
'270500,"Coal gas, water gas, producer gas, lean gas and similar gases (excl. petroleum gases and other ...",0,0,0,0,0,0,0,0,0,0,0,0,,,,,,,,,,,,,,,1,1,0,0,0,0,0,0,0,0,0,0
'270730,"Xylol ""xylenes"" containing > 50% of xylenes (excl. chemically defined)",0,0,0,0,0,0,0,0,0,0,0,0,,,,,,,,,,,,,,,186,183,323,141,129,94,0,0,62,0,408,353
'270900,"Petroleum oils and oils obtained from bituminous minerals, crude",0,0,0,0,0,0,0,0,0,0,0,0,,,,,,,,,,,,,,,446906,311650,377421,350192,295873,453780,505812,132173,367252,422836,203841,169577
'271091,"Waste oils containing polychlorinated biphenyls [PCBs], polychlorinated terphenyls [PCTs] or ...",0,0,0,0,0,0,0,0,0,0,0,0,,,,,,,,,,,,,,,0,0,0,0,0,0,0,0,0,0,0,0
'271220,"Paraffin wax containing < 0,75% by weight of oil",0,0,0,0,0,0,0,0,0,0,0,0,,,,,,,,,,,,,,,359,668,1223,1321,611,366,427,680,290,782,195,777
'280512,Calcium,0,0,0,0,0,0,0,0,0,0,0,0,,,,,,,,,,,,,,,0,54,46,0,0,37,1,39,0,0,0,39
'281212,Phosphorus oxychloride,0,0,0,0,0,0,0,0,0,0,0,0,,,,,,,,,,,,,,,1,0,0,0,0,0,0,0,0,0,0,0
'281290,Halides and halide oxides of non-metals (excl. chlorides and chloride oxides),0,0,0,0,0,0,0,0,0,0,0,0,,,,,,,,,,,,,,,1,1,20,1,120,1,2,4,2,0,0,173
'282120,Earth colours containing >= 70% by weight of combined iron evaluated as Fe2O3,0,0,0,0,0,0,0,0,0,0,0,0,,,,,,,,,,,,,,,0,4,0,0,0,0,0,47,0,0,0,0
'282200,Cobalt oxides and hydroxides; commercial cobalt oxides,0,0,0,0,0,0,0,0,0,0,0,0,,,,,,,,,,,,,,,0,1,0,2,5,6,2,1,0,1,2,9
'282520,Lithium oxide and hydroxide,0,0,0,0,0,0,0,0,0,0,0,0,,,,,,,,,,,,,,,323,361,5,368,11,92,109,266,3,0,432,236
'282580,Antimony oxides,0,0,0,0,0,0,0,0,0,0,0,0,,,,,,,,,,,,,,,75,0,463,1623,1186,1286,2249,567,2047,1032,629,33
'282731,Magnesium chloride,0,0,0,0,0,0,0,0,0,0,0,0,,,,,,,,,,,,,,,8,40,9,37,21,89,49,16,78,6,59,25
'283325,Sulphates of copper,0,0,0,0,0,0,0,0,0,0,0,0,,,,,,,,,,,,,,,1143,973,827,1225,913,1879,1086,1636,981,1753,935,1037
'283330,Alums,0,0,0,0,0,0,0,0,0,0,0,0,,,,,,,,,,,,,,,2,0,28,1,1,7,7,0,1,2,0,1
'283429,Nitrates (excl. of potassium and of mercury),0,0,0,0,0,0,0,0,0,0,0,0,,,,,,,,,,,,,,,935,445,1544,1299,605,1023,344,1270,185,449,523,805
'283630,"Sodium hydrogencarbonate ""sodium bicarbonate""",0,0,0,0,0,0,0,0,0,0,0,0,,,,,,,,,,,,,,,1749,1288,1774,1327,1211,1235,1068,1454,1603,2044,1337,2166
'090832,"Cardamoms, crushed or ground",0,0,0,0,0,0,0,0,0,0,0,0,,,,,,,,,,,,,,,1,7,14,33,46,19,13,3,24,7,22,13
'100210,Rye seed for sowing,0,0,0,0,0,0,0,0,0,0,0,0,,,,,,,,,,,,,,,0,0,0,0,0,0,0,0,0,0,0,0
'110311,Groats and meal of wheat,0,0,0,0,0,0,0,0,0,0,0,0,,,,,,,,,,,,,,,66,100,116,113,133,69,198,177,47,84,143,67
'110422,"Hulled, pearled, sliced, kibbled or otherwise worked oat grains (excl. rolled, flaked, pellets ...",0,0,0,0,0,0,0,0,0,0,0,0,,,,,,,,,,,,,,,106,70,66,52,98,27,29,69,77,0,34,41
'110510,"Flour, meal and powder of potatoes",0,0,0,0,0,0,0,0,0,0,0,0,,,,,,,,,,,,,,,4,0,1,1,0,3,1,0,0,0,1,0
'110520,"Flakes, granules and pellets of potatoes",0,0,0,0,0,0,0,0,0,0,0,0,,,,,,,,,,,,,,,18,196,89,0,96,191,47,95,0,125,99,2
'110620,"Flour, meal and powder of sago or of roots or tubers of manioc, arrowroot, salep, sweet potatoes ...",0,0,0,0,0,0,0,0,0,0,0,0,,,,,,,,,,,,,,,27,19,13,4,4,23,20,71,7,1,11,71
'110710,Malt (excl. roasted),0,0,0,0,0,0,0,0,0,0,0,0,,,,,,,,,,,,,,,6105,2305,11470,3133,4384,6068,5821,7231,4961,8246,2289,10385
'110812,Maize starch,0,0,0,0,0,0,0,0,0,0,0,0,,,,,,,,,,,,,,,264,290,590,669,342,903,923,652,442,979,1201,1238
'110900,"Wheat gluten, whether or not dried",0,0,0,0,0,0,0,0,0,0,0,0,,,,,,,,,,,,,,,431,184,307,281,188,406,349,317,473,737,381,586
'120190,"Soya beans, whether or not broken (excl. seed for sowing)",0,0,0,0,0,0,0,0,0,0,0,0,,,,,,,,,,,,,,,0,0,26,0,0,0,15,0,15,0,32,22
'120242,"Groundnuts, shelled, whether or not broken (excl. seed for sowing, roasted or otherwise cooked)",0,0,0,0,0,0,0,0,0,0,0,0,,,,,,,,,,,,,,,3656,2314,1348,1633,1262,3325,4460,6041,5033,2666,3583,2633
'120710,Palm nuts and kernels,0,0,0,0,0,0,0,0,0,0,0,0,,,,,,,,,,,,,,,1,0,0,0,0,0,0,0,0,0,0,0
'120921,Alfalfa seed for sowing,0,0,0,0,0,0,0,0,0,0,0,0,,,,,,,,,,,,,,,217,0,213,83,120,335,510,98,122,227,86,153
'120925,"Ryegrass ""Lolium multiflorum lam., Lolium perenne L."" seed, for sowing",0,0,0,0,0,0,0,0,0,0,0,0,,,,,,,,,,,,,,,63,0,95,289,146,170,215,2143,1346,775,153,111
'120999,"Seeds, fruits and spores, for sowing (excl. leguminous vegetables and sweetcorn, coffee, tea, ...",0,0,0,0,0,0,0,0,0,0,0,0,,,,,,,,,,,,,,,245,470,500,187,745,148,524,285,191,134,159,524
'121291,"Sugar beet, fresh, chilled, frozen or dried, whether or not ground",0,0,0,0,0,0,0,0,0,0,0,0,,,,,,,,,,,,,,,0,0,0,0,0,0,0,0,0,0,0,0
'130219,"Vegetable saps and extracts (excl. liquorice, hops, opium and ephedra)",0,0,0,0,0,0,0,0,0,0,0,0,,,,,,,,,,,,,,,925,768,793,711,986,845,896,660,1177,808,943,1324
'150290,"Fats of bovine animals, sheep or goats (excl. tallow, oleostearin and oleo-oil)",0,0,0,0,0,0,0,0,0,0,0,0,,,,,,,,,,,,,,,489,588,1272,1754,1733,2126,1430,1886,2248,1289,558,742
'150300,"Lard stearin, lard oil, oleostearin, oleo-oil and tallow oil (excl. emulsified, mixed or otherwise ...",0,0,0,0,0,0,0,0,0,0,0,0,,,,,,,,,,,,,,,0,16,53,54,18,18,19,19,20,0,0,21
'150420,"Fats and oils of fish and their fractions, whether or not refined (excl. liver oils and chemically ...",0,0,0,0,0,0,0,0,0,0,0,0,,,,,,,,,,,,,,,248,64,28,82,258,156,138,192,340,263,348,87
'150500,"Wool grease and fatty substances derived therefrom, incl. lanolin",0,0,0,0,0,0,0,0,0,0,0,0,,,,,,,,,,,,,,,203,56,165,136,5,15,18,0,59,52,14,65
'151221,Crude cotton-seed oil,0,0,0,0,0,0,0,0,0,0,0,0,,,,,,,,,,,,,,,1,0,0,0,0,0,0,0,0,0,26,52
'151311,Crude coconut oil,0,0,0,0,0,0,0,0,0,0,0,0,,,,,,,,,,,,,,,324,319,188,143,404,75,50,49,148,0,2,175
'151499,"High erucic acid rape or colza oil ""fixed oil which has an erucic acid content of >= 2%"", and ...",0,0,0,0,0,0,0,0,0,0,0,0,,,,,,,,,,,,,,,12,0,6,13,2,590,46,28,7,7,2,10
'151519,"Linseed oil and fractions thereof, whether or not refined, but not chemically modified (excl. ...",0,0,0,0,0,0,0,0,0,0,0,0,,,,,,,,,,,,,,,4,100,3,15,3,56,51,221,6,2,82,44
'151560,"Microbial fats and oils and their fractions, whether or not refined, but not chemically modified",0,0,0,0,0,0,0,0,0,0,0,0,,,,,,,,,,,,,,,0,0,0,0,0,13,0,0,0,18,0,0
'151590,"Fixed vegetable fats and oils and their fractions, whether or not refined, but not chemically ...",0,0,0,0,0,0,0,0,0,0,0,0,,,,,,,,,,,,,,,271,274,536,220,386,387,440,209,242,486,331,476
'152110,"Vegetable waxes, whether or not refined or coloured (excl. triglycerides)",0,0,0,0,0,0,0,0,0,0,0,0,,,,,,,,,,,,,,,23,415,168,78,266,87,1,382,243,207,60,282
'160239,"Prepared or preserved meat or meat offal of ducks, geese and guinea fowl of the species domesticus ...",0,0,0,0,0,0,0,0,0,0,0,0,,,,,,,,,,,,,,,0,0,5,3,1,1,5,48,3,4,27,1
'160242,"Prepared or preserved shoulders and cuts thereof, of swine",0,0,0,0,0,0,0,0,0,0,0,0,,,,,,,,,,,,,,,0,0,0,0,0,0,0,0,0,0,0,0
'160250,"Prepared or preserved meat or offal of bovine animals (excl. sausages and similar products, ...",0,0,0,0,0,0,0,0,0,0,0,0,,,,,,,,,,,,,,,3,2,2,21,41,0,15,10,2,0,0,1
'160419,"Prepared or preserved fish, whole or in pieces (excl. minced, merely smoked, and salmon, herrings, ...",0,0,0,0,0,0,0,0,0,0,0,0,,,,,,,,,,,,,,,37,0,22,38,0,1,16,0,15,0,6,0
'160420,Prepared or preserved fish (excl. whole or in pieces),0,0,0,0,39,9,0,15,10,0,0,0,,,,,,,,,,,,,,,53,86,51,60,161,47,101,139,133,0,48,151
'160521,"Shrimps and prawns, prepared or preserved, not in airtight containers (excl. smoked)",0,124,76,0,238,70,0,139,39,0,0,0,,,,,,,,,,,,,,,744,835,517,148,475,1650,676,1031,747,737,951,874
'160552,"Scallops, incl. queen scallops, prepared or preserved (excl. smoked)",0,0,0,0,0,0,0,0,0,0,0,0,,,,,,,,,,,,,,,0,0,0,0,0,0,0,0,0,0,0,0
'160557,"Abalone, prepared or preserved (excl. smoked)",0,0,0,0,0,0,0,0,0,0,0,0,,,,,,,,,,,,,,,1,0,0,0,0,0,0,0,0,0,0,0
'170219,"Lactose in solid form and lactose syrup, not containing added flavouring or colouring matter, ...",0,0,0,0,0,0,0,0,0,0,0,0,,,,,,,,,,,,,,,265,190,125,482,26,454,341,285,385,332,44,150
'170230,"Glucose in solid form and glucose syrup, not containing added flavouring or colouring matter ...",0,0,0,0,0,0,0,0,0,0,0,0,,,,,,,,,,,,,,,856,1502,1500,817,1371,1365,906,1413,977,1610,1839,1860
'190230,"Pasta, cooked or otherwise prepared (excl. stuffed)",0,10,10,0,19,0,0,0,0,2,0,0,,,,,,,,,,,,,,,3909,3461,2395,4224,2900,2495,1841,3159,2417,1514,3121,3295
'190531,Sweet biscuits,0,0,0,0,0,0,0,0,0,0,0,0,,,,,,,,,,,,,,,4344,4089,2699,4071,3392,5483,4709,4958,4538,4187,3197,2551
'030342,"Frozen yellowfin tunas ""Thunnus albacares""",0,0,0,0,1,0,61,0,0,0,0,0,,,,,,,,,,,,,,,20,21,17,6,167,98,209,0,129,165,9,53
'030357,"Frozen swordfish ""Xiphias gladius""",0,0,0,0,0,0,0,0,0,0,0,0,,,,,,,,,,,,,,,0,0,0,0,0,0,0,0,0,0,0,0
'030365,"Frozen coalfish ""Pollachius virens""",0,0,0,0,0,0,0,0,0,0,0,0,,,,,,,,,,,,,,,0,0,0,0,0,0,0,0,0,0,0,0
'030439,"Fresh or chilled fillets of carp ""Cyprinus spp., Carassius spp., Ctenopharyngodon idellus, ...",0,0,0,0,0,0,0,0,0,0,0,0,,,,,,,,,,,,,,,0,0,0,1,0,0,0,0,0,0,0,0
'030444,"Fresh or chilled fillets of fish of the families Bregmacerotidae, Euclichthyidae, Gadidae, ...",0,0,0,0,0,0,0,0,0,0,0,0,,,,,,,,,,,,,,,0,0,0,0,0,0,0,0,0,0,0,0
'030472,"Frozen fillets of haddock ""Melanogrammus aeglefinus""",0,0,0,0,0,0,0,0,0,0,0,0,,,,,,,,,,,,,,,0,0,0,0,0,0,0,0,0,0,0,0
'030479,"Frozen fillets of fish of the families Bregmacerotidae, Euclichthyidae, Gadidae, Macrouridae, ...",0,0,0,0,0,0,0,0,0,0,0,0,,,,,,,,,,,,,,,2,20,8,40,3,0,14,201,4,2,50,26
'030484,"Frozen fillets of swordfish ""Xiphias gladius""",0,0,0,0,0,0,0,0,0,0,0,0,,,,,,,,,,,,,,,0,0,0,0,0,0,0,0,0,0,0,0
'030494,"Frozen meat, whether or not minced, of Alaska pollack ""Theragra chalcogramma"" (excl. fillets)",0,0,0,0,0,0,0,0,0,0,0,0,,,,,,,,,,,,,,,0,0,159,157,202,0,0,0,0,0,0,0
'030520,"Fish livers, roes and milt, dried, smoked, salted or in brine",0,0,0,0,0,0,0,0,0,0,0,0,,,,,,,,,,,,,,,0,0,0,0,0,0,0,0,0,0,0,0
'030541,"Smoked Pacific salmon ""Oncorhynchus nerka, Oncorhynchus gorbuscha, Oncorhynchus keta, Oncorhynchus ...",0,0,0,0,0,0,0,0,0,0,0,0,,,,,,,,,,,,,,,4,5,4,5,2,5,2,6,1,1,1,1
'030616,"Frozen cold-water shrimps and prawns ""Pandalus spp., Crangon crangon"", even smoked, whether ...",0,0,0,0,0,0,0,0,0,0,0,0,,,,,,,,,,,,,,,1,254,0,2,163,235,0,5,3,0,190,3
'030636,"Shrimps and prawns, whether in shell or not, live, fresh or chilled (excl. cold-water shrimps ...",0,0,0,0,0,0,0,0,0,0,0,0,,,,,,,,,,,,,,,5,0,0,0,0,0,0,0,0,0,0,0
'030721,"Live, fresh or chilled, scallops and other molluscs of the family Pectinidae, even in shell",0,0,0,0,0,0,0,0,0,0,0,0,,,,,,,,,,,,,,,0,0,1,0,0,3,6,6,4,2,3,6
'030752,"Octopus ""Octopus spp."", frozen",0,0,0,0,0,0,0,0,0,0,0,0,,,,,,,,,,,,,,,2,4,1,0,6,1,0,1,1,7,0,0
'030759,"Octopus ""Octopus spp."", smoked, dried, salted or in brine",0,0,0,0,0,0,0,0,0,0,0,0,,,,,,,,,,,,,,,0,0,0,264,0,9,0,0,11,0,28,0
'030760,"Snails, live, fresh, chilled, frozen, salted, dried or in brine, even smoked, with or without ...",0,0,0,0,0,0,0,0,0,0,0,0,,,,,,,,,,,,,,,0,0,0,0,0,0,0,0,0,0,0,0
'030772,"Frozen, even in shell, clams, cockles and ark shells ""families Arcidae, Arcticidae, Cardiidae, ...",0,0,0,0,0,0,0,0,0,0,0,0,,,,,,,,,,,,,,,3,2,6,2,2,1,1,0,3,0,0,1
'030779,"Smoked, dried, salted or in brine, even in shell, clams, cockles and ark shells ""families Arcidae, ...",0,0,0,0,0,0,0,17,0,0,0,0,,,,,,,,,,,,,,,0,10,1,5,1,0,1,17,0,0,12,1
'030781,"Live, fresh or chilled, even in shell, abalone ""Haliotis spp.""",0,0,0,0,0,0,0,0,0,0,0,0,,,,,,,,,,,,,,,0,0,0,0,0,0,0,0,0,0,0,0
'030830,"Live, fresh, chilled, frozen, dried, salted or in brine, even smoked, jellyfish ""Rhopilema ...",0,0,0,0,0,0,0,0,0,0,0,0,,,,,,,,,,,,,,,0,0,0,0,0,1,0,0,0,0,0,0
'040390,"Buttermilk, curdled milk and cream, kephir and other fermented or acidified milk and cream, ...",0,0,0,0,0,0,0,0,0,0,0,0,,,,,,,,,,,,,,,1101,651,1145,1681,1247,1897,1239,392,821,1002,2004,975
'040520,"Dairy spreads of a fat content, by weight, of >= 39% but < 80%",0,0,0,0,0,0,0,0,0,0,0,0,,,,,,,,,,,,,,,0,0,0,1,0,0,35,0,0,0,0,91
'040729,"Fresh birds' eggs, in shell (excl. of domestic fowls, and fertilised for incubation)",0,0,0,0,0,0,0,0,0,0,0,0,,,,,,,,,,,,,,,0,0,0,0,0,0,0,0,0,0,0,0
'040900,Natural honey,0,0,0,0,0,0,0,0,0,0,0,0,,,,,,,,,,,,,,,859,885,1153,1055,845,472,549,802,1116,449,293,1094
'050510,"Feathers used for stuffing and down, not further worked than cleaned, disinfected or treated ...",0,0,0,0,0,0,0,0,0,0,0,0,,,,,,,,,,,,,,,250,43,76,48,417,90,30,417,257,440,333,131
'050610,Ossein and bones treated with acid,0,0,0,0,0,0,0,0,0,0,0,0,,,,,,,,,,,,,,,117,107,75,42,62,15,58,6,4,10,36,38
'060210,Unrooted cuttings and slips,0,0,0,0,0,0,0,0,0,0,0,0,,,,,,,,,,,,,,,187,209,135,162,172,137,176,142,364,212,224,199
'060319,"Fresh cut flowers and buds, of a kind suitable for bouquets or for ornamental purposes (excl. ...",0,0,0,0,0,0,0,0,0,0,0,0,,,,,,,,,,,,,,,156,112,78,91,110,141,145,144,140,194,185,218
'060490,"Foliage, branches and other parts of plants, without flowers or flower buds, and grasses, mosses ...",0,0,0,0,0,0,0,0,0,0,0,0,,,,,,,,,,,,,,,8,3,1,67,5,25,6,2,3,6,14,1
'070410,Fresh or chilled cauliflowers and broccoli,0,0,0,0,0,0,0,0,0,0,0,0,,,,,,,,,,,,,,,36,1,7,8,27,52,57,77,123,60,86,93
'070956,"Fresh or chilled truffles ""Tuber spp.""",0,0,0,0,0,0,0,0,0,0,0,0,,,,,,,,,,,,,,,0,0,1,1,0,0,0,0,0,0,2,0
'070992,Fresh or chilled olives,0,0,0,0,0,0,0,0,0,0,0,0,,,,,,,,,,,,,,,0,0,0,0,0,0,0,0,0,0,0,0
'070999,Fresh or chilled vegetables n.e.s.,0,0,0,0,0,0,0,0,0,0,0,0,,,,,,,,,,,,,,,130,118,157,155,147,124,145,127,125,99,162,139
'071029,"Leguminous vegetables, shelled or unshelled, uncooked or cooked by steaming or by boiling in ...",0,0,0,0,0,0,0,0,0,0,0,0,,,,,,,,,,,,,,,0,0,0,5,1,81,0,0,0,0,0,0
'071030,"Spinach, New Zealand spinach and orache spinach, uncooked or cooked by steaming or by boiling ...",0,0,0,0,0,0,0,0,0,0,0,0,,,,,,,,,,,,,,,165,161,132,148,151,78,283,65,146,54,140,102
'071120,"Olives, provisionally preserved, e.g. by sulphur dioxide gas, in brine, in sulphur water or ...",0,0,0,0,0,0,0,0,0,0,0,0,,,,,,,,,,,,,,,20,0,29,4,5,0,0,0,2,26,2,0
'071190,"Vegetables and mixtures of vegetables provisionally preserved, e.g. by sulphur dioxide gas, ...",0,0,0,0,0,0,0,0,0,0,0,0,,,,,,,,,,,,,,,0,0,0,0,1,30,42,8,0,0,0,0
'071233,"Dried jelly fungi ""Tremella spp."", whole, cut, sliced, broken or in powder, but not further ...",0,0,0,0,0,0,0,0,0,0,0,0,,,,,,,,,,,,,,,0,0,0,0,0,0,0,0,0,0,0,0
'080112,"Fresh coconuts in the inner shell ""endocarp""",0,0,0,0,0,0,0,0,0,0,0,0,,,,,,,,,,,,,,,0,0,5,50,7,6,7,7,7,6,7,4
'080211,Fresh or dried almonds in shell,0,0,0,0,0,0,0,0,0,0,0,0,,,,,,,,,,,,,,,0,0,12,0,0,1,0,0,0,0,0,0
'080221,"Fresh or dried hazelnuts or filberts ""Corylus spp."", in shell",0,0,0,0,0,0,0,0,0,0,0,0,,,,,,,,,,,,,,,0,12,0,0,0,0,0,0,0,0,0,0
'080280,"Fresh or dried areca nuts, whether or not shelled or peeled",0,0,0,0,0,0,0,0,0,0,0,0,,,,,,,,,,,,,,,23,26,45,21,15,36,31,118,26,28,0,15
'080310,Fresh or dried plantains,0,0,0,0,0,0,0,0,0,0,0,0,,,,,,,,,,,,,,,292,265,505,601,357,420,234,401,363,378,752,1066
'080590,"Fresh or dried citrus fruit (excl. oranges, lemons ""Citrus limon, Citrus limonum"", limes ""Citrus ...",0,0,0,0,0,0,0,0,0,0,0,0,,,,,,,,,,,,,,,0,2,7,2,2,0,0,1,0,0,0,3
'080930,"Fresh peaches, incl. nectarines",0,0,0,0,0,0,0,0,0,0,0,0,,,,,,,,,,,,,,,193,645,597,387,0,30,9,0,0,0,0,0
'081090,"Fresh tamarinds, cashew apples, jackfruit, lychees, sapodillo plums, passion fruit, carambola, ...",0,0,0,0,0,0,0,0,0,0,0,0,,,,,,,,,,,,,,,209,219,325,265,284,172,204,464,6,3,47,232
'081310,Dried apricots,0,0,0,0,0,0,0,0,0,0,0,0,,,,,,,,,,,,,,,96,62,0,266,4,0,155,1,104,0,99,16
'081330,Dried apples,0,0,0,0,0,0,0,0,0,0,0,0,,,,,,,,,,,,,,,11,0,0,0,0,0,0,0,0,0,13,27
'090112,Decaffeinated coffee (excl. roasted),0,302,0,0,0,0,0,0,0,0,0,0,,,,,,,,,,,,,,,102,302,457,126,444,1,0,288,0,0,455,234
'090122,"Roasted, decaffeinated coffee",0,0,0,0,0,0,0,0,0,0,0,0,,,,,,,,,,,,,,,130,138,151,90,265,180,132,94,135,116,331,77
'090190,Coffee husks and skins; coffee substitutes containing coffee in any proportion,0,0,0,0,0,0,0,0,0,0,0,0,,,,,,,,,,,,,,,1,0,0,0,24,3,2,1,0,0,0,2
'090230,"Black fermented tea and partly fermented tea, whether or not flavoured, in immediate packings ...",0,0,0,0,0,0,0,0,0,0,0,0,,,,,,,,,,,,,,,139,148,88,197,85,238,190,152,168,228,110,87
'284030,"Peroxoborates ""perborates""",0,0,0,0,0,0,0,0,0,0,0,0,,,,,,,,,,,,,,,58,0,23,19,5,42,61,23,43,33,1,39
'284130,Sodium dichromate,0,0,0,0,0,0,0,0,0,0,0,0,,,,,,,,,,,,,,,0,0,0,0,0,0,0,0,0,0,0,0
'284169,"Manganites, manganates and permanganates (excl. potassium permanganate)",0,0,0,0,0,0,0,0,0,0,0,0,,,,,,,,,,,,,,,0,0,0,0,0,0,0,0,0,0,0,0
'284310,Colloidal precious metals,0,0,0,0,0,0,0,0,0,0,0,0,,,,,,,,,,,,,,,2,13,83,0,0,0,0,0,0,1,205,211
'284329,"Silver compounds, inorganic or organic, whether or not chemically defined (excl. of mercury ...",0,0,0,0,0,0,0,0,0,0,0,0,,,,,,,,,,,,,,,7,3,7,393,3,34,9,8,49,131,112,93
'284444,Radioactive residues,0,0,0,0,0,0,0,0,0,0,0,0,,,,,,,,,,,,,,,20,15,35,6,0,0,31,0,44,15,124,9
'285000,"Hydrides, nitrides, azides, silicides and borides, whether or not chemically defined (excl. ...",0,0,0,0,0,0,0,0,0,0,0,0,,,,,,,,,,,,,,,437,116,216,120,22,153,13,201,115,104,114,234
'285290,"Compounds, inorganic or organic, of mercury, not chemically defined (excl. amalgams)",0,0,0,0,0,0,0,0,0,0,0,0,,,,,,,,,,,,,,,0,0,0,32,1,0,0,0,0,0,0,43
'285390,"Phosphides, whether or not chemically defined (excl. ferrophosphorus); inorganic compounds, ...",0,0,0,0,0,0,0,0,0,0,0,0,,,,,,,,,,,,,,,640,250,158,101,238,204,277,66,455,176,135,188
'290122,"Propene ""propylene""",0,0,0,0,0,0,0,0,0,0,0,0,,,,,,,,,,,,,,,0,40,29,0,16,12,0,10,11,0,19,19
'290311,"Chloromethane ""methyl chloride"" and chloroethane ""ethyl chloride""",0,0,0,0,0,0,0,0,0,0,0,0,,,,,,,,,,,,,,,0,13,0,0,0,0,0,0,0,0,1,0
'290341,"Trifluoromethane ""HFC-23""",0,0,0,0,0,0,0,0,0,0,0,0,,,,,,,,,,,,,,,0,0,0,0,1,0,0,0,0,0,0,0
'290372,Dichlorotrifluoroethanes,0,0,0,0,0,0,0,0,0,0,0,0,,,,,,,,,,,,,,,0,0,0,0,131,0,0,0,0,0,0,0
'290392,"Hexachlorobenzene (ISO) and DDT (ISO) (clofenotane (INN), 1,1,1-trichloro-2,2-bis(p-chloro ...",0,0,0,0,0,0,0,0,0,0,0,0,,,,,,,,,,,,,,,0,0,0,0,0,0,0,0,0,0,0,0
'290431,Perfluorooctane sulphonic acid,0,0,0,0,0,0,0,0,0,0,0,0,,,,,,,,,,,,,,,0,0,0,0,0,0,0,0,0,0,0,0
'290513,"Butan-1-ol ""n-butyl alcohol""",0,0,0,0,0,0,0,0,0,0,0,0,,,,,,,,,,,,,,,0,0,49,26,2,1,1,197,1,2,2,1
'290539,"Diols (excl. ethylene glycol ""ethanediol"" and propylene glycol ""propane-1,2-diol"")",0,0,0,0,0,0,0,0,0,0,0,0,,,,,,,,,,,,,,,418,102,297,463,32,220,41,95,129,71,412,597
'290613,Sterols and inositols,0,0,0,0,0,0,0,0,0,0,0,0,,,,,,,,,,,,,,,148,32,257,16,30,201,59,44,41,143,33,116
'290919,"Acyclic ethers and their halogenated, sulphonated, nitrated or nitrosated derivatives (excl. ...",0,0,0,0,0,0,0,0,0,0,0,0,,,,,,,,,,,,,,,4,26,2248,59,331,394,178,479,306,164,255,157
'290944,Monoalkylethers of ethylene glycol or of diethylene glycol (excl. monobutyl ethers),0,0,0,0,0,0,0,0,0,0,0,0,,,,,,,,,,,,,,,434,267,140,180,132,142,82,99,233,69,84,137
'290950,"Ether-phenols, ether-alcohol-phenols and their halogenated, sulphonated, nitrated or nitrosated ...",0,0,0,0,0,0,0,0,0,0,0,0,,,,,,,,,,,,,,,79,7,365,42,78,59,96,81,62,56,145,114
'291010,"Oxirane ""ethylene oxide""",0,0,0,0,0,0,0,0,0,0,0,0,,,,,,,,,,,,,,,75,0,125,39,86,41,0,30,21,0,63,20
'291030,"1-Chloro-2,3-epoxypropane ""epichlorohydrin""",0,0,0,0,0,0,0,0,0,0,0,0,,,,,,,,,,,,,,,234,204,81,237,124,204,172,134,275,170,119,222
'291212,"Ethanal ""acetaldehyde""",0,0,0,0,0,0,0,0,0,0,0,0,,,,,,,,,,,,,,,24,52,45,59,61,36,0,0,11,25,0,71
'291241,"Vanillin ""4-hydroxy-3-methoxybenzaldehyde""",0,0,0,0,0,0,0,0,0,0,0,0,,,,,,,,,,,,,,,153,137,99,208,161,269,108,324,290,105,182,126
'291300,"Halogenated, sulphonated, nitrated or nitrosated derivatives of cyclic polymers of aldehydes ...",0,0,0,0,0,0,0,0,0,0,0,0,,,,,,,,,,,,,,,0,1,0,49,0,113,0,1,122,0,115,0
'291422,Cyclohexanone and methylcyclohexanones,0,0,0,0,0,0,0,0,0,0,0,0,,,,,,,,,,,,,,,58,27,69,1,59,26,31,83,54,0,32,88
'291429,"Cyclanic, cyclenic or cycloterpenic ketones, without other oxygen function (excl. cyclohexanone, ...",0,0,0,0,0,0,0,0,0,0,0,0,,,,,,,,,,,,,,,284,367,380,258,132,164,261,465,437,157,219,223
'291560,"Butanoic acids, pentanoic acids, their salts and esters",0,0,0,0,0,0,0,0,0,0,0,0,,,,,,,,,,,,,,,830,472,803,1266,869,1371,476,693,1054,630,711,573
'291570,"Palmitic acid, stearic acid, their salts and esters",0,0,0,0,0,0,0,0,0,0,0,0,,,,,,,,,,,,,,,3288,3667,2730,3021,3874,2543,4012,3655,3372,3238,3357,4078
'291614,Esters of methacrylic acid,0,0,0,0,0,0,0,0,0,0,0,0,,,,,,,,,,,,,,,727,1438,639,1204,1452,1227,1763,1050,1012,977,2711,76
'291631,"Benzoic acid, its salts and esters (excl. inorganic or organic compounds of mercury)",0,0,0,0,0,0,0,0,0,0,0,0,,,,,,,,,,,,,,,300,200,265,167,284,329,367,292,344,535,359,351
'291719,"Acyclic polycarboxylic acids, their anhydrides, halides, peroxides, peroxyacids and their halogenated, ...",0,0,0,0,0,0,0,0,0,0,0,0,,,,,,,,,,,,,,,151,295,33,219,133,114,210,389,197,177,124,168
'291739,"Aromatic polycarboxylic acids, their anhydrides, halides, peroxides, peroxyacids and their ...",0,0,0,0,0,0,0,0,0,0,0,0,,,,,,,,,,,,,,,1418,1008,1253,689,1339,1245,1483,1937,1805,1339,2091,1579
'291815,Salts and esters of citric acid (excl. inorganic or organic compounds of mercury),0,0,0,0,0,0,0,0,0,0,0,0,,,,,,,,,,,,,,,676,821,1314,776,766,1074,1008,963,875,633,1335,1034
'291822,"o-Acetylsalicylic acid, its salts and esters",0,0,0,0,0,0,0,0,0,0,0,0,,,,,,,,,,,,,,,69,1,140,39,98,344,1,105,269,171,228,306
'292141,Aniline and its salts (excl. inorganic or organic compounds of mercury),0,0,0,0,0,0,0,0,0,0,0,0,,,,,,,,,,,,,,,0,0,0,0,0,0,1,0,0,0,0,0
'292146,"Amfetamine ""INN"", benzfetamine ""INN"", dexamfetamine ""INN"", etilamfetamine ""INN"", fencamfamine ...",0,0,0,0,0,0,0,0,0,0,0,0,,,,,,,,,,,,,,,3,0,1,0,0,0,0,0,0,0,0,0
'292215,Triethanolamine,0,0,0,0,0,0,0,0,0,0,0,0,,,,,,,,,,,,,,,291,159,470,256,233,257,249,302,228,123,295,180
'292231,"Amfepramone ""INN"", methadone ""INN"" and normethadone ""INN"", and salts thereof",0,0,0,0,0,0,0,0,0,0,0,0,,,,,,,,,,,,,,,0,0,0,0,0,0,0,0,0,0,0,0
'292330,Tetraethylammonium perfluorooctane sulphonate,0,0,0,0,0,0,0,0,0,0,0,0,,,,,,,,,,,,,,,0,0,0,0,0,0,0,0,0,0,0,1
'293110,Tetramethyl lead and tetraethyl lead,0,0,0,0,0,0,0,0,0,0,0,0,,,,,,,,,,,,,,,94,0,0,0,146,0,0,0,207,0,75,0
'293214,Sucralose,0,0,0,0,0,0,0,0,0,0,0,0,,,,,,,,,,,,,,,907,429,1310,814,984,1096,554,1074,417,645,691,568
'293299,Heterocyclic compounds with oxygen hetero-atom[s] only (excl. compounds containing unfused ...,0,0,0,0,0,0,0,0,0,0,0,0,,,,,,,,,,,,,,,495,741,560,1158,193,1555,714,473,414,521,718,534
'293319,"Heterocyclic compounds with nitrogen hetero-atom[s] only, containing an unfused pyrazole ring, ...",0,0,0,0,0,0,0,0,0,0,0,0,,,,,,,,,,,,,,,1,203,90,393,13,361,44,334,42,15,732,211
'293337,"N-Phenethyl-4-piperidone ""NPP""",0,0,0,0,0,0,0,0,0,0,0,0,,,,,,,,,,,,,,,0,0,0,0,85,0,0,0,0,43,0,0
'293371,"6-Hexanelactam ""epsilon-caprolactam""",0,0,0,0,0,0,0,0,0,0,0,0,,,,,,,,,,,,,,,100,128,54,56,141,140,33,0,26,186,132,172
'293392,"Azinphos-methyl ""ISO""",0,0,0,0,0,0,0,0,0,0,0,0,,,,,,,,,,,,,,,0,0,0,0,0,0,0,0,0,0,0,0
'293399,Heterocyclic compounds with nitrogen hetero-atom[s] only (excl. those containing an unfused ...,0,0,0,0,0,0,0,0,0,0,0,0,,,,,,,,,,,,,,,2395,1631,3971,1436,2261,1463,793,1109,2518,1265,1495,2537
'293625,"Vitamin B6 and its derivatives, used primarily as vitamins",0,0,0,0,0,0,0,0,0,0,0,0,,,,,,,,,,,,,,,265,216,246,129,343,242,182,327,166,222,152,346
'293690,"Provitamins and mixtures of vitamins, of provitamins or of concentrates, whether or not in ...",0,0,0,0,0,0,0,0,0,0,0,0,,,,,,,,,,,,,,,439,485,308,240,447,535,406,341,272,414,318,315
'293721,"Cortisone, hydrocortisone, prednisone ""dehydrocortisone"" and prednisolone ""dehydrohydrocortisone""",0,0,0,0,0,0,0,0,0,0,0,0,,,,,,,,,,,,,,,323,1,103,144,222,103,102,102,225,250,9,126
'293919,"Alkaloids of opium and their derivatives, and salts thereof (excl. concentrates of poppy straw; ...",0,0,0,0,0,0,0,0,0,0,0,0,,,,,,,,,,,,,,,0,67,1,3,11,124,0,18,2,3,9,134
'300213,"Immunological products, unmixed, not put up in measured doses or in forms or packings for retail ...",0,0,0,0,0,0,0,0,0,0,0,0,,,,,,,,,,,,,,,204,106,19,63,77,131,228,117,256,0,138,1
'300249,"Toxins, cultures of micro-organisms and similar products, e.g. plasmodia (excl. yeasts and ...",0,0,0,0,0,0,0,0,0,0,0,0,,,,,,,,,,,,,,,1366,2516,2088,5187,3165,1661,842,3771,2497,4601,2182,1268
'300693,"Placebos and blinded or double-blinded clinical trial kits for a recognised clinical trial, ...",0,0,0,0,0,0,0,0,0,0,0,0,,,,,,,,,,,,,,,690,1430,963,1332,673,1265,2371,905,952,2465,2956,510
'310319,"Superphosphates (excl. such products containing by weight => 35 % of diphosphorus pentaoxide, ...",0,0,0,0,0,0,0,0,0,0,0,0,,,,,,,,,,,,,,,50,70,18,296,226,643,0,145,324,1522,0,278
'310490,"Carnallite, sylvite and other crude natural potassium salts, potassium magnesium sulphate and ...",0,0,0,0,0,0,0,0,0,0,0,0,,,,,,,,,,,,,,,3,0,637,421,535,652,0,0,110,0,160,239
'320110,Quebracho extract,0,0,0,0,0,0,0,0,0,0,0,0,,,,,,,,,,,,,,,223,65,259,246,9,164,118,49,433,65,175,120
'320190,Tanning extracts of vegetable origin (excl. quebracho extract and wattle extract); tannins ...,0,0,0,0,0,0,0,0,0,0,0,0,,,,,,,,,,,,,,,6,48,47,144,25,174,115,134,304,70,55,69
'320210,Synthetic organic tanning substances,0,0,0,0,0,0,0,0,0,0,0,0,,,,,,,,,,,,,,,158,373,693,404,294,321,407,60,335,198,346,472
'320419,Synthetic organic colouring matter and preparations of the kind used for colouring any materials ...,0,0,0,0,0,0,0,0,0,0,0,0,,,,,,,,,,,,,,,516,1028,1222,1147,1135,1721,1119,808,1341,1234,1224,1575
'320420,"Synthetic organic products of a kind used as fluorescent brightening agents, whether or not ...",0,0,0,0,0,0,0,0,0,0,0,0,,,,,,,,,,,,,,,1303,590,1367,795,1957,464,1330,2361,792,1352,909,816
'320720,"Vitrifiable enamels and glazes, engobes ""slips"" and similar preparations of the kind used in ...",44,0,0,0,0,0,0,0,0,0,0,0,,,,,,,,,,,,,,,1635,460,745,542,567,749,817,930,705,299,467,1280
'320730,"Liquid lustres and similar preparations of the kind used in the ceramic, enamelling or glass ...",0,0,0,0,0,0,0,0,0,0,0,0,,,,,,,,,,,,,,,13,81,71,4,7,10,43,4,1,39,8,10
'330112,"Oils of sweet and bitter orange, whether or not terpeneless, incl. concretes and absolutes ...",0,0,0,0,0,0,0,0,0,0,0,0,,,,,,,,,,,,,,,384,140,462,361,186,237,358,215,234,202,665,106
'330119,"Essential oils of citrus fruit, whether or not terpeneless, incl. concretes and absolutes (excl. ...",0,0,0,0,0,0,0,0,0,0,0,0,,,,,,,,,,,,,,,123,219,159,149,212,241,258,223,192,98,188,99
'330210,"Mixtures of odoriferous substances and mixtures, incl. alcoholic solutions, with a basis of ...",0,0,0,0,0,0,0,0,0,0,0,0,,,,,,,,,,,,,,,28271,36897,40975,33767,54361,52437,38292,46443,35567,32819,50030,34273
'340119,"Soap and organic surface-active products and preparations, in the form of bars, cakes, moulded ...",0,0,0,0,0,0,0,0,0,0,0,0,,,,,,,,,,,,,,,664,744,1166,1489,690,1020,735,841,1361,951,1084,844
'340241,"Cationic organic surface-active agents, whether or not put up for retail sale",0,0,0,0,0,0,0,0,0,0,0,0,,,,,,,,,,,,,,,269,653,238,290,444,556,232,457,256,624,563,218
'340311,Textile lubricant preparations and preparations of a kind used for the oil or grease treatment ...,0,0,0,0,0,0,0,0,0,0,0,0,,,,,,,,,,,,,,,23,454,238,94,60,372,81,29,146,532,134,509
'340530,"Polishes and similar preparations for coachwork, whether or not in the form of paper, wadding, ...",0,0,0,0,0,0,0,0,0,0,0,0,,,,,,,,,,,,,,,192,194,400,372,63,196,208,228,190,188,252,407
'845110,Dry-cleaning machines for made-up textile articles,0,0,0,0,0,0,0,0,0,0,0,0,,,,,,,,,,,,,,,0,0,0,108,0,0,0,155,117,0,3,39
'845130,"Ironing machines and presses, incl. fusing presses (excl. calenders)",0,0,0,0,7,0,0,0,0,0,0,0,,,,,,,,,,,,,,,256,195,242,121,412,268,266,226,439,552,48,553
'845180,"Machinery for dressing, finishing, coating or impregnating textile yarns, fabrics or other ...",0,0,0,0,0,0,0,0,0,0,0,0,,,,,,,,,,,,,,,180,1726,103,306,315,163,109,111,165,1188,87,71
'845221,"Automatic sewing machines, industrial type",0,0,0,0,0,0,0,0,11,0,0,0,,,,,,,,,,,,,,,254,81,262,284,232,871,158,280,363,102,52,145
'845380,"Machinery for making or repairing articles of hides, skins or leather (excl. footwear and sewing ...",0,0,0,0,0,0,0,0,0,0,0,0,,,,,,,,,,,,,,,1,83,0,67,138,12,3,0,0,1,79,352
'845730,Multi-station transfer machines for working metal,0,0,0,0,0,0,0,0,0,0,0,0,,,,,,,,,,,,,,,0,57,0,0,0,0,0,611,0,0,3,19
'845921,"Drilling machines for working metal, numerically controlled (excl. way-type unit head machines)",0,0,0,0,0,0,0,0,0,0,0,0,,,,,,,,,,,,,,,0,674,0,29,0,14,45,106,45,2,0,0
'846024,"Grinding machines for finishing metal, numerically controlled (excl. flat-surface, cylindrical ...",0,0,0,0,0,0,0,0,0,0,0,0,,,,,,,,,,,,,,,13,0,0,9,16,0,0,0,36,162,63,81
'846150,"Sawing or cutting-off machines, for working metals, metal carbides or cermets (excl. machines ...",0,0,0,0,0,0,0,0,0,0,0,0,,,,,,,,,,,,,,,254,202,1389,409,260,313,199,287,170,166,407,162
'846226,"Numerically controlled bending, folding, straightening or flattening machines for flat products ...",0,0,0,0,0,0,0,0,0,0,0,0,,,,,,,,,,,,,,,201,25,0,0,231,253,26,16,31,237,206,115
'846242,"Punching, notching or nibbling machines for flat products incl. combined punching and shearing ...",0,0,0,0,0,0,0,0,0,0,0,0,,,,,,,,,,,,,,,774,299,239,16,1345,2,0,1,43,395,398,0
'846262,Mechanical cold metal working presses,0,0,0,0,0,0,0,0,0,0,0,0,,,,,,,,,,,,,,,8,10,34,58,90,1,1688,59,1531,7,32,142
'846599,"Machine tools for working wood, cork, bone, hard rubber, hard plastics or similar hard materials ...",0,0,0,0,0,0,0,0,0,0,0,0,,,,,,,,,,,,,,,835,605,1003,605,432,655,362,358,495,794,965,549
'846792,"Parts of pneumatic tools for working in the hand, n.e.s.",0,0,0,0,0,0,0,0,0,0,0,0,,,,,,,,,,,,,,,136,196,241,178,147,199,118,152,134,103,169,98
'830400,"Filing cabinets, card-index cabinets, paper trays, paper rests, pen trays, office-stamp stands ...",0,0,0,0,0,0,0,0,0,0,0,0,,,,,,,,,,,,,,,88,114,58,49,60,70,23,20,12,61,41,77
'830910,Crown corks of base metal,0,0,0,0,0,0,0,0,0,0,0,0,,,,,,,,,,,,,,,1520,1278,766,702,948,899,470,649,76,66,115,636
'840219,"Vapour generating boilers, incl. hybrid boilers (excl. central heating hot water boilers capable ...",0,0,0,0,0,0,0,0,0,0,0,0,,,,,,,,,,,,,,,1707,941,561,4736,3109,2651,3529,2411,4202,926,1474,28
'840510,"Producer gas or water gas generators, with or without their purifiers; acetylene gas generators ...",0,0,0,0,0,0,0,0,0,0,0,0,,,,,,,,,,,,,,,31,88,18,50,141,42,220,113,271,43,72,125
'840710,"Spark-ignition reciprocating or rotary internal combustion piston engine, for aircraft",0,0,0,0,0,0,0,0,0,0,0,0,,,,,,,,,,,,,,,7474,4333,917,449,6931,3530,977,8330,4241,1693,18468,15974
'840810,"Compression-ignition internal combustion piston engine ""diesel or semi-diesel engine"", for ...",0,0,0,0,0,0,0,0,0,0,0,0,,,,,,,,,,,,,,,316,239,1157,777,843,789,696,315,898,99,338,1657
'841112,Turbojets of a thrust > 25 kN,0,0,0,0,0,0,0,0,0,0,0,0,,,,,,,,,,,,,,,17632,4444,4288,14631,57572,12219,5456,1991,13806,117,9090,10643
'841340,Concrete pumps,0,0,0,0,0,0,0,0,0,0,0,0,,,,,,,,,,,,,,,499,451,669,73,492,247,304,42,541,112,419,673
'841360,"Rotary positive displacement pumps for liquids, power-driven (excl. those of subheading 8413.11 ...",0,0,0,0,0,0,0,0,0,0,0,0,,,,,,,,,,,,,,,4314,4196,4227,4367,5432,5660,4615,5248,3915,4106,4470,4519
'841392,"Parts of liquid elevators, n.e.s.",0,0,1,0,0,0,0,0,0,0,0,0,,,,,,,,,,,,,,,6,5,41,59,15,28,16,7,51,97,32,75
'841520,"Air conditioning machines of a kind used for persons, in motor vehicles",0,0,0,0,0,0,0,0,0,0,0,0,,,,,,,,,,,,,,,366,353,397,182,444,269,226,257,344,380,344,261
'842111,Centrifugal cream separators,0,0,0,0,0,0,0,0,0,0,0,0,,,,,,,,,,,,,,,11,3,2,2,115,0,2,125,0,0,3,2
'842320,Scales for continuous weighing of goods on conveyors,0,0,0,0,0,0,0,0,0,0,0,0,,,,,,,,,,,,,,,9,16,26,44,26,79,52,43,246,57,776,89
'842382,Weighing machinery of a maximum weighing capacity > 30 kg but <= 5.000 kg (excl. personal weighing ...,0,0,0,0,0,0,0,0,0,0,0,0,,,,,,,,,,,,,,,221,101,167,287,134,91,259,226,597,161,191,217
'842410,"Fire extinguishers, whether or not charged",0,0,0,0,0,0,0,0,0,0,0,0,,,,,,,,,,,,,,,1063,1775,1874,1523,1860,2193,1241,1371,2168,1113,1650,1401
'842420,"Spray guns and similar appliances (other than electrical machines, appliances and other devices ...",0,0,0,0,0,3,0,0,0,0,0,0,,,,,,,,,,,,,,,920,1062,1502,940,618,1134,1214,1012,771,1153,809,1185
'842449,Agricultural or horticultural sprayers (excl. portable),0,0,0,0,0,0,0,0,0,0,0,0,,,,,,,,,,,,,,,1077,1163,764,3923,2685,3598,2342,1154,1027,501,3300,6196
'842630,Portal or pedestal jib cranes,0,0,0,0,0,0,0,0,0,0,0,0,,,,,,,,,,,,,,,23,3,9,4,0,0,13,22,37,16,4,0
'842641,"Mobile cranes and works trucks fitted with a crane, self-propelled, on tyres (excl. wheel-mounted ...",0,0,0,0,0,0,0,0,0,0,0,0,,,,,,,,,,,,,,,3686,715,176,2585,2866,2104,771,130,3425,112,1434,1644
'842890,"Machinery for lifting, handling, loading or unloading, n.e.s.",0,0,0,0,0,0,0,0,0,0,0,0,,,,,,,,,,,,,,,5379,3443,6210,6388,8835,4769,4830,4610,4581,3512,4924,4684
'842930,Self-propelled scrapers,0,0,0,0,0,0,0,0,0,0,0,0,,,,,,,,,,,,,,,3,0,0,1,0,263,0,0,0,269,412,0
'843131,"Parts of lifts, skip hoists or escalators, n.e.s.",1,1,0,0,0,7,0,0,0,0,0,0,,,,,,,,,,,,,,,1016,717,912,803,1124,1414,882,730,869,596,803,1087
'843142,"Bulldozer or angledozer blades, n.e.s.",0,0,0,0,0,0,0,0,0,0,0,0,,,,,,,,,,,,,,,150,194,255,265,221,277,132,345,368,186,196,274
'843239,"Seeders, planters and transplanters (excl. no-till machines)",0,0,0,0,0,0,0,0,0,0,0,0,,,,,,,,,,,,,,,22,397,2480,1421,371,555,878,103,745,619,744,177
'843280,"Agricultural, horticultural or forestry machinery for soil preparation or cultivation; lawn ...",0,0,0,0,0,0,0,0,0,0,0,0,,,,,,,,,,,,,,,311,476,340,544,291,501,234,1254,473,258,1121,475
'843319,"Mowers for lawns, parks or sports grounds, powered, with the cutting device rotating in a vertical ...",0,0,0,0,0,0,0,0,0,0,0,0,,,,,,,,,,,,,,,129,706,45,451,11,583,218,171,403,136,174,204
'844190,"Parts of machinery for making up paper pulp, paper or paperboard, n.e.s.",0,0,0,0,0,0,0,0,0,0,0,0,,,,,,,,,,,,,,,2456,1459,1599,1046,1136,1068,1380,1360,1281,1302,1016,1683
'844313,"Offset printing machinery (excl. sheet fed offset printing machinery, sheet size <= 22 x 36 ...",0,0,0,0,0,0,0,0,0,0,0,0,,,,,,,,,,,,,,,37,148,3037,1495,1095,1471,1495,248,222,2395,1174,5057
'844317,Gravure printing machinery,0,0,0,0,0,0,0,0,0,0,0,0,,,,,,,,,,,,,,,9,0,73,214,69,1086,0,0,6552,0,44,0
'820551,"Household hand tools, non-mechanical, with working parts of base metal, n.e.s.",0,0,0,0,0,0,0,0,0,0,0,0,,,,,,,,,,,,,,,471,534,612,435,517,674,419,446,469,478,470,503
'820570,"Vices, clamps and the like (excl. accessories for and parts of machine tools or water-jet cutting ...",0,0,0,0,0,0,0,0,0,0,0,0,,,,,,,,,,,,,,,350,426,261,236,293,230,361,240,344,371,237,247
'820740,"Tools for tapping or threading, interchangeable",0,0,0,0,0,0,0,0,0,0,0,0,,,,,,,,,,,,,,,377,217,376,291,243,223,335,206,310,308,368,295
'640610,Uppers and parts thereof (excl. stiffeners and general parts made of asbestos),0,29,0,5,23,0,0,0,0,0,0,0,,,,,,,,,,,,,,,798,837,706,831,847,631,717,446,654,779,456,1007
'670490,"Wigs, false beards, eyebrows and eyelashes, switches and the like, of animal hair or textile ...",2,5,9,2,4,2,0,4,0,1,1,0,,,,,,,,,,,,,,,1878,2523,4300,4316,3893,4602,4723,3939,2367,2592,2867,2894
'680292,"Calcareous stone, in any form (excl. marble, travertine and alabaster, tiles, cubes and similar ...",0,0,0,0,0,0,0,0,0,0,0,0,,,,,,,,,,,,,,,1,2,10,0,8,0,4,8,0,0,2,37
'681140,"Articles of asbestos-cement, cellulose fibre-cement or the like, containing asbestos",0,0,0,0,0,0,0,0,0,0,0,0,,,,,,,,,,,,,,,0,0,0,0,1,0,0,0,0,0,0,1
'821194,"Blades of base metal for table knives, pocket knives and other knives of heading 8211",0,0,0,0,0,0,0,4,0,0,0,0,,,,,,,,,,,,,,,127,81,38,80,222,109,112,74,60,61,78,72
'821490,"Hair clippers, butchers' or kitchen cleavers and other articles of cutlery of base metal, n.e.s.",0,0,0,0,0,0,0,0,0,0,0,0,,,,,,,,,,,,,,,52,39,56,63,28,85,38,35,51,16,52,89
'844512,Combing machines for preparing textile fibres,0,0,0,0,0,0,0,0,0,0,0,0,,,,,,,,,,,,,,,0,0,0,0,0,0,0,0,0,0,0,0
'844630,"Weaving machines for weaving fabrics of a width > 30 cm, shuttleless type",0,0,0,0,0,0,0,0,0,0,0,0,,,,,,,,,,,,,,,1719,0,156,604,0,3,0,311,589,7,63,0
'844819,"Auxiliary machinery for machines of heading 8444, 8445, 8446 or 8447 (excl. doobies and jacquards, ...",0,0,0,0,0,0,0,0,0,0,0,0,,,,,,,,,,,,,,,3,13,129,0,10,26,62,33,28,30,16,109
'732112,"Appliances for baking, frying, grilling and cooking and plate warmers, for domestic use, of ...",0,0,0,0,0,0,0,0,0,0,0,0,,,,,,,,,,,,,,,6,13,4,30,50,11,27,3,21,26,26,41
'732190,"Parts of domestic appliances non-electrically heated of heading 7321, n.e.s.",1,0,0,0,0,0,0,2,13,0,0,0,,,,,,,,,,,,,,,969,758,894,758,568,981,542,790,503,1022,1227,995
'732490,"Sanitary ware, incl. parts thereof (excl. cans, boxes and similar containers of heading 7310, ...",0,0,0,0,0,0,0,0,0,0,0,0,,,,,,,,,,,,,,,706,496,652,665,657,910,499,712,1042,657,592,291
'740610,"Copper powders, of non-lamellar structure (excl. grains of copper)",0,0,0,0,0,0,0,0,0,0,0,0,,,,,,,,,,,,,,,21,7,35,38,11,38,26,19,0,15,27,28
'740620,"Copper powders, of lamellar structure, and flakes of copper (excl. grains of copper and spangles ...",0,0,0,0,0,0,0,0,0,0,0,0,,,,,,,,,,,,,,,15,3,3,26,38,26,19,60,0,3,70,63
'740721,"Bars, rods and profiles, of copper-zinc base alloys ""brass"", n.e.s.",0,0,0,0,0,0,0,0,0,0,0,0,,,,,,,,,,,,,,,606,395,1057,274,945,240,690,805,755,469,415,1105
'741220,"Copper alloy tube or pipe fittings ""e.g., couplings, elbows, sleeves""",0,0,0,0,0,0,0,0,0,0,0,0,,,,,,,,,,,,,,,2298,2289,2573,2082,2438,2335,2128,2731,3500,3895,3003,2269
'741300,"Stranded wire, cables, plaited bands and the like, of copper (excl. electrically insulated ...",0,0,0,0,0,0,0,0,0,0,0,0,,,,,,,,,,,,,,,873,1056,719,598,682,494,311,974,1244,641,119,1348
'741810,"Table, kitchen or other household articles and parts thereof, and pot scourers and scouring ...",0,0,0,0,0,0,0,0,0,0,0,0,,,,,,,,,,,,,,,105,35,75,30,57,101,153,103,42,10,93,42
'741820,"Sanitary ware and parts thereof, of copper (excl. cans, boxes and similar containers of heading ...",0,0,0,0,0,0,0,0,0,0,0,0,,,,,,,,,,,,,,,201,79,250,238,155,562,194,141,290,133,306,359
'750720,"Tube or pipe fittings, of nickel",0,0,0,0,0,0,0,0,0,0,0,0,,,,,,,,,,,,,,,18,99,1,1,110,35,9,15,1,15,276,2
'750890,"Articles of nickel, n.e.s.",0,0,0,0,0,0,0,0,0,0,0,0,,,,,,,,,,,,,,,319,261,194,192,61,244,70,258,85,172,41,133
'760511,"Wire of non-alloy aluminium, with a maximum cross-sectional dimension of > 7 mm (excl. stranded ...",0,0,0,0,0,0,0,0,0,0,0,0,,,,,,,,,,,,,,,6805,4357,6268,8364,7627,11101,7572,6029,8539,4897,5019,8374
'760529,"Wire, of aluminium alloys, having a maximum cross-sectional dimension of <= 7 mm (other than ...",0,0,0,0,0,0,0,0,0,0,0,0,,,,,,,,,,,,,,,396,382,423,281,526,528,332,239,201,384,248,443
'760810,Tubes and pipes of non-alloy aluminium (excl. hollow profiles),0,0,0,0,0,0,0,0,0,0,0,0,,,,,,,,,,,,,,,495,346,98,285,478,417,221,55,408,581,597,189
'761210,"Collapsible tubular containers, of aluminium",0,0,0,0,0,0,0,0,0,0,0,0,,,,,,,,,,,,,,,411,674,493,297,277,291,230,586,592,232,343,138
'761290,"Casks, drums, cans, boxes and similar containers, incl. rigid tubular containers, of aluminium, ...",0,0,0,0,0,0,0,0,0,0,0,0,,,,,,,,,,,,,,,2316,760,607,1152,384,1370,543,327,1193,505,796,728
'780199,Unwrought lead (excl. refined lead and lead containing by weight antimony as the principal ...,0,0,0,0,0,0,0,0,0,0,0,0,,,,,,,,,,,,,,,0,742,0,49,0,0,0,0,0,0,0,472
'790700,"Articles of zinc, n.e.s.",0,0,0,0,0,0,0,2,0,0,0,0,,,,,,,,,,,,,,,101,183,215,236,403,224,154,222,83,137,156,113
'810197,Tungsten waste and scrap (excl. ash and residues containing tungsten),0,0,0,0,0,0,0,0,0,0,0,0,,,,,,,,,,,,,,,0,0,0,0,34,0,0,0,0,0,453,9
'810330,Tantalum waste and scrap (excl. ash and residues containing tantalum),0,0,0,0,0,0,0,0,0,0,0,0,,,,,,,,,,,,,,,0,0,0,0,0,0,0,0,0,0,0,0
'810391,Tantalum crucibles,0,0,0,0,0,0,0,0,0,0,0,0,,,,,,,,,,,,,,,0,0,0,0,0,0,0,13,0,0,0,0
'810420,"Magnesium waste and scrap (excl. ash and residues containing magnesium, and raspings, turnings ...",0,0,0,0,0,0,0,0,0,0,0,0,,,,,,,,,,,,,,,0,0,0,0,0,0,0,0,0,0,0,0
'810610,"Bismuth and articles thereof incl. waste and scrap, containing > 99,99 % of bismuth by weight, ...",0,0,0,0,0,0,0,0,0,0,0,0,,,,,,,,,,,,,,,0,0,0,0,4,0,0,0,0,0,0,0
'810830,Titanium waste and scrap (excl. ash and residues containing titanium),0,0,0,0,0,0,0,0,0,0,0,0,,,,,,,,,,,,,,,0,148,0,0,86,0,0,0,186,169,310,241
'810939,"Zirconium waste and scrap, containing => 1 part hafnium to 500 parts zirconium by weight (excl. ...",0,0,0,0,0,0,0,0,0,0,0,0,,,,,,,,,,,,,,,0,0,0,0,0,0,0,0,0,0,0,18
'811010,Unwrought antimony; antimony powders,0,0,0,0,0,0,0,0,0,0,0,0,,,,,,,,,,,,,,,0,1151,199,301,0,0,769,0,0,300,0,363
'811239,"Articles of hafnium, n.e.s.",0,0,0,0,0,0,0,0,0,0,0,0,,,,,,,,,,,,,,,0,0,0,0,0,0,1,0,0,0,0,0
'811269,"Cadmium and articles of cadmium, n.e.s.",0,0,0,0,0,0,0,0,0,0,0,0,,,,,,,,,,,,,,,0,0,10,0,0,0,0,0,0,0,0,0
'820190,"Scythes, sickles, hay knives, timber wedges and other hand tools of a kind used in agriculture, ...",0,0,0,1,0,1,0,0,0,0,0,0,,,,,,,,,,,,,,,174,62,90,203,142,130,41,122,52,111,121,113
'711810,"Coin (excl. legal tender, gold coins, medals, jewellery made from coins, collectors' items ...",0,0,0,0,0,0,0,0,0,0,0,0,,,,,,,,,,,,,,,1699,2582,3,3010,58,3700,7807,6646,8151,1,92,5
'720299,"Ferro-alloys (excl. ferro-manganese, ferro-silicon, ferro-silico-manganese, ferro-chromium, ...",0,0,0,0,0,0,0,0,0,0,0,0,,,,,,,,,,,,,,,514,652,664,734,547,616,240,270,132,245,421,152
'720510,"Granules, of pig iron, spiegeleisen, iron or steel (excl. granules of ferro-alloys, turnings ...",0,0,0,0,0,0,0,0,0,0,0,0,,,,,,,,,,,,,,,514,439,577,406,484,233,505,299,171,190,121,250
'720610,"Ingots, of iron and non-alloy steel (excl. remelted scrap ingots, continuous cast products, ...",0,0,0,0,0,0,0,0,0,0,0,0,,,,,,,,,,,,,,,45,8,8,3,96,0,50,2,1,0,0,0
'720720,"Semi-finished products of iron or non-alloy steel containing, by weight, >= 0,25% of carbon",0,0,0,0,0,0,0,0,0,0,0,0,,,,,,,,,,,,,,,53,0,0,39,29,42,243,22,0,0,29,1903
'720825,"Flat-rolled products of iron or non-alloy steel, of a width of >= 600 mm, in coils, simply ...",0,0,0,0,0,0,0,0,0,0,0,0,,,,,,,,,,,,,,,120,226,118,113,189,172,168,88,183,252,158,249
'720836,"Flat-rolled products of iron or non-alloy steel, of a width of >= 600 mm, in coils, simply ...",0,0,123,0,0,0,0,0,0,0,0,0,,,,,,,,,,,,,,,0,0,123,242,325,81,0,0,162,0,0,237
'720927,"Flat-rolled products of iron or non-alloy steel, of a width of >= 600 mm, not in coils, simply ...",0,0,0,0,0,0,0,0,0,0,0,0,,,,,,,,,,,,,,,88,0,0,1,2,0,0,0,33,0,0,0
'721119,"Flat-rolled products of iron or non-alloy steel, of a width < 600 mm, simply hot-rolled, not ...",0,0,0,0,0,0,0,0,0,0,0,0,,,,,,,,,,,,,,,1349,1384,1567,3985,2323,3910,1565,895,1813,1629,1764,2543
'721129,"Flat-rolled products of iron or non-alloy steel, of a width of < 600 mm, simply cold-rolled ...",0,0,0,0,0,0,0,0,0,0,0,0,,,,,,,,,,,,,,,176,126,218,130,427,349,79,322,183,308,204,91
'721410,"Bars and rods, of iron or non-alloy steel, not further worked than forged (excl. in irregularly ...",0,0,0,0,0,0,0,0,0,0,0,0,,,,,,,,,,,,,,,47,0,109,133,386,77,4,172,774,165,97,117
'721430,"Bars and rods, of non-alloy free-cutting steel, not further worked than hot-rolled, hot-drawn ...",0,0,0,0,0,0,0,0,0,0,0,0,,,,,,,,,,,,,,,0,0,0,2,0,22,2,0,0,11,49,0
'721621,"L sections of iron or non-alloy steel, not further worked than hot-rolled, hot-drawn or extruded, ...",0,0,0,0,0,0,0,0,0,0,0,0,,,,,,,,,,,,,,,32,2,4,16,8,4,5,5,23,2,6,1
'721661,"Angles, shapes and sections, of iron or non-alloy steel, from flat-rolled products simply cold-formed ...",0,0,0,0,0,0,0,0,0,0,0,0,,,,,,,,,,,,,,,56,140,279,27,54,53,46,42,37,34,54,7
'721913,"Flat-rolled products of stainless steel, of a width of >= 600 mm, not further worked than hot-rolled, ...",0,0,0,0,0,0,0,0,0,0,0,0,,,,,,,,,,,,,,,280,25,0,83,64,81,1,8,1,22,55,0
'721931,"Flat-rolled products of stainless steel, of a width of >= 600 mm, not further worked than cold-rolled ...",0,0,0,0,0,0,0,0,0,0,0,0,,,,,,,,,,,,,,,160,108,125,21,131,64,11,8,128,5,80,39
'722592,"Flat-rolled products of alloy steel other than stainless, of a width of >= 600 mm, hot-rolled ...",0,0,0,0,0,0,0,0,0,0,0,0,,,,,,,,,,,,,,,18425,21403,10890,13232,16900,8334,8736,2466,13903,5223,9970,11275
'722699,"Flat-rolled products of alloy steel other than stainless, of a width of < 600 mm, hot-rolled ...",0,0,0,0,0,0,0,0,0,0,0,0,,,,,,,,,,,,,,,517,358,390,464,294,341,188,589,341,400,338,892
'730120,"Angles, shapes and sections, of iron or steel, welded",0,0,0,0,0,0,0,0,0,0,0,0,,,,,,,,,,,,,,,5,8,67,3,254,74,61,3,7,2,9,8
'730721,Flanges of stainless steel (excl. cast products),0,0,0,0,0,0,0,0,0,0,0,0,,,,,,,,,,,,,,,677,371,334,406,393,522,579,621,425,389,216,185
'730792,"Threaded elbows, bends and sleeves, of stainless steel (excl. cast or stainless products)",0,0,0,0,0,0,0,0,0,0,0,0,,,,,,,,,,,,,,,397,443,398,394,794,463,423,620,456,361,703,573
'731210,"Stranded wire, ropes and cables, of iron or steel (excl. electrically insulated products and ...",0,0,10,1,0,0,1,22,0,3,1,0,,,,,,,,,,,,,,,5884,4019,6387,4710,4499,6438,3866,5054,6639,4240,6116,4304
'731412,"Endless bands of stainless steel wire, for machinery",0,0,0,0,0,0,0,0,0,0,0,0,,,,,,,,,,,,,,,408,117,75,72,42,65,100,30,146,43,66,40
'731811,Coach screws of iron or steel,0,0,0,0,0,0,0,0,1,0,0,0,,,,,,,,,,,,,,,77,87,91,94,73,103,19,84,89,89,79,41
'481830,"Tablecloths and serviettes of paper pulp, paper, cellulose wadding or webs of cellulose fibres",0,0,0,0,0,0,0,0,0,0,0,0,,,,,,,,,,,,,,,220,153,305,389,110,158,125,75,103,166,69,84
'610899,"Women's or girls' nŽgligŽs, bathrobes, dressing gowns, housejackets and similar articles of ...",0,0,0,0,0,0,0,0,0,0,0,0,,,,,,,,,,,,,,,16,31,83,9,12,13,8,34,9,25,1,19
'610439,"Women's or girls' jackets and blazers of textile materials, knitted or crocheted (excl. of ...",0,0,1,0,0,0,0,0,0,0,0,0,,,,,,,,,,,,,,,154,26,20,81,42,28,13,111,152,160,280,141
'610452,"Women's or girls' skirts and divided skirts of cotton, knitted or crocheted (excl. petticoats)",3,0,0,0,3,0,0,1,0,0,0,0,,,,,,,,,,,,,,,142,333,157,107,229,336,200,153,69,98,43,19
'610719,"Men's or boys' underpants and briefs of other textile materials, knitted or crocheted (excl. ...",0,0,0,0,0,0,0,0,0,0,0,0,,,,,,,,,,,,,,,66,95,76,74,65,59,56,36,41,41,83,121
'610791,"Men's or boys' bathrobes, dressing gowns and similar articles of cotton, knitted or crocheted",0,0,0,0,0,0,0,0,0,0,0,0,,,,,,,,,,,,,,,12,29,21,16,13,33,15,9,1,28,0,1
'610831,"Women's or girls' nightdresses and pyjamas of cotton, knitted or crocheted (excl. T-shirts, ...",0,0,0,0,0,0,0,0,3,0,0,0,,,,,,,,,,,,,,,620,462,362,701,768,436,412,397,278,83,258,66
'611012,"Jerseys, pullovers, cardigans, waistcoats and similar articles, of hair of Kashmir ""cashmere"" ...",0,0,0,0,0,0,0,0,0,0,0,0,,,,,,,,,,,,,,,72,233,306,195,165,150,173,16,33,34,79,129
'611220,"Ski-suits, knitted or crocheted",0,0,0,0,0,0,0,0,0,0,0,0,,,,,,,,,,,,,,,1,0,0,1,0,1,3,1,1,2,1,1
'620319,"Men's or boys' suits of textile materials (excl. of wool, fine animal hair or synthetic fibres, ...",0,0,0,0,0,0,0,0,0,0,0,0,,,,,,,,,,,,,,,229,230,205,305,426,407,715,486,98,281,243,136
'580132,"Cut corduroy, of man-made fibres (excl. terry towelling and similar woven terry fabrics, tufted ...",0,0,0,0,0,0,0,0,0,0,0,0,,,,,,,,,,,,,,,20,72,8,32,46,19,75,73,33,9,24,10
'580640,"Narrow fabrics consisting of warp without weft assembled by means of an adhesive ""bolducs"", ...",0,0,0,0,0,0,0,0,0,0,0,0,,,,,,,,,,,,,,,21,10,2,10,5,7,8,1,4,2,2,12
'581099,"Embroidery of materials other than cotton or man-made fibres, on a textile fabric base, in ...",0,0,0,0,0,0,0,0,0,0,0,0,,,,,,,,,,,,,,,46,34,48,57,27,44,40,12,34,25,25,55
'560890,"Knotted netting of twine, cordage, ropes or cables, by the piece or metre; made-up fishing ...",0,0,0,0,0,0,0,0,0,0,0,0,,,,,,,,,,,,,,,80,136,300,787,58,295,244,12,34,16,52,34
'570250,"Carpets and other textile floor coverings, woven, not tufted or flocked, not of pile construction, ...",0,0,0,0,0,0,0,0,0,0,0,0,,,,,,,,,,,,,,,26,2,10,21,43,56,5,89,45,38,76,10
'570299,"Carpets and other floor coverings, of vegetable textile materials or coarse animal hair, woven, ...",0,0,0,0,0,0,0,0,0,0,0,0,,,,,,,,,,,,,,,364,458,284,259,534,377,274,386,208,199,442,240
'590390,"Textile fabrics impregnated, coated, covered or laminated with plastics other than poly""vinyl ...",0,0,0,0,0,0,0,0,0,0,0,0,,,,,,,,,,,,,,,1859,898,1106,1384,1160,1310,594,1291,1229,1358,1330,907
'590490,"Floor coverings consisting of a coating or covering applied on a textile backing, whether or ...",0,0,0,0,0,0,0,0,0,0,0,0,,,,,,,,,,,,,,,0,0,0,0,0,0,0,0,0,0,0,7
'590700,"Impregnated, coated or covered textile fabrics; painted canvas being theatrical scenery, studio ...",0,0,0,0,0,0,0,0,0,0,0,0,,,,,,,,,,,,,,,449,194,515,278,461,264,407,109,399,680,267,201
'591120,"Bolting cloth, whether or not made up",0,0,0,0,0,0,0,0,0,0,0,0,,,,,,,,,,,,,,,67,71,136,119,38,105,93,50,42,38,35,113
'591131,"Textile fabrics and felts, endless or fitted with linking devices, of a kind used in papermaking ...",0,0,0,0,0,0,0,0,0,0,0,0,,,,,,,,,,,,,,,170,93,111,239,132,70,149,126,21,331,153,428
'600192,"Pile fabrics of man-made fibres, knitted or crocheted (excl. ""long pile"" fabrics)",0,0,0,0,0,0,0,0,0,0,0,0,,,,,,,,,,,,,,,1328,791,704,872,1147,2420,1625,3411,1751,2200,1362,1066
'600330,"Knitted or crocheted fabrics of synthetic fibres, of a width of <= 30 cm (excl. those containing ...",0,0,0,0,0,0,0,0,0,0,0,0,,,,,,,,,,,,,,,54,36,55,164,63,104,21,53,77,25,39,4
'600690,"Fabrics, knitted or crocheted, of a width of > 30 cm (excl. of man-made fibres, cotton, wool ...",0,0,0,0,0,0,0,0,0,0,0,0,,,,,,,,,,,,,,,81,16,19,34,133,106,100,63,91,48,38,32
'640520,"Footwear with uppers of textile materials (excl. with outer soles of rubber, plastics, leather ...",0,5,0,0,2,5,0,24,2,0,7,0,,,,,,,,,,,,,,,111,151,75,102,94,119,113,146,177,512,254,212
'620333,"Men's or boys' jackets and blazers of synthetic fibres (excl. knitted or crocheted, and wind-jackets ...",13,58,27,5,3,8,2,14,0,18,22,0,,,,,,,,,,,,,,,683,869,917,826,915,890,592,983,1506,1542,2559,1847
'620441,Women's or girls' dresses of wool or fine animal hair (excl. knitted or crocheted and petticoats),0,0,0,0,0,0,0,0,0,0,0,0,,,,,,,,,,,,,,,3,17,10,15,1,30,6,8,6,4,30,8
'681320,"Friction material and articles thereof, e.g. sheets, rolls, strips, segments, discs, washers ...",0,0,0,0,0,0,0,0,0,0,0,0,,,,,,,,,,,,,,,216,24,338,286,202,31,302,328,140,327,59,60
'681381,"Brake linings and pads, with a basis of mineral substances or cellulose, whether or not combined ...",0,0,0,0,0,0,0,0,0,0,0,0,,,,,,,,,,,,,,,816,512,654,610,630,597,436,615,717,696,465,1120
'690390,"Retorts, crucibles, mufflers, nozzles, plugs, supports, cupels, tubes, pipes, sheaths, rods, ...",0,0,0,0,0,0,0,0,0,0,0,0,,,,,,,,,,,,,,,554,796,601,1425,327,531,354,483,248,355,350,634
'691200,"Tableware, kitchenware, other household articles and toilet articles, of ceramics other than ...",11,0,0,12,0,0,4,0,0,0,0,0,,,,,,,,,,,,,,,2565,1453,2018,1419,2247,1841,1539,1870,1773,1582,1725,1875
'700530,"Float glass and surface ground and polished glass, in sheets, whether or not having an absorbent, ...",0,0,0,0,0,0,0,0,0,0,0,0,,,,,,,,,,,,,,,0,0,0,0,0,0,0,0,0,0,0,0
'700721,"Laminated safety glass, of size and shape suitable for incorporation in motor vehicles, aircraft, ...",0,0,0,0,0,0,0,0,0,0,0,0,,,,,,,,,,,,,,,1257,1722,1065,512,1498,1877,1248,2161,1599,1524,1450,2178
'700910,"Rear-view mirrors, whether or not framed, for vehicles",0,0,0,0,0,0,0,0,0,0,0,0,,,,,,,,,,,,,,,3777,3683,4469,3563,3724,4474,1956,2559,2390,4457,3338,2930
'701391,"Glassware, of lead crystal, of a kind used for toilet, office, indoor decoration or similar ...",0,0,0,0,0,0,0,0,0,0,0,0,,,,,,,,,,,,,,,23,15,19,16,18,6,25,5,7,6,39,29
'701790,"Laboratory, hygienic or pharmaceutical glassware, whether or not graduated or calibrated (excl. ...",0,0,0,0,0,0,0,0,0,0,0,0,,,,,,,,,,,,,,,362,421,487,356,507,223,314,279,245,328,405,522
'701890,"Glass eyes (excl. prosthetic articles); articles of glass beads, or of imitation pearls, imitation ...",0,0,0,0,0,0,0,0,0,0,0,0,,,,,,,,,,,,,,,93,43,139,21,73,65,70,34,96,33,32,77
'701914,Mechanically bonded mats of glass fibres,0,0,0,0,0,0,0,0,0,0,0,0,,,,,,,,,,,,,,,8,0,51,33,17,26,37,9,26,13,42,22
'710499,"Precious and semi-precious stones, synthetic or reconstructed, worked, whether or not graded ...",0,0,0,0,0,0,0,0,0,0,0,0,,,,,,,,,,,,,,,20,48,73,18,19,27,14,25,11,15,31,10
'711029,Palladium in semi-manufactured forms,0,0,0,0,0,0,0,0,0,0,0,0,,,,,,,,,,,,,,,9,1,181,7161,7549,2263,219,0,9379,7886,0,94
'711049,"Iridium, osmium and ruthenium, in semi-manufactured forms",0,0,0,0,0,0,0,0,0,0,0,0,,,,,,,,,,,,,,,5,12,0,0,0,0,0,0,0,0,0,0
'620719,Men's or boys' underpants and briefs of textile materials (excl. cotton and knitted or crocheted),0,0,0,0,0,0,0,0,0,0,0,0,,,,,,,,,,,,,,,110,186,172,212,446,455,743,572,256,195,330,140
'620729,"Men's or boys' nightshirts and pyjamas of textile materials (excl. of cotton or man-made fibres, ...",0,0,0,0,0,0,0,0,0,0,0,0,,,,,,,,,,,,,,,2,0,2,0,32,11,21,10,33,53,63,38
'620822,"Women's or girls' nightdresses and pyjamas of man-made fibres (excl. knitted or crocheted, ...",2,0,0,0,0,16,0,0,0,0,0,0,,,,,,,,,,,,,,,97,270,205,155,235,202,295,320,93,230,66,31
'620990,Babies' garments and clothing accessories of textile materials (excl. of cotton or synthetic ...,0,0,0,0,0,0,0,0,0,0,0,0,,,,,,,,,,,,,,,26,8,8,16,36,28,191,221,106,240,280,88
'621510,"Ties, bow ties and cravats of silk or silk waste (excl. knitted or crocheted)",0,0,0,0,0,0,0,0,0,0,0,0,,,,,,,,,,,,,,,32,29,29,27,38,46,48,52,42,22,24,30
'621790,"Parts of garments or clothing accessories, of all types of textile materials, n.e.s. (excl. ...",0,0,0,0,0,0,0,0,0,0,0,0,,,,,,,,,,,,,,,16,13,7,6,14,37,18,21,9,19,23,9
'630110,Electric blankets of all types of textile materials,0,0,0,0,0,0,0,0,0,0,0,0,,,,,,,,,,,,,,,38,46,12,9,5,146,86,192,48,1045,929,141
'630140,"Blankets and travelling rugs of synthetic fibres (excl. electric, table covers, bedspreads ...",0,0,0,0,0,0,0,0,0,0,0,0,,,,,,,,,,,,,,,1015,917,654,312,367,382,363,555,1451,1890,1489,980
'630232,"Bedlinen of man-made fibres (excl. printed, knitted or crocheted)",0,0,0,0,0,0,0,0,0,0,0,0,,,,,,,,,,,,,,,49,138,64,67,113,121,80,184,109,64,59,51
'630239,"Bedlinen of textile materials (excl. of cotton and man-made fibres, printed, knitted or crocheted)",0,0,0,0,0,0,0,0,0,0,0,0,,,,,,,,,,,,,,,100,185,17,46,54,78,91,65,97,81,146,78
'630253,Table linen of man-made fibres (excl. knitted or crocheted),0,0,0,0,0,0,0,0,0,0,0,0,,,,,,,,,,,,,,,69,47,49,64,82,46,37,45,63,28,20,26
'630312,"Curtains, incl. drapes, and interior blinds, curtain or bed valances of synthetic fibres, knitted ...",0,0,0,0,0,0,0,0,0,0,0,0,,,,,,,,,,,,,,,29,28,29,31,61,55,36,41,47,31,34,34
'630411,"Knitted or crocheted bedspreads (excl. bedlinen, quilts and eiderdowns)",0,0,0,0,0,0,0,0,0,0,0,0,,,,,,,,,,,,,,,35,19,24,1,12,11,7,25,26,0,21,62
'630492,"Articles for interior furnishing, of cotton (excl. knitted or crocheted, blankets and travelling ...",0,0,0,0,0,0,0,0,0,0,0,0,,,,,,,,,,,,,,,200,297,263,324,397,390,239,364,272,384,333,359
'630800,"Sets consisting of woven fabric and yarn, whether or not with accessories, for making up into ...",0,0,0,0,0,0,0,0,0,0,0,0,,,,,,,,,,,,,,,6,1,7,9,8,6,14,18,13,9,21,12
'640192,"Waterproof footwear covering the ankle, but not the knee, with outer soles and uppers of rubber ...",0,0,2,0,0,0,0,0,19,0,0,0,,,,,,,,,,,,,,,206,95,50,32,55,23,22,98,172,229,300,127
'640199,"Waterproof footwear covering neither the ankle nor the knee, with outer soles and uppers of ...",0,0,0,0,0,0,0,7,0,0,0,0,,,,,,,,,,,,,,,46,44,68,32,70,34,17,44,15,82,44,60
'640212,"Ski-boots, cross-country ski footwear and snowboard boots, with outer soles and uppers of rubber ...",1,0,0,0,0,0,0,0,0,0,0,0,,,,,,,,,,,,,,,27,65,26,10,7,6,19,5,3,6,6,9
'851090,"Parts of electric shavers, hair clippers and hair-removing appliances, with self-contained ...",0,0,0,0,0,0,0,0,0,0,0,0,,,,,,,,,,,,,,,55,41,37,31,81,24,65,55,75,96,34,53
'851439,"Electric industrial or laboratory furnaces and ovens (excl. resistance heated, induction, dielectric, ...",0,0,0,0,0,0,0,0,0,0,0,0,,,,,,,,,,,,,,,175,94,143,82,117,130,409,15003,4547,218,633,1272
'851440,Equipment for the heat treatment of materials by induction or dielectric loss (excl. ovens ...,0,0,0,0,0,0,7,0,0,0,0,0,,,,,,,,,,,,,,,340,194,157,1011,117,158,246,374,78,182,266,300
'851521,Fully or partly automatic machines for resistance welding of metals,0,0,0,0,0,0,0,0,0,0,0,0,,,,,,,,,,,,,,,388,553,62,338,916,120,365,688,11,101,60,187
'851539,"Machines for arc welding of metals, incl. plasma arc welding, neither fully nor partly automatic",0,0,0,0,0,0,0,0,0,0,0,0,,,,,,,,,,,,,,,1303,1119,1234,1231,1779,1479,1997,1428,3183,2206,1213,908
'851650,Microwave ovens,0,0,0,0,0,0,0,0,0,0,0,0,,,,,,,,,,,,,,,3258,4174,5048,6294,10706,6822,8159,3847,3908,2783,4926,4745
'851679,"Electro-thermic appliances, for domestic use (excl. hairdressing appliances and hand dryers, ...",0,0,0,0,0,0,0,0,0,0,0,0,,,,,,,,,,,,,,,2570,2269,3334,3063,5995,6174,4233,3187,3930,5391,4768,2739
'848020,"Mould bases (other than of graphite or other carbon, ceramic meterials or glass)",0,0,0,0,0,0,0,0,0,16,0,0,,,,,,,,,,,,,,,17,127,90,48,22,37,98,85,87,40,75,73
'848060,"Moulds for mineral materials (excl. moulds of graphite or other carbons, ceramic or glass moulds)",0,0,0,0,0,0,0,0,0,0,0,0,,,,,,,,,,,,,,,162,198,433,777,688,88,95,320,200,378,816,550
'848140,Safety or relief valves,0,0,0,0,0,0,0,0,0,0,0,0,,,,,,,,,,,,,,,1950,3313,2510,1812,2049,2677,2069,2374,1377,2085,2129,1957
'848310,"Transmission shafts, incl. cam shafts and crank shafts, and cranks",0,0,0,0,0,0,0,1,1,0,0,0,,,,,,,,,,,,,,,5515,4432,4835,4923,4516,4832,4924,6029,5021,4079,5380,5346
'848360,"Clutches and shaft couplings, incl. universal joints, for machinery",0,0,0,0,0,1,0,0,0,0,0,0,,,,,,,,,,,,,,,3724,3261,3332,3750,3523,3934,3323,4003,3327,3136,3958,3384
'847590,"Parts of machines for assembling electric or electronic lamps, tubes or valves or flashbulbs, ...",0,0,0,0,0,0,0,0,0,0,0,0,,,,,,,,,,,,,,,624,753,919,1967,1482,1396,981,915,767,1947,667,914
'847690,"Parts of automatic goods-vending machines, incl. money changing machines, n.e.s.",0,0,0,0,0,0,0,0,0,0,0,0,,,,,,,,,,,,,,,47,92,80,65,27,95,33,39,33,54,121,30
'847730,Blow-moulding machines for working rubber or plastics,0,0,0,0,0,0,0,0,0,0,0,0,,,,,,,,,,,,,,,3768,216,1116,3905,3823,405,2340,554,1716,2188,848,785
'847759,Machinery for moulding or otherwise forming products from rubber or plastics (excl. injection-moulding ...,0,0,0,0,0,0,0,0,0,0,0,0,,,,,,,,,,,,,,,676,640,264,1034,1262,706,4929,2031,671,791,2654,427
'853921,Tungsten halogen filament lamps (excl. sealed beam lamp units),0,0,0,0,0,0,0,0,0,0,0,0,,,,,,,,,,,,,,,409,496,791,518,596,850,561,515,492,382,558,234
'853952,"Light-emitting diode ""LED"" lamps",0,0,0,0,0,0,0,0,0,0,0,0,,,,,,,,,,,,,,,3217,2853,3250,3945,3903,3694,2606,2309,2150,1870,2582,1657
'854151,Semiconductor-based transducers (excl. photosensitive),0,0,0,0,0,0,0,0,0,0,0,0,,,,,,,,,,,,,,,27,26,29,46,48,59,55,26,84,37,87,30
'854419,"Winding wire for electrical purposes, of material other than copper, insulated",0,0,0,0,0,0,0,0,0,0,0,0,,,,,,,,,,,,,,,125,124,118,314,146,912,885,485,497,83,848,1239
'854460,"Electric conductors, for a voltage > 1.000 V, insulated, n.e.s.",0,0,0,0,0,0,0,0,0,0,0,0,,,,,,,,,,,,,,,3339,2488,5786,6241,4656,3340,1959,1835,4748,3209,2051,4764
'854911,Waste and scrap of lead-acid accumulators; spent lead-acid accumulators,0,0,0,0,0,0,0,0,0,0,0,0,,,,,,,,,,,,,,,161,203,201,228,160,206,246,132,184,218,174,174
'854939,Waste and scrap of electrical and electronic assemblies and printed circuit boards (excl. for ...,0,0,0,0,0,0,0,0,0,0,0,0,,,,,,,,,,,,,,,4,3,2,0,1,59,4,2,0,0,0,0
'860721,"Air brakes and parts thereof for railway or tramway locomotives or rolling stock, n.e.s.",0,0,0,0,0,0,0,0,0,0,0,0,,,,,,,,,,,,,,,165,240,682,453,455,291,316,368,211,133,432,295
'860900,"Containers, incl. containers for the transport of fluids, specially designed and equipped for ...",0,0,0,0,0,0,0,0,0,0,9,0,,,,,,,,,,,,,,,4325,5224,2629,2472,2097,2400,1436,2088,2304,2509,2077,3108
'870120,Road tractors for semi-trailers,0,0,0,0,0,0,0,0,0,0,0,0,,,,,,,,,,,,,,,0,0,0,0,0,0,9,0,0,0,0,0
'870123,"Road tractors for semi-trailers, with both spark-ignition internal combustion piston engine ...",0,0,0,0,0,0,0,0,0,0,0,0,,,,,,,,,,,,,,,0,0,0,0,0,0,0,0,0,0,0,0
'870230,"Motor vehicles for the transport of >= 10 persons, incl. driver, with both spark-ignition internal ...",0,0,0,0,0,0,0,0,0,0,0,0,,,,,,,,,,,,,,,0,0,0,0,0,0,0,0,0,0,0,0
'870390,Motor cars and other vehicles principally designed for the transport of ...,0,0,0,0,0,0,0,0,0,0,0,0,,,,,,,,,,,,,,,31,12,0,0,7,41,4,39,0,50,45,774
'870520,Mobile drilling derricks,0,0,0,0,0,0,0,0,0,0,0,0,,,,,,,,,,,,,,,39,0,77,0,0,0,0,39,0,0,0,0
'850239,Generating sets (excl. wind-powered and powered by spark-ignition internal combustion piston ...,1,0,0,0,2,0,0,0,0,0,0,0,,,,,,,,,,,,,,,7626,7291,7306,6058,2072,1802,1958,538,103,107,134,680
'850300,"Parts suitable for use solely or principally with electric motors and generators, electric ...",0,0,0,0,0,0,0,0,0,0,0,0,,,,,,,,,,,,,,,5300,3974,9979,4487,4589,6744,4565,13291,28236,4747,6338,9538
'850432,"Transformers, having a power handling capacity > 1 kVA but <= 16 kVA (excl. liquid dielectric ...",0,0,0,0,0,0,0,0,0,0,0,0,,,,,,,,,,,,,,,282,104,182,71,62,50,127,934,114,106,232,77
'850750,Nickel-metal hydride accumulators (excl. spent),0,0,1,1,2,5,0,0,2,0,0,0,,,,,,,,,,,,,,,175,220,256,228,185,192,119,221,257,133,218,150
'852491,"Flat panel display modules, whether or not incorporating touch-sensitive screens, with drivers ...",2,7,1,15,1,1,0,3,0,2,2,0,,,,,,,,,,,,,,,1822,1425,1905,6257,4735,4528,6051,1386,7728,5396,9089,6434
'852849,"Cathode-ray tube monitors ""CRT"" (excl. computer monitors, with TV receiver)",0,0,0,0,0,0,0,0,0,0,0,0,,,,,,,,,,,,,,,15,54,19,31,40,21,168,133,52,12,8,17
'853229,"Fixed electrical capacitors (excl. tantalum, aluminium electrolytic, ceramic, paper, plastic ...",0,0,0,1,0,0,0,0,0,0,0,0,,,,,,,,,,,,,,,614,217,447,298,401,520,240,479,370,309,166,611
'853310,"Fixed carbon resistors, composition or film types (excl. heating resistors)",0,0,0,0,0,0,0,0,0,0,0,0,,,,,,,,,,,,,,,18,74,123,8,19,7,29,6,27,26,46,43
'853590,"Electrical apparatus for switching or protecting electrical circuits, or for making connections ...",0,0,0,0,0,0,0,0,0,0,0,0,,,,,,,,,,,,,,,1469,1374,1410,1247,1034,693,869,1459,1396,1141,1411,1623
'902781,Mass spectrometers,0,0,0,0,0,0,0,0,0,0,0,0,,,,,,,,,,,,,,,419,828,309,783,423,406,195,1239,1137,502,893,1234
'903039,"Instruments and apparatus for measuring or checking voltage, current, resistance or electrical ...",0,0,0,0,0,0,0,0,0,0,0,0,,,,,,,,,,,,,,,1010,770,600,830,748,615,635,598,801,549,1115,737
'871130,"Motorcycles, incl. mopeds, with reciprocating internal combustion piston engine of a cylinder ...",0,0,0,0,0,0,0,0,0,0,0,0,,,,,,,,,,,,,,,827,1906,622,1786,939,1290,1500,2091,900,1099,1136,1416
'871310,"Carriages for disabled persons, not mechanically propelled",0,0,0,0,0,0,0,0,0,0,0,0,,,,,,,,,,,,,,,187,572,283,247,316,252,306,211,258,308,425,198
'903300,"Parts and accessories for machines, appliances, instruments or other apparatus in chapter 90, ...",1,3,0,0,0,0,0,0,1,0,1,0,,,,,,,,,,,,,,,723,768,574,669,1177,496,543,794,765,494,681,864
'910599,"Clocks (excl. electrically operated, wrist-watches, pocket-watches and other watches of heading ...",0,0,0,0,0,0,0,0,0,0,0,0,,,,,,,,,,,,,,,19,9,4,38,16,19,68,20,39,8,15,23
'910910,"Clock movements, complete and assembled, electrically operated (excl. watch movements)",0,0,0,0,0,0,0,0,0,0,0,0,,,,,,,,,,,,,,,1,4,3,2,8,1,6,1,2,1,2,3
'911290,"Parts of clock and watch cases, n.e.s. (excl. for wrist-watches, pocket-watches and other watches ...",0,0,0,0,0,0,0,0,0,0,0,0,,,,,,,,,,,,,,,0,0,2,1,0,0,0,0,3,0,0,0
'911320,"Watch straps, watch bands and watch bracelets, and parts thereof, of base metal, whether or ...",0,0,0,0,0,0,0,0,0,1,1,0,,,,,,,,,,,,,,,27,22,37,30,50,29,39,31,29,25,35,26
'911430,Dials for clocks or watches,0,0,0,0,0,0,0,0,0,0,0,0,,,,,,,,,,,,,,,7,6,10,6,15,6,36,9,4,9,5,14
'920110,Upright pianos,0,0,0,0,0,0,0,0,0,0,0,0,,,,,,,,,,,,,,,10,0,4,10,15,29,0,9,17,27,8,1
'920120,Grand pianos,0,0,0,0,0,0,0,0,0,0,0,0,,,,,,,,,,,,,,,16,6,38,15,29,87,59,123,63,86,63,4
'920510,Brass-wind instruments,0,0,0,0,0,5,0,0,0,0,0,0,,,,,,,,,,,,,,,62,21,13,17,22,63,27,37,2,16,43,4
'920994,"Parts and accessories for musical instruments, the sound of which is produced, or must be amplified, ...",1,0,0,0,1,1,0,0,0,0,0,0,,,,,,,,,,,,,,,54,38,52,39,46,43,41,63,31,31,45,48
'920999,"Parts and accessories for musical instruments ""e.g. mechanisms for musical boxes, cards, discs ...",0,0,0,0,0,0,3,1,2,2,0,0,,,,,,,,,,,,,,,111,180,92,91,101,127,194,112,60,115,199,59
'940131,"Swivel seats with variable height adjustments, of wood (excl. medical, surgical, dental or ...",17,0,0,0,0,1,0,0,0,0,0,0,,,,,,,,,,,,,,,75,166,122,73,91,121,28,148,173,130,9,43
'871493,Hubs and free-wheel sprocket-wheels for cycles (excl. for motorcycles and coaster braking hubs ...,0,0,0,0,0,0,0,0,0,0,0,0,,,,,,,,,,,,,,,138,77,193,183,154,263,83,194,146,145,193,161
'871610,"Trailers and semi-trailers of the caravan type, for housing or camping",0,0,0,0,0,0,0,0,0,0,0,0,,,,,,,,,,,,,,,2,1,41,1,42,83,95,6,13,25,79,68
'880220,"Aeroplanes and other powered aircraft of an unladen weight <= 2.000 kg (excl. helicopters, ...",0,0,0,0,0,0,0,0,0,0,0,0,,,,,,,,,,,,,,,796,17,1692,308,72,234,1729,2405,1929,807,2021,1039
'880260,"Spacecraft, incl. satellites, and suborbital and spacecraft launch vehicles",0,0,0,0,0,0,0,0,0,0,0,0,,,,,,,,,,,,,,,0,0,0,0,0,0,0,0,0,0,0,0
'880510,"Aircraft launching gear and parts thereof, n.e.s. (excl. motor winches for launching gliders); ...",0,0,0,0,0,0,0,0,0,0,0,0,,,,,,,,,,,,,,,19,934,105,13,1,6,25,3,912,47,9,0
'880623,"Unmanned aircraft, for remote-controlled flight only, with maximum take-off weight > 7 kg but ...",0,0,0,0,0,0,0,0,0,0,0,0,,,,,,,,,,,,,,,42,56,75,68,19,31,180,97,368,35,32,215
'880730,"Parts of aeroplanes, helicopters or unmanned aircraft, n.e.s. (excl. those for gliders)",0,0,3,0,0,0,1,26,1,0,0,0,,,,,,,,,,,,,,,21830,27752,29481,25187,25171,28444,28344,28187,27164,24808,30173,27853
'880790,"Parts of aircraft and spacecraft, n.e.s.",0,0,0,0,0,0,9,0,0,0,0,0,,,,,,,,,,,,,,,3385,2299,2912,2861,1992,3390,2942,4097,2884,2375,2081,2337
'890190,Vessels for the transport of goods and vessels for the transport of both persons and goods ...,0,0,0,0,0,0,0,0,0,0,0,0,,,,,,,,,,,,,,,0,0,0,0,0,5716,0,13234,0,0,0,0
'890322,"Sailboats, with or without auxiliary motor, of a length > 7,5 m but <= 24 m (excl. inflatable)",0,0,0,0,0,0,0,0,0,0,0,0,,,,,,,,,,,,,,,0,0,0,227,0,0,49,16,0,0,2,0
'890510,Dredgers,0,0,0,0,0,0,0,0,0,0,0,0,,,,,,,,,,,,,,,0,0,0,1,0,0,0,0,0,0,0,0
'900220,"Filters, optical, being parts of or fittings for instruments, apparatus and appliances, framed ...",0,0,0,0,0,0,0,0,0,0,0,0,,,,,,,,,,,,,,,238,212,99,132,154,68,340,52,86,51,239,107
'900659,Cameras for roll film of a width other than 35 mm or for film in the flat (excl. instant print ...,0,0,0,0,0,0,0,0,0,0,1,0,,,,,,,,,,,,,,,31,26,189,7,6,119,46,23,40,53,46,15
'901050,"Apparatus and equipment for photographic or cinematographic laboratories, n.e.s.; negatoscopes",0,0,0,0,0,0,0,0,0,0,0,0,,,,,,,,,,,,,,,9,8,1,1,7,3,5,0,1,9,30,13
'901090,"Parts and accessories for apparatus and equipment for photographic or cinematographic laboratories, ...",0,0,0,0,0,0,0,0,0,0,0,0,,,,,,,,,,,,,,,8,9,11,7,40,15,8,38,31,16,6,25
'901190,"Parts and accessories for compound optical microscopes, n.e.s.",0,0,0,0,0,0,0,0,0,0,0,0,,,,,,,,,,,,,,,104,464,687,127,216,168,175,136,148,173,133,198
'901310,"Telescopic sights for fitting to arms; periscopes; telescopes designed to form parts of machines, ...",0,0,0,0,0,0,0,0,0,0,0,0,,,,,,,,,,,,,,,1329,980,1082,1317,1498,1058,692,571,546,870,1610,1250
'901600,"Balances of a sensitivity of 50 mg or better, with or without weights",0,0,0,0,0,0,0,0,0,0,0,0,,,,,,,,,,,,,,,208,146,139,195,190,236,210,285,197,227,211,197
'901841,"Dental drill engines, whether or not combined on a single base with other dental equipment",0,0,0,0,0,0,0,0,0,0,0,0,,,,,,,,,,,,,,,64,79,31,68,87,21,68,65,38,48,70,79
'902131,Artificial joints for orthopaedic purposes,0,0,0,0,0,0,0,0,0,0,0,0,,,,,,,,,,,,,,,5109,6603,7303,6984,6190,5697,4938,5516,4722,7021,7941,6818
'902213,Apparatus based on the use of X-rays for dental uses,0,0,0,0,0,0,0,0,0,0,0,0,,,,,,,,,,,,,,,411,300,294,193,185,563,159,431,94,175,537,256
'902480,Machines and appliances for testing the mechanical properties of materials (excl. metals),0,0,0,0,0,0,0,0,0,0,0,0,,,,,,,,,,,,,,,236,195,454,490,1002,526,410,586,611,1031,334,417
'940541,"Photovoltaic luminaires and lighting fittings, solely for light-emitting diode ""LED"" light ...",0,0,0,0,0,0,0,0,0,0,0,0,,,,,,,,,,,,,,,891,558,602,429,798,479,623,707,740,452,932,284
'940690,"Prefabricated buildings, whether or not complete or already assembled (excl. of wood, and modular ...",0,0,0,0,0,0,0,0,0,0,0,0,,,,,,,,,,,,,,,444,514,924,390,1065,1311,1491,1316,671,1188,899,1129
'950612,Ski bindings,0,0,0,0,0,0,0,0,0,0,0,0,,,,,,,,,,,,,,,0,2,0,7,0,0,0,1,0,5,3,4
'950661,Tennis balls (excl. table tennis balls),0,0,0,0,0,0,0,0,0,0,0,0,,,,,,,,,,,,,,,110,131,260,325,186,73,105,171,123,206,98,175
'960400,Hand sieves and hand riddles (excl. colanders),0,0,0,0,0,0,0,0,0,0,0,0,,,,,,,,,,,,,,,22,87,49,16,31,53,31,30,24,41,14,29
'960500,"Travel sets for personal toilet, sewing or shoe or clothes cleaning (excl. manicure sets)",0,0,0,0,0,0,0,0,0,0,0,0,,,,,,,,,,,,,,,50,73,97,53,64,94,124,66,80,182,77,63
'960622,"Buttons of base metal, not covered with textile material (excl. press-fasteners, snap-fasteners, ...",0,0,0,0,0,0,0,0,0,0,0,0,,,,,,,,,,,,,,,68,105,79,130,64,88,65,25,79,69,75,60
'960830,"Fountain pens, stylograph pens and other pens",0,0,0,0,0,0,0,0,0,0,0,0,,,,,,,,,,,,,,,94,71,50,85,119,122,80,51,51,64,215,63
'960891,Pen nibs and nib points,0,0,0,0,0,0,0,0,0,0,0,0,,,,,,,,,,,,,,,33,40,28,88,18,42,5,23,27,36,17,35
'961380,"Lighters (excl. gas fuelled pocket lighters, and fuses and primers for propellent powders and ...",0,0,0,0,0,0,0,0,0,0,0,0,,,,,,,,,,,,,,,210,49,158,328,34,184,46,232,101,152,156,56
'961519,"Combs, hair-slides and the like (excl. of hard rubber or plastics)",0,0,0,0,0,0,0,0,0,0,0,0,,,,,,,,,,,,,,,71,141,185,164,141,182,120,160,127,153,105,48
'970310,"Original sculptures and statuary, in any material, over 100 years old",0,0,0,0,0,0,0,0,0,0,0,0,,,,,,,,,,,,,,,0,0,0,0,8,2,1,0,10,1,3,0
'950821,Roller coasters,0,0,0,0,0,0,0,0,0,0,0,0,,,,,,,,,,,,,,,0,0,0,0,0,0,0,0,0,0,0,0
'950823,DodgeÕem cars,0,0,0,0,0,0,0,0,0,0,0,0,,,,,,,,,,,,,,,0,0,0,0,0,5,49,227,0,0,0,35
'621112,Women's or girls' swimwear (excl. knitted or crocheted),0,0,0,1,1,2,0,26,0,0,0,0,,,,,,,,,,,,,,,38,100,172,243,501,335,492,264,92,86,77,7
'630120,"Blankets and travelling rugs of wool or fine animal hair (excl. electric, table covers, bedspreads ...",0,0,0,0,0,0,0,0,0,0,0,0,,,,,,,,,,,,,,,69,70,37,42,23,33,40,17,8,2,17,15
'630190,"Blankets and travelling rugs of textile materials (excl. of wool or fine animal hair, cotton ...",0,0,0,0,0,0,0,0,0,0,0,0,,,,,,,,,,,,,,,185,177,166,82,121,96,47,59,28,120,218,80
'630251,Table linen of cotton (excl. knitted or crocheted),0,0,0,0,0,0,1,0,0,0,0,0,,,,,,,,,,,,,,,38,172,179,185,207,102,96,163,60,107,81,86
'630291,"Toilet linen and kitchen linen of cotton (excl. of terry fabrics, floorcloths, polishing cloths, ...",0,0,0,0,0,0,0,0,0,0,0,0,,,,,,,,,,,,,,,180,231,201,206,217,349,140,163,93,145,176,138
'630319,"Curtains, incl. drapes, and interior blinds, curtain or bed valances, knitted or crocheted ...",0,0,0,0,0,0,0,0,0,0,0,0,,,,,,,,,,,,,,,53,53,5,0,54,161,7,287,107,4,0,52
'630391,"Curtains, incl. drapes, and interior blinds, curtain or bed valances of cotton (excl. knitted ...",0,0,0,0,0,0,0,0,0,0,0,0,,,,,,,,,,,,,,,2,14,10,3,7,8,16,15,7,2,19,2
'630539,"Sacks and bags, for the packing of goods, of man-made textile materials (excl. of polyethylene ...",0,0,0,0,0,0,0,0,0,0,0,0,,,,,,,,,,,,,,,43,17,65,14,149,22,12,17,30,45,30,63
'630720,"Life jackets and life belts, of all types of textile materials",0,0,0,0,0,0,2,1,1,2,0,0,,,,,,,,,,,,,,,534,94,202,188,108,139,119,109,191,52,155,95
'620220,"Women's or girls' overcoats, car-coats, capes, cloaks, anoraks, incl. ski jackets, wind-cheaters, ...",0,0,0,1,0,0,0,0,0,1,0,0,,,,,,,,,,,,,,,105,107,133,86,80,14,134,59,61,92,171,114
'611522,"Pantyhose and tights of synthetic fibres, knitted or crocheted, measuring per single yarn >= ...",0,0,0,0,0,0,0,0,0,0,0,0,,,,,,,,,,,,,,,221,183,277,515,313,471,311,111,363,324,240,182
'611019,"Jerseys, pullovers, cardigans, waistcoats and similar articles, of fine animal hair, knitted ...",0,0,0,0,0,0,0,0,0,0,0,0,,,,,,,,,,,,,,,106,27,11,19,57,11,38,15,8,11,44,71
'611231,"Men's or boys' swimwear of synthetic fibres, knitted or crocheted",1,1,6,42,2,13,2,0,0,9,10,0,,,,,,,,,,,,,,,41,91,148,345,227,189,78,61,42,38,38,25
'611249,"Women's or girls' swimwear of textile materials, knitted or crocheted (excl. synthetic fibres)",0,0,0,0,0,0,54,0,0,0,0,0,,,,,,,,,,,,,,,57,88,90,116,152,120,145,69,33,58,164,59
'731821,"Spring washers and other lock washers, of iron or steel",0,0,0,0,0,0,0,0,0,0,0,0,,,,,,,,,,,,,,,457,383,327,282,567,360,382,278,348,355,391,357
'731823,Rivets of iron or steel (excl. tubular and bifurcated rivets for particular uses),0,0,0,0,0,0,0,0,0,0,0,0,,,,,,,,,,,,,,,227,317,336,290,213,218,292,250,303,312,411,228
'732189,"Stoves, heaters, grates, fires, wash boilers, braziers and similar domestic appliances, of ...",0,0,0,0,0,0,0,0,0,0,0,0,,,,,,,,,,,,,,,449,894,523,559,649,302,410,358,578,574,495,744
'732219,"Radiators for central heating, non-electrically heated, and parts thereof, of iron other than ...",0,0,0,0,0,0,0,0,0,0,0,0,,,,,,,,,,,,,,,12,2,17,1,13,2,7,10,8,4,2,7
'732399,"Table, kitchen or other household articles, and parts thereof, of iron other than cast iron ...",0,0,0,2,0,0,1,0,0,0,0,0,,,,,,,,,,,,,,,1084,1318,1553,1258,1373,1679,1097,1285,1525,1351,1567,1267
'732421,"Baths of cast iron, whether or not enamelled",0,0,0,0,0,0,0,0,0,0,0,0,,,,,,,,,,,,,,,3,3,0,24,1,0,0,0,1,1,0,0
'732599,"Cast articles of iron or steel, n.e.s. (excl. articles of non-malleable cast iron, and grinding ...",0,0,0,0,0,0,2,0,0,5,0,0,,,,,,,,,,,,,,,904,709,589,616,703,504,1001,632,723,963,1197,952
'732611,"Grinding balls and similar articles for mills, of iron or steel, forged or stamped, but not ...",0,0,0,0,0,0,0,0,0,0,0,0,,,,,,,,,,,,,,,0,1,69,9,2,1,1,372,0,233,875,80
'640312,"Ski-boots, cross-country ski footwear and snowboard boots, with outer soles of rubber, plastics, ...",0,0,0,0,0,0,0,0,0,0,0,0,,,,,,,,,,,,,,,2,1,0,0,0,0,0,0,0,2,1,0
'620829,Women's or girls' nightdresses and pyjamas of textile materials (excl. cotton and man-made ...,0,0,0,0,0,0,0,0,0,0,0,0,,,,,,,,,,,,,,,41,15,84,89,86,42,15,63,29,68,42,39
'620891,"Women's or girls' singlets and other vests, briefs, panties, nŽgligŽs, bathrobes, dressing ...",0,0,0,0,0,0,0,0,0,0,0,0,,,,,,,,,,,,,,,67,60,104,97,35,25,42,39,24,18,41,21
'660110,Garden or similar umbrellas (excl. beach tents),0,0,0,0,0,0,0,0,0,0,0,0,,,,,,,,,,,,,,,228,256,409,401,201,478,252,176,149,138,331,66
'680530,"Natural or artificial abrasive powder or grain, on a base of materials other than woven textile ...",0,0,0,0,0,0,0,0,0,0,0,0,,,,,,,,,,,,,,,862,1011,1259,1093,807,1167,945,1069,906,880,1128,939
'680690,"Mixtures and articles of heat-insulating, sound-insulating or sound absorbing mineral materials ...",0,0,0,0,0,0,0,0,0,0,0,0,,,,,,,,,,,,,,,1445,842,1912,1698,1275,1798,886,506,943,624,1551,1241
'681599,"Articles of stone or of other mineral substances, n.e.s.",0,2,0,0,0,0,0,1,0,0,0,0,,,,,,,,,,,,,,,341,626,788,873,1055,965,628,1076,469,698,461,607
'690911,"Ceramic wares for laboratory, chemical or other technical uses, of porcelain or china (excl. ...",0,0,0,0,0,0,0,0,0,0,0,0,,,,,,,,,,,,,,,25,10,12,84,333,442,24,72,35,56,19,36
'691190,"Household and toilet articles, of porcelain or china (excl. tableware and kitchenware, baths, ...",0,0,0,0,0,0,0,0,0,0,0,0,,,,,,,,,,,,,,,46,67,29,72,112,23,107,71,38,16,24,12
'691310,"Statuettes and other ornamental articles of porcelain or china, n.e.s.",0,0,0,0,0,0,0,0,0,23,0,0,,,,,,,,,,,,,,,44,12,93,100,111,47,107,83,29,141,105,116
'700220,"Rods of glass, unworked",0,0,0,0,0,0,0,0,0,0,0,0,,,,,,,,,,,,,,,0,2,3,1,1,2,2,4,4,8,0,3
'700319,"Cast glass and rolled glass, in non-wired sheets, not otherwise worked (excl. glass coloured ...",22,0,0,0,0,0,6,0,0,0,0,0,,,,,,,,,,,,,,,53,76,113,110,48,134,54,41,8,107,162,153
'700529,"Float glass and surface ground and polished glass, in sheets, but not otherwise worked (excl. ...",0,0,0,0,0,0,0,0,0,0,0,0,,,,,,,,,,,,,,,398,841,2019,1178,668,882,1151,857,1705,140,532,834
'701110,"Glass envelopes, incl. bulbs and tubes, open, and glass parts thereof, without fittings, for ...",0,0,0,0,0,0,0,0,0,0,0,0,,,,,,,,,,,,,,,11,12,15,2,1,4,7,10,0,9,4,6
'701322,"Drinking glasses, stemware, of lead crystal",0,0,0,0,0,0,0,0,0,0,0,0,,,,,,,,,,,,,,,2,4,9,6,7,32,15,9,3,0,10,49
'701610,"Glass cubes and other glass smallwares, whether or not on a backing, for mosaics or similar ...",0,0,0,0,0,0,0,0,0,0,0,0,,,,,,,,,,,,,,,76,179,119,176,89,99,154,76,90,149,233,94
'701720,"Laboratory, hygienic or pharmaceutical glassware, whether or not graduated or calibrated, having ...",0,0,0,0,0,0,0,0,0,0,0,0,,,,,,,,,,,,,,,108,161,108,161,84,221,123,68,161,134,134,87
'701820,Glass microspheres <= 1 mm in diameter,0,0,0,0,0,0,0,0,0,0,0,0,,,,,,,,,,,,,,,133,189,121,236,205,384,118,126,121,181,228,142
'701961,Closed woven fabrics of rovings of glass fibres,0,0,0,0,0,0,0,0,0,0,0,0,,,,,,,,,,,,,,,41,91,56,12,59,56,46,30,10,113,2,15
'701963,"Closed woven fabrics, plain weave, of glass fibre yarns (excl. coated or laminated)",0,0,0,0,0,0,0,0,0,0,0,0,,,,,,,,,,,,,,,0,8,98,30,13,95,4,19,105,5,9,2
'710812,"Gold, incl. gold plated with platinum, unwrought, for non-monetary purposes (excl. gold in ...",0,0,0,0,0,0,0,0,0,0,0,0,,,,,,,,,,,,,,,0,801,0,914,1008,1650,3041,3,903,551,7010,13580
'711031,"Rhodium, unwrought or in powder form",0,0,0,0,0,0,0,0,0,0,0,0,,,,,,,,,,,,,,,0,2515,4735,0,846,0,2097,38,2389,0,16832,0
'711100,"Base metals, silver or gold, clad with platinum, not further worked than semi-manufactured",0,0,0,0,0,0,0,0,0,0,0,0,,,,,,,,,,,,,,,0,0,0,0,0,0,1,6,0,0,0,0
'720120,"Non-alloy pig iron in pigs, blocks or other primary forms, containing by weight >= 0,5% phosphorus",0,0,0,0,0,0,0,0,0,0,0,0,,,,,,,,,,,,,,,0,0,0,0,0,0,0,0,0,0,0,0
'720249,"Ferro-chromium, containing by weight <= 4% of carbon",0,0,0,0,0,0,0,0,0,0,0,0,,,,,,,,,,,,,,,760,152,284,470,150,148,254,226,70,398,967,336
'720390,"Spongy ferrous products, obtained from molten pig iron by atomisation, iron of a purity of ...",0,0,0,0,0,0,0,0,0,0,0,0,,,,,,,,,,,,,,,0,0,4,4,0,1,2,0,0,0,0,0
'720711,"Semi-finished products of iron or non-alloy steel containing, by weight, < 0,25% of carbon, ...",0,0,0,0,0,0,0,0,0,0,0,0,,,,,,,,,,,,,,,8688,10808,6605,2676,4447,10194,10579,3352,7065,2662,997,10159
'720810,"Flat-rolled products of iron or non-alloy steel, of a width of >= 600 mm, in coils, simply ...",0,0,0,0,0,0,0,0,0,0,0,0,,,,,,,,,,,,,,,49,0,0,0,19,0,0,8,0,0,117,0
'720827,"Flat-rolled products of iron or non-alloy steel, of a width of >= 600 mm, in coils, simply ...",0,0,0,0,0,0,0,0,0,0,0,0,,,,,,,,,,,,,,,2918,6938,5836,6033,5855,1480,5113,502,1627,1968,516,2581
'720838,"Flat-rolled products of iron or non-alloy steel, of a width of >= 600 mm, in coils, simply ...",0,0,422,0,0,0,0,0,0,0,0,0,,,,,,,,,,,,,,,77,1,422,476,623,394,0,129,3783,0,885,2433
'720925,"Flat-rolled products of iron or non-alloy steel, of a width of >= 600 mm, not in coils, simply ...",0,0,0,0,0,0,0,0,0,0,0,0,,,,,,,,,,,,,,,3,0,4,5,4,0,0,0,3,0,0,6
'721061,"Flat-rolled products of iron or non-alloy steel, of a width of >= 600 mm, hot-rolled or cold-rolled ...",0,0,0,0,0,0,0,39,0,0,0,0,,,,,,,,,,,,,,,4036,4462,3019,5498,2500,2427,2235,3578,2560,3996,2885,4134
'721113,"Flat-rolled products of iron or non-alloy steel, simply hot-rolled on four faces or in a closed ...",0,0,0,0,0,0,0,0,0,0,0,0,,,,,,,,,,,,,,,0,0,0,8,0,0,0,0,0,0,0,5
'721210,"Flat-rolled products of iron or non-alloy steel, of a width of < 600 mm, hot-rolled or cold-rolled ...",0,0,0,0,0,0,0,0,0,0,0,0,,,,,,,,,,,,,,,228,323,204,10,96,182,0,5,129,210,180,61
'721399,"Bars and rods, hot-rolled, in irregularly wound coils, of iron or non-alloy steel (excl. products ...",0,0,0,0,0,0,0,0,0,0,0,0,,,,,,,,,,,,,,,7,99,49,5,46,0,232,48,307,188,6,71
'721491,"Bars and rods, of iron or non-alloy steel, not further worked than hot-rolled, hot-drawn or ...",0,0,0,0,0,0,0,0,0,0,0,0,,,,,,,,,,,,,,,17,10,3,42,23,20,7,1,74,1,41,371
'721510,"Bars and rods, of non-alloy free-cutting steel, not further worked than cold-formed or col ...",0,0,0,0,0,0,0,0,0,0,0,0,,,,,,,,,,,,,,,103,112,220,301,120,184,45,50,99,56,154,101
'721633,"H sections of iron or non-alloy steel, not further worked than hot-rolled, hot-drawn or hot-extruded, ...",0,0,0,0,0,0,0,0,0,0,0,0,,,,,,,,,,,,,,,3994,2363,171,509,664,73,44,0,0,2336,2740,407
'721669,"Angles, shapes and sections, of iron or non-alloy steel, not further worked than cold-formed ...",0,0,0,0,0,0,0,0,0,0,0,0,,,,,,,,,,,,,,,43,15,164,31,21,10,14,145,39,1,6,11
'721891,"Semi-finished products of stainless steel, of rectangular ""other than square"" cross-section",0,0,0,0,0,0,0,0,0,0,0,0,,,,,,,,,,,,,,,0,57,0,0,4,0,0,0,31,0,0,0
'721911,"Flat-rolled products of stainless steel, of a width of >= 600 mm, not further worked than hot-rolled, ...",0,0,0,0,0,0,0,0,0,0,0,0,,,,,,,,,,,,,,,111,0,3,1,28,0,49,1,0,3,0,0
'722020,"Flat-rolled products of stainless steel, of a width of < 600 mm, not further worked than cold-rolled ...",0,0,0,0,0,0,0,0,0,0,0,0,,,,,,,,,,,,,,,841,666,777,500,864,1085,674,585,1279,965,670,736
'722100,"Bars and rods of stainless steel, hot-rolled, in irregularly wound coils",0,0,0,0,0,0,0,0,0,0,0,0,,,,,,,,,,,,,,,12,37,191,397,171,45,125,46,0,0,0,324
'722219,"Bars and rods of stainless steel, only hot-rolled, only hot-drawn or only extruded (excl. of ...",0,0,0,0,0,0,0,0,0,0,0,0,,,,,,,,,,,,,,,41,112,34,45,297,703,761,476,509,439,617,584
'722230,"Other bars and rods of stainless steel, cold-formed or cold-finished and further worked, or ...",0,0,0,0,0,0,0,0,0,0,0,0,,,,,,,,,,,,,,,719,834,470,768,610,455,540,507,495,485,374,639
'722490,Semi-finished products of alloy steel other than stainless,0,0,0,0,0,0,0,0,0,0,0,0,,,,,,,,,,,,,,,258,2,139,669,486,90,221,60,310,403,585,138
'722620,"Flat-rolled products of high-speed steel, of a width of <= 600 mm, hot-rolled or cold-rolled ...",0,0,0,0,0,0,0,0,0,0,0,0,,,,,,,,,,,,,,,0,37,0,0,0,0,16,66,0,0,20,1
'722692,"Flat-rolled products of alloy steel other than stainless, of a width of < 600 mm, not further ...",0,0,0,0,0,0,0,0,0,0,0,0,,,,,,,,,,,,,,,49,29,77,101,66,118,44,156,74,68,12,64
'722710,"Bars and rods of high-speed steel, hot-rolled, in irregularly wound coils",0,0,0,0,0,0,0,0,0,0,0,0,,,,,,,,,,,,,,,0,0,0,0,0,0,0,0,0,0,0,0
'722830,"Bars and rods of alloy steel other than stainless, not further worked than hot-rolled, hot-drawn ...",0,0,0,0,0,0,0,0,0,0,0,0,,,,,,,,,,,,,,,2366,1821,5135,2039,2624,3256,3785,5662,4340,3118,4658,7049
'730441,"Tubes, pipes and hollow profiles, seamless, of circular cross-section, of stainless steel, ...",0,0,0,0,0,0,0,0,0,0,0,0,,,,,,,,,,,,,,,644,508,215,381,153,631,305,338,748,634,196,269
'730451,"Tubes, pipes and hollow profiles, seamless, of circular cross-section, of alloy steel other ...",0,0,0,0,0,0,0,0,0,0,0,0,,,,,,,,,,,,,,,520,481,362,158,336,181,144,53,265,312,725,38
'730711,Tube or pipe fittings of non-malleable cast iron,0,0,0,0,0,0,0,0,0,0,0,0,,,,,,,,,,,,,,,525,770,983,542,485,336,712,405,520,525,749,286
'730722,"Threaded elbows, bends and sleeves of stainless steel (excl. cast products)",0,0,0,0,0,0,0,0,0,0,0,0,,,,,,,,,,,,,,,348,348,240,502,377,465,371,412,325,347,499,427
'730820,"Towers and lattice masts, of iron or steel",0,0,0,0,0,0,0,0,0,0,0,0,,,,,,,,,,,,,,,34,29,30,19,16,8,26,98,159,83,275,2
'844010,"Bookbinding machinery, incl. book-sewing machines (excl. machinery of heading 8441, general-purpose ...",0,0,0,0,0,0,0,0,0,0,0,0,,,,,,,,,,,,,,,436,1032,26,362,150,688,707,157,54,2778,104,544
'844140,"Machines for moulding articles in paper pulp, paper or paperboard (excl. drying equipment)",0,0,0,0,0,0,0,0,0,0,0,0,,,,,,,,,,,,,,,0,5,287,277,15,2,228,153,0,13,8,137
'844311,"Offset printing machinery, reel fed",0,0,0,0,0,0,0,0,0,0,0,0,,,,,,,,,,,,,,,495,11,13,18,16,67,637,14,6,610,6,4
'844400,"Machines for extruding, drawing, texturing or cutting man-made textile materials",0,0,0,0,0,0,0,0,0,0,0,0,,,,,,,,,,,,,,,212,8,3,58,97,50,0,52,12,32,0,186
'844530,Textile doubling or twisting machines,0,0,0,0,0,0,0,0,0,0,0,0,,,,,,,,,,,,,,,0,0,0,1,59,34,86,0,59,20,0,36
'844590,Machines for producing textile yarns and machines for preparing textile yarns for use on machines ...,0,0,0,0,0,0,0,0,0,0,0,0,,,,,,,,,,,,,,,14,66,7,722,3,6,7,0,591,0,77,0
'844711,"Circular knitting machines, with cylinder diameter <= 165 mm",0,0,0,0,0,0,0,0,0,0,0,0,,,,,,,,,,,,,,,314,0,0,31,87,0,0,0,0,0,0,468
'844820,"Parts and accessories of machines for extruding, drawing, texturing or cutting man-made textile ...",0,0,0,0,0,0,0,0,0,0,0,0,,,,,,,,,,,,,,,131,45,33,45,31,159,37,17,39,4,63,6
'844832,"Parts and accessories of machines for preparing textile fibres, n.e.s. (other than card clothing)",0,0,0,0,0,0,0,0,0,0,0,0,,,,,,,,,,,,,,,21,64,50,10,60,59,31,49,23,132,99,50
'843320,"Mowers, incl. cutter bars for tractor mounting (excl. mowers for lawns, parks or sports grounds)",0,0,0,0,0,0,0,0,0,0,0,0,,,,,,,,,,,,,,,682,350,172,1131,485,465,983,486,1503,486,434,527
'843340,"Straw or fodder balers, incl. pick-up balers",0,0,0,0,0,0,0,0,0,0,0,0,,,,,,,,,,,,,,,1317,679,933,2610,2706,901,1412,2504,2387,1021,1802,951
'843352,Threshing machinery (excl. combine harvester-threshers),0,0,0,0,0,0,0,0,0,0,0,0,,,,,,,,,,,,,,,256,171,7,349,6,6,307,511,783,6,4,9
'843680,"Agricultural, horticultural, forestry or bee-keeping machinery, n.e.s.",0,0,0,0,0,0,0,0,0,0,0,0,,,,,,,,,,,,,,,953,1596,1659,1327,1422,695,268,2230,904,848,2179,1801
'843840,"Brewery machinery (excl. centrifuges and filtering, heating or refrigerating equipment)",0,0,0,0,0,0,0,0,0,0,0,0,,,,,,,,,,,,,,,0,0,3,0,71,1,302,1,0,42,3425,1148
'843860,"Machinery for the industrial preparation of fruits, nuts or vegetables (excl. cooking and other ...",0,0,0,0,0,0,0,0,0,0,0,0,,,,,,,,,,,,,,,413,196,256,195,231,952,404,1561,504,497,338,346
'843910,"Machinery for making pulp of fibrous cellulosic material (excl. autoclaves, boilers and other ...",0,0,0,0,0,0,0,0,0,0,0,0,,,,,,,,,,,,,,,431,82,30,0,7,499,216,19,46,310,1,0
'840140,"Parts of nuclear reactors, n.e.s. [Euratom]",0,0,0,0,0,0,0,0,0,0,0,0,,,,,,,,,,,,,,,0,2,0,0,0,0,0,0,0,0,0,0
'840690,"Parts of steam and other vapour turbines, n.e.s.",0,0,0,0,0,0,0,0,0,0,0,0,,,,,,,,,,,,,,,1237,2177,438,3326,4595,1352,1914,3221,17460,947,4175,2334
'841470,Gas-tight biological safety cabinets,0,0,0,0,0,0,0,0,0,0,0,0,,,,,,,,,,,,,,,0,0,0,0,1,4,76,18,15,2,5,4
'841790,"Parts of industrial or laboratory furnaces, non-electric, incl. incinerators, n.e.s.",0,0,0,0,0,0,0,0,0,0,0,0,,,,,,,,,,,,,,,1859,1233,2252,2488,574,531,948,517,145,1181,734,660
'841861,Heat pumps (excl. air conditioning machines of heading 8415),0,0,0,0,0,0,0,0,0,0,0,0,,,,,,,,,,,,,,,954,1745,1930,1841,2153,1634,1480,1985,1124,2107,1307,866
'841891,Furniture designed to receive refrigerating or freezing equipment,0,0,0,0,0,0,0,0,0,0,0,0,,,,,,,,,,,,,,,99,96,138,82,164,141,108,102,156,122,116,38
'841934,"Dryers, for agricultural products (excl. lyophilisation apparatus, freeze drying units and ...",0,0,0,0,0,0,0,0,0,0,0,0,,,,,,,,,,,,,,,80,0,2,441,408,415,701,865,1146,835,779,802
'842091,Cylinders for calendering or other rolling machines (other than for metals or glass),0,0,0,0,0,0,0,0,0,0,0,0,,,,,,,,,,,,,,,248,171,152,149,205,561,525,112,133,38,106,131
'842482,"Agricultural or horticultural mechanical appliances, whether or not hand-operated, for projecting ...",0,0,0,0,0,0,0,0,0,0,0,0,,,,,,,,,,,,,,,2433,2283,2245,1366,1609,2326,1747,1519,1932,1647,995,1418
'842531,Winches and capstans powered by electric motor,0,0,0,0,0,0,0,0,0,0,0,0,,,,,,,,,,,,,,,600,1495,408,895,352,281,503,435,511,394,626,476
'842541,Built-in jacking systems of a type used in garages,0,0,0,0,0,0,0,0,0,0,0,0,,,,,,,,,,,,,,,1,47,196,117,52,128,189,118,132,21,100,59
'842620,Tower cranes,0,0,0,0,0,0,0,0,0,0,0,0,,,,,,,,,,,,,,,218,252,3,507,187,27,0,101,343,273,139,45
'842710,"Self-propelled trucks fitted with lifting or handling equipment, powered by an electric motor",0,0,0,0,0,0,0,0,0,0,0,0,,,,,,,,,,,,,,,5800,6000,7421,7274,7408,8292,6622,10088,7832,7415,6996,8555
'842870,Industrial robots,0,0,0,0,0,0,0,0,0,0,0,0,,,,,,,,,,,,,,,170,107,23,15,137,1344,2813,11,48,0,330,7
'842919,"Self-propelled bulldozers and angledozers, on wheels",0,0,0,0,0,0,0,0,0,0,0,0,,,,,,,,,,,,,,,423,2391,143,125,604,2287,939,368,1599,290,1869,317
'843031,Self-propelled coal or rock cutters and tunnelling machinery (excl. hydraulically operated ...,0,0,0,0,0,0,0,0,0,0,0,0,,,,,,,,,,,,,,,39,477,25,7446,3340,1648,1695,16,0,0,0,1170
'843069,"Earth moving machinery, not self-propelled, n.e.s.",0,0,0,0,0,0,0,0,0,0,0,0,,,,,,,,,,,,,,,716,1864,911,683,785,861,837,1016,776,611,1210,259
'740811,"Wire of refined copper, with a maximum cross-sectional dimension of > 6 mm",0,0,0,0,0,0,0,0,0,0,0,0,,,,,,,,,,,,,,,25167,24160,37631,23829,25529,45941,54065,31215,66562,38960,33394,20306
'740829,"Wire of copper alloys (other than copper-zinc alloys [brass], copper-nickel alloys [cupro-nickel] ...",0,0,0,0,0,0,0,0,0,0,0,0,,,,,,,,,,,,,,,267,272,252,392,1332,2123,270,26,128,320,366,1751
'740919,"Plates, sheets and strip, of refined copper, not in coils, of a thickness of > 0,15 mm (excl. ...",0,0,0,0,0,0,0,0,0,0,0,0,,,,,,,,,,,,,,,0,28,0,12,9,10,28,0,30,0,3,50
'740931,"Plates, sheets and strip, of copper-tin base alloys ""bronze"", of a thickness of > 0,15 mm, ...",0,0,0,0,0,0,0,0,0,0,0,0,,,,,,,,,,,,,,,0,0,0,0,4,0,0,0,0,0,0,0
'741129,"Tubes and pipes of copper alloys (excl. copper-zinc base alloys ""brass"", copper-nickel base ...",0,0,0,0,0,0,0,0,0,0,0,0,,,,,,,,,,,,,,,1,2,31,46,46,27,41,163,95,209,199,24
'750512,"Bars, rods, profiles and wire, of nickel alloys, n.e.s. (excl. electrically insulated products)",0,0,0,0,0,0,0,0,0,0,0,0,,,,,,,,,,,,,,,92,37,256,37,81,78,57,38,152,121,35,64
'760200,"Waste and scrap, of aluminium (excl. slags, scale and the like from iron and steel production, ...",0,0,0,0,0,0,0,0,0,0,0,0,,,,,,,,,,,,,,,740,1053,493,610,1461,854,872,660,959,1044,787,626
'760720,"Aluminium foil, backed, of a thickness (excl. any backing) of <= 0,2 mm (excl. stamping foils ...",0,0,0,0,0,0,0,0,0,0,0,0,,,,,,,,,,,,,,,2258,1676,2266,1510,1750,2204,2053,1171,2057,1712,1338,2432
'761010,"Doors, windows and their frames and thresholds for door, of aluminium (excl. door furniture)",0,0,0,0,0,0,0,0,0,0,0,0,,,,,,,,,,,,,,,1524,866,1122,687,1360,1045,1136,1086,1014,1037,804,602
'761100,"Reservoirs, tanks, vats and similar containers, of aluminium, for any material (other than ...",0,0,0,0,0,0,0,0,0,0,0,0,,,,,,,,,,,,,,,37,0,6,14,1,56,116,14,369,26,316,299
'780419,"Lead plates; lead sheets, strip and foil, of a thickness ""excl. any backing"" of > 0,2 mm",0,0,0,0,0,0,0,0,0,0,0,0,,,,,,,,,,,,,,,119,8,86,3,20,113,381,5,15,1,0,8
'790111,"Unwrought zinc, not alloyed, containing by weight >= 99,99% of zinc",0,0,0,0,0,0,0,0,0,0,0,0,,,,,,,,,,,,,,,5240,13695,12646,10480,15851,15807,7635,11322,22745,10271,16989,6279
'790390,"Zinc powders and flakes (excl. grains of zinc, and spangles of heading 8308, and zinc dust)",0,0,0,0,0,0,0,0,0,0,0,0,,,,,,,,,,,,,,,6,0,1,23,1,13,17,0,1,7,14,0
'790500,"Zinc plates, sheets, strip and foil",0,0,0,0,0,0,0,0,0,0,0,0,,,,,,,,,,,,,,,29,130,13,1,38,30,134,0,108,0,34,71
'810110,Tungsten powders,0,0,0,0,0,0,0,0,0,0,0,0,,,,,,,,,,,,,,,120,1,73,16,0,124,140,406,109,14,166,309
'810295,"Molybdenum bars and rods (other than those obtained simply by sintering), profiles, plates, ...",0,0,0,0,0,0,0,0,0,0,0,0,,,,,,,,,,,,,,,4,21,9,16,0,28,2,24,9,0,24,25
'810297,Molybdenum waste and scrap (excl. ash and residues containing molybdenum),0,0,0,0,0,0,0,0,0,0,0,0,,,,,,,,,,,,,,,0,0,0,0,109,0,0,0,0,0,0,0
'810411,"Unwrought magnesium, containing >= 99,8% by weight of magnesium",0,0,0,0,0,0,0,0,0,0,0,0,,,,,,,,,,,,,,,573,105,496,662,1399,651,238,983,610,734,1213,326
'810921,"Unwrought zirconium and zirconium powders, containing < 1 part hafnium to 500 parts zirconium ...",0,0,0,0,0,0,0,0,0,0,0,0,,,,,,,,,,,,,,,0,0,0,0,0,0,0,0,0,0,0,0
'820140,"Axes, billhooks and similar hewing tools, with working parts of base metal (excl. ice axes)",0,0,0,0,0,0,0,0,0,0,0,0,,,,,,,,,,,,,,,50,68,80,70,78,122,37,89,78,140,104,67
'841013,"Hydraulic turbines and water wheels, of a power > 10.000 kW (excl. hydraulic power engines ...",0,0,0,0,0,0,0,0,0,0,0,0,,,,,,,,,,,,,,,0,0,0,0,0,0,0,0,0,0,0,0
'841121,Turbopropellers of a power <= 1.100 kW,0,0,0,0,0,0,0,0,0,0,0,0,,,,,,,,,,,,,,,1772,1966,2673,6042,5551,5101,2201,728,2888,4706,2453,2125
'841182,Gas turbines of a power > 5.000 kW (excl. turbojets and turbopropellers),0,0,0,0,0,0,0,0,0,0,0,0,,,,,,,,,,,,,,,2550,0,0,0,1105,0,0,0,774,0,0,0
'841239,Pneumatic power engines and motors (excl. linear acting),0,0,0,0,0,0,0,0,0,0,0,0,,,,,,,,,,,,,,,536,579,861,437,606,780,784,521,823,437,1103,1034
'841280,"Engines and motors (excl. steam turbines, internal combustion piston engine, hydraulic turbines, ...",0,0,0,0,0,0,0,0,0,0,0,0,,,,,,,,,,,,,,,89,71,424,134,157,153,36,61,57,115,60,27
'841330,"Fuel, lubricating or cooling medium pumps for internal combustion piston engine",0,0,0,0,0,0,0,0,0,0,0,0,,,,,,,,,,,,,,,9339,7461,8464,8019,7772,8807,8043,7790,7369,6693,7009,6111
'841430,Compressors for refrigerating equipment,0,0,0,0,1,0,0,0,0,0,2,0,,,,,,,,,,,,,,,5189,6709,7864,5055,5916,4728,4462,4404,5366,4079,5412,4950
'820730,"Interchangeable tools for pressing, stamping or punching",0,0,0,0,0,1,0,0,0,3,0,0,,,,,,,,,,,,,,,3275,2785,2483,5910,2047,1547,2420,1573,1851,665,1796,1489
'830160,"Parts of padlocks, locks, clasps and frames with clasps, incorporating locks, of base metal, ...",0,0,0,0,1,0,0,0,0,0,0,0,,,,,,,,,,,,,,,676,1045,885,475,785,567,340,364,704,514,466,477
'830220,Castors with mountings of base metal,0,0,0,0,0,0,0,0,0,0,0,0,,,,,,,,,,,,,,,373,306,390,507,331,464,282,419,332,526,267,266
'830300,"Armoured or reinforced safes, strongboxes and doors and safe deposit lockers for strongrooms, ...",31,35,0,0,0,0,0,0,0,0,0,0,,,,,,,,,,,,,,,316,197,129,574,241,291,122,127,226,218,234,130
'830610,"Bells, gongs and the like, non-electric, of base metal (excl. musical instruments)",0,0,0,0,0,0,0,0,0,0,0,0,,,,,,,,,,,,,,,12,32,39,27,38,71,34,19,33,41,17,25
'830710,"Flexible tubing of iron or steel, with or without fittings",0,38,0,1,5,2,1,48,1,0,1,0,,,,,,,,,,,,,,,1114,858,537,593,369,666,1008,328,713,477,693,405
'731300,"Barbed wire of iron or steel; twisted hoop or single flat wire, barbed or not, and loosely ...",0,0,0,0,0,0,0,0,0,0,0,0,,,,,,,,,,,,,,,111,24,60,35,8,34,52,32,2,50,17,38
'731431,"Grill, netting and fencing, of iron or steel wire, welded at the intersection, plated or coated ...",0,0,0,0,0,0,0,0,0,0,0,0,,,,,,,,,,,,,,,69,25,195,39,94,43,80,31,3,94,105,48
'731441,"Grill, netting and fencing, of iron or steel wire, not welded at the intersection, plated or ...",0,0,0,0,0,0,0,0,0,0,0,0,,,,,,,,,,,,,,,1108,624,545,414,769,1140,880,1187,1105,452,1960,1438
'731450,"Expanded metal, of iron or steel",0,0,0,0,0,0,0,0,0,0,0,0,,,,,,,,,,,,,,,27,135,1,80,15,41,66,105,5,1,109,63
'731519,"Parts of articulated link chain, of iron or steel",0,0,0,0,0,0,0,0,0,0,0,0,,,,,,,,,,,,,,,142,93,260,223,733,126,490,538,148,251,448,294
'731582,"Welded link chain of iron or steel (excl. articulated link chain, skid chain and stud-link ...",0,0,0,0,0,0,0,0,0,0,0,0,,,,,,,,,,,,,,,460,162,398,484,294,670,266,532,594,308,513,212
'845420,"Ingot moulds and ladles, of a kind used in metallurgy or in metal foundries",0,0,0,0,0,0,0,0,0,0,0,0,,,,,,,,,,,,,,,449,31,123,11,0,248,69,69,50,136,753,74
'845510,Mills for rolling metal tubes,0,0,0,0,0,0,0,0,0,0,0,0,,,,,,,,,,,,,,,14,0,0,516,2646,41,83,63,0,0,0,0
'845522,Cold-rolling mills for metal (excl. tube mills),0,0,0,0,0,0,0,0,0,0,0,0,,,,,,,,,,,,,,,364,37,206,476,377,169,105,465,437,195,89,430
'845949,"Boring machines for metals, not numerically controlled (excl. way-type unit head machines and ...",0,0,0,0,0,0,0,0,0,0,0,0,,,,,,,,,,,,,,,30,203,29,82,1,202,31,65,237,23,77,0
'846019,"Flat-surface grinding machines for finishing metal, not numerically controlled",0,0,0,0,0,0,0,0,0,0,0,0,,,,,,,,,,,,,,,2,54,26,12,48,76,21,61,24,38,0,74
'846022,"Centreless grinding machines for finishing metal, numerically controlled (other than gear finishing ...",0,0,0,0,0,0,0,0,0,0,0,0,,,,,,,,,,,,,,,7,0,0,0,0,0,0,0,1,0,0,0
'846090,"Machines for deburring, polishing or otherwise finishing metal or cermets (excl. grinding, ...",0,0,0,0,0,0,0,0,0,0,0,0,,,,,,,,,,,,,,,110,46,34,53,45,103,542,2556,137,123,51,42
'846219,"Hot forming machines for forging, die forging incl. presses, and hot hammers (excl. closed ...",0,0,0,0,0,0,0,0,0,0,0,0,,,,,,,,,,,,,,,30,76,83,55,222,102,36,184,135,19,75,126
'846233,"Numerically controlled shearing machines, for flat products (excl. presses, and combined punching ...",0,0,0,0,0,0,0,0,0,0,0,0,,,,,,,,,,,,,,,1963,51,37,3,24,0,0,14,199,32,0,0
'846420,"Grinding or polishing machines, for working stone, ceramics, concrete, asbestos-cement or like ...",0,0,0,0,0,0,0,0,0,0,0,0,,,,,,,,,,,,,,,124,128,196,272,333,2431,523,221,99,131,599,176
'846721,"Drills of all kinds for working in the hand, with self-contained electric motor",0,0,0,0,0,0,0,7,1,0,0,0,,,,,,,,,,,,,,,2200,2108,2517,1669,1429,2746,1903,2133,1844,2897,1463,2223
'846789,"Tools for working in the hand, hydraulic or with self-contained non-electric motor (excl. chainsaws ...",0,0,0,12,0,0,0,0,0,0,0,0,,,,,,,,,,,,,,,1865,2997,2992,4944,3682,3379,3537,3486,2314,3587,2888,2397
'847010,Electronic calculators capable of operation without an external source of electric power and ...,0,0,0,0,0,0,0,0,0,0,0,0,,,,,,,,,,,,,,,572,537,588,658,2801,2281,335,159,1168,259,189,800
'847090,"Accounting machines, postage-franking machines, ticket-issuing machines and similar machines, ...",0,0,0,0,0,0,0,0,0,0,0,0,,,,,,,,,,,,,,,1971,64,171,1888,2255,457,168,384,221,3931,412,199
'847149,"Data-processing machines, automatic, presented in the form of systems ""comprising at least ...",0,0,3,0,0,0,0,0,0,2,0,0,,,,,,,,,,,,,,,3260,4418,3765,4395,6964,5014,5160,4266,9733,7099,3541,7601
'842219,Dishwashing machines (excl. those of the household type),0,0,0,0,0,0,0,0,0,0,0,0,,,,,,,,,,,,,,,319,393,237,141,621,242,253,628,154,31,562,639
'842230,"Machinery for filling, closing, sealing or labelling bottles, cans, boxes, bags or other containers; ...",0,0,0,0,0,0,0,0,0,0,0,0,,,,,,,,,,,,,,,4403,20581,10149,11033,7112,5088,4070,16980,3056,5696,4993,6679
'420330,"Belts and bandoliers, of leather or composition leather",2,7,5,2,1,0,10,3,0,5,15,0,,,,,,,,,,,,,,,302,293,314,369,348,489,406,366,317,370,340,400
'430110,"Raw furskins of mink, whole, with or without heads, tails or paws",0,0,0,0,0,0,0,0,0,0,0,0,,,,,,,,,,,,,,,0,0,0,0,0,0,0,0,0,2,0,0
'430400,"Artificial fur and articles thereof (excl. gloves made of leather and artificial fur, footware ...",0,0,0,0,0,0,0,0,0,0,0,0,,,,,,,,,,,,,,,13,1,1,1,12,13,2,1,15,154,523,91
'440112,"Fuel wood, in logs, billets, twigs, faggots or similar forms, non-coniferous",0,0,0,0,0,0,0,0,0,0,0,0,,,,,,,,,,,,,,,3179,3040,3501,4104,4126,3887,3481,3073,2837,3034,3107,2781
'440149,"Wood waste and scrap, not agglomerated (excl. sawdust)",0,0,0,0,0,0,0,0,0,0,0,0,,,,,,,,,,,,,,,0,5,7,0,0,6,0,0,1,5,4,0
'440321,"Pine ""Pinus spp."" in the rough, of which the smallest cross-sectional dimension is =>15 cm, ...",0,0,0,0,0,0,0,0,0,0,0,0,,,,,,,,,,,,,,,0,0,0,0,0,0,0,0,0,0,0,9
'440349,"Tropical wood in the rough, whether or not stripped of bark or sapwood, or roughly squared ...",0,0,0,0,0,0,0,0,0,0,0,0,,,,,,,,,,,,,,,3,0,0,0,0,3,0,0,44,0,51,0
'440391,"Oak ""Quercus spp."" in the rough, whether or not stripped of bark or sapwood, or roughly squared ...",0,0,0,0,0,0,0,0,0,0,0,0,,,,,,,,,,,,,,,4,0,0,0,0,0,0,0,0,0,0,0
'440393,"Beech ""Fagus spp."" in the rough, of which any cross-sectional dimension is =>15 cm, whether ...",0,0,0,0,0,0,0,0,0,0,0,0,,,,,,,,,,,,,,,0,0,0,0,0,0,0,0,0,0,0,0
'440691,"Railway or tramway sleepers ""cross-ties"" of wood, impregnated, coniferous",0,0,0,0,0,0,0,0,0,0,0,0,,,,,,,,,,,,,,,0,0,0,0,0,0,0,0,0,1,0,0
'440711,"Pine ""Pinus spp."" sawn or chipped lengthwise, sliced or peeled, whether or not planed, sanded ...",0,0,0,0,0,0,0,0,0,0,0,0,,,,,,,,,,,,,,,6973,7453,8135,8445,7531,7825,7823,4716,6471,7893,7359,6328
'440725,"Dark red meranti, light red meranti and meranti bakau, sawn or chipped lengthwise, sliced or ...",0,0,0,0,0,0,0,0,0,0,0,0,,,,,,,,,,,,,,,686,262,909,1004,817,855,269,125,363,891,1243,448
'440727,"Sapelli, sawn or chipped lengthwise, sliced or peeled, whether or not planed, sanded or end-jointed, ...",0,0,0,0,0,0,0,0,0,0,0,0,,,,,,,,,,,,,,,36,75,2,86,73,36,37,77,105,0,37,37
'440793,"Maple ""Acer spp."", sawn or chipped lengthwise, sliced or peeled, whether or not planed, sanded ...",0,0,0,0,0,0,0,0,0,0,0,0,,,,,,,,,,,,,,,0,4,16,0,4,0,28,0,0,0,0,0
'440795,"Ash ""Fraxinus spp."", sawn or chipped lengthwise, sliced or peeled, whether or not planed, sanded ...",0,0,0,0,0,0,0,0,0,0,0,0,,,,,,,,,,,,,,,227,261,246,141,110,208,227,161,453,272,325,159
'400220,"Butadiene rubber ""BR"", in primary forms or in plates, sheets or strip",0,0,0,0,0,0,0,0,0,0,0,0,,,,,,,,,,,,,,,2283,1978,2105,1525,2154,1716,878,1141,1851,1453,1763,1535
'400239,"Halo-isobutene-isoprene rubber ""CIIR"" or ""BIIR"", in primary forms or in plates, sheets or strip",0,0,0,0,0,0,0,0,0,0,0,0,,,,,,,,,,,,,,,447,629,470,275,230,292,94,184,321,265,510,179
'400260,"Isoprene rubber ""IR"", in primary forms or in plates, sheets or strip",0,0,0,0,0,0,0,0,0,0,0,0,,,,,,,,,,,,,,,26,1,2,6,1,2,4,1,0,5,2,1
'400280,"Mixtures of natural rubber, balata, gutta-percha, guayule, chicle or similar types of natural ...",0,0,0,0,0,0,0,0,0,0,0,0,,,,,,,,,,,,,,,0,7,0,0,0,0,0,0,0,8,0,0
'400300,"Reclaimed rubber in primary forms or in plates, sheets or strip",0,0,0,0,0,0,0,0,0,0,0,0,,,,,,,,,,,,,,,410,452,304,573,372,620,333,253,450,516,493,401
'400520,"Compounded rubber, unvulcanised, in the form of solutions or dispersions (excl. rubber compounded ...",0,0,0,0,0,0,0,0,0,0,0,0,,,,,,,,,,,,,,,15,15,129,34,51,68,72,8,10,84,38,76
'400912,"Tubes, pipes and hoses, of vulcanised rubber (excl. hard rubber), not reinforced or otherwise ...",0,0,0,0,0,0,1,0,0,0,1,0,,,,,,,,,,,,,,,84,241,222,186,424,211,285,243,191,180,243,324
'400921,"Tubes, pipes and hoses, of vulcanised rubber (excl. hard rubber), reinforced or otherwise combined ...",1,0,0,0,0,0,0,0,0,0,0,0,,,,,,,,,,,,,,,1197,1590,2744,2043,1554,2407,2567,3026,1637,2368,2085,1981
'401211,"Retreaded pneumatic tyres, of rubber, of a kind used on motor cars ""incl. station wagons and ...",0,0,0,0,0,0,0,0,0,0,0,0,,,,,,,,,,,,,,,0,0,0,0,0,0,0,0,0,0,0,0
'401213,"Retreaded pneumatic tyres, of rubber, of a kind used on aircraft",0,0,0,0,0,0,0,0,0,0,0,0,,,,,,,,,,,,,,,107,140,124,178,92,61,53,132,132,72,233,155
'401410,"Sheath contraceptives, of vulcanised rubber (excl. hard rubber)",0,0,0,0,0,0,0,0,0,0,0,0,,,,,,,,,,,,,,,132,392,368,942,1486,124,4456,650,379,732,774,1860
'401490,"Hygienic or pharmaceutical articles, incl. teats, of vulcanised rubber (excl. hard rubber), ...",0,3,0,0,0,0,0,0,0,0,0,0,,,,,,,,,,,,,,,446,141,79,96,77,158,480,144,562,1376,583,597
'401691,"Floor coverings and mats, of vulcanised rubber (excl. hard rubber), with chamfered sides, rounded ...",0,0,1,1,0,1,0,0,2,0,1,0,,,,,,,,,,,,,,,433,354,692,709,571,507,885,608,631,570,516,821
'401700,"Hard rubber, e.g. ebonite, in all forms, incl. waste and scrap; articles of hard rubber, n.e.s.",0,0,0,0,0,0,0,0,0,0,0,0,,,,,,,,,,,,,,,7,36,63,47,14,17,38,61,23,11,19,14
'410150,"Whole raw hides and skins of bovine ""incl. buffalo"" or equine animals, whether or not dehaired ...",0,0,0,0,0,0,0,0,0,0,0,0,,,,,,,,,,,,,,,0,0,0,0,0,0,0,0,0,0,0,0
'410510,"Skins of sheep or lambs, in the wet state ""incl. wet-blue"", tanned, without wool on, whether ...",0,0,0,0,0,0,0,0,0,0,0,0,,,,,,,,,,,,,,,0,0,0,0,0,29,0,0,0,0,0,0
'410692,"Hides and skins of antelopes, deer, elks, elephants and other animals, incl. sea animals, without ...",0,0,0,0,0,0,0,0,0,0,0,0,,,,,,,,,,,,,,,0,0,0,4,0,0,0,0,0,692,0,0
'410711,"Full grains leather ""incl. parchment-dressed leather"", unsplit, of the whole hides and skins ...",0,0,0,0,0,0,0,0,0,0,0,0,,,,,,,,,,,,,,,136,270,301,352,131,344,472,60,268,328,131,191
'410792,"Grain splits leather ""incl. parchment-dressed leather"", of the portions, strips or sheets of ...",0,0,0,0,0,0,0,0,0,0,0,0,,,,,,,,,,,,,,,8,452,28,119,200,190,8,48,257,37,180,192
'411320,"Leather further prepared after tanning or crusting ""incl. parchment-dressed leather"", of pigs, ...",0,0,0,0,0,0,0,0,0,0,0,0,,,,,,,,,,,,,,,0,12,0,18,2,8,8,0,0,0,9,12
'420211,"Trunks, suitcases, vanity cases, executive-cases, briefcases, school satchels and similar containers, ...",0,0,5,0,0,0,7,1,0,6,0,0,,,,,,,,,,,,,,,101,126,106,143,177,164,207,96,76,142,106,84
'340130,"Organic surface-active products and preparations for washing the skin, in the form of liquid ...",0,0,0,38,0,6,0,0,0,4,4,0,,,,,,,,,,,,,,,3669,3402,4906,3887,3966,3147,3495,3875,2998,1937,4224,3421
'340319,"Lubricant preparations, incl. cutting-oil preparations, bolt or nut release preparations, anti-rust ...",0,0,0,0,0,0,0,0,0,0,0,0,,,,,,,,,,,,,,,2050,2596,3079,3118,3641,4164,4525,4155,3693,1994,4292,3497
'340420,"Poly""oxyethylene"" [polyethylene glycol] waxes",0,0,0,0,0,0,0,0,0,0,0,0,,,,,,,,,,,,,,,235,16,51,23,114,107,10,112,38,68,309,138
'340520,"Polishes, creams and similar preparations, for the maintenance of wooden furniture, floors ...",0,0,0,0,0,0,0,0,0,0,0,0,,,,,,,,,,,,,,,9,35,73,8,106,7,145,5,52,12,61,69
'340700,"Modelling pastes, incl. those put up for children's amusement; preparations known as ""dental ...",0,0,0,0,0,0,0,0,0,0,0,0,,,,,,,,,,,,,,,150,128,252,305,346,253,159,212,114,106,87,194
'350790,"Enzymes and prepared enzymes, n.e.s. (excl. rennet and concentrates thereof)",0,0,0,0,0,0,0,0,0,0,0,0,,,,,,,,,,,,,,,7706,6292,5902,9838,8677,6803,9035,8532,7771,5204,8909,8877
'360340,Detonating caps,0,0,0,0,0,0,0,0,0,0,0,0,,,,,,,,,,,,,,,1907,226,3463,994,224,8385,518,1372,3144,1637,478,2512
'370130,"Photographic plates and film in the flat, sensitised, unexposed, with any side > 255 mm",0,0,0,0,0,0,0,0,0,0,0,0,,,,,,,,,,,,,,,1105,825,1728,1556,1869,966,1389,2747,859,1985,794,1900
'370243,"Photographic film ""incl. instant print film"", sensitised, in rolls, unexposed, without perforations, ...",0,0,0,0,0,0,0,0,0,0,0,0,,,,,,,,,,,,,,,14,6,2,5,8,6,3,10,8,4,8,3
'370610,"Cinematographic film, exposed and developed, whether or not incorporating soundtrack or consisting ...",0,0,0,0,0,0,0,0,0,0,0,0,,,,,,,,,,,,,,,0,0,0,0,0,0,0,0,0,0,0,0
'370790,"Preparation of chemicals for photographic uses, incl. unmixed products put up in measured portions ...",1,0,9,0,0,0,0,0,0,0,1,0,,,,,,,,,,,,,,,1828,705,920,1271,1172,1116,1253,994,1201,848,1341,1078
'380859,Goods of heading 3808 containing one or more of the following substances: alachlor (ISO); aldicarb ...,0,0,0,0,0,0,0,0,0,0,0,0,,,,,,,,,,,,,,,56,58,168,34,1152,85,581,115,157,121,174,75
'380869,"Goods of heading 3808, containing alpha-cypermethrin ""ISO"", bendiocarb ""ISO"", bifenthrin ""ISO"", ...",0,0,0,0,0,0,0,0,0,0,0,0,,,,,,,,,,,,,,,0,1267,2463,3807,117,2015,103,0,112,1339,336,66
'380893,"Herbicides, anti-sprouting products and plant-growth regulators, put up in forms or packings ...",0,0,0,0,0,0,0,0,0,0,0,0,,,,,,,,,,,,,,,19544,18755,27147,25826,18980,19488,18072,21452,13753,23087,14388,15234
'381190,"Oxidation inhibitors, gum inhibitors, viscosity improvers, anti-corrosive preparations and ...",0,0,0,0,0,0,0,0,0,0,0,0,,,,,,,,,,,,,,,3442,2837,1561,2418,3807,3397,2553,2358,1900,1831,3003,3141
'381231,"Mixtures of oligomers of 2,2,4-trimethyl-1,2-dihydroquinoline ""TMQ""",0,0,0,0,0,0,0,0,0,0,0,0,,,,,,,,,,,,,,,132,111,93,65,110,99,45,28,83,61,56,138
'381800,"Chemical elements and compounds doped for use in electronics, in the form of discs, wafers, ...",0,0,0,0,0,0,0,0,0,0,0,0,,,,,,,,,,,,,,,3,1,0,3,1,1,2,0,16,0,1,2
'382319,"Fatty acids, industrial, monocarboxylic; acid oils from refining (excl. stearic acid, oleic ...",0,0,0,0,0,0,0,0,0,0,0,0,,,,,,,,,,,,,,,1429,2824,2025,1292,2504,2754,2912,2586,1226,1278,1580,2256
'382450,Non-refractory mortars and concretes,0,0,0,0,0,0,0,0,0,0,0,0,,,,,,,,,,,,,,,67,59,81,148,33,83,50,139,110,72,182,52
'382489,Mixtures and preparations containing short-chain chlorinated paraffins,0,0,0,0,0,0,0,0,0,0,0,0,,,,,,,,,,,,,,,0,0,0,0,1,0,0,1,0,0,5,0
'382492,Polyglycol esters of methylphosphonic acid,0,0,0,0,0,0,0,0,0,0,0,0,,,,,,,,,,,,,,,0,0,2,217,0,242,0,0,0,0,0,0
'382530,Clinical waste,0,0,0,0,0,0,0,0,0,0,0,0,,,,,,,,,,,,,,,0,0,0,0,0,0,0,0,0,0,0,0
'382561,"Wastes from chemical or allied industries, mainly containing organic constituents (excl. anti-freeze ...",0,0,0,0,0,0,0,0,0,0,0,0,,,,,,,,,,,,,,,0,0,0,0,0,0,0,0,1,1,1,1
'382759,"Mixtures containing perfluorocarbons ""PFCs"" (excl. containing chlorofluorocarbons ""CFCs"", hydrochlorofluorocarbons ...",0,0,0,0,0,0,0,0,0,0,0,0,,,,,,,,,,,,,,,1417,1749,1227,887,638,1357,618,3434,119,54,1183,1286
'382768,"Mixtures containing other hydrofluorocarbons ""HFCs"" than in subheadings of 3827 till 3827.59, ...",0,0,0,0,0,0,0,0,0,0,0,0,,,,,,,,,,,,,,,23,70,5,0,0,0,0,64,0,0,51,0
'390220,"Polyisobutylene, in primary forms",0,0,0,0,0,0,0,0,0,0,0,0,,,,,,,,,,,,,,,1204,1035,983,727,359,626,386,504,1118,662,1506,941
'390440,"Vinyl chloride copolymers, in primary forms (excl. vinyl chloride-vinyl acetate copolymers)",0,0,0,0,0,0,0,0,0,0,0,0,,,,,,,,,,,,,,,42,78,130,113,76,68,104,1,118,77,83,179
'390519,"Poly""vinyl acetate"", in primary forms (excl. in aqueous dispersion)",0,0,0,0,0,0,0,0,0,0,0,0,,,,,,,,,,,,,,,52,55,48,60,43,78,1,0,74,4,41,127
'390529,"Vinyl acetate copolymers, in primary forms (excl. in aqueous dispersion)",0,78,0,0,0,0,0,0,0,0,73,0,,,,,,,,,,,,,,,722,908,1247,503,691,596,767,772,453,1155,548,310
'390939,"Amino-resins, in primary forms (excl. urea, thiourea and melamine resins and MDI)",0,0,0,0,0,0,0,0,0,0,0,0,,,,,,,,,,,,,,,960,964,1392,1127,486,1328,438,955,1698,888,989,740
'391400,"Ion-exchangers based on polymers of heading 3901 to 3913, in primary forms",0,0,0,0,0,0,0,0,0,0,0,0,,,,,,,,,,,,,,,2050,2206,1953,2061,554,1689,1965,1260,1000,1831,1396,1098
'391620,"Monofilament with any cross-sectional dimension of > 1 mm, rods, sticks and profile shapes, ...",1,0,0,1,0,3,0,0,0,0,0,0,,,,,,,,,,,,,,,275,195,408,387,247,814,717,1400,386,254,424,285
'391710,"Artificial guts ""sausage casings"" of hardened protein or cellulose materials",0,0,0,0,0,0,0,0,0,0,0,0,,,,,,,,,,,,,,,1755,2498,786,1861,2114,2075,2225,1779,1272,2094,2217,1836
'391732,"Flexible tubes, pipes and hoses of plastics, not reinforced or otherwise combined with other ...",25,13,7,29,8,9,17,18,11,12,31,0,,,,,,,,,,,,,,,2225,2842,1974,2398,2359,2196,1787,1518,1560,2118,2341,2373
'391910,"Self-adhesive plates, sheets, film, foil, tape, strip and other flat shapes, of plastics, in ...",0,0,0,0,0,0,17,0,0,0,0,0,,,,,,,,,,,,,,,2833,2498,1978,3011,2358,2705,3202,2686,2772,2723,3729,2666
'392020,"Plates, sheets, film, foil and strip, of non-cellular polymers of ethylene, not reinforced, ...",0,0,0,0,0,0,0,0,0,0,0,0,,,,,,,,,,,,,,,3856,5018,4608,6040,7119,8769,5812,4577,5293,3750,5635,4622
'392059,"Plates, sheets, film, foil and strip, of non-cellular acrylic polymers, not reinforced, laminated, ...",0,0,0,0,0,0,0,0,0,0,0,0,,,,,,,,,,,,,,,291,9,69,11,84,91,76,0,172,6,27,72
'392092,"Plates, sheets, film, foil and strip, of non-cellular polyamides, not reinforced, laminated, ...",0,0,0,0,0,0,0,0,0,0,0,0,,,,,,,,,,,,,,,256,327,155,339,338,172,229,171,560,301,557,261
'392094,"Plates, sheets, film, foil and strip, of non-cellular phenolic resins, not reinforced, laminated, ...",0,0,0,0,0,0,0,0,0,0,0,0,,,,,,,,,,,,,,,0,2,1,3,0,2,2,2,0,0,7,5
'392220,"Lavatory seats and covers, of plastics",0,0,0,0,0,0,0,0,0,0,0,0,,,,,,,,,,,,,,,177,224,211,151,168,156,181,236,130,177,234,258
'392330,"Carboys, bottles, flasks and similar articles for the conveyance or packaging of goods, of ...",0,5,6,0,0,12,0,22,0,14,5,0,,,,,,,,,,,,,,,1671,1779,2234,1711,1980,2700,3155,3400,2675,1801,2427,1817
'482040,"Manifold business forms and interleaved carbon sets, of paper or paperboard",0,0,0,0,0,0,0,0,0,0,0,0,,,,,,,,,,,,,,,0,0,1,19,0,0,1,0,12,6,0,1
'482370,"Moulded or pressed articles of paper pulp, n.e.s.",0,0,0,0,0,0,0,0,0,0,0,0,,,,,,,,,,,,,,,357,363,406,289,191,285,314,351,435,436,448,55
'510220,"Coarse animal hair, neither carded nor combed (excl. wool, hair and bristles used in the manufacture ...",0,0,0,0,0,0,0,0,0,0,0,0,,,,,,,,,,,,,,,0,0,0,3,0,0,0,0,0,0,0,0
'511120,"Woven fabrics containing predominantly, but < 85% carded wool or carded fine animal hair by ...",0,0,0,0,0,0,0,0,0,0,0,0,,,,,,,,,,,,,,,0,0,0,0,0,2,1,0,0,0,0,2
'511211,Woven fabrics containing >= 85% combed wool or combed fine animal hair by weight and weighing ...,0,0,0,0,0,0,0,0,0,0,0,0,,,,,,,,,,,,,,,1,1,2,2,10,13,3,2,1,5,11,2
'520612,"Single cotton yarn containing predominantly, but < 85% cotton by weight, of uncombed fibres ...",0,0,0,0,0,0,0,0,0,0,0,0,,,,,,,,,,,,,,,170,177,148,82,167,95,137,38,175,82,26,120
'520635,"Multiple ""folded"" or cabled cotton yarn containing predominantly, but < 85% cotton by weight, ...",0,0,0,0,0,0,0,0,0,0,0,0,,,,,,,,,,,,,,,0,0,0,0,0,0,0,0,0,13,0,0
'520641,"Multiple ""folded"" or cabled cotton yarn containing predominantly, but < 85% cotton by weight, ...",0,0,0,0,0,0,0,0,0,0,0,0,,,,,,,,,,,,,,,0,0,0,0,0,0,0,0,0,0,0,0
'520790,"Cotton yarn containing predominantly, but < 85% cotton by weight, put up for retail sale (excl. ...",0,0,0,0,0,0,0,0,0,0,0,0,,,,,,,,,,,,,,,1,1,3,1,1,2,1,1,4,4,1,2
'520819,"Woven fabrics of cotton, containing >= 85% cotton by weight and weighing <= 200 g/m_, unbleached ...",0,0,0,0,0,0,0,0,0,0,0,0,,,,,,,,,,,,,,,47,51,20,65,181,139,342,349,232,1059,0,976
'520832,"Plain woven fabrics of cotton, containing >= 85% cotton by weight and weighing > 100 g to 200 ...",0,0,0,0,0,0,0,0,0,0,0,0,,,,,,,,,,,,,,,1107,981,1196,1391,631,1207,727,842,832,626,686,449
'520859,"Woven fabrics of cotton, containing >= 85% cotton by weight and weighing <= 200 g/m_, printed ...",0,0,0,0,0,0,0,0,0,0,0,0,,,,,,,,,,,,,,,36,31,10,93,19,149,191,200,65,407,24,45
'520929,"Woven fabrics of cotton, containing >= 85% cotton by weight and weighing > 200 g/m_, bleached ...",0,0,0,0,0,0,0,0,0,0,0,0,,,,,,,,,,,,,,,14,0,16,7,27,21,10,3,6,1,13,53
'521039,"Woven fabrics of cotton, containing predominantly, but < 85% cotton by weight, mixed principally ...",0,0,0,0,0,0,0,0,0,0,0,0,,,,,,,,,,,,,,,29,8,29,9,6,12,15,7,33,2,17,27
'521111,"Plain woven fabrics of cotton, containing predominantly, but < 85% cotton by weight, mixed ...",0,0,0,0,0,0,0,0,0,0,0,0,,,,,,,,,,,,,,,0,0,0,0,7,0,0,0,0,0,0,0
'521152,"Woven fabrics of cotton, containing predominantly, but < 85% cotton by weight, mixed principally ...",0,0,0,0,0,0,0,0,0,0,0,0,,,,,,,,,,,,,,,0,0,7,0,0,0,0,0,3,0,0,0
'521211,"Woven fabrics of cotton, containing predominantly, but < 85% cotton by weight, other than those ...",0,0,0,0,0,0,0,0,0,0,0,0,,,,,,,,,,,,,,,0,0,0,0,0,1,0,0,0,0,0,0
'521221,"Woven fabrics of cotton, containing predominantly, but < 85% cotton by weight, other than those ...",0,0,0,0,0,0,0,0,0,0,0,0,,,,,,,,,,,,,,,0,0,0,0,0,0,0,0,0,0,0,0
'521222,"Woven fabrics of cotton, containing predominantly, but < 85% cotton by weight, other than those ...",0,0,0,0,0,0,0,0,0,0,0,0,,,,,,,,,,,,,,,0,0,2,0,0,0,7,0,0,0,0,0
'530919,"Woven fabrics of flax, containing >= 85% flax by weight, dyed, made of yarn of different colours, ...",0,0,0,0,0,0,0,0,0,0,0,0,,,,,,,,,,,,,,,228,266,426,280,173,197,100,96,126,273,307,159
'441300,"Metallised wood and other densified wood in blocks, plates, strips or profile shapes",0,0,0,0,0,0,0,0,0,0,0,0,,,,,,,,,,,,,,,51,0,126,25,45,15,28,5,18,10,16,1
'441510,"Cases, boxes, crates, drums and similar packings, of wood; cable-drums of wood",0,0,0,0,0,0,0,0,0,0,0,0,,,,,,,,,,,,,,,77,74,90,97,90,137,104,152,82,82,124,79
'441830,"Posts and beams, of wood (excl. products of 4418.81 to 4418.89)",0,0,0,0,0,0,0,0,0,0,0,0,,,,,,,,,,,,,,,27,55,0,26,1,1,0,0,0,0,0,0
'441882,"Cross-laminated timber ""CLT or X-lam""",0,0,0,0,0,0,0,0,0,0,0,0,,,,,,,,,,,,,,,0,1,0,1,0,0,0,0,0,0,0,0
'441892,Cellular wood panels,0,0,0,0,0,0,0,0,0,0,0,0,,,,,,,,,,,,,,,0,0,3,0,0,0,0,0,0,0,0,2
'450390,"Articles of natural cork (excl. cork in square or rectangular blocks, plates, sheets or strips; ...",0,0,0,0,0,0,0,0,0,0,0,0,,,,,,,,,,,,,,,8,0,10,3,7,4,1,11,23,10,8,2
'460121,"Mats, matting and screens of bamboo plaiting materials, flat-woven or bound together in parallel",0,0,0,0,0,0,0,0,0,0,0,0,,,,,,,,,,,,,,,0,26,3,3,12,9,3,5,6,4,5,0
'460199,"Plaiting materials, plaits and similar products of non-vegetable plaiting materials, flat-woven ...",0,0,1,0,0,0,0,0,0,0,0,0,,,,,,,,,,,,,,,28,18,38,146,23,23,66,17,31,61,93,91
'470100,"Mechanical wood pulp, not chemically treated",0,0,0,0,0,0,0,0,0,0,0,0,,,,,,,,,,,,,,,0,0,397,446,218,1,157,58,342,297,49,0
'470500,Wood pulp obtained by a combination of mechanical and chemical pulping processes,0,0,0,0,0,0,0,0,0,0,0,0,,,,,,,,,,,,,,,207,198,222,0,0,0,6,83,359,40,0,302
'480210,Handmade paper and paperboard of any size or shape,0,0,0,0,0,0,0,0,0,0,0,0,,,,,,,,,,,,,,,5,7,33,7,54,8,39,8,7,6,30,10
'480262,"Uncoated paper and paperboard, of a kind used for writing, printing or other graphic purposes, ...",0,0,0,0,0,0,0,0,0,0,0,0,,,,,,,,,,,,,,,128,59,155,143,82,111,41,133,135,68,59,128
'480429,"Sack kraft paper, uncoated, in rolls of a width > 36 cm (excl. unbleached, and goods of heading ...",0,0,0,0,0,0,0,0,0,0,0,0,,,,,,,,,,,,,,,1108,662,1888,1186,1444,1676,1576,1217,1001,1309,2085,1826
'480452,"Kraft paper and paperboard, uncoated, in rolls of a width > 36 cm or in square or rectangular ...",0,0,0,0,0,0,0,0,0,0,0,0,,,,,,,,,,,,,,,0,17,0,0,0,31,9,0,0,0,0,0
'480524,"Testliner ""recycled liner board"", uncoated, in rolls of a width > 36 cm or in square or rectangular ...",0,0,0,0,0,0,0,0,0,0,0,0,,,,,,,,,,,,,,,3234,1309,889,460,945,1276,1044,924,1737,811,1784,1203
'480530,"Sulphite wrapping paper, uncoated, in rolls of a width > 36 cm or in square or rectangular ...",0,0,0,0,0,0,0,0,0,0,0,0,,,,,,,,,,,,,,,5,11,2,55,97,27,2,10,262,3,2,130
'481019,"Paper and paperboard used for writing, printing or other graphic purposes, not containing fibres ...",0,0,0,0,0,0,0,0,0,0,0,0,,,,,,,,,,,,,,,1464,2220,1439,1842,1331,1993,1267,869,1130,1149,2219,1514
'481029,"Paper and paperboard used for writing, printing or other graphic purposes, of which > 10% by ...",0,0,0,0,0,0,0,0,0,0,0,0,,,,,,,,,,,,,,,2566,2867,2126,2052,1331,2228,2167,2009,693,1612,4026,2585
'481031,"Kraft paper and paperboard, bleached uniformly throughout the mass and containing > 95% chemically ...",0,0,0,0,0,0,0,0,0,0,0,0,,,,,,,,,,,,,,,93,22,1,160,60,98,104,3,49,45,47,0
'481920,"Folding cartons, boxes and cases, of non-corrugated paper or paperboard",0,0,3,0,0,4,1,0,0,3,1,0,,,,,,,,,,,,,,,3607,3052,3634,3281,1862,3696,919,2588,2464,2598,2642,2946
'560729,"Twine, cordage, ropes and cables, of sisal or other textile fibres of the genus Agave, whether ...",0,0,0,0,0,0,0,0,0,0,0,0,,,,,,,,,,,,,,,40,2,38,5,37,19,58,1,38,41,17,2
'570220,"Floor coverings of coconut fibres ""coir"", woven, whether or not made up",0,0,0,0,0,0,0,0,0,0,0,0,,,,,,,,,,,,,,,55,32,43,27,94,32,66,28,91,275,88,48
'570249,"Carpets and other floor coverings, of vegetable textile materials or coarse animal hair, woven, ...",0,0,0,0,0,0,0,0,0,0,0,0,,,,,,,,,,,,,,,51,50,59,26,36,87,77,82,63,40,89,126
'570291,"Carpets and other floor coverings, of wool or fine animal hair, woven, not tufted or flocked, ...",0,0,0,0,0,0,0,0,0,0,0,0,,,,,,,,,,,,,,,7,6,0,1,0,9,6,14,0,22,14,16
'570329,"Carpets and other floor coverings, of nylon or other polyamides, tufted ""needle punched"", whether ...",0,0,0,0,0,0,0,0,0,0,0,0,,,,,,,,,,,,,,,264,355,220,228,420,219,264,588,257,591,204,275
'570331,"Turf, of man-made textile materials, tufted ""needle punched"", whether or not made up (excl. ...",50,0,14,33,32,86,30,139,65,78,114,0,,,,,,,,,,,,,,,127,98,303,74,206,278,367,314,263,540,371,253
'580122,"Cut corduroy, of cotton (excl. terry towelling and similar woven terry fabrics, tufted textile ...",0,0,0,0,0,0,0,0,0,0,0,0,,,,,,,,,,,,,,,398,332,227,196,50,333,385,26,363,621,59,294
'580190,"Woven pile fabrics and chenille fabrics (excl. those of man-made fibres, wool or fine animal ...",0,0,0,0,0,0,0,0,0,0,0,0,,,,,,,,,,,,,,,35,2,76,189,56,73,37,12,58,45,94,27
'580220,"Terry towelling and similar woven terry fabrics (excl. those of cotton, narrow woven fabrics ...",0,0,0,0,0,0,0,0,0,0,0,0,,,,,,,,,,,,,,,5,3,11,167,14,11,18,16,32,21,6,13
'580429,"Mechanically made lace in the piece, in strips or in motifs (excl. that of man-made fibres, ...",0,0,0,0,0,0,0,0,0,0,0,0,,,,,,,,,,,,,,,6,26,8,58,39,47,29,5,14,7,25,5
'580810,Braids in the piece,0,0,0,0,0,0,0,0,0,0,0,0,,,,,,,,,,,,,,,189,186,228,197,208,116,25,73,79,154,80,26
'581091,"Embroidery of cotton on a textile fabric ground, in the piece, in strips or in motifs (excl. ...",0,0,0,0,0,0,0,0,0,0,0,0,,,,,,,,,,,,,,,24,13,45,26,89,10,4,12,22,114,16,4
'590110,"Textile fabrics coated with gum or amylaceous substances, of a kind used for the outer covers ...",0,0,0,0,0,0,0,0,0,0,0,0,,,,,,,,,,,,,,,36,29,10,12,30,52,12,52,3,76,4,41
'590699,"Rubberised textile fabrics (excl. knitted or crocheted textile fabrics, adhesive tape of a ...",0,0,0,0,0,0,0,0,0,0,0,0,,,,,,,,,,,,,,,388,269,529,216,265,1254,766,636,858,849,608,1147
'600199,"Pile fabrics, knitted or crocheted (excl. cotton or man-made fibres and ""long pile"" fabrics)",0,0,0,0,0,0,0,0,0,0,0,0,,,,,,,,,,,,,,,24,42,42,7,164,221,217,263,265,178,55,54
'600390,"Knitted or crocheted fabrics of a width of <= 30 cm (excl. of cotton, man-made fibres, wool ...",0,0,0,0,0,0,0,0,0,0,0,0,,,,,,,,,,,,,,,1,0,0,16,0,13,0,0,0,1,0,0
'600521,"Unbleached or bleached cotton warp knit fabrics ""incl. those made on galloon knitting machines"", ...",0,0,0,0,0,0,0,0,0,0,0,0,,,,,,,,,,,,,,,0,0,0,0,0,0,0,16,0,0,0,0
'600523,"Cotton warp knit fabrics of yarns of different colours ""incl. those made on galloon knitting ...",0,0,0,0,0,0,0,0,0,0,0,0,,,,,,,,,,,,,,,0,0,0,0,5,0,0,0,0,0,0,0
'600535,"Warp knit fabrics of synthetic fibres, antimalarial, of a width of > 30 cm",0,0,0,0,0,0,0,0,0,0,0,0,,,,,,,,,,,,,,,26,70,43,56,26,7,8,103,49,97,36,94
'600537,"Dyed warp knit fabrics of synthetic fibres ""incl. those made on galloon knitting machines"", ...",0,0,61,0,0,0,0,0,0,0,0,0,,,,,,,,,,,,,,,2200,1777,2289,1950,2147,2652,1555,1064,3464,3178,1359,1395
'600610,"Fabrics, knitted or crocheted, of a width of > 30 cm, of wool or fine animal hair (excl. warp ...",0,0,0,0,0,0,0,0,0,0,0,0,,,,,,,,,,,,,,,0,1,0,24,30,0,0,32,0,0,0,0
'600631,"Unbleached or bleached fabrics, knitted or crocheted, of synthetic fibres, of a width of > ...",0,0,0,0,0,0,0,0,0,0,0,0,,,,,,,,,,,,,,,189,236,166,738,244,226,84,108,117,122,201,221
'600633,"Fabrics, knitted or crocheted, of synthetic fibres, of yarns of different colours, of a width ...",0,0,0,0,0,0,0,0,0,0,0,0,,,,,,,,,,,,,,,316,295,235,307,553,779,606,495,696,578,539,345
'610331,"Men's or boys' jackets and blazers of wool or fine animal hair, knitted or crocheted (excl. ...",0,0,0,0,0,0,0,0,0,0,0,0,,,,,,,,,,,,,,,2,8,2,3,1,2,0,1,4,11,5,3
'610333,"Men's or boys' jackets and blazers of synthetic fibres, knitted or crocheted (excl. wind-jackets ...",0,2,1,0,0,2,15,1,1,3,0,0,,,,,,,,,,,,,,,498,167,105,95,97,136,151,92,358,141,1063,733
'610349,"Men's or boys' trousers, bib and brace overalls, breeches and shorts of textile materials, ...",3,0,0,6,0,0,2,4,2,0,3,0,,,,,,,,,,,,,,,83,81,82,122,135,131,159,204,110,160,68,88
'610423,"Women's or girls' ensembles of synthetic fibres, knitted or crocheted (excl. ski ensembles ...",0,1,0,0,0,0,0,0,0,0,0,0,,,,,,,,,,,,,,,34,32,4,38,65,18,10,53,37,89,77,65
'610712,"Men's or boys' underpants and briefs of man-made fibres, knitted or crocheted",8,2,5,2,1,2,7,33,71,10,1,0,,,,,,,,,,,,,,,259,283,457,281,284,504,440,541,532,484,467,325
'610722,"Men's or boys' nightshirts and pyjamas of man-made fibres, knitted or crocheted (excl. vests ...",0,0,0,0,0,0,0,0,0,1,0,0,,,,,,,,,,,,,,,75,46,13,34,61,23,23,283,258,169,896,992
'610892,"Women's or girls' nŽgligŽs, bathrobes, dressing gowns, housejackets and similar articles of ...",3,0,0,0,11,3,0,14,6,4,15,0,,,,,,,,,,,,,,,322,470,142,187,280,133,200,598,844,1249,2679,974
'540246,"Filament yarn of polyester, incl. monofilament of < 67 decitex, single, untwisted or with a ...",0,0,0,0,0,0,0,0,0,0,0,0,,,,,,,,,,,,,,,0,13,0,1,0,0,0,0,20,12,0,0
'540310,High-tenacity yarn of viscose rayon filament (excl. sewing thread and yarn put up for retail ...,0,0,0,0,0,0,0,0,0,0,0,0,,,,,,,,,,,,,,,0,0,0,0,25,0,0,0,0,0,0,0
'540332,"Yarn of viscose rayon filament, incl. monofilament of < 67 decitex, single, with a twist of ...",0,0,0,0,0,0,0,0,0,0,0,0,,,,,,,,,,,,,,,0,0,0,0,0,0,0,0,0,0,0,0
'540751,"Woven fabrics of yarn containing >= 85% by weight of textured polyester filaments, incl. monofilament ...",0,0,0,0,0,0,0,0,0,0,0,0,,,,,,,,,,,,,,,468,403,736,380,714,1131,941,860,461,345,379,274
'540774,"Woven fabrics of yarn containing >= 85% synthetic filament by weight, incl. monofilament of ...",0,0,0,0,0,0,0,0,0,0,0,0,,,,,,,,,,,,,,,7,81,4,77,14,121,5,29,19,2,0,7
'540833,"Woven fabrics of yarn containing predominantly, but < 85% artificial filament by weight, incl. ...",0,0,0,0,0,0,0,0,0,0,0,0,,,,,,,,,,,,,,,0,1,2,4,2,1,4,3,0,4,3,5
'550119,"Filament tow as specified in Note 1 to chapter 55, of nylon or other polyamides (excl. of aramids)",0,0,0,0,0,0,0,0,0,0,0,0,,,,,,,,,,,,,,,0,0,0,0,0,0,0,0,0,0,0,0
'550120,"Filament tow as specified in Note 1 to chapter 55, of polyesters",0,0,0,0,0,0,0,0,0,0,0,0,,,,,,,,,,,,,,,6,0,0,0,0,0,0,0,2,0,4,0
'550630,"Acrylic or modacrylic staple fibres, carded, combed or otherwise processed for spinning",0,0,0,0,0,0,0,0,0,0,0,0,,,,,,,,,,,,,,,121,344,351,0,408,230,114,0,11,498,161,0
'550911,Single yarn containing >= 85% nylon or other polyamide staple fibres by weight (excl. sewing ...,0,0,0,0,0,0,0,0,0,0,0,0,,,,,,,,,,,,,,,0,0,0,0,0,0,0,0,0,0,0,0
'551120,"Yarn containing predominantly, but < 85% synthetic staple fibres by weight, put up for retail ...",0,0,0,0,0,0,0,0,0,0,0,0,,,,,,,,,,,,,,,6,3,0,8,21,0,6,21,0,2,5,5
'551211,"Woven fabrics containing >= 85% polyester staple fibres by weight, unbleached or bleached",0,0,0,0,0,0,0,0,0,0,0,0,,,,,,,,,,,,,,,0,24,18,0,12,17,1,0,1,8,53,0
'551319,"Woven fabrics containing predominantly, but < 85% synthetic staple fibres by weight, mixed ...",0,0,0,0,0,0,0,0,0,0,0,0,,,,,,,,,,,,,,,0,0,0,0,16,0,0,0,0,0,0,0
'551331,"Plain woven fabrics containing predominantly, but < 85% polyester staple fibres by weight, ...",0,0,0,0,0,0,0,0,0,0,0,0,,,,,,,,,,,,,,,236,94,183,81,23,239,32,4,73,34,27,7
'551430,"Woven fabrics containing predominantly, but < 85% synthetic staple fibres by weight, mixed ...",0,0,0,0,0,0,0,0,0,0,0,0,,,,,,,,,,,,,,,7,5,15,10,8,36,9,34,13,43,2,5
'551623,"Woven fabrics containing predominantly, but < 85% artificial staple fibres, mixed principally ...",0,0,0,0,0,0,0,0,0,0,0,0,,,,,,,,,,,,,,,1,29,0,1,2,7,1,3,5,2,4,1
'070940,Fresh or chilled celery (excl. celeriac),0,0,0,0,0,0,0,0,0,0,0,0,,,,,,,,,,,,,,,0,0,1,0,0,0,0,0,0,0,0,0
'070951,"Fresh or chilled mushrooms of the genus ""Agaricus""",0,0,0,0,0,0,0,0,0,0,0,0,,,,,,,,,,,,,,,18,9,9,9,0,9,9,9,37,0,8,9
'070960,Fresh or chilled fruits of the genus Capsicum or Pimenta,0,0,0,0,0,0,0,0,0,0,0,0,,,,,,,,,,,,,,,38,44,71,12,30,6,7,9,5,3,1,1
'071040,"Sweetcorn, uncooked or cooked by steaming or by boiling in water, frozen",0,0,0,0,33,0,0,0,0,0,32,0,,,,,,,,,,,,,,,352,851,103,810,97,104,161,189,253,129,239,217
'071350,"Dried, shelled broad beans ""Vicia faba var. major"" and horse beans ""Vicia faba var. equina ...",0,0,0,0,0,0,0,0,0,0,0,0,,,,,,,,,,,,,,,0,0,2,0,23,90,1,0,0,0,0,0
'071390,"Dried, shelled leguminous vegetables, whether or not skinned or split (excl. peas, chickpeas, ...",0,0,0,0,0,0,0,0,0,0,0,0,,,,,,,,,,,,,,,47,128,0,0,114,86,136,143,98,47,80,84
'071490,"Arrowroot, salep, Jerusalem artichokes and similar roots and tubers with high starch or inulin ...",0,0,0,0,0,0,0,0,0,0,0,0,,,,,,,,,,,,,,,1,19,5,0,0,10,0,0,0,0,0,0
'080299,"Nuts, fresh or dried, whether or not shelled or peeled (excl. coconuts, Brazil nuts, cashew ...",0,0,0,0,0,0,0,0,0,0,0,0,,,,,,,,,,,,,,,96,44,110,42,35,21,36,14,3,19,20,60
'080522,Fresh or dried clementines incl. monreales,0,0,0,0,0,0,0,0,0,0,0,0,,,,,,,,,,,,,,,0,0,0,0,0,0,0,123,0,0,0,0
'080840,Fresh quinces,0,0,0,0,0,0,0,0,0,0,0,0,,,,,,,,,,,,,,,0,0,0,0,0,0,0,0,0,0,0,0
'081010,Fresh strawberries,0,0,0,0,0,0,0,0,0,0,0,0,,,,,,,,,,,,,,,14,8,12,12,33,10,9,227,567,602,405,326
'081050,Fresh kiwifruit,0,0,0,0,0,0,0,0,0,0,0,0,,,,,,,,,,,,,,,366,759,619,669,863,223,332,581,632,490,683,215
'090520,"Vanilla, crushed or ground",0,0,0,0,0,0,0,0,0,0,0,0,,,,,,,,,,,,,,,0,1,0,0,2,7,0,3,0,4,4,76
'090710,"Cloves, whole fruit, cloves and stems, neither crushed nor ground",0,0,0,0,0,0,0,0,0,0,0,0,,,,,,,,,,,,,,,321,273,107,368,100,703,213,325,261,126,115,466
'090720,"Cloves, whole fruit, cloves and stems, crushed or ground",0,0,0,52,0,99,4,37,0,64,29,0,,,,,,,,,,,,,,,17,4,16,77,189,155,25,163,17,87,129,41
'091011,"Ginger, neither crushed nor ground",0,0,0,0,0,0,0,0,63,0,0,0,,,,,,,,,,,,,,,390,569,347,383,486,258,253,381,263,571,513,659
'091030,"Turmeric ""curcuma""",0,0,0,0,0,0,0,0,0,0,0,0,,,,,,,,,,,,,,,280,761,627,814,928,562,816,353,615,382,865,463
'100821,Millet seed for sowing (excl. grain sorghum),0,0,0,0,0,0,0,0,0,0,0,0,,,,,,,,,,,,,,,16,0,114,68,15,108,21,32,68,503,25,134
'100860,Triticale,0,0,0,0,0,0,0,0,0,0,0,0,,,,,,,,,,,,,,,0,3,0,0,0,0,0,0,0,0,0,0
'100890,"Cereals (excl. wheat and meslin, rye, barley, oats, maize, rice, grain sorghum, buckwheat, ...",0,0,0,0,0,0,0,0,0,0,0,0,,,,,,,,,,,,,,,0,16,82,21,6,0,1,20,0,0,0,0
'110429,"Grains of cereals, hulled, pearled, sliced, kibbled or otherwise worked (excl. rolled, flaked, ...",0,0,0,0,0,0,0,0,0,0,0,0,,,,,,,,,,,,,,,65,24,0,0,3,20,22,0,0,0,1,12
'110430,"Germ of cereals, whole, rolled, flaked or ground",0,0,0,0,0,0,0,0,0,0,0,0,,,,,,,,,,,,,,,0,0,0,0,0,0,0,0,1,0,0,0
'120300,Copra,0,0,0,0,0,0,0,0,0,0,0,0,,,,,,,,,,,,,,,0,0,1,0,0,0,0,0,0,0,0,0
'120400,"Linseed, whether or not broken",0,0,0,0,0,0,0,0,0,0,0,0,,,,,,,,,,,,,,,62,5,31,33,154,117,55,110,142,45,128,11
'120740,"Sesamum seeds, whether or not broken",0,0,0,0,0,0,0,0,0,0,0,0,,,,,,,,,,,,,,,153,146,215,406,256,240,212,347,243,257,123,266
'121140,"Poppy straw, fresh, chilled, frozen or dried, whether or not cut, crushed or powdered",0,0,0,0,0,0,0,0,0,0,0,0,,,,,,,,,,,,,,,0,0,0,0,0,0,0,0,0,0,1,0
'121229,"Seaweeds and other algae, fresh, chilled, frozen or dried, whether or not ground, unfit for ...",2,0,0,0,0,0,0,0,0,0,0,0,,,,,,,,,,,,,,,353,294,64,295,174,235,540,284,259,224,397,254
'130214,Saps and extracts of ephedra,0,0,0,0,0,0,0,0,0,0,0,0,,,,,,,,,,,,,,,0,0,0,1,0,0,0,0,0,0,0,0
'130231,"Agar-agar, whether or not modified",0,0,0,0,0,0,0,0,0,0,0,0,,,,,,,,,,,,,,,37,26,100,3,43,17,74,8,57,30,33,32
'140110,Bamboos,0,0,0,0,0,0,0,0,0,0,0,0,,,,,,,,,,,,,,,50,8,11,9,18,8,31,5,5,53,17,7
'150600,"Other animal fats and oils and their fractions, whether or not refined, but not chemically ...",0,0,0,0,0,0,0,0,0,0,0,0,,,,,,,,,,,,,,,0,0,0,0,0,0,0,0,0,0,0,0
'150890,"Groundnut oil and its fractions, whether or not refined (excl. chemically modified and crude)",0,0,0,0,0,0,0,0,0,0,0,0,,,,,,,,,,,,,,,0,26,3,1,182,0,1,24,5,0,0,21
'150920,"Extra virgin olive oil ""EU cat. 1"" obtained from the fruit of the olive tree solely by mechanical ...",0,0,0,0,0,0,0,0,0,0,0,0,,,,,,,,,,,,,,,976,2781,1697,1772,3029,1837,1073,3192,3132,501,1913,2557
'150990,"Olive oil ""EU cat. 4 and 5"" and fractions obtained from the fruit of the olive tree solely ...",0,0,0,0,0,0,0,0,0,0,0,0,,,,,,,,,,,,,,,84,262,254,179,183,257,237,107,237,15,129,193
'151211,Crude sunflower-seed or safflower oil,0,0,0,0,0,0,0,0,0,0,0,0,,,,,,,,,,,,,,,2,90,27221,14230,31672,13906,14004,35972,0,14355,8061,0
'151610,"Animal fats and oils and their fractions, partly or wholly hydrogenated, inter-esterified, ...",0,0,0,0,0,0,0,0,0,0,0,0,,,,,,,,,,,,,,,160,308,0,62,0,0,62,155,106,0,181,30
'151630,"Microbial fats and oils and their fractions, partly or wholly hydrogenated, inter-esterified, ...",0,0,0,0,0,0,0,0,0,0,0,0,,,,,,,,,,,,,,,0,0,0,0,46,0,0,0,0,0,1,0
'160210,"Homogenised prepared meat, offal, blood or insects, put up for retail sale as infant food or ...",0,0,0,0,0,0,0,0,0,0,0,0,,,,,,,,,,,,,,,0,0,0,0,0,0,0,0,0,0,0,0
'160249,"Prepared or preserved meat and offal of swine, incl. mixtures (excl. hams, shoulders and cuts ...",0,0,0,0,0,0,0,0,0,0,0,0,,,,,,,,,,,,,,,202,518,419,618,691,414,550,620,442,635,506,592
'160300,"Extracts and juices of meat, fish or crustaceans, molluscs and other aquatic invertebrates",0,0,0,0,0,0,0,0,0,0,0,0,,,,,,,,,,,,,,,6,0,2,0,18,1,1,9,21,0,0,96
'160412,"Prepared or preserved herrings, whole or in pieces (excl. minced)",0,0,0,0,0,0,0,0,0,0,0,0,,,,,,,,,,,,,,,0,0,0,0,0,1,51,0,0,115,0,0
'160414,"Prepared or preserved tunas, skipjack and Atlantic bonito, whole or in pieces (excl. minced)",0,0,0,0,0,0,0,0,0,0,0,0,,,,,,,,,,,,,,,627,1197,1557,2089,2659,1860,2909,3919,1095,1680,1881,2523
'160431,Caviar,0,0,0,0,0,0,0,0,0,0,0,0,,,,,,,,,,,,,,,0,111,27,11,23,15,81,165,0,58,85,38
'170112,Raw beet sugar (excl. added flavouring or colouring),0,0,0,0,0,0,0,0,0,0,0,0,,,,,,,,,,,,,,,0,122,33,0,0,0,0,0,0,0,0,0
'170199,"Cane or beet sugar and chemically pure sucrose, in solid form (excl. cane and beet sugar containing ...",0,0,0,0,0,0,0,0,0,0,0,0,,,,,,,,,,,,,,,5913,26280,16149,4017,3585,5609,7032,11980,6949,6247,8473,10050
'010129,Live horses (excl. pure-bred for breeding),0,0,0,0,0,0,0,0,0,0,0,0,,,,,,,,,,,,,,,9,233,17,40,834,14,1185,6,11,1980,6,842
'010229,Live cattle (excl. pure-bred for breeding),0,0,0,0,0,0,0,0,0,0,0,0,,,,,,,,,,,,,,,1725,2539,2232,4029,3241,1907,2027,1887,2276,3510,3009,2467
'010513,"Live domestic ducks, weighing <= 185 g",0,0,0,0,0,0,0,0,0,0,0,0,,,,,,,,,,,,,,,0,0,0,0,0,0,0,0,0,0,0,0
'010515,"Live domestic guinea fowls, weighing <= 185 g",0,0,0,0,0,0,0,0,0,0,0,0,,,,,,,,,,,,,,,0,0,0,0,0,0,0,0,0,0,0,0
'010619,"Live mammals (excl. primates, whales, dolphins and porpoises, manatees and dugongs, seals, ...",0,0,0,0,0,0,0,0,0,0,0,0,,,,,,,,,,,,,,,43,380,53,2,1,8,1,8,0,2,7,3
'020130,"Fresh or chilled bovine meat, boneless",0,0,0,0,0,0,0,0,0,0,0,0,,,,,,,,,,,,,,,0,1,3,19,0,35,26,0,0,0,0,0
'020322,"Frozen hams, shoulders and cuts thereof of swine, with bone in",0,0,0,0,0,0,0,0,0,0,0,0,,,,,,,,,,,,,,,0,0,0,0,0,0,0,0,0,0,32,201
'020422,"Fresh or chilled cuts of sheep, with bone in (excl. carcases and half-carcases)",0,0,0,0,0,0,0,0,0,0,0,0,,,,,,,,,,,,,,,0,0,0,0,11,0,0,0,0,0,0,0
'020443,Frozen boneless cuts of sheep,0,0,0,0,0,0,0,0,0,0,0,0,,,,,,,,,,,,,,,0,0,0,0,0,0,0,0,0,0,0,0
'020649,"Edible offal of swine, frozen (excl. livers)",0,0,0,0,0,0,0,0,0,0,0,0,,,,,,,,,,,,,,,650,753,969,1121,1022,1061,1082,1409,1523,1036,1676,1852
'020711,"Fresh or chilled fowls of the species Gallus domesticus, not cut in pieces",0,0,0,0,0,0,0,0,0,0,0,0,,,,,,,,,,,,,,,0,0,0,0,0,0,0,0,0,0,2,0
'020724,"Fresh or chilled turkeys of the species domesticus, not cut in pieces",0,0,0,0,0,0,0,0,0,0,0,0,,,,,,,,,,,,,,,0,0,0,0,0,0,0,0,0,0,0,0
'020745,Frozen cuts and edible offal of domestic ducks,0,0,0,0,0,0,0,0,0,0,0,0,,,,,,,,,,,,,,,0,0,0,0,0,43,0,0,0,0,86,0
'020755,Frozen cuts and edible offal of domestic geese,0,0,0,0,0,0,0,0,0,0,0,0,,,,,,,,,,,,,,,0,0,0,0,0,0,0,0,0,0,0,1
'020760,"Meat and edible offal of domestic guinea fowls, fresh, chilled or frozen",0,0,0,0,0,0,0,0,0,0,0,0,,,,,,,,,,,,,,,0,0,0,0,0,0,0,0,0,0,0,0
'020850,"Fresh, chilled or frozen meat and edible offal of reptiles ""e.g. snakes, turtles, crocodiles""",0,0,0,0,0,0,0,0,0,0,0,0,,,,,,,,,,,,,,,0,0,0,0,0,0,0,0,0,0,0,0
'021099,"Meat and edible offal, salted, in brine, dried or smoked, and edible flours and meals of meat ...",0,0,0,0,0,0,0,0,0,0,0,0,,,,,,,,,,,,,,,5,5,0,4,0,0,0,0,0,0,0,0
'030211,"Fresh or chilled trout ""Salmo trutta, Oncorhynchus mykiss, Oncorhynchus clarki, Oncorhynchus ...",0,0,0,0,0,0,0,0,0,0,0,0,,,,,,,,,,,,,,,301,155,424,456,776,842,700,632,964,447,0,0
'030213,"Fresh or chilled Pacific salmon ""Oncorhynchus nerka, Oncorhynchus gorbuscha, Oncorhynchus keta, ...",0,0,0,0,0,0,0,0,0,0,0,0,,,,,,,,,,,,,,,0,0,0,0,0,0,0,0,0,0,0,0
'030247,"Fresh or chilled swordfish ""Xiphias gladius""",0,0,0,0,0,0,0,0,0,0,0,0,,,,,,,,,,,,,,,0,0,0,0,0,0,0,0,0,0,0,0
'030249,"Fresh or chilled Indian mackerels ""Rastrelliger spp."", seerfishes ""Scomberomorus spp."", jacks, ...",0,0,0,0,0,0,0,0,0,0,0,0,,,,,,,,,,,,,,,0,0,0,0,0,0,0,0,0,0,0,0
'030272,"Fresh or chilled catfish ""Pangasius spp., Silurus spp., Clarias spp., Ictalurus spp.""",0,0,0,0,0,0,0,0,0,0,0,0,,,,,,,,,,,,,,,0,0,0,0,0,0,0,0,0,0,0,0
'030284,"Fresh or chilled sea bass ""Dicentrarchus spp.""",0,0,0,0,0,0,0,0,0,0,0,0,,,,,,,,,,,,,,,15,11,14,15,17,32,28,51,40,55,62,37
'030289,"Fresh or chilled fish, n.e.s.",0,0,0,0,0,0,0,0,0,0,0,0,,,,,,,,,,,,,,,11,10,2,7,29,14,13,17,4,5,13,10
'030313,"Frozen, Atlantic salmon ""Salmo salar"" and Danube salmon ""Hucho hucho""",0,0,0,0,0,0,0,0,0,0,0,0,,,,,,,,,,,,,,,268,493,70,187,89,226,467,969,337,281,107,789
'030319,"Frozen salmonidae (excl. trout and Pacific, Atlantic and Danube salmon)",0,0,0,0,0,0,0,0,0,0,0,0,,,,,,,,,,,,,,,0,0,0,0,0,0,0,0,0,0,0,0
'030329,"Frozen, Nile perch (Lates niloticus) and snakeheads (Channa spp.)",0,0,0,0,0,0,0,0,0,0,0,0,,,,,,,,,,,,,,,0,46,15,21,18,63,26,0,79,58,31,52
'030346,"Frozen Southern bluefin tunas ""Thunnus maccoyii""",0,0,0,0,0,0,0,0,0,0,0,0,,,,,,,,,,,,,,,0,0,0,0,0,0,0,0,0,0,0,0
'030363,"Frozen cod ""Gadus morhua, Gadus ogac, Gadus macrocephalus""",0,0,0,0,0,0,0,0,0,0,0,0,,,,,,,,,,,,,,,0,0,0,0,0,0,25,0,0,0,0,0
'030433,"Fresh or chilled fillets of Nile perch ""Lates niloticus""",0,0,0,0,0,0,0,0,0,0,0,0,,,,,,,,,,,,,,,0,0,0,0,0,0,0,0,0,0,0,0
'030482,"Frozen fillets of trout ""Salmo trutta, Oncorhynchus mykiss, Oncorhynchus clarki, Oncorhynchus ...",0,0,0,0,0,0,0,0,0,0,0,0,,,,,,,,,,,,,,,0,0,0,0,215,0,0,90,0,31,7,0
'030486,"Frozen fillets of herring ""Clupea harengus, Clupea pallasii""",0,0,0,0,0,0,0,0,0,0,0,0,,,,,,,,,,,,,,,0,0,0,0,0,65,0,0,0,0,0,0
'030499,Frozen fish meat n.e.s. (excl. fillets),0,0,0,0,0,0,0,0,0,0,0,0,,,,,,,,,,,,,,,197,265,192,285,127,107,49,125,220,269,284,204
'030543,"Smoked trout ""Salmo trutta, Oncorhynchus mykiss, Oncorhynchus clarki, Oncorhynchus aguabonita, ...",0,0,0,0,0,0,0,0,0,0,0,0,,,,,,,,,,,,,,,0,0,0,0,0,0,0,0,0,0,0,0
'030631,"Rock lobster and other sea crawfish ""Palinurus spp., Panulirus spp. and Jasus spp."", whether ...",0,0,0,0,0,0,0,0,0,0,0,0,,,,,,,,,,,,,,,0,0,0,0,0,0,0,1,0,0,0,0
'030699,"Crustaceans, fit for human consumption, whether in shell or not, dried, salted, smoked or in ...",0,0,0,0,0,0,0,0,0,0,0,0,,,,,,,,,,,,,,,0,0,0,0,0,0,0,0,0,0,0,0
'030731,"Live, fresh or chilled, not smoked, mussels ""Mytilus spp., Perna spp."", with or without shell",0,0,0,0,0,0,0,0,0,0,0,0,,,,,,,,,,,,,,,0,0,0,0,0,0,0,0,0,0,0,0
'030910,"Flours, meals and pellets of fish, fit for human consumption",0,0,0,0,0,0,0,0,0,0,0,0,,,,,,,,,,,,,,,0,2,0,0,0,0,0,0,0,0,0,0
'040510,Butter (excl. dehydrated butter and ghee),0,0,0,0,0,0,0,0,0,0,0,0,,,,,,,,,,,,,,,412,326,92,179,479,92,176,570,149,576,1146,2387
'040811,"Dried egg yolks, whether or not sweetened",0,0,0,0,0,0,0,0,0,0,0,0,,,,,,,,,,,,,,,579,35,378,237,256,512,547,253,188,255,647,837
'050710,"Ivory, unworked or simply prepared, its powder and waste (excl. cut to shape)",0,0,0,0,0,0,0,0,0,0,0,0,,,,,,,,,,,,,,,0,0,0,0,0,1,0,12,0,1,1,0
'060315,"Fresh cut lilies ""Lilium spp."" and buds, of a kind suitable for bouquets or for ornamental ...",0,0,0,0,0,0,0,0,0,0,0,0,,,,,,,,,,,,,,,0,2,0,0,0,1,0,1,0,0,0,1
'060390,"Dried, dyed, bleached, impregnated or otherwise prepared cut flowers and buds, of a kind suitable ...",0,0,0,0,0,0,0,0,0,0,0,0,,,,,,,,,,,,,,,9,4,13,7,17,13,14,13,6,14,18,15
'180400,"Cocoa butter, fat and oil",0,0,0,0,0,0,0,0,0,0,0,0,,,,,,,,,,,,,,,6233,6029,5960,6832,1620,3242,7135,5817,592,1196,7804,4452
'180610,"Cocoa powder, sweetened",0,0,0,0,0,0,0,0,0,0,0,0,,,,,,,,,,,,,,,480,278,209,414,582,261,245,298,479,293,478,295
'180631,"Chocolate and other preparations containing cocoa, in blocks, slabs or bars of <= 2 kg, filled",0,0,0,0,0,0,0,0,0,0,0,0,,,,,,,,,,,,,,,2895,3085,4621,2666,3319,2624,2817,2619,3104,2989,2772,3822
'200290,"Tomatoes, prepared or preserved otherwise than by vinegar or acetic acid (excl. whole or in ...",0,0,0,0,0,0,0,0,0,0,0,0,,,,,,,,,,,,,,,3262,1167,2026,970,1210,1111,1583,1248,1485,2221,1848,2719
'200310,"Mushrooms of the genus ""Agaricus"", prepared or preserved otherwise than by vinegar or acetic ...",0,0,0,0,0,0,0,0,0,0,0,0,,,,,,,,,,,,,,,56,87,6,75,157,132,74,90,57,16,102,58
'200510,"Homogenised vegetables put up for retail sale as infant food or for dietetic purposes, in containers ...",0,0,0,0,0,0,0,0,0,0,0,0,,,,,,,,,,,,,,,3,0,0,0,29,12,0,0,0,0,3,0
'200570,"Olives, prepared or preserved otherwise than by vinegar or acetic acid (excl. frozen)",0,0,0,0,0,0,0,0,0,0,0,0,,,,,,,,,,,,,,,278,192,526,347,317,412,181,283,568,263,441,488
'200599,"Vegetables and mixtures of vegetables, prepared or preserved otherwise than by vinegar, non-frozen ...",0,0,0,0,0,0,0,0,0,0,0,0,,,,,,,,,,,,,,,266,351,839,198,359,411,325,295,365,181,413,334
'200840,"Pears, prepared or preserved, whether or not containing added sugar or other sweetening matter ...",0,0,0,0,0,0,0,0,0,0,0,0,,,,,,,,,,,,,,,0,0,0,23,0,0,0,0,1,0,0,0
'200931,"Single citrus fruit juice, unfermented, Brix value <= 20 at 20¡C, whether or not containing ...",0,0,0,0,0,0,0,0,0,0,0,0,,,,,,,,,,,,,,,0,0,0,1,0,1,1,1,0,1,0,1
'210112,"Preparations with a basis of extracts, essences or concentrates of coffee or with a basis of ...",0,0,0,3,9,0,0,0,0,0,0,0,,,,,,,,,,,,,,,271,197,450,114,248,378,683,466,505,187,377,472
'220190,"Ordinary natural water, not containing added sugar, other sweetening matter or flavoured; ice ...",0,0,0,0,0,14,0,0,15,0,13,0,,,,,,,,,,,,,,,5,16,9,42,89,65,39,36,44,87,38,85
'220410,Sparkling wine of fresh grapes,0,0,0,0,0,0,0,0,0,0,0,0,,,,,,,,,,,,,,,3707,4919,390,1146,1711,1060,982,1052,731,687,1373,386
'220850,Gin and Geneva,0,0,0,37,0,0,0,0,0,0,0,0,,,,,,,,,,,,,,,471,545,529,1230,844,1279,782,978,1110,862,911,448
'220900,"Vinegar, fermented vinegar and substitutes for vinegar obtained from acetic acid",0,0,0,0,0,0,0,0,0,0,0,0,,,,,,,,,,,,,,,472,473,302,608,530,294,267,374,250,245,289,489
'230240,"Bran, sharps and other residues of cereals, whether or not in the form of pellets, derived ...",0,0,0,0,0,0,0,0,0,0,0,0,,,,,,,,,,,,,,,36,97,69,73,53,31,9,32,41,21,68,32
'230310,Residues of starch manufacture and similar residues,0,0,0,0,0,0,0,0,0,0,0,0,,,,,,,,,,,,,,,10,16,60,12,141,18,239,10,0,1,187,82
'230650,"Oilcake and other solid residues, whether or not ground or in the form of pellets, resulting ...",0,0,0,0,0,0,0,0,0,0,0,0,,,,,,,,,,,,,,,26,6,0,0,0,2,2,1,2,9,2,0
'230700,Wine lees; argol,0,0,0,0,0,0,0,0,0,0,0,0,,,,,,,,,,,,,,,0,0,0,0,0,0,0,0,0,0,1,0
'240491,"Nicotine containing products intended for the intake of nicotine into the human body, for oral ...",0,0,0,0,0,0,0,0,0,0,0,0,,,,,,,,,,,,,,,556,580,2056,1398,1680,1151,627,810,970,340,1275,935
'250410,Natural graphite in powder or in flakes,0,0,0,0,0,0,0,0,0,0,0,0,,,,,,,,,,,,,,,59,9,108,100,39,99,75,123,21,70,82,93
'250860,Mullite,0,0,0,0,0,0,0,0,0,0,0,0,,,,,,,,,,,,,,,1,0,2,0,0,0,0,0,0,1,0,0
'251110,"Natural barium sulphate ""barytes""",0,0,0,0,0,0,0,0,0,0,0,0,,,,,,,,,,,,,,,245,40,149,77,157,106,12,7,133,31,123,54
'251120,"Natural barium carbonate ""witherite"", whether or not calcined (excl. barium oxide)",0,0,0,0,0,0,0,0,0,0,0,0,,,,,,,,,,,,,,,0,0,0,0,0,0,0,0,0,0,0,0
'251511,"Marble and travertine, crude or roughly trimmed",0,0,0,0,0,0,0,0,0,0,0,0,,,,,,,,,,,,,,,5,5,7,9,68,15,3,0,55,4,34,10
'251612,"Granite, merely cut, by sawing or otherwise, into blocks or slabs of a square or rectangular ...",0,0,0,0,0,0,0,0,0,0,0,0,,,,,,,,,,,,,,,158,519,352,310,437,316,206,72,42,172,62,134
'251710,"Pebbles, gravel, broken or crushed stone, for concrete aggregates, for road metalling or for ...",0,4,0,0,0,0,0,0,0,0,0,0,,,,,,,,,,,,,,,11,70,9,35,101,17,16,29,43,21,22,25
'251730,Tarred macadam,0,0,0,0,0,0,0,0,0,0,0,0,,,,,,,,,,,,,,,0,0,0,0,0,0,0,0,0,0,0,0
'251910,"Natural magnesium carbonate ""magnesite""",0,0,0,0,0,0,0,0,0,0,0,0,,,,,,,,,,,,,,,22,75,108,27,50,48,50,22,100,0,379,229
'260400,Nickel ores and concentrates,0,0,0,0,0,0,0,0,0,0,0,0,,,,,,,,,,,,,,,181,320,162,169,199,318,0,304,151,0,172,183
'261610,Silver ores and concentrates,0,0,0,0,0,0,0,0,0,0,0,0,,,,,,,,,,,,,,,0,0,32,0,0,21,0,0,0,0,0,0
'261790,"Ores and concentrates (excl. iron, manganese, copper, nickel, cobalt, aluminium, lead, zinc, ...",0,0,0,0,0,0,0,0,0,0,0,0,,,,,,,,,,,,,,,0,2,11,0,1,2,16,37,0,19,4,1
'261800,"Granulated slag ""slag sand"" from the manufacture of iron or steel",0,0,0,0,0,0,0,0,0,0,0,0,,,,,,,,,,,,,,,0,0,0,0,384,1,0,0,0,0,0,0
'270600,"Tar distilled from coal, from lignite or from peat, and other mineral tars, whether or not ...",0,0,0,0,0,0,0,0,0,0,0,0,,,,,,,,,,,,,,,145,276,167,227,207,286,152,113,103,168,148,180
'270720,"Toluol ""toluene"" containing > 50% of toluene (excl. chemically defined)",0,0,0,0,0,0,0,0,0,0,0,0,,,,,,,,,,,,,,,4,0,0,0,0,0,0,0,0,0,0,0
'270750,"Aromatic hydrocarbon mixtures of which >= 65% by volume, incl. losses, distils at 250¡C by ...",0,0,0,0,0,0,0,0,0,0,0,0,,,,,,,,,,,,,,,983,434,1103,461,1031,606,392,196,1271,285,170,965
'280519,Alkali or alkaline-earth metals (excl. sodium and calcium),0,0,0,0,0,0,0,0,0,0,0,0,,,,,,,,,,,,,,,0,194,0,0,0,0,0,0,0,0,0,1
'280620,Chlorosulphuric acid,0,0,0,0,0,0,0,0,0,0,0,0,,,,,,,,,,,,,,,0,0,0,0,0,0,0,0,0,0,0,0
'281111,"Hydrogen fluoride ""hydrofluoric acid""",0,0,0,0,0,0,0,0,0,0,0,0,,,,,,,,,,,,,,,150,249,662,606,252,391,361,628,344,457,663,417
'281219,"Chlorides and chloride oxides (excl. carbonyl dichloride ""phosgene"", phosphorus oxy-, tri- ...",0,0,0,0,0,0,0,0,0,0,0,0,,,,,,,,,,,,,,,0,1,0,0,0,0,0,1,0,0,1,0
'281420,Ammonia in aqueous solution,0,0,0,0,0,0,0,0,0,0,0,0,,,,,,,,,,,,,,,3,1,1,0,1,1,4,0,4,0,4,2
'281990,Chromium oxides and hydroxides (excl. chromium trioxide),0,0,0,0,0,0,0,0,0,0,0,0,,,,,,,,,,,,,,,62,8,94,11,84,58,123,65,74,1,54,50
'282590,"Bases, inorganic, and metal oxides, hydroxides and peroxides, n.e.s.",0,0,0,0,0,0,0,0,0,0,0,0,,,,,,,,,,,,,,,111,133,925,389,74,79,62,9,98,33,64,53
'282612,Fluoride of aluminium,0,0,0,0,0,0,0,0,0,0,0,0,,,,,,,,,,,,,,,1044,0,3938,2922,3944,3035,0,407,6,6177,1990,2615
'282739,"Chlorides (excl. ammonium, calcium, magnesium, aluminium, nickel and mercury chloride)",0,0,0,0,0,0,0,0,0,0,0,0,,,,,,,,,,,,,,,126,162,152,37,193,235,176,276,207,146,310,212
'283010,Sodium sulphides,0,0,0,0,0,0,0,0,0,0,0,0,,,,,,,,,,,,,,,63,78,158,97,0,183,116,174,128,191,231,77
'283090,"Sulphides (excl. sodium); polysulphides, whether or not chemically defined (excl. inorganic ...",0,0,0,0,0,0,0,0,0,0,0,0,,,,,,,,,,,,,,,0,10,200,60,107,204,202,519,24,8,63,734
'283230,Thiosulphates,0,0,0,0,0,0,0,0,0,0,0,0,,,,,,,,,,,,,,,207,214,188,107,112,72,175,195,360,576,112,469
'283329,"Sulphates (excl. of sodium, magnesium, aluminium, nickel, copper, barium and mercury)",0,0,0,0,0,0,0,0,0,0,0,0,,,,,,,,,,,,,,,935,384,1000,1061,2905,716,814,1730,1310,1475,1141,794
'283410,Nitrites,0,0,0,0,0,0,0,0,0,0,0,0,,,,,,,,,,,,,,,29,133,183,105,240,92,37,348,112,221,32,290
'283691,Lithium carbonates,0,0,0,0,0,0,0,0,0,0,0,0,,,,,,,,,,,,,,,0,0,0,1,118,20,0,0,18,14,136,0
'283720,Complex cyanides (excl. inorganic or organic compounds of mercury),0,0,0,0,0,0,0,0,0,0,0,0,,,,,,,,,,,,,,,10,15,2,1,1,8,2,1,3,1,1,4
'284700,"Hydrogen peroxide, whether or not solidified with urea",0,0,0,0,0,0,0,0,0,0,0,0,,,,,,,,,,,,,,,309,472,538,303,178,309,388,389,550,286,458,228
'290290,"Cyclic hydrocarbons (excl. cyclanes, cyclenes, benzene, toluene, xylenes, styrene, ethylbenzene ...",0,0,0,0,0,0,0,0,0,0,0,0,,,,,,,,,,,,,,,68,41,277,145,163,212,25,123,189,23,171,375
'290322,Trichloroethylene,0,0,0,0,0,0,0,0,0,0,0,0,,,,,,,,,,,,,,,113,106,290,69,41,0,0,1,21,67,0,19
'290345,"1,1,1,2-Tetrafluoroethane ""HFC-134a"" and 1,1,2,2-tetrafluoroethane ""HFC-134""",0,0,0,0,0,0,0,0,0,0,0,0,,,,,,,,,,,,,,,1229,642,696,1284,675,1203,313,2030,23,379,952,696
'290347,"1,1,1,3,3-Pentafluoropropane ""HFC-245fa"" and 1,1,2,2,3-pentafluoropropane ""HFC-245ca""",0,0,0,0,0,0,0,0,0,0,0,0,,,,,,,,,,,,,,,0,0,0,137,0,0,0,0,0,0,0,121
'290369,"Brominated or iodinated derivatives of acyclic hydrocarbons (excl. methyl bromide ""bromomethane"" ...",0,0,0,0,0,0,0,0,0,0,0,0,,,,,,,,,,,,,,,3,29,193,103,1,39,1,7,27,0,26,221
'290382,"Aldrin (ISO), chlordane (ISO) and heptachlor (ISO)",0,0,0,0,0,0,0,0,0,0,0,0,,,,,,,,,,,,,,,1,0,1,0,0,0,0,1,0,0,4,0
'290511,"Methanol ""methyl alcohol""",0,0,0,0,0,0,0,0,0,0,0,0,,,,,,,,,,,,,,,1134,588,778,998,608,547,1478,1143,900,912,1785,29
'290517,"Dodecan-1-ol ""lauryl alcohol"", hexadecan-1-ol ""cetyl alcohol"" and octadecan-1-ol ""stearyl alcohol""",0,0,0,0,0,0,0,0,0,0,0,0,,,,,,,,,,,,,,,270,155,134,122,123,207,169,61,181,32,71,265
'290529,Unsaturated monohydric acyclic alcohols (excl. acyclic terpene alcohols),0,0,0,0,0,0,0,0,0,0,0,0,,,,,,,,,,,,,,,43,31,98,70,17,146,95,88,65,28,19,22
'290532,"Propylene glycol ""propane-1,2-diol""",0,0,0,0,0,0,0,0,0,0,0,0,,,,,,,,,,,,,,,1006,1029,947,911,1283,1897,1681,2083,1603,1926,1093,1796
'290611,Menthol,0,0,0,0,0,0,0,0,0,0,0,0,,,,,,,,,,,,,,,236,136,354,247,316,313,80,90,117,100,341,383
'290621,Benzyl alcohol,0,0,0,0,0,0,0,0,0,0,0,0,,,,,,,,,,,,,,,95,100,42,97,65,44,53,97,50,22,48,60
'290711,"Phenol ""hydroxybenzene"" and its salts",0,0,0,0,0,0,0,0,0,0,0,0,,,,,,,,,,,,,,,3,66,66,5,1,3,1,7,2,47,1,1
'290721,Resorcinol and its salts,0,0,0,0,0,0,0,0,0,0,0,0,,,,,,,,,,,,,,,97,0,109,3,2,2,0,0,3,279,2,0
'290729,"Polyphenols and phenol-alcohols (excl. resorcinol and hydroquinone ""quinol"" and their salts, ...",0,0,0,0,0,0,0,0,0,0,0,0,,,,,,,,,,,,,,,169,285,86,244,289,188,335,313,378,222,348,224
'290819,"Derivatives containing only halogen substituents and their salts, of phenols or phenol-alcohols ...",0,0,0,0,0,0,0,0,0,0,0,0,,,,,,,,,,,,,,,358,286,255,0,435,78,172,0,0,143,202,261
'290920,"Cyclanic, cyclenic or cycloterpenic ethers and their halogenated, sulphonated, nitrated or ...",0,0,0,0,0,0,0,0,0,0,0,0,,,,,,,,,,,,,,,9,3,12,21,12,0,5,15,4,17,19,9
'291020,"Methyloxirane ""propylene oxide""",0,0,0,0,0,0,0,0,0,0,0,0,,,,,,,,,,,,,,,0,0,0,14,0,0,1,0,0,0,0,1
'291229,"Cyclic aldehydes, without other oxygen function (excl. benzaldehyde)",0,0,0,0,0,0,0,0,0,0,0,0,,,,,,,,,,,,,,,34,7,16,34,37,33,25,32,41,7,32,4
'291250,Cyclic polymers of aldehydes,0,0,0,0,0,0,0,0,0,0,0,0,,,,,,,,,,,,,,,0,67,59,0,73,1,0,124,0,53,0,0
'291450,Ketone-phenols and ketones with other oxygen function,0,0,0,0,0,0,0,0,0,0,0,0,,,,,,,,,,,,,,,14,26,108,23,18,56,66,75,106,61,73,168
'291469,"Quinones (excl. anthraquinone and coenzyme Q10 ""ubidecarenone ""INN"""")",0,0,0,0,0,0,0,0,0,0,0,0,,,,,,,,,,,,,,,82,0,18,10,1,0,1,19,5,94,0,2
'291612,Esters of acrylic acid,0,0,0,0,0,0,0,0,0,0,0,0,,,,,,,,,,,,,,,1818,797,434,625,765,1348,624,671,723,254,887,1000
'291712,"Adipic acid, its salts and esters",0,0,0,0,0,0,0,0,0,0,0,0,,,,,,,,,,,,,,,24,110,93,333,110,303,122,122,117,280,120,404
'291732,Dioctyl orthophthalates,0,0,0,0,0,0,0,0,23,0,0,0,,,,,,,,,,,,,,,0,0,0,0,7,0,0,0,23,2,0,0
'291734,"Esters of orthophthalic acid (excl. dioctyl, dinonyl or didecyl orthophthalates)",0,0,0,0,0,0,0,0,0,0,0,0,,,,,,,,,,,,,,,25,70,26,48,35,10,66,52,42,0,46,46
'291819,"Carboxylic acids with additional oxygen function and their anhydrides, halides, peroxides and ...",0,0,0,0,0,0,0,0,0,0,0,0,,,,,,,,,,,,,,,117,13,108,319,127,192,119,176,140,276,125,162
'291829,"Carboxylic acids with phenol function but without other oxygen function, their anhydrides, ...",0,0,0,0,0,0,0,0,0,0,0,0,,,,,,,,,,,,,,,124,375,220,122,181,174,178,228,253,163,185,189
'291830,"Carboxylic acids with aldehyde or ketone function but without other oxygen function, their ...",0,0,0,0,0,0,0,0,0,0,0,0,,,,,,,,,,,,,,,72,50,4,81,27,129,27,110,99,61,18,64
'292112,"2-""N,N-Dimethylamino""ethylchloride hydrochloride",0,0,0,0,0,0,0,0,0,0,0,0,,,,,,,,,,,,,,,0,2,1,0,0,9,0,10,0,0,0,0
'292122,Hexamethylenediamine and its salts,0,0,0,0,0,0,0,0,0,0,0,0,,,,,,,,,,,,,,,20,9,0,0,0,0,18,18,5,0,0,0
'292145,"1-Naphthylamine ""alpha-naphthylamine"", 2-naphthylamine ""beta-naphthylamine"" and their derivatives; ...",0,0,0,0,0,0,0,0,0,0,0,0,,,,,,,,,,,,,,,0,0,0,0,0,0,0,20,0,1,0,0
'292239,"Amino-aldehydes, amino-ketones and amino-quinones; salts thereof (excl. those containing > ...",0,0,0,0,0,0,0,0,0,0,0,0,,,,,,,,,,,,,,,16,144,2,0,1,2,1,1,2,5,17,6
'292243,Anthranilic acid and its salts,0,0,0,0,0,0,0,0,0,0,0,0,,,,,,,,,,,,,,,0,0,0,0,0,0,0,0,0,0,2,0
'292521,"Chlordimeform ""ISO""",0,0,0,0,0,0,0,0,0,0,0,0,,,,,,,,,,,,,,,0,0,0,0,0,0,0,0,0,0,0,0
'293010,"2-(N,N-Dimethylamino) ethanethiol",0,0,0,0,0,0,0,0,0,0,0,0,,,,,,,,,,,,,,,0,0,0,0,0,5,1,0,0,0,0,0
'293149,"Separate chemically defined non-halogenated organo-phosphorous derivatives, n.e.s.",0,0,0,0,0,0,0,0,0,0,0,0,,,,,,,,,,,,,,,695,273,472,307,470,840,419,363,125,444,557,425
'293220,Lactones,0,0,0,0,0,0,0,0,0,0,0,0,,,,,,,,,,,,,,,666,184,391,201,400,366,299,210,475,260,438,554
'293293,Piperonal,0,0,0,0,0,0,0,0,0,0,0,0,,,,,,,,,,,,,,,12,5,28,0,0,51,0,0,0,74,0,0
'293349,"Heterocyclic compounds with nitrogen hetero-atom[s] only, containing in the structure a quinoline ...",0,0,0,0,0,0,0,0,0,0,0,0,,,,,,,,,,,,,,,428,122,206,199,75,183,11,386,12,202,1075,75
'293352,"Malonylurea ""barbituric acid"" and its salts",0,0,0,0,0,0,0,0,0,0,0,0,,,,,,,,,,,,,,,0,1,0,0,0,1,3,0,0,0,0,0
'293590,Sulphonamides (excl. perfluorooctane sulphonamides),0,0,0,0,0,0,0,0,0,0,0,0,,,,,,,,,,,,,,,182,16,272,496,154,72,337,45,114,249,157,275
'300215,"Immunological products, put up in measured doses or in forms or packings for retail sale (excl. ...",0,0,0,0,0,0,0,0,0,0,0,0,,,,,,,,,,,,,,,9216,10466,17670,10342,13584,16776,15463,8634,27960,18267,17517,12720
'300290,"Human blood; animal blood prepared for therapeutic, prophylactic or diagnostic uses",0,0,0,0,0,0,0,0,0,0,0,0,,,,,,,,,,,,,,,342,6945,1576,2673,2356,1324,2005,920,288,463,915,252
'300320,"Medicaments containing antibiotics, not in measured doses or put up for retail sale (excl. ...",0,0,0,0,0,0,0,0,0,0,0,0,,,,,,,,,,,,,,,31,93,83,252,309,266,197,20,230,195,268,34
'300331,"Medicaments containing insulin, not in measured doses or put up for retail sale",0,0,0,0,0,0,0,0,0,0,0,0,,,,,,,,,,,,,,,0,0,0,0,0,0,0,0,0,0,0,0
'300630,Opacifying preparations for x-ray examinations; diagnostic reagents for administration to patients,0,0,0,0,0,0,0,0,0,0,0,0,,,,,,,,,,,,,,,806,1447,4402,1332,1739,1335,2926,2201,2648,798,3303,1961
'300640,Dental cements and other dental fillings; bone reconstruction cements,0,0,0,1,0,0,0,0,0,0,0,0,,,,,,,,,,,,,,,1121,579,1131,730,1128,513,698,461,544,1607,684,802
'310229,Double salts and mixtures of ammonium sulphate and ammonium nitrate (excl. goods of this chapter ...,0,0,0,0,0,0,0,0,0,0,0,0,,,,,,,,,,,,,,,367,84,111,97,36,58,9,24,300,11,40,4
'310230,"Ammonium nitrate, whether or not in aqueous solution (excl. that in tablets or similar forms, ...",0,0,0,0,0,0,0,0,0,0,0,0,,,,,,,,,,,,,,,864,537,1543,1022,314,198,330,1455,367,0,947,87
'310420,"Potassium chloride for use as fertiliser (excl. that in tablets or similar forms, or in packages ...",0,0,0,0,0,0,0,0,0,0,0,0,,,,,,,,,,,,,,,24000,24626,11961,16503,15831,19309,10278,10199,3199,399,3586,15819
'310510,"Mineral or chemical fertilisers of animal or vegetable origin, in tablets or similar forms, ...",0,0,0,0,0,0,0,0,0,0,0,0,,,,,,,,,,,,,,,9,67,8,11,17,17,12,8,38,37,31,39
'310551,Mineral or chemical fertilisers containing nitrates and phosphates (excl. ammonium dihydrogenorthophosphate ...,0,0,0,0,0,0,0,0,0,0,0,0,,,,,,,,,,,,,,,119,0,207,11,0,5,0,0,97,42,4,4
'310590,Mineral or chemical fertilisers containing the two fertilising elements nitrogen and potassium ...,0,0,0,0,0,0,0,0,0,0,0,0,,,,,,,,,,,,,,,3932,1824,1980,1906,4991,1395,818,1398,848,4558,1628,4801
'320300,"Colouring matter of vegetable or animal origin, incl. dye extracts (excl. animal black), whether ...",0,0,0,0,0,0,0,0,0,0,0,0,,,,,,,,,,,,,,,1077,914,1072,803,719,1480,760,772,900,806,1026,1106
'320500,Colour lakes (other than Chinese or Japanese lacquer and paints); preparations based on colour ...,0,0,0,0,0,0,0,0,0,0,0,0,,,,,,,,,,,,,,,251,729,446,777,756,757,715,606,1005,851,358,606
'320641,Ultramarine and preparations based thereon of a kind used for colouring any material or produce ...,0,0,0,0,0,0,0,0,0,0,0,0,,,,,,,,,,,,,,,89,199,204,5,211,113,110,0,7,0,177,78
'330190,"Extracted oleoresins; concentrates of essential oils in fats, fixed oils, waxes and the like, ...",0,0,0,0,0,0,0,0,0,0,0,0,,,,,,,,,,,,,,,1134,1237,982,919,1012,1357,780,816,833,1003,1390,947
'330410,Lip make-up preparations,0,0,0,0,0,0,0,0,0,0,0,0,,,,,,,,,,,,,,,2052,1982,2026,2739,2654,2599,1815,2403,2442,1700,3820,2085
'330499,"Beauty or make-up preparations and preparations for the care of the skin (other than medicaments), ...",43,0,25,0,0,0,7,0,2,0,0,0,,,,,,,,,,,,,,,19851,17423,20551,21444,20778,16958,16511,17718,16991,14632,22876,20728
'903040,"Instruments and apparatus for measuring or checking electrical quantities, specifically for ...",0,0,0,0,0,7,0,0,0,0,0,0,,,,,,,,,,,,,,,392,556,289,354,260,887,303,326,289,367,925,318
'910191,"Pocket-watches and the like, incl. stop-watches, of precious metal or of metal clad with precious ...",1,0,0,0,0,0,0,0,0,0,0,0,,,,,,,,,,,,,,,1,2,0,0,3,19,0,0,1,1,0,0
'910219,"Wrist-watches, whether or not incorporating a stop-watch facility, electrically operated, with ...",0,0,0,0,0,0,0,0,0,0,0,0,,,,,,,,,,,,,,,370,304,292,389,349,819,482,520,408,455,378,455
'911012,"Incomplete watch movements, assembled",0,0,0,0,0,0,0,0,0,0,0,0,,,,,,,,,,,,,,,1,1,1,1,0,1,1,0,0,0,0,0
'911490,"Clock or watch parts, n.e.s.",0,0,0,0,0,0,0,0,0,0,0,0,,,,,,,,,,,,,,,48,59,60,43,63,47,50,55,46,42,55,80
'920930,Musical instrument strings,0,0,0,0,0,0,0,0,0,0,0,0,,,,,,,,,,,,,,,37,47,51,51,60,69,44,53,55,59,43,45
'940340,Wooden furniture for kitchens (excl. seats),5,5,0,0,1,9,8,3,0,1,4,0,,,,,,,,,,,,,,,660,797,769,946,1036,781,537,701,639,443,561,1083
'940429,"Mattresses, fitted with springs or stuffed or internally filled with any material (excl. cellular ...",0,0,0,0,0,0,0,0,0,0,0,0,,,,,,,,,,,,,,,123,170,29,88,303,212,145,263,117,100,121,188
'940519,Chandeliers and other electric ceiling or wall lighting fittings (excl. for lighting public ...,0,0,0,0,0,0,0,1,0,0,0,0,,,,,,,,,,,,,,,963,565,494,731,581,690,541,306,451,769,676,273
'940531,"Lighting strings of a kind used for Christmas trees, solely for light-emitting diode ""LED"" ...",0,0,0,0,0,0,0,0,0,0,0,0,,,,,,,,,,,,,,,15,102,368,377,240,230,81,12,2,3,79,5
'940560,"Illuminated signs, illuminated nameplates and the like, with a permanently fixed light source",0,0,0,0,0,0,0,0,0,0,0,0,,,,,,,,,,,,,,,0,0,0,0,0,0,2,0,0,0,0,0
'940569,"Illuminated signs, illuminated nameplates and the like, with a permanently fixed light source ...",0,0,0,0,0,0,0,0,0,0,0,0,,,,,,,,,,,,,,,30,55,51,58,95,46,45,46,5,39,102,13
'950510,"Christmas articles (excl. candles and electric lighting sets, natural Christmas trees and Christmas ...",0,0,0,10,0,0,0,0,0,0,0,0,,,,,,,,,,,,,,,72,502,1659,1462,2051,450,271,94,26,18,12,18
'950632,Golf balls,0,0,0,0,0,0,0,6,75,43,26,0,,,,,,,,,,,,,,,778,626,625,453,633,608,361,413,1069,688,595,642
'950659,"Badminton and similar rackets, whether or not strung (other than tennis rackets and table-tennis ...",0,0,0,0,37,0,0,0,0,0,0,0,,,,,,,,,,,,,,,495,228,275,355,369,698,322,344,221,511,506,193
'950669,"Balls (excl. inflatable, tennis balls, golf balls, and table-tennis balls)",0,26,0,3,0,0,0,0,0,0,0,0,,,,,,,,,,,,,,,199,428,475,393,295,628,847,525,335,180,347,311
'960110,"Worked ivory and articles of ivory, n.e.s.",0,0,0,0,0,0,0,0,0,0,0,0,,,,,,,,,,,,,,,0,0,0,1,0,0,0,0,0,1,0,0
'960390,Mops and leather dusters; prepared knots and tufts for broom or brush making; squeegees of ...,0,0,5,2,0,0,0,0,0,0,23,0,,,,,,,,,,,,,,,2037,1908,2215,1708,1701,2190,1492,1900,2046,1769,1461,1506
'960711,Slide fasteners fitted with chain scoops of base metal,0,0,0,0,0,0,0,0,0,0,0,0,,,,,,,,,,,,,,,430,299,394,338,337,280,321,103,372,333,332,197
'960899,"Parts of ball-point pens, felt-tipped and other porous-tipped pens and markers, fountain pens ...",0,0,0,0,0,0,0,0,0,0,0,0,,,,,,,,,,,,,,,226,70,87,341,220,164,393,37,28,238,216,340
'961000,"Slates and boards, with writing or drawing surfaces, whether or not framed",0,0,0,0,0,0,0,0,0,0,0,0,,,,,,,,,,,,,,,211,258,202,353,213,344,289,234,112,195,87,76
'961400,"Smoking pipes, incl. pipe bowls, cigar or cigarette holders, and parts thereof, n.e.s.",0,0,0,0,0,0,0,0,0,0,0,0,,,,,,,,,,,,,,,128,97,306,137,169,188,250,354,205,269,307,316
'970199,"Collages and similar decorative plaques (excl. over 100 years old, and mosaics)",0,0,0,0,0,0,0,0,0,0,0,0,,,,,,,,,,,,,,,610,609,885,1297,59,604,1864,2196,1400,8958,1054,271
'970531,"Collections and collectorsÕ pieces of numismatic interest, over 100 years old",0,0,0,0,0,0,0,0,0,0,0,0,,,,,,,,,,,,,,,17,2,8,6,3,5,4,9,6,3236,31,2
'854519,"Electrodes of graphite or other carbon, for electrical purposes (excl. those used for furnaces)",0,0,0,0,0,0,0,0,0,0,0,0,,,,,,,,,,,,,,,140,97,73,62,155,63,91,251,14,54,104,55
'854520,Carbon brushes for electrical purposes,1,1,0,1,0,0,0,0,1,0,0,0,,,,,,,,,,,,,,,245,260,348,427,270,345,474,156,159,350,374,299
'854690,Electrical insulators (excl. those of glass or ceramics and insulating fittings),0,0,0,0,0,0,0,0,0,0,0,0,,,,,,,,,,,,,,,848,531,609,841,736,534,745,493,885,836,705,621
'870290,"Motor vehicles for the transport of >= 10 persons, incl. driver (excl. with diesel engine or ...",0,0,0,0,0,0,0,0,0,0,0,0,,,,,,,,,,,,,,,106,301,20,39,36,0,0,0,0,0,8,141
'870324,Motor cars and other motor vehicles principally designed for the transport of ...,0,0,0,0,0,0,0,0,0,0,0,0,,,,,,,,,,,,,,,16991,29043,18420,19427,19069,16591,23231,24663,22710,13792,25381,31948
'870332,Motor cars and other motor vehicles principally designed for the transport of ...,0,0,0,0,0,0,0,0,0,0,0,0,,,,,,,,,,,,,,,28503,65993,42506,50430,38331,36608,36233,33611,21280,24030,65071,33649
'870431,"Motor vehicles for the transport of goods, with only spark-ignition internal combustion piston ...",0,0,0,0,0,0,0,0,0,0,0,0,,,,,,,,,,,,,,,10708,7685,9873,12691,11431,14735,9896,17504,6356,3262,8609,9234
'870442,"Motor vehicles for the transport of goods, with both compression-ignition internal combustion ...",0,0,0,0,0,0,0,0,0,0,0,0,,,,,,,,,,,,,,,0,0,0,0,0,0,0,0,0,0,0,0
'870892,"Silencers ""mufflers"" and exhaust pipes, and parts thereof, for tractors, motor vehicles for ...",0,0,0,0,1,0,1,1,0,0,0,0,,,,,,,,,,,,,,,4530,4901,5091,5452,4953,4203,2868,3759,4541,4240,4191,4777
'870894,"Steering wheels, steering columns and steering boxes, and parts thereof, for tractors, motor ...",0,0,0,0,0,0,0,1,0,0,0,0,,,,,,,,,,,,,,,11306,8439,10085,11422,10721,11847,8480,8578,12146,9058,13592,8014
'853620,Automatic circuit breakers for a voltage <= 1.000 V,0,0,4,0,0,0,0,0,0,0,0,0,,,,,,,,,,,,,,,6205,5950,8043,6623,6697,6107,6420,4473,6282,6430,6946,6660
'853661,Lamp holders for a voltage <= 1.000 V,2,0,7,0,0,0,0,0,0,0,0,0,,,,,,,,,,,,,,,163,111,241,241,217,222,291,118,113,292,172,129
'853670,"Connectors for optical fibres, optical fibre bundles or cables",0,0,0,0,0,45,0,3,0,0,0,0,,,,,,,,,,,,,,,584,867,1152,826,1412,1361,1220,912,975,876,858,796
'853932,Mercury or sodium vapour lamps; metal halide lamps,0,0,0,0,0,0,0,0,0,0,0,0,,,,,,,,,,,,,,,141,231,37,54,158,138,63,67,116,20,89,24
'853941,Arc lamps,0,0,0,0,0,0,0,0,0,0,0,0,,,,,,,,,,,,,,,40,38,61,26,46,104,50,56,13,48,36,25
'853990,"Parts of electric filament or discharge lamps, sealed beam lamp units, ultraviolet or infra-red ...",0,0,0,0,0,0,0,0,0,0,0,0,,,,,,,,,,,,,,,25,12,44,20,5,85,65,14,11,14,27,5
'854089,"Electronic valves and tubes (excl. receiver or amplifier valves and tubes, microwave tubes, ...",0,0,0,0,0,0,0,0,0,0,0,0,,,,,,,,,,,,,,,25,39,54,30,28,30,44,30,58,45,32,48
'854239,"Electronic integrated circuits (excl. such as processors, controllers, memories and amplifiers)",0,0,0,0,0,0,0,0,2,0,0,0,,,,,,,,,,,,,,,8403,5194,7263,7649,6083,7415,5095,3889,5256,4661,4623,8393
'902710,Gas or smoke analysis apparatus,0,0,0,0,0,0,1,5,0,0,0,0,,,,,,,,,,,,,,,2044,2980,2500,2316,2935,2585,2583,2643,2424,2458,2815,2121
'902890,"Parts and accessories for gas, liquid or electricity supply or production meters, n.e.s.",0,1155,838,715,0,15,0,532,0,0,0,0,,,,,,,,,,,,,,,201,1866,1541,1240,534,599,450,1168,628,1198,513,276
'902129,Dental fittings (excl. artificial teeth),0,0,0,0,0,0,0,0,0,0,0,0,,,,,,,,,,,,,,,330,552,547,493,565,553,494,340,320,459,465,424
'902511,"Thermometers, liquid-filled, for direct reading, not combined with other instruments",0,0,0,0,0,0,0,0,0,0,0,0,,,,,,,,,,,,,,,29,37,221,56,49,64,64,31,678,31,65,24
'871000,"Tanks and other armoured fighting vehicles, motorised, whether or not fitted with weapons, ...",0,0,0,0,0,0,0,0,0,0,0,0,,,,,,,,,,,,,,,0,23167,340,26,0,2,176,0,3,460,7,1432
'871500,"Baby carriages and parts thereof, n.e.s.",0,0,0,0,0,0,0,0,0,0,0,0,,,,,,,,,,,,,,,364,326,347,387,408,510,334,345,181,341,402,406
'871690,"Parts of trailers and semi-trailers and other vehicles not mechanically propelled, n.e.s.",0,0,0,0,0,0,0,0,0,3,0,0,,,,,,,,,,,,,,,9601,6720,7452,6345,8778,10119,9545,8983,12437,12368,12697,11447
'880621,"Unmanned aircraft, for remote-controlled flight only, with maximum take-off weight <= 250 g",0,0,0,0,0,0,0,0,0,0,0,0,,,,,,,,,,,,,,,258,1026,158,66,294,213,1007,728,74,261,369,4
'880699,"Unmanned aircraft, with maximum take-off weight > 150 kg (excl. for passenger carriage or for ...",0,0,0,0,0,0,0,0,0,0,0,0,,,,,,,,,,,,,,,19,2,0,2,0,0,15,160,0,6,20,31
'900130,Contact lenses,0,0,0,0,0,0,0,0,0,0,0,0,,,,,,,,,,,,,,,795,1142,1191,967,1575,1205,1225,1336,1294,938,1582,1114
'900510,Binoculars,0,0,0,0,0,0,0,0,0,0,2,0,,,,,,,,,,,,,,,678,310,330,549,745,500,598,362,219,310,700,451
'901010,Apparatus and equipment for automatically developing photographic or cinematographic film or ...,0,0,0,0,0,0,0,0,0,0,0,0,,,,,,,,,,,,,,,35,7,31,8,0,149,5,0,0,1,6,0
'901380,"Optical appliances and instruments, n.e.s. in chapter 90",0,0,0,0,0,0,0,0,0,5,0,0,,,,,,,,,,,,,,,383,519,776,712,933,560,548,1312,381,622,527,706
'901410,Direction finding compasses,0,0,0,0,0,0,0,0,0,0,0,0,,,,,,,,,,,,,,,510,297,190,189,42,183,355,221,348,335,389,191
'852712,"Pocket-size radiocassette players [dimensions <= 170 mm x 100 mm x 45 mm], with built-in amplifier, ...",0,0,0,0,0,0,0,0,0,0,0,0,,,,,,,,,,,,,,,37,5,4,8,5,7,9,9,6,4,3,10
'852719,"Radio-broadcast receivers capable of operating without an external source of power, not combined ...",0,0,0,0,0,0,0,0,0,0,0,0,,,,,,,,,,,,,,,25,28,114,57,18,66,114,117,95,52,64,65
'852792,"Radio-broadcast receivers, for mains operation only, not combined with sound recording or reproducing ...",0,0,0,0,0,0,0,0,0,0,0,0,,,,,,,,,,,,,,,0,270,0,18,0,0,25,0,1,0,0,0
'852862,Projectors capable of directly connecting to and designed for use with an automatic data processing ...,0,0,0,4,0,0,0,0,0,0,0,0,,,,,,,,,,,,,,,436,829,1517,1105,1391,1292,863,1366,498,212,112,472
'853210,Fixed capacitors designed for use in 50/60 Hz circuits and having a reactive power-handling ...,0,0,0,0,0,0,0,0,0,0,0,0,,,,,,,,,,,,,,,140,897,522,327,161,315,423,570,173,670,246,210
'853223,"Fixed electrical capacitors, ceramic dielectric, single layer (excl. power capacitors)",0,0,0,0,0,0,0,0,0,0,0,0,,,,,,,,,,,,,,,9,12,21,27,13,24,11,10,10,2,2,9
'853225,"Fixed electrical capacitors, dielectric of paper or plastics (excl. power capacitors)",0,0,0,0,0,0,0,0,0,0,0,0,,,,,,,,,,,,,,,159,210,197,110,316,149,250,252,95,124,203,327
'853329,Fixed electrical resistors for a power handling capacity > 20 W (excl. heating resistors),0,0,0,0,0,0,0,0,0,0,0,0,,,,,,,,,,,,,,,947,279,1007,672,684,469,535,397,793,425,431,640
'853339,"Wirewound variable electrical resistors, incl. rheostats and potentiometers, for a power handling ...",0,0,0,0,0,0,0,0,0,0,0,0,,,,,,,,,,,,,,,7,33,37,46,28,11,8,17,17,33,18,72
'851631,Electric hairdryers,0,0,0,0,0,0,0,0,0,0,0,0,,,,,,,,,,,,,,,1181,874,981,752,792,706,967,865,937,424,778,923
'851660,"Electric ovens, cookers, cooking plates and boiling rings, electric grillers and roasters, ...",0,0,0,0,0,0,0,0,0,0,51,0,,,,,,,,,,,,,,,5869,5937,5574,8208,12295,10018,10122,8100,5409,5149,9049,8862
'851690,"Parts of electric water heaters, immersion heaters, space-heating apparatus and soil-heating ...",0,10,10,0,0,0,0,0,0,0,1,0,,,,,,,,,,,,,,,1933,2600,1257,1527,1475,1763,1066,1276,1634,1675,1550,1559
'851761,"Base stations of apparatus for the transmission or reception of voice, images or other data",0,28,0,0,0,0,0,0,0,0,0,0,,,,,,,,,,,,,,,166,672,183,212,429,262,304,239,300,486,276,260
'851850,Electric sound amplifier sets,0,0,0,12,0,6,0,8,0,0,1,0,,,,,,,,,,,,,,,368,399,177,430,693,239,565,440,346,193,337,155
'852329,Magnetic media for the recording of sound or of other phenomena (excl. cards incorporating ...,3,0,0,0,0,0,0,0,0,0,0,0,,,,,,,,,,,,,,,259,192,229,108,424,103,145,85,160,119,180,172
'852359,"Semiconductor media, unrecorded, for the recording of sound or of other phenomena (excl. solid-state ...",0,0,0,0,0,0,0,0,0,0,0,0,,,,,,,,,,,,,,,344,277,135,291,144,345,222,219,202,105,300,109
'852550,"Transmission apparatus for radio-broadcasting or television, not incorporating reception apparatus",42,2,0,0,8,0,0,5,0,5,0,0,,,,,,,,,,,,,,,386,265,526,636,850,1161,492,390,620,517,409,317
'852582,"Television cameras, digital cameras and video camera recorders, radiation-hardened or radiation-tolerant ...",0,0,1,0,0,0,0,0,5,0,0,0,,,,,,,,,,,,,,,106,14,54,38,16,77,76,69,39,4,0,196
'850660,Air-zinc cells and batteries (excl. spent),0,0,0,0,0,0,0,0,0,0,0,0,,,,,,,,,,,,,,,47,50,35,73,98,49,43,41,89,28,149,74
'850940,"Domestic food grinders and mixers and fruit or vegetable juice extractors, with self-contained ...",0,0,0,0,0,0,0,0,0,0,0,0,,,,,,,,,,,,,,,2315,2359,2631,2060,3074,4042,3252,3221,1978,2893,3328,2604
'851210,Electric lighting or visual signalling equipment of a kind used for bicycles (other than lamps ...,0,0,0,0,0,0,0,0,0,0,0,0,,,,,,,,,,,,,,,109,88,28,50,48,64,85,42,56,59,69,51
'846810,"Hand-held blow pipes, gas-operated, for soldering, brazing or welding",0,0,0,0,0,0,0,0,0,0,0,0,,,,,,,,,,,,,,,44,37,100,50,96,117,47,86,46,52,153,62
'846820,"Gas-operated machinery and apparatus for soldering, brazing, welding or surface tempering (excl. ...",0,0,0,0,0,0,0,0,0,0,0,0,,,,,,,,,,,,,,,58,81,57,66,135,125,161,51,335,70,93,70
'847210,"Duplicating machines ""hectograph or stencil"" (excl. printing machines and photocopying or thermo-copying ...",0,0,0,0,0,0,0,0,0,0,0,0,,,,,,,,,,,,,,,1,151,197,75,53,91,165,183,57,6,1,35
'847480,"Machinery for agglomerating, shaping or moulding solid mineral fuels, ceramic paste, unhardened ...",0,0,0,0,0,0,0,0,0,0,0,0,,,,,,,,,,,,,,,1155,1201,1026,1274,689,758,1236,875,557,226,1055,249
'847710,Injection-moulding machines for working rubber or plastics,0,0,0,0,0,0,0,0,0,0,0,0,,,,,,,,,,,,,,,1685,6080,4220,1579,3658,1470,2816,1447,2579,6378,3499,5099
'847810,"Machinery for preparing or making up tobacco (excl. dryers and other heating equipment, centrifuges ...",0,0,0,0,0,0,0,0,0,0,0,0,,,,,,,,,,,,,,,83,1725,307,11,2,11,5,5,2,233,3,1
'847960,"Evaporative air coolers, n.e.s.",0,0,0,0,0,0,0,0,0,0,0,0,,,,,,,,,,,,,,,112,121,822,479,1036,858,626,640,557,128,108,145
'848030,Moulding patterns (excl. moulds of graphite or other carbons and ceramic or glass moulds),0,0,0,0,0,0,0,0,0,0,0,0,,,,,,,,,,,,,,,38,135,64,1052,79,1313,755,264,121,263,118,243
'848041,Injection or compression-type moulds for metal or metal carbides (excl. moulds of graphite ...,0,0,0,0,0,0,0,0,0,0,0,0,,,,,,,,,,,,,,,806,491,156,38,451,265,274,133,68,582,225,11
'848079,Moulds for rubber or plastics (other than injection or compression types),0,0,0,0,0,0,0,3,0,0,0,0,,,,,,,,,,,,,,,2471,1111,4741,1642,2774,2420,1366,1075,1351,850,749,2536
'848620,Machines and apparatus for the manufacture of semiconductor devices or of electronic integrated ...,0,0,0,0,0,0,0,0,0,0,0,0,,,,,,,,,,,,,,,22,27,468,6,1,2175,9,2,1,1,2685,53
'850133,DC motors and DC generators of an output > 75 kW but <= 375 kW (excl. photovoltaic generators),0,0,0,0,0,0,0,0,0,0,0,0,,,,,,,,,,,,,,,36,64,357,42,221,497,80,140,12,113,8,25
'850140,"AC motors, single-phase, of an output > 37,5 W",1,0,0,0,0,0,0,0,0,0,0,0,,,,,,,,,,,,,,,2778,2221,2041,2672,2676,2072,1498,2006,1986,1904,1777,907
'850162,"AC generators ""alternators"", of an output > 75 kVA but <= 375 kVA (excl. photovoltaic generators)",0,0,0,0,0,0,0,0,0,0,0,0,,,,,,,,,,,,,,,650,1373,322,815,979,800,273,514,604,803,390,1287
'850213,"Generating sets with compression-ignition internal combustion piston engine ""diesel or semi-diesel ...",0,0,0,0,0,0,0,0,0,0,0,0,,,,,,,,,,,,,,,3145,1722,2044,1439,1040,2762,430,824,770,1088,2272,1694
'850220,Generating sets with spark-ignition internal combustion piston engine,0,0,0,0,0,0,0,0,0,0,0,0,,,,,,,,,,,,,,,1025,297,1867,339,559,1500,844,1031,2635,817,723,295
'850410,Ballasts for discharge lamps or tubes,0,0,0,0,0,0,0,0,0,0,0,0,,,,,,,,,,,,,,,111,188,117,106,235,95,212,108,69,117,125,69
'850434,Transformers having a power handling capacity > 500 kVA (excl. liquid dielectric transformers),0,0,0,0,0,0,0,0,0,0,0,0,,,,,,,,,,,,,,,1568,410,806,405,574,132,1871,114,9183,1202,7687,937
'821110,Sets of assorted articles of knives of heading 8211; sets in which there is a higher number ...,0,0,0,0,0,0,0,0,0,0,0,0,,,,,,,,,,,,,,,211,398,232,166,278,383,176,106,148,315,217,253
'821195,"Handles of base metal for table knives, pocket knives and other knives of heading 8211",0,0,0,0,0,0,0,0,0,0,0,0,,,,,,,,,,,,,,,2,2,6,3,3,2,2,5,2,7,6,15
'821220,"Safety razor blades of base metal, incl. razor blade blanks in strips",0,0,0,0,0,0,0,0,0,0,0,0,,,,,,,,,,,,,,,593,469,844,604,288,325,198,530,223,1107,885,452
'821510,"Sets of spoons, forks or other articles of heading 8215, which may also contain up to an equivalent ...",0,0,0,0,0,0,0,0,0,0,0,0,,,,,,,,,,,,,,,18,14,14,9,11,12,25,12,7,10,15,5
'830990,"Stoppers, caps and lids, incl. screw caps and pouring stoppers, capsules for bottles, threaded ...",0,0,0,1,0,0,0,0,0,0,0,0,,,,,,,,,,,,,,,5497,4875,5834,4619,4746,4305,8118,6025,5003,2822,5597,4821
'840729,"Spark-ignition reciprocating or rotary engines, for marine propulsion (excl. outboard motors)",0,0,0,0,0,0,0,0,0,0,0,0,,,,,,,,,,,,,,,19,1,5,44,0,55,0,0,4,31,2,1
'841011,"Hydraulic turbines and water wheels, of a power <= 1.000 kW (excl. hydraulic power engines ...",0,0,0,0,0,0,0,0,0,0,0,0,,,,,,,,,,,,,,,2,0,1,374,13,0,503,888,0,0,0,0
'841111,Turbojets of a thrust <= 25 kN,0,0,0,0,0,0,0,0,0,0,0,0,,,,,,,,,,,,,,,222,296,2879,113,7134,1022,11,2,96,262,1,0
'841311,"Pumps fitted or designed to be fitted with a measuring device, for dispensing fuel or lubricants, ...",0,0,0,0,0,0,0,0,0,0,0,0,,,,,,,,,,,,,,,1021,906,689,985,524,603,357,865,625,138,401,416
'841420,Hand-operated or foot-operated air pumps,0,0,0,0,0,0,0,0,0,0,0,0,,,,,,,,,,,,,,,149,251,243,461,227,261,226,137,215,115,122,193
'841581,Air conditioning machines incorporating a refrigerating unit and a valve for reversal of the ...,0,0,0,0,0,0,0,0,0,0,0,0,,,,,,,,,,,,,,,1507,232,1007,1135,1451,1018,461,466,437,647,250,1510
'841583,"Air conditioning machines comprising a motor-driven fan, not incorporating a refrigerating ...",0,0,0,0,0,0,0,0,0,0,0,0,,,,,,,,,,,,,,,826,484,780,263,1044,586,667,397,681,1021,509,913
'841610,Furnace burners for liquid fuel,0,0,0,0,0,0,0,0,0,0,0,0,,,,,,,,,,,,,,,433,89,189,105,75,165,211,87,36,28,79,115
'841710,"Industrial or laboratory furnaces and ovens, non-electric, for the roasting, melting or other ...",0,0,0,0,0,0,0,0,0,0,0,0,,,,,,,,,,,,,,,29,1448,658,769,562,1032,615,888,79,261,14,315
'841912,Solar water heaters,0,0,0,0,0,0,0,0,0,0,0,0,,,,,,,,,,,,,,,359,411,244,17,0,111,265,132,94,9,240,0
'841919,"Instantaneous or storage water heaters, non-electric (excl. instantaneous gas water heaters, ...",0,0,0,0,0,0,0,0,0,0,0,0,,,,,,,,,,,,,,,50,71,57,332,105,191,104,96,258,184,46,170
'841939,"Dryers (excl. lyophilisation apparatus, freeze drying units, spray dryers, dryers for agricultural ...",0,0,0,0,0,0,0,0,0,0,0,0,,,,,,,,,,,,,,,2091,493,684,196,456,1357,935,565,1907,441,472,287
'841940,Distilling or rectifying plant,0,0,0,0,0,0,0,0,0,0,0,0,,,,,,,,,,,,,,,992,58,173,24,47,64,62,61,303,45,1815,113
'820560,Blowlamps and the like (excl. gas-powered blowlamps),0,0,0,0,0,0,0,0,0,0,0,0,,,,,,,,,,,,,,,26,48,35,39,45,21,58,33,37,84,27,35
'820719,"Rock-drilling or earth-boring tools, interchangeable, and parts therefor, with working parts ...",0,0,0,0,0,0,0,0,0,0,0,0,,,,,,,,,,,,,,,4827,3505,4970,2757,5375,3928,5369,6712,4406,5430,5204,5653
'820750,"Tools for drilling, interchangeable (excl. rock-drilling or earth-boring tools and tools for ...",0,1,0,0,0,1,0,0,0,0,0,0,,,,,,,,,,,,,,,1340,1268,1773,1653,1367,1226,1295,1007,2058,1308,1195,1191
'680422,"Millstones, grindstones, grinding wheels and the like, without frameworks, for sharpening, ...",0,0,0,0,0,0,0,0,0,0,0,0,,,,,,,,,,,,,,,1280,1183,1104,1721,912,1582,1479,929,1356,1168,1213,1729
'680919,"Boards, sheets, panels, tiles and similar articles, of plaster or compositions based on plaster ...",0,0,0,0,0,0,0,0,0,0,0,0,,,,,,,,,,,,,,,698,332,320,691,553,864,378,480,707,433,996,1014
'650200,"Hat-shapes, plaited or made by assembling strips of any material (excl. blocked to shape, with ...",0,0,0,0,0,0,0,0,0,0,0,0,,,,,,,,,,,,,,,0,10,32,0,5,0,39,0,0,8,1,1
'670100,"Skins and other parts of birds with their feathers or down, feathers, parts of feathers, down ...",0,0,0,0,0,0,0,0,0,0,0,0,,,,,,,,,,,,,,,4,4,0,17,0,4,1,1,27,3,0,4
'670420,"Wigs, false beards, eyebrows and eyelashes, switches and the like, of human hair, and articles ...",0,0,0,0,10,11,0,0,0,0,0,0,,,,,,,,,,,,,,,83,65,74,172,193,200,194,187,146,194,229,243
'711021,"Palladium, unwrought or in powder form",0,0,0,0,0,0,0,0,0,0,0,0,,,,,,,,,,,,,,,0,6052,5322,85,937,1763,6,597,29,0,21952,183
'711041,"Iridium, osmium and ruthenium, unwrought or in powder form",0,0,0,0,0,0,0,0,0,0,0,0,,,,,,,,,,,,,,,0,1,0,0,9,7,0,0,13,0,4,0
'711299,"Waste and scrap of silver, incl. metal clad with silver, and other waste and scrap containing ...",0,0,0,0,0,0,0,0,0,0,0,0,,,,,,,,,,,,,,,0,0,0,0,0,108,0,0,2,1,1149,49
'711319,"Articles of jewellery and parts thereof, of precious metal other than silver, whether or not ...",0,26,15,0,19,0,0,0,0,0,52,0,,,,,,,,,,,,,,,2869,2906,3068,1747,5359,3764,5204,3012,1757,3168,2551,1865
'842381,Weighing machinery having a maximum weighing capacity <= 30 kg (excl. balances of a sensitivity ...,0,0,0,0,0,0,0,0,0,0,0,0,,,,,,,,,,,,,,,607,345,325,702,785,739,291,407,309,546,308,625
'842649,"Mobile cranes and works trucks fitted with a crane, self-propelled (excl. those on tyres and ...",0,0,0,0,2008,0,0,0,0,0,0,0,,,,,,,,,,,,,,,1685,0,237,7382,2531,3107,3020,1891,3691,1335,476,340
'842699,"Ships' derricks; cranes, incl. cable cranes (excl. overhead travelling cranes, transporter ...",0,0,0,0,0,0,0,0,0,0,0,0,,,,,,,,,,,,,,,43,18,24,399,170,50,54,432,133,129,10,31
'842952,"Self-propelled mechanical shovels, excavators and shovel loaders, with a 360¡ revolving su ...",0,0,0,0,0,0,0,0,0,0,0,0,,,,,,,,,,,,,,,31734,28585,52408,33876,47226,53435,34206,20730,56735,32945,57963,58954
'844621,"Power looms for weaving fabrics of a width > 30 cm, shuttle type",0,0,0,0,0,0,0,0,0,0,0,0,,,,,,,,,,,,,,,0,0,48,0,2,0,0,0,0,29,0,28
'844900,"Machinery for the manufacture or finishing of felt or nonwovens in the piece or in shapes, ...",0,0,0,0,0,0,0,0,0,5,0,0,,,,,,,,,,,,,,,5,138,25,395,213,32,409,254,203,45,59,180
'845012,"Household or laundry-type washing machines, with built-in centrifugal drier (excl. fully-automatic ...",0,0,0,0,0,0,0,0,0,0,0,0,,,,,,,,,,,,,,,1,0,32,1,0,1,62,0,0,8,0,1
'843210,"Ploughs for use in agriculture, horticulture or forestry",0,0,0,0,0,0,0,0,0,0,0,0,,,,,,,,,,,,,,,173,296,132,340,119,17,164,167,133,51,31,169
'843229,"Harrows, scarifiers, cultivators, weeders and hoes for use in agriculture, horticulture or ...",0,0,0,0,0,0,0,0,0,0,0,0,,,,,,,,,,,,,,,1198,1287,751,687,600,461,216,327,688,146,514,146
'843231,"No-till direct seeders, planters and transplanters",0,0,0,0,0,0,0,0,0,0,0,0,,,,,,,,,,,,,,,1096,413,472,738,425,42,345,108,13,214,112,86
'843241,Manure spreaders (excl. sprayers),0,0,0,0,0,0,0,0,0,0,0,0,,,,,,,,,,,,,,,0,83,27,14,17,23,38,105,244,2,2,88
'843330,Haymaking machinery (excl. mowers),0,0,0,0,0,0,0,0,0,0,0,0,,,,,,,,,,,,,,,248,137,288,152,7,265,66,58,119,61,168,213
'843590,"Parts of presses, crushers and similar machinery used in the manufacture of wine, cider, fruit ...",0,0,0,0,0,0,0,0,0,0,0,0,,,,,,,,,,,,,,,97,48,140,304,196,232,198,276,196,135,113,48
'843890,"Parts of machinery for the industrial preparation or manufacture of food or drink, n.e.s.",10,4,0,0,1,0,0,1,7,0,0,0,,,,,,,,,,,,,,,3213,2358,2522,4098,3535,4999,4411,4268,4863,6172,4811,5915
'843930,Machinery for finishing paper or paperboard (excl. calenders),0,0,0,0,0,0,0,0,0,0,0,0,,,,,,,,,,,,,,,23,100,10,110,18,2,405,1767,217,0,55,9047
'845650,Water-jet cutting machines,0,0,0,0,0,0,0,0,0,0,0,0,,,,,,,,,,,,,,,6,2,6,2,5,6,104,606,13,0,52,416
'845819,"Horizontal lathes, incl. turning centres, for removing metal, not numerically controlled",0,0,0,0,0,0,0,0,0,0,0,0,,,,,,,,,,,,,,,251,243,288,97,92,320,405,332,361,185,308,73
'845951,"Milling machines for metals, knee-type, numerically controlled",0,0,0,0,0,0,0,0,0,0,0,0,,,,,,,,,,,,,,,0,0,0,0,0,0,0,0,0,0,0,12
'845969,"Milling machines for metals, not numerically controlled (excl. way-type unit head machines, ...",0,0,0,0,0,0,0,10,0,0,0,0,,,,,,,,,,,,,,,152,1255,2049,502,909,1127,597,742,295,57,419,680
'846290,"Machine tools, incl. presses, for working metal by forging, hammering or die forging (excl. ...",0,0,0,0,0,0,0,0,0,0,0,0,,,,,,,,,,,,,,,1031,378,78,198,206,151,290,179,240,321,638,126
'846310,"Draw-benches for metal bars, tubes, profiles, wire or the like",0,0,0,0,0,0,0,0,0,0,0,0,,,,,,,,,,,,,,,127,0,0,0,2,1196,21,1,80,1,1111,452
'846320,"Thread rolling machines, for working metal",0,0,0,0,0,0,0,0,0,0,0,0,,,,,,,,,,,,,,,6,59,33,15,36,0,19,20,91,0,74,30
'846620,Work holders for machine tools,0,0,0,0,0,0,0,0,0,0,0,0,,,,,,,,,,,,,,,136,560,513,211,258,324,217,218,133,861,133,195
'711890,Coin of legal tender,0,0,0,0,0,0,0,0,0,0,0,0,,,,,,,,,,,,,,,82,150,62,12,93,141,1074,4691,2403,16868,1604,13434
'720150,"Alloy pig iron and spiegeleisen, in pigs, blocks or other primary forms",0,0,0,0,0,0,0,0,0,0,0,0,,,,,,,,,,,,,,,0,0,0,0,0,78,0,76,0,0,0,151
'720291,Ferro-titanium and ferro-silico-titanium,0,0,0,0,0,0,0,0,0,0,0,0,,,,,,,,,,,,,,,21,11,302,323,2,186,34,76,8,153,0,0
'720293,Ferro-niobium,0,0,0,0,0,0,0,0,0,0,0,0,,,,,,,,,,,,,,,2558,740,2168,2647,1399,40,653,0,2145,0,1194,7390
'720449,"Waste and scrap of iron or steel (excl. slag, scale and other waste of the production of iron ...",0,0,0,0,0,0,0,0,0,0,0,0,,,,,,,,,,,,,,,173,132,117,128,203,102,53,81,129,123,71,33
'720529,"Powders, of pig iron, spiegeleisen, iron or non-alloy steel (excl. powders of ferro-alloys ...",0,0,0,0,0,0,0,0,0,0,0,0,,,,,,,,,,,,,,,183,242,135,203,238,57,117,265,152,114,170,206
'720840,"Flat-rolled products of iron or non-alloy steel, of a width of >= 600 mm, not in coils, simply ...",0,0,0,0,0,0,0,0,0,0,0,0,,,,,,,,,,,,,,,0,0,0,130,0,2,0,2,0,0,7,3
'720851,"Flat-rolled products of iron or non-alloy steel, of a width >= 600 mm, not in coils, simply ...",0,0,0,0,0,0,0,0,0,0,0,0,,,,,,,,,,,,,,,34,1289,2825,3778,1408,690,1740,330,479,325,991,851
'720852,"Flat-rolled products of iron or non-alloy steel, of a width of >= 600 mm, not in coils, simply ...",0,0,0,0,0,0,0,0,0,0,0,0,,,,,,,,,,,,,,,17,433,495,711,47,106,387,15,26,23,16,52
'720854,"Flat-rolled products of iron or non-alloy steel, of a width of >= 600 mm, not in coils, simply ...",0,0,0,0,0,0,0,0,0,0,0,0,,,,,,,,,,,,,,,7,0,0,35,3,29,0,0,0,0,57,0
'721011,"Flat-rolled products of iron or non-alloy steel, of a width of >= 600 mm, hot-rolled or cold-rolled ...",0,0,0,0,0,0,0,0,0,0,0,0,,,,,,,,,,,,,,,0,0,79,0,0,2,17,0,0,0,0,0
'721090,"Flat-rolled products of iron or non-alloy steel, of a width of >= 600 mm, hot-rolled or cold-rolled ...",0,0,0,0,0,0,0,0,0,0,0,0,,,,,,,,,,,,,,,239,16,646,231,604,427,626,85,1328,874,564,1206
'721250,"Flat-rolled products of iron or non-alloy steel, of a width of < 600 mm, hot-rolled or cold-rolled ...",0,0,0,0,0,0,0,0,0,0,0,0,,,,,,,,,,,,,,,999,399,264,168,0,750,58,171,293,151,507,172
'721260,"Flat-rolled products of iron or non-alloy steel, of a width of < 600 mm, hot-rolled or cold-rolled ...",0,0,0,0,0,0,0,0,0,0,0,0,,,,,,,,,,,,,,,98,191,184,212,15,205,105,113,252,18,84,686
'721590,"Bars or rods, of iron or non-alloy steel, cold-formed or cold-finished and further worked or ...",0,0,0,0,0,0,0,0,0,0,0,0,,,,,,,,,,,,,,,566,895,890,472,476,183,465,516,811,284,362,99
'721622,"T sections of iron or non-alloy steel, not further worked than hot-rolled, hot-drawn or extruded, ...",0,0,0,0,0,0,0,0,0,0,0,0,,,,,,,,,,,,,,,0,0,27,27,28,28,30,9,0,26,1,0
'721631,"U sections of iron or non-alloy steel, not further worked than hot-rolled, hot-drawn or hot-extruded, ...",0,0,0,0,0,0,0,0,0,0,0,0,,,,,,,,,,,,,,,7,144,62,1,27,7,7,6,753,210,904,2
'721650,"Sections of iron or non-alloy steel, not further worked than hot-rolled, hot-drawn or hot-extruded ...",0,0,0,0,0,0,0,0,0,0,0,0,,,,,,,,,,,,,,,442,2434,808,546,528,491,307,79,259,247,547,291
'721699,"Angles, shapes and sections, of iron or non-alloy steel, cold-formed or cold-finished and further ...",0,0,0,0,0,0,0,0,0,0,0,0,,,,,,,,,,,,,,,590,379,511,114,74,54,100,34,64,78,62,133
'721710,"Wire of iron or non-alloy steel, in coils, not plated or coated, whether or not polished (excl. ...",0,0,0,0,0,0,0,0,0,0,0,0,,,,,,,,,,,,,,,633,348,143,253,49,288,254,329,384,238,524,575
'721720,"Wire of iron or non-alloy steel, in coils, plated or coated with zinc (excl. bars and rods)",0,0,0,0,0,0,0,0,0,0,0,0,,,,,,,,,,,,,,,495,272,868,748,476,441,311,561,577,686,715,646
'721899,Semi-finished products of stainless steel (excl. of rectangular [other than square] cross-section),0,0,0,0,0,0,0,0,0,0,0,0,,,,,,,,,,,,,,,3,0,8,17,0,6,3,12,79,1,2,15
'721914,"Flat-rolled products of stainless steel, of a width of >= 600 mm, not further worked than hot-rolled, ...",0,0,0,0,0,0,0,0,0,0,0,0,,,,,,,,,,,,,,,11,611,453,445,126,7,87,44,261,22,102,21
'721924,"Flat-rolled products of stainless steel, of a width of >= 600 mm, not further worked than hot-rolled, ...",0,0,0,0,0,0,0,0,0,0,0,0,,,,,,,,,,,,,,,377,104,325,167,16,239,109,153,304,91,36,157
'722300,"Wire of stainless steel, in coils (excl. bars and rods)",0,0,0,0,0,0,0,0,0,0,0,0,,,,,,,,,,,,,,,1814,2514,1186,1222,1280,1871,1479,1230,1835,677,1483,2113
'722519,"Flat-rolled products of silicon-electrical steel, of a width of >= 600 mm, non-grain-oriented",0,0,0,0,0,0,0,0,0,0,0,0,,,,,,,,,,,,,,,38,404,84,294,217,193,634,69,472,300,31,179
'722530,"Flat-rolled products of alloy steel other than stainless, of a width of >= 600 mm, not further ...",0,0,0,0,0,0,0,0,0,0,0,0,,,,,,,,,,,,,,,463,1113,924,1088,759,1495,922,216,1064,425,658,514
'722540,"Flat-rolled products of alloy steel other than stainless, of a width of >= 600 mm, not further ...",0,0,0,0,0,0,0,0,0,0,0,0,,,,,,,,,,,,,,,4127,7116,6717,6105,5923,5981,6316,3660,6449,6661,6200,8112
'722611,"Flat-rolled products of silicon-electrical steel, of a width of < 600 mm, hot-rolled or cold-rolled ...",0,0,0,0,0,0,0,0,0,0,0,0,,,,,,,,,,,,,,,116,380,39,879,64,11,401,34,737,33,41,74
'730300,"Tubes, pipes and hollow profiles, of cast iron",0,0,0,0,0,0,0,0,0,0,0,0,,,,,,,,,,,,,,,2,1,117,1,66,329,293,2,158,58,93,27
'730419,"Line pipe of a kind used for oil or gas pipelines, seamless, of iron or steel (excl. products ...",0,0,0,0,0,0,0,0,0,0,0,0,,,,,,,,,,,,,,,1029,1478,1840,1885,2362,2260,1602,931,1397,1742,983,506
'730449,"Tubes, pipes and hollow profiles, seamless, of circular cross-section, of stainless steel, ...",0,0,0,0,0,0,0,0,0,0,0,0,,,,,,,,,,,,,,,556,706,295,332,271,469,339,387,475,382,556,266
'730539,"Tubes and pipes having circular cross-sections and an external diameter of > 406,4 mm, of iron ...",0,0,0,0,0,0,0,0,0,0,0,0,,,,,,,,,,,,,,,0,0,0,0,85,0,0,0,0,0,0,0
'730619,"Line pipe of a kind used for oil or gas pipelines, welded, of flat-rolled products of iron ...",0,0,0,0,0,0,0,0,0,0,0,0,,,,,,,,,,,,,,,557,197,735,827,852,2180,497,299,680,342,808,1590
'730640,"Tubes, pipes and hollow profiles, welded, of circular cross-section, of stainless steel (excl. ...",0,0,0,72,0,0,0,0,0,0,0,0,,,,,,,,,,,,,,,1513,2651,995,1044,1338,1425,787,848,2088,1809,1680,1637
'730661,"Tubes and pipes and hollow profiles, welded, of square or rectangular cross-section, of iron ...",0,0,0,0,0,0,0,0,0,0,0,0,,,,,,,,,,,,,,,2048,939,3681,1153,1460,3473,1846,1777,1972,2739,2158,1386
'730840,"Equipment for scaffolding, shuttering, propping or pit-propping (excl. composite sheetpiling ...",0,0,0,0,0,0,0,0,0,0,0,0,,,,,,,,,,,,,,,1504,1037,2129,1392,1323,1033,1059,1434,1547,1904,1350,933
'731010,"Tanks, casks, drums, cans, boxes and similar containers, of iron or steel, for any material, ...",0,0,0,0,0,0,0,0,0,0,0,0,,,,,,,,,,,,,,,66,886,237,278,414,395,216,84,75,92,42,507
'731029,"Tanks, casks, drums, cans, boxes and similar containers, of iron or steel, for any material, ...",0,0,0,0,0,0,0,0,0,0,0,0,,,,,,,,,,,,,,,1580,1685,943,1089,1377,926,836,995,854,1266,1206,1618
'731290,"Plaited bands, slings and the like, of iron or steel (excl. electrically insulated products)",0,0,16,0,0,0,16,0,0,13,0,0,,,,,,,,,,,,,,,48,143,113,59,118,171,54,105,226,204,101,180
'731512,Articulated link chain of iron or steel (excl. roller chain),0,0,0,0,0,0,0,0,0,0,0,0,,,,,,,,,,,,,,,238,782,228,293,448,402,261,471,448,226,306,317
'731520,"Skid chain for motor vehicles, of iron or steel",0,0,0,0,0,0,0,0,0,0,0,0,,,,,,,,,,,,,,,152,296,65,26,235,7,255,400,5,232,139,6
'731600,"Anchors, grapnels and parts thereof, of iron or steel",0,0,0,0,0,0,0,0,0,0,0,0,,,,,,,,,,,,,,,126,104,184,97,204,219,120,201,71,119,301,70
'732290,"Air heaters and hot-air distributors, incl. distributors which can also distribute fresh or ...",0,0,0,0,0,0,0,0,0,0,0,0,,,,,,,,,,,,,,,30,80,17,20,103,1,12,9,112,14,74,3
'740313,"Copper, refined, in the form of billets",0,0,0,0,0,0,0,0,0,0,0,0,,,,,,,,,,,,,,,0,0,524,212,0,0,0,0,0,0,0,259
'740400,"Waste and scrap, of copper (excl. ingots or other similar unwrought shapes, of remelted copper ...",0,0,0,0,0,0,0,0,0,0,0,0,,,,,,,,,,,,,,,3358,2586,2888,2756,1735,3739,2286,1187,4960,3523,2088,3978
'741021,"Refined copper foil, backed, of a thickness ""excl. any backing"" of <= 0,15 mm (excl. stamping ...",0,0,0,0,0,0,0,0,0,0,0,0,,,,,,,,,,,,,,,18,69,36,66,10,30,77,23,33,37,47,71
'741529,"Rivets, cotters, cotter pins and the like, not threaded, of copper (excl. spring washers and ...",0,0,0,0,0,0,0,0,0,0,0,0,,,,,,,,,,,,,,,53,113,62,62,36,47,31,32,29,34,38,59
'741533,"Screws, bolts, nuts and similar articles, threaded, of copper (other than screw hooks, ring- ...",0,0,0,0,0,0,0,0,0,0,0,0,,,,,,,,,,,,,,,196,160,231,287,205,269,178,292,232,165,201,249
'741539,"Screw hooks, screw rings and the like, threaded, of copper (excl. standard screws and bolts ...",0,0,0,0,0,0,0,0,0,0,0,0,,,,,,,,,,,,,,,40,68,68,111,68,110,71,49,164,51,35,35
'750300,"Waste and scrap, of nickel (excl. ingots or other similar unwrought shapes, of remelted nickel ...",0,0,0,0,0,0,0,0,0,0,0,0,,,,,,,,,,,,,,,0,0,0,0,0,0,0,0,0,0,0,0
'750620,"Plates, sheets, strip and foil, of nickel alloys (excl. expanded plates, sheets or strip)",0,0,0,0,0,0,0,0,0,0,0,0,,,,,,,,,,,,,,,44,126,7,40,26,79,64,175,154,51,9,28
'750711,Tubes and pipes of non-alloy nickel,0,0,0,0,0,0,0,0,0,0,0,0,,,,,,,,,,,,,,,3,5,0,0,0,0,9,0,0,0,0,1
'760421,"Hollow profiles of aluminium alloys, n.e.s.",0,0,0,0,0,0,0,0,0,0,0,0,,,,,,,,,,,,,,,1340,1558,1671,1811,1888,1822,2356,1149,2260,1772,1831,2078
'760900,"Aluminium tube or pipe fittings ""e.g., couplings, elbows, sleeves""",0,0,0,0,0,0,0,0,0,0,0,0,,,,,,,,,,,,,,,608,435,690,531,427,514,410,365,562,324,797,418
'761300,Aluminium containers for compressed or liquefied gas,0,0,0,0,0,0,0,0,0,0,0,0,,,,,,,,,,,,,,,138,164,102,35,78,95,95,99,39,116,84,229
'761410,"Stranded wire, cables, plaited bands and the like, of aluminium, with steel core (excl. such ...",0,0,0,0,0,0,0,0,0,0,0,0,,,,,,,,,,,,,,,499,567,356,70,260,797,357,455,441,312,392,204
'810199,"Articles of tungsten, n.e.s.",0,0,0,0,0,0,0,0,0,0,0,0,,,,,,,,,,,,,,,27,23,52,69,48,17,33,16,34,36,70,32
'810299,"Articles of molybdenum, n.e.s.",0,0,0,0,0,0,0,0,0,0,0,0,,,,,,,,,,,,,,,76,96,57,74,168,150,185,222,224,285,88,235
'810399,"Articles of tantalum, n.e.s.",0,0,0,0,0,0,0,0,0,0,0,0,,,,,,,,,,,,,,,30,50,4,108,79,71,38,137,152,91,77,83
'810520,Cobalt mattes and other intermediate products of cobalt metallurgy; unwrought cobalt; cobalt ...,0,0,0,0,0,0,0,0,0,0,0,0,,,,,,,,,,,,,,,11,22,60,14,8,0,11,8,67,7,0,38
'811221,Unwrought chromium; chromium powders,0,0,0,0,0,0,0,0,0,0,0,0,,,,,,,,,,,,,,,23,1,0,0,0,35,0,0,0,2,0,0
'811292,"Unwrought niobium ""columbium"", gallium, indium, vanadium and germanium; powders and waste and ...",0,0,0,0,0,0,0,0,0,0,0,0,,,,,,,,,,,,,,,0,0,0,0,0,0,187,1,0,6,3,0
'820231,"Circular saw blades, incl. slitting or slotting saw blades, of base metal, with working parts ...",0,0,0,0,0,0,0,0,0,0,0,0,,,,,,,,,,,,,,,169,134,220,177,152,293,281,113,245,172,168,147
'121292,"Locust beans ""carob"", fresh, chilled, frozen or dried, whether or not ground",0,0,0,0,0,0,0,0,0,0,0,0,,,,,,,,,,,,,,,0,0,0,0,0,0,0,1,0,1,0,0
'121299,"Fruit stones and kernels and other vegetable products, incl. unroasted chicory roots of the ...",0,0,0,0,0,0,0,0,0,0,0,0,,,,,,,,,,,,,,,48,12,27,28,11,84,16,72,16,6,12,26
'121490,"Swedes, mangolds, fodder roots, hay, lucerne ""alfalfa"", clover, sainfoin, forage kale, lupines, ...",0,0,0,0,0,0,0,0,0,0,0,0,,,,,,,,,,,,,,,26,42,49,23,27,58,62,21,141,105,67,86
'130220,"Pectic substances, pectinates and pectates",0,0,0,0,0,0,0,0,0,0,0,0,,,,,,,,,,,,,,,114,209,287,330,342,247,454,300,378,379,555,614
'140490,Vegetable products n.e.s,0,0,0,0,0,0,0,0,0,0,0,0,,,,,,,,,,,,,,,282,346,126,50,262,181,195,358,243,509,464,444
'150190,"Poultry fat, rendered or otherwise extracted",0,0,0,0,0,0,0,0,0,0,0,0,,,,,,,,,,,,,,,0,0,0,0,0,0,0,0,31,0,0,0
'150430,"Fats and oils and their fractions of marine mammals, whether or not refined (excl. chemically ...",0,0,0,0,0,0,0,0,0,0,0,0,,,,,,,,,,,,,,,0,0,0,9,0,0,0,0,0,0,0,0
'150810,Crude groundnut oil,0,0,0,0,0,0,0,0,0,0,0,0,,,,,,,,,,,,,,,0,0,0,0,0,0,0,0,0,0,0,72
'151229,"Cotton-seed oil and its fractions, whether or not refined, but not chemically modified (excl. ...",0,0,0,0,0,0,0,0,0,0,0,0,,,,,,,,,,,,,,,0,0,5,1,109,1,6,0,6,10,137,0
'151321,Crude palm kernel and babassu oil,0,0,0,0,0,0,0,0,0,0,0,0,,,,,,,,,,,,,,,1006,0,0,0,0,0,1002,0,0,0,0,1146
'151419,"Low erucic acid rape or colza oil ""fixed oil which has an erucic acid content of < 2%"" and ...",0,0,0,0,0,0,0,0,0,0,0,0,,,,,,,,,,,,,,,0,0,1,3,1,0,2,0,358,1,691,413
'151491,"High erucic acid rape or colza oil ""fixed oil which has an erucic acid content of >= 2%"" and ...",0,0,0,0,0,0,0,0,0,0,0,0,,,,,,,,,,,,,,,0,0,1,2,3,0,0,0,0,0,0,1
'151511,Crude linseed oil,0,0,0,0,0,0,0,0,0,0,0,0,,,,,,,,,,,,,,,70,91,248,109,108,102,9,82,53,36,199,9
'151620,"Vegetable fats and oils and their fractions, partly or wholly hydrogenated, inter-esterified, ...",0,0,0,0,0,0,0,0,0,0,0,0,,,,,,,,,,,,,,,3380,3810,3549,2086,1875,2826,2779,4248,1676,1410,1487,1071
'152000,"Glycerol, crude; glycerol waters and glycerol lyes",0,0,0,0,0,0,0,0,0,0,0,0,,,,,,,,,,,,,,,726,40,228,418,286,943,762,1015,152,522,937,967
'160231,"Meat or offal of turkeys ""Gallus domesticus"", prepared or preserved (excl. sausages and similar ...",0,0,0,0,0,0,0,0,0,0,0,0,,,,,,,,,,,,,,,0,0,0,0,0,0,0,0,0,0,0,0
'160232,"Meat or offal of fowls of the species ""Gallus domesticus"", prepared or preserved (excl. sausages ...",0,0,0,0,0,0,0,0,0,0,0,0,,,,,,,,,,,,,,,426,425,195,320,206,200,126,9,126,2,71,2
'160411,"Prepared or preserved salmon, whole or in pieces (excl. minced)",0,0,0,0,0,0,0,0,0,0,0,0,,,,,,,,,,,,,,,27,0,0,0,0,60,109,2,120,2,61,1
'160416,"Prepared or preserved anchovies, whole or in pieces (excl. minced)",0,0,0,0,0,0,0,0,0,0,0,0,,,,,,,,,,,,,,,33,13,0,101,22,66,10,0,224,10,87,30
'160418,"Prepared or preserved shark fins, whole or in pieces (excl. minced)",0,0,0,0,0,0,0,0,0,0,0,0,,,,,,,,,,,,,,,0,0,0,0,0,0,0,0,0,0,0,0
'160432,Caviar substitutes prepared from fish eggs,0,0,0,0,0,0,0,0,0,0,0,0,,,,,,,,,,,,,,,12,0,1,0,0,11,13,2,3,0,1,3
'160529,"Shrimps and prawns, prepared or preserved, in airtight containers (excl. smoked)",0,27,23,0,0,19,0,12,10,0,0,0,,,,,,,,,,,,,,,0,28,23,0,0,19,0,12,11,0,0,2
'160551,"Oysters, prepared or preserved (excl. smoked)",0,0,0,0,0,0,0,0,0,0,0,0,,,,,,,,,,,,,,,5,25,11,0,251,0,0,42,25,12,0,0
'160558,"Snails, prepared or preserved (excl. smoked and sea snails)",0,0,0,0,0,0,0,0,0,0,0,0,,,,,,,,,,,,,,,247,95,93,91,92,0,0,52,0,0,85,53
'170211,"Lactose in solid form and lactose syrup, not containing added flavouring or colouring matter, ...",0,0,0,0,0,0,0,0,0,0,0,0,,,,,,,,,,,,,,,2436,2066,2043,2204,2545,2914,1681,2000,2301,1784,3136,2135
'190190,"Malt extract; food preparations of flour, groats, meal, starch or malt extract, not containing ...",0,0,0,0,0,0,0,0,0,0,0,0,,,,,,,,,,,,,,,799,2401,1428,575,913,749,765,1178,1218,1291,848,878
'190219,"Uncooked pasta, not stuffed or otherwise prepared, not containing eggs",0,0,0,1,0,1,0,0,2,0,0,0,,,,,,,,,,,,,,,6311,7155,8530,9012,8525,8231,8728,7715,8779,9748,10433,8745
'190220,"Pasta, stuffed with meat or other substances, whether or not cooked or otherwise prepared",0,0,0,0,27,0,0,0,0,0,0,0,,,,,,,,,,,,,,,104,134,180,96,627,105,170,172,246,280,97,60
'190410,"Prepared foods obtained by swelling or roasting cereals or cereal products, e.g. corn flakes",0,0,0,0,0,0,0,0,0,0,0,0,,,,,,,,,,,,,,,225,95,230,195,639,291,458,336,762,113,580,347
'190532,Waffles and wafers,0,0,0,0,0,0,0,0,0,0,0,0,,,,,,,,,,,,,,,824,304,970,673,1027,2016,1817,1247,696,337,855,479
'190540,"Rusks, toasted bread and similar toasted products",0,0,0,0,0,0,0,0,0,0,0,0,,,,,,,,,,,,,,,27,13,17,96,91,77,55,86,63,7,41,104
'200820,"Pineapples, prepared or preserved, whether or not containing added sugar or other sweetening ...",0,0,0,0,0,0,0,0,0,0,0,0,,,,,,,,,,,,,,,443,687,500,733,1395,651,660,958,632,728,845,568
'200830,"Citrus fruit, prepared or preserved, whether or not containing added sugar or other sweetening ...",0,0,0,0,0,0,0,0,0,0,0,0,,,,,,,,,,,,,,,7,50,9,4,2,13,40,46,9,2,1,0
'200897,"Mixtures of fruits, nuts and other edible parts of plants, prepared or preserved, whether or ...",0,0,289,0,0,0,0,0,0,0,0,0,,,,,,,,,,,,,,,24,25,380,18,0,13,2,42,7,1,7,25
'200899,"Fruit and other edible parts of plants, prepared or preserved, whether or not containing added ...",0,0,0,0,0,14,0,0,0,0,0,0,,,,,,,,,,,,,,,265,1026,601,714,899,1236,468,698,405,339,326,877
'200919,"Orange juice, unfermented, whether or not containing added sugar or other sweetening matter ...",0,0,0,0,0,0,0,0,0,0,0,0,,,,,,,,,,,,,,,181,92,44,154,54,88,156,103,8,81,55,119
'200949,"Pineapple juice, unfermented, Brix value > 20 at 20¡C, whether or not containing added sugar ...",0,0,0,0,46,0,0,0,0,0,0,0,,,,,,,,,,,,,,,140,175,406,109,636,149,83,65,0,287,203,583
'200950,"Tomato juice, unfermented, whether or not containing added sugar or other sweetening matter ...",0,0,0,0,0,0,0,0,0,0,0,0,,,,,,,,,,,,,,,0,0,31,12,1,0,0,0,0,0,0,0
'210210,Active yeasts,0,0,0,0,0,0,0,0,0,0,0,0,,,,,,,,,,,,,,,695,931,797,1266,953,1946,2421,1676,956,1266,1099,1093
'210230,Prepared baking powders,0,0,0,0,0,0,0,0,0,0,0,0,,,,,,,,,,,,,,,0,0,1,0,0,6,18,0,0,0,1,4
'010221,Pure-bred cattle for breeding,0,0,0,0,0,0,0,0,0,0,0,0,,,,,,,,,,,,,,,0,0,0,0,10,0,0,0,0,0,0,0
'010391,"Live pure-bred swine, weighing < 50 kg (excl. pure-bred for breeding)",0,0,0,0,0,0,0,0,0,0,0,0,,,,,,,,,,,,,,,0,0,0,0,0,0,0,0,0,0,0,0
'010410,Live sheep,0,0,0,0,0,0,0,0,0,0,0,0,,,,,,,,,,,,,,,3279,3761,2756,1811,1568,1527,1637,2361,3437,4176,6205,4487
'010420,Live goats,0,0,0,0,0,0,0,0,0,0,0,0,,,,,,,,,,,,,,,575,760,797,602,828,942,774,1283,319,518,670,838
'020120,"Fresh or chilled bovine cuts, with bone in (excl. carcases and 1/2 carcases)",0,0,0,0,0,0,0,0,0,0,0,0,,,,,,,,,,,,,,,0,0,0,0,0,0,3,0,0,0,0,68
'020441,Frozen sheep carcases and half-carcases (excl. lambs),0,0,0,0,0,0,0,0,0,0,0,0,,,,,,,,,,,,,,,0,0,0,0,0,0,0,0,0,0,0,0
'020622,Frozen edible bovine livers,0,0,0,0,0,0,0,0,0,0,0,0,,,,,,,,,,,,,,,1318,1019,1777,2373,2771,3160,2164,2727,2394,2614,2116,2091
'020713,Fresh or chilled cuts and edible offal of fowls of the species Gallus domesticus,0,0,0,0,0,0,0,0,0,0,0,0,,,,,,,,,,,,,,,0,0,0,1,0,0,0,1,0,1,0,2
'020726,Fresh or chilled cuts and edible offal of turkeys of the species domesticus,0,0,0,0,0,0,0,0,0,0,0,0,,,,,,,,,,,,,,,0,0,0,0,0,0,0,0,0,0,0,0
'020741,"Fresh or chilled domestic ducks, not cut in pieces",0,0,0,0,0,0,0,0,0,0,0,0,,,,,,,,,,,,,,,0,0,0,0,0,0,0,0,0,0,0,0
'020743,"Fatty livers of domestic ducks, fresh or chilled",0,0,0,0,0,0,0,0,0,0,0,0,,,,,,,,,,,,,,,0,0,3,0,0,5,0,0,9,0,0,0
'030111,Live ornamental freshwater fish,0,0,0,0,3,0,0,0,0,0,0,0,,,,,,,,,,,,,,,11,4,20,4,14,12,9,3,10,8,10,5
'030193,"Live carp ""Cyprinus spp., Carassius spp., Ctenopharyngodon idellus, Hypophthalmichthys spp., ...",0,0,0,0,0,0,0,0,0,0,0,0,,,,,,,,,,,,,,,9,5,0,0,0,0,23,5,0,33,19,12
'030231,"Fresh or chilled albacore or longfinned tunas ""Thunnus alalunga""",0,0,0,0,0,0,0,0,0,0,0,0,,,,,,,,,,,,,,,0,0,0,0,0,0,0,0,0,0,0,0
'030243,"Fresh or chilled sardines ""Sardina pilchardus, Sardinops spp."", sardinella ""Sardinella spp."", ...",0,0,0,0,0,0,0,0,0,0,0,0,,,,,,,,,,,,,,,0,0,0,0,0,0,0,0,0,0,0,0
'030245,"Fresh or chilled jack and horse mackerel ""Trachurus spp.""",0,0,0,0,0,0,0,0,0,0,0,0,,,,,,,,,,,,,,,0,0,0,0,0,0,0,0,0,0,0,0
'030251,"Fresh or chilled cod ""Gadus morhua, Gadus ogac, Gadus macrocephalus""",0,0,0,0,0,0,0,0,0,0,0,0,,,,,,,,,,,,,,,0,0,0,0,0,0,0,0,0,0,0,0
'030325,"Frozen carp ""Cyprinus spp., Carassius spp., Ctenopharyngodon idellus, Hypophthalmichthys spp., ...",0,0,0,0,0,0,0,0,0,0,0,0,,,,,,,,,,,,,,,0,0,0,0,0,0,0,0,0,4,0,0
'030351,"Frozen herrings ""Clupea harengus, Clupea pallasii""",0,0,0,0,0,0,0,0,0,0,0,0,,,,,,,,,,,,,,,0,0,0,0,0,0,0,9206,0,0,0,24
'030391,"Frozen fish livers, roes and milt",0,0,0,0,0,0,0,0,0,0,0,0,,,,,,,,,,,,,,,0,0,0,0,0,0,0,0,0,0,0,0
'030471,"Frozen fillets of cod ""Gadus morhua, Gadus ogac, Gadus macrocephalus""",0,0,0,0,0,0,0,0,0,0,0,0,,,,,,,,,,,,,,,18,0,0,0,0,0,16,0,0,0,0,0
'030475,"Frozen fillets of Alaska pollack ""Theragra chalcogramma""",0,0,0,0,0,0,0,0,0,0,0,0,,,,,,,,,,,,,,,165,49,231,0,274,0,0,0,0,191,0,3
'030495,"Frozen meat, whether or not minced, of fish of the families Bregmacerotidae, Euclichthyidae, ...",0,0,0,0,0,0,0,0,0,0,0,0,,,,,,,,,,,,,,,112,263,127,66,20,61,0,0,121,339,94,0
'030497,"Frozen meat, whether or not minced, of rays and skates ""Rajidae""",0,0,0,0,0,0,0,0,0,0,0,0,,,,,,,,,,,,,,,0,0,0,1,1,0,0,0,6,1,0,4
'030532,"Fillets, dried, salted or in brine, but not smoked, of fish of the families Bregmacerotidae, ...",0,0,0,0,0,0,0,0,0,0,0,0,,,,,,,,,,,,,,,0,0,0,0,0,0,0,0,0,0,0,0
'030559,"Fish, dried, even salted but not smoked, n.e.s. (excl. fillets and offal)",0,0,0,0,0,0,0,0,0,0,0,0,,,,,,,,,,,,,,,0,0,0,0,0,0,0,0,0,0,0,0
'030572,"Fish heads, tails and maws, smoked, dried, salted or in brine",0,0,0,0,0,0,0,0,0,0,0,0,,,,,,,,,,,,,,,0,0,0,0,0,0,0,0,0,0,0,0
'030693,"Crabs, whether in shell or not, dried, salted, smoked or in brine, incl. crabs in shell, cooked ...",0,0,0,0,0,0,0,0,0,0,0,0,,,,,,,,,,,,,,,0,0,0,0,0,0,0,0,0,0,0,0
'030695,"Shrimps and prawns, whether in shell or not, dried, salted, smoked or in brine, incl. ones ...",0,0,0,0,0,0,0,0,0,0,0,0,,,,,,,,,,,,,,,244,575,125,0,290,594,139,620,369,524,305,14
'030712,"Oysters, even in shell, frozen",0,0,0,0,0,0,0,0,0,0,0,0,,,,,,,,,,,,,,,9,2,0,4,2,0,5,0,1,5,4,1
'030722,"Scallops and other molluscs of the family Pectinidae, frozen, even in shell",0,0,0,0,0,0,0,0,0,0,0,0,,,,,,,,,,,,,,,152,0,6,1,0,1,18,173,3,33,0,0
'030749,"Cuttle fish and squid, smoked, dried, salted or in brine, with or without shell",0,0,0,0,0,0,0,0,0,0,0,0,,,,,,,,,,,,,,,965,874,517,1152,209,1222,1163,107,341,597,1073,297
'030771,"Live, fresh or chilled, even in shell, clams, cockles and ark shells ""families Arcidae, Arcticidae, ...",0,0,0,0,0,0,0,0,0,0,0,0,,,,,,,,,,,,,,,0,0,3,0,0,0,0,1,0,1,1,0
'030788,"Smoked, dried, salted or in brine, even in shell, stromboid conchs ""Strombus spp.""",0,0,0,0,0,0,0,0,0,0,0,0,,,,,,,,,,,,,,,0,0,0,0,0,0,0,0,0,0,0,0
'040140,"Milk and cream of a fat content by weight of > 6% but <= 10%, not concentrated nor containing ...",0,0,0,0,0,0,0,0,0,0,0,0,,,,,,,,,,,,,,,0,0,0,0,0,0,0,0,0,0,0,0
'040291,"Milk and cream, concentrated but unsweetened (excl. in solid forms)",0,0,0,0,0,0,0,0,0,0,0,0,,,,,,,,,,,,,,,0,49,200,0,0,0,50,110,0,84,35,0
'040610,"Fresh cheese ""unripened or uncured cheese"", incl. whey cheese, and curd",0,0,0,0,0,0,0,0,0,0,0,0,,,,,,,,,,,,,,,159,343,354,357,184,138,327,205,266,157,403,1016
'040620,"Grated or powdered cheese, of all kinds",0,0,0,0,0,0,0,0,0,0,0,0,,,,,,,,,,,,,,,24,93,87,0,0,63,6,7,44,0,36,18
'040711,"Fertilised eggs for incubation, of domestic fowls",0,0,0,0,0,0,0,0,0,0,0,0,,,,,,,,,,,,,,,373,0,0,373,0,0,400,0,0,404,0,0
'040790,"Birds' eggs, in shell, preserved or cooked",0,0,0,0,0,0,0,0,0,0,0,0,,,,,,,,,,,,,,,0,0,0,0,0,0,0,0,25,25,8,26
'041010,"Insects, fit for human consumption",0,0,0,0,0,0,0,0,0,0,0,0,,,,,,,,,,,,,,,0,0,0,0,0,0,0,0,0,0,0,0
'050210,"Pigs', hogs' or boars' bristles and waste of such bristles",0,0,0,0,0,0,0,0,0,0,0,0,,,,,,,,,,,,,,,0,0,0,0,0,0,0,0,0,0,0,0
'050290,Badger and other brush making hair and waste thereof,0,0,0,0,0,0,0,0,0,0,0,0,,,,,,,,,,,,,,,0,0,0,0,0,0,0,0,0,0,0,0
'051191,"Products of fish or crustaceans, molluscs or other aquatic invertebrates; dead fish, crustaceans, ...",0,0,0,0,0,0,0,0,0,0,0,0,,,,,,,,,,,,,,,2,11,0,1,3,14,0,4,12,3,5,53
'060311,"Fresh cut roses and buds, of a kind suitable for bouquets or for ornamental purposes",0,0,0,0,0,0,0,0,0,0,0,0,,,,,,,,,,,,,,,374,379,405,542,492,263,290,307,189,610,245,435
'060313,"Fresh cut orchids and buds, of a kind suitable for bouquets or for ornamental purposes",0,0,0,0,0,0,0,0,0,0,0,0,,,,,,,,,,,,,,,10,7,5,4,7,4,4,3,5,3,7,9
'070519,Fresh or chilled lettuce (excl. cabbage lettuce),0,0,0,0,0,0,0,0,0,0,0,0,,,,,,,,,,,,,,,0,0,0,0,0,0,0,0,0,0,0,0
'070820,"Fresh or chilled beans ""Vigna spp., Phaseolus spp."", shelled or unshelled",0,0,0,0,0,0,0,0,0,0,0,0,,,,,,,,,,,,,,,159,104,79,121,78,57,67,81,66,58,111,83
'070953,Fresh or chilled mushrooms of the genus Cantharellus,0,0,0,0,0,0,0,0,0,0,0,0,,,,,,,,,,,,,,,0,0,0,0,0,0,0,0,0,0,0,0
'070993,"Fresh or chilled pumpkins, squash and gourds ""Cucurbita spp.""",0,0,0,0,0,0,0,0,0,0,0,0,,,,,,,,,,,,,,,119,146,267,90,91,38,71,17,16,12,28,36
'071159,"Mushrooms and truffles, provisionally preserved, e.g., by sulphur dioxide gas, in brine, in ...",0,0,0,0,0,0,0,0,0,0,0,0,,,,,,,,,,,,,,,0,0,0,0,0,0,0,0,0,0,0,0
'071234,"Dried shiitake ""Lentinus edodes"", whole, cut, sliced, broken or in powder, but not further ...",0,0,0,0,0,0,0,0,0,0,0,0,,,,,,,,,,,,,,,0,7,0,0,0,0,0,0,6,0,0,0
'071290,"Dried vegetables and mixtures of vegetables, whole, cut, sliced, broken or in powder, but not ...",0,0,0,0,0,0,0,0,0,0,0,0,,,,,,,,,,,,,,,1916,2416,2179,1535,2184,2320,2375,2253,2054,2112,1885,2987
'250870,Chamotte or dinas earths,0,0,0,0,0,0,0,0,0,0,0,0,,,,,,,,,,,,,,,1,0,29,264,0,70,0,55,7,0,0,0
'251200,"Siliceous fossil meals, e.g. kieselguhr, tripolite and diatomite, and similar siliceous earths, ...",0,0,0,0,0,0,0,0,0,0,0,0,,,,,,,,,,,,,,,357,621,55,7,318,62,55,187,212,461,409,273
'251400,"Slate, whether or not roughly trimmed or merely cut, by sawing or otherwise, into blocks or ...",0,0,0,0,0,0,0,0,0,0,0,0,,,,,,,,,,,,,,,0,26,0,0,9,0,0,8,0,0,0,18
'251620,"Sandstone, whether or not roughly trimmed or merely cut, by sawing or otherwise, into blocks ...",0,0,0,0,0,0,0,0,0,0,0,0,,,,,,,,,,,,,,,70,117,135,95,155,151,152,88,90,103,135,123
'252210,Quicklime,0,0,0,0,0,0,0,0,0,0,0,0,,,,,,,,,,,,,,,641,847,1122,880,851,735,725,728,821,404,416,831
'252490,Asbestos (excl. crocidolite and products made from asbestos),0,0,0,0,0,0,0,0,0,0,0,0,,,,,,,,,,,,,,,0,0,2,1,1,0,0,0,0,0,0,0
'252610,"Natural steatite, whether or not roughly trimmed or merely cut, by sawing or otherwise, into ...",0,0,0,0,0,0,0,0,0,0,0,0,,,,,,,,,,,,,,,0,5,3,0,0,0,0,3,0,6,12,0
'260900,Tin ores and concentrates,0,0,0,0,0,0,0,0,0,0,0,0,,,,,,,,,,,,,,,0,0,0,0,0,0,0,0,0,0,0,0
'261000,Chromium ores and concentrates,0,0,0,0,0,0,0,0,0,0,0,0,,,,,,,,,,,,,,,2654,1837,2899,2697,2192,735,1138,194,1000,994,229,851
'261390,Molybdenum ores and concentrates (excl. roasted),0,0,0,0,0,0,0,0,0,0,0,0,,,,,,,,,,,,,,,0,0,0,0,0,0,0,6,0,0,0,0
'261710,Antimony ores and concentrates,0,0,0,0,0,0,0,0,0,0,0,0,,,,,,,,,,,,,,,0,0,0,0,0,0,0,0,0,0,0,0
'261900,"Slag, dross, scalings and other waste from the manufacture of iron or steel (excl. granulated ...",0,0,0,0,0,0,0,0,0,0,0,0,,,,,,,,,,,,,,,5,0,48,0,3,1,4,0,0,4,4,0
'262091,"Slag, ash and residues, containing antimony, beryllium, cadmium, chromium or their mixtures ...",0,0,0,0,0,0,0,0,0,0,0,0,,,,,,,,,,,,,,,0,0,0,0,0,0,0,0,0,0,0,0
'262110,Ash and residues from the incineration of municipal waste,0,0,0,0,0,0,0,0,0,0,0,0,,,,,,,,,,,,,,,0,0,0,0,0,0,0,0,0,0,0,0
'270710,"Benzol ""benzene"" containing > 50% of benzene (excl. chemically defined)",0,0,0,0,0,0,0,0,0,0,0,0,,,,,,,,,,,,,,,0,0,0,0,0,0,0,0,0,0,0,0
'271099,Waste oils containing mainly petroleum or bituminous minerals (excl. those containing polychlorinated ...,0,0,0,0,0,0,0,0,0,0,0,0,,,,,,,,,,,,,,,30,48,58,51,52,66,49,46,281,35,46,182
'271210,Petroleum jelly,0,0,0,0,0,0,0,0,0,0,0,0,,,,,,,,,,,,,,,231,144,285,232,113,213,89,33,221,203,209,513
'271490,"Bitumen and asphalt, natural; asphaltites and asphaltic rocks",0,0,0,0,0,0,0,0,0,0,0,0,,,,,,,,,,,,,,,24,23,23,10,24,0,0,13,0,16,0,23
'091091,Mixtures of different types of spices,0,0,0,0,0,0,0,0,0,0,0,0,,,,,,,,,,,,,,,85,343,212,122,293,174,174,205,202,101,298,227
'100191,"Seed of wheat and meslin, for sowing (excl. durum)",0,0,0,0,0,0,0,0,0,0,0,0,,,,,,,,,,,,,,,4,0,3,0,0,0,0,0,0,0,0,0
'100290,Rye (excl. seed for sowing),0,0,0,0,0,0,0,0,0,0,0,0,,,,,,,,,,,,,,,0,0,26,50,0,28,0,0,23,0,0,0
'100490,Oats (excl. seed for sowing),0,0,0,0,0,0,0,0,0,0,0,0,,,,,,,,,,,,,,,8586,0,0,0,0,0,11,0,0,12,0,1
'100510,Maize seed for sowing,0,0,0,0,0,0,0,0,0,0,0,0,,,,,,,,,,,,,,,3478,2677,6250,4097,6351,2181,1910,288,1,89,127,10279
'110319,Groats and meal of cereals (excl. wheat and maize),0,0,0,0,0,0,0,0,0,0,0,0,,,,,,,,,,,,,,,23,2,4,23,36,10,14,33,8,2,3,39
'110320,Cereal pellets,0,0,0,0,0,0,0,0,0,0,0,0,,,,,,,,,,,,,,,68,30,0,0,0,31,68,37,118,40,96,149
'080252,"Fresh or dried pistachios, shelled",0,0,0,0,0,0,0,0,0,0,0,0,,,,,,,,,,,,,,,147,0,16,0,1,0,390,347,208,65,282,2
'080262,"Fresh or dried macadamia nuts, shelled",0,0,0,0,0,0,0,0,0,0,0,0,,,,,,,,,,,,,,,527,47,75,135,146,165,341,76,14,0,22,124
'080390,Fresh or dried bananas (excl. plantains),0,0,0,0,0,0,0,0,0,0,0,0,,,,,,,,,,,,,,,5993,5916,6087,5364,4712,4870,4267,6231,5627,5681,4663,6000
'080810,Fresh apples,0,0,0,0,0,0,0,0,0,0,0,0,,,,,,,,,,,,,,,0,0,0,0,0,0,0,0,0,0,1,0
'081120,"Frozen raspberries, blackberries, mulberries, loganberries, black-, white- or red currants ...",0,0,0,0,0,0,0,0,0,0,0,0,,,,,,,,,,,,,,,74,10,0,75,120,46,172,2,19,29,36,154
'081400,"Peel of citrus fruit or melons, incl. watermelons, fresh, frozen, dried or provisionally preserved ...",0,0,0,0,0,0,0,0,0,0,0,0,,,,,,,,,,,,,,,1,4,22,6,3,11,6,23,0,21,2,2
'090300,Mate,0,0,0,0,0,0,0,0,0,0,0,0,,,,,,,,,,,,,,,1,1,3,1,1,4,0,0,3,0,5,0
'090619,"Cinnamon and cinnamon-tree flowers (excl. cinnamon ""Cinnamomum zeylanicum Blume"" and crushed ...",19,0,0,0,13,0,24,25,5,3,0,0,,,,,,,,,,,,,,,25,0,0,76,13,0,25,25,21,4,9,55
'282735,Nickel chloride,0,0,0,0,0,0,0,0,0,0,0,0,,,,,,,,,,,,,,,0,1,0,12,0,0,7,0,0,14,3,0
'282911,Chlorate of sodium,0,0,0,0,0,0,0,0,0,0,0,0,,,,,,,,,,,,,,,1814,814,1246,1215,751,991,938,775,1204,1072,1647,1963
'282990,Perchlorates; bromates and perbromates; iodates and periodates (excl. inorganic or organic ...,0,0,0,0,0,0,0,0,115,0,0,0,,,,,,,,,,,,,,,765,251,102,817,975,846,1337,1422,807,393,695,98
'283522,Mono- or disodium phosphate,0,0,0,0,0,0,0,0,0,0,0,0,,,,,,,,,,,,,,,176,155,67,232,17,14,125,39,145,108,206,130
'283529,"Phosphates (excl. phosphates of monosodium, disodium, potassium, calcium and mercury)",0,0,0,0,0,0,0,0,0,0,0,0,,,,,,,,,,,,,,,496,617,383,397,248,702,297,442,937,209,313,604
'283911,"Metasilicates of sodium, incl. commercial metasilicates",0,0,0,0,0,0,0,0,0,0,0,0,,,,,,,,,,,,,,,275,236,43,178,179,310,214,57,206,81,39,267
'284019,"Disodium tetraborate ""refined borax"" (excl. anhydrous)",0,0,0,0,0,0,0,0,0,0,0,0,,,,,,,,,,,,,,,116,105,284,94,175,292,367,71,112,32,145,94
'284210,"Double or complex silicates of inorganic acids or peroxoacids, incl. aluminosilicates whether ...",0,0,0,0,0,0,0,0,0,0,0,0,,,,,,,,,,,,,,,1702,89,1467,1859,1831,1380,77,203,3031,172,967,3644
'284330,"Gold compounds, inorganic or organic, whether or not chemically defined",0,0,0,0,0,0,0,0,0,0,0,0,,,,,,,,,,,,,,,3,6,6,6,8,3,8,2,3,31,2,4
'284410,"Natural uranium and its compounds; alloys, dispersions, incl. cermets, ceramic products and ...",0,0,0,0,0,0,0,0,0,0,0,0,,,,,,,,,,,,,,,0,0,0,0,0,0,0,0,0,0,0,0
'284420,"Uranium enriched in U 235 and its compounds: plutonium and its compounds; alloys, dispersions, ...",0,0,0,0,0,0,0,0,0,0,0,0,,,,,,,,,,,,,,,0,0,0,0,0,0,2777,0,0,4357,0,0
'284590,"Non-radioactive isotopes; inorganic or organic compounds of such isotopes, whether or not chemically ...",0,0,0,0,0,0,0,0,0,0,0,0,,,,,,,,,,,,,,,370,12,29,14,18,22,11,51,830,36,319,41
'284920,"Carbides of silicon, whether or not chemically defined",0,0,0,0,0,0,0,0,0,0,0,0,,,,,,,,,,,,,,,90,48,49,121,33,132,137,532,781,559,656,191
'290377,"Halogenated derivatives of acyclic hydrocarbons containing two or more different halogens, ...",0,0,0,0,0,0,0,0,0,0,0,0,,,,,,,,,,,,,,,0,0,0,0,0,0,0,0,0,0,0,0
'290379,Halogenated derivatives of acyclic hydrocarbons containing two or more different halogens (excl. ...,0,0,0,0,0,0,0,0,0,0,0,0,,,,,,,,,,,,,,,47,187,205,0,0,95,13,654,0,0,0,0
'290549,"Tri- and other polyhydric acyclic alcohols (excl. 2-ethyl-2-""hydroxymethyl"" propane-1,3-diol ...",0,0,0,0,0,0,0,0,0,0,0,0,,,,,,,,,,,,,,,210,269,289,73,302,246,449,239,475,382,223,319
'290629,"Aromatic cyclic alcohols and their halogenated, sulphonated, nitrated or nitrosated derivatives ...",0,0,0,0,0,0,0,0,0,0,0,0,,,,,,,,,,,,,,,22,7,84,26,22,18,37,20,1,3,62,5
'290713,"Octylphenol, nonylphenol and their isomers; salts thereof",0,0,0,0,0,0,0,0,0,0,0,0,,,,,,,,,,,,,,,69,87,134,0,246,39,189,72,183,21,87,0
'290715,Naphthols and their salts,0,0,0,0,0,0,0,0,0,0,0,0,,,,,,,,,,,,,,,0,146,4,2,1,0,0,2,0,2,0,2
'290723,"4,4'-Isopropylidenediphenol ""bisphenol A, diphenylolpropane"" and its salts",0,0,0,0,0,0,0,0,0,0,0,0,,,,,,,,,,,,,,,24,251,181,74,38,35,107,52,0,102,70,72
'290911,Diethyl ether,0,0,0,0,0,0,0,0,0,0,0,0,,,,,,,,,,,,,,,2,0,86,1,0,6,0,37,0,3,5,0
'291411,Acetone,0,0,0,0,0,0,0,0,0,0,0,0,,,,,,,,,,,,,,,9,1,5,1,2,7,4,9,2,5,5,3
'291413,"4-Methylpentan-2-one ""methyl isobutyl ketone""",0,0,0,0,0,0,0,0,0,0,0,0,,,,,,,,,,,,,,,2,0,0,0,2,0,0,18,0,0,0,0
'291423,Ionones and methylionones,0,0,0,0,0,0,0,0,0,0,0,0,,,,,,,,,,,,,,,28,14,67,27,50,45,69,22,7,9,66,41
'291439,"Ketones, aromatic, without other oxygen function (excl. phenylacetone [phenylpropan-2-one])",0,0,0,0,0,0,0,0,0,0,0,0,,,,,,,,,,,,,,,76,74,88,8,42,86,97,157,59,97,14,103
'291440,Ketone-alcohols and ketone-aldehydes,0,0,0,0,0,0,0,0,0,0,0,0,,,,,,,,,,,,,,,91,126,62,24,70,46,96,61,80,54,92,32
'291532,Vinyl acetate,0,0,0,0,0,0,0,0,0,0,0,0,,,,,,,,,,,,,,,153,212,251,111,75,184,321,195,67,105,447,219
'291590,"Saturated acyclic monocarboxylic acids, their anhydrides, halides, peroxides and peroxyacids; ...",0,0,0,0,0,0,0,0,0,0,0,0,,,,,,,,,,,,,,,1228,1299,1050,1354,1118,2220,1364,497,976,872,810,1642
'291632,Benzoyl peroxide and benzoyl chloride,0,0,0,0,0,0,0,0,0,0,0,0,,,,,,,,,,,,,,,117,39,233,10,116,50,46,104,211,105,205,178
'291714,Maleic anhydride,0,0,0,0,0,0,0,0,0,0,0,0,,,,,,,,,,,,,,,136,125,78,68,136,206,154,119,105,177,149,108
'291736,Terephthalic acid and its salts,0,0,0,0,0,0,0,0,0,0,0,0,,,,,,,,,,,,,,,6178,4204,2586,11317,8209,10172,8612,9894,1644,19702,2909,3679
'291823,"Esters of salicylic acid and their salts (excl. o-acetylsalicylic acid, its salts and esters)",0,0,0,0,0,0,0,0,0,0,0,0,,,,,,,,,,,,,,,124,13,34,43,119,41,23,19,18,9,40,30
'292143,Toluidines and their derivatives; salts thereof,0,0,0,0,0,0,0,0,0,0,0,0,,,,,,,,,,,,,,,178,0,155,0,77,235,121,580,108,14,8,104
'292218,"2-""N,N-Diisopropylamino""ethanol",0,0,0,0,0,0,0,0,0,0,0,0,,,,,,,,,,,,,,,0,0,0,0,0,0,0,0,0,0,0,0
'292241,Lysine and its esters; salts thereof,0,0,0,0,0,0,0,0,0,0,0,0,,,,,,,,,,,,,,,1461,1384,3236,895,1030,591,497,1724,3919,3349,5580,1772
'292800,Organic derivatives of hydrazine or of hydroxylamine,0,0,0,0,0,0,0,0,0,0,0,0,,,,,,,,,,,,,,,468,26,53,176,60,70,306,81,28,54,4,369
'292990,Compounds with nitrogen function (excl. amine-function compounds; oxygen-function amino-compounds; ...,0,0,0,0,0,0,0,0,0,0,0,0,,,,,,,,,,,,,,,989,1336,1290,1777,1063,1233,776,1859,988,825,723,814
'293145,Salt of methylphosphonic acid and (aminoiminomethyl)urea (1: 1),0,0,0,0,0,0,0,0,0,0,0,0,,,,,,,,,,,,,,,2,0,1,0,5,0,3,0,0,0,0,0
'293159,"Separate chemically defined halogenated organo-phosphorous derivatives, n.e.s.",0,0,0,0,0,0,0,0,0,0,0,0,,,,,,,,,,,,,,,0,0,0,0,0,0,0,7,0,0,0,0
'293295,"Tetrahydrocannabinols ""all isomers""",0,0,0,0,0,0,0,0,0,0,0,0,,,,,,,,,,,,,,,0,0,0,0,0,0,0,0,0,0,0,0
'293321,Hydantoin and its derivatives,0,0,0,0,0,0,0,0,0,0,0,0,,,,,,,,,,,,,,,50,16,213,84,171,40,8,68,113,55,1,92
'293369,"Heterocyclic compounds with nitrogen hetero-atom[s] only, containing an unfused triazine ring, ...",0,0,0,0,0,0,0,0,0,0,0,0,,,,,,,,,,,,,,,3664,2335,2992,3555,1752,2372,957,1548,1970,2236,1010,1636
'293510,N-Methylperfluorooctane sulphonamide,0,0,0,0,0,0,0,0,0,0,0,0,,,,,,,,,,,,,,,0,0,0,0,0,0,0,0,0,0,0,0
'293622,"Vitamin B1 and its derivatives, used primarily as vitamins",0,0,0,0,0,0,0,0,0,0,0,0,,,,,,,,,,,,,,,162,139,203,531,117,326,142,264,150,289,94,412
'293624,"D-Pantothenic or DL-pantothenic acid ""Vitamin B3 or B5"" and their derivatives, used primarily ...",0,0,0,0,0,0,0,0,0,0,0,0,,,,,,,,,,,,,,,393,300,290,109,363,296,268,91,66,218,147,539
'293629,"Vitamins and their derivatives, used primarily as vitamins, unmixed (excl. vitamins A, B1, ...",0,0,0,0,0,0,0,0,0,0,0,0,,,,,,,,,,,,,,,671,640,1469,532,769,739,555,937,440,729,446,1293
'293750,"Prostaglandins, thromboxanes and leukotrienes, their derivatives and structural analogues, ...",0,0,0,0,0,0,0,0,0,0,0,0,,,,,,,,,,,,,,,0,0,0,12,0,0,2,1,4,9,0,2
'293810,"Rutoside ""rutin"" and its derivatives",0,0,0,0,0,0,0,0,0,0,0,0,,,,,,,,,,,,,,,7,0,2,5,1,1,2,2,1,0,0,0
'293959,"Theophylline and aminophylline ""theophylline-ethylenediamine"" and their derivatives, and salts ...",0,0,0,0,0,0,0,0,0,0,0,0,,,,,,,,,,,,,,,1,116,24,1,0,0,0,0,124,30,73,124
'293962,"Ergotamine ""INN"" and its salts",0,0,0,0,0,0,0,0,0,0,0,0,,,,,,,,,,,,,,,0,0,0,0,0,0,0,0,0,0,70,0
'294120,Streptomycins and their derivatives; salts thereof,0,0,0,0,0,0,0,0,0,0,0,0,,,,,,,,,,,,,,,1,1,2,1,0,0,0,0,2,1,2,3
'294140,Chloramphenicol and its derivatives; salts thereof,0,0,0,0,0,0,0,0,0,0,0,0,,,,,,,,,,,,,,,0,1,0,3,0,1,2,1,0,2,1,25
'300310,"Medicaments containing penicillins or derivatives thereof with a penicillanic acid structure, ...",0,0,0,0,0,0,0,0,0,0,0,0,,,,,,,,,,,,,,,0,0,1,0,0,0,0,0,0,0,0,12
'300342,"Medicaments containing pseudoephedrine ""INN"" or its salts, not containing hormones, steroids ...",0,0,0,0,0,0,0,0,0,0,0,0,,,,,,,,,,,,,,,0,0,0,0,0,0,0,0,0,0,0,0
'300420,"Medicaments containing antibiotics, put up in measured doses ""incl. those for transdermal administration"" ...",5,0,0,0,0,0,3,0,0,0,13,0,,,,,,,,,,,,,,,4945,8017,6540,12259,7051,6194,5116,10414,6025,11358,12592,8188
'300460,"Medicaments containing any of the following antimalarial active principles: artemisinin ""INN"" ...",0,0,0,0,0,0,0,0,0,0,0,0,,,,,,,,,,,,,,,0,0,1,72,43,0,0,1,39,0,0,0
'310100,"Animal or vegetable fertilisers, whether or not mixed together or chemically treated; fertilisers ...",0,0,0,0,0,0,0,0,0,0,0,0,,,,,,,,,,,,,,,200,148,256,256,871,455,238,259,297,391,258,982
'310210,"Urea, whether or not in aqueous solution (excl. that in tablets or similar forms, or in packages ...",0,0,0,0,0,0,0,0,0,0,0,0,,,,,,,,,,,,,,,13906,11419,91694,57690,63657,47765,27883,31135,17389,19791,8678,12171
'310250,"Sodium nitrate (excl. that in tablets or similar forms, or in packages with a gross weight ...",0,0,0,0,0,0,0,0,0,0,0,0,,,,,,,,,,,,,,,535,11,0,0,1025,10,476,66,12,0,9,506
'310430,"Potassium sulphate (excl. that in tablets or similar forms, or in packages with a gross weight ...",0,137,0,0,135,0,0,0,0,0,0,0,,,,,,,,,,,,,,,2681,1565,10469,3893,5561,4520,3051,2029,2932,1867,2543,2838
'310530,"Diammonium hydrogenorthophosphate ""diammonium phosphate"" (excl. that in tablets or similar ...",0,0,0,0,0,0,0,0,0,0,0,0,,,,,,,,,,,,,,,0,3,104,37,33,109,164,0,128,20,12,35
'320411,Synthetic organic disperse dyes; preparations based on synthetic organic disperse dyes of a ...,0,0,0,0,0,0,0,0,0,0,0,0,,,,,,,,,,,,,,,72,32,148,163,137,163,92,97,132,19,192,104
'610441,"Women's or girls' dresses of wool or fine animal hair, knitted or crocheted (excl. petticoats)",0,0,0,0,0,0,0,0,0,0,0,0,,,,,,,,,,,,,,,5,8,2,8,11,6,15,20,2,6,4,7
'610310,"Men's or boys' suits of textile materials, knitted or crocheted (excl. tracksuits, ski suits ...",0,0,0,0,0,0,0,0,0,0,0,0,,,,,,,,,,,,,,,45,28,36,12,18,70,27,9,3,3,1,4
'610322,"Men's or boys' ensembles of cotton, knitted or crocheted (excl. ski ensembles and swimwear)",8,0,0,0,0,0,0,0,1,4,0,0,,,,,,,,,,,,,,,103,110,124,167,149,145,109,27,66,70,71,70
'482090,"Blotting pads and similar articles of stationery, of paper and paperboard, and book covers ...",0,0,0,0,0,0,0,0,0,0,0,0,,,,,,,,,,,,,,,71,56,57,88,133,344,68,64,56,42,29,61
'482290,"Bobbins, spools, cops and similar supports of paper pulp, paper or paperboard, whether or not ...",0,0,0,0,0,0,0,0,0,0,0,0,,,,,,,,,,,,,,,31,207,92,79,111,19,26,194,106,27,84,138
'611219,"Track-suits of textile materials, knitted or crocheted (excl. cotton or synthetic fibres)",0,0,0,0,0,0,0,0,0,0,0,0,,,,,,,,,,,,,,,10,10,15,9,110,16,50,4,7,22,33,17
'611594,"Full-length or knee-length stockings, socks and other hosiery, incl. footwear without applied ...",0,0,0,0,0,0,0,0,0,0,0,0,,,,,,,,,,,,,,,28,18,7,10,3,4,6,2,1,2,8,1
'611790,"Parts of garments or clothing accessories, knitted or crocheted, n.e.s.",0,0,0,0,0,0,0,0,0,0,0,0,,,,,,,,,,,,,,,54,41,72,72,49,37,27,40,50,75,85,112
'610729,"Men's or boys' nightshirts and pyjamas of textile materials, knitted or crocheted (excl. of ...",0,0,12,0,0,0,0,0,0,0,0,0,,,,,,,,,,,,,,,16,40,46,1,3,42,14,5,5,87,104,43
'610799,"Men's or boys' bathrobes, dressing gowns and similar articles of textile materials, knitted ...",0,0,0,0,0,0,0,0,0,0,0,0,,,,,,,,,,,,,,,41,17,52,4,19,3,68,57,246,385,637,449
'620311,"Men's or boys' suits of wool or fine animal hair (excl. knitted or crocheted, tracksuits, ski ...",0,0,0,20,1,0,0,0,0,0,0,0,,,,,,,,,,,,,,,256,110,133,169,173,98,85,72,99,56,108,108
'620322,"Men's or boys' ensembles of cotton (excl. knitted or crocheted, ski ensembles and swimwear)",0,0,0,0,0,0,0,0,0,0,0,0,,,,,,,,,,,,,,,309,382,373,257,318,528,466,286,242,308,300,314
'410449,"Hides and skins of bovine ""incl. buffalo"" or equine animals, in the dry state ""crust"", without ...",0,0,0,0,0,0,0,0,0,0,44,0,,,,,,,,,,,,,,,0,0,122,0,1,111,7,1,63,21,158,0
'410719,"Leather ""incl. parchment-dressed leather"" of the whole hides and skins of bovine ""incl. buffalo"" ...",0,0,0,0,0,0,0,0,0,0,0,0,,,,,,,,,,,,,,,32,14,53,3,0,89,20,1,19,6,0,34
'411310,"Leather further prepared after tanning or crusting ""incl. parchment-dressed leather"", of goats ...",0,0,0,0,0,0,0,0,0,0,0,0,,,,,,,,,,,,,,,47,31,52,18,43,13,34,42,61,10,19,27
'430219,"Tanned or dressed furskins, whole, with or without heads, tails or paws, not assembled (excl. ...",0,0,0,0,0,0,0,0,0,0,0,0,,,,,,,,,,,,,,,55,54,60,27,77,67,60,37,21,17,78,44
'430390,"Articles of furskin (excl. articles of apparel, clothing accessories and goods of chapter 95, ...",0,0,0,0,0,2,0,0,0,0,0,0,,,,,,,,,,,,,,,29,5,0,7,4,3,8,1,5,17,29,7
'440132,Wood briquettes,0,0,0,0,0,0,0,0,0,0,0,0,,,,,,,,,,,,,,,0,0,6,6,7,0,9,0,9,0,5,0
'440139,"Sawdust and wood waste and scrap, agglomerated in logs or similar forms (excl. pellets and ...",0,0,0,0,0,0,0,0,0,0,0,0,,,,,,,,,,,,,,,132,88,105,102,122,126,166,158,190,156,169,164
'440220,"Wood charcoal of shell or nut, whether or not agglomerated (excl. of bamboo, used as a medicament, ...",0,0,0,0,0,0,0,0,0,0,0,0,,,,,,,,,,,,,,,0,47,213,0,0,367,389,112,131,273,3,0
'440325,"Coniferous wood in the rough, of which the smallest cross-sectional dimension is =>15 cm, whether ...",0,0,0,0,0,0,0,0,0,0,0,0,,,,,,,,,,,,,,,200,170,80,165,173,144,137,77,111,156,203,143
'440399,"Wood in the rough, whether or not stripped of bark or sapwood, or roughly squared (excl. rough-cut ...",0,0,0,0,0,0,0,0,0,0,0,0,,,,,,,,,,,,,,,0,0,0,1,1,0,3,32,0,1,0,16
'440723,"Teak, sawn or chipped lengthwise, sliced or peeled, of a thickness of > 6 mm, sanded, or end-jointed, ...",0,0,0,0,0,0,0,0,0,0,0,0,,,,,,,,,,,,,,,0,0,0,0,0,0,0,32,110,0,0,0
'440797,"Poplar and aspen ""Populus spp."", sawn or chipped lengthwise, sliced or peeled, whether or not ...",0,0,0,0,0,0,0,0,0,0,0,0,,,,,,,,,,,,,,,28,0,0,1,1,7,3,0,0,32,0,42
'441113,"Medium density fibreboard ""MDF"" of wood, of a thickness >Ê5Êmm but <=Ê9Êmm",0,0,0,0,0,0,0,0,0,0,0,0,,,,,,,,,,,,,,,323,326,276,257,176,289,558,453,445,232,363,564
'441251,"Blockboard, laminboard and battenboard, with at least one outer ply of tropical wood (excl. ...",0,0,0,0,0,0,0,0,0,0,0,0,,,,,,,,,,,,,,,1,0,2,0,0,0,0,0,0,0,0,0
'441299,"Laminated wood with both outer plies of coniferous wood (excl. of bamboo, with an outer ply ...",0,0,16,25,0,0,0,0,0,0,0,0,,,,,,,,,,,,,,,692,489,529,482,432,603,395,476,357,552,680,539
'441410,"Wooden frames for paintings, photographs, mirrors or similar objects, of tropical wood",0,0,0,0,0,0,0,0,0,0,0,0,,,,,,,,,,,,,,,0,1,0,0,2,2,1,6,3,2,3,1
'441600,"Casks, barrels, vats, tubs and other coopers' products parts thereof, of wood, incl. staves",0,0,0,0,0,0,0,0,0,0,0,0,,,,,,,,,,,,,,,182,312,336,382,339,90,348,2017,10299,1316,4334,1325
'441873,"Flooring panels, assembled, of bamboo or with at least the top wear layer of bamboo",0,0,0,0,0,0,0,0,0,0,0,0,,,,,,,,,,,,,,,19,26,17,13,0,4,18,0,0,0,0,17
'442019,"Statuettes and other ornaments, of wood (excl. of tropical wood, and wood marquetry and inlaid ...",0,0,0,0,0,0,0,0,0,0,0,0,,,,,,,,,,,,,,,82,53,57,97,124,133,32,66,76,50,30,41
'450200,"Natural cork, debacked or roughly squared, or in square or rectangular blocks, plates, sheets ...",0,0,0,0,0,0,0,0,0,0,0,0,,,,,,,,,,,,,,,3,0,0,0,0,1,0,4,0,0,0,0
'470692,"Chemical pulp of fibrous cellulosic material (excl. that of bamboo, wood, cotton linters and ...",0,0,0,0,0,0,0,0,0,0,0,0,,,,,,,,,,,,,,,2,84,126,0,15,181,38,5,140,28,0,196
'480411,"Unbleached kraftliner, uncoated, in rolls of a width > 36 cm",0,0,0,0,0,0,0,0,0,0,0,0,,,,,,,,,,,,,,,2272,1967,2077,2074,2965,3635,2498,4775,6444,2374,4348,5584
'480442,"Kraft paper and paperboard, uncoated, in rolls of a width > 36 cm or in square or rectangular ...",0,0,0,0,0,0,0,0,0,0,0,0,,,,,,,,,,,,,,,0,0,41,0,0,30,0,0,0,0,0,0
'480459,"Kraft paper and paperboard, uncoated, in rolls of a width > 36 cm or in square or rectangular ...",0,0,0,0,0,0,0,0,0,0,0,0,,,,,,,,,,,,,,,89,1,1,0,1,2,0,22,32,0,200,98
'480540,"Filter paper and paperboard, in rolls of a width > 36 cm or in square or rectangular sheets ...",0,0,0,0,0,0,0,0,0,0,0,0,,,,,,,,,,,,,,,491,536,301,398,229,282,328,167,317,266,462,398
'480640,"Glassine and other glazed transparent or translucent papers, in rolls of a width > 36 cm or ...",0,0,0,0,0,0,0,0,0,0,0,0,,,,,,,,,,,,,,,49,75,54,10,100,289,89,12,65,36,225,119
'481730,"Boxes, pouches, wallets and writing compendiums, of paper or paperboard, containing an assortment ...",0,0,0,0,0,0,0,0,0,0,0,0,,,,,,,,,,,,,,,22,15,14,16,17,19,21,20,18,10,21,18
'630231,"Bedlinen of cotton (excl. printed, knitted or crocheted)",0,0,0,0,0,0,0,0,0,0,0,0,,,,,,,,,,,,,,,325,242,380,433,612,1147,268,535,188,359,191,151
'630293,"Toilet linen and kitchen linen of man-made fibres (excl. floorcloths, polishing cloths, dishcloths ...",0,0,0,0,0,0,5,3,0,3,0,0,,,,,,,,,,,,,,,263,85,434,283,333,427,269,231,208,114,268,160
'630419,"Bedspreads of all types of textile materials (excl. knitted or crocheted, bedlinen, quilts ...",0,0,0,0,0,0,0,0,0,0,0,0,,,,,,,,,,,,,,,98,212,194,206,125,175,165,38,116,110,57,159
'630420,"Bed nets, warp knit, antimalarial",0,0,0,0,0,0,0,0,0,0,0,0,,,,,,,,,,,,,,,0,1,1,3,1,1,1,1,0,1,0,0
'630491,"Articles for interior furnishing, knitted or crocheted (excl. blankets and travelling rugs, ...",0,0,0,0,0,0,0,0,0,0,0,0,,,,,,,,,,,,,,,348,204,248,153,182,357,297,397,370,337,413,259
'630619,"Tarpaulins, awnings and sunblinds of textile materials (excl. of synthetic fibres and flat ...",0,0,18,0,0,0,0,0,0,0,7,0,,,,,,,,,,,,,,,124,41,103,158,257,33,56,79,135,198,94,48
'640320,"Footwear with outer soles of leather, and uppers which consist of leather straps across the ...",0,0,0,0,0,0,0,0,0,0,0,0,,,,,,,,,,,,,,,3,10,58,73,21,49,60,10,11,7,4,5
'620411,"Women's or girls' suits of wool or fine animal hair (excl. knitted or crocheted, ski overalls ...",0,0,0,0,0,0,0,0,0,0,0,0,,,,,,,,,,,,,,,7,7,18,1,8,22,12,2,0,36,0,9
'620451,Women's or girls' skirts and divided skirts of wool or fine animal hair (excl. knitted or crocheted ...,0,0,0,0,0,0,0,0,0,0,0,0,,,,,,,,,,,,,,,5,2,8,14,15,5,6,5,6,4,8,19
'621440,"Shawls, scarves, mufflers, mantillas, veils and similar articles of artificial fibres (excl. ...",0,0,0,0,0,0,0,0,0,0,0,0,,,,,,,,,,,,,,,26,14,39,29,27,6,12,34,45,26,14,1
'621520,"Ties, bow ties and cravats of man-made fibres (excl. knitted or crocheted)",0,0,0,0,0,0,0,0,0,0,0,0,,,,,,,,,,,,,,,36,45,61,46,77,46,49,30,55,42,84,28
'681512,"Fabrics of carbon fibres, for non-electrical purposes",0,0,0,0,0,0,0,0,0,0,0,0,,,,,,,,,,,,,,,61,738,163,379,555,262,194,148,124,391,246,252
'690310,"Retorts, crucibles, mufflers, nozzles, plugs, supports, cupels, tubes, pipes, sheaths, rods, ...",0,0,0,0,0,0,0,0,0,0,0,0,,,,,,,,,,,,,,,69,42,102,67,91,46,59,41,48,107,23,50
'690510,Roofing tiles,0,0,0,0,5,0,0,12,26,0,0,0,,,,,,,,,,,,,,,9,21,56,1,29,95,23,56,37,104,23,19
'690723,"Ceramic flags and paving, hearth or wall tiles, of a water absorption coefficient by weight ...",1,0,0,0,0,0,0,0,0,0,0,0,,,,,,,,,,,,,,,492,446,708,754,642,544,486,316,729,378,613,400
'700320,"Cast glass and rolled glass, in wired sheets, whether or not with absorbent, reflecting or ...",0,0,0,0,0,0,0,0,0,0,0,0,,,,,,,,,,,,,,,0,0,0,0,0,0,0,22,0,0,0,0
'700719,"Toughened ""tempered"" safety glass (excl. glass of size and shape suitable for incorporation ...",0,0,0,0,1,1,0,0,0,0,0,0,,,,,,,,,,,,,,,1041,650,723,976,901,925,541,471,769,677,713,1033
'701190,"Glass envelopes, incl. bulbs and tubes, open, and glass parts thereof, without fittings, for ...",0,0,0,0,0,0,0,0,0,0,0,0,,,,,,,,,,,,,,,1,4,1,6,1,0,1,0,2,4,18,0
'701310,"Glassware of glass ceramics, of a kind used for table, kitchen, toilet, office, indoor decoration ...",0,0,0,0,0,0,0,0,0,0,0,0,,,,,,,,,,,,,,,85,39,185,59,102,49,119,51,54,24,68,35
'701342,Glassware for table or kitchen purposes of glass having a linear coefficient of expansion <= ...,0,0,0,0,0,0,0,0,0,0,0,0,,,,,,,,,,,,,,,351,389,545,497,376,435,557,204,301,197,287,328
'701965,"Open woven fabrics of glass fibres, of a width <= 30 cm",0,0,0,0,0,0,0,0,0,0,0,0,,,,,,,,,,,,,,,68,43,35,52,10,46,24,1,49,32,67,24
'710210,"Diamonds, unsorted",0,0,0,0,0,0,0,0,0,0,0,0,,,,,,,,,,,,,,,1173,0,0,581,0,0,1145,0,0,8676,0,0
'710221,"Industrial diamonds unworked or simply sawn, cleaved or bruted",0,0,0,0,0,0,0,0,0,0,0,0,,,,,,,,,,,,,,,3,0,0,0,0,0,19,0,0,0,0,0
'710231,"Non-industrial diamonds unworked or simply sawn, cleaved or bruted (excl. industrial diamonds)",0,0,0,0,0,0,0,0,0,0,0,0,,,,,,,,,,,,,,,42523,30417,36254,23223,30254,5900,21966,10861,9455,24948,34487,37226
'710491,"Diamonds, synthetic or reconstructed, worked, whether or not graded but not strung, mounted ...",0,0,0,0,0,0,0,0,0,0,0,0,,,,,,,,,,,,,,,413,334,415,390,461,393,675,307,334,529,495,481
'710691,"Silver, incl. silver plated with gold or platinum, unwrought (excl. silver in powder form)",0,0,0,0,0,0,0,0,0,0,0,0,,,,,,,,,,,,,,,28,1,25,39,11,6,42,1,16,8,8,2154
'400299,"Synthetic rubber and factice derived from oils, in primary forms or in plates, sheets or strip ...",0,0,0,0,0,0,0,0,0,0,0,0,,,,,,,,,,,,,,,151,326,180,282,518,135,144,142,542,52,166,353
'400599,"Compounded, unvulcanised rubber in primary forms (excl. solutions and dispersions, those containing ...",0,0,0,0,0,0,0,0,0,0,0,0,,,,,,,,,,,,,,,205,195,196,158,452,156,151,25,173,241,207,160
'400819,"Rods and profile shapes, of cellular rubber",0,0,0,0,0,0,0,0,0,0,0,0,,,,,,,,,,,,,,,22,66,43,29,55,67,26,39,31,44,35,29
'401034,"Endless transmission belts of trapezoidal cross-section ""V-belts"", of vulcanised rubber, of ...",0,0,0,0,0,0,0,0,0,0,0,0,,,,,,,,,,,,,,,96,74,67,61,56,40,40,43,55,47,35,38
'401036,"Endless synchronous belts, of vulcanised rubber, of an outside circumference > 150 cm but <= ...",0,0,0,0,0,0,0,0,0,0,0,0,,,,,,,,,,,,,,,78,150,73,155,58,100,56,47,100,103,81,141
'401180,"New pneumatic tyres, of rubber, of a kind used on construction, mining or industrial handling ...",59,0,35,0,0,128,70,71,0,196,0,0,,,,,,,,,,,,,,,21837,15314,20933,13329,11757,19975,21356,13618,15086,21370,18647,26074
'401512,"Gloves, mittens and mitts, of a kind used for medical, surgical, dental or veterinary purposes, ...",0,0,0,0,0,0,0,0,0,0,0,0,,,,,,,,,,,,,,,1466,1097,1302,1303,2651,1582,1583,1563,903,1511,1106,1535
'401519,"Gloves, mittens and mitts, of vulcanised rubber (excl. of a kind used for medical, surgical, ...",0,0,0,0,0,5,0,2,0,0,0,0,,,,,,,,,,,,,,,1095,572,1631,1305,1368,1645,1085,1157,1657,2184,1301,1292
'392340,"Spools, cops, bobbins and similar supports, of plastics",0,0,0,0,0,0,0,0,0,0,0,0,,,,,,,,,,,,,,,114,92,114,71,136,67,40,81,39,37,58,64
'120750,"Mustard seeds, whether or not broken",0,0,0,0,0,0,0,0,0,0,0,0,,,,,,,,,,,,,,,17,10,10,46,18,5,36,64,15,92,99,22
'120810,Soya bean flour and meal,0,0,0,0,0,0,0,0,0,0,0,0,,,,,,,,,,,,,,,221,0,7,0,1,0,0,0,25,0,0,0
'390770,"Poly""lactic acid"", in primary forms",0,0,0,0,0,0,0,0,0,0,0,0,,,,,,,,,,,,,,,6,49,16,8,0,11,14,29,11,25,26,57
'390890,"Polyamides, in primary forms (excl. polyamides-6, -11, -12, -6,6, -6,9, -6,10 and -6,12)",0,0,0,0,0,0,0,0,0,0,0,0,,,,,,,,,,,,,,,558,402,670,701,482,607,631,424,557,505,806,595
'390931,"Poly""methylene phenyl isocyanate"" ""crude MDI, polymeric MDI"", in primary forms",0,0,0,0,0,0,0,0,0,0,0,0,,,,,,,,,,,,,,,2112,1839,1964,1347,1757,3658,1421,1023,967,3179,1314,2160
'391120,"Poly(1,3-phenylene methylphosphonate), in primary forms",0,0,0,0,0,0,0,0,0,0,0,0,,,,,,,,,,,,,,,0,0,0,0,0,0,0,0,0,0,5,0
'391610,"Monofilament of which any cross-sectional dimension > 1 mm, rods, sticks and profile shapes, ...",0,0,2,0,0,0,0,79,0,0,0,0,,,,,,,,,,,,,,,508,376,741,509,838,1104,512,532,692,521,500,818
'321100,Prepared driers,0,0,0,0,0,0,0,0,0,0,0,0,,,,,,,,,,,,,,,78,114,171,26,24,405,1,20,306,12,49,31
'330124,"Oils of peppermint ""Mentha piperita"", whether or not terpeneless, incl. concretes and absolutes",0,0,0,0,0,0,0,0,0,0,0,0,,,,,,,,,,,,,,,68,46,80,69,20,38,9,39,51,18,81,16
'330300,"Perfumes and toilet waters (excl. aftershave lotions, personal deodorants and hair lotions)",0,0,0,0,0,0,0,0,0,0,0,0,,,,,,,,,,,,,,,9625,6908,8672,12818,9689,9614,9425,6614,7364,11695,10875,10256
'330430,Manicure or pedicure preparations,0,0,0,0,0,0,0,0,0,0,0,0,,,,,,,,,,,,,,,405,714,565,728,928,1148,367,466,392,439,997,419
'330520,Preparations for permanent waving or straightening,0,0,0,0,0,0,0,0,0,0,0,0,,,,,,,,,,,,,,,186,36,119,22,28,48,5,41,12,121,36,51
'330620,"Yarn used to clean between the teeth ""dental floss"", in individual retail packages",0,0,40,0,0,0,0,0,0,0,0,0,,,,,,,,,,,,,,,267,148,241,253,257,468,188,334,118,324,326,378
'330690,"Preparations for oral or dental hygiene, incl. denture fixative pastes and powders (excl. dentifrices ...",0,0,0,0,0,7,0,0,0,0,0,0,,,,,,,,,,,,,,,700,1017,1834,1181,933,475,792,2127,559,1291,709,1117
'330720,Personal deodorants and antiperspirants,0,0,0,0,0,60,0,0,0,0,0,0,,,,,,,,,,,,,,,3899,4164,6159,5074,7743,3286,3517,3898,5207,3980,6102,4262
'330730,Perfumed bath salts and other bath and shower preparations,0,0,0,0,0,0,0,0,0,0,0,0,,,,,,,,,,,,,,,302,314,537,197,933,673,182,369,192,317,321,156
'340490,"Artificial waxes and prepared waxes (excl. poly""oxyethylene"" [polyethylene glycol] waxes)",0,0,0,0,0,0,0,0,0,0,0,0,,,,,,,,,,,,,,,1759,1072,2211,947,1170,1331,802,1172,1766,966,1721,1756
'350110,Casein,0,0,0,0,0,0,0,0,0,0,0,0,,,,,,,,,,,,,,,2435,477,1357,3158,3030,2520,1655,2358,920,1700,1699,2676
'350220,"Milk albumin ""lactalbumin"", incl. concentrates of two or more whey proteins containing by weight ...",0,0,0,0,0,0,0,0,0,0,0,0,,,,,,,,,,,,,,,1032,1401,1532,521,1410,737,1093,1060,1449,722,1134,2595
'360330,Percussion caps (excl. cartridge cases with percussion caps),0,0,0,0,0,0,0,0,0,0,0,0,,,,,,,,,,,,,,,1066,355,84,239,139,816,539,546,0,63,72,5
'370120,"Instant print film in the flat, sensitised, unexposed, whether or not in packs",0,0,0,0,0,0,0,0,0,0,0,0,,,,,,,,,,,,,,,50,26,55,117,5,123,226,107,31,4,2,80
'370298,"Photographic film, sensitised, in rolls, unexposed, with perforations, for monochrome photography, ...",0,0,0,0,0,0,0,0,0,0,0,0,,,,,,,,,,,,,,,0,0,0,0,0,0,2,0,91,0,0,0
'370320,"Photographic paper, paperboard and textiles, sensitised, unexposed, for colour photography ...",0,0,0,0,0,0,0,0,0,0,0,0,,,,,,,,,,,,,,,0,67,151,153,1,36,1,1,15,63,59,2
'370710,"Sensitising emulsions ""for photographic uses""",0,0,0,0,0,0,0,0,0,0,0,0,,,,,,,,,,,,,,,24,6,19,28,36,18,84,12,0,28,22,33
'380110,"Artificial graphite (excl. retort graphite, retort carbon and goods of artificial graphite, ...",0,0,0,0,0,0,0,0,0,0,0,0,,,,,,,,,,,,,,,172,20,708,653,396,233,97,139,376,157,72,263
'380510,"Gum, wood or sulphate turpentine oils",0,0,0,0,0,0,0,0,0,0,0,0,,,,,,,,,,,,,,,3,5,9,3,0,53,28,3,8,0,10,0
'380610,Rosin and resin acids,0,0,0,0,0,0,0,0,0,0,0,0,,,,,,,,,,,,,,,233,239,133,112,95,342,109,234,201,27,182,78
'380891,"Insecticides, put up in forms or packings for retail sale or as preparations or articles (excl. ...",0,0,58,179,48,39,153,0,0,48,82,0,,,,,,,,,,,,,,,10736,18751,19120,21578,9966,13106,17382,11976,6724,8241,14583,10302
'380992,"Finishing agents, dye carriers to accelerate the dyeing or fixing of dyestuffs, and other products ...",0,0,0,0,0,0,0,0,0,0,0,0,,,,,,,,,,,,,,,614,1306,567,814,623,591,336,479,821,1102,650,537
'381700,Mixed alkylbenzenes and mixed alkylnaphthalenes produced by the alkylation of benzene and naphthalene ...,0,0,0,0,0,0,0,0,0,0,0,0,,,,,,,,,,,,,,,2914,13567,8557,11365,10418,10984,6001,10177,12557,11277,11380,5995
'382213,"Diagnostic or laboratory reagents on a backing, prepared diagnostic or laboratory reagents ...",0,0,0,0,0,0,0,0,0,0,0,0,,,,,,,,,,,,,,,332,368,380,437,223,540,295,441,370,391,486,385
'382311,"Stearic acid, industrial",0,0,0,0,0,0,0,0,0,0,0,0,,,,,,,,,,,,,,,452,961,528,646,867,819,786,874,321,424,588,480
'382482,"Mixtures and preparations containing polychlorinated biphenyls ""PCBs"", polychlorinated terphenyls ...",0,0,0,0,0,0,0,0,0,0,0,0,,,,,,,,,,,,,,,0,9,9,1,1,10,14,42,11,32,5,19
'382485,"Mixtures and preparations containing 1,2,3,4,5,6-hexachlorocyclohexane ""HCH ""ISO"""", including ...",0,0,0,0,0,0,0,0,0,0,0,0,,,,,,,,,,,,,,,0,0,0,0,0,0,0,0,0,0,0,0
'382510,Municipal waste,0,0,0,0,0,0,0,0,0,0,0,0,,,,,,,,,,,,,,,1,0,0,1,1,1,1,1,1,1,1,4
'382764,"Mixtures containing other hydrofluorocarbons ""HFCs"" than in subheadings of 3827 till 3827.59, ...",0,0,0,0,0,0,0,0,0,0,0,0,,,,,,,,,,,,,,,0,0,20,0,62,0,10,0,15,0,0,0
'390461,"Polytetrafluoroethylene, in primary forms",0,0,0,0,0,0,0,0,0,0,0,0,,,,,,,,,,,,,,,54,481,204,605,124,186,154,29,167,31,88,258
'490210,"Newspapers, journals and periodicals, whether or not illustrated or containing advertising ...",0,0,0,0,0,0,0,0,0,0,0,0,,,,,,,,,,,,,,,1,1,1,1,2,2,1,1,1,2,1,0
'490700,"Unused postage, revenue or similar stamps of current or new issue in the country in which they ...",0,0,0,0,0,0,0,0,0,0,0,0,,,,,,,,,,,,,,,0,0,0,0,0,0,0,0,0,0,4135,0
'490810,"Transfers ""decalcomanias"", vitrifiable",0,0,0,0,0,5,0,0,0,0,0,0,,,,,,,,,,,,,,,27,49,79,36,46,65,58,32,85,25,53,33
'511111,Woven fabrics containing >= 85% carded wool or carded fine animal hair by weight and weighing ...,0,0,0,0,0,0,0,0,0,0,0,0,,,,,,,,,,,,,,,339,7,0,0,324,250,0,281,1,20,1,1
'520210,"Cotton yarn waste, incl. thread waste",0,0,0,0,0,0,0,0,0,0,0,0,,,,,,,,,,,,,,,0,0,0,0,0,0,0,0,0,0,0,1
'520419,"Sewing thread, containing predominantly, but < 85% cotton by weight (excl. that put up for ...",0,0,0,0,0,0,0,0,0,0,0,0,,,,,,,,,,,,,,,13,1,12,8,1,1,0,0,0,7,9,0
'520532,"Multiple ""folded"" or cabled cotton yarn, of uncombed fibres, containing >= 85% cotton by weight ...",0,0,0,0,0,0,0,0,0,0,0,0,,,,,,,,,,,,,,,37,24,0,4,0,0,33,0,2,0,2,0
'520541,"Multiple ""folded"" or cabled cotton yarn, of combed fibres, containing >= 85% cotton by weight ...",0,0,0,0,0,0,0,0,0,0,0,0,,,,,,,,,,,,,,,0,0,0,1,0,0,0,0,0,0,0,0
'520548,"Multiple ""folded"" or cabled cotton yarn, of combed fibres, containing >= 85% cotton by weight ...",0,0,0,0,0,0,0,0,0,0,0,0,,,,,,,,,,,,,,,65,83,67,70,57,0,20,26,0,81,0,43
'520625,"Single cotton yarn containing predominantly, but < 85% cotton by weight, of combed fibres and ...",0,0,0,0,0,0,0,0,0,0,0,0,,,,,,,,,,,,,,,0,0,0,0,0,0,0,0,0,0,0,0
'520842,"Plain woven fabrics of cotton, containing >= 85% cotton by weight and weighing > 100 g to 200 ...",0,0,0,0,0,0,0,0,0,0,0,0,,,,,,,,,,,,,,,724,453,428,451,235,191,184,169,197,138,117,177
'520849,"Woven fabrics of cotton, containing >= 85% cotton by weight and weighing <= 200 g/m_, made ...",0,0,0,0,0,0,0,0,0,0,0,0,,,,,,,,,,,,,,,82,94,163,99,11,46,40,24,101,5,43,65
'520852,"Plain woven fabrics of cotton, containing >= 85% cotton by weight and weighing > 100 g to 200 ...",0,0,0,0,0,0,0,0,0,0,0,0,,,,,,,,,,,,,,,217,353,569,517,735,463,453,700,229,384,501,242
'520931,"Plain woven fabrics of cotton, containing >= 85% cotton by weight and weighing > 200 g/m_, ...",0,0,0,0,0,0,0,0,0,0,0,0,,,,,,,,,,,,,,,128,281,566,122,168,152,144,146,236,58,331,115
'520959,"Woven fabrics of cotton, containing >= 85% cotton by weight and weighing > 200 g/m_, printed ...",0,0,0,0,0,0,0,0,0,0,0,0,,,,,,,,,,,,,,,7,27,40,45,192,16,18,2,6,10,9,8
'521011,"Plain woven fabrics of cotton, containing predominantly, but < 85% cotton by weight, mixed ...",0,0,0,0,0,0,0,0,0,0,0,0,,,,,,,,,,,,,,,95,34,0,270,57,92,0,0,0,27,34,0
'521112,"Woven fabrics of cotton, containing predominantly, but < 85% cotton by weight, mixed principally ...",0,0,0,0,0,0,0,0,0,0,0,0,,,,,,,,,,,,,,,0,0,0,0,12,49,56,0,0,0,0,0
'521224,"Woven fabrics of cotton, containing predominantly, but < 85% cotton by weight, other than those ...",0,0,0,0,0,0,0,0,0,0,0,0,,,,,,,,,,,,,,,0,3,4,4,10,3,14,5,0,6,3,1
'530130,"Flax tow and waste, incl. yarn waste and garnetted stock",0,0,0,0,0,0,0,0,0,0,0,0,,,,,,,,,,,,,,,0,0,0,0,0,0,0,0,2,0,0,0
'530210,"True hemp ""Cannabis sativa L."", raw or retted",0,0,0,0,0,0,0,0,0,0,0,0,,,,,,,,,,,,,,,0,80,2,4,0,0,27,0,0,0,0,0
'530720,"Multiple ""folded"" or cabled yarn of jute or of other textile bast fibres of heading 5303",0,0,0,0,0,0,0,0,0,0,0,0,,,,,,,,,,,,,,,1,0,33,56,70,53,11,71,17,68,115,20
'540233,Textured filament yarn of polyester (excl. that put up for retail sale),0,0,0,0,0,0,0,0,0,0,0,0,,,,,,,,,,,,,,,1283,1235,1477,1403,1031,1724,895,750,2154,1244,1777,2059
'540248,"Filament yarn of polypropylene, incl. monofilament of < 67 decitex, single, untwisted or with ...",0,0,0,0,0,0,0,0,0,0,0,0,,,,,,,,,,,,,,,6,0,2,0,0,8,0,0,0,0,0,0
'540261,"Multiple ""folded"" or cabled filament yarn of nylon or other polyamides, incl. monofilament ...",0,0,0,0,0,0,0,0,0,0,0,0,,,,,,,,,,,,,,,234,251,182,310,177,113,173,113,413,18,158,117
'540333,"Filament yarn of cellulose acetate, incl. monofilament of < 67 decitex, single (excl. sewing ...",0,0,0,0,0,0,0,0,0,0,0,0,,,,,,,,,,,,,,,0,0,0,0,0,0,0,0,0,0,0,0
'540341,"Multiple ""folded"" or cabled filament yarn of viscose rayon, incl. monofilament of < 67 decitex ...",0,0,0,0,0,0,0,0,0,0,0,0,,,,,,,,,,,,,,,0,1,21,0,1,39,28,1,42,0,32,25
'540490,"Strip and the like, e.g. artificial straw, of synthetic textile material, with an apparent ...",0,0,0,4,0,75,0,0,0,0,0,0,,,,,,,,,,,,,,,7,159,40,281,115,110,6,14,125,53,11,31
'540753,"Woven fabrics of yarn containing >= 85% by weight of textured polyester filaments, incl. monofilament ...",0,0,0,0,0,0,0,0,0,0,0,0,,,,,,,,,,,,,,,288,100,250,253,279,327,283,246,175,140,138,582
'540822,"Woven fabrics of yarn containing >= 85% artificial filament by weight, incl. monofilament of ...",0,0,0,0,0,0,0,0,0,0,0,0,,,,,,,,,,,,,,,176,90,266,229,44,65,13,24,19,10,63,44
'540831,"Woven fabrics of yarn containing predominantly, but < 85% artificial filament by weight, incl. ...",0,0,0,0,0,0,0,0,0,0,0,0,,,,,,,,,,,,,,,0,0,0,2,0,0,0,0,0,0,0,1
'550140,"Synthetic filament tow as specified in Note 1 to chapter 55, of polypropylene",0,0,0,0,0,0,0,0,0,0,0,0,,,,,,,,,,,,,,,0,0,68,0,65,43,86,60,58,0,63,65
'550620,"Staple fibres of polyesters, carded, combed or otherwise processed for spinning",0,0,0,0,0,0,0,0,0,0,0,0,,,,,,,,,,,,,,,116,27,0,54,0,53,4,0,1,0,1,7
'550932,"Multiple ""folded"" or cabled yarn containing >= 85% acrylic or modacrylic staple fibres by weight ...",0,0,0,0,0,0,0,0,0,0,0,0,,,,,,,,,,,,,,,468,426,641,486,671,713,623,378,667,752,661,416
'550942,"Multiple ""folded"" or cabled yarn containing >= 85% synthetic staple fibres by weight (excl. ...",0,0,0,0,0,0,0,0,0,0,0,0,,,,,,,,,,,,,,,0,0,483,0,230,2,666,0,33,82,0,418
'550969,"Yarn containing predominantly, but < 85% acrylic or modacrylic staple fibres by weight, other ...",0,0,0,0,0,0,0,0,0,0,0,0,,,,,,,,,,,,,,,27,34,130,0,1,176,113,199,0,173,276,284
'551012,"Multiple ""folded"" or cabled yarn containing >= 85% artificial staple fibres by weight (excl. ...",0,0,0,0,0,0,0,0,0,0,0,0,,,,,,,,,,,,,,,0,101,0,0,0,0,0,9,38,0,0,0
'551329,"Woven fabrics containing predominantly, but < 85% synthetic staple fibres by weight, mixed ...",0,0,0,0,0,0,0,0,0,0,0,0,,,,,,,,,,,,,,,15,128,18,57,6,49,18,175,38,23,4,15
'551429,"Woven fabrics containing predominantly, but < 85% synthetic staple fibres by weight, mixed ...",0,0,0,0,0,0,0,0,0,0,0,0,,,,,,,,,,,,,,,43,15,6,5,161,236,51,215,1,4,186,6
'551442,"Woven fabrics containing predominantly, but < 85% polyester staple fibres by weight, mixed ...",0,0,0,0,0,0,0,0,0,0,0,0,,,,,,,,,,,,,,,0,0,0,0,5,0,0,0,0,0,0,0
'551443,"Woven fabrics containing predominantly, but < 85% polyester staple fibres by weight, mixed ...",0,0,0,0,0,0,0,0,0,0,0,0,,,,,,,,,,,,,,,0,0,4,0,0,0,0,1,0,0,0,1
'551613,"Woven fabrics containing >= 85% artificial staple fibres by weight, made of yarn of different ...",0,0,0,0,0,0,0,0,0,0,0,0,,,,,,,,,,,,,,,9,4,4,0,0,2,17,12,0,0,8,0
'551642,"Woven fabrics containing predominantly, but < 85% artificial staple fibres by weight, mixed ...",0,0,0,0,0,0,0,0,0,0,0,0,,,,,,,,,,,,,,,9,5,2,18,0,9,0,0,0,9,0,0
'551644,"Woven fabrics containing predominantly, but < 85% artificial staple fibres by weight, mixed ...",0,0,0,0,0,0,0,0,0,0,0,0,,,,,,,,,,,,,,,10,0,16,19,0,0,17,0,3,0,38,4
'560313,"Nonwovens, whether or not impregnated, coated, covered or laminated, n.e.s., of man-made filaments, ...",0,0,0,0,0,0,0,0,0,0,0,0,,,,,,,,,,,,,,,402,1026,1049,915,1218,711,836,1324,1003,665,894,719
'560750,"Twine, cordage, ropes and cables, of synthetic fibres, whether or not plaited or braided and ...",0,0,0,0,0,0,0,0,0,0,0,0,,,,,,,,,,,,,,,241,180,219,164,211,156,268,270,231,309,202,139
'570110,"Carpets and other textile floor coverings, of wool or fine animal hair, knotted, whether or ...",0,0,0,0,0,0,0,0,0,0,0,0,,,,,,,,,,,,,,,116,211,192,118,90,208,272,93,122,227,125,208
'570232,"Carpets and other floor coverings, of man-made textile materials, woven, not tufted or flocked, ...",0,0,0,0,0,0,0,0,0,0,0,0,,,,,,,,,,,,,,,135,138,54,101,371,258,174,275,119,134,188,178
'570242,"Carpets and other floor coverings, of man-made textile materials, woven, not tufted or flocked, ...",0,0,0,0,0,0,0,0,0,0,0,0,,,,,,,,,,,,,,,772,401,743,633,695,755,463,501,394,392,490,812
'580500,"Hand-woven tapestries of the type Gobelin, Flanders, Aubusson, Beauvais and the like, and needle-worked ...",0,0,0,0,0,0,0,0,0,0,0,0,,,,,,,,,,,,,,,10,7,10,9,12,9,24,5,593,4,4,0
'580620,"Narrow woven fabrics of textile materials, containing >= 5% elastomeric yarn or rubber thread ...",0,0,0,0,0,0,0,0,0,0,0,0,,,,,,,,,,,,,,,48,79,116,132,74,70,18,149,65,113,70,34
'580639,"Narrow woven fabrics of textile materials other than cotton or man-made fibres, with a width ...",0,1,0,0,0,0,0,0,0,0,0,0,,,,,,,,,,,,,,,118,79,113,117,34,109,51,89,57,110,80,51
'590210,"Tyre cord fabric of high-tenacity yarn of nylon or other polyamides, whether or not dipped ...",0,0,0,0,0,0,0,0,0,0,0,0,,,,,,,,,,,,,,,533,829,1060,363,345,177,281,171,126,254,329,304
'600539,"Printed warp knit fabrics of synthetic fibres ""incl. those made on galloon knitting machines"", ...",0,0,0,0,0,0,0,0,0,0,0,0,,,,,,,,,,,,,,,104,133,102,109,165,208,110,122,261,185,31,12
'600541,"Unbleached or bleached warp knit fabrics of artificial fibres ""incl. those made on galloon ...",0,0,0,0,0,0,0,0,0,0,0,0,,,,,,,,,,,,,,,0,0,0,0,0,1,0,0,1,0,0,0
'600621,"Unbleached or bleached cotton fabrics, knitted or crocheted, of a width of > 30 cm (excl. warp ...",0,0,0,0,0,0,0,0,0,0,0,0,,,,,,,,,,,,,,,797,394,555,423,562,430,117,64,426,535,191,168
'600623,"Cotton fabrics, knitted or crocheted, of yarns of different colours, of a width of > 30 cm ...",0,0,0,0,0,0,0,0,0,0,0,0,,,,,,,,,,,,,,,92,21,53,48,98,103,6,20,47,69,17,36
'851671,"Electro-thermic coffee or tea makers, for domestic use",0,0,0,0,0,0,0,0,0,0,0,0,,,,,,,,,,,,,,,1529,1710,2128,1743,2314,2179,2173,1094,1244,1336,1961,1144
'852412,"Flat panel display modules, whether or not incorporating touch-sensitive screens, without drivers ...",0,0,0,0,0,0,0,0,0,0,0,0,,,,,,,,,,,,,,,0,0,14,19,137,8,62,1234,861,1076,871,1315
'852419,"Flat panel display modules, whether or not incorporating touch-sensitive screens, without drivers ...",69,139,246,102,11,0,0,0,0,0,0,0,,,,,,,,,,,,,,,315,1480,352,838,877,1432,1412,428,1036,310,1047,20
'852871,"Reception apparatus for television, whether or not incorporating radio-broadcast receivers ...",0,0,0,0,2,8,0,0,1,1,1,0,,,,,,,,,,,,,,,63,208,205,26,124,107,203,104,41,39,100,47
'910229,"Wrist-watches, whether or not incorporating a stop-watch facility, with hand winding only (excl. ...",0,1,0,0,0,0,0,0,0,0,0,0,,,,,,,,,,,,,,,320,281,204,173,266,189,325,237,288,293,105,228
'910511,"Alarm clocks, electrically operated",0,0,0,0,1,0,0,0,0,0,0,0,,,,,,,,,,,,,,,17,22,12,31,12,10,26,19,14,16,23,14
'910812,"Watch movements, complete and assembled, electrically operated, with opto-electronic display ...",0,0,0,0,0,0,0,0,0,0,0,0,,,,,,,,,,,,,,,0,0,7,0,0,0,0,0,0,0,1,0
'910819,"Watch movements, complete and assembled, electrically operated, with combined opto-electronic ...",0,0,0,0,0,0,0,0,0,0,0,0,,,,,,,,,,,,,,,1,2,5,1,0,0,1,1,51,2,1,5
'910890,"Watch movements, complete and assembled, with hand winding only",0,0,0,0,0,0,0,0,0,0,0,0,,,,,,,,,,,,,,,2,0,2,0,0,0,11,0,5,0,9,5
'920190,Harpsichords and other keyboard stringed instruments (excl. pianos),0,0,0,0,0,0,0,0,0,0,0,0,,,,,,,,,,,,,,,68,60,15,171,62,184,36,71,48,51,44,4
'920590,Wind musical instruments (excl. brass-wind instruments),0,0,0,0,0,7,0,0,0,0,0,0,,,,,,,,,,,,,,,35,34,92,48,94,87,53,115,108,70,65,25
'920991,"Parts and accessories for pianos, n.e.s.",0,0,0,0,0,0,0,0,0,0,0,0,,,,,,,,,,,,,,,2,2,1,6,5,16,11,7,1,5,4,2
'903010,Instruments and apparatus for measuring or detecting ionising radiations,0,0,0,0,0,0,0,0,0,0,0,0,,,,,,,,,,,,,,,432,377,344,783,490,751,325,552,228,471,506,538
'903141,Optical instruments and appliances for inspecting semiconductor wafers or devices or for inspecting ...,0,0,0,0,0,0,0,0,0,0,0,0,,,,,,,,,,,,,,,0,7,0,4,0,8,3,0,0,0,2,0
'903290,"Parts and accessories for regulating or controlling instruments and apparatus, n.e.s.",0,0,0,0,0,0,1,0,0,0,0,0,,,,,,,,,,,,,,,1111,1184,1424,1033,1207,1007,1140,1106,1062,1035,868,1016
'910121,"Wrist-watches of precious metal or of metal clad with precious metal, whether or not incorporating ...",0,0,0,0,0,0,0,0,0,0,0,0,,,,,,,,,,,,,,,1324,2221,1880,1421,2889,4198,3650,3397,3147,3027,1546,1824
'940410,Mattress supports for bed frames (excl. spring interiors for seats),0,0,0,0,0,29,0,0,0,0,0,0,,,,,,,,,,,,,,,40,123,113,60,81,109,38,183,10,14,114,45
'940542,"Luminaires and lighting fittings, solely for light-emitting diode ""LED"" light sources, n.e.s.",46,0,6,13,0,46,0,0,3,0,0,0,,,,,,,,,,,,,,,5851,6139,9169,8125,7702,6575,7196,5182,5709,6418,5271,4655
'940591,"Parts of lamps and lighting fittings, illuminated signs and nameplates and the like, of glass, ...",0,0,0,0,0,0,0,0,0,0,0,0,,,,,,,,,,,,,,,46,66,151,94,260,80,57,45,187,31,67,141
'950420,Billiards of all kinds and accessories,0,0,0,0,0,0,0,0,0,0,0,0,,,,,,,,,,,,,,,233,227,43,188,374,486,163,72,188,191,365,49
'950824,Motion simulators and moving theatres,0,0,0,0,0,0,0,0,0,0,0,0,,,,,,,,,,,,,,,0,0,3,0,2,33,53,0,0,40,0,0
'950826,Water park amusements,0,0,0,0,0,0,0,0,0,0,0,0,,,,,,,,,,,,,,,0,319,54,0,0,0,0,0,0,0,0,0
'960910,"Pencils and crayons, with leads encased in a sheath",0,1,2,0,4,0,2,0,0,0,0,0,,,,,,,,,,,,,,,1127,1036,2000,2005,1821,1480,643,316,464,301,615,358
'961220,"Ink-pads, whether or not inked, with or without boxes",0,0,5,3,0,0,0,0,0,0,0,0,,,,,,,,,,,,,,,18,22,29,16,63,72,6,14,24,22,6,25
'961610,"Scent sprays and similar toilet sprays, and mounts and heads therefor",0,0,0,0,0,0,0,0,0,0,0,0,,,,,,,,,,,,,,,685,683,1014,1099,1356,978,1229,1000,1673,730,530,860
'961620,Powder puffs and pads for the application of cosmetics or toilet preparations,0,0,0,0,0,0,0,0,0,0,0,0,,,,,,,,,,,,,,,58,73,72,66,103,96,42,103,67,79,45,71
'961900,"Sanitary towels (pads) and tampons, napkins and napkin liners, and similar articles, of any ...",0,0,0,9,10,0,0,0,0,0,0,0,,,,,,,,,,,,,,,5313,6201,4987,5641,5717,5392,4907,5758,6423,5582,4187,6426
'970129,"Collages and similar decorative plaques, over 100 years old (excl. mosaics)",0,0,0,0,0,0,0,0,0,0,0,0,,,,,,,,,,,,,,,0,7,8,2,2,2,4,0,28,28,0,15
'970400,"Postage or revenue stamps, stamp-postmarks, first-day covers, postal stationery, stamped paper ...",0,0,0,0,0,0,0,0,0,0,0,0,,,,,,,,,,,,,,,30,19,40,22,21,20,62,20,29,32,5,9
'970522,"Extinct or endangered species and parts thereof, as collections or collectorsÕ pieces of zoological, ...",0,0,0,0,0,0,0,0,0,0,0,0,,,,,,,,,,,,,,,1,0,0,1,0,0,0,0,0,0,0,0
'870822,"Front windscreens ""windshields"", rear windows and other windows for motor vehicles of headings ...",0,0,0,0,0,0,0,0,0,0,0,0,,,,,,,,,,,,,,,968,991,887,1202,970,1027,1063,1333,1480,845,1782,1272
'850172,"Photovoltaic DC generators, of an output > 50 W",0,0,0,0,0,0,0,0,0,0,0,0,,,,,,,,,,,,,,,0,0,116,179,2258,12272,1877,607,418,355,3,5693
'850422,"Liquid dielectric transformers, having a power handling capacity > 650 kVA but <= 10.000 kVA",0,0,0,0,0,0,0,0,0,0,0,0,,,,,,,,,,,,,,,744,1777,214,51,478,942,1727,315,522,3320,351,1229
'848291,"Balls, needles and rollers for bearings (excl. steel balls of heading 7326)",0,0,0,0,0,0,0,0,0,0,0,0,,,,,,,,,,,,,,,142,170,131,130,130,111,250,176,93,208,137,135
'848510,Machines for additive manufacturing by metal deposit,0,0,0,0,0,0,0,0,0,0,0,0,,,,,,,,,,,,,,,1,0,0,0,0,0,0,11,0,102,0,0
'848520,Machines for additive manufacturing by plastics or rubber deposit,0,0,0,0,0,0,0,0,0,0,0,0,,,,,,,,,,,,,,,42,79,77,391,227,173,163,324,136,226,372,490
'848690,Parts and accessories for machines and apparatus of a kind used solely or principally for the ...,0,0,0,0,0,0,0,0,0,0,0,0,,,,,,,,,,,,,,,25,9,4,39,7,11,9,54,0,7,6,8
'850110,"Motors of an output <= 37,5 W",2,1,2,0,1,1,0,0,0,1,1,0,,,,,,,,,,,,,,,2220,2612,2451,2452,2076,2906,1647,2426,2129,1859,2847,2302
'850640,Silver oxide cells and batteries (excl. spent),0,0,0,0,0,0,0,0,0,0,0,0,,,,,,,,,,,,,,,32,53,33,14,45,45,4,33,75,49,15,70
'850680,"Primary cells and primary batteries, electric (excl. spent, and those of silver oxide, mercuric ...",0,0,0,0,0,0,0,0,0,0,0,0,,,,,,,,,,,,,,,313,440,339,455,482,562,358,395,326,694,411,481
'850690,"Parts of primary cells and primary batteries, n.e.s.",0,1,0,2,0,1,1,1,0,0,1,0,,,,,,,,,,,,,,,2,1,2,11,4,9,16,3,1,1,2,45
'850780,"Electric accumulators (excl. spent, and lead-acid, nickel-cadmium, nickel-metal hydride and ...",0,0,2,0,0,1,107,0,0,0,97,0,,,,,,,,,,,,,,,1765,1559,1256,790,760,861,1525,7630,47853,618,2842,858
'850790,"Plates, separators and other parts of electric accumulators, n.e.s.",0,0,106,0,0,0,0,0,0,0,2,0,,,,,,,,,,,,,,,1316,1742,2026,1120,1252,1827,1349,806,2535,782,1192,1795
'851030,Hair-removing appliances with self-contained electric motor,0,0,0,0,0,0,0,0,0,0,0,0,,,,,,,,,,,,,,,115,71,98,48,108,124,144,124,53,43,88,29
'851130,Distributors and ignition coils of a kind used for spark-ignition or compression-ignition internal ...,0,0,0,0,0,0,0,0,0,0,0,0,,,,,,,,,,,,,,,978,741,865,793,723,951,631,1069,1105,814,816,623
'851140,Starter motors and dual purpose starter-generators of a kind used for spark-ignition or compression-ignition ...,2,0,0,0,0,5,7,0,1,0,0,0,,,,,,,,,,,,,,,3148,3194,4022,2680,3131,3385,1999,3846,2852,4771,3329,2903
'851490,"Parts of electric industrial or laboratory furnaces and ovens, incl. of those functioning by ...",0,0,0,0,3,0,1,0,0,0,0,0,,,,,,,,,,,,,,,1265,464,1356,662,1482,463,626,2088,476,550,993,978
'851590,"Parts of machines and apparatus for soldering or welding or for hot spraying of metals, metal ...",20,29,4,20,59,4,0,0,0,0,0,0,,,,,,,,,,,,,,,1797,1786,1935,2176,2104,1799,2655,1604,2933,2129,1700,2293
'845970,Threading or tapping machines for metals (excl. way-type unit head machines),0,0,0,0,0,0,0,0,0,0,0,0,,,,,,,,,,,,,,,64,52,4,51,145,89,68,93,74,28,47,89
'846023,"Cylindrical grinding machines for finishing metal, numerically controlled (excl. gear finishing ...",0,0,0,0,0,0,0,0,0,0,0,0,,,,,,,,,,,,,,,25,0,12,0,31,73,0,0,0,0,0,0
'846225,Numerically controlled roll forming machines,0,0,0,0,0,0,0,0,0,0,0,0,,,,,,,,,,,,,,,11,31,251,28,41,10,21,0,32,81,75,14
'846232,"Slitting lines and cut-to-length lines, for flat products",0,0,0,0,0,0,0,0,0,0,0,0,,,,,,,,,,,,,,,0,0,0,12,0,9,16,3,365,81,644,1
'846259,"Machines for working tube, pipe, hollow section and bar (excl. presses, and numerically controlled)",0,0,0,0,0,0,0,0,0,0,0,0,,,,,,,,,,,,,,,42,9,29,57,7,4,47,2,5,33,0,16
'846261,Hydraulic cold metal working presses,0,0,0,0,0,0,0,0,0,0,0,0,,,,,,,,,,,,,,,11,75,749,74,142,96,158,70,608,86,96,184
'846263,Cold metal working servo-presses,0,0,0,0,0,0,0,0,0,0,0,0,,,,,,,,,,,,,,,0,0,0,0,0,0,0,5,0,0,0,2
'846330,"Machine tools for working metal wire, without removing material (excl. wire bending machines ...",0,0,0,0,0,0,0,0,0,0,0,0,,,,,,,,,,,,,,,475,449,149,142,4,547,785,141,287,308,98,317
'846410,"Sawing machines for working stone, ceramics, concrete, asbestos-cement or like mineral materials ...",0,0,0,0,0,0,0,3,0,0,0,0,,,,,,,,,,,,,,,30,37,75,145,143,40,238,46,43,62,103,21
'846591,"Sawing machines for working wood, cork, bone, hard rubber, hard plastics or similar hard materials ...",0,0,0,0,0,0,0,0,0,0,0,0,,,,,,,,,,,,,,,697,974,658,1184,844,659,662,974,980,858,1338,886
'846692,"Parts and accessories for machine tools for working wood, cork, bone, hard rubber, hard plastics ...",0,0,0,0,1,0,0,0,0,0,0,0,,,,,,,,,,,,,,,735,1033,813,670,596,408,658,1145,347,280,486,472
'846890,"Parts of machinery and apparatus for soldering, brazing, welding or surface tempering, non-electric, ...",0,0,0,0,0,0,0,0,0,0,0,0,,,,,,,,,,,,,,,447,352,261,172,319,281,430,396,369,1358,464,279
'847030,"Calculating machines, non-electronic",0,0,0,0,0,0,0,0,0,0,0,0,,,,,,,,,,,,,,,334,22,1,21,6,143,32,9,6,8,78,30
'847340,"Parts and accessories of other office machines of heading 8472, n.e.s.",0,0,50,0,0,40,32,34,0,0,2,0,,,,,,,,,,,,,,,887,2097,1571,1537,1755,1579,827,953,761,558,869,660
'847410,"Sorting, screening, separating or washing machines for solid mineral substances, incl. those ...",0,0,0,0,0,0,0,0,0,0,0,0,,,,,,,,,,,,,,,4691,3554,6378,5895,8541,6883,6519,7592,2716,3133,13707,3523
'847432,Machines for mixing mineral substances with bitumen,0,0,0,0,0,0,0,0,0,0,0,0,,,,,,,,,,,,,,,0,4,811,194,33,53,0,8,0,5,0,53
'847510,"Machines for assembling electric or electronic lamps, tubes or valves or flashbulbs, in glass ...",0,0,0,0,0,0,0,0,0,0,0,0,,,,,,,,,,,,,,,0,0,0,0,0,1,1,0,0,0,0,0
'847720,Extruders for working rubber or plastics,0,0,0,0,0,0,0,0,0,0,0,0,,,,,,,,,,,,,,,1940,1213,1297,3167,2964,783,304,2260,1385,3022,962,3278
'847751,Machinery for moulding or retreading pneumatic tyres or for moulding or otherwise forming inner ...,0,0,0,0,0,0,0,0,0,0,0,0,,,,,,,,,,,,,,,0,902,905,12,0,273,786,0,78,254,0,59
'847971,"Passenger boarding bridges, of a kind used in airports",0,0,0,0,0,0,0,0,0,0,0,0,,,,,,,,,,,,,,,0,0,0,0,0,0,0,0,0,0,0,0
'870919,"Works trucks, self-propelled, not fitted with lifting or handling equipment, of the type used ...",0,0,0,0,0,0,0,0,0,0,0,0,,,,,,,,,,,,,,,278,62,277,0,10,41,0,0,4,120,54,0
'871496,"Pedals and crank-gear, and parts thereof, for bicycles, n.e.s.",0,1,0,1,5,0,3,0,0,3,0,0,,,,,,,,,,,,,,,208,216,195,290,255,286,137,220,160,230,203,410
'880230,Aeroplanes and other powered aircraft of an unladen weight > 2.000 kg but <= 15.000 kg (excl. ...,0,0,0,0,0,0,0,0,0,0,0,0,,,,,,,,,,,,,,,23937,1,4817,14698,8895,6759,32285,2968,27423,2080,7392,11302
'880529,"Ground flying trainers and parts thereof, n.e.s. (excl. air combat simulators and parts thereof)",0,0,0,0,0,0,0,0,0,0,0,0,,,,,,,,,,,,,,,4385,88,109,514,3788,110,198,527,264,205,167,229
'880692,"Unmanned aircraft, with maximum take-off weight > 250 g but <= 7 kg (excl. for passenger carriage ...",0,0,0,0,0,0,0,0,0,0,0,0,,,,,,,,,,,,,,,20,0,11,0,21,1,0,3,6,13,16,12
'890331,"Motorboats, of a length <= 7,5 m, for pleasure or sports (excl. inflatable and outboard)",0,0,0,0,0,0,0,0,0,0,0,0,,,,,,,,,,,,,,,261,0,0,58,0,176,24,0,74,181,0,312
'890393,"Outboard motorboats, for pleasure or sports, and rowing boats and canoes, of a length <= 7,5 ...",0,0,0,0,0,0,0,0,0,0,0,0,,,,,,,,,,,,,,,422,481,194,743,94,84,53,32,211,30,197,32
'890400,Tugs and pusher craft,0,0,0,0,0,0,0,0,0,0,0,0,,,,,,,,,,,,,,,305,0,0,14,0,0,0,0,0,0,0,0
'890520,Floating or submersible drilling or production platforms,0,0,0,0,0,0,0,0,0,0,0,0,,,,,,,,,,,,,,,0,0,25,0,0,0,0,0,0,0,22,2
'890710,Inflatable rafts,0,3,0,0,0,0,0,0,0,0,0,0,,,,,,,,,,,,,,,302,187,238,249,140,255,148,244,132,446,213,273
'890800,Vessels and other floating structures for breaking up,0,0,0,0,0,0,0,0,0,0,0,0,,,,,,,,,,,,,,,0,0,3,7,0,0,0,0,0,0,0,0
'900140,Spectacle lenses of glass,0,0,0,0,0,0,0,0,0,0,0,0,,,,,,,,,,,,,,,61,149,13,141,226,166,125,256,42,12,78,50
'900390,"Parts of frames and mountings for spectacles, goggles or the like, n.e.s.",0,0,0,0,0,0,0,0,0,0,0,0,,,,,,,,,,,,,,,29,32,43,24,64,53,32,291,26,33,34,24
'900590,"Parts and accessories, incl. mountings, for binoculars, monoculars, astronomical and other ...",0,1,0,1,0,0,0,0,0,0,1,0,,,,,,,,,,,,,,,129,95,29,40,85,67,175,103,60,199,102,64
'900661,Electronic discharge lamp flashlight apparatus for photographic purposes,0,0,0,0,0,0,0,0,0,0,0,0,,,,,,,,,,,,,,,67,5,42,42,10,74,89,72,66,24,102,86
'901390,"Parts and accessories for lasers and other appliances and instruments, n.e.s. in chapter 90",0,0,0,0,0,0,0,0,0,0,0,0,,,,,,,,,,,,,,,170,214,257,383,270,146,166,977,139,211,236,635
'901490,"Parts and accessories for compasses and other navigational instruments and appliances, n.e.s.",0,0,0,0,0,0,0,0,0,0,0,0,,,,,,,,,,,,,,,253,282,281,751,404,386,771,585,299,577,819,349
'901720,"Drawing, marking-out and mathematical calculating instruments (excl. drafting tables and machines ...",0,0,0,0,0,0,0,0,0,0,0,0,,,,,,,,,,,,,,,374,655,324,653,888,797,472,397,402,126,206,209
'901780,"Instruments for measuring length, for use in the hand, n.e.s.",0,0,0,0,0,0,0,0,0,0,0,0,,,,,,,,,,,,,,,482,524,537,444,409,456,442,366,327,540,343,375
'901790,"Parts and accessories for drawing, marking-out or mathematical calculating instruments and ...",0,0,0,0,0,0,0,0,0,0,0,0,,,,,,,,,,,,,,,20,59,39,30,19,112,30,9,17,17,32,20
'901811,Electro-cardiographs,0,0,0,0,0,0,0,0,0,0,0,0,,,,,,,,,,,,,,,299,315,253,183,390,281,333,623,374,228,376,334
'901813,Magnetic resonance imaging apparatus,0,0,0,0,0,0,0,0,0,0,0,0,,,,,,,,,,,,,,,284,221,1058,1455,792,2256,563,1794,1550,2070,346,2626
'901850,"Ophthalmic instruments and appliances, n.e.s.",19,5,5,0,10,6,0,0,3,5,5,0,,,,,,,,,,,,,,,2822,2532,2374,2404,2599,2853,2494,2715,2066,2967,2421,3744
'902000,"Breathing appliances and gas masks, incl. parts and accessories (excl. protective masks having ...",0,0,0,0,273,0,0,0,1,0,0,0,,,,,,,,,,,,,,,2813,2738,1529,1329,1801,1143,971,1714,1912,2226,1708,861
'902150,Pacemakers for stimulating heart muscles (excl. parts and accessories),0,0,0,0,0,0,0,0,0,0,0,0,,,,,,,,,,,,,,,1191,1033,900,960,1104,1601,1359,1225,650,694,1512,1140
'902290,"X-ray generators other than X-ray tubes, high tension generators, control panels and desks, ...",1,0,1,0,0,0,0,0,0,0,0,0,,,,,,,,,,,,,,,1541,1316,2799,1745,2758,1611,2537,2559,3257,1940,2223,1805
'853910,Sealed beam lamp units,0,0,0,0,0,0,0,0,0,0,0,0,,,,,,,,,,,,,,,53,85,88,32,37,97,54,52,81,45,111,49
'853939,"Discharge lamps (excl. hot-cathode fluorescent lamps, mercury or sodium vapour lamps, metal ...",0,0,0,0,0,0,0,0,0,0,0,0,,,,,,,,,,,,,,,64,53,55,109,112,54,43,77,33,27,43,48
'854071,Magnetrons,0,0,0,0,0,0,0,0,0,0,0,0,,,,,,,,,,,,,,,39,105,68,50,85,43,111,118,74,57,37,185
'854143,Photovoltaic cells assembled in modules or made up into panels,218,10,2,7,0,4,0,0,0,0,0,0,,,,,,,,,,,,,,,12047,16463,16859,11457,17660,23589,22263,17540,22975,19586,24963,43339
'854190,"Parts of diodes, transistors and similar semiconductor devices; photosensitive semiconductor ...",0,0,0,0,0,0,0,0,0,0,0,0,,,,,,,,,,,,,,,167,288,330,378,394,103,633,736,380,718,72,616
'854921,"Electrical and electronic waste and scrap, of a kind used principally for the recovery of precious ...",0,0,0,0,0,0,0,0,0,0,0,0,,,,,,,,,,,,,,,0,0,0,0,0,0,0,0,0,0,0,0
'854999,"Electrical and electronic waste and scrap (excl. for the recovery of precious metal, electrical ...",0,0,0,0,0,0,0,0,0,0,0,0,,,,,,,,,,,,,,,1363,2446,1875,32,2528,2274,0,1755,1283,1,3636,773
'860290,Rail locomotives (excl. those powered from an external source of electricity or by accumulators ...,0,0,0,0,0,0,0,0,0,0,0,0,,,,,,,,,,,,,,,0,0,293,0,1,0,0,0,0,0,0,0
'860500,"Railway or tramway passenger coaches, luggage vans, post office coaches and other special purpose ...",0,0,0,0,0,0,0,0,0,0,0,0,,,,,,,,,,,,,,,0,0,4,0,0,18,0,0,0,0,0,0
'860791,"Parts of railway or tramway locomotives, n.e.s.",0,0,0,0,0,0,0,0,0,0,0,0,,,,,,,,,,,,,,,834,1722,1295,722,1591,1029,639,532,535,667,867,1125
'860800,"Railway or tramway track fixtures and fittings (excl. sleepers of wood, concrete or steel, ...",0,0,0,0,0,0,0,0,0,0,0,0,,,,,,,,,,,,,,,840,360,557,318,39,344,308,371,343,1135,421,500
'870121,"Road tractors for semi-trailers, with only compression-ignition internal combustion piston ...",0,0,0,0,0,0,0,0,0,0,0,0,,,,,,,,,,,,,,,8832,8015,14880,1422,8337,3104,5993,5755,11440,12551,3379,18368
'870210,"Motor vehicles for the transport of >= 10 persons, incl. driver, with only diesel engine",0,0,0,0,0,0,0,0,0,0,0,0,,,,,,,,,,,,,,,8763,7311,13866,13841,8090,15134,12545,11771,7644,7077,11973,8973
'870220,"Motor vehicles for the transport of >= 10 persons, incl. driver, with both diesel engine and ...",0,0,0,0,0,0,0,0,0,0,0,0,,,,,,,,,,,,,,,0,0,0,0,0,0,0,0,0,0,0,0
'870421,"Motor vehicles for the transport of goods, with only compression-ignition internal combustion ...",0,0,0,0,0,0,0,0,0,0,0,0,,,,,,,,,,,,,,,37237,31498,34389,35983,21920,45825,48652,25310,46002,37032,44893,49340
'870451,"Motor vehicles for the transport of goods, with both spark-ignition internal combustion piston ...",0,0,0,0,0,0,0,0,0,0,0,0,,,,,,,,,,,,,,,6940,13669,142,11284,0,47,0,0,93,46,0,26
'870540,Concrete-mixer lorries,0,0,0,0,0,0,0,0,0,0,0,0,,,,,,,,,,,,,,,756,901,2236,816,1905,1077,1076,983,205,717,1580,942
'430230,"Tanned or dressed whole furskins and pieces or cuttings thereof, assembled, without the addition ...",0,0,0,0,0,0,0,0,0,0,0,0,,,,,,,,,,,,,,,1,0,0,3,1,26,0,0,0,0,0,17
'440312,"Wood in the rough, treated with paint, stains, creosote or other preservatives, non-coniferous ...",0,0,0,0,0,0,0,0,0,0,0,0,,,,,,,,,,,,,,,820,854,868,1030,1205,1155,1107,594,751,1122,1176,1182
'440322,"Pine ""Pinus spp."" in the rough, of which the smallest cross-sectional dimension is ...",0,0,0,0,0,0,0,0,0,0,0,0,,,,,,,,,,,,,,,9,1,0,1,0,0,0,0,1,0,0,0
'440324,"Fir ""Abies spp."" and spruce ""Picea spp."" in the rough, of which the smallest cross-sectional ...",0,0,0,0,0,0,0,0,0,0,0,0,,,,,,,,,,,,,,,0,0,0,0,0,0,0,0,0,0,0,0
'440692,"Railway or tramway sleepers ""cross-ties"" of wood, impregnated, non-coniferous",0,0,0,0,0,0,0,0,0,0,0,0,,,,,,,,,,,,,,,7,0,0,7,0,6,0,0,0,7,0,0
'440713,"S-P-F (spruce ""Picea spp."", pine ""Pinus spp."" and fir ""Abies spp."") sawn or chipped lengthwise, ...",0,0,0,0,0,0,0,0,0,0,0,0,,,,,,,,,,,,,,,11,31,0,0,0,0,0,0,0,96,0,0
'440721,"Mahogany ""Swietenia spp."", sawn or chipped lengthwise, sliced or peeled, whether or not planed, ...",0,0,0,0,0,0,0,0,0,0,0,0,,,,,,,,,,,,,,,31,0,38,0,0,0,0,0,0,0,0,0
'440726,"White lauan, white meranti, white seraya, yellow meranti and alan, sawn or chipped lengthwise, ...",0,0,0,0,0,0,0,0,0,0,0,0,,,,,,,,,,,,,,,0,0,17,0,0,0,0,0,0,0,0,19
'440728,"Iroko, sawn or chipped lengthwise, sliced or peeled, whether or not planed, sanded or end-jointed, ...",0,0,0,0,0,0,0,0,0,0,0,0,,,,,,,,,,,,,,,37,44,123,320,207,109,163,106,149,0,537,306
'440792,"Beech ""Fagus spp."", sawn or chipped lengthwise, sliced or peeled, whether or not planed, sanded ...",0,0,0,0,0,0,0,0,0,0,0,0,,,,,,,,,,,,,,,117,66,96,107,131,122,58,27,120,41,48,151
'440839,"Sheets for veneering, incl. those obtained by slicing laminated wood, for plywood or for other ...",0,0,0,0,0,0,0,0,0,0,0,0,,,,,,,,,,,,,,,5,115,340,46,115,28,145,68,137,44,106,5
'440921,"Bamboo, incl. strips and friezes for parquet flooring, not assembled, continuously shaped ""tongued, ...",0,0,0,0,0,0,0,0,0,0,0,0,,,,,,,,,,,,,,,36,155,73,16,133,182,101,16,104,98,130,69
'441011,"Particle board of wood, whether or not agglomerated with resins or other organic binding substances ...",0,0,0,0,0,0,0,0,0,0,0,0,,,,,,,,,,,,,,,907,771,813,924,1236,824,1000,439,627,660,1155,934
'441090,"Board of bagasse, bamboo or cereal straw particles or other ligneous materials, whether or ...",0,0,0,0,0,0,0,0,0,0,0,0,,,,,,,,,,,,,,,20,18,7,37,1,20,7,8,5,20,25,21
'441239,"Plywood consisting solely of sheets of wood <= 6 mm thick, with both outer plies of coniferous ...",0,0,0,0,0,0,0,0,0,0,0,0,,,,,,,,,,,,,,,995,1218,1175,1269,1463,1245,794,693,1041,517,1103,1301
'441242,"Laminated veneered lumber ""LVL"", with at least one outer ply of non-coniferous wood (excl. ...",0,0,0,0,0,0,0,0,0,0,0,0,,,,,,,,,,,,,,,0,0,0,0,28,0,0,0,0,0,29,0
'441252,"Blockboard, laminboard and battenboard, with at least one outer ply of non-coniferous wood ...",0,0,0,0,0,0,0,0,0,0,0,0,,,,,,,,,,,,,,,0,0,0,0,0,0,363,0,0,0,136,147
'441259,"Blockboard, laminboard and battenboard, with both outer plies of coniferous wood (excl. of ...",0,0,0,0,0,0,0,0,0,0,0,0,,,,,,,,,,,,,,,47,0,0,0,22,0,0,0,0,0,0,0
'400249,"Chloroprene ""chlorobutadiene rubber, CR"", in primary forms or in plates, sheets or strip (excl. ...",0,0,0,0,0,0,0,0,0,0,0,0,,,,,,,,,,,,,,,829,238,886,379,1554,1933,918,2196,752,872,1419,1409
'400259,"Acrylonitrile-butadiene rubber ""NBR"", in primary forms or in plates, sheets or strip (excl. ...",0,0,0,0,0,0,0,0,0,0,0,0,,,,,,,,,,,,,,,420,410,600,267,118,189,269,264,450,155,442,122
'400270,"Ethylene-propylene diene rubber ""EPDM"", non-conjugated, in primary forms or in plates, sheets ...",0,0,0,0,0,0,0,0,0,0,0,0,,,,,,,,,,,,,,,406,299,273,237,583,598,531,381,341,329,417,210
'400829,"Rods, tubes and profile shapes, of non-cellular rubber",0,0,0,0,0,0,0,0,0,0,0,0,,,,,,,,,,,,,,,222,89,209,174,219,221,101,78,183,104,82,368
'400911,"Tubes, pipes and hoses, of vulcanised rubber (excl. hard rubber), not reinforced or otherwise ...",50,96,27,37,12,79,25,54,41,13,15,0,,,,,,,,,,,,,,,901,888,892,698,916,954,812,721,735,484,818,816
'410229,"Raw skins of sheep or lambs, without wool on, fresh or salted, dried, limed or otherwise preserved, ...",0,0,0,0,0,0,0,0,0,0,0,0,,,,,,,,,,,,,,,0,0,0,0,0,0,0,0,0,0,0,0
'410419,"Hides and skins of bovine ""incl. buffalo"" or equine animals, in the wet state ""incl. wet-blue"", ...",0,0,0,0,0,0,0,0,0,0,0,0,,,,,,,,,,,,,,,85,167,104,8,15,0,8,0,0,0,67,8
'410712,"Grain splits leather ""incl. parchment-dressed leather"", of the whole hides and skins of bovine ...",0,0,0,0,0,0,0,0,0,0,0,0,,,,,,,,,,,,,,,671,727,283,1559,1196,688,963,775,964,523,504,1102
'410791,"Full grains leather ""incl. parchment-dressed leather"", unsplit, of the portions, strips or ...",0,0,0,0,0,0,0,0,0,0,0,0,,,,,,,,,,,,,,,0,0,0,0,0,0,0,0,0,0,0,0
'411200,"Leather further prepared after tanning or crusting ""incl. parchment-dressed leather"", of sheep ...",0,0,0,0,0,0,0,0,0,0,0,0,,,,,,,,,,,,,,,0,6,4,3,0,0,8,2,0,0,1,3
'411330,"Leather further prepared after tanning or crusting ""incl. parchment-dressed leather"", of reptiles,, ...",0,0,0,0,0,0,0,0,0,0,0,0,,,,,,,,,,,,,,,0,0,0,0,0,0,0,0,0,0,7,0
'411390,"Leather further prepared after tanning or crusting ""incl. parchment-dressed leather"", of antelopes, ...",0,0,0,0,0,0,0,0,0,0,0,0,,,,,,,,,,,,,,,29,53,177,107,79,25,13,40,95,15,137,84
'390521,"Vinyl acetate copolymers, in aqueous dispersion",0,0,0,0,0,0,0,0,0,0,0,0,,,,,,,,,,,,,,,428,337,369,293,478,604,300,664,639,207,323,507
'390530,"Poly""vinyl alcohol"", in primary forms, whether or not containing unhydrolyzed acetate groups",0,0,0,0,0,0,0,0,0,0,0,0,,,,,,,,,,,,,,,268,60,261,301,212,180,379,182,360,138,204,439
'390730,"Epoxide resins, in primary forms",0,0,0,0,0,0,0,0,0,0,0,0,,,,,,,,,,,,,,,1875,2587,2852,2233,2569,2393,1621,2092,2582,1221,1862,2441
'390799,"Saturated polyesters in primary forms (excl. polycarbonates, alkyd resins, poly""ethylene terephthalate"" ...",0,0,0,0,0,0,0,0,0,0,0,0,,,,,,,,,,,,,,,2432,1928,2560,2428,2044,2338,1606,1137,2810,1541,1906,2831
'390810,"Polyamides-6, -11, -12, -6,6, -6,9, -6,10 or -6,12, in primary forms",0,0,0,0,0,0,0,0,0,0,0,0,,,,,,,,,,,,,,,1767,1732,1943,2454,1907,2320,1549,2286,2147,1716,1844,3265
'391510,"Waste, parings and scrap, of polymers of ethylene",0,0,0,0,0,0,0,0,0,0,0,0,,,,,,,,,,,,,,,92,86,55,98,52,35,80,68,58,44,82,72
'391590,"Waste, parings and scrap of plastics (excl. that of polymers of ethylene, styrene and vinyl ...",0,0,0,0,0,0,0,0,0,0,0,0,,,,,,,,,,,,,,,434,314,333,305,601,471,678,363,342,241,262,988
'391721,"Rigid tubes, pipes and hoses, of polymers of ethylene",0,0,0,0,0,1,0,0,0,0,0,0,,,,,,,,,,,,,,,411,364,475,677,542,852,422,216,891,564,778,856
'392071,"Plates, sheets, film, foil and strip, of non-cellular regenerated cellulose, not reinforced, ...",0,0,0,0,0,0,0,0,0,0,0,0,,,,,,,,,,,,,,,205,208,46,180,60,17,23,7,146,6,38,2
'392113,"Plates, sheets, film, foil and strip, of cellular polyurethanes, unworked or merely surface-worked ...",0,0,0,0,0,0,0,0,0,0,0,0,,,,,,,,,,,,,,,1741,1430,1823,1316,1286,943,749,837,877,1325,1014,1534
'392190,"Plates, sheets, film, foil and strip, of plastics, reinforced, laminated, supported or similarly ...",0,0,0,0,0,0,0,0,0,0,0,0,,,,,,,,,,,,,,,9414,8632,11310,9894,9414,10123,8838,7763,8519,8525,8378,7575
'491110,"Trade advertising material, commercial catalogues and the like",0,0,0,0,0,0,0,0,1,2,0,0,,,,,,,,,,,,,,,530,777,595,566,928,1051,712,674,588,644,2053,606
'491191,"Pictures, prints and photographs, n.e.s.",0,0,0,0,0,0,0,0,0,0,0,0,,,,,,,,,,,,,,,376,240,224,247,266,346,290,454,259,242,269,231
'500600,"Silk yarn and yarn spun from silk waste, put up for retail sale; silkworm gut",0,0,0,0,0,0,0,0,0,0,0,0,,,,,,,,,,,,,,,0,0,0,3,0,0,3,0,4,0,0,0
'500790,"Woven fabrics containing predominantly, but < 85% silk or silk waste by weight",0,0,0,0,0,0,0,0,0,0,0,0,,,,,,,,,,,,,,,120,263,127,170,259,545,177,2,169,117,63,305
'510119,"Greasy wool, incl. fleece-washed wool, neither carded nor combed (excl. shorn wool)",0,0,0,0,0,0,0,0,0,0,0,0,,,,,,,,,,,,,,,49,112,222,358,3493,8872,9058,6885,6208,3727,0,0
'510219,"Fine animal hair, neither carded nor combed (excl. wool and hair of Kashmir ""cashmere"" goats)",0,0,0,0,0,0,0,0,0,0,0,0,,,,,,,,,,,,,,,2037,3194,3898,584,331,824,57,253,4,818,406,123
'510320,"Waste of wool or of fine animal hair, incl. yarn waste (excl. noils and garnetted stock)",0,0,0,0,0,0,0,0,0,0,0,0,,,,,,,,,,,,,,,0,23,47,0,0,0,17,0,34,16,0,34
'510510,"Wool, carded",0,0,0,0,0,0,0,0,0,0,0,0,,,,,,,,,,,,,,,0,0,0,0,1,0,0,0,0,0,0,0
'510529,"Wool, combed (excl. that in fragments ""open tops"")",0,0,0,0,0,0,0,0,0,0,0,0,,,,,,,,,,,,,,,119,0,0,218,35,0,95,116,0,381,0,112
'510720,"Yarn of combed wool containing predominantly, but < 85% wool by weight (excl. that put up for ...",0,0,0,0,0,0,0,0,0,0,0,0,,,,,,,,,,,,,,,42,61,67,42,24,12,24,14,1,1,5,6
'520511,"Single cotton yarn, of uncombed fibres, containing >= 85% cotton by weight and with a linear ...",0,0,0,0,0,0,0,0,0,0,0,0,,,,,,,,,,,,,,,40,108,33,40,130,54,85,0,96,29,29,31
'520513,"Single cotton yarn, of uncombed fibres, containing >= 85% cotton by weight and with a linear ...",0,0,0,0,0,0,0,0,0,0,0,0,,,,,,,,,,,,,,,848,932,969,890,1266,747,598,63,406,464,482,941
'520526,"Single cotton yarn, of combed fibres, containing >= 85% cotton by weight and with a linear ...",0,0,0,0,0,0,0,0,0,0,0,0,,,,,,,,,,,,,,,0,0,0,0,0,0,0,0,0,4,0,0
'520528,"Single cotton yarn, of combed fibres, containing >= 85% cotton by weight and with a linear ...",0,0,0,0,0,0,0,0,0,0,0,0,,,,,,,,,,,,,,,0,0,0,0,0,0,0,0,0,0,0,0
'520632,"Multiple ""folded"" or cabled cotton yarn containing predominantly, but < 85% cotton by weight, ...",0,0,0,0,0,0,0,0,0,0,0,0,,,,,,,,,,,,,,,0,15,0,8,0,0,0,0,0,0,69,0
'520822,"Plain woven fabrics of cotton, containing >= 85% cotton by weight and weighing > 100 g to 200 ...",0,0,0,0,0,0,0,0,0,0,0,0,,,,,,,,,,,,,,,580,600,1191,391,1043,983,553,795,1287,630,587,1013
'520829,"Woven fabrics of cotton, containing >= 85% cotton by weight and weighing <= 200 g/m_, bleached ...",0,0,0,0,0,1,0,0,0,0,0,0,,,,,,,,,,,,,,,200,76,207,200,269,365,230,313,86,306,146,152
'520911,"Plain woven fabrics of cotton, containing >= 85% cotton by weight and weighing > 200 g/m_, ...",0,0,0,0,0,0,0,0,0,0,0,0,,,,,,,,,,,,,,,12,2,13,1,3,0,0,4,16,70,5,9
'520949,"Woven fabrics of cotton, containing >= 85% cotton by weight and weighing > 200 g/m_, made of ...",0,0,0,0,0,0,0,0,0,0,0,0,,,,,,,,,,,,,,,5,18,8,4,22,15,26,1,26,11,3,7
'521120,"Woven fabrics of cotton, containing predominantly, but < 85% cotton by weight, mixed principally ...",0,0,0,0,0,0,0,0,0,0,0,0,,,,,,,,,,,,,,,0,0,16,0,2,0,0,0,0,0,0,0
'521139,"Woven fabrics of cotton, containing predominantly, but < 85% cotton by weight, mixed principally ...",0,0,0,0,0,0,0,0,0,0,0,0,,,,,,,,,,,,,,,25,4,2,2,4,22,5,1,15,1,7,1
'521215,"Woven fabrics of cotton, containing predominantly, but < 85% cotton by weight, other than those ...",0,0,0,0,0,0,0,0,0,0,0,0,,,,,,,,,,,,,,,25,1,7,2,0,0,37,0,5,5,1,0
'530390,"Jute and other textile bast fibres, processed but not spun; tow and waste of such fibres, incl. ...",0,0,0,0,0,0,0,0,0,0,0,0,,,,,,,,,,,,,,,2,1,0,1,0,0,0,0,0,0,0,0
'530710,Single yarn of jute or of other textile bast fibres of heading 5303,0,0,0,0,0,0,0,0,0,0,0,0,,,,,,,,,,,,,,,0,0,0,0,0,0,0,0,0,0,0,0
'530921,"Woven fabrics of flax, containing predominantly, but < 85% flax by weight, unbleached or bleached",0,0,0,0,0,0,0,0,0,0,0,0,,,,,,,,,,,,,,,3,2,1,12,5,2,3,0,1,4,4,1
'531010,"Woven fabrics of jute or of other textile bast fibres of heading 5303, unbleached",0,0,0,0,0,0,0,0,0,0,0,0,,,,,,,,,,,,,,,31,39,1,0,47,65,51,18,42,37,4,41
'540231,"Textured filament yarn of nylon or other polyamides, with a linear density of <= 50 tex per ...",0,0,0,19,0,0,0,0,0,0,0,0,,,,,,,,,,,,,,,179,158,75,237,33,276,33,101,124,29,106,128
'540251,"Filament yarn of nylon or other polyamides, incl. monofilament of < 67 decitex, single, with ...",0,0,0,0,0,0,0,0,0,0,0,0,,,,,,,,,,,,,,,9,0,0,0,0,0,4,0,0,0,0,10
'540331,"Yarn of viscose rayon filament, incl. monofilament of < 67 decitex, single, untwisted or with ...",0,0,0,0,0,0,0,0,0,0,0,0,,,,,,,,,,,,,,,0,26,1,0,8,0,0,0,0,0,0,0
'540412,Polypropylene monofilament of >= 67 decitex and with a cross sectional dimension of <= 1 mm ...,0,0,0,0,0,0,0,0,0,0,0,0,,,,,,,,,,,,,,,82,5,10,4,10,5,3,23,39,2,3,1
'540742,"Woven fabrics of filament yarn containing >= 85% nylon or other polyamides by weight, incl. ...",0,0,0,0,0,0,0,0,0,0,0,0,,,,,,,,,,,,,,,326,408,307,421,313,727,359,301,210,236,102,293
'540752,"Woven fabrics of yarn containing >= 85% by weight of textured polyester filaments, incl. monofilament ...",0,0,54,1,0,0,4,0,0,0,0,0,,,,,,,,,,,,,,,8655,9896,10620,8564,7991,12020,8819,6047,8180,6420,4084,3196
'540773,"Woven fabrics of yarn containing >= 85% synthetic filament by weight, incl. monofilament of ...",0,0,0,0,0,0,0,0,0,0,0,0,,,,,,,,,,,,,,,118,116,140,117,124,193,132,78,142,75,109,122
'540791,"Woven fabrics of yarn containing predominantly, but < 85% synthetic filament by weight, incl. ...",0,0,0,0,0,0,0,0,0,0,0,0,,,,,,,,,,,,,,,2060,2338,1959,2736,1405,2130,2777,2999,3236,2680,1741,1384
'540792,"Woven fabrics of yarn containing predominantly, but < 85% synthetic filament by weight, incl. ...",0,0,0,0,0,0,0,0,0,0,0,0,,,,,,,,,,,,,,,130,66,170,172,135,208,243,626,298,226,198,273
'540810,"Woven fabrics of high-tenacity viscose yarn, incl. monofilament of >= 67 decitex and a maximum ...",0,0,0,0,0,0,0,0,0,0,0,0,,,,,,,,,,,,,,,259,355,319,386,238,27,78,36,27,47,39,70
'540823,"Woven fabrics of yarn containing >= 85% artificial filament by weight, incl. monofilament of ...",0,0,0,0,0,0,0,0,0,0,0,0,,,,,,,,,,,,,,,2,0,0,0,0,0,0,29,0,0,0,0
'540834,"Woven fabrics of yarn containing predominantly, but < 85% artificial filament by weight, incl. ...",0,0,0,0,0,0,0,0,0,0,0,0,,,,,,,,,,,,,,,0,25,24,24,80,112,28,31,2,0,30,70
'550490,"Artificial staple fibres, not carded, combed or otherwise processed for spinning (excl. those ...",0,0,0,0,0,0,0,0,0,0,0,0,,,,,,,,,,,,,,,0,0,0,0,0,0,0,0,0,0,0,0
'550640,"Staple fibres of polypropylene, carded, combed or otherwise processed for spinning",0,0,0,0,0,0,0,0,0,0,0,0,,,,,,,,,,,,,,,0,0,0,0,0,0,0,0,0,0,0,0
'550951,"Yarn containing predominantly, but < 85% polyester staple fibres by weight, mixed principally ...",0,0,0,0,0,0,0,0,0,0,0,0,,,,,,,,,,,,,,,304,456,469,350,160,550,473,387,177,374,101,536
'550953,"Yarn containing predominantly, but < 85% polyester staple fibres by weight, mixed principally ...",56,113,55,0,54,50,106,0,50,0,0,0,,,,,,,,,,,,,,,322,228,380,334,261,1001,299,0,452,73,85,333
'550962,"Yarn containing predominantly, but < 85% acrylic or modacrylic staple fibres by weight, mixed ...",0,0,0,0,0,0,0,0,0,0,0,0,,,,,,,,,,,,,,,0,0,0,0,0,17,0,0,0,1,0,0
'551311,"Plain woven fabrics containing predominantly, but < 85% polyester staple fibres by weight, ...",0,0,0,0,0,0,0,0,0,0,0,0,,,,,,,,,,,,,,,65,386,458,236,421,694,186,385,189,207,290,231
'551412,"Woven fabrics containing predominantly, but < 85% polyester staple fibres by weight, mixed ...",0,0,0,0,0,0,0,0,0,0,0,0,,,,,,,,,,,,,,,11,22,26,5,14,32,44,1,26,26,27,25
'551419,"Woven fabrics containing predominantly, but < 85% synthetic staple fibres by weight, mixed ...",0,0,0,0,0,0,0,0,0,0,0,0,,,,,,,,,,,,,,,20,193,0,21,0,22,28,90,141,58,66,0
'551422,"Woven fabrics containing predominantly, but < 85% polyester staple fibres by weight, mixed ...",0,0,0,0,0,0,0,0,0,0,0,0,,,,,,,,,,,,,,,347,282,653,319,333,876,88,117,230,127,264,19
'551449,"Woven fabrics containing predominantly, but < 85% synthetic staple fibres by weight, mixed ...",0,0,0,0,0,0,0,0,0,0,0,0,,,,,,,,,,,,,,,0,4,0,18,0,1,0,1,0,7,1,0
'551622,"Woven fabrics containing predominantly, but < 85% artificial staple fibres, mixed principally ...",0,0,0,0,0,0,0,0,0,0,0,0,,,,,,,,,,,,,,,776,258,524,333,218,170,135,64,151,115,108,99
'560122,"Wadding of man-made fibres and articles thereof (excl. sanitary towels and tampons, napkins ...",0,0,0,0,0,0,0,0,0,0,0,0,,,,,,,,,,,,,,,114,96,283,194,100,69,9,60,260,58,111,34
'560393,"Nonwovens, whether or not impregnated, coated, covered or laminated, n.e.s., weighing > 70 ...",0,0,0,0,0,0,0,0,0,0,0,0,,,,,,,,,,,,,,,905,488,993,874,1296,1298,1043,1811,1316,301,275,791
'090811,"Nutmeg, neither crushed nor ground",0,0,0,0,0,0,0,0,0,0,17,0,,,,,,,,,,,,,,,0,1,1,17,9,0,10,51,16,0,17,14
'090822,"Mace, crushed or ground",0,0,0,0,0,0,0,0,0,0,0,0,,,,,,,,,,,,,,,0,0,1,91,0,21,1,36,1,0,44,1
'090831,"Cardamoms, neither crushed nor ground",0,0,0,0,0,0,0,0,0,0,0,0,,,,,,,,,,,,,,,129,123,85,144,21,407,128,237,150,217,177,171
'090961,"Juniper berries and seeds of anise, badian, caraway or fennel, neither crushed nor ground",25,0,28,0,8,8,0,23,0,0,39,0,,,,,,,,,,,,,,,108,246,65,117,130,254,108,134,134,203,82,147
'091099,"Spices (excl. pepper of the genus Piper, fruit of the genus Capsicum or of the genus Pimenta, ...",0,0,0,0,0,0,0,0,0,0,0,0,,,,,,,,,,,,,,,697,1151,874,732,792,1327,671,1183,691,776,884,1046
'100111,Durum wheat seed for sowing,0,0,0,0,0,0,0,0,0,0,0,0,,,,,,,,,,,,,,,0,0,0,0,0,0,1,0,0,0,3,0
'100620,Husked or brown rice,0,0,0,0,0,0,0,0,29,0,0,0,,,,,,,,,,,,,,,476,215,12,311,345,168,225,28,215,0,27,25
'110813,Potato starch,0,0,0,0,0,0,0,0,0,0,0,0,,,,,,,,,,,,,,,411,133,248,345,309,264,205,461,278,209,322,397
'110820,Inulin,0,0,0,0,0,0,0,0,0,0,0,0,,,,,,,,,,,,,,,55,46,67,93,25,51,108,57,42,110,95,64
'120230,"Groundnut seed, for sowing",0,0,0,0,0,0,0,0,0,0,0,0,,,,,,,,,,,,,,,143,147,0,309,0,58,110,375,489,262,0,133
'120730,Castor oil seeds,0,0,0,0,0,0,0,0,0,0,0,0,,,,,,,,,,,,,,,0,0,0,0,0,0,0,0,0,0,0,2
'120760,"Safflower ""Carthamus tinctorius"" seeds",0,0,0,0,0,0,0,0,0,0,0,0,,,,,,,,,,,,,,,0,0,0,1,0,0,0,3,0,0,13,17
'121300,"Cereal straw and husks, unprepared, whether or not chopped, ground, pressed or in the form ...",0,0,0,0,0,0,0,0,0,0,0,0,,,,,,,,,,,,,,,29,45,1,2,0,6,8,0,49,0,9,32
'130190,"Lac; natural gums, resins, gum-resins, balsams and other natural oleoresins (excl. gum Arabic)",0,0,0,0,0,0,0,0,0,0,0,0,,,,,,,,,,,,,,,128,639,799,214,196,394,44,149,199,168,275,145
'130211,Opium,0,0,0,0,0,0,0,0,0,0,0,0,,,,,,,,,,,,,,,0,0,0,0,0,2,0,0,0,0,0,0
'130213,Extracts of hops,0,0,0,0,0,0,0,0,0,0,0,0,,,,,,,,,,,,,,,42,633,140,1308,29,440,714,11,28,584,569,358
'150710,"Crude soya-bean oil, whether or not degummed",0,0,0,0,0,0,0,0,0,0,0,0,,,,,,,,,,,,,,,0,93,3,0,0,2082,41,3,0,50,366,0
'151521,Crude maize oil,0,0,0,0,0,0,0,0,0,0,0,0,,,,,,,,,,,,,,,0,0,0,0,0,0,0,0,0,0,0,0
'151530,"Castor oil and fractions thereof, whether or not refined, but not chemically modified",0,0,0,0,0,0,0,0,0,0,0,0,,,,,,,,,,,,,,,192,276,276,449,246,525,406,274,245,227,476,406
'151790,Edible mixtures or preparations of animal or vegetable fats or oils and edible fractions of ...,0,0,0,0,0,0,0,0,0,0,0,0,,,,,,,,,,,,,,,3878,1757,2583,1646,3586,1182,874,2825,3298,1146,2215,2911
'152190,"Beeswax, other insect waxes and spermaceti, whether or not refined or coloured",0,0,0,0,0,0,0,0,0,0,0,0,,,,,,,,,,,,,,,10,69,6,0,40,7,73,42,66,5,72,15
'160100,"Sausages and similar products, of meat, meat offal, blood or insects; food preparations based ...",0,0,0,0,0,0,0,0,0,0,0,0,,,,,,,,,,,,,,,129,49,80,97,204,58,166,90,126,42,32,48
'160241,"Hams of swine and cuts thereof, prepared or preserved",0,0,0,0,0,0,0,0,0,0,0,0,,,,,,,,,,,,,,,0,14,9,33,14,151,85,5,107,157,24,11
'160510,"Crab, prepared or preserved (excl. smoked)",0,0,0,0,0,0,0,0,0,0,0,0,,,,,,,,,,,,,,,9,0,36,0,0,0,22,0,33,0,0,26
'170290,"Sugars in solid form, incl. invert sugar and chemically pure maltose, and sugar and sugar syrup ...",0,0,0,0,0,0,0,0,0,0,0,0,,,,,,,,,,,,,,,5567,5105,4952,5362,6130,5749,5482,5254,5172,3303,5717,4754
'170390,Beet molasses resulting from the extraction or refining of sugar,0,0,0,0,0,0,0,0,0,0,0,0,,,,,,,,,,,,,,,16,47,77,56,62,89,131,69,29,26,20,5
'170410,"Chewing gum, whether or not sugar-coated",0,0,0,0,0,0,0,0,0,0,0,0,,,,,,,,,,,,,,,3479,3144,3970,3727,3316,3982,3310,1954,2796,3363,2878,1946
'180690,"Chocolate and other preparations containing cocoa, in containers or immediate packings of <= ...",0,0,0,0,0,0,0,0,0,0,0,0,,,,,,,,,,,,,,,3404,3032,5469,6213,6550,4510,5570,4685,6546,3925,5078,5112
'190110,"Food preparations for infant use, put up for retail sale, of flour, groats, meal, starch or ...",0,0,0,0,0,0,0,0,0,0,0,0,,,,,,,,,,,,,,,1595,1100,1443,1801,1162,1035,612,1561,1288,100,2184,967
'190510,Crispbread,0,0,0,0,0,0,0,0,0,0,0,0,,,,,,,,,,,,,,,347,585,569,25,694,489,115,305,334,286,216,226
'200390,"Mushrooms and truffles, prepared or preserved otherwise than by vinegar or acetic acid (excl. ...",0,0,0,0,0,0,0,0,0,0,0,0,,,,,,,,,,,,,,,4,3,6,2,25,8,1,16,10,4,8,8
'200591,"Bamboo shoots, prepared or preserved otherwise than by vinegar or acetic acid (excl. frozen)",0,0,0,0,0,0,0,0,0,0,0,0,,,,,,,,,,,,,,,0,1,6,2,3,1,1,6,0,2,2,1
'200710,"Homogenised preparations of jams, jellies, marmalades, fruit or nut purŽes and nut pastes, ...",0,0,0,0,0,0,0,0,0,0,0,0,,,,,,,,,,,,,,,10,0,13,22,33,41,100,7,7,15,37,21
'200939,"Single citrus fruit juice, unfermented, Brix value > 20 at 20¡C, whether or not containing ...",0,0,0,0,0,0,0,0,0,0,0,0,,,,,,,,,,,,,,,27,2,7,11,77,0,1,87,5,25,5,19
'200981,"Cranberry or lingonberry ""Vaccinium macrocarpon, Vaccinium oxycoccos, Vaccinium vitis-idaea"" ...",0,0,0,0,0,0,0,0,0,0,0,0,,,,,,,,,,,,,,,9,158,202,288,363,542,0,140,131,145,305,243
'210220,Inactive yeasts; other dead single-cell micro-organisms (excl. packaged as medicaments),0,0,0,0,0,0,0,0,0,0,0,0,,,,,,,,,,,,,,,339,156,123,329,349,393,475,305,268,197,343,203
'210410,Soups and broths and preparations therefor,0,0,0,0,0,0,0,0,0,10,0,0,,,,,,,,,,,,,,,159,277,155,242,110,187,163,124,108,244,96,410
'010121,Pure-bred breeding horses,0,0,0,0,0,0,0,0,0,0,0,0,,,,,,,,,,,,,,,0,3686,0,200,599,0,25,1,0,0,0,118
'010620,"Live reptiles ""e.g. snakes, turtles, alligators, caymans, iguanas, gavials and lizards""",0,0,0,0,0,0,0,0,0,0,0,0,,,,,,,,,,,,,,,0,21,16,8,5,2,2,9,1,18,29,0
'010632,"Live psittaciformes ""incl. parrots, parrakeets, macaws and cockatoos""",0,0,0,0,0,0,0,0,0,0,0,0,,,,,,,,,,,,,,,151,59,3,7,0,0,14,0,52,0,0,0
'010639,"Live birds (excl. birds of prey, psittaciformes, parrots, parrakeets, macaws, cockatoos, ostriches ...",0,0,0,0,0,0,0,0,0,0,0,0,,,,,,,,,,,,,,,0,0,0,0,9,3,2,2,1,23,0,1
'020110,"Carcases or half-carcases of bovine animals, fresh or chilled",0,0,0,0,0,0,0,0,0,0,0,0,,,,,,,,,,,,,,,0,0,0,0,0,0,0,0,0,0,0,0
'020220,"Frozen bovine cuts, with bone in (excl. carcases and half-carcases)",0,0,0,0,0,0,0,0,0,0,0,0,,,,,,,,,,,,,,,89,120,96,115,87,92,95,54,34,1,198,357
'020410,Fresh or chilled lamb carcases and half-carcases,0,0,0,0,0,0,0,0,0,0,0,0,,,,,,,,,,,,,,,0,0,0,26,0,0,0,0,23,0,26,24
'020641,Frozen edible livers of swine,0,0,0,0,0,0,0,0,0,0,0,0,,,,,,,,,,,,,,,24,0,0,12,0,0,0,0,0,0,0,77
'020690,"Frozen edible offal of sheep, goats, horses, asses, mules and hinnies",0,0,0,0,0,0,0,0,0,0,0,0,,,,,,,,,,,,,,,135,64,272,412,309,330,395,641,448,521,403,483
'020752,"Frozen domestic geese, not cut in pieces",0,0,0,0,0,0,0,0,0,0,0,0,,,,,,,,,,,,,,,0,0,0,0,0,0,0,0,0,0,0,0
'020910,"Pig fat, free of lean meat, not rendered or otherwise extracted, fresh, chilled, frozen, salted, ...",0,0,0,0,0,0,0,0,0,0,0,0,,,,,,,,,,,,,,,88,128,241,230,219,106,117,407,301,257,149,420
'030199,"Live fish (excl. ornamental fish, trout [Salmo trutta, Oncorhynchus mykiss, Oncorhynchus clarki, ...",0,0,0,0,0,0,0,0,0,0,0,0,,,,,,,,,,,,,,,0,3,0,0,0,0,0,3,0,0,0,1
'030221,"Fresh or chilled lesser or Greenland halibut ""Reinhardtius hippoglossoides, Atlantic halibut ...",0,0,0,0,0,0,0,0,0,0,0,0,,,,,,,,,,,,,,,0,0,0,0,0,0,0,0,0,0,0,0
'030252,"Fresh or chilled haddock ""Melanogrammus aeglefinus""",0,0,0,0,0,0,0,0,0,0,0,0,,,,,,,,,,,,,,,0,0,0,0,0,0,0,0,0,0,0,0
'030285,"Fresh or chilled sea bream ""Sparidae""",0,0,0,0,0,0,0,0,0,0,0,0,,,,,,,,,,,,,,,0,0,0,0,0,0,0,0,0,0,0,0
'030314,"Frozen trout ""Salmo trutta, Oncorhynchus mykiss, Oncorhynchus clarki, Oncorhynchus aguabonita, ...",0,0,0,0,0,0,0,0,0,0,0,0,,,,,,,,,,,,,,,550,0,171,47,108,0,233,320,209,599,375,292
'030331,"Frozen lesser or Greenland halibut ""Reinhardtius hippoglossoides"", Atlantic halibut ""Hippoglossus ...",0,0,0,0,0,0,0,0,0,0,0,0,,,,,,,,,,,,,,,0,0,0,0,0,0,0,0,5,0,0,0
'030341,"Frozen albacore or longfinned tunas ""Thunnus alalunga""",0,0,0,0,0,0,0,0,0,0,0,0,,,,,,,,,,,,,,,37,0,0,0,107,0,0,0,0,0,0,24
'030343,"Frozen skipjack or stripe-bellied bonito ""Euthynnus -Katsuwonus- pelamis""",0,0,0,0,0,0,0,0,0,0,0,0,,,,,,,,,,,,,,,1,1,3,0,0,0,0,0,0,0,0,0
'030366,"Frozen hake ""Merluccius spp., Urophycis spp.""",0,0,0,0,0,0,0,0,0,0,0,0,,,,,,,,,,,,,,,1969,1779,1548,2255,2049,2407,2396,3912,3498,3099,4021,3174
'030368,"Frozen blue whiting ""Micromesistius poutassou, Micromesistius australis""",0,0,0,0,0,0,0,0,0,0,0,0,,,,,,,,,,,,,,,0,97,13,0,142,322,113,509,181,26,52,6
'030431,"Fresh or chilled fillets of tilapia ""Oreochromis spp.""",0,0,0,0,0,0,0,0,0,0,0,0,,,,,,,,,,,,,,,0,0,0,0,0,21,0,0,0,0,0,0
'030441,"Fresh or chilled fillets of Pacific salmon ""Oncorhynchus nerka, Oncorhynchus gorbuscha, Oncorhynchus ...",0,0,0,0,0,0,0,0,0,0,0,0,,,,,,,,,,,,,,,6,4,0,17,7,76,20,31,17,10,0,26
'030443,"Fresh or chilled fillets of flat fish ""Pleuronectidae, Bothidae, Cynoglossidae, Soleidae, Scophthalmidae ...",0,0,0,0,0,0,0,0,0,0,0,0,,,,,,,,,,,,,,,0,0,0,0,0,0,0,0,0,0,0,0
'030487,"Frozen fillets of tuna ""of the genus Thunnus"", skipjack or stripe-bellied bonito ""Euthynnus ...",74,0,0,0,0,68,0,0,0,62,0,0,,,,,,,,,,,,,,,74,0,0,0,0,68,0,6,0,68,0,0
'030549,"Smoked fish, incl. fillets (excl. offal, Pacific salmon, Atlantic salmon, Danube salmon, herring, ...",0,0,0,0,0,0,0,0,0,0,0,0,,,,,,,,,,,,,,,0,0,1,0,0,0,51,0,0,0,0,0
'030579,"Fish fins and other edible fish offal, smoked, dried, salted or in brine (excl. heads, tails, ...",0,0,0,0,0,0,0,0,0,0,0,0,,,,,,,,,,,,,,,0,0,2,0,0,0,2,0,0,3,3,2
'030619,"Frozen crustaceans, even smoked, fit for human consumption, whether in shell or not, incl. ...",0,0,0,0,0,0,0,0,0,0,0,0,,,,,,,,,,,,,,,0,0,0,0,0,0,0,0,0,0,0,0
'030732,"Mussels ""Mytilus spp., Perna spp."", frozen, even in shell",0,0,0,0,0,0,0,0,0,0,0,0,,,,,,,,,,,,,,,0,0,0,0,0,0,47,96,0,48,0,0
'030751,"Octopus ""Octopus spp."", live, fresh or chilled",0,0,0,0,0,0,0,0,0,0,0,0,,,,,,,,,,,,,,,0,0,0,0,0,0,0,0,0,0,0,0
'030990,"Flours, meals and pellets of crustaceans, molluscs and other aquatic invertebrates, fit for ...",0,0,0,0,0,0,0,0,0,0,0,0,,,,,,,,,,,,,,,0,0,0,0,0,15,0,15,0,0,0,0
'040721,"Fresh eggs of domestic fowls, in shell (excl. fertilised for incubation)",0,0,0,0,0,0,0,0,0,0,0,0,,,,,,,,,,,,,,,22,0,0,0,5,14,24,36,6,0,0,0
'040891,"Dried birds' eggs, not in shell, whether or not sweetened (excl. egg yolks)",0,0,0,0,0,0,0,0,0,0,0,0,,,,,,,,,,,,,,,26,95,64,0,0,65,50,102,97,40,69,69
'050800,"Coral and similar materials, shells of molluscs, crustaceans or echinoderms, cuttle-bone, powder ...",0,0,0,0,0,0,0,19,0,0,0,0,,,,,,,,,,,,,,,0,13,3,0,11,4,11,53,8,2,5,0
'060420,"Foliage, branches and other parts of plants, without flowers or flower buds, and grasses, mosses ...",0,0,0,0,0,0,0,0,0,0,0,0,,,,,,,,,,,,,,,2,3,2,1,3,3,2,1,1,5,2,2
'070190,Fresh or chilled potatoes (excl. seed),0,0,0,0,0,0,0,0,0,0,0,0,,,,,,,,,,,,,,,0,0,0,0,0,10,0,0,0,0,0,0
'070529,Fresh or chilled chicory (excl. witloof chicory),0,0,0,0,0,0,0,0,0,0,0,0,,,,,,,,,,,,,,,0,0,0,0,0,0,0,0,0,0,0,0
'070610,Fresh or chilled carrots and turnips,0,0,0,0,0,0,0,0,0,0,0,0,,,,,,,,,,,,,,,0,0,0,26,0,0,0,0,0,0,0,0
'070810,"Fresh or chilled peas ""Pisum sativum"", shelled or unshelled",0,0,0,0,0,0,0,0,0,0,0,0,,,,,,,,,,,,,,,81,85,89,107,123,109,96,140,154,149,121,169
'071021,"Shelled or unshelled peas ""Pisum sativum"", uncooked or cooked by steaming or by boiling in ...",0,0,0,0,0,0,0,0,0,0,0,0,,,,,,,,,,,,,,,1811,554,102,333,639,626,306,102,177,386,331,720
'071090,"Mixtures of vegetables, uncooked or cooked by steaming or by boiling in water, frozen",0,0,0,0,0,0,0,0,0,0,0,0,,,,,,,,,,,,,,,522,439,396,503,1604,1385,709,649,344,290,562,857
'071140,"Cucumbers and gherkins provisionally preserved, e.g. by sulphur dioxide gas, in brine, in sulphur ...",0,0,0,0,0,0,0,0,0,0,0,0,,,,,,,,,,,,,,,0,0,0,0,0,0,0,0,0,0,0,0
'071239,"Dried mushrooms and truffles, whole, cut, sliced, broken or in powder, but not further prepared ...",0,0,0,0,0,0,0,0,0,0,0,0,,,,,,,,,,,,,,,40,14,11,4,41,2,37,9,35,7,8,0
'071320,"Dried, shelled chickpeas ""garbanzos"", whether or not skinned or split",0,0,0,0,0,0,0,0,0,0,0,0,,,,,,,,,,,,,,,223,142,108,226,97,306,191,189,118,192,175,156
'071332,"Dried, shelled small red ""Adzuki"" beans ""Phaseolus or Vigna angularis"", whether or not skinned ...",0,0,0,0,0,0,0,0,0,0,0,0,,,,,,,,,,,,,,,60,0,0,0,0,0,1,0,0,1,0,4
'071335,"Dried, shelled cow peas ""Vigna unguiculata"", whether or not skinned or split",0,0,0,0,0,0,0,0,0,0,0,0,,,,,,,,,,,,,,,61,60,0,0,0,35,0,0,0,0,18,0
'071340,"Dried, shelled lentils, whether or not skinned or split",0,0,0,0,0,0,0,0,0,0,0,0,,,,,,,,,,,,,,,574,690,550,677,216,708,369,623,459,789,619,502
'080131,"Fresh or dried cashew nuts, in shell",0,0,0,0,0,0,0,0,0,0,0,0,,,,,,,,,,,,,,,0,0,0,0,0,0,0,0,0,0,0,0
'080212,"Fresh or dried almonds, shelled",0,0,0,0,0,0,0,0,0,0,0,0,,,,,,,,,,,,,,,1874,1900,1558,2261,1365,2655,1823,799,2113,1539,1201,967
'080292,"Fresh or dried pine nuts, shelled",0,0,0,0,0,0,0,0,0,0,0,0,,,,,,,,,,,,,,,7,78,63,5,0,23,65,0,0,83,104,150
'080410,Fresh or dried dates,0,0,0,0,0,0,0,0,0,0,0,0,,,,,,,,,,,,,,,1069,548,410,304,103,931,791,1347,833,491,2148,3151
'080440,Fresh or dried avocados,0,0,0,0,0,0,0,0,0,0,0,0,,,,,,,,,,,,,,,55,154,110,87,13,13,302,1640,2137,647,120,123
'080620,Dried grapes,0,0,0,0,0,0,0,0,0,0,0,0,,,,,,,,,,,,,,,177,238,189,85,88,253,86,1,640,1032,537,237
'080921,"Fresh sour cherries ""Prunus cerasus""",0,0,0,0,0,0,0,0,0,0,0,0,,,,,,,,,,,,,,,0,0,0,0,0,0,0,0,0,0,0,0
'081110,"Frozen strawberries, uncooked or cooked by steaming or boiling in water, whether or not sweetened",0,0,0,0,0,0,0,0,0,0,0,0,,,,,,,,,,,,,,,65,122,88,59,48,1,0,20,79,0,9,90
'081290,"Fruit and nuts, provisionally preserved, e.g. by sulphur dioxide gas, in brine, in sulphur ...",0,0,0,0,0,0,0,0,0,0,0,0,,,,,,,,,,,,,,,1,13,15,4,7,1,99,36,38,48,38,22
'081350,Mixtures of nuts or dried fruits,0,0,0,0,0,0,0,0,0,0,0,0,,,,,,,,,,,,,,,0,0,1,5,5,0,38,6,9,0,0,0
'090121,Roasted coffee (excl. decaffeinated),0,0,0,0,2,0,0,0,0,0,0,0,,,,,,,,,,,,,,,1868,2159,2337,2066,2865,1882,2322,1379,2246,1141,4216,1994
'090240,"Black fermented tea and partly fermented tea, whether or not flavoured, in immediate packings ...",0,0,0,0,0,0,0,0,0,0,0,0,,,,,,,,,,,,,,,2435,2770,3202,3913,2058,2157,2109,1403,2331,2303,2805,3062
'220300,Beer made from malt,0,0,16,0,0,1,0,0,0,0,0,0,,,,,,,,,,,,,,,11920,10217,6083,8596,8415,7158,10373,7955,5489,6284,8049,7640
'220510,"Vermouth and other wine of fresh grapes, flavoured with plants or aromatic substances, in containers ...",0,0,0,0,0,0,0,0,0,0,0,0,,,,,,,,,,,,,,,37,1,74,104,15,39,60,37,0,9,89,38
'230110,"Flours, meals and pellets, of meat or offal, unfit for human consumption; greaves",0,0,0,0,0,0,0,0,0,0,0,0,,,,,,,,,,,,,,,1272,1200,3478,2484,2299,1550,1418,1521,2040,933,1211,1585
'230330,Brewing or distilling dregs and waste,0,0,0,0,0,0,0,0,0,0,0,0,,,,,,,,,,,,,,,107,0,4,137,177,0,0,141,0,0,197,0
'240399,"Chewing tobacco, snuff and other manufactured tobacco and manufactured tobacco substitutes, ...",0,0,0,0,0,0,0,0,0,0,0,0,,,,,,,,,,,,,,,20,78,1,24,0,87,28,490,1,11,0,9
'240419,"Products containing tobacco or nicotine substitutes, intended for inhalation without combustion ...",0,0,0,0,0,0,0,0,0,0,0,0,,,,,,,,,,,,,,,28,1232,1,489,417,204,5,7,4,4,32,0
'250200,Unroasted iron pyrites,0,0,0,0,0,0,0,0,0,0,0,0,,,,,,,,,,,,,,,0,30,0,21,0,22,37,0,11,0,11,17
'250700,"Kaolin and other kaolinic clays, whether or not calcined",0,0,0,0,0,0,0,0,0,0,0,0,,,,,,,,,,,,,,,458,807,547,657,435,591,492,772,410,480,288,648
'251010,"Natural calcium phosphates and natural aluminium calcium phosphates, natural and phosphatic ...",0,0,0,0,0,0,0,0,0,0,0,0,,,,,,,,,,,,,,,0,0,0,0,0,0,0,0,0,0,0,0
'251020,"Natural calcium phosphates and natural aluminium calcium phosphates, natural and phosphatic ...",0,0,0,0,0,0,0,0,0,0,0,0,,,,,,,,,,,,,,,0,0,0,0,0,0,1,0,1,0,0,6
'251611,"Granite, crude or roughly trimmed (excl. already with the characteristics of setts, curbstones ...",0,0,0,0,0,0,0,0,0,0,0,0,,,,,,,,,,,,,,,95,50,258,462,14,150,132,72,159,144,2,1
'251749,"Granules, chippings and powder, whether or not heat-treated, of travertine, ecaussine, alabaster, ...",0,0,0,0,0,0,0,0,0,0,0,0,,,,,,,,,,,,,,,34,91,18,33,33,31,67,6,23,16,52,35
'252620,"Natural steatite and talc, crushed or powdered",0,0,0,0,0,0,0,0,0,0,0,0,,,,,,,,,,,,,,,278,367,436,197,387,469,380,372,317,353,468,548
'252921,Fluorspar containing by weight <= 97% calcium fluoride,0,0,0,0,0,0,0,0,0,0,0,0,,,,,,,,,,,,,,,3,20,0,1,42,0,0,47,0,0,0,0
'252930,"Leucite, nepheline and nepheline syenite",0,0,0,0,0,0,0,0,0,0,0,0,,,,,,,,,,,,,,,58,23,74,0,50,65,34,23,47,24,32,12
'253010,"Vermiculite, perlite and chlorites, unexpanded",0,0,0,0,0,0,0,0,0,0,0,0,,,,,,,,,,,,,,,131,93,109,138,67,118,68,176,74,157,221,61
'253020,"Kieserite and epsomite ""natural magnesium sulphates""",0,0,0,0,0,0,0,0,0,0,0,0,,,,,,,,,,,,,,,69,39,161,163,325,0,0,44,122,49,444,110
'260300,Copper ores and concentrates,0,0,0,0,0,0,0,0,0,0,0,0,,,,,,,,,,,,,,,5,1,0,320,32,144,1,34,0,4,25,8
'260800,Zinc ores and concentrates,0,0,0,0,0,0,0,0,0,0,0,0,,,,,,,,,,,,,,,78,0,29,2,0,0,0,0,0,0,68,103
'262011,Hard zinc spelter,0,0,0,0,0,0,0,0,0,0,0,0,,,,,,,,,,,,,,,0,0,0,0,0,0,0,0,0,0,0,0
'262030,"Slag, ash and residues containing mainly copper",0,0,0,0,0,0,0,0,0,0,0,0,,,,,,,,,,,,,,,613,0,0,649,0,0,0,0,508,0,0,0
'262040,"Slag, as and residues containing mainly aluminium",0,0,0,0,0,0,0,0,0,0,0,0,,,,,,,,,,,,,,,9,10,10,13,7,7,29,0,0,0,0,0
'262060,"Slag, ash and residues, containing arsenic, mercury, thallium or their mixtures, of a kind ...",0,0,0,0,0,0,0,0,0,0,0,0,,,,,,,,,,,,,,,0,0,0,0,0,0,0,0,0,0,0,0
'270112,"Bituminous coal, whether or not pulverised, non-agglomerated",0,0,0,0,0,0,0,0,0,0,0,0,,,,,,,,,,,,,,,2725,2468,2376,2093,2357,2629,2680,1950,2103,1352,1966,1466
'270820,Pitch coke obtained from coal tar or from other mineral tars,0,0,0,0,0,0,0,0,0,0,0,0,,,,,,,,,,,,,,,0,0,0,0,0,0,0,0,0,0,0,0
'271311,"Petroleum coke, non-calcined",0,0,0,0,0,0,0,0,0,0,0,0,,,,,,,,,,,,,,,86,68,87,0,67,40,0,14,0,31,64,0
'280110,Chlorine,0,0,0,0,0,0,0,0,0,0,0,0,,,,,,,,,,,,,,,3,72,111,1,57,0,285,742,0,0,162,0
'280200,"Sulphur, sublimed or precipitated; colloidal sulphur",0,0,0,0,0,0,0,0,0,0,0,0,,,,,,,,,,,,,,,27,0,36,68,5,0,0,0,1,0,2,0
'280410,Hydrogen,0,0,0,0,0,0,0,0,0,0,0,0,,,,,,,,,,,,,,,0,0,3,0,3,0,0,0,0,0,0,0
'280429,Rare gases (excl. argon),0,0,0,0,0,0,0,0,0,0,0,0,,,,,,,,,,,,,,,65,641,1385,53,666,755,664,806,674,1401,592,22
'280440,Oxygen,0,0,0,0,0,0,0,0,0,0,0,0,,,,,,,,,,,,,,,48,60,14,40,53,4,10,50,1,77,37,2
'280461,"Silicon containing >= 99,99% by weight of silicon",0,0,0,0,0,0,0,0,0,0,0,0,,,,,,,,,,,,,,,204,534,434,604,1087,226,581,182,442,393,368,520
'280700,Sulphuric acid; oleum,0,0,0,0,0,0,0,0,0,0,0,0,,,,,,,,,,,,,,,4,34,16,5,8,34,7,20,3,8,17,8
'280920,"Phosphoric acid; polyphosphoric acids, whether or not chemically defined",0,0,0,0,0,0,0,0,0,0,0,0,,,,,,,,,,,,,,,430,625,976,194,1003,776,737,801,696,753,482,939
'281610,Hydroxide and peroxide of magnesium,0,0,0,0,0,0,0,0,0,0,0,0,,,,,,,,,,,,,,,119,196,230,127,63,30,35,51,107,10,76,63
'281640,"Oxides, hydroxides and peroxides, of strontium or barium",0,0,0,0,0,0,0,0,0,0,0,0,,,,,,,,,,,,,,,2,68,7,0,69,25,4,0,10,43,65,77
'282410,"Lead monoxide ""litharge, massicot""",0,0,0,0,0,0,0,0,0,0,0,0,,,,,,,,,,,,,,,0,0,0,0,0,0,0,32,0,0,0,0
'282630,"Sodium hexafluoroaluminate ""synthetic cryolite""",0,0,0,0,0,0,0,0,0,0,0,0,,,,,,,,,,,,,,,13,47,0,0,89,0,89,3,0,0,0,0
'282710,Ammonium chloride,0,0,0,0,0,0,0,0,0,0,0,0,,,,,,,,,,,,,,,55,230,126,113,273,202,246,267,87,299,160,283
'282720,Calcium chloride,0,0,0,0,0,0,0,0,0,0,0,0,,,,,,,,,,,,,,,441,339,264,474,105,255,307,544,531,345,329,153
'283421,Nitrate of potassium,0,0,0,0,0,0,0,0,0,0,0,0,,,,,,,,,,,,,,,7369,679,1706,2182,6492,2100,4452,1187,759,938,2053,3535
'283692,Strontium carbonate,0,0,0,0,0,0,0,0,0,0,0,0,,,,,,,,,,,,,,,1,3,0,6,1,58,58,56,0,1,0,0
'284020,"Borates (excl. disodium tetraborate ""refined borax"")",0,0,0,0,0,0,0,0,0,0,0,0,,,,,,,,,,,,,,,328,347,225,187,222,877,385,1094,562,197,282,241
'284161,Potassium permanganate,0,0,0,0,0,0,0,0,0,0,0,0,,,,,,,,,,,,,,,0,50,0,0,105,0,49,156,106,157,42,0
'284170,Molybdates,0,0,0,0,0,0,0,0,0,0,0,0,,,,,,,,,,,,,,,560,757,329,1,712,1,692,182,256,460,281,1030
'284290,"Salts of inorganic acids or peroxoacids (excl. of oxometallic or peroxometallic acids, double ...",0,0,0,0,0,0,0,0,0,0,0,0,,,,,,,,,,,,,,,59,185,178,206,180,100,106,302,174,23,49,190
'284321,Silver nitrate,0,0,0,0,0,0,0,0,0,0,0,0,,,,,,,,,,,,,,,6,2,4,3,3,12,3,3,7,3,84,3
'284443,"Radioactive elements and isotopes and compounds; alloys, dispersions incl. cermets, ceramic ...",0,0,0,0,0,0,0,0,0,0,0,0,,,,,,,,,,,,,,,908,1898,1008,1074,894,2621,1070,612,778,853,875,961
'284690,"Compounds, inorganic or organic, of rare-earth metals, of yttrium or of scandium or of mixtures ...",0,0,0,0,0,0,0,0,0,0,0,0,,,,,,,,,,,,,,,3,472,2,431,393,51,314,668,35,8,245,480
'290211,Cyclohexane,0,0,0,0,0,0,0,0,0,0,0,0,,,,,,,,,,,,,,,0,1,19,4,0,5,0,2,1,3,0,2
'290230,Toluene,0,0,0,0,0,0,0,0,0,0,0,0,,,,,,,,,,,,,,,962,111,1988,610,2496,1489,69,2,2896,126,1365,983
'290250,Styrene,0,0,0,0,0,0,0,0,0,0,0,0,,,,,,,,,,,,,,,1735,3067,2952,3064,1575,1596,4749,931,1841,1568,2819,1553
'290321,"Vinyl chloride ""chloroethylene""",0,0,0,0,0,0,0,0,0,0,0,0,,,,,,,,,,,,,,,0,0,0,0,0,0,0,0,0,0,0,0
'290329,"Unsaturated chlorinated derivatives of acyclic hydrocarbons (excl. vinyl chloride ""chloroethylene"", ...",0,0,0,0,0,0,0,0,0,0,0,0,,,,,,,,,,,,,,,0,48,268,224,162,48,140,116,182,3,114,0
'290342,"Difluoromethane ""HFC-32""",0,0,0,0,0,0,0,0,0,0,0,0,,,,,,,,,,,,,,,11,42,32,78,23,61,16,139,0,0,98,21
'290344,"Pentafluoroethane ""HFC-125"", 1,1,1-trifluoroethane ""HFC-143a"" and 1,1,2-trifluoroethane ""HFC-143""",0,0,0,0,0,0,0,0,0,0,0,0,,,,,,,,,,,,,,,0,0,0,0,0,0,0,0,0,0,0,76
'290349,Saturated fluorinated derivatives of acyclic hydrocarbons (excl. products of 2903.41 to 2903.48),0,0,0,0,0,0,0,0,0,0,0,0,,,,,,,,,,,,,,,1,0,11,27,2,3,3,1,8,1,3,0
'290391,"Chlorobenzene, o-dichlorobenzene and p-dichlorobenzene",0,0,0,0,0,0,0,0,0,0,0,0,,,,,,,,,,,,,,,128,82,149,187,119,127,50,30,50,34,67,141
'290410,"Derivatives of hydrocarbons containing only sulpho groups, their salts and ethyl esters",0,0,0,0,0,0,0,0,0,0,0,0,,,,,,,,,,,,,,,202,67,88,170,182,28,119,88,164,68,339,87
'290420,Derivatives of hydrocarbons containing only nitro or nitroso groups,0,0,0,0,0,0,0,0,0,0,0,0,,,,,,,,,,,,,,,46,0,0,0,5,0,1,0,0,0,16,11
'290512,"Propan-1-ol ""propyl alcohol"" and propan-2-ol ""isopropyl alcohol""",0,0,0,0,0,0,0,0,0,0,0,0,,,,,,,,,,,,,,,57,115,112,112,75,49,83,49,49,112,45,49
'290545,Glycerol,0,0,0,0,0,0,0,0,0,0,0,0,,,,,,,,,,,,,,,638,520,1061,691,1255,1222,1394,2261,2120,917,865,860
'290612,"Cyclohexanol, methylcyclohexanols and dimethylcyclohexanols",0,0,0,0,0,0,0,0,0,0,0,0,,,,,,,,,,,,,,,0,0,0,0,0,0,0,0,0,0,0,0
'290899,"Halogenated, sulphonated, nitrated or nitrosated derivatives of phenols or phenol-alcohols ...",0,0,0,0,0,0,0,0,0,0,0,0,,,,,,,,,,,,,,,0,44,32,69,115,103,24,54,64,16,1,68
'290941,"2,2'-Oxydiethanol ""diethylene glycol, digol""",0,0,0,0,0,0,0,0,0,0,0,0,,,,,,,,,,,,,,,171,241,303,264,185,116,553,1292,1453,1559,302,146
'291090,"Epoxides, epoxyalcohols, epoxyphenols and epoxyethers, with a three-membered ring, and their ...",0,0,0,0,0,0,0,0,0,0,0,0,,,,,,,,,,,,,,,236,250,112,202,127,143,187,10,210,110,240,92
'291249,"Aldehyde-alcohols, aldehyde-ethers, aldehyde-phenols and aldehydes with other oxygen function ...",0,0,0,0,0,0,0,0,0,0,0,0,,,,,,,,,,,,,,,1,22,7,12,8,8,12,87,1,1,26,10
'291511,Formic acid,0,0,0,0,0,0,0,0,0,0,0,0,,,,,,,,,,,,,,,114,248,198,155,235,545,108,167,197,155,216,218
'291611,Acrylic acid and its salts,0,0,0,0,0,0,0,0,0,0,0,0,,,,,,,,,,,,,,,792,135,285,256,109,1002,228,384,737,106,389,627
'291816,"Gluconic acid, its salts and esters",0,0,0,0,0,0,0,0,0,0,0,0,,,,,,,,,,,,,,,416,98,367,248,86,210,126,247,98,196,157,299
'291818,"Chlorobenzilate ""ISO""",0,0,0,0,0,0,0,0,0,0,0,0,,,,,,,,,,,,,,,0,0,0,0,0,0,0,0,0,0,0,0
'292029,"Phosphite esters and their salts; their halogenated, sulphonated, nitrated or nitrosated derivatives ...",0,0,0,0,0,0,0,0,0,0,0,0,,,,,,,,,,,,,,,0,46,27,0,35,0,45,37,32,108,32,37
'292130,"Cyclanic, cyclenic or cycloterpenic mono- or polyamines, and their derivatives; salts thereof",0,0,0,0,0,0,0,0,0,0,0,0,,,,,,,,,,,,,,,288,109,68,27,157,116,26,104,112,87,78,94
'292149,"Aromatic monoamines and derivatives; salts thereof (excl. aniline, toluidines, diphenylamine, ...",0,0,0,0,0,0,0,0,0,0,0,0,,,,,,,,,,,,,,,74,124,271,265,509,426,5,93,70,256,381,84
'292151,"o-Phenylenediamine, m-phenylenediamine, p-phenylenediamine or diaminotoluenes and their derivatives; ...",0,0,0,0,0,0,0,0,0,0,0,0,,,,,,,,,,,,,,,281,292,484,111,391,251,142,171,158,299,131,241
'292229,"Amino-naphthols and other amino-phenols, their ethers and esters; salts thereof (excl. those ...",0,0,0,0,0,0,0,0,0,0,0,0,,,,,,,,,,,,,,,132,140,182,182,75,43,69,124,204,89,224,352
'292242,Glutamic acid and its salts,0,0,0,0,0,0,0,0,0,0,0,0,,,,,,,,,,,,,,,1256,1222,1661,1286,2148,2381,1113,2060,1483,1042,1494,1596
'292249,"Amino-acids and their esters; salts thereof (excl. those with > one kind of oxygen function, ...",0,0,0,0,0,0,0,0,0,0,0,0,,,,,,,,,,,,,,,2861,1215,1907,2828,1975,2747,2747,2971,2563,1810,2445,2885
'292390,"Quaternary ammonium salts and hydroxides (excl. choline and its salts, tetraethylammonium perfluorooctane ...",0,0,0,0,0,0,0,0,0,0,0,0,,,,,,,,,,,,,,,2044,1641,1623,2539,605,2764,2229,4469,2180,2628,1396,2216
'292610,Acrylonitrile,0,0,0,0,0,0,0,0,0,0,0,0,,,,,,,,,,,,,,,133,492,866,571,734,703,573,0,913,852,306,707
'292910,Isocyanates,0,0,0,0,0,0,0,0,0,0,0,0,,,,,,,,,,,,,,,3234,2365,3214,2694,3711,2114,1722,1439,1533,2352,3155,3729
'293211,Tetrahydrofuran,0,0,0,0,0,0,0,0,0,0,0,0,,,,,,,,,,,,,,,2,74,5,6,73,3,17,10,0,23,3,98
'293213,Furfuryl alcohol and tetrahydrofurfuryl alcohol,0,0,0,0,0,0,0,0,0,0,0,0,,,,,,,,,,,,,,,30,0,27,35,0,0,91,1,32,1,33,2
'293311,"Phenazone ""antipyrin"" and its derivatives",0,0,0,0,0,0,0,0,0,0,0,0,,,,,,,,,,,,,,,1,0,0,0,98,0,0,0,2,1,1,54
'293353,"Allobarbital ""INN"", amobarbital ""INN"", barbital ""INN"", butalbital ""INN"", butobarbital ""INN"", ...",0,0,0,0,0,0,0,0,0,0,0,0,,,,,,,,,,,,,,,0,0,0,2,0,0,0,25,0,0,0,0
'293372,"Clobazam ""INN"" and methyprylon ""INN""",0,0,0,0,0,0,0,0,0,0,0,0,,,,,,,,,,,,,,,0,1,0,0,0,0,0,0,0,0,0,0
'293391,"Alprazolam ""INN"", camazepam ""INN"", chlordiazepoxide ""INN"", clonazepam ""INN"", clorazepate, delorazepam ...",0,0,0,0,0,0,0,0,0,0,0,0,,,,,,,,,,,,,,,44,5,71,1,44,92,4,92,1,33,136,116
'293410,"Heterocyclic compounds containing an unfused thiazole ring, whether or not hydrogenated, in ...",0,0,0,0,0,0,0,0,0,0,0,0,,,,,,,,,,,,,,,33,987,685,449,363,73,25,836,778,326,1508,49
'293499,"Nucleic acids and their salts, whether or not chemically defined; heterocyclic compounds (excl. ...",0,0,0,0,0,0,0,0,0,0,0,0,,,,,,,,,,,,,,,4602,2284,4947,1953,3889,5086,3552,3901,2455,2888,4440,5382
'293729,"Steroidal hormones, their derivatives and structural analogues, used primarily as hormones ...",0,0,0,0,0,0,0,0,0,0,0,0,,,,,,,,,,,,,,,25,33,6,8,32,303,63,297,21,203,5,2
'293911,"Concentrates of poppy straw; buprenorphine ""INN"", codeine, dihydrocodeine ""INN"", ethylmorphine, ...",0,0,0,0,0,0,0,0,0,0,0,0,,,,,,,,,,,,,,,381,549,515,392,0,792,916,394,635,524,498,33
'300214,"Immunological products, mixed, not put up in measured doses or in forms or packings for retail ...",0,0,0,0,0,0,0,0,0,0,0,0,,,,,,,,,,,,,,,348,373,316,315,313,257,265,233,134,121,42,180
'300241,Vaccines for human medicine,0,0,0,0,0,0,0,0,0,0,0,0,,,,,,,,,,,,,,,11351,2787,4000,12181,3945,10909,19318,1860,5249,1585,32950,12730
'300349,"Medicaments containing alkaloids or derivatives thereof, not containing hormones, steroids ...",0,0,0,0,0,0,0,0,0,0,0,0,,,,,,,,,,,,,,,60,9,0,52,159,103,170,26,24,73,94,52
'300432,"Medicaments containing corticosteroid hormones, their derivatives or structural analogues but ...",0,0,0,0,0,0,0,0,0,0,0,0,,,,,,,,,,,,,,,2711,4746,3666,3605,5211,5029,6293,2224,3484,5193,6055,5523
'300590,"Wadding, gauze, bandages and the like, e.g. dressings, adhesive plasters, poultices, impregnated ...",0,0,0,0,0,0,0,0,0,0,0,0,,,,,,,,,,,,,,,2813,2100,2113,2632,2966,3641,1897,2094,1983,3078,2522,1879
'310260,Double salts and mixtures of calcium nitrate and ammonium nitrate (excl. those in tablets or ...,0,0,0,0,0,0,0,0,0,0,0,0,,,,,,,,,,,,,,,4235,6100,1365,5062,10357,4548,796,931,1011,2154,3084,2579
'310311,"Superphosphates containing by weight => 35 % of diphosphorus pentaoxide ""P2O5"" (excl. such ...",0,0,0,0,0,0,0,0,0,0,0,0,,,,,,,,,,,,,,,0,0,0,139,26,0,3,36,0,0,22,69
'310559,Mineral or chemical fertilisers containing the two fertilising elements nitrogen (excl. nitrate) ...,0,0,0,0,0,0,0,0,0,0,0,0,,,,,,,,,,,,,,,0,33,0,0,451,470,235,0,15,15,58,0
'320120,Wattle extract,0,0,0,0,0,0,0,0,0,0,0,0,,,,,,,,,,,,,,,0,0,0,0,0,0,7,0,3,0,0,0
'320416,Synthetic organic reactive dyes; preparations based on synthetic organic reactive dyes of a ...,0,0,0,0,0,0,0,0,0,0,0,0,,,,,,,,,,,,,,,611,241,212,351,328,161,218,178,319,196,135,105
'320418,Synthetic carotenoid colouring matters and preparations based thereon of a kind used to dye ...,0,0,0,0,0,0,0,0,0,0,0,0,,,,,,,,,,,,,,,135,356,264,423,545,323,542,376,31,297,386,1038
'320620,Pigments and preparations of a kind used for colouring any material or used as ingredients ...,0,0,0,0,0,0,0,0,0,0,0,0,,,,,,,,,,,,,,,92,245,243,289,223,395,146,275,496,83,441,392
'320642,Lithopone and other pigments and preparations based on zinc sulphide of a kind used for colouring ...,0,0,0,0,0,0,0,0,0,0,0,0,,,,,,,,,,,,,,,4,0,0,0,0,0,0,0,0,0,0,0
'320810,"Paints and varnishes, incl. enamels and lacquers, based on polyesters, dispersed or dissolved ...",0,0,0,0,0,0,0,0,0,0,0,0,,,,,,,,,,,,,,,910,1735,717,1072,1605,1259,1433,1298,1169,1383,1593,1168
'320820,"Paints and varnishes, incl. enamels and lacquers, based on acrylic or vinyl polymers, dispersed ...",0,0,0,0,0,0,0,0,0,0,0,0,,,,,,,,,,,,,,,3117,3569,3574,3803,3500,2960,2046,2544,3114,1637,3384,3708
'320910,"Paints and varnishes, incl. enamels and lacquers, based on acrylic or vinyl polymers, dispersed ...",0,0,0,0,0,0,0,0,0,0,0,0,,,,,,,,,,,,,,,735,1165,1183,1089,1229,776,865,1280,1143,817,862,1552
'320990,"Paints and varnishes, incl. enamels and lacquers, based on synthetic or chemically modified ...",0,0,0,0,0,0,0,0,0,0,0,0,,,,,,,,,,,,,,,1562,2941,3071,2805,2286,2726,1879,884,1932,1246,2075,3030
'321410,"Glaziers' putty, grafting putty, resin cements, caulking compounds and other mastics; painters' ...",0,0,2,0,0,0,0,0,0,0,0,0,,,,,,,,,,,,,,,4883,5467,6150,5167,4214,5642,4991,4973,5764,5441,4211,5640
'321511,"Black printing ink, whether or not concentrated or solid",0,0,0,9,0,4,29,45,20,0,16,0,,,,,,,,,,,,,,,1338,1275,1798,1901,1531,1560,1780,1606,1935,1482,1865,1418
'330710,"Shaving preparations, incl. pre-shave and aftershave products",0,0,0,0,0,0,0,0,0,0,0,0,,,,,,,,,,,,,,,286,113,252,283,365,244,168,235,443,418,248,371
'330741,"""Agarbatti"" and other odoriferous preparations which operate by burning",0,0,0,0,0,0,0,0,0,0,0,0,,,,,,,,,,,,,,,244,292,375,429,191,334,121,326,375,265,285,239
'330790,"Depilatories and other perfumery, toilet or cosmetic preparations, n.e.s.",0,0,0,0,0,0,0,0,0,0,0,0,,,,,,,,,,,,,,,785,346,842,283,910,356,637,631,444,532,548,843
'340120,"Soap in the form of flakes, granules, powder, paste or in aqueous solution",0,0,0,0,0,0,0,0,0,0,0,0,,,,,,,,,,,,,,,283,220,278,338,308,200,196,250,128,230,158,361
'340249,"Organic surface-active agents, whether or not put up for retail sale (excl. soap, anionic, ...",0,0,0,0,0,0,0,0,0,0,0,0,,,,,,,,,,,,,,,544,625,976,1564,734,546,682,348,357,419,912,518
'340250,"Surface-active preparations, washing preparations, auxiliary washing preparations and cleaning ...",0,0,0,0,0,0,0,0,0,0,0,0,,,,,,,,,,,,,,,2143,2554,3472,3706,3912,4278,3714,2504,3593,2420,5275,4174
'340399,"Lubricant preparations, incl. cutting-oil preparations, bolt or nut release preparations, anti-rust ...",0,0,0,0,0,0,0,0,0,0,0,0,,,,,,,,,,,,,,,3177,3508,3146,3527,3469,3508,3657,4105,4764,2728,3446,3702
'350190,Caseinates and other casein derivatives; casein glues (excl. those put up for retail sale as ...,0,0,0,0,0,0,0,0,0,0,0,0,,,,,,,,,,,,,,,422,0,587,236,189,394,235,76,950,264,322,104
'350400,"Peptones and their derivatives; other protein substances and their derivatives, n.e.s.; hide ...",0,0,0,0,0,7,0,27,0,0,0,0,,,,,,,,,,,,,,,4296,2412,2764,2327,3879,4705,5202,3751,3828,3168,4998,3336
'360200,Prepared explosives (excl. propellent powders),0,0,0,0,0,0,0,0,0,0,0,0,,,,,,,,,,,,,,,2263,3034,6025,1457,6974,5590,6255,4911,10725,6237,5509,43
'370191,"Photographic plates and film in the flat, sensitised, unexposed, of any material other than ...",0,0,0,0,0,0,0,0,0,0,0,0,,,,,,,,,,,,,,,0,0,0,0,0,12,0,0,0,0,0,0
'370232,"Photographic film ""incl. instant print film"", in rolls, sensitised, unexposed, without perforations, ...",0,0,0,0,0,0,0,0,0,0,0,0,,,,,,,,,,,,,,,2,1,2,71,1,0,0,2,1,66,2,0
'370256,"Photographic film, sensitised, in rolls, unexposed, with perforations, for colour photography ...",0,0,0,0,0,0,0,0,0,0,0,0,,,,,,,,,,,,,,,11,12,13,3,7,25,10,31,31,13,17,7
'370310,"Photographic paper, paperboard and textiles, sensitised, unexposed, in rolls > 610 mm wide",0,0,0,0,0,0,0,0,0,0,0,0,,,,,,,,,,,,,,,0,0,0,0,0,1,4,0,0,1,0,0
'380120,Colloidal or semi-colloidal graphite,0,0,0,0,0,0,0,0,0,0,0,0,,,,,,,,,,,,,,,4,0,9,3,1,3,10,8,1,0,13,3
'380620,"Salts of rosin, of resin acids or of derivatives of rosin or resin acids (excl. salts of rosin ...",0,0,0,0,0,0,0,0,0,0,0,0,,,,,,,,,,,,,,,0,0,0,0,0,0,0,0,1,0,0,0
'380630,Ester gums,0,0,0,0,0,0,0,0,0,0,0,0,,,,,,,,,,,,,,,208,190,47,358,54,326,82,237,279,131,245,44
'380690,"Derivatives of rosin, incl. salts of rosin adducts, and of resin acids, light and heavy resin ...",0,0,0,0,0,0,0,0,0,0,0,0,,,,,,,,,,,,,,,125,84,61,14,89,53,81,38,0,105,74,28
'381129,Prepared additives for oil lubricants not containing petroleum oil or bituminous mineral oil,0,0,0,0,0,0,0,0,0,0,0,0,,,,,,,,,,,,,,,222,74,321,104,131,248,349,152,153,131,269,402
'381519,"Supported catalysts, n.e.s. (excl. with precious metal, a precious-metal compound, nickel or ...",0,0,0,0,0,0,0,0,0,0,0,0,,,,,,,,,,,,,,,3990,8376,5284,9561,10524,7682,3159,2958,7457,5571,8022,7793
'381590,"Reaction initiators, reaction accelerators and catalytic preparations, n.e.s. (excl. rubber ...",0,0,0,0,0,0,0,0,0,0,0,0,,,,,,,,,,,,,,,2352,1309,1373,2978,1922,7987,562,2506,1768,2724,2608,9888
'382370,"Fatty alcohols, industrial",0,0,0,0,0,0,0,0,0,0,0,0,,,,,,,,,,,,,,,1391,1275,848,824,520,1145,934,1148,1304,988,942,1191
'382430,Non-agglomerated metal carbides mixed together or with metallic binders,0,0,0,0,0,0,0,0,0,0,0,0,,,,,,,,,,,,,,,0,0,79,275,0,330,0,271,306,0,1,0
'382549,"Waste organic solvents, non-halogenated",0,0,0,0,0,0,0,0,0,0,0,0,,,,,,,,,,,,,,,0,0,1,0,0,0,1,0,0,0,0,0
'382712,"Mixtures containing hydrobromofluorocarbons ""HBFCs""",0,0,0,0,0,0,0,0,0,0,0,0,,,,,,,,,,,,,,,0,0,0,0,0,0,0,0,0,0,0,0
'390120,"Polyethylene with a specific gravity of >= 0,94, in primary forms",24,16,0,0,17,0,21,0,0,0,0,0,,,,,,,,,,,,,,,14939,11743,21173,15885,15210,11712,9049,10752,13242,11281,11925,9155
'390311,"Expansible polystyrene, in primary forms",0,0,0,0,0,0,0,0,0,0,0,0,,,,,,,,,,,,,,,2221,1662,1621,1774,1406,1721,864,1115,1116,1452,1379,2025
'570390,"Carpet tiles of vegetable textile materials or coarse animal hair, tufted ""needle punched"", ...",32,0,0,0,0,0,0,0,0,0,0,0,,,,,,,,,,,,,,,233,282,171,230,129,287,132,280,165,189,236,171
'570420,"Floor tiles, of felt, not tufted or flocked, with an area of > 0,3 m_ but <= 1 m_",0,0,0,0,0,0,0,0,0,0,0,0,,,,,,,,,,,,,,,0,0,38,0,0,0,0,0,0,0,0,0
'580300,Gauze (excl. narrow woven fabrics of heading 5806),0,0,0,0,0,0,0,0,0,0,0,0,,,,,,,,,,,,,,,10,62,6,0,0,2,1,1,9,67,79,58
'580710,"Labels, badges and similar articles, of textile materials, in the piece, in strips or cut to ...",0,0,0,0,0,0,0,0,0,0,0,0,,,,,,,,,,,,,,,129,135,137,126,154,114,99,129,100,88,160,145
'590290,"Tyre cord fabric of high-tenacity viscose rayon yarn, whether or not dipped in rubber or plastic",0,0,0,0,0,0,0,0,0,0,0,0,,,,,,,,,,,,,,,0,0,143,0,37,5,0,1,0,0,5,58
'590610,"Adhesive tape of rubberised textile fabrics, of a width of <= 20 cm (excl. that impregnated ...",0,0,0,0,0,0,0,0,0,0,0,0,,,,,,,,,,,,,,,276,393,289,522,244,287,145,97,374,152,365,229
'591132,"Textile fabrics and felts, endless or fitted with linking devices, of a kind used in papermaking ...",0,0,0,0,0,0,0,0,0,0,0,0,,,,,,,,,,,,,,,1854,1073,1245,914,1086,1500,1122,1402,1112,1197,1361,2095
'591140,"Filtering or straining cloth of a kind used in oil-presses or for similar technical purposes, ...",0,0,0,0,0,0,0,0,0,0,0,0,,,,,,,,,,,,,,,125,216,519,262,257,482,198,105,402,692,177,323
'600110,"""Long pile"" fabrics, knitted or crocheted",0,0,0,0,0,0,0,0,0,0,0,0,,,,,,,,,,,,,,,1492,2223,805,1194,1111,1651,964,1772,1948,2003,1245,1659
'600122,"Looped pile fabrics of man-made fibres, knitted or crocheted",0,0,0,0,0,0,0,0,0,0,0,0,,,,,,,,,,,,,,,66,149,74,185,84,190,513,445,453,464,148,253
'600240,"Knitted or crocheted fabrics, of a width of <= 30 cm, containing >= 5% by weight elastomeric ...",0,0,0,0,0,0,0,0,0,0,0,0,,,,,,,,,,,,,,,8,1,23,1,20,50,38,1,6,2,5,2
'600290,"Knitted or crocheted fabrics, of a width of <= 30 cm, containing >= 5% by weight elastomeric ...",0,0,0,0,0,0,0,7,0,0,0,0,,,,,,,,,,,,,,,86,83,141,22,99,90,34,48,165,133,94,27
'600522,"Dyed cotton warp knit fabrics ""incl. those made on galloon knitting machines"", of a width of ...",0,0,0,0,0,0,0,0,0,0,0,0,,,,,,,,,,,,,,,33,4,43,18,25,18,94,14,2,0,15,83
'600524,"Printed cotton warp knit fabrics ""incl. those made on galloon knitting machines"", of a width ...",0,0,0,0,0,0,0,0,0,0,0,0,,,,,,,,,,,,,,,0,28,0,0,0,0,1,0,0,0,0,0
'600536,"Unbleached or bleached warp knit fabrics of synthetic fibres ""incl. those made on galloon knitting ...",0,0,0,0,0,0,0,0,0,0,0,0,,,,,,,,,,,,,,,249,551,700,358,1259,1452,1148,1320,988,552,886,220
'600634,"Printed fabrics, knitted or crocheted, of synthetic fibres, of a width of > 30 cm (excl. warp ...",0,0,0,0,0,0,0,0,0,0,0,0,,,,,,,,,,,,,,,331,165,285,283,217,314,356,191,201,245,141,152
'600643,"Fabrics, knitted or crocheted, of artificial fibres, of yarns of different colours, of a width ...",0,0,0,0,0,0,0,0,0,0,0,0,,,,,,,,,,,,,,,1,1,1,1,1,2,1,2,0,0,0,0
'470311,"Unbleached coniferous chemical wood pulp, soda or sulphate (excl. dissolving grades)",0,0,0,0,0,0,0,0,0,0,0,0,,,,,,,,,,,,,,,1005,507,486,486,195,0,545,461,284,402,513,196
'480256,"Uncoated paper and paperboard, of a kind used for writing, printing or other graphic purposes, ...",0,0,0,0,0,0,0,0,0,0,0,0,,,,,,,,,,,,,,,1610,606,447,3790,1407,2553,788,1184,1030,1308,3047,1446
'480258,"Uncoated paper and paperboard, of a kind used for writing, printing or other graphic purposes, ...",0,0,0,0,0,0,0,0,0,0,0,0,,,,,,,,,,,,,,,279,469,538,536,399,289,651,743,324,527,243,245
'480431,"Unbleached kraft paper and paperboard, uncoated, in rolls of a width > 36 cm or in square or ...",0,0,0,0,0,0,0,0,0,0,0,0,,,,,,,,,,,,,,,980,970,1175,1416,1072,1596,1340,910,1008,1233,1176,624
'480511,"Semi-chemical fluting paper, uncoated, in rolls of a width > 36 cm",0,0,0,0,0,0,0,0,0,0,0,0,,,,,,,,,,,,,,,242,0,0,1,1331,1055,463,1309,2037,745,1490,2572
'480591,"Paper and paperboard, uncoated, in rolls of a width > 36 cm or in square or rectangular sheets ...",0,0,0,0,0,0,0,0,0,0,0,0,,,,,,,,,,,,,,,975,617,908,854,1149,1313,207,252,711,494,359,391
'480630,"Tracing papers, in rolls of a width > 36 cm or in square or rectangular sheets with one side ...",0,0,0,0,0,0,0,0,0,0,0,0,,,,,,,,,,,,,,,0,3,6,2,2,3,0,2,2,0,4,0
'480920,"Self-copy paper, whether or not printed, in rolls of a width > 36 cm or in square or rectangular ...",0,0,0,0,0,0,0,0,0,0,0,0,,,,,,,,,,,,,,,755,1256,828,1069,661,865,768,1484,590,800,771,920
'481032,"Kraft paper and paperboard, bleached uniformly throughout the mass and containing > 95% chemically ...",0,0,0,0,0,0,0,0,0,0,0,0,,,,,,,,,,,,,,,386,507,432,603,532,828,894,433,930,862,605,738
'481151,"Paper and paperboard, surface-coloured, surface-decorated or printed, coated, impregnated or ...",0,0,0,0,0,0,0,0,0,0,0,0,,,,,,,,,,,,,,,4415,4641,6237,6732,4452,6346,5446,5119,6030,4885,5431,5103
'481200,"Filter blocks, slabs and plates, of paper pulp",0,0,0,0,0,0,0,0,0,0,0,0,,,,,,,,,,,,,,,126,152,409,13,315,199,158,251,223,276,53,81
'481390,"Cigarette paper, whether or not cut to size (excl. in the form of booklets or tubes, and rolls ...",0,0,0,0,0,0,0,0,0,0,0,0,,,,,,,,,,,,,,,887,676,801,2401,1213,1547,1312,325,2477,1291,1104,1904
'481710,Envelopes of paper or paperboard (excl. letter cards),0,0,0,0,0,0,0,0,0,0,0,0,,,,,,,,,,,,,,,50,107,46,52,69,59,38,93,67,39,68,47
'481810,Toilet paper in rolls of a width of <= 36 cm,0,0,0,0,0,0,0,0,0,0,0,0,,,,,,,,,,,,,,,87,35,16,134,109,220,89,114,78,86,91,185
'481960,"Box files, letter trays, storage boxes and similar articles, of paperboard, of a kind used ...",0,0,0,1,0,0,0,0,0,0,0,0,,,,,,,,,,,,,,,78,49,93,89,164,137,94,47,84,105,61,261
'482369,"Trays, dishes, plates, cups and the like, of paper or paperboard (excl. of bamboo paper or ...",0,0,35,18,0,16,16,18,0,17,0,0,,,,,,,,,,,,,,,570,763,892,671,853,894,857,1130,755,603,712,694
'490300,"Children's picture, drawing or colouring books",0,0,0,16,0,0,0,0,10,0,11,0,,,,,,,,,,,,,,,395,366,412,575,1000,472,410,310,293,263,295,369
'490590,"Maps and hydrographic or similar charts of all kinds, incl. atlases, wall maps, topographical ...",0,0,0,0,0,0,0,0,0,0,0,0,,,,,,,,,,,,,,,8,11,35,25,22,7,8,11,11,20,3,23
'660191,Umbrellas having a telescopic shaft (excl. toy umbrellas),0,0,0,0,0,0,0,0,0,0,0,0,,,,,,,,,,,,,,,51,95,135,148,125,71,102,83,90,132,40,48
'621490,"Shawls, scarves, mufflers, mantillas, veils and similar articles of textile materials (excl. ...",0,0,0,0,0,0,0,0,0,0,0,0,,,,,,,,,,,,,,,80,92,74,45,68,84,48,83,69,128,67,55
'630590,"Sacks and bags, for the packing of goods, of textile materials (excl. man-made, cotton, jute ...",0,0,0,0,0,0,0,0,0,0,0,0,,,,,,,,,,,,,,,54,27,29,19,29,70,44,17,37,26,30,37
'630900,"Worn clothing and clothing accessories, blankets and travelling rugs, household linen and articles ...",0,0,0,0,0,0,0,0,0,0,0,0,,,,,,,,,,,,,,,877,598,796,291,345,289,129,267,410,315,499,582
'631010,"Used or new rags, scrap twine, cordage, rope and cables and worn-out articles thereof, of textile ...",0,0,0,0,0,0,0,0,0,0,0,0,,,,,,,,,,,,,,,125,113,182,130,117,172,94,88,136,99,302,241
'392310,"Boxes, cases, crates and similar articles for the conveyance or packaging of goods, of plastics",0,0,0,4,0,0,0,0,0,0,0,0,,,,,,,,,,,,,,,1743,1751,3671,2485,2913,2908,3677,3272,3043,2599,1940,2084
'620721,"Men's or boys' nightshirts and pyjamas of cotton (excl. knitted or crocheted, vests, singlets ...",0,0,0,0,0,0,0,0,0,0,0,0,,,,,,,,,,,,,,,38,107,177,117,101,100,70,99,92,76,75,106
'620799,"Men's or boys' singlets and other vests, bathrobes and dressing gowns of textile materials ...",1,0,0,0,0,0,0,0,0,0,0,0,,,,,,,,,,,,,,,15,25,8,17,27,70,21,10,17,24,81,29
'620819,"Women's or girls' slips and petticoats of textile materials (excl. man-made fibres, knitted ...",0,0,0,0,0,0,0,0,0,0,0,0,,,,,,,,,,,,,,,0,0,1,21,3,3,34,17,1,1,1,0
'621120,Ski suits (excl. knitted or crocheted),0,0,0,0,0,0,0,0,0,0,0,0,,,,,,,,,,,,,,,0,0,2,4,1,5,5,1,2,2,0,0
'621139,"Men's or boys' tracksuits and other garments, n.e.s. of textile materials (excl. of cotton ...",0,0,0,0,0,0,0,0,0,0,0,0,,,,,,,,,,,,,,,50,34,24,39,49,98,87,38,59,70,125,83
'450110,"Natural cork, raw or simply prepared ""merely surface-worked or otherwise cleaned""",0,0,0,0,0,0,0,0,0,0,0,0,,,,,,,,,,,,,,,0,0,0,0,12,0,0,0,8,13,11,0
'450410,"Tiles of any shape, blocks, plates, sheets and strip, solid cylinders, incl. discs, of agglomerated ...",0,0,0,0,0,0,0,0,0,0,0,0,,,,,,,,,,,,,,,322,196,247,665,635,101,367,532,295,313,393,824
'450490,"Agglomerated cork, with or without a binding substance, and articles of agglomerated cork (excl. ...",0,0,0,0,0,0,0,0,0,0,0,0,,,,,,,,,,,,,,,122,10,24,33,35,46,80,42,19,130,48,63
'460193,"Plaits and similar products, of rattan plaiting materials, whether or not assembled into strips; ...",0,0,19,0,0,2,2,0,0,0,23,0,,,,,,,,,,,,,,,10,28,28,22,30,70,4,14,34,17,32,19
'441829,"Doors and their frames and thresholds, of wood (excl. of tropical wood)",0,0,0,0,0,0,0,0,0,0,0,0,,,,,,,,,,,,,,,207,204,273,352,238,372,227,328,681,317,275,189
'441879,"Flooring panels, assembled, of wood other than bamboo (excl. multilayer panels and panels for ...",0,0,0,0,0,0,0,0,0,0,0,0,,,,,,,,,,,,,,,59,203,85,137,16,212,4,25,127,170,85,81
'441881,"Glue-laminated timber ""glulam""",0,0,0,0,0,0,0,0,0,0,0,0,,,,,,,,,,,,,,,0,0,0,0,0,0,19,0,0,0,0,0
'441883,"I beams, of wood",0,0,0,0,0,0,0,0,0,0,0,0,,,,,,,,,,,,,,,67,33,0,9,8,0,32,2,6,0,0,116
'441891,"Builders' joinery and carpentry, of bamboo (excl. windows, French windows and their frames, ...",0,0,0,0,0,0,0,0,0,0,0,0,,,,,,,,,,,,,,,0,1,0,1,0,0,0,0,0,0,6,0
'441911,"Bread boards, chopping boards and similar boards, of bamboo",0,0,0,0,0,0,0,0,0,0,22,0,,,,,,,,,,,,,,,62,56,50,19,15,108,57,42,54,46,102,24
'610190,"Overcoats, car coats, capes, cloaks, anoraks, incl. ski jackets, windcheaters, wind-jackets ...",0,0,0,0,0,0,0,0,0,0,0,0,,,,,,,,,,,,,,,177,102,130,95,45,34,22,35,71,108,47,214
'610332,"Men's or boys' jackets and blazers of cotton, knitted or crocheted (excl. wind-jackets and ...",0,0,0,1,0,0,0,0,0,0,0,0,,,,,,,,,,,,,,,244,124,62,153,56,30,47,67,41,150,171,77
'610431,"Women's or girls' jackets and blazers of wool or fine animal hair, knitted or crocheted (excl. ...",0,0,0,0,0,0,0,0,0,0,0,0,,,,,,,,,,,,,,,1,1,4,2,0,1,0,2,0,4,15,4
'610839,"Women's or girls' nightdresses and pyjamas of textile materials, knitted or crocheted (excl. ...",0,0,0,0,0,0,0,0,0,0,0,0,,,,,,,,,,,,,,,88,68,128,266,209,385,188,375,136,297,262,160
'610891,"Women's or girls' nŽgligŽs, bathrobes, dressing gowns, housejackets and similar articles of ...",0,0,0,0,1,1,0,0,0,0,0,0,,,,,,,,,,,,,,,5,71,86,52,49,19,19,67,15,18,15,40
'611599,"Full-length or knee-length stockings, socks and other hosiery, incl. footwear without applied ...",0,0,0,1,0,0,1,0,0,0,0,0,,,,,,,,,,,,,,,464,423,346,298,275,449,325,352,302,394,349,223
'611692,"Gloves, mittens and mitts, of cotton, knitted or crocheted (excl. impregnated, coated, covered ...",0,0,0,0,0,0,0,0,0,0,0,0,,,,,,,,,,,,,,,74,46,54,35,145,130,119,52,109,42,104,35
'611699,"Gloves, mittens and mitts, of textile materials, knitted or crocheted (excl. of wool, fine ...",0,0,0,0,0,0,0,0,0,0,0,0,,,,,,,,,,,,,,,70,73,127,72,119,57,51,43,77,88,139,46
'620329,"Men's or boys' ensembles of textile materials (excl. of cotton or synthetic fibres, knitted ...",0,0,0,0,0,0,0,0,0,0,0,0,,,,,,,,,,,,,,,366,225,340,249,512,457,412,163,227,195,644,254
'620429,"Women's or girls' ensembles of textile materials (excl. of wool, fine animal hair, cotton or ...",0,0,0,0,0,0,0,0,0,0,0,0,,,,,,,,,,,,,,,28,112,75,87,96,91,67,58,77,128,50,97
'701400,"Signalling glassware and optical elements of glass, not optically worked (excl. clock or watch ...",0,0,0,0,0,0,0,0,0,0,0,0,,,,,,,,,,,,,,,17,108,44,123,9,21,22,6,15,31,17,29
'701919,"Glass fibre cakes ""textile cakes"" and chopped glass fibre strands of a length >50mm",0,0,0,0,0,0,0,0,0,0,0,0,,,,,,,,,,,,,,,151,233,127,173,218,154,241,212,290,195,91,214
'701964,"Closed woven fabrics, plain weave, of glass fibre yarns, coated or laminated",0,0,0,0,0,0,0,0,0,0,0,0,,,,,,,,,,,,,,,53,59,81,75,128,81,27,5,8,77,38,144
'701973,Chemically bonded open fabrics of glass fibres (excl. veils),0,0,0,0,0,0,0,0,0,0,0,0,,,,,,,,,,,,,,,26,8,8,10,5,18,18,4,3,3,5,15
'710421,"Diamonds, synthetic or reconstructed, unworked or simply sawn or roughly shaped",0,0,0,0,0,0,0,0,0,0,0,0,,,,,,,,,,,,,,,4,9,8,8,3,28,9,5,3,2,7,13
'710510,"Dust and powder of diamonds, incl. synthetic diamonds",0,0,0,0,0,0,0,0,0,0,0,0,,,,,,,,,,,,,,,255,111,122,192,305,205,137,182,216,205,461,245
'711320,"Articles of jewellery and parts thereof, of base metal clad with precious metal (excl. articles ...",0,0,0,0,0,0,0,0,0,0,0,0,,,,,,,,,,,,,,,17,97,57,15,40,101,82,30,44,19,70,57
'711411,"Articles of goldsmiths' or silversmiths' wares or parts thereof, of silver, whether or not ...",0,0,0,0,0,0,0,0,0,0,0,0,,,,,,,,,,,,,,,4,0,0,3,1,1,37,2,7,17,9,1
'711510,"Catalysts in the form of wire cloth or grill, of platinum",0,0,0,0,0,0,0,0,0,0,0,0,,,,,,,,,,,,,,,142,4995,0,0,1192,0,83,1,0,1,0,224
'711590,"Articles of precious metal or of metal clad with precious metal, n.e.s.",0,0,0,0,0,0,0,0,0,0,0,0,,,,,,,,,,,,,,,64,59,31,26,3017,94,114,81,8,38,192,119
'720260,Ferro-nickel,0,0,0,0,0,0,0,0,0,0,0,0,,,,,,,,,,,,,,,0,0,0,0,0,0,761,675,1419,3408,2279,0
'720280,Ferro-tungsten and ferro-silico-tungsten,0,0,0,0,0,0,0,0,0,0,0,0,,,,,,,,,,,,,,,0,0,0,0,207,0,0,0,0,0,0,0
'720826,"Flat-rolled products of iron or non-alloy steel, of a width of >= 600 mm, in coils, simply ...",0,0,0,0,0,0,0,0,0,0,0,0,,,,,,,,,,,,,,,140,1813,1223,1164,1619,269,1586,0,255,1200,442,1613
'720837,"Flat-rolled products of iron or non-alloy steel, of a width of >= 600 mm, in coils, simply ...",0,0,443,0,0,0,0,0,0,0,0,0,,,,,,,,,,,,,,,0,0,443,2835,1967,1339,1068,0,1069,0,112,1736
'720918,"Flat-rolled products of iron or non-alloy steel, of a width of >= 600 mm, in coils, simply ...",0,0,0,0,0,0,0,0,0,0,0,0,,,,,,,,,,,,,,,154,348,2375,273,165,798,0,300,343,41,4729,608
'720928,"Flat-rolled products of iron or non-alloy steel, of a width of >= 600 mm, not in coils, simply ...",0,0,0,0,0,0,0,0,0,0,0,0,,,,,,,,,,,,,,,4,161,89,222,370,75,85,350,0,0,311,4
'721070,"Flat products of iron or non-alloy steel, of a width of >= 600 mm, hot-rolled or cold-rolled ...",0,0,0,0,0,0,0,0,0,0,0,0,,,,,,,,,,,,,,,5925,4294,10715,11685,7219,8940,9124,6263,7622,6521,6474,9291
'721220,"Flat-rolled products of iron or non-alloy steel, of a width of < 600 mm, hot-rolled or cold-rolled ...",0,0,0,0,0,0,0,0,0,0,0,0,,,,,,,,,,,,,,,7,1,114,127,18,172,8,102,261,85,88,35
'721912,"Flat-rolled products of stainless steel, of a width of>= 600 mm, not further worked than hot-rolled, ...",0,0,0,0,0,0,0,0,0,0,0,0,,,,,,,,,,,,,,,427,151,16,0,76,16,19,0,0,0,35,0
'722220,"Other bars and rods of stainless steel, not further worked than cold-formed or cold-finished",0,0,0,0,0,0,0,0,0,0,0,0,,,,,,,,,,,,,,,818,1208,995,1386,1064,674,568,710,379,500,666,285
'722410,"Steel, alloy, other than stainless, in ingots or other primary forms (excl. waste and scrap ...",0,0,0,0,0,0,0,0,0,0,0,0,,,,,,,,,,,,,,,175,34,297,98,296,91,244,83,70,164,49,57
'722591,"Flat-rolled products of alloy steel other than stainless, of a width of >= 600 mm, hot-rolled ...",0,0,0,0,0,0,0,0,0,0,0,0,,,,,,,,,,,,,,,871,805,0,1150,563,635,301,197,1029,1171,3662,0
'722691,"Flat-rolled products of alloy steel other than stainless, of a width of < 600 mm, not further ...",0,0,0,0,0,0,0,0,0,0,0,0,,,,,,,,,,,,,,,29,31,32,62,42,20,41,18,106,36,11,15
'722840,"Bars and rods of alloy steel other than stainless, not further worked than forged (excl. products ...",0,0,0,0,0,0,0,0,0,0,0,0,,,,,,,,,,,,,,,475,126,586,667,145,781,529,529,421,517,210,578
'722850,"Bars and rods of alloy steel other than stainless, not further worked than cold-formed or cold-finished ...",0,0,0,0,0,0,0,0,0,0,0,0,,,,,,,,,,,,,,,577,940,876,776,587,375,678,624,340,138,112,613
'730422,"Drill pipe, seamless, of stainless steel, of a kind used in drilling for oil or gas",0,0,0,0,0,0,0,0,0,0,0,0,,,,,,,,,,,,,,,0,0,4,2,0,0,0,12,0,1,0,0
'730459,"Tubes, pipes and hollow profiles, seamless, of circular cross-section, of alloy steel other ...",0,0,0,0,0,0,0,0,0,0,0,0,,,,,,,,,,,,,,,1972,192,1679,1441,794,1512,2471,1692,1076,1242,758,1076
'730490,"Tubes, pipes and hollow profiles, seamless, of non-circular cross-section, of iron or steel ...",0,0,0,0,0,0,0,0,0,0,0,0,,,,,,,,,,,,,,,277,242,209,287,72,178,199,791,318,178,117,177
'730511,"Line pipe of a kind used for oil or gas pipelines, having circular cross-sections and an external ...",0,0,0,0,0,0,0,0,0,0,0,0,,,,,,,,,,,,,,,0,0,28,0,0,35,19,19,21,0,159,98
'730621,"Casing and tubing of a kind used in drilling for oil or gas, welded, of flat-rolled products ...",0,0,0,0,0,0,0,0,0,0,0,0,,,,,,,,,,,,,,,0,1,6,98,88,1,4,0,0,0,1,1
'730723,Butt welding tube or pipe fittings of stainless steel (excl. cast products),0,0,0,0,0,0,0,0,0,0,0,0,,,,,,,,,,,,,,,304,138,261,179,137,263,191,64,255,96,189,110
'730729,"Tube or pipe fittings of stainless steel (excl. cast products, flanges, threaded elbows, bends ...",0,0,0,0,0,0,0,0,0,0,0,0,,,,,,,,,,,,,,,683,514,923,941,975,900,439,664,846,558,756,380
'730793,"Butt welding fittings of iron or steel (excl. cast iron or stainless steel products, and flanges)",0,0,0,0,0,0,0,0,0,0,0,0,,,,,,,,,,,,,,,330,181,618,198,272,611,419,433,492,310,494,117
'730830,"Doors, windows and their frames and thresholds for doors, of iron or steel",0,0,0,0,0,0,0,0,0,0,0,0,,,,,,,,,,,,,,,158,302,352,291,514,354,482,315,303,501,690,227
'730890,"Structures and parts of structures, of iron or steel, n.e.s. (excl. bridges and bridge-sections, ...",128,0,28,0,7,0,0,21,14,0,0,0,,,,,,,,,,,,,,,6068,4212,7020,8929,8763,8554,4286,8007,7006,5915,6129,6093
'731439,"Grill, netting and fencing, of iron or steel wire, welded at the intersection (excl. products ...",0,0,0,0,0,0,0,0,0,0,0,0,,,,,,,,,,,,,,,126,344,128,150,329,675,649,329,343,214,267,319
'731589,"Chain of iron or steel (excl. articulated link chain, skid chain, stud-link chain, welded link ...",0,0,0,0,0,0,0,0,0,0,0,0,,,,,,,,,,,,,,,493,771,525,519,516,672,355,392,664,177,481,359
'731940,"Safety pins and other pins of iron or steel, n.e.s.",0,0,0,0,0,0,0,0,0,0,0,0,,,,,,,,,,,,,,,151,266,242,239,213,404,230,341,224,254,196,139
'732010,"Leaf-springs and leaves therefor, of iron or steel (excl. clock and watch springs and shock ...",0,0,0,0,0,0,1,0,0,0,0,0,,,,,,,,,,,,,,,1200,817,1047,1181,1248,1360,1760,1289,1566,1357,1745,1271
'732393,"Table, kitchen or other household articles, and parts thereof, of stainless steel (excl. cans, ...",4,1,0,69,0,0,10,0,6,0,1,0,,,,,,,,,,,,,,,2377,2697,2244,2571,2506,2697,2265,2439,2528,2443,2791,1981
'732394,"Table, kitchen or other household articles, and parts thereof, of iron other than cast iron ...",0,0,0,0,0,0,0,0,0,0,0,0,,,,,,,,,,,,,,,418,571,490,874,559,486,556,452,284,294,370,306
'740329,"Copper alloys unwrought (excl. copper-zinc base alloys ""brass"", copper-tin base alloys ""bronze"", ...",0,0,0,0,0,0,0,0,0,0,0,0,,,,,,,,,,,,,,,19,6,44,1,3,15,72,0,16,46,4,34
'740500,"Master alloys of copper (excl. phosphorus-copper compounds ""copper phosphide"" containing by ...",0,0,0,0,0,0,0,0,0,0,0,0,,,,,,,,,,,,,,,86,535,0,90,0,146,0,1,0,97,0,183
'740929,"Plates, sheets and strip, of copper-zinc base alloys ""brass"", of a thickness of > 0,15 mm, ...",0,0,0,0,0,0,0,0,0,0,0,0,,,,,,,,,,,,,,,7,210,189,243,751,545,499,0,74,52,883,328
'741012,"Copper alloy foil, not backed, of a thickness of <= 0,15 mm (excl. stamping foils of heading ...",0,0,0,0,0,0,0,0,0,0,0,0,,,,,,,,,,,,,,,35,0,27,179,14,0,20,3,15,0,116,0
'741122,"Tubes and pipes of copper-nickel base alloys ""cupro-nickel"" or copper-nickel-zinc base alloys ...",0,0,0,0,0,0,0,0,0,0,0,0,,,,,,,,,,,,,,,12,1,175,82,182,249,0,148,69,105,7,194
'741920,"Articles of copper, cast, moulded, stamped or forged, but not further worked, n.e.s.",0,0,0,0,0,0,0,0,0,0,0,0,,,,,,,,,,,,,,,81,18,115,78,64,92,11,23,24,31,18,5
'750400,"Powders and flakes, of nickel (excl. nickel oxide sinters)",0,0,0,0,0,0,0,0,0,0,0,0,,,,,,,,,,,,,,,54,17,106,161,58,10,162,94,143,114,22,60
'750511,"Bars, rods, profiles and wire, of non-alloy nickel, n.e.s. (excl. electrically insulated products)",0,0,0,0,0,0,0,0,0,0,0,0,,,,,,,,,,,,,,,5,0,0,3,1,5,0,1,3,0,0,0
'750522,Wire of nickel alloys (excl. electrically insulated products),0,0,0,0,0,0,0,0,0,0,0,0,,,,,,,,,,,,,,,82,152,131,43,29,84,62,97,89,101,100,73
'760519,"Wire of non-alloy aluminium, with a maximum cross-sectional dimension of <= 7 mm (other than ...",0,0,0,0,0,0,0,0,0,0,0,0,,,,,,,,,,,,,,,6,1,206,190,17,55,70,11,70,309,57,1
'760521,"Wire of aluminium alloys, with a maximum cross-sectional dimension of > 7 mm (excl. stranded ...",0,0,0,0,0,0,0,0,0,0,0,0,,,,,,,,,,,,,,,191,248,171,220,80,357,365,269,415,1484,357,188
'760612,"Plates, sheets and strip, of aluminium alloys, of a thickness of > 0,2 mm, square or rectangular ...",0,0,0,0,0,0,0,0,0,0,0,0,,,,,,,,,,,,,,,4094,13913,14332,10606,6346,13581,8110,9463,10347,13761,11939,5676
'760692,"Plates, sheets and strip, of aluminium alloys, of a thickness of > 0,2 mm (other than square ...",0,0,0,0,0,0,0,0,0,0,0,0,,,,,,,,,,,,,,,10267,4800,8367,6754,3990,6728,6383,11228,3985,8436,16322,11192
'761510,"Table, kitchen or other household articles and parts thereof, and pot scourers and scouring ...",0,0,0,0,0,0,0,0,11,0,0,0,,,,,,,,,,,,,,,1641,2687,2010,1746,1329,2231,1292,2392,2261,1577,2722,3618
'761610,"Nails, tacks, staples, screws, bolts, nuts, screw hooks, rivets, cotters, cotter pins, washers ...",0,0,0,0,0,0,0,0,0,1,0,0,,,,,,,,,,,,,,,105,118,203,219,157,193,211,66,179,128,198,185
'790120,Unwrought zinc alloys,0,0,0,0,0,0,0,0,0,0,0,0,,,,,,,,,,,,,,,2205,0,0,0,5,0,101,0,0,2,0,0
'790200,"Zinc waste and scrap (excl. ash and residues from zinc production ""heading 2620"", ingots and ...",0,0,0,0,0,0,0,0,0,0,0,0,,,,,,,,,,,,,,,1,271,118,4,2,0,59,2,1,0,63,128
'810210,Molybdenum powders,0,0,0,0,0,0,0,0,0,0,0,0,,,,,,,,,,,,,,,68,0,0,0,0,0,0,1,0,0,0,49
'810890,"Articles of titanium, n.e.s.",0,0,0,0,0,0,1,0,0,0,0,0,,,,,,,,,,,,,,,112,442,527,236,770,558,375,770,711,667,650,732
'811231,"Unwrought hafnium and hafnium waste, scrap and powders (excl. ashes and residues)",0,0,0,0,0,0,0,0,0,0,0,0,,,,,,,,,,,,,,,0,0,0,0,0,0,0,0,0,0,0,0
'830621,"Statuettes and other ornaments, of base metal, plated with precious metal (excl. works of art, ...",0,0,0,0,0,0,0,0,0,0,0,0,,,,,,,,,,,,,,,1,2,2,5,2,17,7,3,7,3,9,3
'830810,"Hooks, eyes and eyelets, of base metal, of a kind used for clothing, footwear, awnings, handbags, ...",0,0,0,0,0,0,2,0,0,0,0,0,,,,,,,,,,,,,,,251,264,356,271,313,462,185,232,269,216,169,306
'831130,"Coated rods and cored wire, of base metal, for soldering, brazing or welding by flame (excl. ...",0,0,0,0,0,0,0,0,0,0,0,0,,,,,,,,,,,,,,,649,404,482,170,462,480,180,198,279,256,270,361
'840211,Watertube boilers with a steam production > 45 t/hour,0,0,0,0,0,0,0,0,0,0,0,0,,,,,,,,,,,,,,,1,2,12,0,0,0,68,0,0,0,31,34
'840410,"Auxiliary plant for use with boilers of heading 8402 or 8403, e.g. economizers, superheaters, ...",0,0,0,0,0,8,0,0,0,0,0,0,,,,,,,,,,,,,,,73,18,14,19,799,220,82,21,3,48,23,0
'840610,Steam and other vapour turbines for marine propulsion,0,0,0,0,0,0,0,0,0,0,0,0,,,,,,,,,,,,,,,0,0,5,0,1,0,0,0,0,0,0,0
'840733,"Spark-ignition reciprocating piston engine, of a kind used for vehicles of chapter 87, of a ...",0,0,0,0,0,0,0,0,0,0,0,0,,,,,,,,,,,,,,,30,21,15,25,16,7,16,9,45,0,56,25
'841221,"Hydraulic power engines and motors, linear acting ""cylinders""",0,0,0,0,0,0,0,0,0,3,0,0,,,,,,,,,,,,,,,4629,3647,4764,5831,6496,5724,6460,4262,5714,5230,5407,7192
'841320,Hand pumps for liquids (excl. those of subheading 8413.11 and 8413.19),0,0,0,0,0,0,0,0,0,0,0,0,,,,,,,,,,,,,,,294,489,693,470,328,471,491,498,670,518,417,341
'820291,"Straight saw blades, of base metal, for working metal",0,0,0,0,0,0,0,0,0,0,0,0,,,,,,,,,,,,,,,44,15,27,41,38,64,112,36,89,50,99,83
'820310,"Files, rasps and similar hand tools of base metal",0,0,0,0,0,0,0,0,0,0,0,0,,,,,,,,,,,,,,,59,106,132,108,99,109,161,113,156,115,206,93
'820530,"Planes, chisels, gouges and similar cutting tools for working wood",0,0,0,0,0,0,0,0,0,0,0,0,,,,,,,,,,,,,,,37,111,45,60,78,100,78,49,74,38,56,59
'820540,Hand-operated screwdrivers,0,0,0,0,0,0,0,0,1,0,0,0,,,,,,,,,,,,,,,313,298,508,362,341,331,318,340,236,307,251,224
'820590,Anvils; portable forges; hand- or pedal-operated grinding wheels with frameworks; sets of articles ...,0,0,0,0,0,0,0,0,0,0,0,0,,,,,,,,,,,,,,,129,82,259,202,66,151,148,195,138,100,110,88
'820720,Interchangeable dies for drawing or extruding metal,0,0,0,0,0,0,0,0,0,0,0,0,,,,,,,,,,,,,,,284,303,5348,8649,323,270,281,452,449,101,411,284
'821290,Parts of non-electric razors of base metal (excl. safety razor blades and razor blade blanks ...,0,0,0,0,0,0,0,0,0,0,0,0,,,,,,,,,,,,,,,2,2,1,1,2,12,1,3,2,5,1,1
'830110,Padlocks of base metal,0,0,0,0,0,0,0,1,0,0,0,0,,,,,,,,,,,,,,,999,1113,900,1414,1211,995,1767,1134,1406,1245,1389,812
'830210,"Hinges of all kinds, of base metal",0,0,1,0,2,3,0,0,4,0,0,0,,,,,,,,,,,,,,,1666,1420,1556,1360,1981,1793,1636,1767,1672,1563,1646,1212
'701010,Glass ampoules,0,0,0,0,0,0,0,0,0,0,0,0,,,,,,,,,,,,,,,89,60,82,108,147,79,116,10,7,70,105,98
'700210,"Glass in balls, unworked (excl. glass microspheres <= 1 mm in diameter, glass balls of the ...",0,0,0,0,0,0,0,0,0,0,0,0,,,,,,,,,,,,,,,0,12,0,1,2,1,2,5,12,2,0,0
'700239,"Tubes of glass, unworked (excl. tubes of glass having a linear coefficient of expansion <= ...",0,0,0,0,0,0,0,0,0,0,0,0,,,,,,,,,,,,,,,38,28,11,7,5,16,8,34,3,15,8,1
'700490,"Sheets of glass, drawn or blown, but not otherwise worked (excl. glass coloured throughout ...",0,0,0,0,0,0,0,0,0,0,0,0,,,,,,,,,,,,,,,0,2,4,1,1,2,1,7,5,1,1,0
'700600,"Sheets or profiles of glass, whether or not having an absorbent, reflecting or non-reflecting ...",0,0,0,0,0,0,0,0,0,0,0,0,,,,,,,,,,,,,,,194,139,138,133,124,90,152,284,352,152,101,130
'680210,"Tiles, cubes and other processed articles of natural stone, incl. slate, for mosaics and the ...",5,14,0,6,0,0,0,10,0,19,16,0,,,,,,,,,,,,,,,23,64,6,42,38,52,40,33,32,137,69,16
'680223,"Granite and articles thereof, simply cut or sawn, with a flat or even surface (excl. with a ...",0,0,0,0,0,0,0,0,0,11,0,0,,,,,,,,,,,,,,,216,166,205,254,266,197,321,153,64,295,220,395
'680229,"Monumental or building stone and articles thereof, simply cut or sawn, with a flat or even ...",0,4,0,0,0,0,0,0,0,0,0,0,,,,,,,,,,,,,,,77,66,178,50,62,146,268,161,61,157,138,108
'681299,Fabricated asbestos fibres; mixtures with a basis of asbestos or with a basis of asbestos and ...,0,0,0,0,0,0,0,0,0,0,0,0,,,,,,,,,,,,,,,4,1,2,6,5,8,2,4,2,0,7,3
'681389,"Friction material and articles thereof, e.g. sheets, rolls, strips, segments, discs, washers ...",0,0,0,0,0,0,0,0,0,0,0,0,,,,,,,,,,,,,,,549,444,578,550,453,809,327,581,523,382,425,807
'681410,"Plates, sheets and strips of agglomerated or reconstituted mica, whether or not on a support ...",0,0,0,0,0,0,0,0,0,0,0,0,,,,,,,,,,,,,,,174,109,79,245,152,80,47,33,113,47,96,137
'690290,"Refractory bricks, blocks, tiles and similar refractory ceramic constructional goods (excl. ...",0,0,0,0,0,0,0,0,0,0,0,0,,,,,,,,,,,,,,,1821,3265,1640,1620,1523,2418,1911,2872,3011,608,755,521
'690410,"Building bricks (excl. those of siliceous fossil meals or similar siliceous earths, and refractory ...",0,0,0,0,0,0,0,0,0,0,0,0,,,,,,,,,,,,,,,96,31,45,25,61,0,0,8,7,4,10,0
'690600,"Ceramic pipes, conduits, guttering and pipe fittings (excl. of siliceous fossil meals or similar ...",0,0,0,0,0,0,0,0,0,0,0,0,,,,,,,,,,,,,,,1,41,248,196,128,71,289,20,110,27,0,25
'690740,Finishing ceramics (excl. refractory),0,0,0,0,0,0,13,0,0,16,5,0,,,,,,,,,,,,,,,1718,1814,2105,2033,2444,1852,157,54,139,57,39,52
'690912,"Ceramic articles having a hardness equivalent to >= 9 on the Mohs scale, for chemical or other ...",0,0,0,0,0,0,0,0,0,0,0,0,,,,,,,,,,,,,,,365,104,160,328,354,226,309,249,179,175,89,454
'691410,"Ceramic articles of porcelain or china, n.e.s.",0,0,0,0,0,0,0,0,0,0,0,0,,,,,,,,,,,,,,,23,4,2,2,9,9,86,3,5,3,7,44
'841920,"Medical, surgical or laboratory sterilizers",0,0,0,0,0,0,0,0,0,0,0,0,,,,,,,,,,,,,,,545,265,192,589,399,116,120,470,385,315,140,177
'842010,Calendering or other rolling machines (other than for metals or glass),0,0,0,0,0,0,0,0,0,0,0,0,,,,,,,,,,,,,,,317,109,82,229,199,149,300,434,359,40,237,130
'842119,"Centrifuges, incl. centrifugal dryers (excl. isotope separators, cream separators and clothes ...",0,0,0,0,0,0,0,0,0,0,0,0,,,,,,,,,,,,,,,1738,1273,312,1514,677,1319,699,331,1276,1793,1663,2261
'842132,"Catalytic converters or particulate filters, whether or not combined, for purifying or filtering ...",0,0,0,0,0,0,0,0,0,0,0,0,,,,,,,,,,,,,,,456,361,346,953,735,754,441,319,574,915,657,707
'841440,Air compressors mounted on a wheeled chassis for towing,0,0,0,0,0,0,0,0,0,0,0,0,,,,,,,,,,,,,,,2400,2536,2439,2601,1513,1135,1136,1176,1764,1230,630,1304
'841490,"Parts of: air or vacuum pumps, air or other gas compressors, fans and ventilating or recycling ...",1,2,1,2,0,5,12,5,5,0,0,0,,,,,,,,,,,,,,,4877,4852,6256,5328,4907,6025,4567,5294,3999,6633,8536,5594
'842390,"Weighing machine weights of all kinds; parts of weighing machinery, n.e.s.",0,0,0,0,0,0,0,0,0,0,0,0,,,,,,,,,,,,,,,658,775,963,516,642,595,540,561,587,565,641,627
'842511,"Pulley tackle and hoists, powered by electric motor (other than skip hoists or hoists of a ...",0,0,0,0,0,0,0,0,0,0,0,0,,,,,,,,,,,,,,,457,718,648,568,473,483,634,755,912,645,664,573
'842542,"Jacks and hoists, hydraulic (excl. built-in jacking systems used in garages)",0,0,0,0,0,0,0,0,0,0,0,0,,,,,,,,,,,,,,,955,692,1023,706,916,862,1004,814,1332,1097,440,694
'842611,Overhead travelling cranes on fixed support,0,0,0,0,0,0,0,0,0,0,0,0,,,,,,,,,,,,,,,947,799,651,75,1098,616,22,460,196,256,778,653
'842720,"Self-propelled trucks fitted with lifting or handling equipment, non-powered by an electric ...",0,0,0,0,0,0,0,0,0,0,0,0,,,,,,,,,,,,,,,5766,9823,10448,10415,12847,12469,11020,13555,9086,9990,10297,9174
'842920,Self-propelled graders and levellers,0,0,0,0,0,0,0,0,0,0,0,0,,,,,,,,,,,,,,,7000,5792,8026,9778,4428,9133,5070,3676,13602,12972,10081,4465
'843020,"Snowploughs and snowblowers (excl. those mounted on railway wagons, motor vehicle chassis or ...",0,0,0,0,0,0,0,0,0,0,0,0,,,,,,,,,,,,,,,0,14,10,0,1,3,295,0,0,0,0,0
'843050,"Self-propelled earth-moving machinery, n.e.s.",0,0,0,0,0,0,0,0,0,0,0,0,,,,,,,,,,,,,,,0,87,405,188,11,468,795,1104,2,21,607,25
'843143,"Parts for boring or sinking machinery of subheading 8430.41 or 8430.49, n.e.s.",1,0,0,0,0,0,0,0,0,0,0,0,,,,,,,,,,,,,,,12511,13000,22927,11614,13230,14362,14336,15127,10735,11842,11610,15159
'843311,"Mowers for lawns, parks or sports grounds, powered, with the cutting device rotating in a horizontal ...",0,0,0,0,38,0,6,19,30,44,0,0,,,,,,,,,,,,,,,603,519,1226,479,1426,1220,1267,850,1082,887,1507,696
'843629,"Poultry-keeping machinery (excl. machines for sorting or grading eggs, poultry pickers of heading ...",0,0,0,0,0,0,0,0,0,0,0,0,,,,,,,,,,,,,,,240,231,512,2073,726,1232,861,515,638,553,1191,314
'843820,"Machinery for the industrial preparation or manufacture of confectionery, cocoa or chocolate ...",0,0,0,0,0,0,0,0,0,0,0,0,,,,,,,,,,,,,,,492,49,161,77,103,556,754,286,290,155,302,886
'843830,"Machinery for sugar manufacture (excl. centrifuges and filtering, heating or refrigerating ...",0,0,0,0,0,0,0,0,0,0,0,0,,,,,,,,,,,,,,,31,83,5,5,0,3,41,1232,886,956,1437,1217
'843880,"Machinery for the industrial preparation or manufacture of food or drink, n.e.s.",0,0,0,0,0,0,0,0,0,0,0,0,,,,,,,,,,,,,,,1249,4702,2453,2284,2468,1620,1714,3961,3992,2960,2128,1607
'843920,"Machinery for making paper or paperboard (excl. dryers and other heating appliances, calenders ...",0,0,0,0,0,0,0,0,0,0,0,0,,,,,,,,,,,,,,,0,68,29,2,146,93,0,36,95,1,89,223
'844130,"Machines for making cartons, boxes, cases, tubes, drums or similar containers (other than by ...",0,0,0,0,0,0,0,0,0,0,0,0,,,,,,,,,,,,,,,1375,4953,1500,2070,103,380,3048,635,568,1631,3566,1758
'844312,"Offset printing machinery, sheet fed [office type], using sheets of a side <= 22 x 36 cm in ...",0,0,0,0,0,0,0,0,0,0,0,0,,,,,,,,,,,,,,,0,0,0,0,0,0,0,0,0,0,0,0
'844314,"Letterpress printing machinery, reel fed (excl. flexographic printing machinery)",0,0,0,0,0,0,0,0,0,0,0,0,,,,,,,,,,,,,,,0,6,0,6,0,0,0,0,9,5,2,3
'844316,Flexographic printing machinery,0,0,0,0,0,0,0,0,0,0,0,0,,,,,,,,,,,,,,,1322,1248,2845,518,537,405,2441,2854,1871,462,997,154
'844391,"Parts and accessories of printing machinery used for printing by means of plates, cylinders ...",0,0,0,0,0,0,0,0,0,0,0,0,,,,,,,,,,,,,,,1058,1053,1485,1335,1394,1106,1628,2017,1195,1780,1089,715
'844513,Drawing or roving machines,0,0,0,0,0,0,0,0,0,0,0,0,,,,,,,,,,,,,,,0,0,0,0,0,7,0,0,0,0,0,0
'844610,Weaving machines for weaving fabrics of a width <= 30 cm,0,0,0,0,0,0,0,0,0,0,0,0,,,,,,,,,,,,,,,0,24,21,49,0,0,0,0,18,0,0,0
'844811,"Doobies and jacquards; card reducing, copying, punching or assembling machines for use therewith",0,0,0,0,0,0,0,0,0,0,0,0,,,,,,,,,,,,,,,0,1,0,0,0,0,1,0,5,0,0,3
'844839,"Parts and accessories of machines of heading 8445, n.e.s.",0,0,0,0,0,0,0,0,0,0,0,0,,,,,,,,,,,,,,,95,44,210,53,50,83,48,32,190,99,55,28
'845019,"Household or laundry-type washing machines, of a dry linen capacity <= 6 kg (excl. fully-automatic ...",0,0,0,0,0,0,0,0,0,0,0,0,,,,,,,,,,,,,,,106,96,62,226,1340,597,451,525,13,213,150,40
'845121,"Drying machines, of a dry linen capacity <= 10 kg (excl. centrifugal driers)",0,0,0,0,0,0,0,0,0,0,0,0,,,,,,,,,,,,,,,1235,946,1704,1708,1135,1458,992,336,558,881,893,1051
'845310,"Machinery for preparing, tanning or working hides, skins or leather (excl. drying machines, ...",0,0,0,0,0,0,0,0,0,0,0,0,,,,,,,,,,,,,,,159,439,98,2,44,163,723,433,341,137,173,117
'620892,"Women's or girls' singlets and other vests, briefs, panties, nŽgligŽs, bathrobes, dressing ...",1,0,0,0,0,0,0,0,0,2,0,0,,,,,,,,,,,,,,,30,103,185,143,234,186,285,129,51,39,247,78
'621010,"Garments made up of felt or nonwovens, whether or not impregnated, coated, covered or laminated ...",16,1,0,1,2,0,0,0,10,0,59,0,,,,,,,,,,,,,,,1081,423,760,806,827,923,1056,1034,837,658,698,630
'621220,"Girdles and panty girdles of all types of textile materials, whether or not elasticated, incl. ...",0,0,0,0,0,0,2,0,1,1,1,0,,,,,,,,,,,,,,,99,90,749,435,79,184,72,162,166,123,113,120
'621420,"Shawls, scarves, mufflers, mantillas, veils and similar articles of wool or fine animal hair ...",0,0,0,0,0,0,0,0,0,0,0,0,,,,,,,,,,,,,,,57,64,37,65,68,98,82,56,55,41,79,67
'630229,"Printed bedlinen of textile materials (excl. cotton and man-made fibres, knitted or crocheted)",0,0,0,0,0,0,0,0,0,0,0,0,,,,,,,,,,,,,,,23,23,98,34,25,43,26,18,31,21,62,80
'650691,"Bathing caps, hoods and other headgear, whether or not lined or trimmed, of rubber or plastics ...",0,0,0,0,0,0,0,0,0,0,0,0,,,,,,,,,,,,,,,61,101,119,163,174,215,210,77,141,78,242,54
'660199,"Umbrellas and sun umbrellas, incl. walking-stick umbrellas (excl. umbrellas having a telescopic ...",0,0,0,0,0,0,0,0,0,13,6,0,,,,,,,,,,,,,,,160,207,174,619,235,402,255,421,224,191,249,216
'660200,"Walking sticks, seat-sticks, whips, riding-crops and the like (excl. measure walking sticks, ...",0,0,0,0,0,0,0,0,0,0,0,0,,,,,,,,,,,,,,,50,20,50,41,62,75,23,30,45,25,19,47
'670300,"Human hair, dressed, thinned, bleached or otherwise worked; wool, other animal hair or other ...",0,0,0,0,0,0,0,0,0,0,0,0,,,,,,,,,,,,,,,21,36,51,45,34,28,46,17,38,27,21,13
'630392,"Curtains, incl. drapes, and interior blinds, curtain or bed valances of synthetic fibres (excl. ...",0,0,0,0,0,0,0,0,0,0,0,0,,,,,,,,,,,,,,,692,644,524,783,486,1156,572,788,838,606,501,649
'630499,"Articles for interior furnishing, of textile materials (excl. of cotton or synthetic fibres, ...",1,0,0,0,1,0,0,0,0,0,0,0,,,,,,,,,,,,,,,2365,2449,2394,1959,1797,1143,864,113,567,727,1224,1036
'630629,"Tents of textile materials (excl. of synthetic fibres, and umbrella and play tents)",0,0,0,0,0,0,0,0,0,0,0,0,,,,,,,,,,,,,,,199,130,111,271,2615,618,162,318,93,269,119,123
'630630,"Sails for boats, sailboards or landcraft, of textile materials",0,0,0,0,0,0,0,0,0,0,0,0,,,,,,,,,,,,,,,9,3,8,3,18,36,12,77,13,14,18,135
'640340,"Footwear, incorporating a protective metal toecap, with outer soles of rubber, plastics, leather ...",0,1,0,0,0,0,0,0,0,0,1,0,,,,,,,,,,,,,,,2926,2636,2868,2925,2037,3510,2472,2836,4495,2966,1825,2200
'620312,"Men's or boys' suits of synthetic fibres (excl. knitted or crocheted, tracksuits, ski suits ...",0,0,0,0,0,0,1,0,0,0,0,0,,,,,,,,,,,,,,,68,88,113,158,107,51,40,76,128,117,239,132
'620423,"Women's or girls' ensembles of synthetic fibres (excl. knitted or crocheted, ski overalls and ...",0,0,0,0,0,0,0,0,0,0,0,0,,,,,,,,,,,,,,,387,289,196,317,438,522,415,502,361,312,1029,542
'620120,"Men's or boys' overcoats, car-coats, capes, cloaks, anoraks, incl. ski jackets, wind-cheaters, ...",0,0,0,0,0,2,0,0,0,0,3,0,,,,,,,,,,,,,,,38,35,53,39,39,30,37,38,21,28,92,71
'611521,"Pantyhose and tights of synthetic fibres, knitted or crocheted, measuring per single yarn < ...",0,0,0,0,0,0,0,0,0,0,0,0,,,,,,,,,,,,,,,248,90,69,46,131,43,98,149,268,315,222,246
'611530,"Women's full-length or knee-length hosiery, knitted or crocheted, measuring per single yarn ...",0,0,0,0,0,0,0,0,0,0,0,0,,,,,,,,,,,,,,,5,5,6,4,7,1,7,9,5,17,13,7
'610451,"Women's or girls' skirts and divided skirts of wool or fine animal hair, knitted or crocheted ...",0,0,0,0,0,0,0,0,0,0,0,0,,,,,,,,,,,,,,,5,5,7,19,17,14,16,5,4,3,3,5
'610690,"Women's or girls' blouses, shirts and shirt-blouses of textile materials, knitted or crocheted ...",0,8,0,0,0,0,0,0,0,0,0,0,,,,,,,,,,,,,,,447,418,664,515,786,609,666,662,570,920,1048,474
'610829,"Women's or girls' briefs and panties of textile materials, knitted or crocheted (excl. cotton ...",0,0,0,0,0,0,0,0,0,0,0,0,,,,,,,,,,,,,,,281,541,406,231,269,332,122,272,280,152,430,63
'610811,"Women's or girls' slips and petticoats of man-made fibres, knitted or crocheted (excl. T-shirts ...",0,0,0,1,7,1,0,0,0,0,0,0,,,,,,,,,,,,,,,248,243,282,445,641,505,762,556,246,234,263,150
'720219,"Ferro-manganese, containing by weight <= 2% carbon",0,0,0,0,0,0,0,0,0,0,0,0,,,,,,,,,,,,,,,156,0,0,0,52,0,149,156,0,302,171,0
'720221,"Ferro-silicon, containing by weight > 55% of silicon",0,0,0,0,0,0,0,0,0,0,0,0,,,,,,,,,,,,,,,1578,670,495,253,446,831,757,321,529,550,1362,1196
'720230,Ferro-silico-manganese,0,0,0,0,0,0,0,0,0,0,0,0,,,,,,,,,,,,,,,1087,1507,1449,1464,1318,994,1024,1310,1137,2296,1450,1803
'720250,Ferro-silico-chromium,0,0,0,0,0,0,0,0,0,0,0,0,,,,,,,,,,,,,,,0,0,0,0,0,0,0,0,0,0,0,0
'720292,Ferro-vanadium,0,0,0,0,0,0,0,0,0,1,0,0,,,,,,,,,,,,,,,202,53,148,167,338,119,141,162,307,13,157,685
'720310,"Ferrous products obtained by direct reduction of iron ore, in lumps, pellets or similar forms",0,0,0,0,0,0,0,0,0,0,0,0,,,,,,,,,,,,,,,0,0,0,0,0,0,0,0,0,1,0,0
'720421,"Waste and scrap of stainless steel (excl. radioactive, and waste and scrap of batteries and ...",0,0,0,0,0,0,0,0,0,0,0,0,,,,,,,,,,,,,,,73,99,64,67,50,118,76,43,40,63,380,2103
'720441,"Turnings, shavings, chips, milling waste, sawdust, filings, trimmings and stampings of iron ...",0,0,0,0,0,0,0,0,0,0,0,0,,,,,,,,,,,,,,,0,0,0,0,0,1,0,0,0,6,10,6
'720690,"Iron and non-alloy steel, in puddled bars or other primary forms (excl. ingots, remelted scrap ...",0,0,0,0,0,0,0,0,0,0,0,0,,,,,,,,,,,,,,,279,102,110,49,122,39,68,1,0,35,14,18
'720712,"Semi-finished products of iron or non-alloy steel containing, by weight, < 0,25% of carbon, ...",0,0,0,0,0,0,0,0,0,0,0,0,,,,,,,,,,,,,,,0,0,14,0,0,2,0,0,0,0,0,0
'720839,"Flat-rolled products of iron or non-alloy steel, of a width of >= 600 mm, in coils, simply ...",0,0,964,0,0,0,0,0,0,0,0,0,,,,,,,,,,,,,,,1889,0,2766,2435,2793,1882,111,692,14532,0,3514,4677
'720926,"Flat-rolled products of iron or non-alloy steel, of a width of >= 600 mm, not in coils, simply ...",0,0,0,0,0,0,0,0,0,0,0,0,,,,,,,,,,,,,,,122,0,200,117,129,0,53,88,10,149,150,50
'721030,"Flat-rolled products of iron or non-alloy steel, of a width of >= 600 mm, hot-rolled or cold-rolled ...",0,0,0,0,0,0,0,0,0,0,0,0,,,,,,,,,,,,,,,887,803,1095,887,466,742,597,283,864,886,920,268
'721041,"Flat-rolled products of iron or non-alloy steel, of a width of >= 600 mm, hot-rolled or cold-rolled ...",0,0,0,0,0,0,0,0,0,0,0,0,,,,,,,,,,,,,,,9,33,59,0,0,14,60,15,0,2,8,71
'721114,"Flat-rolled products of iron or non-alloy steel, of a width < 600 mm, not further worked than ...",0,0,0,0,0,0,0,0,0,0,0,0,,,,,,,,,,,,,,,2,1,2,43,4,6,16,3,5,0,196,5
'721190,"Flat-rolled products of iron or non-alloy steel, of a width of < 600 mm, hot-rolled or cold-rolled ...",0,0,0,0,0,0,0,0,0,0,0,0,,,,,,,,,,,,,,,74,2,22,20,12,87,176,130,83,314,40,39
'721310,"Bars and rods, hot-rolled, in irregularly wound coils of iron or non-alloy steel, with indentations, ...",0,0,0,0,0,0,0,0,0,0,0,0,,,,,,,,,,,,,,,84,19,173,51,49,45,83,144,157,995,1195,70
'721550,"Bars and rods, of iron or non-alloy steel, not further worked than cold-formed or cold-finished ...",0,0,0,0,0,0,0,0,0,0,0,0,,,,,,,,,,,,,,,309,163,205,150,369,330,171,263,311,427,695,282
'721610,"U, I or H sections of iron or non-alloy steel, not further worked than hot-rolled, hot-drawn ...",0,0,0,0,0,0,0,0,0,0,0,0,,,,,,,,,,,,,,,1,11,88,0,2,35,0,0,21,190,0,135
'721632,"I sections of iron or non-alloy steel, not further worked than hot-rolled, hot-drawn or hot-extruded, ...",0,0,0,0,0,0,0,0,0,0,0,0,,,,,,,,,,,,,,,4,5492,295,9,2966,0,0,47,3110,5,1492,48
'721810,"Steel, stainless, in ingots and other primary forms (excl. waste and scrap in ingot form, and ...",0,0,0,0,0,0,0,0,0,0,0,0,,,,,,,,,,,,,,,0,0,0,0,1,0,0,0,0,0,0,0
'722550,"Flat-rolled products of alloy steel other than stainless, of a width of >= 600 mm, not further ...",0,0,0,0,0,0,0,0,0,0,0,0,,,,,,,,,,,,,,,784,1171,751,1193,992,1161,555,175,803,102,429,475
'722790,"Bars and rods of alloy steel other than stainless, hot-rolled, in irregularly wound coils (excl. ...",0,0,0,0,0,0,0,0,0,0,0,0,,,,,,,,,,,,,,,0,518,1026,14,4,240,29,411,860,2240,970,319
'722820,"Bars and rods of silico-manganese steel (excl. semi-finished products, flat-rolled products ...",0,0,0,0,0,0,0,0,0,0,0,0,,,,,,,,,,,,,,,30,0,33,48,50,104,48,1642,4,972,17,24
'722880,"Hollow drill bars and rods, of alloy or non-alloy steel",0,0,0,0,0,0,0,0,0,0,0,0,,,,,,,,,,,,,,,1529,1457,1373,1138,537,470,592,743,1087,868,1126,301
'722920,"Wire of silico-manganese steel, in coils (excl. bars and rods)",0,0,0,0,0,16,0,0,0,0,0,0,,,,,,,,,,,,,,,918,612,682,663,1222,1623,824,1093,647,635,617,1277
'730230,"Switch blades, crossing frogs, point rods and other crossing pieces, for railway or tramway ...",0,0,0,0,0,0,0,0,0,0,0,0,,,,,,,,,,,,,,,351,216,759,200,366,59,498,578,554,755,753,418
'730429,"Casing and tubing, seamless, of iron or steel, of a kind used in drilling for oil or gas (excl. ...",0,0,0,0,0,0,0,0,0,0,0,0,,,,,,,,,,,,,,,16,26,134,57,82,1,59,74,0,88,20,77
'730431,"Tubes, pipes and hollow profiles, seamless, of circular cross-section, of iron or non-alloy ...",0,0,0,0,0,0,0,0,0,0,0,0,,,,,,,,,,,,,,,50,66,542,675,381,95,595,314,391,489,568,439
'730590,"Tubes and pipes having circular cross-sections and an external diameter of > 406,4 mm, of flat-rolled ...",0,0,0,0,0,0,0,0,0,0,0,0,,,,,,,,,,,,,,,4,0,4,3,0,0,17,25,0,0,0,1
'730791,Flanges of iron or steel (excl. cast or stainless products),0,0,0,1,0,0,0,0,0,0,0,0,,,,,,,,,,,,,,,1836,1926,2181,1203,1490,2058,1538,1391,1536,1775,1564,1004
'731100,"Containers of iron or steel, for compressed or liquefied gas (excl. containers specifically ...",0,0,0,0,0,0,0,0,0,0,0,0,,,,,,,,,,,,,,,4587,2376,2957,2533,2248,2807,2320,1221,1536,2477,1165,1645
'731419,"Woven cloth, incl. endless bands, of iron or steel wire (excl. stainless and woven products ...",0,0,0,0,0,0,0,0,0,0,0,0,,,,,,,,,,,,,,,305,38,256,105,231,118,76,155,410,42,220,280
'731442,"Grill, netting and fencing, of iron or steel wire, not welded at the intersection, coated with ...",0,0,0,0,0,0,0,0,0,0,0,0,,,,,,,,,,,,,,,16,137,191,44,79,3,106,14,46,157,25,1
'731590,"Parts of skid chain, stud-link chain and other chains of heading 7315 (excl. articulated link ...",0,0,0,0,1,0,0,0,0,0,0,0,,,,,,,,,,,,,,,1041,601,729,836,485,480,467,1046,756,602,400,728
'732020,"Helical springs, of iron or steel (excl. flat spiral springs, clock and watch springs, springs ...",0,0,0,0,0,0,0,0,0,0,0,0,,,,,,,,,,,,,,,1032,650,1127,1265,957,1197,868,1061,814,1025,1389,1332
'732090,"Springs and leaves for springs, of iron or steel, incl. flat spiral springs (excl. helical ...",0,0,0,0,0,0,0,0,0,0,0,0,,,,,,,,,,,,,,,1202,1040,999,1208,1319,1160,785,740,783,1422,897,853
'732119,"Appliances for baking, frying, grilling and cooking and plate warmers, for domestic use, of ...",0,0,0,0,0,0,0,0,16,0,0,0,,,,,,,,,,,,,,,701,765,963,845,746,701,284,199,826,173,353,460
'732310,"Iron or steel wool; pot scourers and scouring or polishing pads, gloves and the like, of iron ...",0,0,0,0,0,0,0,0,0,0,0,0,,,,,,,,,,,,,,,624,334,596,367,293,161,129,131,172,270,125,269
'732410,"Sinks and washbasins, of stainless steel",0,0,0,1,0,0,0,0,0,0,0,0,,,,,,,,,,,,,,,357,334,315,410,434,339,347,252,254,224,394,349
'740100,"Copper mattes; cement copper ""precipitated copper""",0,0,0,0,0,0,0,0,0,0,0,0,,,,,,,,,,,,,,,1,0,0,0,0,0,0,0,0,0,0,0
'740200,"Copper, unrefined; copper anodes for electrolytic refining",0,0,0,0,0,0,0,0,0,0,0,0,,,,,,,,,,,,,,,0,0,20,0,15,5,0,0,0,2,5,12
'740311,"Copper, refined, in the form of cathodes and sections of cathodes",0,0,0,0,0,0,0,0,0,0,0,0,,,,,,,,,,,,,,,37638,16546,21944,8098,12201,37484,14643,22725,23516,23472,24431,19801
'740312,"Copper, refined, in the form of wire-bars",0,0,0,0,0,0,0,0,0,0,0,0,,,,,,,,,,,,,,,0,0,0,0,0,0,0,0,0,0,0,2
'741510,"Nails, tacks, drawing pins, staples and similar articles, of copper or with shafts of iron ...",0,0,0,0,0,0,0,0,0,0,0,0,,,,,,,,,,,,,,,5,1,5,3,2,3,7,1,0,1,4,7
'750110,Nickel mattes,0,0,0,0,0,0,0,0,0,0,0,0,,,,,,,,,,,,,,,0,0,0,0,0,0,0,0,0,5,0,0
'750210,"Nickel, not alloyed, unwrought",0,0,0,0,0,0,0,0,0,0,0,0,,,,,,,,,,,,,,,59,19,0,58,0,0,0,0,0,24,0,0
'750610,"Plates, sheets, strip and foil, of non-alloy nickel (excl. expanded plates, sheets or strip)",0,0,0,0,0,0,0,0,0,0,0,0,,,,,,,,,,,,,,,6,12,3,34,5,0,15,18,0,0,0,9
'760310,"Powders of aluminium, of non-lamellar structure (excl. pellets of aluminium)",0,0,0,0,0,0,0,0,0,0,0,0,,,,,,,,,,,,,,,553,277,832,559,286,378,569,594,309,612,587,2
'760320,"Powders of aluminium, of lamellar structure, and flakes of aluminium (excl. pellets of aluminium, ...",0,0,0,0,0,0,0,0,0,0,0,0,,,,,,,,,,,,,,,4,106,75,10,116,35,54,46,69,49,5,88
'760719,"Aluminium foil, not backed, rolled and further worked, of a thickness of <= 2 mm (excl. stamping ...",0,0,0,0,0,0,0,0,0,0,0,0,,,,,,,,,,,,,,,876,1218,913,953,708,1519,865,992,842,1014,821,1544
'680221,"Marble, travertine and alabaster articles thereof, simply cut or sawn, with a flat or even ...",7,4,37,24,0,0,0,5,0,3,3,0,,,,,,,,,,,,,,,368,319,384,221,256,119,390,140,287,513,236,307
'680293,"Granite, in any form, polished, decorated or otherwise worked (excl. tiles, cubes and similar ...",0,0,0,0,0,0,0,0,0,0,0,0,,,,,,,,,,,,,,,101,114,51,133,182,149,50,83,80,29,124,50
'680430,Hand sharpening or polishing stones,0,0,0,0,0,0,0,0,0,0,0,0,,,,,,,,,,,,,,,57,59,50,74,43,112,31,136,34,15,70,30
'680510,"Natural or artificial abrasive powder or grain, on a base of woven textile fabric only, whether ...",0,0,0,0,0,0,0,0,0,0,0,0,,,,,,,,,,,,,,,458,621,802,921,555,692,550,426,1019,415,883,777
'681011,"Building blocks and bricks of cement, concrete or artificial stone, whether or not reinforced",0,0,0,0,0,0,0,0,0,0,0,0,,,,,,,,,,,,,,,53,72,72,57,134,120,195,88,89,224,247,164
'681091,"Prefabricated structural components for building or civil engineering of cement, concrete or ...",0,0,0,0,0,0,0,0,0,0,0,0,,,,,,,,,,,,,,,170,304,359,406,941,549,408,143,393,128,191,374
'681189,"Articles of cellulose fibre-cement or the like, not containing asbestos (excl. corrugated and ...",0,0,0,0,0,0,0,0,0,0,0,0,,,,,,,,,,,,,,,2,0,0,0,118,0,1,26,22,1,23,0
'681511,Carbon fibres,0,0,0,0,0,0,0,0,0,0,0,0,,,,,,,,,,,,,,,144,36,155,20,47,30,34,31,11,51,33,40
'690100,"Bricks, blocks, tiles and other ceramic goods of siliceous fossil meals, e.g. kieselguhr, tripolite ...",0,0,0,0,0,0,0,0,0,0,0,0,,,,,,,,,,,,,,,9,118,95,6,61,19,31,12,61,39,4,13
'690220,"Refractory bricks, blocks, tiles and similar refractory ceramic constructional goods containing, ...",0,0,0,0,0,0,0,0,0,0,0,0,,,,,,,,,,,,,,,1228,5201,1171,3393,3598,868,2046,2294,827,1120,1802,571
'690990,"Ceramic troughs, tubs and similar receptacles of a kind used in agriculture; ceramic pots, ...",0,0,0,0,0,0,0,0,0,0,0,0,,,,,,,,,,,,,,,70,202,79,224,51,40,116,157,317,81,54,78
'691010,"Ceramic sinks, washbasins, washbasin pedestals, baths, bidets, water closet pans, flushing ...",1,6,2,1,11,0,0,0,0,0,0,0,,,,,,,,,,,,,,,444,701,780,700,793,563,515,554,962,458,672,840
'691090,"Ceramic sinks, washbasins, washbasin pedestals, baths, bidets, water closet pans, flushing ...",0,0,0,0,0,0,0,0,0,0,14,0,,,,,,,,,,,,,,,886,1253,879,1054,1162,922,1406,995,1825,1310,1211,769
'691110,"Tableware and kitchenware, of porcelain or china (excl. ornamental articles, pots, jars, carboys ...",0,0,0,0,0,0,0,0,0,0,0,0,,,,,,,,,,,,,,,1650,1569,1573,1212,1775,1577,1695,1383,1153,1010,1982,1552
'700800,Multiple-walled insulating units of glass,0,0,0,0,0,0,0,0,0,0,0,0,,,,,,,,,,,,,,,131,88,59,54,21,57,29,33,26,27,26,9
'701020,"Stoppers, lids and other closures, of glass",0,0,0,0,0,0,0,0,0,0,0,0,,,,,,,,,,,,,,,14,77,3,14,8,16,19,12,33,0,1,51
'701090,"Carboys, bottles, flasks, jars, pots, phials and other containers, of glass, of a kind used ...",0,0,4,0,0,0,0,0,0,0,0,0,,,,,,,,,,,,,,,3659,3878,3409,4493,5373,3461,3495,3875,4022,3463,3269,4268
'701341,"Glassware of lead crystal, of a kind used for table or kitchen purposes (excl. articles of ...",0,0,0,0,0,0,0,0,0,0,0,0,,,,,,,,,,,,,,,21,11,23,20,12,21,62,39,4,10,13,5
'701590,"Clock or watch glasses and similar glasses, glasses for non-corrective spectacles, curved, ...",0,0,0,0,0,0,0,0,0,0,0,0,,,,,,,,,,,,,,,8,4,26,78,15,4,6,8,5,31,10,7
'701962,"Closed fabrics of rovings of glass fibres, mechanically bonded (excl. woven)",0,0,0,0,0,0,0,0,0,0,0,0,,,,,,,,,,,,,,,11,80,8,88,93,15,95,9,10,2,80,17
'830629,"Statuettes and other ornaments, of base metal, not plated with precious metal (excl. works ...",1,0,0,0,0,0,0,0,0,0,0,0,,,,,,,,,,,,,,,407,432,437,316,924,371,503,321,422,386,369,333
'830630,"Photograph, picture or similar frames, of base metal; mirrors of base metal (excl. optical ...",0,0,0,0,0,0,0,0,0,0,0,0,,,,,,,,,,,,,,,80,64,142,140,219,194,216,145,106,237,103,257
'831000,"Sign-plates, nameplates, address-plates and similar plates, numbers, letters and other symbols, ...",0,0,0,0,0,0,0,0,0,0,0,0,,,,,,,,,,,,,,,162,172,185,401,167,162,153,131,168,112,128,180
'840110,Nuclear reactors [Euratom],0,0,0,0,0,0,0,0,0,0,0,0,,,,,,,,,,,,,,,0,0,0,0,0,0,0,0,0,0,0,0
'840390,"Parts of central heating boilers, n.e.s.",0,0,0,0,0,0,0,0,0,0,0,0,,,,,,,,,,,,,,,5,12,6,16,11,12,14,26,22,0,6,9
'840820,"Compression-ignition internal combustion piston engine ""diesel or semi-diesel engine"", for ...",0,0,0,0,0,0,0,0,0,0,0,0,,,,,,,,,,,,,,,6354,10592,13260,11929,12252,12312,7539,11031,8553,7119,13200,8536
'841012,"Hydraulic turbines and water wheels, of a power > 1.000 kW but <= 10.000 kW (excl. hydraulic ...",0,0,0,0,0,0,0,0,0,0,0,0,,,,,,,,,,,,,,,0,0,0,0,0,1,0,0,0,0,0,0
'841122,Turbopropellers of a power > 1.100 kW,0,0,0,0,0,0,0,0,0,0,0,0,,,,,,,,,,,,,,,0,0,0,825,669,2285,0,0,0,0,447,988
'841181,Gas turbines of a power <= 5.000 kW (excl. turbojets and turbopropellers),0,0,0,0,0,0,0,0,0,0,0,0,,,,,,,,,,,,,,,128,73,646,132,2928,2,218,2510,1398,1521,3737,871
'841199,"Parts of gas turbines, n.e.s.",0,0,0,0,0,0,0,0,0,0,0,0,,,,,,,,,,,,,,,1772,1251,1509,10471,4952,1716,4560,6453,2006,4523,1688,5164
'841370,"Centrifugal pumps, power-driven (excl. those of subheading 8413.11 and 8413.19, fuel, lubricating ...",0,22,0,14,0,0,0,45,0,0,0,0,,,,,,,,,,,,,,,12263,11941,11147,10995,12482,11022,9888,11171,10536,9986,11230,11170
'841480,"Air pumps, air or other gas compressors and ventilating or recycling hoods incorporating a ...",0,0,0,0,0,0,0,0,0,0,0,0,,,,,,,,,,,,,,,10400,7206,9315,10130,10644,10201,8695,11955,9280,7815,9481,10379
'841780,"Industrial or laboratory furnaces and ovens, non-electric, incl. incinerators (excl. those ...",0,0,0,0,0,0,0,0,0,0,0,0,,,,,,,,,,,,,,,655,784,650,1794,358,543,770,404,12,29,90,1539
'841829,"Household refrigerators, absorption-type",0,0,0,0,0,0,0,0,0,0,0,0,,,,,,,,,,,,,,,507,462,557,509,362,396,173,104,489,392,277,613
'841830,"Freezers of the chest type, of a capacity <= 800 l",0,0,0,0,0,0,0,0,0,0,0,0,,,,,,,,,,,,,,,1334,1264,1212,1328,1417,1120,692,469,840,982,935,974
'841850,"Furniture ""chests, cabinets, display counters, show-cases and the like"" for storage and display, ...",0,0,0,0,0,0,0,0,0,0,0,0,,,,,,,,,,,,,,,5889,7417,4790,5646,6501,9134,6610,6110,8382,5313,5457,4169
'841911,Instantaneous gas water heaters (excl. boilers or water heaters for central heating),0,0,0,0,0,0,0,0,0,0,0,0,,,,,,,,,,,,,,,396,627,910,284,1101,988,910,991,216,1215,786,634
'841933,"Lyophilisation apparatus, freeze drying units and spray dryers",0,0,0,0,0,0,0,0,0,0,0,0,,,,,,,,,,,,,,,120,22,73,49,15,9,3,7,17,4,45,5
'841935,"Dryers, for wood, paper pulp, paper or paperboard (excl. lyophilisation apparatus, freeze drying ...",0,0,0,0,0,0,0,0,0,0,0,0,,,,,,,,,,,,,,,62,24,10,0,0,1,2,46,307,21,124,0
'841989,"Machinery, plant or laboratory equipment, whether or not electrically heated, for the treatment ...",0,0,0,0,0,0,0,0,0,0,0,0,,,,,,,,,,,,,,,1379,2000,2005,2907,4310,2315,3124,2404,1568,2202,4846,2999
'842122,Machinery and apparatus for filtering or purifying beverages (excl.water),0,0,0,0,0,0,0,0,0,0,0,0,,,,,,,,,,,,,,,1060,727,56,42,903,196,231,1779,197,724,260,436
'842810,Lifts and skip hoists,0,0,0,0,0,0,0,0,0,0,0,0,,,,,,,,,,,,,,,946,1685,982,2238,1127,1317,1299,1618,986,983,1419,1913
'842860,"Teleferics, chairlifts, ski-draglines; traction mechanisms for funiculars",0,0,0,0,0,0,0,0,0,0,0,0,,,,,,,,,,,,,,,0,0,0,0,15,2,0,0,0,2,3,0
'842940,Self-propelled tamping machines and roadrollers,0,0,0,0,0,0,0,0,0,0,0,0,,,,,,,,,,,,,,,3340,4705,4235,5985,4669,5917,3869,3147,3305,5660,3555,3390
'842951,Self-propelled front-end shovel loaders,0,0,0,0,0,0,0,0,0,0,0,0,,,,,,,,,,,,,,,11010,17445,14150,17365,20702,21235,22125,22788,13358,17523,14162,25758
'843049,"Boring or sinking machinery for boring earth or extracting minerals or ores, not self-propelled ...",0,0,0,0,0,0,0,0,0,0,0,0,,,,,,,,,,,,,,,751,704,115,1092,1214,1006,983,406,1036,1278,163,566
'780200,"Lead waste and scrap (excl. ashes and residues from lead production ""heading No 2620"", and ...",0,0,0,0,0,0,0,0,0,0,0,0,,,,,,,,,,,,,,,8,26,0,20,0,16,0,0,19,19,0,6
'780600,"Articles of lead, n.e.s.",0,0,0,0,0,0,0,0,0,0,0,0,,,,,,,,,,,,,,,123,216,112,216,205,106,412,75,171,128,59,139
'800120,Unwrought tin alloys,0,0,0,0,0,0,0,0,0,0,0,0,,,,,,,,,,,,,,,1,0,0,0,0,10,0,0,0,0,0,0
'810294,"Unwrought molybdenum, incl. bars and rods obtained simply by sintering",0,0,0,0,0,0,0,0,0,0,0,0,,,,,,,,,,,,,,,0,0,0,0,0,3,0,0,0,0,0,0
'810296,Molybdenum wire,0,0,0,0,0,0,0,0,0,0,0,0,,,,,,,,,,,,,,,0,3,2,2,13,0,10,6,1,1,2,1
'810430,"Magnesium raspings, turnings and granules, graded according to size; magnesium powders",0,0,0,0,0,0,0,0,0,0,0,0,,,,,,,,,,,,,,,703,308,585,699,1227,979,973,1605,1349,245,358,395
'810590,"Articles of cobalt, n.e.s.",0,0,0,0,0,0,0,0,0,0,0,0,,,,,,,,,,,,,,,100,35,4,3,67,240,1,31,17,15,91,3
'811020,Antimony waste and scrap (excl. ash and residues containing antimony),0,0,0,0,0,0,0,0,0,0,0,0,,,,,,,,,,,,,,,0,0,221,0,202,0,0,154,0,0,192,0
'811219,"Articles of beryllium, n.e.s.",0,0,0,0,0,0,0,0,0,0,0,0,,,,,,,,,,,,,,,14,0,0,16,0,0,0,0,0,13,0,0
'811300,"Cermets and articles thereof, n.e.s.; waste and scrap of cermets (excl. ash and residues containing ...",0,0,0,0,0,0,0,0,0,0,0,0,,,,,,,,,,,,,,,146,214,308,423,175,370,309,160,117,401,523,521
'820130,"Mattocks, picks, hoes and rakes, with working parts of base metal (excl. ice axes)",0,0,0,0,0,1,0,0,0,1,0,0,,,,,,,,,,,,,,,114,80,59,37,50,87,74,88,69,122,124,136
'820510,"Hand-operated drilling, threading or tapping hand tools",0,0,0,0,0,0,0,0,0,0,0,0,,,,,,,,,,,,,,,81,90,61,78,112,45,63,65,65,127,80,21
'830120,"Locks used for motor vehicles, of base metal",0,0,0,0,0,0,0,0,0,0,0,0,,,,,,,,,,,,,,,817,974,1218,960,995,1423,601,668,1240,969,986,977
'830150,"Clasps and frames with clasps, incorporating locks, of base metal",0,0,0,0,0,0,0,0,0,0,0,0,,,,,,,,,,,,,,,9,33,13,19,6,89,14,34,14,42,10,25
'710310,"Precious stones and semi-precious stones, unworked or simply sawn or roughly shaped, whether ...",0,0,0,0,0,0,0,0,0,0,0,0,,,,,,,,,,,,,,,155,226,135,354,215,152,242,52,89,144,40,289
'710399,"Precious and semi-precious stones, worked, whether or not graded, but not strung, mounted or ...",0,0,0,0,0,0,0,0,0,0,3,0,,,,,,,,,,,,,,,251,238,105,139,430,467,210,149,325,99,183,184
'710811,"Gold, incl. gold plated with platinum, for non-monetary purposes",0,0,0,0,0,0,0,0,0,0,0,0,,,,,,,,,,,,,,,0,0,0,12,0,0,0,2,0,0,13,0
'711019,"Platinum, in semi-manufactured forms",0,0,0,0,0,0,0,0,0,0,0,0,,,,,,,,,,,,,,,59,293,92,139,572,666,77,51,12,113,56,55
'843353,Root or tuber harvesting machines,0,0,0,0,0,0,0,0,0,0,0,0,,,,,,,,,,,,,,,342,643,638,71,71,0,166,1014,1178,661,260,760
'843359,"Harvesting machinery for agricultural produce (excl. mowers, haymaking machinery, straw and ...",0,0,0,0,0,0,0,0,0,0,0,0,,,,,,,,,,,,,,,1373,2364,161,1630,846,620,1648,1612,4184,1935,7254,2892
'843360,"Machines for cleaning, sorting or grading eggs, fruit or other agricultural produce (excl. ...",0,0,0,0,0,0,0,0,0,0,0,0,,,,,,,,,,,,,,,431,1842,384,1384,4792,5136,4785,4538,4335,2713,3429,1956
'843699,"Parts of agricultural, horticultural, forestry or bee-keeping machinery, n.e.s.",0,0,0,0,0,0,26,0,14,24,2,0,,,,,,,,,,,,,,,2074,2331,2335,2247,1612,2653,2190,2470,1386,1634,2200,2684
'843710,"Machines for cleaning, sorting or grading seed, grain or dried leguminous vegetables",0,0,0,24,0,0,0,0,0,0,0,0,,,,,,,,,,,,,,,355,26,324,1020,394,905,497,656,506,753,1005,675
'843780,Machinery used in the milling industry or for the working of cereals or dried leguminous vegetables ...,0,0,0,0,0,0,0,0,0,0,0,0,,,,,,,,,,,,,,,995,645,218,1436,109,738,683,270,650,290,646,1005
'843810,"Bakery machinery and machinery for the industrial preparation or manufacture of macaroni, spaghetti ...",0,0,0,0,0,0,0,0,0,0,0,0,,,,,,,,,,,,,,,857,2270,2225,4803,4616,4027,1346,2690,1483,2478,3333,3779
'844120,"Machines for making bags, sacks or envelopes out of paper pulp, paper or paperboard (excl. ...",0,0,0,0,0,0,0,0,0,0,0,0,,,,,,,,,,,,,,,9,334,78,26,346,873,1251,476,771,491,184,431
'844240,"Parts of machinery, apparatus and equipment for preparing or making printing plates, cylinders ...",0,0,0,0,0,0,0,0,0,0,0,0,,,,,,,,,,,,,,,31,50,29,59,43,83,56,9,14,31,135,51
'844712,"Circular knitting machines, with cylinder diameter > 165 mm",0,0,0,0,0,0,0,0,0,0,0,0,,,,,,,,,,,,,,,313,1,65,5,379,0,118,11,99,31,108,0
'844790,"Machines for making gimped yarn, tulle, lace, embroidery, trimmings, braid or net and machines ...",0,0,0,33,0,0,0,0,0,0,41,0,,,,,,,,,,,,,,,264,916,650,396,862,446,456,144,532,220,404,178
'844833,"Spindles, spindle flyers, spinning rings and ring travellers, for machines of heading 8445",0,0,0,0,0,0,0,0,0,0,0,0,,,,,,,,,,,,,,,1,12,10,5,9,2,2,1,1,4,3,11
'844859,"Parts and accessories of machines of heading 8447, n.e.s.",0,0,0,0,0,0,0,0,0,0,0,0,,,,,,,,,,,,,,,187,178,255,241,144,272,174,103,132,123,124,107
'845011,"Fully-automatic household or laundry-type washing machines, of a dry linen capacity <= 6 kg",0,80,0,0,32,50,0,0,0,0,0,0,,,,,,,,,,,,,,,2948,3492,3574,3844,5462,2890,2367,1773,1516,3409,1879,2196
'845190,"Parts of machines for washing, cleaning, wringing, drying, ironing, pressing, bleaching, dyeing, ...",0,0,0,0,0,0,0,0,0,0,8,0,,,,,,,,,,,,,,,241,403,279,270,448,387,322,647,334,174,311,418
'845320,"Machinery for making or repairing footwear of hides, skins or leather (excl. sewing machines)",0,0,0,0,0,0,0,0,0,0,0,0,,,,,,,,,,,,,,,60,130,1,87,21,143,47,279,72,27,167,8
'845490,"Parts of converters, ladles, ingot moulds and casting machines of a kind used in metallurgy ...",0,0,0,0,0,0,0,0,0,0,0,0,,,,,,,,,,,,,,,248,425,307,456,549,470,582,419,138,428,800,483
'845521,Hot or combination hot and cold metal-rolling mills (excl. tubes mills),0,0,0,0,0,0,0,0,0,0,0,0,,,,,,,,,,,,,,,5,42,0,0,3,0,0,8,344,0,1022,70
'845891,"Lathes, incl. turning centres, for removing metal, numerically controlled (excl. horizontal ...",0,0,0,0,0,0,0,0,0,0,0,0,,,,,,,,,,,,,,,358,1662,44,279,710,395,293,3123,123,156,352,221
'845910,"Way-type unit head machines for drilling, boring, milling, threading or tapping metal",0,0,0,0,0,0,0,0,0,0,0,0,,,,,,,,,,,,,,,1,5,0,15,10,8,1,0,4,31,4,6
'845929,"Drilling machines for working metal, not numerically controlled (excl. way-type unit head machines ...",0,0,0,0,0,0,0,0,0,0,0,0,,,,,,,,,,,,,,,253,96,254,218,223,228,241,305,527,371,218,198
'845931,"Boring-milling machines for metals, numerically controlled (excl. way-type unit head machines)",0,0,0,0,0,0,0,0,0,0,0,0,,,,,,,,,,,,,,,0,0,254,46,0,0,0,2,239,0,6,462
'846039,"Sharpening ""tool or cutter grinding"" machines, not numerically controlled",0,0,0,0,0,0,0,0,0,0,0,0,,,,,,,,,,,,,,,28,104,22,130,104,41,37,245,63,42,53,44
'400129,"Natural rubber in primary forms or in plates, sheets or strip (excl. smoked sheets, technically ...",0,4,469,156,7,0,76,86,79,0,0,0,,,,,,,,,,,,,,,782,579,1441,802,189,363,135,522,228,363,447,441
'400130,"Balata, gutta-percha, guayule, chicle and similar natural gums, in primary forms or in plates, ...",0,0,0,0,0,0,0,0,0,0,0,0,,,,,,,,,,,,,,,0,0,0,0,0,0,0,0,0,0,0,0
'400510,"Rubber, unvulcanised, compounded with carbon black or silica, in primary forms or in plates, ...",0,0,0,0,0,0,0,0,0,0,0,0,,,,,,,,,,,,,,,194,87,273,380,375,471,144,370,340,257,153,126
'400922,"Tubes, pipes and hoses, of vulcanised rubber (excl. hard rubber), reinforced or otherwise combined ...",0,0,0,0,0,0,0,0,0,0,0,0,,,,,,,,,,,,,,,966,809,870,1055,684,740,847,799,454,533,756,620
'401011,"Conveyor belts or belting, of vulcanised rubber, reinforced only with metal",0,0,0,0,0,0,0,0,0,0,0,0,,,,,,,,,,,,,,,121,88,16,72,734,162,29,108,66,271,2,82
'401039,"Transmission belts or belting, of vulcanised rubber (excl. endless transmission belts of trapezoidal ...",0,0,0,0,0,0,0,0,0,0,0,0,,,,,,,,,,,,,,,2540,1773,1632,1470,1732,2102,1713,1768,1667,1628,1580,2115
'401212,"Retreaded pneumatic tyres, of rubber, of a kind used on buses or lorries",0,0,0,0,0,0,0,0,0,0,0,0,,,,,,,,,,,,,,,0,0,0,1,0,0,0,0,0,0,0,1
'390330,"Acrylonitrile-butadiene-styrene copolymers ""ABS"", in primary forms",0,0,0,0,0,0,0,0,0,0,0,0,,,,,,,,,,,,,,,1574,1407,1279,1421,1394,1304,892,1231,970,1094,1466,1550
'390390,"Polymers of styrene, in primary forms (excl. polystyrene, styrene-acrylonitrile copolymers ...",0,0,0,0,0,0,0,0,0,0,0,0,,,,,,,,,,,,,,,1968,1315,1547,1489,1832,1597,1992,1157,1672,1871,2209,2452
'390721,"Bis(polyoxyethylene) methylphosphonate, in primary forms",0,0,0,0,0,0,0,0,0,0,0,0,,,,,,,,,,,,,,,1,108,106,131,140,65,48,0,34,85,26,39
'390920,"Melamine resins, in primary forms",0,0,0,0,0,0,0,0,0,0,0,0,,,,,,,,,,,,,,,195,335,256,421,268,435,170,305,167,407,156,312
'391190,"Polysulphides, polysulphones and other polymers and prepolymers produced by chemical synthesis, ...",0,0,0,0,0,0,0,0,0,0,0,0,,,,,,,,,,,,,,,1506,1734,1319,1490,1164,898,1006,711,1137,974,1589,1560
'391733,"Flexible tubes, pipes and hoses of plastics, not reinforced or otherwise combined with other ...",0,0,0,0,0,0,0,1,0,0,0,0,,,,,,,,,,,,,,,408,315,481,380,348,391,249,395,188,325,339,372
'391740,"Fittings, e.g. joints, elbows, flanges, of plastics, for tubes, pipes and hoses",6,0,7,0,8,0,2,12,0,0,10,0,,,,,,,,,,,,,,,2559,2355,3050,3219,2914,3146,2128,2112,2814,3200,2154,2719
'392043,"Plates, sheets, film, foil and strip, of non-cellular polymers of vinyl chloride, containing ...",0,0,45,0,0,0,0,0,46,0,0,0,,,,,,,,,,,,,,,606,739,789,743,988,879,459,777,846,662,384,609
'392061,"Plates, sheets, film, foil and strip, of non-cellular polycarbonates, not reinforced, laminated, ...",0,0,0,0,0,0,0,0,0,0,0,0,,,,,,,,,,,,,,,1304,1273,2300,776,1392,1875,1885,1383,1761,655,2234,1510
'392091,"Plates, sheets, film, foil and strip, of non-cellular poly""vinyl butyral"", not reinforced, ...",0,0,0,0,0,0,0,0,0,0,0,0,,,,,,,,,,,,,,,2649,1416,1123,1348,1385,1689,2022,1047,2321,1229,2031,1505
'392093,"Plates, sheets, film, foil and strip, of non-cellular amino-resins, not reinforced, laminated, ...",0,0,0,0,0,0,0,0,0,0,0,0,,,,,,,,,,,,,,,0,0,11,16,0,20,0,0,0,0,0,0
'392119,"Plates, sheets, film, foil and strip, of cellular plastic, unworked or merely surface-worked ...",0,1,0,0,0,2,2,0,2,0,0,0,,,,,,,,,,,,,,,552,926,723,823,666,790,587,744,1039,708,515,569
'392520,"Doors, windows and their frames and thresholds for doors, of plastics",0,0,0,0,0,0,0,0,0,0,0,0,,,,,,,,,,,,,,,252,47,176,55,338,355,70,49,299,193,394,52
'401610,"Articles of cellular rubber, n.e.s.",0,0,0,0,0,0,0,0,0,0,0,0,,,,,,,,,,,,,,,166,132,90,165,141,304,216,110,115,161,179,221
'401692,"Erasers, of vulcanised rubber (excl. hard rubber), conditioned (excl. those simply cut to rectangular ...",0,0,0,0,0,0,0,0,0,0,0,0,,,,,,,,,,,,,,,128,114,81,64,49,175,30,37,23,46,27,25
'410120,"Whole raw hides and skins of bovine ""incl. buffalo"" or equine animals, whether or not dehaired, ...",0,0,0,0,0,0,0,0,0,0,0,0,,,,,,,,,,,,,,,10,13,12,9,5,6,0,0,0,12,10,17
'410330,"Raw hides and skins of swine, fresh, or salted, dried, limed, pickled or otherwise preserved, ...",0,0,0,0,0,0,0,0,0,0,0,0,,,,,,,,,,,,,,,0,0,0,0,0,0,0,0,0,0,0,0
'410691,"Hides and skins of antelopes, deer, elks, elephants and other animals, incl. sea animals, without ...",0,0,0,0,0,0,0,0,0,0,0,0,,,,,,,,,,,,,,,0,0,0,0,0,0,0,0,0,0,0,0
'100610,"Rice in the husk, ""paddy"" or rough",0,0,0,0,0,0,0,0,0,0,0,0,,,,,,,,,,,,,,,0,24,8,1,6,6,1,2,5,1,36,0
'610323,"Men's or boys' ensembles of synthetic fibres, knitted or crocheted (excl. ski ensembles and ...",0,0,0,0,0,0,0,12,0,0,0,0,,,,,,,,,,,,,,,23,13,31,21,29,46,20,16,30,153,39,15
'420239,"Wallets, purses, key-cases, cigarette-cases, tobacco-pouches and similar articles of a kind ...",0,0,1,0,0,0,0,1,1,0,0,0,,,,,,,,,,,,,,,88,87,122,148,316,98,65,112,71,103,60,67
'420329,"Gloves, mittens and mitts, of leather or composition leather (excl. special sports gloves)",0,0,2,0,0,0,0,0,0,0,0,0,,,,,,,,,,,,,,,446,809,556,511,519,680,724,297,766,814,812,373
'440111,"Fuel wood, in logs, billets, twigs, faggots or similar forms, coniferous",0,0,0,0,0,0,0,0,0,0,0,0,,,,,,,,,,,,,,,221,248,250,200,237,256,302,189,230,197,186,136
'440326,"Coniferous wood in the rough, of which the smallest cross-sectional dimension is ...",0,0,0,0,0,0,0,0,0,0,0,0,,,,,,,,,,,,,,,0,0,0,0,0,0,2,4,1,0,0,0
'440394,"Beech ""Fagus spp."" in the rough, of which no cross-sectional dimension is =>15 cm, whether ...",0,0,0,0,0,0,0,0,0,0,0,0,,,,,,,,,,,,,,,0,0,0,0,0,0,0,0,0,0,0,27
'440500,"Wood wool; wood flour ""wood powder able to pass through a fine"", 0,63 mm mesh, sieve with a ...",0,0,0,0,0,0,0,0,0,0,0,0,,,,,,,,,,,,,,,36,75,20,28,19,28,18,21,40,22,20,17
'440722,"Virola, imbuia and balsa, sawn or chipped lengthwise, sliced or peeled, of a thickness of > ...",0,0,0,0,0,0,0,0,0,0,0,0,,,,,,,,,,,,,,,34,0,3,8,8,3,1,0,0,4,7,0
'440794,"Cherry ""Prunus spp."", sawn or chipped lengthwise, sliced or peeled, whether or not planed, ...",0,0,0,0,0,0,0,0,0,0,0,0,,,,,,,,,,,,,,,0,0,0,0,10,0,0,13,0,0,0,0
'441112,"Medium density fibreboard ""MDF"" of wood, of a thickness <=Ê5Êmm",0,0,0,0,0,0,0,0,0,0,0,0,,,,,,,,,,,,,,,863,486,476,641,172,773,427,518,355,592,472,878
'441234,"Plywood consisting solely of sheets of wood <= 6 mm thick, with at least one outer ply of non-coniferous ...",258,0,135,0,0,0,0,0,0,0,0,0,,,,,,,,,,,,,,,518,205,453,266,183,376,128,277,665,93,159,537
'441249,"Laminated veneered lumber ""LVL"", with both outer plies of coniferous wood (excl. of bamboo, ...",0,0,0,0,0,0,0,0,0,0,0,0,,,,,,,,,,,,,,,123,168,52,0,140,274,0,61,57,33,280,290
'441819,"Windows, French windows and their frames, of wood (excl. of tropical wood)",0,0,0,0,0,0,0,0,0,0,0,0,,,,,,,,,,,,,,,159,1,59,11,79,40,27,83,80,53,0,4
'460122,"Mats, matting and screens, of rattan plaiting materials, flat-woven or bound together in parallel",0,0,0,0,0,0,0,0,0,0,0,0,,,,,,,,,,,,,,,0,0,0,5,0,0,5,0,0,2,0,0
'540120,"Sewing thread of artificial filaments, whether or not put up for retail sale",0,0,0,0,0,0,0,0,0,0,0,0,,,,,,,,,,,,,,,6,21,22,69,16,82,14,11,28,76,10,17
'540219,"High-tenacity filament yarn of nylon or other polyamides (excl. sewing thread, yarn put up ...",0,0,0,0,0,3,0,0,0,0,0,0,,,,,,,,,,,,,,,234,158,93,334,22,188,41,230,51,6,69,195
'540245,"Filament yarn of nylon or other polyamides, incl. monofilament of < 67 decitex, single, untwisted ...",0,0,0,0,0,0,0,0,0,0,0,0,,,,,,,,,,,,,,,170,80,22,111,46,46,27,29,37,37,7,12
'540247,"Filament yarn of polyester, incl. monofilament of < 67 decitex, single, untwisted or with a ...",0,0,0,0,0,0,0,0,0,0,0,0,,,,,,,,,,,,,,,154,225,156,132,142,243,176,76,132,118,188,89
'540259,"Synthetic filament yarn, incl. synthetic monofilament of < 67 decitex, single, with a twist ...",0,0,0,0,0,0,0,0,0,0,0,0,,,,,,,,,,,,,,,5,12,2,7,20,46,1,2,16,0,0,0
'540262,"Multiple ""folded"" or cabled filament yarn of polyester, incl. monofilament of < 67 decitex ...",0,0,0,0,0,0,0,0,0,0,0,0,,,,,,,,,,,,,,,437,431,461,423,366,392,463,181,310,324,338,391
'540342,"Multiple ""folded"" or cabled filament yarn of cellulose acetate, incl. monofilament of < 67 ...",0,0,0,0,0,0,0,0,0,0,0,0,,,,,,,,,,,,,,,0,3,0,0,0,0,0,0,0,0,0,0
'540419,Synthetic monofilament of >= 67 decitex and with a cross sectional dimension of <= 1 mm (excl. ...,24,0,0,24,0,6,1,0,0,0,24,0,,,,,,,,,,,,,,,83,74,170,115,75,195,115,86,75,115,82,99
'540600,"Man-made filament yarn, put up for retail sale (excl. sewing thread)",0,0,0,0,0,0,0,0,0,0,0,0,,,,,,,,,,,,,,,8,2,13,64,0,0,83,2,11,55,0,4
'540769,Woven fabrics of yarn containing >= 85% by weight of mixtures of textured and non-textured ...,0,17,0,4,18,0,0,0,0,0,0,0,,,,,,,,,,,,,,,462,384,300,841,609,324,569,656,454,287,259,404
'540794,"Woven fabrics of yarn containing predominantly, but < 85% synthetic filament by weight, incl. ...",0,0,0,0,0,0,0,0,0,0,0,0,,,,,,,,,,,,,,,62,23,27,36,76,32,51,24,3,15,30,54
'550311,"Staple fibres of aramids, not carded, combed or otherwise processed for spinning",0,0,0,0,0,0,0,0,0,0,0,0,,,,,,,,,,,,,,,48,0,55,47,165,16,0,67,147,3,16,0
'550610,"Staple fibres of nylon or other polyamides, carded, combed or otherwise processed for spinning",0,0,0,0,0,0,0,0,0,0,0,0,,,,,,,,,,,,,,,0,0,37,66,0,67,0,0,0,0,0,16
'550912,"Multiple ""folded"" or cabled yarn containing >= 85% nylon or other polyamide staple fibres by ...",0,0,0,0,0,0,0,0,0,0,0,0,,,,,,,,,,,,,,,0,22,0,0,16,2,0,0,0,0,0,28
'550941,"Single yarn containing >= 85% synthetic staple fibres by weight (excl. sewing thread, yarn ...",0,0,0,0,0,0,0,0,0,0,0,0,,,,,,,,,,,,,,,0,131,25,1,80,4,0,0,2,0,0,0
'550992,"Yarn containing predominantly, but < 85% synthetic staple fibres by weight, mixed principally ...",0,0,0,0,0,0,0,0,0,0,0,0,,,,,,,,,,,,,,,0,11,0,0,0,1,0,0,0,0,0,14
'551011,"Single yarn, containing >= 85% artificial staple fibres by weight (excl. sewing thread and ...",0,0,0,0,0,0,0,0,0,0,0,0,,,,,,,,,,,,,,,7,52,40,34,61,13,20,32,29,25,6,18
'551221,"Woven fabrics containing >= 85% acrylic or modacrylic staple fibres by weight, unbleached or ...",0,0,0,0,0,0,0,0,0,0,0,0,,,,,,,,,,,,,,,0,0,0,0,0,1,0,0,0,0,0,0
'551291,"Woven fabrics containing >= 85% synthetic staple fibres by weight, unbleached or bleached (excl. ...",0,0,0,0,0,0,0,0,0,0,0,0,,,,,,,,,,,,,,,1,0,3,0,0,4,0,1,15,0,0,0
'551313,"Woven fabrics containing predominantly, but < 85% polyester staple fibres by weight, mixed ...",0,0,0,0,0,0,0,0,0,0,0,0,,,,,,,,,,,,,,,0,0,0,35,0,0,11,0,5,30,0,30
'551323,"Woven fabrics containing predominantly, but < 85% polyester staple fibres by weight, mixed ...",0,0,0,0,0,0,0,0,0,0,0,0,,,,,,,,,,,,,,,72,17,78,132,5,37,204,28,105,71,41,68
'551519,"Woven fabrics containing predominantly, but < 85% polyester staple fibres by weight, other ...",0,0,0,0,0,0,0,0,0,0,0,0,,,,,,,,,,,,,,,125,48,105,138,93,204,264,53,47,120,185,85
'551599,"Woven fabrics containing predominantly, but < 85% synthetic staple fibres, other than those ...",0,0,0,0,0,0,0,0,0,0,0,0,,,,,,,,,,,,,,,12,21,15,33,27,20,6,80,1,22,28,6
'551624,"Woven fabrics containing predominantly, but < 85% artificial staple fibres by weight, mixed ...",0,0,0,0,0,0,0,0,0,0,0,0,,,,,,,,,,,,,,,136,32,147,287,61,77,20,70,5,3,16,9
'560229,"Felt, not impregnated, coated, covered or laminated (excl. that of wool or fine animal hair; ...",0,0,0,0,0,0,0,0,0,0,0,0,,,,,,,,,,,,,,,19,17,33,22,28,17,52,31,70,10,70,30
'560811,Made-up knotted fishing nets of man-made textile materials (excl. landing nets),0,0,0,0,0,0,0,0,0,0,0,0,,,,,,,,,,,,,,,29,66,7,2,66,122,10,36,153,28,77,32
'570190,"Carpets and other textile floor coverings, of textile materials, knotted, whether or not made ...",0,0,0,0,0,0,0,0,0,0,0,0,,,,,,,,,,,,,,,13,64,28,87,14,30,18,35,26,18,33,29
'570231,"Carpets and other floor coverings, of wool or fine animal hair, woven, not tufted or flocked, ...",0,0,0,0,0,0,0,0,0,0,0,0,,,,,,,,,,,,,,,143,191,123,69,144,32,45,208,13,241,44,220
'570292,"Carpets and other floor coverings, of man-made textile materials, woven, not tufted or flocked, ...",0,0,0,0,0,0,0,0,0,0,0,0,,,,,,,,,,,,,,,200,187,41,114,102,122,132,180,192,62,99,77
'570310,"Carpets and other floor coverings, of wool or fine animal hair, tufted ""needle punched"", whether ...",0,0,0,0,0,0,0,0,0,0,0,0,,,,,,,,,,,,,,,70,130,27,91,76,218,65,104,66,191,70,41
'580121,"Uncut weft pile fabrics, of cotton (excl. terry towelling and similar woven terry fabrics, ...",0,0,0,0,0,0,0,0,0,0,0,0,,,,,,,,,,,,,,,1,0,0,0,0,0,2,0,0,0,1,0
'580123,"Cut weft pile fabrics, of cotton (excl. terry towelling and similar woven terry fabrics, tufted ...",0,0,0,0,0,0,0,0,0,0,0,0,,,,,,,,,,,,,,,0,30,0,51,0,5,0,6,0,45,0,35
'580410,"Tulles and other net fabrics (excl. woven, knitted or crocheted fabrics)",0,0,0,0,0,0,0,0,0,0,0,0,,,,,,,,,,,,,,,94,220,380,315,263,221,163,144,288,237,201,160
'580430,"Handmade lace in the piece, in strips or in motifs (excl. fabrics of heading 6002 to 6006)",0,0,0,0,0,0,0,0,0,0,0,0,,,,,,,,,,,,,,,2,3,0,0,1,1,1,0,0,1,0,2
'580790,"Labels, badges and similar articles, of textile materials, in the piece, in strips or cut to ...",0,0,0,2,0,0,0,0,0,0,0,0,,,,,,,,,,,,,,,12,11,31,33,24,19,12,11,27,28,20,14
'581092,"Embroidery of man-made fibres on a textile fabric base, in the piece, in strips or in motifs ...",0,0,0,0,0,0,0,0,0,0,0,0,,,,,,,,,,,,,,,197,272,135,196,240,322,93,37,78,213,203,107
'590500,Textile wallcoverings,0,0,0,0,0,0,0,0,0,0,0,0,,,,,,,,,,,,,,,11,17,90,15,14,45,21,4,13,5,16,6
'591000,"Transmission or conveyor belts or belting, of textile material, whether or not impregnated, ...",0,0,0,0,0,0,0,0,0,0,0,0,,,,,,,,,,,,,,,953,725,561,607,444,683,666,451,761,726,825,1018
'600129,"Looped pile fabrics, knitted or crocheted (excl. of cotton or man-made fibres)",0,0,0,0,0,0,0,0,0,0,0,0,,,,,,,,,,,,,,,0,0,0,0,0,1,0,0,0,0,0,0
'600544,"Printed warp knit fabrics of artificial fibres ""incl. those made on galloon knitting machines"", ...",0,0,0,0,0,0,0,0,0,0,0,0,,,,,,,,,,,,,,,30,0,0,0,0,2,0,0,0,0,12,0
'470421,"Semi-bleached or bleached coniferous chemical wood pulp, sulphite (excl. dissolving grades)",0,0,0,0,0,0,0,0,0,0,0,0,,,,,,,,,,,,,,,773,99,54,47,0,68,44,66,114,172,209,87
'480261,"Uncoated paper and paperboard, of a kind used for writing, printing or other graphic purposes, ...",0,0,0,0,0,0,0,0,0,0,0,0,,,,,,,,,,,,,,,1104,1541,1661,3891,3403,2608,968,1910,1963,1927,317,1335
'480441,"Unbleached kraft paper and paperboard, uncoated, in rolls of a width > 36 cm or in square or ...",0,0,0,0,0,0,0,0,0,0,0,0,,,,,,,,,,,,,,,366,277,62,66,74,1,0,58,2,63,0,17
'480519,"Fluting paper, uncoated, in rolls of a width > 36 cm or in square or rectangular sheets with ...",0,20,0,0,0,0,0,0,0,0,0,0,,,,,,,,,,,,,,,1162,1021,2202,215,450,1477,1683,1058,1421,966,1583,597
'480525,"Testliner ""recycled liner board"", uncoated, in rolls of a width > 36 cm or in square or rectangular ...",0,0,0,0,0,0,0,0,0,0,0,0,,,,,,,,,,,,,,,453,309,379,229,791,675,867,271,897,459,928,713
'480620,"Greaseproof papers, in rolls of a width > 36 cm or in square or rectangular sheets with one ...",0,0,0,0,0,0,0,0,0,0,0,0,,,,,,,,,,,,,,,1054,1075,702,929,948,1079,692,859,435,1146,1232,795
'480890,"Paper and paperboard, creped, crinkled, embossed or perforated, in rolls of a width > 36 cm ...",0,0,0,0,0,0,0,0,0,0,0,0,,,,,,,,,,,,,,,176,342,161,179,139,230,123,167,272,257,23,74
'481099,"Paper and paperboard, coated on one or both sides with kaolin ""China clay"" or other inorganic ...",0,0,0,0,0,0,0,0,0,0,0,0,,,,,,,,,,,,,,,417,438,712,164,856,365,602,217,799,602,1184,1106
'481110,"Tarred, bituminised or asphalted paper and paperboard, in rolls or in square or rectangular ...",0,0,0,0,0,0,0,0,0,0,0,0,,,,,,,,,,,,,,,18,0,30,16,24,56,43,87,4,1,18,44
'481149,"Gummed or adhesive paper and paperboard, surface-coloured, surface-decorated or printed, in ...",0,0,0,0,0,0,0,0,0,0,0,0,,,,,,,,,,,,,,,123,90,52,125,109,85,128,107,14,30,169,57
'481310,Cigarette paper in the form of booklets or tubes,0,0,0,0,0,0,0,0,0,0,0,0,,,,,,,,,,,,,,,506,721,228,846,258,547,570,518,439,250,658,293
'481420,"Wallpaper and similar wallcoverings of paper, consisting of paper coated or covered, on the ...",0,0,0,0,0,0,0,0,0,0,0,0,,,,,,,,,,,,,,,503,432,442,491,481,397,401,418,252,356,307,362
'481620,"Self-copy paper, in rolls of a width of <= 36 cm or in rectangular or square sheets with no ...",0,0,0,0,0,0,0,0,0,0,0,0,,,,,,,,,,,,,,,76,250,220,301,305,321,229,184,101,132,191,148
'490110,"Printed books, brochures and similar printed matter, in single sheets, whether or not folded ...",3,1,1,0,0,0,0,0,0,0,0,0,,,,,,,,,,,,,,,191,456,677,473,341,319,820,342,215,264,344,369
'490520,"Maps and hydrographic or similar charts of all kinds, incl. atlases and topographical plans, ...",0,0,0,0,0,0,0,0,0,0,0,0,,,,,,,,,,,,,,,1,0,2,1,1,5,3,2,2,2,2,2
'490600,"Plans and drawings for architectural, engineering, industrial, commercial, topographical or ...",0,0,0,0,0,0,0,0,0,0,0,0,,,,,,,,,,,,,,,1,1,1,1,1,1,1,0,1,2,4,7
'490900,"Printed or illustrated postcards; printed cards bearing personal greetings, messages or announcements, ...",0,0,0,0,0,0,0,0,0,0,0,0,,,,,,,,,,,,,,,202,139,128,95,98,65,114,98,122,87,178,100
'500200,"Raw silk ""non-thrown""",0,0,0,0,0,0,0,0,0,0,0,0,,,,,,,,,,,,,,,0,0,0,2,0,0,0,0,0,0,0,0
'500400,Silk yarn (excl. that spun from silk waste and that put up for retail sale),0,0,0,0,0,0,0,0,0,0,0,0,,,,,,,,,,,,,,,0,0,0,0,0,0,4,0,0,7,0,0
'510129,"Degreased wool, non-carbonised, neither carded nor combed (excl. shorn wool)",0,0,0,0,0,0,0,0,0,0,0,0,,,,,,,,,,,,,,,0,0,0,0,0,0,0,1,0,0,0,0
'510539,"Fine animal hair, carded or combed (excl. wool and hair of Kashmir ""cashmere"" goats)",0,0,0,0,0,0,0,0,0,0,0,0,,,,,,,,,,,,,,,0,0,0,323,110,128,0,0,154,387,144,306
'510540,"Coarse animal hair, carded or combed",0,0,0,0,0,0,0,0,0,0,0,0,,,,,,,,,,,,,,,0,0,0,0,0,0,0,0,0,0,0,0
'510620,"Carded wool yarn containing predominantly, but < 85% wool by weight (excl. that put up for ...",0,0,0,0,0,0,0,0,0,0,0,0,,,,,,,,,,,,,,,0,0,0,0,0,77,0,0,0,12,0,0
'520291,Garnetted stock of cotton,0,0,0,0,0,0,0,0,0,0,0,0,,,,,,,,,,,,,,,0,0,0,0,0,0,0,0,0,0,0,0
'520300,"Cotton, carded or combed",0,0,0,0,0,0,0,0,0,0,0,0,,,,,,,,,,,,,,,107,38,0,0,87,20,37,0,33,59,29,20
'520411,"Sewing thread, containing >= 85% cotton by weight (excl. that put up for retail sale)",0,0,0,0,0,0,0,0,0,0,0,0,,,,,,,,,,,,,,,4,1,0,28,1,3,2,2,0,2,0,2
'520515,"Single cotton yarn, of uncombed fibres, containing >= 85% cotton by weight and with a linear ...",0,0,0,0,0,0,0,0,0,0,0,0,,,,,,,,,,,,,,,0,0,0,0,9,0,0,0,0,0,0,0
'520611,"Single cotton yarn containing predominantly, but < 85% cotton by weight, of uncombed fibres ...",0,0,0,0,0,0,0,0,0,0,0,0,,,,,,,,,,,,,,,1,0,0,9,0,0,0,0,0,0,0,15
'520613,"Single cotton yarn containing predominantly, but < 85% cotton by weight, of uncombed fibres ...",0,0,0,0,0,0,0,0,0,0,0,0,,,,,,,,,,,,,,,38,96,9,34,108,28,39,0,8,0,0,0
'520831,"Plain woven fabrics of cotton, containing >= 85% cotton by weight and weighing <= 100 g/m_, ...",0,0,0,0,0,0,0,0,0,0,0,0,,,,,,,,,,,,,,,38,102,106,86,21,25,18,10,8,2,27,12
'521059,"Woven fabrics of cotton, containing predominantly, but < 85% cotton by weight, mixed principally ...",0,0,0,0,0,0,0,0,0,0,0,0,,,,,,,,,,,,,,,16,20,121,25,21,31,36,2,25,16,2,23
'521149,"Woven fabrics of cotton, containing predominantly, but < 85% cotton by weight, mixed principally ...",0,0,0,0,0,0,0,0,0,0,0,0,,,,,,,,,,,,,,,3,21,7,31,21,23,13,11,10,9,17,12
'521151,"Plain woven fabrics of cotton, containing predominantly, but < 85% cotton by weight, mixed ...",0,0,0,0,0,0,0,0,0,0,0,0,,,,,,,,,,,,,,,4,1,26,0,52,2,9,0,26,0,18,9
'521223,"Woven fabrics of cotton, containing predominantly, but < 85% cotton by weight, other than those ...",0,0,0,0,0,0,0,0,0,0,0,0,,,,,,,,,,,,,,,2,3,11,27,6,15,7,14,52,4,60,13
'530129,"Flax, hackled or otherwise processed, but not spun (excl. broken, scutched and retted flax)",0,0,0,0,0,0,0,0,0,0,0,0,,,,,,,,,,,,,,,89,0,0,40,0,0,0,0,10,0,0,0
'530500,"Coconut, abaca ""Manila hemp or Musa textilis Nee"", ramie, agave and other vegetable textile ...",0,0,0,0,0,0,0,0,0,0,0,0,,,,,,,,,,,,,,,414,607,781,797,1092,1346,965,1373,1101,1060,1666,1710
'240110,"Tobacco, unstemmed or unstripped",0,0,0,0,0,0,0,0,0,0,0,0,,,,,,,,,,,,,,,0,30,446,61,30,163,170,740,61,0,1517,816
'240120,"Tobacco, partly or wholly stemmed or stripped, otherwise unmanufactured",0,0,0,0,0,0,0,0,0,0,0,0,,,,,,,,,,,,,,,9321,7113,4565,6230,4801,19132,12550,6557,5969,7727,9692,14644
'240130,Tobacco refuse,0,0,0,0,0,0,0,0,0,0,0,0,,,,,,,,,,,,,,,1100,276,220,76,193,203,9,14,96,39,238,240
'240290,"Cigars, cheroots, cigarillos and cigarettes consisting wholly of tobacco substitutes",0,0,0,0,0,0,0,0,0,0,0,0,,,,,,,,,,,,,,,0,0,0,0,0,0,2,21,17,21,0,0
'240319,"Smoking tobacco, whether or not containing tobacco substitutes in any proportion (excl. water-pipe ...",0,0,0,0,0,0,0,0,0,0,0,0,,,,,,,,,,,,,,,189,237,151,55,84,167,17,215,124,31,67,88
'240412,"Products containing nicotine, intended for inhalation without combustion (excl. containing ...",0,0,0,0,0,0,0,0,0,0,0,0,,,,,,,,,,,,,,,1729,7020,5328,4918,4337,5711,6984,4702,6185,7911,4842,5182
'250610,Quartz (excl. quartz sands),0,0,0,0,0,0,0,0,0,0,0,0,,,,,,,,,,,,,,,335,245,340,305,340,367,337,85,157,339,218,687
'250850,"Andalusite, kyanite and sillimanite",0,0,0,0,0,0,0,0,0,0,0,0,,,,,,,,,,,,,,,2,0,31,16,0,0,12,0,4,17,0,0
'250900,Chalk,0,0,0,0,0,0,0,0,0,0,0,0,,,,,,,,,,,,,,,2,6,7,1,2,9,7,7,6,2,1,4
'251512,"Marble and travertine, merely cut, by sawing or otherwise, into blocks or slabs of a square ...",0,0,0,0,0,0,0,0,0,0,0,0,,,,,,,,,,,,,,,56,51,87,70,117,49,53,17,60,60,33,88
'251690,"Porphyry, basalt and other monumental or building stone, whether or not roughly trimmed or ...",0,0,0,0,0,0,0,0,0,0,0,0,,,,,,,,,,,,,,,1,1,1,0,0,6,3,0,7,0,11,5
'252321,"White portland cement, whether or not artificially coloured",0,0,0,1963,0,0,0,0,0,0,1992,0,,,,,,,,,,,,,,,81,110,76,2306,185,280,217,172,87,226,2032,70
'252510,Crude mica and mica rifted into sheets or splittings,0,0,0,0,0,0,0,0,0,0,0,0,,,,,,,,,,,,,,,0,0,0,0,12,7,0,0,0,0,36,0
'260112,Agglomerated iron ores and concentrates (excl. roasted iron pyrites),0,0,0,0,0,0,0,0,0,0,0,0,,,,,,,,,,,,,,,0,0,0,0,0,80,0,1,1,1,1,1
'261310,Roasted molybdenum ores and concentrates,0,0,0,0,0,0,0,0,0,0,0,0,,,,,,,,,,,,,,,0,0,0,0,0,0,0,153,0,0,0,0
'261400,Titanium ores and concentrates,0,0,0,0,0,0,0,0,0,0,0,0,,,,,,,,,,,,,,,184,0,0,0,0,127,78,7,81,0,1,76
'381900,Hydraulic brake fluids and other prepared liquids for hydraulic transmission not containing ...,0,0,0,0,0,0,0,0,0,0,0,0,,,,,,,,,,,,,,,1027,1482,1518,1460,1647,1155,1298,1525,1423,1441,1023,1458
'382290,Certified reference materials,0,0,0,0,0,0,0,0,0,0,0,0,,,,,,,,,,,,,,,3133,2818,4052,4055,3292,5520,4516,5145,4337,5097,4275,3463
'382488,"Mixtures and preparations containing tetra-, penta-, hexa-, hepta- or octabromodiphenyl ethers",0,0,0,0,0,0,0,0,0,0,0,0,,,,,,,,,,,,,,,0,0,0,0,0,0,0,0,0,0,0,0
'382491,"Mixtures and preparations consisting mainly of ""5-ethyl-2-methyl-2-oxido-1,3,2-dioxaphosphinan-5-yl""methyl ...",0,0,0,0,0,0,0,0,0,0,0,0,,,,,,,,,,,,,,,3,68,28,19,62,28,1,86,102,24,45,30
'382590,"Residual products of the chemical or allied industries, n.e.s. (excl. waste)",0,0,0,0,0,0,0,0,0,0,0,0,,,,,,,,,,,,,,,0,0,1,0,0,0,4,0,0,6,0,0
'382600,"Biodiesel and mixtures thereof, not containing or containing < 70 % by weight of petroleum ...",0,0,0,0,0,0,0,0,0,0,0,0,,,,,,,,,,,,,,,0,0,0,0,0,0,2,0,1,3,0,20
'382711,"Mixtures containing chlorofluorocarbons ""CFCs"", whether or not containing hydrochlorofluorocarbons ...",0,0,0,0,0,0,0,0,0,0,0,0,,,,,,,,,,,,,,,0,0,0,0,0,0,0,0,0,0,0,0
'382739,"Mixtures containing hydrochlorofluorocarbons ""HCFCs"" (excl. containing chlorofluorocarbons ...",0,0,0,0,0,0,0,0,0,0,0,0,,,,,,,,,,,,,,,0,0,0,0,0,0,0,0,0,0,0,0
'382769,"Mixtures containing other hydrofluorocarbons ""HFCs"" than in subheadings of 3827 till 3827.59 ...",0,0,0,0,0,0,0,0,0,0,0,0,,,,,,,,,,,,,,,2,0,3,1,2,0,0,3,1,0,2,0
'382790,"Mixtures containing halogenated derivatives of methane, ethane or propane, n.e.s.",0,0,0,0,0,0,0,0,0,0,0,0,,,,,,,,,,,,,,,15,15,0,15,0,15,15,6,30,1,15,30
'350691,Adhesives based on polymers of headings 3901 to 3913 or on rubber (excl. put up for retail ...,0,0,0,0,0,0,0,0,0,0,0,0,,,,,,,,,,,,,,,3426,3333,4610,4663,4108,4369,4438,4459,3785,3423,3688,4779
'360360,Electric detonators (excl. grenade detonators),0,0,0,0,0,0,0,0,0,0,0,0,,,,,,,,,,,,,,,1851,684,2493,280,1899,1093,47,251,27,40,12,25
'360500,Matches (excl. pyrotechnic articles of heading 3604),0,0,0,0,0,0,0,0,0,0,0,0,,,,,,,,,,,,,,,70,92,68,14,206,119,158,78,70,53,135,44
'370210,"Photographic film in rolls, unexposed, for X-ray (excl. of paper, paperboard or textiles)",0,0,0,0,0,0,0,0,0,0,0,0,,,,,,,,,,,,,,,1,0,0,0,0,1,1,0,13,0,23,0
'370242,"Photographic film ""incl. instant print film"", sensitised, in rolls, unexposed, without perforations, ...",0,0,0,0,0,0,0,0,0,0,0,0,,,,,,,,,,,,,,,0,0,5,0,0,0,0,0,0,0,0,0
'370244,"Photographic film ""incl. instant print film""m, sensitised, in rolls, unexposed, without perforations, ...",0,0,0,0,0,0,0,0,0,0,0,0,,,,,,,,,,,,,,,2,2,5,70,11,20,40,9,36,26,1,30
'370390,"Photographic paper, paperboard and textiles, sensitised, unexposed, for monochrome photography ...",0,0,0,0,0,0,0,0,0,0,0,0,,,,,,,,,,,,,,,2,0,193,0,1,158,12,170,3,5,1,97
'370400,"Photographic plates, film, paper, paperboard and textiles, exposed but not developed",0,0,0,0,0,0,0,0,0,0,0,0,,,,,,,,,,,,,,,6,2,2,44,1,1,1,8,0,4,0,14
'370690,"Cinematographic film, exposed and developed, whether or not incorporating soundtrack or consisting ...",0,0,0,0,0,0,0,0,0,0,0,0,,,,,,,,,,,,,,,0,0,0,0,0,0,0,0,0,0,0,0
'380590,Crude dipentene; sulphite turpentine and other crude para-cymene; terpenic oils produced by ...,0,0,0,0,0,0,0,0,0,0,0,0,,,,,,,,,,,,,,,379,555,338,426,872,749,774,1255,952,991,524,1189
'380892,"Fungicides, put up in forms or packings for retail sale or as preparations or articles (excl. ...",0,0,0,0,0,0,0,105,53,0,0,0,,,,,,,,,,,,,,,3814,9782,6342,10591,8717,5886,11201,6537,2566,5711,3866,14553
'380894,"Disinfectants, put up in forms or packings for retail sale or as preparations or articles (excl. ...",0,0,0,0,0,0,0,0,0,0,0,0,,,,,,,,,,,,,,,1349,521,942,680,645,581,581,695,574,590,842,1082
'270300,"Peat, incl. peat litter, whether or not agglomerated",0,0,0,0,0,0,0,0,0,0,0,0,,,,,,,,,,,,,,,793,1227,790,696,875,1073,678,721,929,564,921,849
'270799,Oils and other products of the distillation of high temperature coal tars; similar products ...,0,0,0,0,0,0,0,0,0,0,0,0,,,,,,,,,,,,,,,0,52,290,87,44,0,136,82,0,0,131,0
'271012,"Light oils and preparations, of petroleum or bituminous minerals which >= 90% by volume ""incl. ...",0,0,0,0,0,0,0,0,0,0,0,0,,,,,,,,,,,,,,,995774,740200,1092753,1044497,1051480,1189953,721037,1120351,917265,885921,1201308,2521376
'271119,"Gaseous hydrocarbons, liquefied, n.e.s. (excl. natural gas, propane, butane, ethylene, propylene, ...",0,0,0,0,0,0,0,0,0,0,0,0,,,,,,,,,,,,,,,53,30,73,43,28,25,8,93,21,23,44,72
'271121,Natural gas in gaseous state,0,0,0,0,0,0,0,0,0,0,0,0,,,,,,,,,,,,,,,402,189,177,199,175,152,215,196,196,156,0,265
'271320,Petroleum bitumen,0,0,0,0,0,0,0,0,0,0,0,0,,,,,,,,,,,,,,,11759,8082,12719,3257,20600,6705,25255,4552,18289,11404,15241,10517
'271390,Residues of petroleum oil or of oil obtained from bituminous minerals (excl. petroleum coke ...,0,0,0,0,0,0,0,0,0,0,0,0,,,,,,,,,,,,,,,0,0,0,0,0,0,0,0,0,2,0,0
'280120,Iodine,0,0,0,0,0,0,0,0,0,0,0,0,,,,,,,,,,,,,,,1,0,1,1,3,187,0,1,1,1,26,176
'280421,Argon,0,0,0,0,0,0,0,0,0,0,0,0,,,,,,,,,,,,,,,0,0,0,2,0,20,5,44,1,2,4,13
'280490,Selenium,0,0,0,0,0,0,0,0,0,0,0,0,,,,,,,,,,,,,,,72,203,235,0,42,3,0,255,18,316,65,75
'281000,Oxides of boron; boric acids,0,0,0,0,0,0,0,0,0,0,0,0,,,,,,,,,,,,,,,238,198,315,287,336,192,359,687,381,1,499,89
'281112,"Hydrogen cyanide ""hydrocyanic acid""",0,0,0,0,0,0,0,0,0,0,0,0,,,,,,,,,,,,,,,0,0,0,0,0,0,0,0,0,0,0,0
'281129,"Inorganic oxygen compounds of non-metals (excl. diphosphorus pentaoxide, oxides of boron, carbon ...",0,0,0,0,0,0,0,0,0,0,0,0,,,,,,,,,,,,,,,161,355,436,172,333,378,53,143,90,121,207,171
'281520,"Potassium hydroxide ""caustic potash""",0,0,0,0,0,0,0,0,0,0,0,0,,,,,,,,,,,,,,,1022,383,552,425,211,732,495,660,1069,754,522,756
'281700,Zinc oxide; zinc peroxide,0,0,29,0,0,0,0,0,0,0,0,0,,,,,,,,,,,,,,,245,86,389,276,167,416,599,408,453,236,469,291
'281810,"Corundum, artificial, whether or not chemically defined",0,0,0,0,0,0,0,0,0,0,0,0,,,,,,,,,,,,,,,363,337,956,148,287,326,527,160,159,273,223,128
'281820,Aluminium oxide (excl. artificial corundum),0,0,0,0,0,0,0,0,0,0,0,0,,,,,,,,,,,,,,,85418,26956,56161,40200,61077,41873,41051,38469,56544,46091,36475,36880
'281830,Aluminium hydroxide,0,0,0,0,0,0,0,0,0,0,0,0,,,,,,,,,,,,,,,338,480,598,218,260,896,248,180,679,271,681,1042
'282010,Manganese dioxide,0,0,0,0,0,0,0,0,0,0,0,0,,,,,,,,,,,,,,,32,0,0,0,0,0,0,1,0,0,0,0
'282090,Manganese oxides (excl. manganese dioxide),0,0,0,0,0,0,0,0,0,0,0,0,,,,,,,,,,,,,,,20,10,2,3,11,0,52,21,10,0,0,1
'282510,Hydrazine and hydroxylamine and their inorganic salts,0,0,0,0,0,0,0,0,0,0,0,0,,,,,,,,,,,,,,,13,55,26,61,116,119,8,26,186,26,119,12
'282540,Nickel oxides and hydroxides,0,0,0,0,0,0,0,0,0,0,0,0,,,,,,,,,,,,,,,0,21,0,0,0,0,1,0,0,0,0,4
'282751,Bromides of sodium or of potassium,0,0,0,0,0,0,0,0,0,0,0,0,,,,,,,,,,,,,,,115,28,51,10,10,10,9,19,147,9,180,29
'282759,"Bromides and bromide oxides (excl. of sodium, potassium and mercury)",0,0,0,0,0,0,0,0,0,0,0,0,,,,,,,,,,,,,,,1,1,0,140,5,1,113,0,1,0,0,50
'283210,Sodium sulphites,0,0,0,0,0,0,0,0,0,0,0,0,,,,,,,,,,,,,,,807,1173,1190,899,1529,1843,1765,1615,1496,981,1259,701
'283539,"Polyphosphates, whether or not chemically defined (excl. sodium triphosphate ""sodium tripolyphosphate"", ...",0,0,0,0,0,0,0,0,0,0,0,0,,,,,,,,,,,,,,,858,751,829,859,1300,943,1004,1087,1125,1064,1710,1386
'283719,Cyanides and cyanide oxides (excl. sodium and mercury),0,0,0,0,0,0,0,0,0,0,0,0,,,,,,,,,,,,,,,102,2,24,10,28,97,16,0,45,10,0,8
'284150,Chromates and dichromates; peroxochromates (excl. sodium dichromate and inorganic or organic ...,0,0,0,0,0,0,0,0,0,0,0,0,,,,,,,,,,,,,,,118,109,111,1,120,143,43,50,200,0,71,330
'284390,"Inorganic or organic compounds of precious metals, whether or not chemically defined (excl. ...",0,0,0,0,0,0,0,0,0,0,0,0,,,,,,,,,,,,,,,11917,7077,2020,7501,12014,8922,9420,12606,5604,5259,6797,15435
'284441,"Tritium and its compounds; alloys, dispersions incl. cermets, ceramic products and mixtures ...",0,0,0,0,0,0,0,0,0,0,0,0,,,,,,,,,,,,,,,0,0,1,0,1,0,0,0,0,0,0,33
'290129,"Hydrocarbons, acyclic, unsaturated (excl. ethylene, propene ""propylene"", butene ""butylene"" ...",0,0,0,0,0,0,0,0,0,0,0,0,,,,,,,,,,,,,,,267,211,187,198,112,221,199,79,268,376,342,441
'290319,"Saturated chlorinated derivatives of acyclic hydrocarbons (excl. chloromethane [methyl chloride], ...",0,0,0,0,0,0,0,0,0,0,0,0,,,,,,,,,,,,,,,45,4,0,0,0,127,164,98,0,0,158,53
'290323,"Tetrachloroethylene ""perchloroethylene""",0,0,0,0,0,0,0,0,0,0,0,0,,,,,,,,,,,,,,,114,105,172,90,42,82,68,106,48,89,87,119
'290346,"1,1,1,2,3,3,3-Heptafluoropropane ""HFC-227ea"", 1,1,1,2,2,3-hexafluoropropane ""HFC-236cb"", 1,1,1,2,3,3-hexafluoropropane ...",0,0,0,0,0,0,0,0,0,0,0,0,,,,,,,,,,,,,,,111,0,97,95,0,0,239,139,0,0,0,97
'290348,"1,1,1,3,3-Pentafluorobutane ""HFC-365mfc"" and 1,1,1,2,2,3,4,5,5,5-decafluoropentane ""HFC-43-10mee""",0,0,0,0,0,0,0,0,0,0,0,0,,,,,,,,,,,,,,,10,5,0,0,0,0,0,0,10,0,9,0
'290351,"2,3,3,3-Tetrafluoropropene ""HFO-1234yf"", 1,3,3,3-tetrafluoropropene ""HFO-1234ze"" and (Z)-1,1,1,4,4,4-hexafluoro-2-butene ...",0,0,0,0,0,0,0,0,0,0,0,0,,,,,,,,,,,,,,,1,1355,567,1321,1869,6,0,1320,0,583,1792,0
'290376,"Bromochlorodifluoromethane, bromotrifluoromethane and dibromotetrafluoroethanes",0,0,0,0,0,0,0,0,0,0,0,0,,,,,,,,,,,,,,,12,0,0,0,0,0,0,0,0,0,0,0
'290389,"Halogenated derivatives of cyclanic, cyclenic or cycloterpenic hydrocarbons (excl. 1,2,3,4,5,6-Hexachlorocyclohexane ...",0,0,0,0,0,0,0,0,0,0,0,0,,,,,,,,,,,,,,,0,0,0,0,0,0,0,0,0,0,0,0
'290499,"Sulphonated, nitrated or nitrosated derivatives of hydrocarbons, whether or not halogenated ...",0,0,0,0,0,0,0,0,0,0,0,0,,,,,,,,,,,,,,,6,7,1,39,16,25,5,0,139,67,0,77
'290514,"Butanols (excl. butan-1-ol ""n-butyl alcohol"")",0,0,0,0,0,0,0,0,0,0,0,0,,,,,,,,,,,,,,,6,12,12,5,9,4,3,5,4,9,7,5
'290516,"Octanol ""octyl alcohol"" and isomers thereof",0,0,0,0,0,0,0,0,0,0,0,0,,,,,,,,,,,,,,,431,378,17,401,439,542,1,909,286,10,9,886
'290531,"Ethylene glycol ""ethanediol""",0,0,0,0,0,0,0,0,0,0,0,0,,,,,,,,,,,,,,,3688,1078,3370,3504,3125,2898,3922,3282,3792,1007,4270,8206
'290943,Monobutyl ethers of ethylene glycol or of diethylene glycol,0,0,0,0,0,0,0,0,0,0,0,0,,,,,,,,,,,,,,,705,614,424,573,866,164,433,150,551,863,157,163
'291412,"Butanone ""methyl ethyl ketone""",0,0,0,0,0,0,0,0,0,0,0,0,,,,,,,,,,,,,,,0,0,5,13,6,0,14,31,0,0,0,1
'291479,"Halogenated, sulphonated, nitrated or nitrosated derivatives of ketones or quinones (excl. ...",0,0,0,0,0,0,0,0,0,0,0,0,,,,,,,,,,,,,,,158,113,7,16,190,25,97,5,5,239,150,31
'291521,Acetic acid,0,0,0,0,0,0,0,0,0,0,0,0,,,,,,,,,,,,,,,683,510,583,560,428,533,532,392,423,367,483,574
'291531,Ethyl acetate,0,0,0,0,0,0,0,0,0,0,0,0,,,,,,,,,,,,,,,32,4,106,54,64,71,51,74,2,145,59,150
'291533,n-Butyl acetate,0,0,0,0,0,0,0,0,0,0,0,0,,,,,,,,,,,,,,,132,243,118,128,159,204,149,196,265,300,149,193
'291613,Methacrylic acid and its salts,0,0,0,0,0,0,0,0,0,0,0,0,,,,,,,,,,,,,,,210,209,151,215,74,238,306,313,240,336,166,137
'291639,"Aromatic monocarboxylic acids, their anhydrides, halides, peroxides, peroxyacids and their ...",0,0,0,0,0,0,0,0,0,0,0,0,,,,,,,,,,,,,,,392,166,167,94,87,250,21,157,75,70,50,795
'291711,"Oxalic acid, its salts and esters (excl. inorganic or organic compounds of mercury)",0,0,0,0,0,0,0,0,0,0,0,0,,,,,,,,,,,,,,,12,14,13,15,3,13,5,22,3,1,6,8
'291713,"Azelaic acid, sebacic acid, their salts and esters",0,0,0,0,0,0,0,0,0,0,0,0,,,,,,,,,,,,,,,0,46,81,9,119,73,43,4,5,25,24,15
'291733,Dinonyl or didecyl orthophthalates,0,0,0,0,0,0,0,0,0,0,0,0,,,,,,,,,,,,,,,27,0,0,0,0,0,0,0,26,101,24,3
'291735,Phthalic anhydride,0,0,0,0,0,0,0,0,0,0,0,0,,,,,,,,,,,,,,,339,136,448,75,189,142,332,164,219,212,280,1276
'291910,"Tris""2,3-dibromopropyl"" phosphate",0,0,0,0,0,0,0,0,0,0,0,0,,,,,,,,,,,,,,,15,0,0,0,1,0,0,22,0,0,0,37
'292019,"Thiophosphoric esters ""phosphorothioates"" and their salts; their halogenated, sulphonated, ...",0,0,0,0,0,0,0,0,0,0,0,0,,,,,,,,,,,,,,,21,118,69,71,120,53,52,53,110,231,57,295
'292090,"Esters of inorganic acids of non-metals and their salts; their halogenated, sulphonated, nitrated ...",0,0,0,0,0,0,0,0,0,0,0,0,,,,,,,,,,,,,,,189,73,74,151,215,115,147,64,76,136,79,209
'292111,"Methylamine, dimethylamine or trimethylamine and their salts",0,0,0,0,0,0,0,0,0,0,0,0,,,,,,,,,,,,,,,1230,595,834,667,557,642,1001,934,526,755,266,576
'292119,"Acyclic monoamines and their derivatives; salts thereof (excl. methylamine, dimethylamine, ...",0,0,0,0,0,0,0,0,0,0,0,0,,,,,,,,,,,,,,,658,694,581,234,129,623,305,308,521,294,291,533
'292121,Ethylenediamine and its salts,0,0,0,0,0,0,0,0,0,0,0,0,,,,,,,,,,,,,,,120,130,123,43,140,274,129,198,150,345,331,243
'292142,Aniline derivatives and their salts,0,0,0,0,0,0,0,0,0,0,0,0,,,,,,,,,,,,,,,1,28,57,65,1,131,19,0,61,16,1,73
'292144,Diphenylamine and its derivatives; salts thereof,0,0,0,0,0,0,0,0,0,0,0,0,,,,,,,,,,,,,,,0,1,0,0,142,0,1,1,18,1,0,42
'292217,Methyldiethanolamine and ethyldiethanolamine,0,0,0,0,0,0,0,0,0,0,0,0,,,,,,,,,,,,,,,0,0,9,0,0,0,45,0,0,1,2,0
'292219,"Amino-alcohols, their ethers and esters; salts thereof (other than those containing > one kind ...",0,0,0,0,0,0,0,0,0,0,0,0,,,,,,,,,,,,,,,660,416,280,547,666,496,510,785,610,201,699,733
'292221,Aminohydroxynaphthalenesulphonic acids and their salts,0,0,0,0,0,0,0,0,0,0,0,0,,,,,,,,,,,,,,,0,1,0,1,1,0,0,0,0,0,0,0
'292244,"Tilidine ""INN"" and its salts",0,0,0,0,0,0,0,0,0,0,0,0,,,,,,,,,,,,,,,0,0,0,0,0,0,0,0,0,0,0,0
'292419,"Acyclic amides, incl. acyclic carbamates, and their derivatives, and salts thereof (excl. meprobamate ...",0,0,0,0,0,0,0,0,0,0,0,0,,,,,,,,,,,,,,,296,865,310,509,461,601,649,588,654,585,690,287
'292421,Ureines and their derivatives; salts thereof,0,0,0,0,0,0,0,0,0,0,0,0,,,,,,,,,,,,,,,24,198,351,89,164,164,336,77,349,83,108,31
'292511,Saccharin and its salts,0,0,0,0,0,0,0,0,0,0,0,0,,,,,,,,,,,,,,,319,451,149,180,394,254,161,185,145,245,95,377
'292620,"1-Cyanoguanidine ""dicyandiamide""",0,0,0,0,0,0,0,0,0,0,0,0,,,,,,,,,,,,,,,0,0,9,0,24,9,0,0,0,0,0,25
'292690,"Nitrile-function compounds (excl. acrylonitrile, 1-cyanoguanidine ""dicyandiamide"", fenproporex ...",0,0,0,0,0,0,0,0,0,0,0,0,,,,,,,,,,,,,,,494,904,1072,134,438,1078,1108,1027,791,667,1112,1227
'293030,"Thiuram mono-, di- or tetrasulphides",0,0,0,0,0,0,0,0,0,0,0,0,,,,,,,,,,,,,,,158,37,0,1,89,176,166,0,0,178,15,17
'293060,"2-(N,N-Diethylamino)ethanethiol",0,0,0,0,0,0,0,0,0,0,0,0,,,,,,,,,,,,,,,0,0,0,0,0,0,0,5,0,0,0,0
'293148,"3,9-Dimethyl-2,4,8,10-tetraoxa-3,9-diphosphaspiro[5.5] undecane 3,9-dioxide",0,0,0,0,0,0,0,0,0,0,0,0,,,,,,,,,,,,,,,30,0,0,0,0,0,0,0,0,0,0,0
'293154,"Trichlorfon ""ISO""",0,0,0,0,0,0,0,0,0,0,0,0,,,,,,,,,,,,,,,0,0,0,0,0,0,0,0,0,0,0,33
'293296,"Carbofuran ""ISO""",0,0,0,0,0,0,0,0,0,0,0,0,,,,,,,,,,,,,,,0,0,0,248,504,0,0,0,0,0,241,258
'293339,"Heterocyclic compounds with nitrogen hetero-atom[s] only, containing an unfused pyridine ring, ...",0,0,0,0,0,28,0,0,0,0,0,0,,,,,,,,,,,,,,,1112,721,955,833,731,1026,399,958,712,981,379,1053
'293621,"Vitamins A and their derivatives, used primarily as vitamins",0,0,0,0,0,0,0,0,0,0,0,0,,,,,,,,,,,,,,,869,786,1021,631,753,763,426,1036,391,905,627,723
'293712,"Insulin and its salts, used primarily as hormones",0,0,0,0,0,0,0,0,0,0,0,0,,,,,,,,,,,,,,,109,12,3,223,234,335,1,432,1,1138,2,2
'293979,"Vegetal alkaloids, natural or reproduced by synthesis, and their salts, ethers, esters and ...",0,0,0,0,0,0,0,0,0,0,0,0,,,,,,,,,,,,,,,261,233,206,457,37,300,93,47,947,553,124,485
'293980,"Non-vegetal alkaloids, natural or reproduced by synthesis, and their salts, ethers, esters ...",0,0,0,0,0,0,0,0,0,0,0,0,,,,,,,,,,,,,,,7,12,96,15,2,43,15,0,2,121,12,5
'300120,"Extracts of glands or other organs or of their secretions, for organo-therapeutic uses",0,0,0,0,0,0,0,0,0,0,0,0,,,,,,,,,,,,,,,656,4,1,2,332,0,3,0,0,0,1,344
'300410,"Medicaments containing penicillins or derivatives thereof with a penicillanic acid structure, ...",0,0,0,0,0,0,0,0,0,0,0,0,,,,,,,,,,,,,,,2197,2896,1440,1940,2589,4831,1404,3296,6086,2898,4490,5577
'300449,"Medicaments containing alkaloids or derivatives thereof, not containing hormones, steroids ...",0,0,0,0,0,0,0,0,0,0,0,0,,,,,,,,,,,,,,,3253,2623,1551,1268,545,1363,681,1476,1266,861,2817,2221
'300510,"Adhesive dressings and other articles having an adhesive layer, impregnated or covered with ...",0,0,0,0,0,0,0,0,0,0,0,0,,,,,,,,,,,,,,,2881,2168,2013,1908,1854,2480,2304,2868,2872,6608,3302,1901
'300660,"Chemical contraceptive preparations based on hormones, prostaglandins, thromboxanes, leukotrienes, ...",0,0,0,0,0,0,0,0,0,0,0,0,,,,,,,,,,,,,,,1922,832,520,3925,4740,1624,2329,2826,2288,1359,3679,3122
'300670,Gel preparations designed to be used in human or veterinary medicine as a lubricant for parts ...,0,0,0,0,0,0,0,0,0,0,0,0,,,,,,,,,,,,,,,251,168,211,166,203,169,250,90,98,101,205,411
'320490,"Synthetic organic products of a kind used as luminophores, whether or not chemically defined",0,0,0,0,0,0,0,0,0,0,0,0,,,,,,,,,,,,,,,50,16,45,41,186,81,121,163,180,231,251,171
'320611,Pigments and preparations based on titanium dioxide of a kind used for colouring any material ...,0,0,0,0,0,0,0,0,0,0,0,0,,,,,,,,,,,,,,,3140,2419,3060,4264,4844,4127,5822,4440,3496,2417,4472,3419
'321210,Stamping foils of a kind used in the printing of book bindings or hatband leather,0,0,0,0,0,0,0,0,0,0,0,0,,,,,,,,,,,,,,,306,308,592,223,644,439,575,735,390,604,214,546
'330125,"Oils of mints, whether or not terpeneless, incl. concretes and absolutes (excl. those of peppermint ...",0,0,0,0,0,0,0,0,0,0,0,0,,,,,,,,,,,,,,,3,14,19,23,30,59,40,60,0,14,83,200
'330510,Shampoos,0,0,0,0,0,0,0,0,0,0,0,0,,,,,,,,,,,,,,,2221,2128,3043,1922,2599,2733,1210,2239,2410,2235,2537,2577
'330590,"Preparations for use on the hair (excl. shampoos, preparations for permanent waving or straightening ...",0,0,0,0,0,0,0,0,0,0,0,0,,,,,,,,,,,,,,,3885,3103,3788,3320,4090,4301,1936,3409,3878,2093,3839,4805
'340239,"Anionic organic surface-active agents, whether or not put up for retail sale (excl. linear ...",0,0,0,0,0,0,0,0,0,0,0,0,,,,,,,,,,,,,,,1129,1440,2136,1436,1422,1399,1014,1860,2205,1993,2794,1669
'340590,"Glass or metal polishes, whether or not in the form of paper, wadding, felt, nonwovens, cellular ...",0,0,0,0,0,0,0,0,0,0,0,0,,,,,,,,,,,,,,,298,292,257,195,287,326,281,186,243,114,274,540
'350211,"Egg albumin, dried ""e.g. in sheets, scales, flakes, powder""",0,0,0,0,0,0,0,0,0,0,0,0,,,,,,,,,,,,,,,149,157,59,193,0,270,134,0,165,1,167,104
'350290,"Albumins, albuminates and other albumin derivatives (excl. egg albumin and milk albumin [incl. ...",0,0,0,0,0,0,0,0,0,0,0,0,,,,,,,,,,,,,,,10,6,4,186,158,8,18,0,217,16,16,262
'100710,"Grain sorghum, for sowing",0,0,0,0,0,0,0,0,0,0,0,0,,,,,,,,,,,,,,,51,1082,8,88,0,819,35,104,0,24,1,24
'100790,Grain sorghum (excl. for sowing),0,0,0,0,0,0,0,0,0,0,0,0,,,,,,,,,,,,,,,0,0,15,0,15,4,339,0,6,0,0,8
'100850,"Quinoa ""Chenopodium quinoa""",0,0,0,0,0,0,0,0,0,0,0,0,,,,,,,,,,,,,,,98,35,1,0,80,2,64,127,61,51,28,102
'110220,"Maize ""corn"" flour",0,0,0,0,0,0,0,0,0,0,0,0,,,,,,,,,,,,,,,14,31,0,27,1,46,1,13,155,183,70,8
'110610,"Flour, meal and powder of peas, beans, lentils and the other dried leguminous vegetables of ...",0,0,0,0,0,0,0,0,0,0,0,0,,,,,,,,,,,,,,,54,107,196,66,176,187,120,136,147,96,101,135
'110811,Wheat starch,0,0,0,0,0,0,0,0,0,0,0,0,,,,,,,,,,,,,,,2,175,164,1,310,452,444,488,330,24,2,0
'120590,"High erucic rape or colza seeds ""yielding a fixed oil which has an erucic acid content of >= ...",0,0,0,0,0,0,0,0,0,0,0,0,,,,,,,,,,,,,,,0,0,23,0,0,0,0,0,0,5,65,0
'120721,Cotton seeds for sowing,0,0,0,0,0,0,0,0,0,0,0,0,,,,,,,,,,,,,,,4,14,35,31,0,32,8,30,0,0,8,0
'120799,"Oil seeds and oleaginous fruits, whether or not broken (excl. edible nuts, olives, soya beans, ...",0,0,0,0,0,0,0,0,0,0,0,0,,,,,,,,,,,,,,,277,196,145,251,119,315,430,322,302,583,308,384
'120929,"Seeds of forage plants for sowing (excl. of cereals and of sugar beet, alfalfa, clover ""Trifolium ...",0,0,0,0,0,0,0,0,0,0,0,0,,,,,,,,,,,,,,,60,44,353,89,492,678,95,723,177,87,160,36
'120930,"Seeds of herbaceous plants cultivated mainly for flowers, for sowing",0,1,0,1,0,0,0,0,0,0,0,0,,,,,,,,,,,,,,,159,36,161,194,148,118,60,272,144,167,87,178
'121010,"Hop cones, fresh or dried (excl. ground, powdered or in the form of pellets)",0,0,0,0,0,0,0,0,0,0,0,0,,,,,,,,,,,,,,,7,22,0,0,0,0,0,0,0,0,0,0
'130232,"Mucilages and thickeners, derived from locust beans, locust bean seeds or guar seeds, whether ...",0,0,0,0,0,0,0,0,0,0,0,0,,,,,,,,,,,,,,,359,236,474,550,215,346,359,549,513,215,195,291
'140190,"Reeds, rushes, osier, raffia, cleaned, bleached or dyed cereal straw, lime bark and other vegetable ...",0,0,0,0,0,0,0,0,0,0,0,0,,,,,,,,,,,,,,,0,2,0,14,0,42,1,32,3,5,38,1
'150930,"Virgin olive oil ""EU cat. 2"" obtained from the fruit of the olive tree solely by mechanical ...",0,0,0,0,0,0,0,0,0,0,0,0,,,,,,,,,,,,,,,131,0,3,0,24,0,0,0,0,0,1,161
'151090,"Other oils and their fractions ""EU cat. 7 and 8"", obtained solely from olives, whether or not ...",0,0,0,0,0,0,0,0,0,0,0,0,,,,,,,,,,,,,,,175,39,17,33,10,12,18,0,0,0,6,31
'151319,"Coconut oil and its fractions, whether or not refined, but not chemically modified (excl. crude)",0,0,0,0,0,0,0,0,0,0,0,0,,,,,,,,,,,,,,,1184,848,410,168,1282,1762,918,525,1404,676,1357,527
'152200,Degras; residues resulting from the treatment of fatty substances or animal or vegetable waxes,0,0,0,0,0,0,0,0,0,0,0,0,,,,,,,,,,,,,,,0,0,0,0,0,0,0,0,0,0,0,0
'160413,"Prepared or preserved sardines, sardinella and brisling or sprats, whole or in pieces (excl. ...",0,0,0,0,0,0,0,0,0,0,0,0,,,,,,,,,,,,,,,4522,7232,3946,6656,6031,11069,8953,8772,7735,2536,1235,4331
'160415,"Prepared or preserved mackerel, whole or in pieces (excl. minced)",0,0,0,0,0,0,0,0,0,0,0,0,,,,,,,,,,,,,,,121,124,84,0,70,124,0,43,0,0,42,383
'160562,"Sea urchins, prepared or preserved (excl. smoked)",0,0,0,0,0,0,0,0,0,0,0,0,,,,,,,,,,,,,,,0,0,1,0,0,0,0,0,0,0,0,0
'170113,"Raw cane sugar, in solid form, not containing added flavouring or colouring matter, obtained ...",0,0,0,0,0,0,0,0,0,0,0,0,,,,,,,,,,,,,,,22593,20638,22996,21093,23119,30330,27697,23039,21997,26841,28616,26619
'170250,Chemically pure fructose in solid form,0,0,0,0,0,0,0,0,0,0,0,0,,,,,,,,,,,,,,,328,53,160,430,319,341,254,1182,327,168,137,210
'180100,"Cocoa beans, whole or broken, raw or roasted",0,0,0,0,0,0,0,0,0,0,0,0,,,,,,,,,,,,,,,38,72,9,2,7,132,10,24,40,69,2,105
'180632,"Chocolate and other preparations containing cocoa, in blocks, slabs or bars of <= 2 kg (excl. ...",0,0,0,0,0,0,0,0,0,0,0,0,,,,,,,,,,,,,,,1556,589,1677,2144,1910,1712,2050,2121,2258,1928,1789,1390
'190490,"Cereals (excl. maize [corn]) in grain or flake form or other worked grains, pre-cooked or otherwise ...",0,0,0,0,0,0,0,0,0,0,0,0,,,,,,,,,,,,,,,732,105,345,159,433,220,292,131,224,174,290,210
'200210,"Tomatoes, whole or in pieces, prepared or preserved otherwise than by vinegar or acetic acid",0,0,0,0,0,0,0,0,0,0,0,0,,,,,,,,,,,,,,,2088,1032,1442,671,691,1159,836,1142,710,671,967,2118
'200540,"Peas ""Pisum Sativum"", prepared or preserved otherwise than by vinegar or acetic acid (excl. ...",0,0,0,0,0,0,0,0,0,0,0,0,,,,,,,,,,,,,,,126,126,168,53,197,54,90,126,203,109,62,154
'200559,"Unshelled beans ""Vigna spp., Phaseolus spp."", prepared or preserved otherwise than by vinegar ...",0,0,0,0,0,0,0,0,0,0,0,0,,,,,,,,,,,,,,,134,183,189,93,160,163,183,117,163,302,78,296
'200799,"Jams, jellies, marmalades, purŽes or pastes of fruit, obtained by cooking, whether or not containing ...",0,0,0,0,0,0,0,0,0,0,0,0,,,,,,,,,,,,,,,1685,1414,1557,1221,1345,2013,1696,1771,1128,1373,1680,1296
'200811,"Groundnuts, prepared or preserved (excl. preserved with sugar)",0,0,0,0,0,0,0,0,0,0,0,0,,,,,,,,,,,,,,,1213,906,907,955,846,1112,1681,1880,1607,1382,1547,1241
'200860,"Cherries, prepared or preserved, whether or not containing added sugar or other sweetening ...",0,0,0,0,0,0,0,0,0,0,0,0,,,,,,,,,,,,,,,179,3,123,25,171,218,179,47,295,311,687,90
'200880,"Strawberries, prepared or preserved, whether or not containing added sugar or other sweetening ...",0,0,0,0,0,0,0,0,0,0,0,0,,,,,,,,,,,,,,,3,35,1,0,0,34,11,7,100,1,28,8
'200921,"Grapefruit juice, unfermented, Brix value <= 20 at 20¡C, whether or not containing added sugar ...",0,0,0,0,0,0,0,0,0,0,0,0,,,,,,,,,,,,,,,0,0,0,0,0,0,0,0,0,0,0,0
'200979,"Apple juice, unfermented, Brix value > 20 at 20¡C, whether or not containing added sugar or ...",0,0,0,0,0,0,0,0,0,0,0,0,,,,,,,,,,,,,,,3173,1356,2984,2320,4118,10860,15169,22765,12135,2139,4691,5767
'210111,"Extracts, essences and concentrates, of coffee",0,0,0,0,0,0,0,0,0,0,0,0,,,,,,,,,,,,,,,10983,13033,11376,18055,20632,7341,6206,9983,9930,9333,10192,13446
'210330,"Mustard flour and meal, whether or not prepared, and mustard",0,0,0,0,0,0,0,0,0,0,0,0,,,,,,,,,,,,,,,493,282,330,344,343,150,148,340,188,238,337,237
'210420,"Food preparations consisting of finely homogenised mixtures of two or more basic ingredients, ...",0,0,0,0,0,0,0,0,0,0,0,0,,,,,,,,,,,,,,,0,0,1,0,53,0,0,0,0,0,0,0
'210500,"Ice cream and other edible ice, whether or not containing cocoa",0,0,0,0,0,0,0,0,0,0,0,0,,,,,,,,,,,,,,,65,70,678,248,994,1023,417,626,322,368,705,689
'210610,Protein concentrates and textured protein substances,0,0,0,0,0,0,0,0,0,0,0,0,,,,,,,,,,,,,,,2278,669,1292,585,984,1117,483,833,491,1010,1019,1155
'220291,Non-alcoholic beer <= 0.5% vol alc,0,0,0,0,0,0,0,0,0,0,0,0,,,,,,,,,,,,,,,625,2,372,455,65,598,46,58,222,447,553,73
'220429,"Wine of fresh grapes, incl. fortified wines, and grape must whose fermentation has been arrested ...",0,0,0,0,0,0,0,0,0,0,0,0,,,,,,,,,,,,,,,99,353,1466,1017,1563,1243,523,866,142,167,2,0
'220590,"Vermouth and other wine of fresh grapes, flavoured with plants or aromatic substances, in containers ...",0,0,0,0,0,0,0,0,0,0,0,0,,,,,,,,,,,,,,,0,0,0,0,0,4,0,0,0,0,0,0
'220830,Whiskies,0,0,0,0,0,0,0,0,0,0,0,0,,,,,,,,,,,,,,,13031,12405,15057,13630,21426,9334,14601,15570,10801,12301,12924,13378
'220860,Vodka,0,0,0,0,0,0,0,0,0,0,0,0,,,,,,,,,,,,,,,224,262,469,358,330,310,569,267,281,216,675,244
'230400,"Oilcake and other solid residues, whether or not ground or in the form of pellets, resulting ...",0,0,0,0,0,0,0,0,0,0,0,0,,,,,,,,,,,,,,,10214,772,388,654,574,693,470,605,863,758,1111,1560
'230630,"Oilcake and other solid residues, whether or not ground or in the form of pellets, resulting ...",0,0,0,0,0,0,0,0,0,0,0,0,,,,,,,,,,,,,,,0,7,14,4,16,9,0,14,14,20,19,10
'010594,"Live fowls of the species Gallus domesticus, weighing > 185",0,0,0,0,0,0,0,0,0,0,0,0,,,,,,,,,,,,,,,0,0,0,0,0,0,0,0,0,0,0,0
'010614,Live rabbits and hares,0,0,0,0,0,0,0,0,0,0,0,0,,,,,,,,,,,,,,,0,0,0,0,0,0,0,0,0,0,0,0
'020230,"Frozen, boneless meat of bovine animals",0,0,0,0,0,0,0,0,0,0,0,0,,,,,,,,,,,,,,,0,32,627,1148,665,457,761,347,340,0,1,394
'020319,"Fresh or chilled meat of swine (excl. carcases and half-carcases, and hams, shoulders and cuts ...",0,0,0,0,0,0,0,0,0,0,0,0,,,,,,,,,,,,,,,0,0,104,0,0,103,95,0,0,78,190,0
'020321,Frozen carcases and half-carcases of swine,0,0,0,0,0,0,0,0,0,0,0,0,,,,,,,,,,,,,,,0,0,0,0,0,0,0,0,0,0,0,0
'020421,Fresh or chilled sheep carcases and half-carcases (excl. lambs),0,0,0,0,0,0,0,0,0,0,0,0,,,,,,,,,,,,,,,30,31,49,0,21,17,13,20,0,45,41,0
'020423,Fresh or chilled boneless cuts of sheep,0,0,0,0,0,0,0,0,0,0,0,0,,,,,,,,,,,,,,,0,0,0,0,0,0,0,0,0,0,0,0
'020621,Frozen edible bovine tongues,0,0,0,0,0,0,0,0,0,0,0,0,,,,,,,,,,,,,,,16,23,106,79,74,145,54,163,158,89,115,129
'020629,Frozen edible bovine offal (excl. tongues and livers),0,0,0,0,0,0,0,0,0,0,0,0,,,,,,,,,,,,,,,1675,753,3307,2026,1938,2974,2678,2588,2970,3278,3584,3209
'020680,"Fresh or chilled edible offal of sheep, goats, horses, asses, mules and hinnies",0,0,0,0,0,0,0,0,0,0,0,0,,,,,,,,,,,,,,,0,0,0,0,0,0,0,0,0,0,0,0
'020725,"Frozen turkeys of the species domesticus, not cut into pieces",0,0,0,0,0,0,0,0,0,0,0,0,,,,,,,,,,,,,,,62,0,0,166,433,704,122,0,144,0,0,0
'020727,Frozen cuts and edible offal of turkeys of the species domesticus,0,0,0,0,0,0,0,0,0,0,0,0,,,,,,,,,,,,,,,622,958,249,242,1347,1060,1143,1577,2176,1462,2588,2764
'020744,Fresh or chilled cuts and edible offal of domestic ducks (excl. fatty livers),0,0,0,0,0,0,0,0,0,0,0,0,,,,,,,,,,,,,,,0,0,0,0,0,0,0,0,0,0,0,0
'021011,"Hams, shoulders and cuts thereof of swine, salted, in brine, dried or smoked, with bone in",0,0,0,0,0,0,0,0,0,0,0,0,,,,,,,,,,,,,,,0,12,0,0,1,12,19,0,0,0,27,0
'030214,"Fresh or chilled Atlantic salmon ""Salmo salar"" and Danube salmon ""Hucho hucho""",0,0,0,0,0,0,0,0,0,0,0,0,,,,,,,,,,,,,,,1876,1680,1737,1846,2391,2521,2490,3735,2808,2874,3287,2807
'030223,"Fresh or chilled sole ""Solea spp.""",0,0,0,0,0,0,0,0,0,0,0,0,,,,,,,,,,,,,,,0,0,0,0,0,0,0,0,0,0,0,0
'030244,"Fresh or chilled mackerel ""Scomber scombrus, Scomber australasicus, Scomber japonicus""",0,0,0,0,0,0,0,0,0,0,0,0,,,,,,,,,,,,,,,0,0,0,0,0,0,0,0,0,0,0,0
'030271,"Fresh or chilled tilapia ""Oreochromis spp.""",0,0,0,0,0,0,0,0,0,0,0,0,,,,,,,,,,,,,,,0,0,0,0,0,0,0,0,0,0,0,0
'030283,"Fresh or chilled toothfish ""Dissostichus spp.""",0,0,0,0,0,0,0,0,0,0,0,0,,,,,,,,,,,,,,,0,0,0,0,0,0,38,0,0,0,0,0
'030312,"Frozen Pacific salmon (excl. sockeye salmon ""red salmon"")",0,0,0,0,0,0,0,0,0,0,0,0,,,,,,,,,,,,,,,0,0,0,0,0,0,0,0,0,0,0,0
'030339,"Frozen flat fish ""Pleuronectidae, Bothidae, Cynoglossidae, Soleidae, Scophthalmidae and Citharidae"" ...",0,0,0,0,0,0,0,0,0,0,0,0,,,,,,,,,,,,,,,0,0,0,5,0,0,0,0,0,0,0,0
'030349,"Frozen tunas of the genus ""Thunnus"" (excl. Thunnus alalunga, Thunnus albacares, Thunnus obesus, ...",0,0,0,0,0,0,0,0,0,0,0,0,,,,,,,,,,,,,,,0,0,1,151,0,0,0,0,0,0,0,0
'030364,"Frozen haddock ""Melanogrammus aeglefinus""",0,0,0,0,0,0,0,0,0,0,0,0,,,,,,,,,,,,,,,0,0,0,0,0,0,0,0,0,0,0,0
'030389,"Frozen fish, n.e.s.",0,0,0,0,0,0,105,0,0,0,0,0,,,,,,,,,,,,,,,3357,2129,1796,1255,1543,1314,1311,1668,4290,1304,2672,3170
'030399,"Frozen fish fins, heads, tails, maws and other edible fish offal (excl. livers, roes, milt ...",0,0,0,0,0,0,0,0,0,0,0,0,,,,,,,,,,,,,,,0,0,0,2,0,6,1,3,3,1,29,2
'030432,"Fresh or chilled fillets of catfish ""Pangasius spp., Silurus spp., Clarias spp., Ictalurus ...",0,0,0,0,0,0,0,0,0,0,0,0,,,,,,,,,,,,,,,0,0,0,0,0,0,0,0,0,0,0,0
'030459,"Fresh or chilled fish meat, whether or not minced (excl. all fillets, tilapias, catfish, carp, ...",0,0,0,0,0,0,0,0,0,0,0,0,,,,,,,,,,,,,,,0,0,0,0,0,0,0,0,0,0,0,0
'030481,"Frozen fillets of Pacific salmon ""Oncorhynchus nerka, Oncorhynchus gorbuscha, Oncorhynchus ...",0,0,0,0,0,0,0,0,0,0,0,0,,,,,,,,,,,,,,,305,362,0,648,610,47,668,1093,395,0,254,458
'030483,"Frozen fillets of flat fish ""Pleuronectidae, Bothidae, Cynoglossidae, Soleidae, Scophthalmidae ...",0,0,0,0,0,0,0,0,0,0,0,0,,,,,,,,,,,,,,,0,0,0,5,0,0,0,6,3,6,4,0
'030539,"Fish fillets, dried, salted or in brine, but not smoked (excl. tilapia, catfish, carp, eels, ...",0,0,0,0,0,0,0,0,0,0,0,0,,,,,,,,,,,,,,,0,0,0,21,0,0,0,0,0,0,37,0
'030544,"Smoked tilapia ""Oreochromis spp."", catfish ""Pangasius spp., Silurus spp., Clarias spp., Ictalurus ...",0,0,0,0,0,0,0,0,0,0,0,0,,,,,,,,,,,,,,,0,0,0,0,0,0,0,0,0,0,0,0
'030890,"Live, fresh, chilled, frozen, dried, salted or in brine, even smoked, aquatic invertebrates ...",0,0,0,0,0,0,0,0,0,0,0,0,,,,,,,,,,,,,,,0,0,0,0,0,0,0,0,0,7,0,0
'040110,"Milk and cream of a fat content by weight of <= 1%, not concentrated nor containing added sugar ...",0,0,0,0,0,0,0,0,0,0,0,0,,,,,,,,,,,,,,,3,22,23,25,3,17,10,46,12,8,0,0
'040221,"Milk and cream in solid forms, of a fat content by weight of > 1,5%, unsweetened",0,0,0,0,0,0,0,0,0,0,0,0,,,,,,,,,,,,,,,458,1781,2037,271,3838,3017,403,2245,1816,2845,5778,3683
'050590,"Skins and other parts of birds, with their feathers or down, feathers and parts of feathers, ...",0,0,0,0,0,0,0,0,0,0,0,0,,,,,,,,,,,,,,,0,12,0,0,0,0,0,0,4,0,0,0
'060110,"Bulbs, tubers, tuberous roots, corms, crowns and rhizomes, dormant (excl. those used for human ...",0,0,0,0,0,0,0,0,0,0,0,0,,,,,,,,,,,,,,,217,12,267,213,247,169,329,557,376,606,434,391
'060120,"Bulbs, tubers, tuberous roots, corms, crowns and rhizomes, in growth or in flower; chicory ...",0,0,0,0,0,0,0,0,0,0,0,0,,,,,,,,,,,,,,,50,142,43,7,3,3,57,51,128,79,44,40
'060290,"Live plants, incl. their roots, and mushroom spawn (excl. bulbs, tubers, tuberous roots, corms, ...",5,3,0,0,5,3,6,3,6,3,7,0,,,,,,,,,,,,,,,836,587,564,614,1042,737,703,472,910,637,498,634
'060314,"Fresh cut chrysanthemums and buds, of a kind suitable for bouquets or for ornamental purposes",0,0,0,0,0,0,0,0,0,0,0,0,,,,,,,,,,,,,,,0,0,0,0,0,0,0,0,0,0,0,1
'070110,Seed potatoes,0,0,0,0,0,0,0,0,0,0,0,0,,,,,,,,,,,,,,,0,0,0,0,0,0,0,0,156,0,0,0
'070690,"Fresh or chilled salad beetroot, salsify, celeriac, radishes and similar edible roots (excl. ...",0,0,0,0,0,0,0,0,0,0,0,0,,,,,,,,,,,,,,,13,7,31,1,5,40,1,0,2,0,0,3
'070920,Fresh or chilled asparagus,0,0,0,0,0,0,0,0,0,0,0,0,,,,,,,,,,,,,,,111,94,79,86,58,82,93,185,109,109,93,74
'070952,Fresh or chilled mushrooms of the genus Boletus,0,0,0,0,0,0,0,0,0,0,0,0,,,,,,,,,,,,,,,0,0,0,0,0,0,0,0,0,0,0,0
'070991,Fresh or chilled globe artichokes,0,0,0,0,0,0,0,0,0,0,0,0,,,,,,,,,,,,,,,0,0,0,0,0,0,0,0,0,0,0,0
'071339,"Dried, shelled beans ""Vigna and Phaseolus"", whether or not skinned or split (excl. beans of ...",0,0,0,0,0,0,0,0,0,0,0,0,,,,,,,,,,,,,,,130,225,602,370,507,456,387,27,185,60,52,200
'071420,"Sweet potatoes, fresh, chilled, frozen or dried, whether or not sliced or in the form of pellets",0,0,0,0,0,0,0,0,0,0,0,0,,,,,,,,,,,,,,,7,9,10,26,10,10,13,9,11,4,8,20
'080121,"Fresh or dried brazil nuts, in shell",0,0,0,0,0,0,0,0,0,0,0,0,,,,,,,,,,,,,,,0,0,0,0,0,0,0,0,0,0,0,0
'080122,"Fresh or dried brazil nuts, shelled",0,0,0,0,0,0,0,0,0,0,0,0,,,,,,,,,,,,,,,0,0,373,42,345,0,0,357,0,0,149,0
'080232,"Fresh or dried walnuts, shelled",0,0,0,0,0,0,0,0,0,0,0,0,,,,,,,,,,,,,,,122,204,229,128,125,114,19,38,309,0,431,37
'080261,"Fresh or dried macadamia nuts, in shell",0,0,0,0,0,0,0,0,0,0,0,0,,,,,,,,,,,,,,,4515,3983,2845,1622,26,170,0,44,246,519,841,3495
'080521,Fresh or dried mandarins incl. tangerines and satsumas (excl. clementines),0,0,0,0,0,0,0,0,0,0,0,0,,,,,,,,,,,,,,,26,138,79,27,74,36,21,171,786,1683,1417,14
'080540,Fresh or dried grapefruit and pomelos,0,0,0,0,0,0,0,0,0,0,0,0,,,,,,,,,,,,,,,89,355,177,0,0,9,16,121,39,21,0,75
'080719,Fresh melons (excl. watermelons),0,0,0,0,0,0,0,0,0,0,0,0,,,,,,,,,,,,,,,16,0,0,12,0,0,132,227,0,0,0,11
'080830,Fresh pears,0,0,0,0,0,0,0,0,0,0,0,0,,,,,,,,,,,,,,,0,9,0,0,0,0,25,0,14,0,0,0
'081070,Fresh persimmons,0,0,0,0,0,0,0,0,0,0,0,0,,,,,,,,,,,,,,,0,0,0,0,0,0,0,0,0,0,0,0
'081190,"Frozen fruit and nuts, uncooked or cooked by steaming or boiling in water, whether or not sweetened ...",39,34,170,48,28,88,34,82,50,0,54,0,,,,,,,,,,,,,,,144,176,246,66,301,392,325,99,2409,302,155,326
'090210,Green tea in immediate packings of <= 3 kg,0,0,0,0,0,0,0,0,0,0,0,0,,,,,,,,,,,,,,,311,40,221,75,156,98,219,228,240,95,80,116
'090422,"Fruits of the genus Capsicum or of the genus Pimenta, crushed or ground",0,0,0,0,0,0,0,0,0,0,0,0,,,,,,,,,,,,,,,1308,1607,1469,1300,1394,1447,1482,720,1063,1009,1682,1755
'090510,"Vanilla, neither crushed nor ground",0,0,0,0,0,0,0,0,0,0,0,0,,,,,,,,,,,,,,,1,96,102,49,8,1,147,2,8,3,27,24
'920890,"Fairground organs, mechanical street organs, mechanical singing birds, musical saws and other ...",0,0,0,0,0,0,0,0,0,0,0,0,,,,,,,,,,,,,,,21,40,31,55,31,60,112,20,25,34,28,62
'940159,"Seats of cane, osier or similar materials (excl. of bamboo or rattan)",0,25,0,0,0,2,0,0,0,0,0,0,,,,,,,,,,,,,,,28,29,21,22,19,44,26,59,19,49,20,5
'940290,"Operating tables, examination tables, and other medical, dental, surgical or veterinary furniture ...",0,29,0,1,0,0,0,0,0,0,1,0,,,,,,,,,,,,,,,2275,1875,2731,2443,2465,1991,1550,2414,3759,3482,1800,2077
'900710,Cinematographic cameras,0,0,0,0,0,0,0,0,0,0,0,0,,,,,,,,,,,,,,,23,32,40,21,16,30,28,8,13,17,9,7
'901320,Lasers (excl. laser diodes),0,5,4,6,0,5,4,2,1,0,0,0,,,,,,,,,,,,,,,454,413,621,280,727,391,620,392,245,363,176,272
'901480,"Navigational instruments and apparatus (excl. for aeronautical or space navigation, compasses ...",0,0,0,0,0,0,0,0,0,0,0,0,,,,,,,,,,,,,,,917,468,1325,682,913,885,989,549,657,464,794,729
'901530,Levels,0,0,0,0,0,0,0,0,0,0,0,0,,,,,,,,,,,,,,,155,207,198,133,224,133,202,140,210,170,163,226
'901710,"Drafting tables and machines, whether or not automatic (excl. units for automatic data-processing ...",0,0,0,0,0,0,0,0,0,0,0,0,,,,,,,,,,,,,,,14,17,9,11,4,25,25,10,6,1,4,11
'940382,"Furniture of bamboo (excl. seats and medical, surgical, dental or veterinary furniture)",0,5,10,0,0,0,0,0,0,8,0,0,,,,,,,,,,,,,,,22,56,13,10,52,34,30,50,44,39,29,23
'940490,"Articles of bedding and similar furnishing, fitted with springs or stuffed or internally filled ...",2,2,7,0,0,0,5,2,1,0,6,0,,,,,,,,,,,,,,,1668,1179,1147,1162,1377,1478,941,2052,1665,1664,2001,1791
'940521,"Electric table, desk, bedside or floor-standing luminaires, solely for light-emitting diode ...",0,0,0,0,0,0,0,0,0,0,0,0,,,,,,,,,,,,,,,157,84,174,181,240,191,145,189,121,100,98,184
'940610,"Prefabricated buildings of wood, whether or not complete or already assembled",0,0,0,0,0,0,0,0,0,0,0,0,,,,,,,,,,,,,,,6,10,11,40,37,16,4,11,5,39,27,10
'940620,"Modular building units, of steel",0,0,0,0,0,0,0,0,0,0,0,0,,,,,,,,,,,,,,,4,7,1216,79,218,21,40,6,8,85,110,72
'950430,"Games with screens, flipper and other games, operated by coins, banknotes, bank cards, tokens ...",0,0,0,0,222,0,0,0,102,0,110,0,,,,,,,,,,,,,,,1980,2846,1619,1895,2790,5574,1517,2644,2209,1601,5598,4124
'950611,"Skis, for winter sports",0,0,0,0,0,0,0,0,0,0,0,0,,,,,,,,,,,,,,,1,0,1,0,0,1,1,8,1,2,2,18
'950670,"Ice skates and roller skates, incl. skating boots with skates or rollers attached",11,0,3,0,10,0,6,3,1,0,0,0,,,,,,,,,,,,,,,49,9,120,81,210,81,153,47,17,93,31,27
'902212,Computer tomography apparatus,0,0,0,0,0,0,0,0,0,0,0,0,,,,,,,,,,,,,,,850,602,252,1782,1386,422,1682,2772,718,821,1722,2062
'902214,"Apparatus based on the use of X-rays, for medical, surgical or veterinary uses (excl. for dental ...",0,0,0,0,0,0,0,0,0,0,0,0,,,,,,,,,,,,,,,1769,2133,1636,5170,3408,2356,7095,4032,5292,2860,2864,5105
'902229,"Apparatus based on the use of alpha, beta, gamma or other ionising radiation (other than for ...",0,0,0,0,0,0,0,0,0,0,0,0,,,,,,,,,,,,,,,18,108,0,11,23,13,34,76,333,57,5,27
'902410,Machines and appliances for testing metals,0,0,0,0,0,0,0,0,0,0,0,0,,,,,,,,,,,,,,,137,205,410,472,49,763,131,112,238,182,139,243
'902810,"Gas meters, incl. calibrating meters therefor",0,0,0,0,0,0,0,0,0,0,0,0,,,,,,,,,,,,,,,51,52,50,33,92,25,13,91,38,44,62,30
'902920,"Speed indicators and tachometers, stroboscopes",16,3,11,0,5,39,17,15,5,11,16,0,,,,,,,,,,,,,,,508,516,983,732,776,923,613,746,558,756,710,509
'902990,"Parts and accessories for revolution counters, production counters, taximeters, milometers, ...",0,0,0,0,0,0,0,0,0,0,0,0,,,,,,,,,,,,,,,325,274,332,263,382,153,215,318,297,359,344,668
'903020,Oscilloscopes and oscillographs,0,0,0,0,0,0,0,0,0,0,0,0,,,,,,,,,,,,,,,105,32,64,130,85,43,29,46,54,84,127,26
'910119,"Wrist-watches of precious metal or of metal clad with precious metal, whether or not incorporating ...",0,0,0,0,0,0,0,0,0,0,0,0,,,,,,,,,,,,,,,55,91,29,112,50,36,101,94,46,56,22,25
'910400,"Instrument panel clocks and clocks of a similar type for vehicles, aircraft, vessels and other ...",0,0,0,0,0,0,0,0,0,0,0,0,,,,,,,,,,,,,,,18,6,5,11,23,30,2,3,6,26,15,24
'910529,Wall clocks (excl. electrically operated),0,0,0,0,0,0,0,0,0,0,0,0,,,,,,,,,,,,,,,33,114,90,72,130,135,27,28,82,116,43,65
'910811,"Watch movements, complete and assembled, electrically operated, with mechanical display only ...",0,0,0,0,0,0,0,0,0,0,0,0,,,,,,,,,,,,,,,18,38,23,10,25,18,13,28,18,21,9,23
'911019,Rough clock movements,0,0,0,0,0,0,0,0,0,0,0,0,,,,,,,,,,,,,,,0,2,0,0,0,0,0,0,0,0,0,0
'911090,"Complete, unassembled or partly assembled clock movements ""movement sets""; incomplete clock ...",0,0,0,0,0,0,0,0,0,0,0,0,,,,,,,,,,,,,,,50,0,13,0,0,11,1,0,0,2,3,1
'911110,"Cases for wrist-watches, pocket-watches and other watches of heading 9101 or 9102, of precious ...",0,0,0,0,0,0,0,0,0,0,0,0,,,,,,,,,,,,,,,0,0,0,0,0,0,0,0,1,1,0,1
'911190,"Parts of cases for wrist-watches, pocket-watches and other watches of heading 9101 or 9102, ...",0,0,0,0,0,0,0,0,0,0,0,0,,,,,,,,,,,,,,,8,11,9,5,5,4,7,6,11,5,13,5
'950822,"Carousels, swings and roundabouts",0,0,0,0,0,0,0,0,0,0,0,0,,,,,,,,,,,,,,,7,7,0,0,0,2,0,0,1,0,1,145
'950829,"Amusement park rides (excl. roller coasters, carousels, swings, roundabouts, dodge'em cars, ...",0,0,0,0,0,0,0,0,0,0,0,0,,,,,,,,,,,,,,,181,52,30,17,108,54,167,124,1191,0,25,68
'960330,"Artists' brushes, writing brushes and similar brushes for the application of cosmetics",0,0,0,0,0,0,2,0,0,0,0,0,,,,,,,,,,,,,,,262,250,241,414,449,269,225,139,200,172,194,174
'960350,"Brushes constituting parts of machines, appliances or vehicles",0,0,0,0,0,0,0,0,0,0,0,0,,,,,,,,,,,,,,,372,291,529,369,422,372,398,498,314,348,433,377
'960621,"Buttons of plastics, not covered with textile material (excl. press-fasteners, snap-fasteners, ...",0,0,0,0,0,0,0,0,0,0,0,0,,,,,,,,,,,,,,,120,80,84,85,94,33,138,110,68,115,51,50
'853321,Fixed electrical resistors for a power handling capacity <= 20 W (excl. heating resistors),0,0,0,0,0,0,0,0,0,0,0,0,,,,,,,,,,,,,,,627,404,466,512,697,441,276,263,467,544,411,552
'961390,"Parts of lighters, n.e.s.",0,0,0,0,0,0,0,0,0,0,0,0,,,,,,,,,,,,,,,5,54,43,5,4,1,26,12,7,3,8,4
'970529,"Collections and collectorsÕ pieces of zoological, botanical, mineralogical, anatomical or paleontological ...",0,0,0,0,0,0,0,0,0,0,0,0,,,,,,,,,,,,,,,39,18,52,35,11,18,52,9,23,14,3,28
'848530,"Machines for additive manufacturing by plaster, cement, ceramics or glass deposit",0,0,0,0,0,0,0,0,0,0,0,0,,,,,,,,,,,,,,,0,0,0,26,0,0,0,0,0,0,0,0
'850180,Photovoltaic AC generators,0,0,0,0,0,0,0,0,0,0,0,0,,,,,,,,,,,,,,,0,1686,2616,8991,5037,15449,8700,673,5994,1541,2582,6022
'850431,Transformers having a power handling capacity <= 1 kVA (excl. liquid dielectric transformers),1,1,1,1,5,3,3,1,3,3,2,0,,,,,,,,,,,,,,,996,548,605,551,688,1303,1946,1078,659,431,926,1680
'850433,Transformers having a power handling capacity > 16 kVA but <= 500 kVA (excl. liquid dielectric ...,0,0,0,0,0,0,0,0,0,0,0,0,,,,,,,,,,,,,,,276,781,493,130,141,87,477,1487,354,695,1033,1032
'846269,"Cold metal working presses (excl. hydraulic, mechanical and servo-presses)",0,0,0,0,0,0,0,0,0,0,0,0,,,,,,,,,,,,,,,35,39,36,0,0,21,16,29,0,0,0,0
'846510,"Machines for working wood, cork, bone, hard rubber, hard plastics or similar hard materials, ...",0,0,0,0,0,0,0,0,0,0,0,0,,,,,,,,,,,,,,,29,125,110,451,0,89,13,269,2,16,14,14
'846719,"Pneumatic tools for working in the hand, non-rotary type",0,0,0,0,0,0,0,0,0,0,0,0,,,,,,,,,,,,,,,489,637,667,283,305,606,354,342,588,374,377,458
'846799,"Parts of pneumatic tools for working in the hand, hydraulic or with self-contained electric ...",0,2,0,0,0,0,0,0,0,0,0,0,,,,,,,,,,,,,,,675,751,1322,653,740,724,652,810,904,664,535,790
'847029,"Electronic calculating machines not incorporating a printing device, with mains connection ...",0,0,0,0,0,0,0,0,0,0,0,0,,,,,,,,,,,,,,,28,29,7,4,41,18,69,7,1,1,4,7
'847321,"Parts and accessories of electronic calculating machines of subheading 8470.10, 8470.21 or ...",0,0,0,0,0,0,0,0,0,0,0,0,,,,,,,,,,,,,,,21,116,4,3,2,89,14,52,22,6,12,23
'847521,Machines for making optical fibres and preforms thereof,0,0,0,0,0,0,0,0,0,0,0,0,,,,,,,,,,,,,,,0,0,0,0,0,0,0,0,0,0,1,0
'847689,"Automatic goods-vending machines, without heating or refrigerating devices; money changing ...",0,0,0,0,0,0,0,0,0,0,0,0,,,,,,,,,,,,,,,249,52,54,21,17,102,276,4,7,121,52,91
'847920,Machinery for the extraction or preparation of animal or fixed vegetable or microbial fats ...,0,0,0,0,0,0,0,0,0,0,0,0,,,,,,,,,,,,,,,23,50,1156,929,735,1311,101,61,861,210,61,85
'847940,Rope or cable-making machines (excl. twisting machines of the type used in spinning mills),0,0,0,0,0,0,0,0,0,0,0,0,,,,,,,,,,,,,,,36,204,55,1,50,1,63,102,582,403,103,20
'847981,"Machinery for treating metal, incl. electric wire coil-winders, n.e.s. (excl. industrial robots, ...",0,0,0,0,0,0,0,0,0,0,0,0,,,,,,,,,,,,,,,479,2811,1103,169,219,580,241,982,298,401,1838,57
'847983,Cold isostatic presses,0,0,0,0,0,0,0,0,0,0,0,0,,,,,,,,,,,,,,,0,0,10,6,6,6,0,4,0,0,5,0
'852692,Radio remote control apparatus,0,0,0,0,0,0,2,0,0,2,0,0,,,,,,,,,,,,,,,876,838,814,560,751,563,796,586,556,790,990,776
'852713,"Radio-broadcast receivers capable of operating without an external source of power, combined ...",0,0,0,0,0,0,0,0,0,0,0,0,,,,,,,,,,,,,,,291,171,187,107,273,458,500,346,167,252,141,188
'852560,"Transmission apparatus for radio-broadcasting or television, incorporating reception apparatus",0,0,0,0,0,0,0,0,0,0,1,0,,,,,,,,,,,,,,,755,1009,1383,931,1587,827,4006,835,1120,865,846,1481
'851411,Hot isostatic presses,0,0,0,0,0,0,0,0,0,0,0,0,,,,,,,,,,,,,,,0,0,0,0,1,0,0,0,15,0,9,0
'851420,Furnaces and ovens functioning by induction or dielectric loss,0,0,0,0,0,0,0,0,0,0,0,0,,,,,,,,,,,,,,,18,23,2553,186,2082,51,220,33,41,603,699,223
'851511,"Soldering irons and guns, electric",0,0,0,0,0,0,0,0,0,0,0,0,,,,,,,,,,,,,,,84,78,139,113,64,102,143,96,122,130,62,110
'850630,Mercuric oxide cells and batteries (excl. spent),0,0,0,0,0,0,0,0,0,0,0,0,,,,,,,,,,,,,,,1,0,0,2,0,0,0,26,0,0,2,0
'850870,"Parts of vacuum cleaners, dry cleaners and wet vacuum cleaners, n.e.s.",0,0,0,0,0,0,0,0,0,0,0,0,,,,,,,,,,,,,,,163,160,116,182,219,126,235,140,81,112,111,143
'851180,"Electrical ignition or starting equipment, incl. cut-outs, of a kind used for spark-ignition ...",0,0,0,0,0,0,0,0,0,0,0,0,,,,,,,,,,,,,,,522,513,669,695,574,725,452,648,442,466,1109,323
'871494,"Brakes, incl. coaster braking hubs and hub brakes, and parts thereof, for cycles (excl. for ...",0,0,0,0,0,0,0,0,0,0,0,0,,,,,,,,,,,,,,,188,151,161,358,239,400,281,246,197,324,157,194
'871620,Self-loading or self-unloading trailers and semi-trailers for agricultural purposes,0,0,0,0,0,0,0,0,0,0,0,0,,,,,,,,,,,,,,,23,32,33,4,39,1,47,10,68,5,35,42
'871631,"Tanker trailers and tanker semi-trailers, not designed for running on rails",0,0,0,0,0,0,0,0,0,0,0,0,,,,,,,,,,,,,,,0,365,254,175,0,104,0,0,188,3,152,908
'880610,"Unmanned aircraft, designed for the carriage of passengers",0,0,0,0,0,0,0,0,0,0,0,0,,,,,,,,,,,,,,,0,0,0,0,0,0,8,0,0,0,0,2845
'880622,"Unmanned aircraft, for remote-controlled flight only, with maximum take-off weight > 250 g ...",0,0,0,0,0,0,0,0,0,0,0,0,,,,,,,,,,,,,,,497,785,950,1536,961,624,1484,541,273,566,815,1102
'880624,"Unmanned aircraft, for remote-controlled flight only, with maximum take-off weight > 25 kg ...",0,0,0,0,0,0,0,0,0,0,0,0,,,,,,,,,,,,,,,29,0,337,308,17,9,334,520,147,199,305,0
'890321,"Sailboats, with or without auxiliary motor, of a length <= 7,5 m (excl. inflatable)",0,0,0,0,0,0,0,0,0,0,0,0,,,,,,,,,,,,,,,10,0,0,0,0,0,0,0,387,38,0,161
'890690,"Vessels, incl. lifeboats (excl. warships, rowing boats and other vessels of heading 8901 to ...",0,0,0,0,0,0,0,0,0,0,0,0,,,,,,,,,,,,,,,10,16,0,478,95,137,0,0,25,0,46,141
'900110,"Optical fibres, optical fibre bundles and cables (excl. made up of individually sheathed fibres ...",0,0,0,0,0,0,0,0,0,0,0,0,,,,,,,,,,,,,,,1588,339,1471,1853,1430,1244,1474,1271,2341,1504,1477,732
'900120,Sheets and plates of polarising material,0,0,0,0,0,0,0,0,0,0,0,0,,,,,,,,,,,,,,,1,9,3,13,0,2,1,11,2,1,7,3
'852799,"Radio-broadcast receivers, for mains operation only, not combined with sound recording or reproducing ...",0,0,0,7,0,0,0,2,1,1,1,0,,,,,,,,,,,,,,,94,136,177,71,212,56,62,205,13,43,6,15
'853090,"Parts of electrical signalling, safety or traffic control equipment, n.e.s.",0,0,0,0,0,0,0,0,0,0,0,0,,,,,,,,,,,,,,,138,84,510,381,341,1540,177,169,127,50,801,218
'853922,Filament lamps of a power <= 200 W and for a voltage > 100 V (excl. tungsten halogen filament ...,0,0,0,0,0,0,0,0,0,0,0,0,,,,,,,,,,,,,,,26,8,8,13,15,48,6,10,8,18,9,6
'853951,"Light-emitting diode ""LED"" light source modules",0,0,0,0,0,0,0,0,0,0,0,0,,,,,,,,,,,,,,,389,568,348,406,744,464,686,180,504,371,235,239
'854011,"Cathode ray television picture tubes, incl. video monitor cathode ray tubes, colour",0,0,0,0,0,0,0,0,0,0,0,0,,,,,,,,,,,,,,,0,0,0,0,0,0,0,0,0,0,0,0
'854130,"Thyristors, diacs and triacs (excl. photosensitive semiconductor devices)",0,0,0,0,0,0,0,0,0,0,0,0,,,,,,,,,,,,,,,59,107,196,142,188,152,211,67,116,195,240,123
'854149,Photosensitive semiconductor devices (excl. photovoltaic generators and cells),0,0,0,1,1,4,2,0,0,0,0,0,,,,,,,,,,,,,,,1075,607,2031,652,716,930,943,457,753,689,861,284
'854160,Mounted piezo-electric crystals,0,0,0,0,0,0,0,0,0,0,0,0,,,,,,,,,,,,,,,309,191,236,177,179,150,142,89,222,141,225,249
'854340,Electronic cigarettes and similar personal electric vaporizing devices,0,0,0,0,0,0,0,0,0,0,0,0,,,,,,,,,,,,,,,581,462,1013,787,3297,2412,2006,1131,882,1983,4088,4656
'854610,Electrical insulators of glass (excl. insulating fittings),0,0,0,0,0,0,0,0,0,41,0,0,,,,,,,,,,,,,,,47,134,26,99,2,468,181,12,9,42,1,599
'854710,"Insulating fittings for electrical purposes, of ceramics",1,9,0,0,0,0,0,10,0,0,0,0,,,,,,,,,,,,,,,156,107,62,54,104,147,35,106,27,76,51,45
'860110,Rail locomotives powered from an external source of electricity,0,0,0,0,0,0,0,0,0,0,0,0,,,,,,,,,,,,,,,0,0,0,0,0,0,1,0,0,0,0,0
'860400,"Railway or tramway maintenance or service vehicles, whether or not self-propelled, e.g., workshops, ...",0,0,0,0,0,0,0,0,0,0,0,0,,,,,,,,,,,,,,,3462,0,417,3366,0,67,0,0,5,0,0,0
'860610,Railway or tramway tank wagons and the like (excl. self-propelled),0,0,0,0,0,0,0,0,0,0,0,0,,,,,,,,,,,,,,,0,0,0,0,0,0,0,0,0,0,0,0
'860691,"Railway or tramway goods vans and wagons, covered and closed (excl. self-discharging goods ...",0,0,0,0,0,0,0,0,0,0,0,0,,,,,,,,,,,,,,,0,0,0,0,0,0,0,0,0,0,0,0
'860719,"Axles, for electrical purposes, and wheels and parts thereof for railway or tramway locomotives ...",0,0,0,0,0,0,0,0,0,5,0,0,,,,,,,,,,,,,,,2967,1947,1686,3534,2529,2312,1148,3476,2625,3069,1112,2391
'870124,"Road tractors for semi-trailers, with only electric motor for propulsion",0,0,0,0,0,0,0,0,0,0,0,0,,,,,,,,,,,,,,,0,143,62,856,124,4051,383,0,505,3613,0,0
'870350,Motor cars and other motor vehicles principally designed for the transport of ...,0,0,0,0,0,0,0,0,0,0,0,0,,,,,,,,,,,,,,,7630,1545,474,0,6288,1121,649,2956,3774,1210,2827,730
'870441,"Motor vehicles for the transport of goods, with both compression-ignition internal combustion ...",0,0,0,0,0,0,0,0,0,0,0,0,,,,,,,,,,,,,,,0,0,0,0,33,0,10,0,0,0,0,0
'870840,"Gear boxes and parts thereof, for tractors, motor vehicles for the transport of ten or more ...",1,0,0,0,0,0,0,0,0,0,0,0,,,,,,,,,,,,,,,4956,8067,6327,8082,5936,6580,5739,7144,6108,4111,6716,5920
'870870,"Road wheels and parts and accessories thereof, for tractors, motor vehicles for the transport ...",0,0,0,2,0,0,0,0,0,0,0,0,,,,,,,,,,,,,,,3929,3350,3793,3763,3894,3527,4944,3500,3615,3868,3780,2622
'870893,"Clutches and parts thereof, for tractors, motor vehicles for the transport of ten or more persons, ...",0,0,0,0,0,0,0,0,0,0,0,0,,,,,,,,,,,,,,,7520,6370,5542,6578,6222,6690,6665,7322,7072,5483,7850,7875
'870990,"Parts of self-propelled works trucks, not fitted with lifting or handling equipment, of the ...",0,0,0,0,0,0,0,0,0,0,0,0,,,,,,,,,,,,,,,99,10,182,43,55,79,17,33,33,27,37,27
'871160,"Motorcycles, incl. mopeds, and cycles fitted with an auxiliary motor, with electric motor for ...",0,0,0,0,75,0,5,0,0,6,0,0,,,,,,,,,,,,,,,1507,1257,1519,1316,1257,2025,1728,1822,2404,878,1354,1190
'871200,"Bicycles and other cycles, incl. delivery tricycles, not motorised",0,0,198,0,250,0,1,54,0,0,29,0,,,,,,,,,,,,,,,1515,1386,2774,3324,3483,3190,2587,1640,2777,1785,1635,1296
'871390,"Carriages for disabled persons, motorised or otherwise mechanically propelled (excl. specially ...",0,0,0,0,0,34,0,0,0,0,0,0,,,,,,,,,,,,,,,309,73,110,20,88,152,128,93,51,156,64,214
'903281,Hydraulic or pneumatic regulating or controlling instruments and apparatus (excl. manostats ...,0,0,0,0,0,0,0,0,0,0,0,0,,,,,,,,,,,,,,,568,482,561,514,1232,544,897,613,624,543,745,645
'910521,"Wall clocks, electrically operated",0,0,0,0,0,0,0,0,0,0,0,0,,,,,,,,,,,,,,,58,65,52,68,66,85,60,76,86,46,78,70
'910610,Time registers and time recorders,0,0,0,0,0,0,0,0,0,0,0,0,,,,,,,,,,,,,,,33,12,44,10,55,282,13,378,358,328,39,57
'910690,"Time of day recording apparatus and apparatus for measuring, recording or otherwise indicating ...",0,0,0,0,0,0,0,0,0,0,0,0,,,,,,,,,,,,,,,204,152,124,242,148,163,104,149,142,122,187,61
'910820,"Watch movements, complete and assembled, with automatic winding",0,0,0,0,0,0,0,0,0,0,0,0,,,,,,,,,,,,,,,7,1,7,4,1,9,8,2,1,6,8,1
'911120,"Cases for wrist-watches, pocket-watches and other watches of heading 9101 or 9102, of base ...",0,0,0,0,0,0,0,0,0,0,0,0,,,,,,,,,,,,,,,6,3,4,3,4,5,2,2,2,4,2,2
'911310,"Watch straps, watch bands and watch bracelets, and parts thereof, of precious metal or of metal ...",0,0,0,0,0,0,0,0,0,0,0,0,,,,,,,,,,,,,,,31,5,3,10,12,14,7,3,6,2,3,5
'900630,"Cameras specially designed for underwater use, for aerial survey or for medical or surgical ...",0,0,0,0,1,0,0,0,0,0,0,0,,,,,,,,,,,,,,,42,62,57,30,22,27,25,367,115,15,17,48
'900653,Cameras for roll film of a width of 35 mm (excl. instant print cameras and special cameras ...,0,0,0,0,1,0,0,0,0,1,0,0,,,,,,,,,,,,,,,3,12,16,2,23,21,13,48,42,16,5,19
'900791,"Parts and accessories for cinematographic cameras, n.e.s.",0,0,0,0,0,0,0,0,0,0,0,0,,,,,,,,,,,,,,,107,98,51,90,431,153,95,230,112,110,102,205
'901110,Stereoscopic optical microscopes,0,0,0,0,0,0,0,0,0,0,0,0,,,,,,,,,,,,,,,167,371,1212,223,849,407,1252,27,127,197,1461,186
'901210,"Electron microscopes, proton microscopes and diffraction apparatus",0,0,0,0,0,0,0,0,0,0,0,0,,,,,,,,,,,,,,,57,777,76,133,922,6,139,168,17,10,420,230
'901580,"Instruments and appliances used in geodesy, topography, hydrography, oceanography, hydrology, ...",0,0,0,0,0,0,0,0,0,0,0,0,,,,,,,,,,,,,,,4398,3583,2802,5829,5633,4151,3334,4765,4313,4504,5559,3622
'901590,"Parts and accessories for instruments and appliances used in geodesy, topography, photogrammetrical ...",0,0,0,0,0,0,0,0,0,0,0,0,,,,,,,,,,,,,,,541,954,579,511,802,1763,1712,661,1109,672,994,833
'901831,"Syringes, with or without needles, used in medical, surgical, dental or veterinary sciences",0,0,0,0,0,0,0,0,0,0,0,0,,,,,,,,,,,,,,,1499,1659,2027,1648,1551,1376,1632,1400,1120,1404,2073,1108
'902139,Artificial parts of the body (excl. artificial teeth and dental fittings and artificial joints),0,1,0,0,0,0,0,0,0,0,0,0,,,,,,,,,,,,,,,4417,3813,4354,4614,4134,4355,3960,4049,2811,4535,4677,4507
'902221,"Apparatus based on the use of alpha, beta, gamma or other ionising radiation, for medical, ...",0,0,0,0,0,0,0,0,0,0,0,0,,,,,,,,,,,,,,,95,98,1169,6,33,1,4,3,5,16,14,0
'902230,X-ray tubes,0,0,0,0,0,0,0,0,0,0,0,0,,,,,,,,,,,,,,,615,818,744,789,1200,693,387,917,527,641,1072,738
'902590,"Parts and accessories for hydrometers, areometers and similar floating instruments, thermometers, ...",0,0,0,0,0,0,0,0,0,0,0,0,,,,,,,,,,,,,,,714,348,551,358,509,446,308,410,234,211,532,378
'940139,"Swivel seats with variable height adjustments (excl. of wood, and medical, surgical, dental ...",8,1,2,0,16,0,8,0,0,3,0,0,,,,,,,,,,,,,,,1406,1556,1240,1658,1786,1824,1621,2326,2186,1697,1785,1148
'940149,"Seats, convertible into beds (excl. of wood, and garden seats and camping equipment, and medical, ...",0,2,0,4,0,2,4,0,2,0,0,0,,,,,,,,,,,,,,,57,10,16,53,126,88,13,86,38,58,62,135
'871680,Vehicles pushed or drawn by hand and other vehicles not mechanically propelled (excl. trailers ...,0,0,0,2,0,1,2,0,0,2,0,0,,,,,,,,,,,,,,,854,494,3506,612,716,1024,991,552,660,777,458,1194
'880212,Helicopters of an unladen weight > 2.000 kg (excl. unmanned of heading 8806),0,0,0,0,0,0,0,0,0,0,0,0,,,,,,,,,,,,,,,10946,3039,9129,4506,518,6843,14,77,2978,11689,3005,133
'880694,"Unmanned aircraft, with maximum take-off weight > 25 kg but <= 150 kg (excl. for passenger ...",0,0,0,0,0,0,0,0,0,0,0,0,,,,,,,,,,,,,,,128,315,11,0,11,0,0,274,732,0,627,4
'880720,"Under-carriages and parts thereof, for aircraft, n.e.s.",0,0,0,0,0,0,0,0,0,0,0,0,,,,,,,,,,,,,,,338,798,2751,1095,863,669,1135,965,2441,1126,926,368
'890590,"Light-vessels, fire-floats, floating cranes and other vessels, the navigability of which is ...",0,0,0,0,0,0,0,0,0,0,0,0,,,,,,,,,,,,,,,0,0,0,0,4,0,31,0,0,0,0,1
'890790,"Rafts, tanks, coffer-dams, landing stages, buoys, beacons and other floating structures (excl. ...",0,0,0,0,0,0,0,0,0,0,0,0,,,,,,,,,,,,,,,6,141,16,136,117,179,393,154,55,1086,115,369
'940430,"Sleeping bags, whether or non-electrically heated",0,3,2,0,0,0,0,0,2,0,0,0,,,,,,,,,,,,,,,134,47,204,84,263,76,35,72,11,147,142,90
'950590,"Festival, carnival or other entertainment articles, incl. conjuring tricks and novelty jokes, ...",0,0,0,0,0,0,0,0,0,0,2,0,,,,,,,,,,,,,,,391,661,531,887,503,625,355,380,268,403,326,274
'950621,Sailboards,0,0,0,0,0,0,0,0,0,0,0,0,,,,,,,,,,,,,,,5,0,5,18,3,24,24,81,2,15,11,2
'960340,"Paint, distemper, varnish or similar brushes, paint pads and rollers (excl. artists' and similar ...",0,0,0,0,0,0,0,0,0,0,0,0,,,,,,,,,,,,,,,828,462,960,916,545,823,752,791,564,362,367,648
'960610,"Press-fasteners, snap-fasteners and press studs and parts therefor",0,0,0,0,0,0,0,0,0,0,0,0,,,,,,,,,,,,,,,281,123,241,206,138,254,148,103,177,389,140,276
'960630,Button moulds and other parts of buttons; button blanks,0,0,0,0,0,0,0,0,0,0,0,0,,,,,,,,,,,,,,,23,17,9,10,21,2,26,8,12,3,1,29
'960810,Ball-point pens,0,0,0,0,0,0,0,0,7,0,0,0,,,,,,,,,,,,,,,1124,1286,1265,1881,1146,1531,1268,1131,1068,870,1160,827
'960840,Propelling or sliding pencils,0,0,0,0,0,0,0,0,0,0,0,0,,,,,,,,,,,,,,,60,65,156,75,89,55,68,36,36,22,60,68
'961210,"Typewriter or similar ribbons, inked or otherwise prepared for giving impressions, whether ...",0,0,0,0,0,0,0,1,0,0,0,0,,,,,,,,,,,,,,,451,413,638,715,363,669,322,345,501,324,547,586
'961511,"Combs, hair-slides and the like of hard rubber or plastics",0,0,0,0,0,0,0,0,0,0,0,0,,,,,,,,,,,,,,,245,293,338,301,338,325,331,337,216,153,257,155
'962000,"Monopods, bipods, tripods and similar articles",0,0,9,1,0,0,7,1,1,1,13,0,,,,,,,,,,,,,,,272,215,256,335,277,275,304,253,246,291,211,290
'970192,Mosaics (excl. over 100 years old),0,0,0,0,0,0,0,0,0,0,0,0,,,,,,,,,,,,,,,0,0,0,0,0,0,0,0,1,0,1,0
'970390,"Original sculptures and statuary, in any material (excl. over 100 years old)",0,0,0,0,0,0,0,0,0,0,0,0,,,,,,,,,,,,,,,499,445,293,132,560,266,399,2814,4638,2548,472,142
'854159,"Semiconductor devices, n.e.s.",0,0,0,0,0,0,0,0,0,0,0,0,,,,,,,,,,,,,,,12,18,199,41,64,133,155,94,71,25,19,134
'854310,"Electrical particle accelerators for electrons, protons, etc. (excl. ion implanters for doping ...",0,0,0,0,0,0,0,0,0,0,0,0,,,,,,,,,,,,,,,0,1,0,1,0,0,4,3,0,1,1,0
'853810,"Boards, panels, consoles, desks, cabinets and other bases for the goods of heading 8537, not ...",0,0,0,3,0,0,0,0,1,4,2,0,,,,,,,,,,,,,,,1978,2156,1851,2342,2197,2155,2721,1536,2561,2032,1973,2149
'853929,"Filament lamps, electric (excl. tungsten halogen lamps, lamps of a power <= 200 W and for a ...",0,0,0,0,0,0,0,0,0,0,0,0,,,,,,,,,,,,,,,326,417,516,425,397,507,479,289,330,411,290,402
'854012,"Cathode ray television picture tubes, incl. video monitor cathode ray tubes, black and white ...",0,0,0,0,0,0,0,0,0,0,0,0,,,,,,,,,,,,,,,0,0,0,0,0,0,0,0,0,0,0,0
'853222,"Fixed electrical capacitors, aluminium electrolytic (excl. power capacitors)",0,0,0,0,0,0,0,0,0,0,0,0,,,,,,,,,,,,,,,150,147,122,151,106,185,139,102,181,184,138,169
'853230,"Variable or adjustable ""pre-set"" electrical capacitors",0,0,0,0,0,0,0,0,0,0,0,0,,,,,,,,,,,,,,,8,9,2,240,14,23,3,6,82,155,9,7
'853390,"Parts of electrical resistors, incl. rheostats and potentiometers, n.e.s.",0,0,0,0,0,0,0,0,0,0,0,0,,,,,,,,,,,,,,,5,6,10,9,13,27,5,5,5,2,22,9
'853530,"Isolating switches and make-and-break switches, for a voltage > 1.000 V",0,0,0,0,0,0,0,0,0,0,0,0,,,,,,,,,,,,,,,1924,1520,2627,2172,993,1479,1855,3493,1790,1636,2107,1451
'852842,"Cathode-ray tube monitors ""CRT"" capable of directly connecting to and designed for use with ...",0,0,0,0,0,0,0,0,0,0,0,0,,,,,,,,,,,,,,,7,6,12,9,125,8,70,8,15,7,7,6
'852869,"Projectors (excl. with TV receiver, designed for computer use)",0,0,0,0,0,0,0,0,0,0,0,0,,,,,,,,,,,,,,,151,109,255,285,296,316,310,219,25,161,218,130
'852873,"Reception apparatus for television, black and white or other monochrome, whether or not incorporating ...",0,0,3,0,0,0,0,0,0,0,0,0,,,,,,,,,,,,,,,6,3,16,2,38,76,3,22,2,6,2,5
'860120,Rail locomotives powered by electric accumulators,0,0,0,0,0,0,0,0,0,0,0,0,,,,,,,,,,,,,,,0,2,0,0,0,0,0,0,0,0,0,0
'860730,"Hooks and other coupling devices, buffers, and parts thereof, for railway or tramway locomotives ...",0,0,0,0,0,0,0,0,0,0,0,0,,,,,,,,,,,,,,,558,597,721,536,673,400,345,500,397,337,195,322
'870192,"Tractors, of an engine power > 18 kW but <= 37 kW (excl. those of heading 8709, pedestrian-controlled ...",0,0,0,0,0,0,0,0,0,0,0,0,,,,,,,,,,,,,,,888,1075,1361,717,741,301,740,634,509,852,1538,1178
'870193,"Tractors, of an engine power > 37 kW but <= 75 kW (excl. those of heading 8709, pedestrian-controlled ...",0,0,0,0,0,0,0,0,0,0,0,0,,,,,,,,,,,,,,,7139,6888,8367,4089,6324,4274,5019,9440,10546,8999,6166,7393
'870323,Motor cars and other motor vehicles principally designed for the transport of ...,0,0,0,0,0,0,0,0,0,0,0,0,,,,,,,,,,,,,,,49216,68758,56289,58866,45137,67846,63519,67381,64942,44342,74048,74931
'870331,Motor cars and other motor vehicles principally designed for the transport of ...,0,0,0,0,0,0,0,0,0,0,0,0,,,,,,,,,,,,,,,220,0,1175,1410,2023,2035,170,1507,4094,356,1408,609
'870340,Motor cars and other motor vehicles principally designed for the transport of ...,0,0,0,0,0,0,0,0,0,0,0,0,,,,,,,,,,,,,,,9513,15689,8861,4401,11929,15535,13282,4549,10720,13631,19687,23214
'870410,Dumpers for off-highway use,0,0,0,0,0,0,0,0,0,0,0,0,,,,,,,,,,,,,,,47911,42811,24050,25397,29910,40801,37093,44841,77153,29530,31100,33954
'870423,"Motor vehicles for the transport of goods, with only compression-ignition internal combustion ...",0,0,0,0,0,0,0,0,0,0,0,0,,,,,,,,,,,,,,,2792,34,467,2619,1480,1840,3490,1788,2791,2086,2559,462
'870530,Fire fighting vehicles (excl. vehicles for transporting persons),0,0,0,0,0,0,0,0,0,0,0,0,,,,,,,,,,,,,,,679,482,608,458,3046,596,0,0,141,535,994,0
'870590,Special purpose motor vehicles (other than those principally designed for the transport of ...,0,0,0,0,0,0,0,0,0,0,0,0,,,,,,,,,,,,,,,3552,5558,1723,1714,2659,8353,8436,1599,5320,3598,6322,206
'870895,"Safety airbags with inflator system and parts thereof, for tractors, motor vehicles for the ...",28,5,0,0,7,47,21,71,0,1,0,0,,,,,,,,,,,,,,,5176,4992,5846,6339,6006,5229,3325,4497,6037,4350,5665,5928
'870911,"Electrical vehicles not fitted with lifting or handling equipment, of the type used in factories, ...",0,0,0,0,0,0,0,0,0,14,0,0,,,,,,,,,,,,,,,0,49,172,1,2,0,119,255,75,14,0,0
'871150,"Motorcycles, incl. mopeds, with reciprocating internal combustion piston engine of a cylinder ...",0,0,0,0,0,0,0,0,0,0,0,0,,,,,,,,,,,,,,,4144,5342,2452,3837,1303,1616,1696,2424,1367,1661,3853,5934
'847890,"Parts of machinery for preparing or making up tobacco, n.e.s.",0,0,0,1,0,0,0,1,0,4,0,0,,,,,,,,,,,,,,,197,138,60,60,154,210,88,215,71,55,46,87
'847230,"Machines for sorting or folding mail or for inserting mail in envelopes or bands, machines ...",0,0,0,0,0,0,0,0,0,0,0,0,,,,,,,,,,,,,,,20,37,377,4,13,5,33,7,4,9,229,196
'847420,Crushing or grinding machines for solid mineral substances,0,0,0,0,0,0,0,0,0,0,0,0,,,,,,,,,,,,,,,7267,4753,3453,4110,6599,6187,7313,6665,10333,4482,30543,8181
'847529,Machines for manufacturing or hot working glass or glassware (excl. machines for making optical ...,0,0,0,0,0,0,0,0,0,0,0,0,,,,,,,,,,,,,,,11,9,15,35,71,144,321,624,3086,148,1172,34
'847681,Automatic goods-vending machines incorporating heating or refrigerating devices (excl. automatic ...,0,0,0,0,0,0,0,0,0,0,0,0,,,,,,,,,,,,,,,227,0,9,35,81,49,155,166,98,118,137,12
'845590,"Parts of metal-rolling mills, n.e.s.",0,0,0,0,0,0,0,0,0,0,0,0,,,,,,,,,,,,,,,1061,1674,1228,564,1016,1356,556,1273,960,520,1196,903
'845612,"Machine tools for working any material by removal of material, operated by light or photon ...",0,0,0,0,0,0,0,0,0,0,0,0,,,,,,,,,,,,,,,0,6,2,0,0,601,119,0,0,4,18,168
'845710,Machining centres for working metal,0,0,0,0,0,0,0,0,0,0,0,0,,,,,,,,,,,,,,,951,2777,399,1586,1050,1350,1280,845,1061,2076,1795,952
'845720,"Unit construction machines ""single station"", for working metal",0,0,0,0,0,0,0,0,0,0,0,0,,,,,,,,,,,,,,,7,76,0,155,3,8,6,0,0,389,3,5
'845899,"Lathes, incl. turning centres, for removing metal, not numerically controlled (excl. horizontal ...",0,0,0,0,0,0,0,0,0,0,0,0,,,,,,,,,,,,,,,203,235,339,270,180,363,144,222,56,99,378,339
'846029,"Grinding machines for finishing metal, not numerically controlled (excl. flat-surface and gear ...",0,0,0,0,0,0,0,0,0,0,0,0,,,,,,,,,,,,,,,52,32,3,77,25,104,48,295,196,95,227,181
'846120,"Shaping or slotting machines, for working metals, metal carbides or cermets",0,0,0,0,0,0,0,0,0,0,0,0,,,,,,,,,,,,,,,0,39,3,0,1,0,1,163,16,35,11,70
'846130,"Broaching machines, for working metals, metal carbides or cermets",0,0,0,0,0,0,0,0,0,0,0,0,,,,,,,,,,,,,,,0,0,2,3,42,0,0,3,0,0,0,0
'846140,"Gear cutting, gear grinding or gear finishing machines, for working metals, metal carbides ...",0,0,0,0,0,0,0,0,0,0,0,0,,,,,,,,,,,,,,,3,1,0,2466,4,854,25,3,85,1,32,954
'846211,Closed die forging machines,0,0,0,0,0,0,0,0,0,0,0,0,,,,,,,,,,,,,,,0,289,4,12,0,21,5,1,58,49,6,67
'846239,"Shearing machines, for flat products (excl. slitting lines, cut-to-length lines, presses, combined ...",0,0,0,0,0,0,0,0,0,0,0,0,,,,,,,,,,,,,,,111,61,18,51,47,34,904,358,29,65,48,16
'846249,"Punching, notching or nibbling machines for flat products incl. combined punching and shearing ...",0,0,0,0,0,0,0,0,0,0,0,0,,,,,,,,,,,,,,,357,142,33,348,234,41,60,50,149,0,53,34
'846520,"Machining centres for working wood, cork, bone, hard rubber, hard plastics or similar hard ...",0,0,0,0,0,0,0,0,0,0,0,0,,,,,,,,,,,,,,,0,90,266,47,162,0,189,0,97,124,0,0
'846593,"Grinding, sanding or polishing machines for working wood, cork, bone, hard rubber, hard plastics ...",0,0,0,0,0,0,0,0,0,0,0,0,,,,,,,,,,,,,,,133,128,71,98,30,46,92,102,84,105,50,303
'846594,"Bending or assembling machines for working wood, cork, bone, hard rubber, hard plastics or ...",0,0,0,0,0,0,0,0,0,0,0,0,,,,,,,,,,,,,,,1,169,46,430,234,111,50,314,121,134,79,59
'850590,"Electromagnets and electromagnetic lifting heads, and their parts (excl. magnets for medical ...",0,0,0,0,0,0,0,0,0,0,0,0,,,,,,,,,,,,,,,602,718,778,575,547,1050,888,784,758,720,616,777
'850730,Nickel-cadmium accumulators (excl. spent),0,0,0,0,0,0,0,0,0,0,0,0,,,,,,,,,,,,,,,247,637,466,389,264,104,414,368,383,166,210,218
'848590,Parts of machines for additive manufacturing,0,0,0,0,0,0,0,1,0,0,0,0,,,,,,,,,,,,,,,34,32,99,97,38,24,43,46,29,50,120,105
'848610,Machines and apparatus for the manufacture of boules or wafers,0,0,0,0,0,0,0,0,0,0,0,0,,,,,,,,,,,,,,,0,0,0,0,1,0,1,27,0,5,1,0
'848010,Moulding boxes for metal foundry,0,0,0,0,0,0,0,0,0,0,0,0,,,,,,,,,,,,,,,12,19,0,15,4,145,5,13,0,11,0,26
'848050,Moulds for glass (excl. moulds of graphite or other carbons and ceramic moulds),0,0,0,0,0,0,0,0,0,0,0,0,,,,,,,,,,,,,,,964,757,1336,1187,1012,1405,1200,943,1298,614,847,548
'848120,Valves for oleohydraulic or pneumatic transmission,4,3,10,2,4,15,13,13,17,17,3,0,,,,,,,,,,,,,,,7108,6138,8687,6438,7320,6762,6380,6355,6005,7049,6458,7201
'851010,"Shavers, electric",0,0,0,0,0,0,0,0,0,0,0,0,,,,,,,,,,,,,,,281,175,388,246,300,453,214,339,121,217,271,349
'851150,Generators of a kind used for internal combustion engines (excl. magneto dynamos and dual purpose ...,0,0,0,0,0,0,0,0,0,0,0,0,,,,,,,,,,,,,,,1327,2289,1934,1956,1840,2851,1599,2297,1465,2566,1933,1597
'851310,Portable electrical lamps designed to function by their own source of energy,0,0,0,0,5,0,0,0,0,0,0,0,,,,,,,,,,,,,,,1036,1476,1198,865,1462,1158,1603,1320,881,926,832,989
'851390,"Parts of portable electrical lamps designed to function by their own source of energy, n.e.s.",0,0,0,0,0,0,0,0,0,0,0,0,,,,,,,,,,,,,,,43,31,35,417,65,97,417,100,85,24,304,355
'851432,Plasma and vacuum arc furnaces,0,0,0,0,0,0,0,0,0,0,0,0,,,,,,,,,,,,,,,0,0,0,0,0,0,0,0,0,0,3,0
'852499,"Flat panel display modules, whether or not incorporating touch-sensitive screens, with drivers ...",0,0,1,0,0,0,0,0,1,0,0,0,,,,,,,,,,,,,,,9428,5471,8042,6058,10596,10673,1099,4592,3864,4000,4989,4085
'852610,Radar apparatus,0,0,0,0,0,0,0,0,0,0,0,0,,,,,,,,,,,,,,,931,1862,872,1538,1167,1013,2670,2729,909,1582,1838,1120
'852721,"Radio-broadcast receivers not capable of operating without an external source of power, of ...",3,0,0,0,0,1,0,0,0,0,1,0,,,,,,,,,,,,,,,420,507,272,493,601,610,622,532,461,513,495,414
'080711,Fresh watermelons,0,0,0,0,0,0,0,0,0,0,0,0,,,,,,,,,,,,,,,6,25,73,33,0,21,130,16,0,0,0,0
'081020,"Fresh raspberries, blackberries, mulberries and loganberries",0,0,0,0,0,0,0,0,0,0,0,0,,,,,,,,,,,,,,,2,0,0,0,0,0,0,0,0,0,0,0
'081060,Fresh durians,0,0,0,0,0,0,0,0,0,0,0,0,,,,,,,,,,,,,,,0,0,0,0,0,0,0,0,0,0,1,0
'252330,Aluminous cement,0,0,0,0,0,0,0,0,0,0,0,0,,,,,,,,,,,,,,,412,573,987,559,234,543,571,660,654,1241,605,879
'260600,Aluminium ores and concentrates,0,0,0,0,0,0,0,0,0,0,0,0,,,,,,,,,,,,,,,160,134,209,25,406,286,125,48,268,213,3,73
'260700,Lead ores and concentrates,0,0,0,0,0,0,0,0,0,0,0,0,,,,,,,,,,,,,,,0,0,0,0,0,0,0,0,0,0,0,0
'262190,"Slag and ash, incl. seaweed ash ""kelp"" (excl. slag, incl. granulated, from the manufacture ...",0,0,0,0,0,0,0,0,0,0,0,0,,,,,,,,,,,,,,,34,119,62,11,168,144,58,33,0,13,0,8
'430220,"Heads, tails, paws and other pieces or cuttings of tanned or dressed furskins, not assembled",0,0,0,0,0,0,0,0,0,0,0,0,,,,,,,,,,,,,,,0,0,0,0,0,0,0,0,0,0,0,0
'440122,"Wood in chips or particles (excl. those of a kind used principally for dyeing or tanning purposes, ...",0,0,0,0,0,0,0,0,0,0,0,0,,,,,,,,,,,,,,,35,56,68,65,96,41,83,68,135,59,24,38
'440341,"Dark red meranti, light red meranti and meranti bakau wood in the rough, whether or not stripped ...",0,0,0,0,0,0,0,0,0,0,0,0,,,,,,,,,,,,,,,0,50,18,0,38,156,0,0,0,80,36,35
'440719,"Coniferous wood sawn or chipped lengthwise, sliced or peeled, whether or not planed, sanded ...",0,0,0,0,0,0,0,0,0,0,0,0,,,,,,,,,,,,,,,0,30,39,106,0,0,24,0,0,8,13,61
'441192,"Fibreboard of wood or other ligneous materials, whether or not agglomerated with resins or ...",0,0,0,0,0,0,0,0,0,0,0,0,,,,,,,,,,,,,,,804,1127,1405,1054,562,1551,1483,474,788,720,1101,1355
'441193,"Fibreboard of wood or other ligneous materials, whether or not agglomerated with resins or ...",0,0,0,0,0,0,0,0,0,0,0,0,,,,,,,,,,,,,,,67,46,0,4,0,26,42,0,0,50,24,60
'441811,"Windows, French windows and their frames, of tropical wood",0,0,0,0,0,0,0,0,0,0,0,0,,,,,,,,,,,,,,,0,0,0,5,36,0,0,2,0,0,0,0
'441821,"Doors and their frames and thresholds, of tropical wood",0,0,0,0,0,0,0,0,0,0,0,0,,,,,,,,,,,,,,,0,136,155,205,241,247,257,162,122,225,47,107
'441850,"Shingles and shakes, of wood",0,0,0,0,0,0,0,0,0,0,0,0,,,,,,,,,,,,,,,0,0,0,0,0,0,0,0,0,0,0,29
'441920,"Tableware and kitchenware, of tropical wood (excl. interior fittings, ornaments, coopers' products, ...",0,0,0,0,0,0,0,0,0,0,0,0,,,,,,,,,,,,,,,23,29,15,15,4,6,14,33,10,5,22,3
'390940,"Phenolic resins, in primary forms",0,0,0,0,0,0,0,0,0,0,0,0,,,,,,,,,,,,,,,1203,1185,886,698,789,1034,565,505,1019,1066,1076,1215
'391211,"Non-plasticised cellulose acetates, in primary forms",0,0,0,0,0,0,0,0,0,0,0,0,,,,,,,,,,,,,,,0,0,0,3,16,1,0,0,0,0,0,1
'391310,"Alginic acid, its salts and esters, in primary forms",0,0,0,0,0,0,0,0,0,0,0,0,,,,,,,,,,,,,,,44,324,20,186,355,108,246,253,129,22,640,287
'391723,"Rigid tubes, pipes and hoses, of polymers of vinyl chloride",1,1,0,0,1,0,0,0,0,2,1,0,,,,,,,,,,,,,,,1132,1432,1632,1289,1632,1895,1895,1359,1543,1224,1714,2182
'391729,"Rigid tubes, pipes and hoses, of plastics (excl. those of polymers of ethylene, propylene and ...",0,0,0,0,0,0,0,0,0,0,0,0,,,,,,,,,,,,,,,387,246,368,481,544,447,235,372,462,323,159,380
'391731,"Flexible tubes, pipes and hoses, of plastics, burst pressure >= 27,6 MPa",0,0,0,0,0,0,0,0,0,0,0,0,,,,,,,,,,,,,,,326,412,380,357,509,640,262,332,668,997,602,346
'391890,"Floor coverings of plastics, whether or not self-adhesive, in rolls or in the form of tiles, ...",0,0,0,0,0,0,0,0,0,0,0,0,,,,,,,,,,,,,,,773,574,511,458,865,966,737,671,658,695,887,670
'392049,"Plates, sheets, film, foil and strip, of non-cellular polymers of vinyl chloride, containing ...",0,0,0,22,0,0,24,0,0,0,0,0,,,,,,,,,,,,,,,1982,1397,1806,2435,2150,2682,2318,1341,1710,1719,1543,1644
'392051,"Plates, sheets, film, foil and strip, of non-cellular poly""methyl methacrylate"", not reinforced, ...",0,0,0,0,0,0,0,0,0,0,0,0,,,,,,,,,,,,,,,961,1054,772,798,299,729,844,641,1029,1098,587,1229
'392069,"Plates, sheets, film, foil and strip, of non-cellular polyesters, not reinforced, laminated, ...",0,0,0,0,0,0,0,0,0,0,0,0,,,,,,,,,,,,,,,291,391,467,278,272,158,310,301,248,280,301,272
'392111,"Plates, sheets, film, foil and strip, of cellular polymers of styrene, unworked or merely surface-worked ...",0,0,0,0,0,0,0,0,0,0,0,0,,,,,,,,,,,,,,,285,168,530,401,279,193,249,361,154,208,237,200
'392210,"Baths, shower-baths, sinks and washbasins, of plastics",0,0,0,0,0,0,0,0,0,0,0,0,,,,,,,,,,,,,,,547,233,616,261,433,711,396,338,450,302,185,406
'400121,Smoked sheets of natural rubber,0,0,0,0,0,0,0,0,0,0,0,0,,,,,,,,,,,,,,,350,45,84,427,125,42,84,86,133,46,178,191
'400700,Vulcanised rubber thread and cord (excl. ungimped single thread with a diameter of > 5 mm and ...,0,0,0,0,0,0,0,0,0,0,0,0,,,,,,,,,,,,,,,55,102,25,22,36,69,10,72,56,3,67,47
'400941,"Tubes, pipes and hoses, of vulcanised rubber (excl. hard rubber), reinforced or otherwise combined ...",1,1,2,0,1,0,0,0,0,0,0,0,,,,,,,,,,,,,,,829,902,633,756,716,475,706,494,629,613,1001,392
'401031,"Endless transmission belts of trapezoidal cross-section ""V-belts"", of vulcanised rubber, V-ribbed, ...",0,0,0,0,0,0,0,0,0,0,0,0,,,,,,,,,,,,,,,550,543,760,753,689,820,971,731,1043,595,909,512
'481720,"Letter cards, plain postcards and correspondence cards, of paper or paperboard (excl. those ...",0,0,0,0,0,0,0,0,0,0,0,0,,,,,,,,,,,,,,,5,5,6,13,5,14,17,12,10,46,11,3
'401590,"Articles of apparel and clothing accessories, for all purposes, of vulcanised rubber (excl. ...",0,0,0,1,23,2,0,0,0,0,0,0,,,,,,,,,,,,,,,125,35,104,161,132,148,229,70,161,40,132,199
'410390,"Raw hides and skins, fresh, or salted, dried, limed, pickled or otherwise preserved, whether ...",0,0,0,0,0,0,0,0,0,0,0,0,,,,,,,,,,,,,,,109,124,95,28,63,35,32,31,19,23,34,57
'410640,"Tanned or crust hides and skins of reptiles, whether or not split (excl. further prepared)",0,0,0,0,0,0,0,0,0,0,0,0,,,,,,,,,,,,,,,0,0,0,0,0,0,0,0,0,1,0,0
'420219,"Trunks, suitcases, vanity cases, executive-cases, briefcases, school satchels and similar containers ...",1,0,2,0,0,0,1,0,1,1,1,0,,,,,,,,,,,,,,,241,741,358,296,827,384,298,324,332,378,253,274
'470200,"Chemical wood pulp, dissolving grades",0,0,0,0,0,0,0,0,0,0,0,0,,,,,,,,,,,,,,,0,0,0,0,0,0,0,9,0,0,0,0
'470329,"Semi-bleached or bleached non-coniferous chemical wood pulp, soda or sulphate (excl. dissolving ...",0,0,0,0,0,0,0,0,0,0,0,0,,,,,,,,,,,,,,,818,1382,8054,1205,469,7849,517,2823,6457,2922,5680,126
'480449,"Kraft paper and paperboard, uncoated, in rolls of a width > 36 cm or in square or rectangular ...",0,0,0,0,0,0,0,0,0,0,0,0,,,,,,,,,,,,,,,79,271,115,68,502,230,59,131,289,326,322,43
'480593,"Paper and paperboard, uncoated, in rolls of a width > 36 cm or in square or rectangular sheets ...",0,0,0,0,0,0,0,0,0,0,0,0,,,,,,,,,,,,,,,102,206,277,69,299,282,177,61,313,98,145,475
'480610,"Vegetable parchment, in rolls of a width > 36 cm or in square or rectangular sheets with one ...",0,0,0,0,0,0,0,0,0,0,0,0,,,,,,,,,,,,,,,30,8,70,21,58,20,101,3,13,54,3,11
'480810,"Corrugated paper and paperboard ""with or without glued flat surface sheets"", whether or not ...",0,0,0,0,0,0,0,0,0,0,0,0,,,,,,,,,,,,,,,4,9,56,27,1,6,8,4,0,0,109,12
'481022,"Lightweight coated paper used for writing, printing or other graphic purposes, total weight ...",0,0,0,0,0,0,0,0,0,0,0,0,,,,,,,,,,,,,,,459,2900,1545,1554,1802,1872,1398,1731,1156,933,1657,1194
'510121,"Shorn wool, degreased, non-carbonised, neither carded nor combed",0,0,0,0,0,0,0,0,0,0,0,0,,,,,,,,,,,,,,,0,80,82,0,0,74,87,129,0,155,0,88
'510310,Noils of wool or of fine animal hair (excl. garnetted stock),0,0,0,0,0,0,0,0,0,0,0,0,,,,,,,,,,,,,,,0,0,0,0,0,0,0,0,0,0,0,0
'510710,Yarn of combed wool containing >= 85% wool by weight (excl. that put up for retail sale),0,0,0,0,0,0,0,0,0,0,0,0,,,,,,,,,,,,,,,0,0,0,0,0,10,0,0,4,0,6,0
'510820,Combed yarn of fine animal hair (excl. that of wool and that put up for retail sale),0,0,0,0,0,0,0,0,0,0,0,0,,,,,,,,,,,,,,,0,1,1,0,0,0,0,1,0,0,0,0
'510990,"Yarn containing predominantly, but < 85% wool or fine animal hair by weight, put up for retail ...",0,0,0,0,0,0,0,0,0,0,0,0,,,,,,,,,,,,,,,8,9,9,3,12,0,2,14,1,15,5,13
'511000,"Yarn of coarse animal hair or of horsehair, incl. gimped horsehair yarn, whether or not put ...",0,0,0,0,0,0,0,0,0,0,0,0,,,,,,,,,,,,,,,0,0,0,0,0,0,0,0,0,0,0,0
'520521,"Single cotton yarn, of combed fibres, containing >= 85% cotton by weight and with a linear ...",0,0,0,0,0,0,0,0,0,0,0,0,,,,,,,,,,,,,,,0,0,0,0,0,0,0,0,0,0,1,0
'520524,"Single cotton yarn, of combed fibres, containing >= 85% cotton by weight and with a linear ...",0,0,0,0,0,0,0,0,0,0,0,0,,,,,,,,,,,,,,,27,0,69,128,106,52,0,0,0,40,1,190
'520544,"Multiple ""folded"" or cabled cotton yarn, of combed fibres, containing >= 85% cotton by weight ...",0,0,0,0,0,0,0,0,0,0,0,0,,,,,,,,,,,,,,,0,4,0,32,0,0,4,0,0,0,0,0
'520621,"Single cotton yarn containing predominantly, but < 85% cotton by weight, of combed fibres and ...",0,0,0,0,0,0,0,0,0,0,0,0,,,,,,,,,,,,,,,0,0,0,0,29,10,0,0,25,2,22,33
'520812,"Plain woven fabrics of cotton, containing >= 85% cotton by weight and weighing > 100 g to 200 ...",0,0,0,0,0,0,0,0,0,0,0,0,,,,,,,,,,,,,,,397,434,485,207,782,1075,304,668,383,444,1002,0
'520839,"Woven fabrics of cotton, containing >= 85% cotton by weight and weighing <= 200 g/m_, dyed ...",0,0,0,0,0,0,0,0,0,0,0,0,,,,,,,,,,,,,,,281,211,300,718,501,695,195,679,162,1148,299,65
'520851,"Plain woven fabrics of cotton, containing >= 85% cotton by weight and weighing <= 100 g/m_, ...",0,0,0,0,0,0,0,0,0,0,0,0,,,,,,,,,,,,,,,40,36,24,29,10,11,6,5,7,2,35,2
'520943,"Woven fabrics of cotton, containing >= 85% cotton by weight and weighing > 200 g/m_, in three-thread ...",0,0,0,0,0,0,0,0,0,0,0,0,,,,,,,,,,,,,,,5,89,0,0,0,95,0,11,11,66,83,0
'521021,"Plain woven fabrics of cotton, containing predominantly, but < 85% cotton by weight, mixed ...",0,0,0,0,0,0,0,0,0,0,0,0,,,,,,,,,,,,,,,199,133,116,96,180,359,108,76,57,33,39,42
'521032,"Woven fabrics of cotton, containing predominantly, but < 85% cotton by weight, mixed principally ...",0,0,0,0,0,0,0,0,0,0,0,0,,,,,,,,,,,,,,,28,0,0,42,1,0,0,0,0,2,0,0
'521049,"Woven fabrics of cotton, containing predominantly, but < 85% cotton by weight, mixed principally ...",0,0,0,0,0,0,0,0,0,0,0,0,,,,,,,,,,,,,,,26,1,29,2,43,62,198,68,156,36,19,29
'521141,"Plain woven fabrics of cotton, containing predominantly, but < 85% cotton by weight, mixed ...",0,0,0,0,0,0,0,0,0,0,0,0,,,,,,,,,,,,,,,1,3,3,9,13,5,2,7,1,5,4,2
'521213,"Woven fabrics of cotton, containing predominantly, but < 85% cotton by weight, other than those ...",0,0,0,0,0,0,0,0,0,0,0,0,,,,,,,,,,,,,,,5,13,3,8,16,37,0,1,0,1,45,36
'530310,"Jute and other textile bast fibres, raw or retted (excl. flax, true hemp and ramie)",0,0,0,0,0,0,0,0,0,0,0,0,,,,,,,,,,,,,,,0,0,2,0,0,0,0,0,0,0,0,0
'530820,Hemp yarn,0,0,0,0,0,0,0,0,0,0,0,0,,,,,,,,,,,,,,,0,0,0,4,0,0,13,0,0,0,0,1
'530890,"Yarn of vegetable textile fibres (excl. flax yarn, yarn of jute or of other textile bast fibres ...",0,0,0,0,0,0,0,0,0,0,0,0,,,,,,,,,,,,,,,18,1,30,35,70,72,93,50,73,48,64,70
'540211,High-tenacity filament yarn of aramids (excl. sewing thread and yarn put up for retail sale),0,0,0,0,0,0,0,0,0,0,0,0,,,,,,,,,,,,,,,651,189,150,473,209,38,70,507,28,115,292,161
'482020,Exercise books of paper or paperboard,0,0,0,0,0,0,0,0,0,0,0,0,,,,,,,,,,,,,,,16,11,31,42,18,31,49,4,5,15,53,47
'482050,"Albums for samples or collections, of paper or paperboard",0,0,0,0,0,0,0,0,0,0,0,0,,,,,,,,,,,,,,,16,12,43,14,62,61,13,37,47,10,40,40
'482361,"Trays, dishes, plates, cups and the like, of bamboo paper or bamboo paperboard",0,0,0,0,0,0,0,0,0,0,0,0,,,,,,,,,,,,,,,0,0,0,0,0,1,1,0,17,0,53,0
'610721,"Men's or boys' nightshirts and pyjamas of cotton, knitted or crocheted (excl. vests and singlets)",0,0,0,0,0,0,0,0,0,0,0,0,,,,,,,,,,,,,,,146,70,300,269,209,277,139,215,65,100,367,171
'611011,"Jerseys, pullovers, cardigans, waistcoats and similar articles, of wool, knitted or crocheted ...",8,1,0,0,0,12,1,0,2,5,1,0,,,,,,,,,,,,,,,595,537,779,519,446,492,663,455,484,391,1072,737
'610459,"Women's or girls' skirts and divided skirts of textile materials, knitted or crocheted (excl. ...",0,0,0,0,0,0,0,0,0,0,0,0,,,,,,,,,,,,,,,59,153,132,182,277,303,406,245,98,150,271,236
'611710,"Shawls, scarves, mufflers, mantillas, veils and the like, knitted or crocheted",0,0,0,0,0,0,0,0,0,0,0,0,,,,,,,,,,,,,,,116,127,89,102,123,84,123,148,74,439,522,226
'620422,"Women's or girls' ensembles of cotton (excl. knitted or crocheted, ski overalls and swimwear)",0,0,0,0,0,0,0,0,0,0,0,0,,,,,,,,,,,,,,,19,50,15,34,96,113,102,18,43,12,108,12
'620920,"Babies' garments and clothing accessories of cotton (excl. knitted or crocheted and hats, napkins ...",0,0,25,0,0,0,0,0,0,1,0,0,,,,,,,,,,,,,,,674,1065,1848,1820,1474,1881,566,486,280,472,429,121
'620620,"Women's or girls' blouses, shirts and shirt-blouses of wool or fine animal hair (excl. knitted ...",0,0,0,0,0,0,0,0,0,2,0,0,,,,,,,,,,,,,,,7,72,72,125,64,64,32,25,18,56,9,16
'621142,"Women's or girls' tracksuits and other garments, n.e.s. of cotton (excl. knitted or crocheted)",2,1,3,9,1,0,2,0,13,0,10,0,,,,,,,,,,,,,,,171,386,375,369,701,597,455,442,295,321,352,318
'621230,"Corselettes of all types of textile materials, whether or not elasticated, incl. knitted or ...",1,0,0,0,0,0,0,0,0,0,0,0,,,,,,,,,,,,,,,62,32,510,86,130,54,31,60,4,12,6,5
'630221,Printed bedlinen of cotton (excl. knitted or crocheted),0,0,0,0,0,0,0,0,0,0,0,0,,,,,,,,,,,,,,,181,303,229,101,241,203,90,153,33,164,90,256
'630299,"Toilet linen and kitchen linen of textile materials (excl. of cotton or man-made fibres, floorcloths, ...",0,0,0,0,0,0,0,0,0,0,0,0,,,,,,,,,,,,,,,39,62,128,152,63,47,46,63,32,77,78,26
'630399,"Curtains, incl. drapes, and interior blinds, curtain or bed valances of textile materials (excl. ...",0,0,0,0,0,0,0,0,26,0,65,0,,,,,,,,,,,,,,,45,85,33,79,73,104,37,127,116,22,135,91
'630690,"Camping goods of textile materials (excl. tents, awnings and sunblinds, sails, pneumatic mattresses, ...",0,0,0,0,1,0,0,0,0,0,0,0,,,,,,,,,,,,,,,61,140,116,216,128,140,65,62,52,75,86,58
'540349,"Multiple ""folded"" or cabled artificial filament yarn, incl. artificial monofilament of < 67 ...",0,0,0,0,0,0,0,0,0,0,0,0,,,,,,,,,,,,,,,0,0,0,0,0,0,0,0,0,0,0,0
'540782,"Woven fabrics of yarn containing predominantly, but < 85% synthetic filament by weight, incl. ...",54,0,0,0,0,0,0,0,0,0,0,0,,,,,,,,,,,,,,,1556,1599,2148,2227,1577,1555,1357,988,1805,2196,1490,1016
'550130,"Filament tow as specified in Note 1 to chapter 55, acrylic or modacrylic",0,0,0,0,0,0,0,0,0,0,0,0,,,,,,,,,,,,,,,2158,269,3053,658,999,2871,1678,2137,2730,2229,1526,2237
'550190,"Synthetic filament tow as specified in Note 1 to chapter 55 (excl. that of acrylic, modacrylic, ...",0,0,0,0,0,0,0,0,0,0,0,0,,,,,,,,,,,,,,,0,131,0,29,0,0,0,26,0,0,0,0
'550210,"Artificial filament tow as specified in Note 1 to chapter 55, of acetate",0,0,0,0,0,0,0,0,0,0,0,0,,,,,,,,,,,,,,,3174,7571,10362,5470,6079,4161,5694,4252,2082,5596,4823,4804
'550319,"Staple fibres of nylon or other polyamides, not carded, combed or otherwise processed for spinning ...",0,0,0,0,0,0,0,0,0,0,0,0,,,,,,,,,,,,,,,32,0,0,0,0,103,0,32,72,0,0,0
'550410,"Staple fibres of viscose rayon, not carded, combed or otherwise processed for spinning",0,0,0,0,0,0,0,0,0,0,0,0,,,,,,,,,,,,,,,11,270,327,57,168,213,0,130,509,0,462,0
'550690,"Synthetic staple fibres carded, combed or otherwise processed for spinning (excl. acrylic, ...",0,0,0,0,0,0,0,0,0,0,0,0,,,,,,,,,,,,,,,11,11,8,9,9,5,4,5,6,0,1,0
'550810,"Sewing thread of synthetic staple fibres, whether or not put up for retail sale",0,0,0,0,0,0,0,0,0,0,0,0,,,,,,,,,,,,,,,132,55,61,110,194,156,56,49,15,85,85,4
'550922,"Multiple ""folded"" or cabled yarn containing >= 85% polyester staple fibres by weight (excl. ...",0,17,0,0,0,0,0,0,0,0,16,0,,,,,,,,,,,,,,,220,179,76,46,139,222,152,46,200,49,63,97
'550999,"Yarn containing predominantly, but < 85% synthetic staple fibres by weight, other than that ...",0,0,0,0,0,0,0,0,0,0,0,0,,,,,,,,,,,,,,,20,0,0,1,0,5,2,0,60,3,0,1
'551229,"Woven fabrics containing >= 85% acrylic or modacrylic staple fibres by weight, dyed, made of ...",0,0,0,0,0,0,0,0,0,0,0,0,,,,,,,,,,,,,,,45,128,124,389,301,110,157,133,130,59,142,243
'551339,"Woven fabrics containing predominantly, but < 85% synthetic staple fibres by weight, mixed ...",0,0,0,0,0,0,0,0,0,0,0,0,,,,,,,,,,,,,,,12,154,27,206,10,32,8,142,303,10,18,1
'551511,"Woven fabrics containing predominantly, but < 85% polyester staple fibres by weight, mixed ...",0,0,0,0,0,0,0,0,0,0,0,0,,,,,,,,,,,,,,,408,359,394,798,256,541,339,244,472,289,198,163
'551521,"Woven fabrics containing predominantly, but < 85% acrylic or modacrylic staple fibres by weight, ...",0,0,0,0,0,0,0,0,0,0,0,0,,,,,,,,,,,,,,,13,316,78,4,17,24,15,14,10,29,9,7
'551529,"Woven fabrics containing predominantly, but < 85% acrylic or modacrylic staple fibres by weight, ...",0,0,0,0,0,0,0,0,0,0,0,0,,,,,,,,,,,,,,,4,22,21,1,8,4,2,4,3,105,39,9
'551591,"Woven fabrics containing predominantly, but < 85% synthetic staple fibres, mixed principally ...",0,0,0,0,0,0,0,0,0,0,0,0,,,,,,,,,,,,,,,136,63,4,120,32,20,18,179,18,314,16,18
'551612,"Woven fabrics containing >= 85% artificial staple fibres by weight, dyed",0,0,0,0,0,0,0,0,0,0,0,0,,,,,,,,,,,,,,,860,474,1058,969,750,255,473,177,334,498,303,573
'551632,"Woven fabrics containing predominantly, but < 85% artificial staple fibres by weight, mixed ...",0,0,0,0,0,0,0,0,0,0,0,0,,,,,,,,,,,,,,,75,0,0,0,0,0,0,0,0,0,0,0
'551691,"Woven fabrics containing predominantly, but < 85% artificial staple fibres by weight, other ...",0,0,0,0,0,0,0,0,0,0,0,0,,,,,,,,,,,,,,,2,8,4,9,40,1,5,8,3,0,2,0
'551694,"Woven fabrics containing predominantly, but < 85% artificial staple fibres by weight, other ...",0,0,0,0,0,0,0,0,0,0,0,0,,,,,,,,,,,,,,,55,37,90,245,112,37,27,46,19,11,6,109
'560129,Wadding of textile materials and articles thereof (excl. of cotton or man-made fibres; sanitary ...,0,0,0,0,0,0,0,0,0,0,0,0,,,,,,,,,,,,,,,7,7,5,8,14,6,30,20,109,90,139,291
'560311,"Nonwovens, whether or not impregnated, coated, covered or laminated, n.e.s., of synthetic or ...",0,0,0,0,0,0,0,0,0,0,0,0,,,,,,,,,,,,,,,622,1022,841,1373,1130,1022,1167,698,707,1357,1170,1116
'560391,"Nonwovens, whether or not impregnated, coated, covered or laminated, n.e.s., weighing <= 25 ...",0,0,0,0,0,0,0,0,0,0,0,0,,,,,,,,,,,,,,,955,835,711,785,482,465,319,620,463,479,641,773
'560410,Textile-covered rubber thread and cord,0,0,0,0,0,0,0,0,0,28,0,0,,,,,,,,,,,,,,,62,113,88,121,145,55,88,74,113,89,75,17
'560490,"Textile yarn, strip and the like of heading 5404 and 5405, impregnated, coated, covered or ...",0,0,0,0,0,0,0,0,0,0,0,0,,,,,,,,,,,,,,,28,11,44,23,74,38,77,15,69,67,24,57
'560500,"Metallised yarn, whether or not gimped, being textile yarn, or strip or the like of heading ...",0,0,0,0,0,0,0,0,0,0,0,0,,,,,,,,,,,,,,,84,11,42,7,10,4,24,1,5,13,19,7
'560790,"Twine, cordage, ropes and cables, whether or not plaited or braided and whether or not impregnated, ...",0,2,2,0,0,1,4,0,0,0,0,0,,,,,,,,,,,,,,,212,236,291,335,281,278,321,431,336,298,221,234
'570239,"Carpets and other floor coverings, of vegetable textile materials or coarse animal hair, woven, ...",0,0,0,0,0,0,0,0,0,0,0,0,,,,,,,,,,,,,,,2,1,1,0,1,3,11,5,0,6,2,1
'570241,"Carpets and other floor coverings, of wool or fine animal hair, woven, not tufted or flocked, ...",0,0,0,0,0,0,0,0,0,0,0,0,,,,,,,,,,,,,,,24,0,28,10,83,16,149,37,24,111,0,81
'570321,"Turf, of nylon or other polyamides, tufted ""needle punched""",0,0,0,0,0,16,0,0,0,39,11,0,,,,,,,,,,,,,,,14,83,5,184,193,67,51,37,88,232,149,130
'580110,"Woven pile fabrics and chenille fabrics, of wool or fine animal hair (excl. terry towelling ...",0,0,0,0,0,0,0,0,0,0,0,0,,,,,,,,,,,,,,,19,6,22,5,5,9,3,14,16,0,4,0
'580127,"Warp pile fabrics, of cotton (excl. terry towelling and similar woven terry fabrics, tufted ...",0,0,0,0,0,0,0,0,0,0,0,0,,,,,,,,,,,,,,,28,26,23,102,41,53,60,69,116,41,61,23
'580131,"Uncut weft pile fabrics, of man-made fibres (excl. terry towelling and similar woven terry ...",0,0,0,0,0,0,0,0,0,0,0,0,,,,,,,,,,,,,,,4,39,4,15,29,109,25,27,111,42,22,6
'580136,"Chenille fabrics, of man-made fibres (excl. terry towelling and similar woven terry fabrics, ...",0,0,0,0,0,0,0,0,0,0,0,0,,,,,,,,,,,,,,,63,98,169,92,167,131,91,61,41,68,133,69
'580210,"Terry towelling and similar woven terry fabrics, of cotton (excl. narrow woven fabrics of heading ...",0,0,0,0,0,0,0,0,0,0,0,0,,,,,,,,,,,,,,,0,6,1,1,1,8,5,15,3,0,19,26
'580890,"Ornamental trimmings of textile materials, in the piece, not embroidered, other than knitted ...",0,0,0,0,0,0,0,0,0,0,0,0,,,,,,,,,,,,,,,175,272,304,433,335,305,242,273,59,109,174,26
'581010,"Embroidery on a textile fabric ground without visible ground, in the piece, in strips or in ...",0,0,0,0,0,0,0,0,0,0,0,0,,,,,,,,,,,,,,,8,6,5,13,9,4,9,6,8,9,11,6
'590691,"Knitted or crocheted textile fabrics, rubberised, n.e.s.",0,0,0,0,0,0,0,0,0,0,0,0,,,,,,,,,,,,,,,4,87,33,43,128,50,11,21,39,94,88,15
'590800,"Textile wicks, woven, plaited or knitted, for lamps, stoves, lighters, candles or the like; ...",0,0,0,0,0,0,0,0,0,0,0,0,,,,,,,,,,,,,,,22,3,4,6,2,9,6,8,5,7,10,12
'590900,"Textile hosepiping and similar textile tubing, whether or not impregnated or coated, with or ...",0,0,0,0,0,0,0,0,0,0,0,0,,,,,,,,,,,,,,,22,15,13,39,21,19,80,5,87,79,17,3
'600542,"Dyed warp knit fabrics of artificial fibres ""incl. those made on galloon knitting machines"", ...",0,0,0,0,0,0,0,0,0,0,0,0,,,,,,,,,,,,,,,19,81,278,63,0,81,87,17,85,158,135,6
'600590,"Warp knit fabrics ""incl. those made on galloon knitting machines"", of a width of > 30 cm (excl. ...",0,0,0,0,0,0,0,0,0,0,0,0,,,,,,,,,,,,,,,10,14,9,14,15,33,21,14,29,3,14,5
'600641,"Unbleached or bleached fabrics, knitted or crocheted, of artificial fibres, of a width of > ...",0,0,0,0,0,0,0,0,0,0,0,0,,,,,,,,,,,,,,,14,0,13,12,0,0,0,0,1,0,0,0
'610290,"Women's or girls' overcoats, car coats, capes, cloaks, anoraks, incl. ski jackets, windcheaters, ...",0,0,0,5,0,9,0,0,0,1,0,0,,,,,,,,,,,,,,,118,81,28,28,47,32,7,8,6,52,54,96
'090421,"Fruits of the genus Capsicum or of the genus Pimenta, dried, neither crushed nor ground",0,0,0,0,0,0,0,0,0,0,0,0,,,,,,,,,,,,,,,513,483,269,841,272,558,501,545,314,411,682,375
'090921,"Coriander seeds, neither crushed nor ground",0,0,0,0,0,0,0,0,8,0,0,0,,,,,,,,,,,,,,,128,203,297,310,351,172,299,179,109,97,86,179
'090922,"Coriander seeds, crushed or ground",2,0,0,5,0,0,0,0,0,0,0,0,,,,,,,,,,,,,,,298,179,299,472,504,293,315,322,309,271,207,244
'091020,Saffron,0,0,0,0,0,0,0,0,0,0,0,0,,,,,,,,,,,,,,,88,64,0,61,21,115,48,9,68,41,97,13
'100310,Barley seed for sowing,0,0,0,0,0,0,0,0,0,0,0,0,,,,,,,,,,,,,,,0,1,0,0,0,0,0,0,0,0,1,1
'100810,Buckwheat,0,0,0,0,0,0,0,0,0,0,0,0,,,,,,,,,,,,,,,2,18,0,0,0,1,0,4,21,5,1,0
'110313,"Groats and meal of maize ""corn""",0,0,0,0,0,0,0,0,0,0,0,0,,,,,,,,,,,,,,,1034,979,1672,1640,1716,1317,1700,1363,1115,936,1680,1695
'110419,Rolled or flaked grains of cereals (excl. oats),0,0,0,0,0,0,0,0,0,0,0,0,,,,,,,,,,,,,,,122,89,85,64,98,91,39,46,40,43,47,11
'110423,"Hulled, pearled, sliced, kibbled or otherwise worked maize grains (excl. rolled, flaked, pellets ...",0,0,0,0,0,0,33,0,0,0,0,0,,,,,,,,,,,,,,,0,12,0,0,0,0,33,0,0,0,8,63
'110720,Roasted malt,0,0,0,0,0,0,0,0,0,0,0,0,,,,,,,,,,,,,,,122,88,102,117,50,92,186,287,126,440,2453,477
'120600,"Sunflower seeds, whether or not broken",0,0,0,0,0,0,0,0,0,0,0,0,,,,,,,,,,,,,,,96,33,379,1555,631,1077,88,544,34103,57,5,45
'120770,Melon seeds,0,0,0,0,0,0,0,0,0,0,0,0,,,,,,,,,,,,,,,185,141,100,62,112,102,229,93,121,162,44,338
'120890,Flours and meal of oil seeds or oleaginous fruit (excl. soya and mustard),0,0,0,0,0,0,0,0,0,0,0,0,,,,,,,,,,,,,,,12,0,5,5,19,6,0,12,0,1,0,5
'120922,"Clover ""Trifolium spp"" seed, for sowing",0,0,0,0,0,0,0,0,0,0,0,0,,,,,,,,,,,,,,,0,0,0,0,230,3,34,84,73,57,65,0
'120923,Fescue seed for sowing,0,0,0,0,0,0,0,0,0,0,0,0,,,,,,,,,,,,,,,0,0,27,21,0,0,12,113,40,0,76,0
'121150,"Ephedra plants and parts thereof, incl. seeds and fruits, fresh, chilled, frozen or dried, ...",0,0,0,0,0,0,0,0,0,0,0,0,,,,,,,,,,,,,,,0,0,0,0,0,0,0,0,0,0,0,0
'121160,"Bark of African cherry ""Prunus africana"", fresh, chilled, frozen or dried, whether or not cut, ...",0,0,0,0,0,0,0,0,0,0,0,0,,,,,,,,,,,,,,,0,0,0,0,0,0,0,0,0,0,0,0
'121293,"Sugar cane, fresh, chilled, frozen or dried, whether or not ground",0,0,0,0,0,0,0,0,0,0,0,0,,,,,,,,,,,,,,,0,0,0,0,0,0,0,0,0,0,0,0
'121410,Alfalfa meal and pellets,0,0,0,0,0,0,0,0,0,0,0,0,,,,,,,,,,,,,,,5,22,0,19,13,30,38,77,48,32,95,46
'140120,Rattans,0,0,0,0,0,0,0,0,0,0,0,0,,,,,,,,,,,,,,,0,1,0,70,38,5,1,26,22,21,0,11
'140420,Cotton linters,0,0,0,0,0,0,0,0,0,0,0,0,,,,,,,,,,,,,,,2,0,0,0,0,0,0,0,0,0,21,0
'150410,"Fish-liver oils and their fractions, whether or not refined (excl. chemically modified)",0,0,0,0,0,0,0,0,0,0,0,0,,,,,,,,,,,,,,,36,2,0,4,10,104,4,13,22,0,4,25
'150790,"Soya-bean oil and its fractions, whether or not refined (excl. chemically modified and crude)",0,0,0,0,0,0,0,0,0,0,0,0,,,,,,,,,,,,,,,249,139,39,39,7006,14,10506,21,6571,51,3483,0
'151010,"Crude olive pomace oil ""EU cat. 6"", obtained solely from olives, untreated",0,0,0,0,0,0,0,0,0,0,0,0,,,,,,,,,,,,,,,78,48,95,65,0,56,38,169,25,168,182,123
'151219,"Sunflower-seed or safflower oil and their fractions, whether or not refined, but not chemically ...",0,0,0,0,0,0,0,0,0,0,0,0,,,,,,,,,,,,,,,262,609,654,320,818,1330,459,1550,953,270,295,607
'151800,"Animal or vegetable fats and oils and their fractions, boiled, oxidised, dehydrated, sulphurised, ...",0,0,0,0,0,0,0,0,0,0,0,0,,,,,,,,,,,,,,,137,239,223,186,133,298,212,298,159,170,278,180
'160554,"Cuttlefish and squid, prepared or preserved (excl. smoked)",0,0,0,0,0,0,0,0,0,0,0,0,,,,,,,,,,,,,,,231,81,450,236,204,206,212,763,148,113,341,89
'170240,"Glucose in solid form and glucose syrup, not containing added flavouring or colouring matter, ...",0,0,0,0,0,0,0,0,0,0,0,0,,,,,,,,,,,,,,,83,303,112,79,102,75,76,91,171,89,267,147
'180200,"Cocoa shells, husks, skins and other cocoa waste",0,0,0,0,0,0,0,0,0,0,0,0,,,,,,,,,,,,,,,0,0,0,23,0,0,0,0,0,0,0,0
'180320,"Cocoa paste, wholly or partly defatted",0,0,0,0,0,0,0,0,0,0,0,0,,,,,,,,,,,,,,,0,0,0,0,0,0,0,0,0,0,0,0
'180500,"Cocoa powder, not containing added sugar or other sweetening matter",0,0,0,0,0,0,0,0,0,0,0,0,,,,,,,,,,,,,,,4505,3714,3123,2773,4199,4216,2926,4918,2786,3183,3163,4448
'180620,"Chocolate and other food preparations containing cocoa, in blocks, slabs or bars weighing > ...",0,0,0,0,0,0,0,0,0,0,0,0,,,,,,,,,,,,,,,2635,2255,1802,3251,3264,2814,3468,2800,1711,2623,2276,3513
'190120,"Mixes and doughs of flour, groats, meal, starch or malt extract, not containing cocoa or containing ...",0,0,0,0,0,0,0,0,0,0,0,0,,,,,,,,,,,,,,,1546,1826,1721,1477,1489,1049,1592,1111,1770,989,2092,1507
'190430,"Bulgur wheat in the form of worked grains, obtained by cooking hard wheat grains",0,0,0,0,0,0,0,0,0,0,0,0,,,,,,,,,,,,,,,0,1,3,13,14,2,21,15,13,1,31,49
'200490,"Vegetables and mixtures of vegetables, prepared or preserved otherwise than by vinegar or acetic ...",0,16,34,0,6,19,0,12,13,0,0,0,,,,,,,,,,,,,,,220,215,115,165,235,299,219,185,293,58,216,194
'200551,"Shelled beans ""Vigna spp., Phaseolus spp."", prepared or preserved otherwise than by vinegar ...",0,0,0,0,0,0,0,0,0,0,0,0,,,,,,,,,,,,,,,365,461,1018,589,254,306,165,254,314,62,185,180
'200560,"Asparagus, prepared or preserved otherwise than by vinegar or acetic acid (excl. frozen)",0,0,0,0,0,0,0,0,0,0,0,0,,,,,,,,,,,,,,,46,0,44,35,171,47,1,80,0,0,0,0
'200791,"Citrus fruit jams, jellies, marmalades, purŽes or pastes, obtained by cooking, whether or not ...",0,0,0,0,0,0,0,0,0,0,0,0,,,,,,,,,,,,,,,13,61,62,42,32,56,7,44,15,14,78,14
'200893,"Cranberries ""Vaccinium macrocarpon, Vaccinium oxycoccos"" and lingonberries ""Vaccinium vitis-idaea"", ...",0,0,0,0,0,0,0,0,0,0,0,0,,,,,,,,,,,,,,,212,323,176,319,278,345,70,138,155,282,297,341
'200912,"Orange juice, unfermented, Brix value <= 20 at 20¡C, whether or not containing added sugar ...",0,0,0,0,0,0,0,0,0,0,0,0,,,,,,,,,,,,,,,0,9,0,0,0,0,1,0,0,0,0,0
'200969,"Grape juice, incl. grape must, unfermented, Brix value > 30 at 20¡C, whether or not containing ...",0,0,0,0,0,0,0,0,0,0,0,0,,,,,,,,,,,,,,,960,847,4195,2257,2294,3544,2469,4501,3461,1227,1543,2128
'210120,"Extracts, essences and concentrates, of tea or mate, and preparations with a basis of these ...",0,0,0,0,0,0,0,0,0,0,0,0,,,,,,,,,,,,,,,491,351,138,729,89,346,263,174,119,162,211,353
'210390,"Preparations for sauces and prepared sauces; mixed condiments and seasonings (excl. soya sauce, ...",0,0,0,0,10,0,0,0,0,0,0,0,,,,,,,,,,,,,,,2245,2672,3518,2746,3009,2735,2421,2932,3082,1293,2307,2261
'220110,"Mineral waters and aerated waters, not containing added sugar, other sweetening matter or flavoured",0,0,0,0,0,0,0,0,0,0,0,0,,,,,,,,,,,,,,,282,218,181,424,403,376,457,391,344,262,753,531
'220422,"Wine of fresh grapes, incl. fortified wines, and grape must whose fermentation has been arrested ...",0,0,0,0,0,0,0,0,0,0,0,0,,,,,,,,,,,,,,,4,1,3,0,1,19,0,85,3,8,19,0
'220710,"Undenatured ethyl alcohol, of actual alcoholic strength of >= 80%",0,0,0,0,0,0,0,0,0,0,0,0,,,,,,,,,,,,,,,126,21,241,29,139,45,263,463,360,427,167,133
'220820,Spirits obtained by distilling grape wine or grape marc,0,0,0,0,0,0,0,0,0,0,0,0,,,,,,,,,,,,,,,5730,5680,5898,3697,4893,4926,5624,5480,4773,1279,6394,425
'220840,Rum and other spirits obtained by distilling fermented sugar-cane products,0,0,0,0,0,0,0,0,0,0,0,0,,,,,,,,,,,,,,,505,1114,882,838,608,416,318,561,289,902,384,293
'230230,"Bran, sharps and other residues of wheat, whether or not in the form of pellets, derived from ...",0,0,0,0,0,0,0,0,0,0,0,0,,,,,,,,,,,,,,,1396,1432,1159,994,1139,1344,1454,1100,1077,943,839,905
'230800,"Acorns, horse-chestnuts, marc and other vegetable materials and vegetable waste, vegetable ...",0,0,0,0,0,0,0,0,0,0,0,0,,,,,,,,,,,,,,,32,176,129,198,48,100,144,113,183,128,127,187
'230910,"Dog or cat food, put up for retail sale",0,0,0,0,0,0,0,0,0,0,0,0,,,,,,,,,,,,,,,7444,5507,5701,4418,4441,6710,6129,6770,5394,5006,7531,6316
'240492,"Nicotine containing products intended for the intake of nicotine into the human body, for transdermal ...",0,0,0,0,0,0,0,0,0,0,0,0,,,,,,,,,,,,,,,0,0,87,0,1,0,45,0,104,0,0,0
'250300,"Sulphur of all kinds (excl. sublimed sulphur, precipitated sulphur and colloidal sulphur)",0,0,0,0,0,0,0,0,0,0,0,0,,,,,,,,,,,,,,,12013,16476,8557,7956,11710,474,24055,504,313,30184,115,298
'250490,Natural graphite (excl. in powder or in flakes),0,0,0,0,0,0,0,0,0,0,0,0,,,,,,,,,,,,,,,8,0,0,0,0,0,7,0,0,0,0,0
'250830,Fireclay (excl. kaolin and other kaolinic clays and expanded clay),0,0,0,0,0,0,0,0,0,0,0,0,,,,,,,,,,,,,,,298,271,354,136,16,22,81,12,93,92,56,22
'250840,"Clays (excl. fireclay, bentonite, kaolin and other kaolinic clays and expanded clay)",0,0,0,0,0,0,0,0,0,0,0,0,,,,,,,,,,,,,,,222,407,272,188,210,293,170,333,413,391,231,518
'251320,"Emery; natural corundum, natural garnet and other natural abrasives, whether or not heat-treated",0,0,0,0,0,0,0,0,0,0,0,0,,,,,,,,,,,,,,,4,0,6,0,5,25,100,21,39,22,8,3
'251520,Ecaussine and other calcareous monumental or building stone of an apparent specific gravity ...,0,0,0,0,0,0,0,0,0,0,0,0,,,,,,,,,,,,,,,19,0,117,8,13,36,0,6,45,7,23,60
'251810,"Crude dolomite, not calcined or not sintered, incl. dolomite roughly trimmed or merely cut, ...",0,0,0,0,0,0,0,0,0,0,0,0,,,,,,,,,,,,,,,38,46,96,52,73,70,74,48,63,46,98,50
'251990,"Fused magnesia; dead-burned ""sintered"" magnesia, whether or not containing small quantities ...",0,0,0,0,0,0,0,0,0,0,0,0,,,,,,,,,,,,,,,2359,610,579,496,701,1571,368,633,2315,2766,775,4174
'252020,"Plasters consisting of calcined gypsum or calcium sulphate, whether or not coloured, with or ...",0,0,0,0,0,0,0,0,0,0,0,0,,,,,,,,,,,,,,,157,110,118,130,132,64,185,95,113,79,104,189
'010190,Live mules and hinnies,0,0,0,0,0,0,0,0,0,0,0,0,,,,,,,,,,,,,,,0,0,0,1,0,0,0,0,0,0,1,4
'010392,"Live pure-bred swine, weighing >= 50 kg (excl. pure-bred for breeding)",0,0,0,0,0,0,0,0,0,0,0,0,,,,,,,,,,,,,,,0,0,0,0,0,0,0,0,0,0,0,0
'010611,Live primates,0,0,0,0,0,0,0,0,0,0,0,0,,,,,,,,,,,,,,,0,0,0,0,0,0,0,0,0,0,0,0
'010649,Live insects (excl. bees),0,0,0,0,0,0,0,0,0,0,0,0,,,,,,,,,,,,,,,43,33,38,96,118,250,367,273,287,249,134,86
'020311,Fresh or chilled carcases and half-carcases of swine,0,0,0,0,0,0,0,0,0,0,0,0,,,,,,,,,,,,,,,0,0,0,0,0,0,0,0,0,0,0,0
'020450,"Fresh, chilled or frozen meat of goats",0,0,0,0,0,0,0,0,0,0,0,0,,,,,,,,,,,,,,,0,0,0,0,0,0,0,0,0,0,0,0
'020754,Fresh or chilled cuts and edible offal of domestic geese (excl. fatty livers),0,0,0,0,0,0,0,0,0,0,0,0,,,,,,,,,,,,,,,0,0,0,0,0,0,0,0,0,0,0,0
'020890,"Fresh, chilled or frozen meat and edible offal of pigeons, game, reindeer and other animals ...",0,0,0,0,0,0,0,0,0,0,0,0,,,,,,,,,,,,,,,0,19,16,1,0,26,18,0,157,0,0,0
'020990,"Poultry fat, not rendered or otherwise extracted, fresh, chilled, frozen, salted, in brine, ...",0,0,0,0,0,0,0,0,0,0,0,0,,,,,,,,,,,,,,,0,0,0,0,0,0,0,0,0,0,0,0
'021019,"Meat of swine, salted, in brine, dried or smoked (excl. hams, shoulders and cuts thereof, with ...",0,0,0,0,0,0,0,0,0,0,0,0,,,,,,,,,,,,,,,150,110,82,50,239,39,218,56,238,127,130,148
'030191,"Live trout ""Salmo trutta, Oncorhynchus mykiss, Oncorhynchus clarki, Oncorhynchus aguabonita, ...",0,0,0,0,0,0,0,0,0,0,0,0,,,,,,,,,,,,,,,4,0,0,0,0,0,0,0,0,0,0,0
'030219,"Fresh or chilled salmonidae (excl. trout ""Salmo trutta, Oncorhynchus mykiss, Oncorhynchus clarki, ...",0,0,0,0,0,0,0,0,0,0,0,0,,,,,,,,,,,,,,,0,0,0,0,0,0,0,0,0,0,0,0
'030235,"Fresh or chilled Atlantic and Pacific bluefin tuna (Thunnus thynnus, Thunnus orientalis)",0,0,0,0,0,0,0,0,0,0,0,0,,,,,,,,,,,,,,,0,19,0,0,0,0,0,0,0,0,0,0
'030236,"Fresh or chilled Southern bluefin tunas ""Thunnus maccoyii""",0,0,0,0,0,0,0,0,0,0,0,0,,,,,,,,,,,,,,,0,0,0,0,0,0,0,0,0,0,0,0
'030254,"Fresh or chilled hake ""Merluccius spp., Urophycis spp.""",0,0,0,0,0,0,0,0,0,0,0,0,,,,,,,,,,,,,,,0,0,0,0,0,0,0,0,0,0,0,0
'030273,"Fresh or chilled carp ""Cyprinus spp., Carassius spp., Ctenopharyngodon idellus, Hypophthalmichthys ...",0,0,0,0,0,0,0,0,0,0,0,0,,,,,,,,,,,,,,,0,0,0,0,0,0,0,0,0,0,0,0
'030279,"Fresh or chilled, Nile perch ""Lates niloticus"" and snakeheads ""Channa spp.""",0,0,0,0,0,0,0,0,0,0,0,0,,,,,,,,,,,,,,,0,0,0,0,0,0,0,0,0,0,0,0
'030333,"Frozen sole ""Solea spp.""",0,0,0,0,0,0,0,0,0,0,0,0,,,,,,,,,,,,,,,27,133,23,18,36,3,28,3,119,43,123,192
'030354,"Frozen mackerel ""Scomber scombrus, Scomber australasicus, Scomber japonicus""",0,0,0,0,0,0,0,0,0,0,0,0,,,,,,,,,,,,,,,138,28,13,57,455,179,267,7,135,34,92,161
'030355,"Frozen jack and horse mackerel ""Trachurus spp.""",0,0,0,0,0,0,0,0,0,0,0,0,,,,,,,,,,,,,,,1891,1648,1769,1652,1683,1839,1290,793,833,1414,2294,1171
'030383,"Frozen toothfish ""Dissostichus spp.""",0,0,0,0,0,0,0,0,0,0,0,0,,,,,,,,,,,,,,,0,0,0,0,0,0,0,0,0,0,0,0
'030447,Fresh or chilled fillets of dogfish and other sharks,0,0,0,0,0,0,0,0,0,0,0,0,,,,,,,,,,,,,,,0,0,0,0,0,0,0,0,0,0,0,0
'030451,"Fresh or chilled meat, whether or not minced, of tilapia ""Oreochromis spp."", catfish ""Pangasius ...",0,0,0,0,0,0,0,0,0,0,0,0,,,,,,,,,,,,,,,0,0,0,0,0,0,0,0,0,0,0,0
'030474,"Frozen fillets of hake ""Merluccius spp., Urophycis spp.""",0,0,0,0,0,0,0,0,0,0,0,0,,,,,,,,,,,,,,,1568,1808,1844,1722,1467,1596,1172,1531,3312,2868,2953,2504
'030489,"Frozen fish fillets, n.e.s.",0,0,0,0,0,0,0,0,0,0,0,0,,,,,,,,,,,,,,,15,50,118,37,28,0,0,45,6,67,122,224
'030491,"Frozen meat, whether or not minced, of swordfish ""Xiphias gladius"" (excl. fillets)",0,0,0,0,0,0,0,0,0,0,0,0,,,,,,,,,,,,,,,0,0,0,0,0,0,0,0,0,0,0,0
'030554,"Dried herrings ""Clupea harengus, Clupea pallasii"", anchovies ""Engraulis spp."", sardines ""Sardina ...",0,0,0,0,0,0,0,0,0,0,0,0,,,,,,,,,,,,,,,0,0,0,0,0,0,0,0,0,0,0,0
'030614,"Frozen crabs, even smoked, whether in shell or not, incl. crabs in shell, cooked by steaming ...",0,0,0,0,0,0,0,0,0,0,0,0,,,,,,,,,,,,,,,58,13,187,77,63,137,118,216,39,109,55,175
'030617,"Frozen shrimps and prawns, even smoked, whether in shell or not, incl. shrimps and prawns in ...",150,0,1,0,0,0,117,0,0,0,0,0,,,,,,,,,,,,,,,2078,3710,3719,2385,2570,3100,3140,4395,3317,2542,3608,4214
'030729,"Scallops and other molluscs of the family Pectinidae, smoked, dried, salted or in brine, even ...",0,0,0,0,0,0,0,0,0,0,0,0,,,,,,,,,,,,,,,0,41,0,0,0,0,0,0,4,0,27,26
'030739,"Mussels ""Mytilus spp., Perna spp."", smoked, dried, salted or in brine, even in shell",0,0,0,0,0,0,0,0,0,0,0,0,,,,,,,,,,,,,,,0,16,19,5,34,54,40,39,49,50,111,27
'030743,"Cuttle fish and squid, frozen, with or without shell",0,0,0,0,0,0,0,0,0,0,0,0,,,,,,,,,,,,,,,1327,1473,231,749,2846,2281,1419,2859,1315,735,966,705
'030783,"Frozen, even in shell, abalone ""Haliotis spp.""",0,0,0,0,0,0,0,0,0,0,0,0,,,,,,,,,,,,,,,0,0,0,0,0,0,0,0,0,0,0,0
'030792,"Molluscs, even in shell, frozen (excl. oysters, scallops of the genera Pecten, Chlamys or Placopecten, ...",0,0,0,0,0,0,0,0,0,0,0,0,,,,,,,,,,,,,,,0,0,0,0,0,0,0,0,0,0,0,0
'040120,"Milk and cream of a fat content by weight of > 1% but <= 6%, not concentrated nor containing ...",0,0,0,0,0,0,0,0,0,0,0,0,,,,,,,,,,,,,,,37,36,25,25,26,26,0,48,26,39,9,51
'040150,"Milk and cream of a fat content by weight of > 10%, not concentrated nor containing added sugar ...",0,0,0,0,0,0,0,0,0,0,0,0,,,,,,,,,,,,,,,29,4,13,0,10,11,54,29,56,7,4,6
'040210,"Milk and cream in solid forms, of a fat content by weight of <= 1,5%",0,0,0,0,0,0,0,0,0,0,0,0,,,,,,,,,,,,,,,1906,498,1791,4093,3782,1527,2298,1449,1513,3184,3150,2424
'040490,"Products consisting of natural milk constituents, whether or not sweetened, n.e.s.",0,0,0,0,0,0,0,0,0,0,0,0,,,,,,,,,,,,,,,74,28,74,67,0,118,4,92,126,0,87,26
'040590,"Fats and oils derived from milk, and dehydrated butter and ghee (excl. natural butter, recombined ...",0,0,0,0,0,0,0,0,0,0,0,0,,,,,,,,,,,,,,,0,0,0,0,1,0,0,0,0,0,2,0
'040630,"Processed cheese, not grated or powdered",0,0,0,0,0,0,0,0,0,0,0,0,,,,,,,,,,,,,,,1028,448,118,636,2050,73,284,215,277,61,524,557
'040690,"Cheese (excl. fresh cheese, incl. whey cheese, curd, processed cheese, blue-veined cheese and ...",0,0,0,0,0,0,0,0,0,0,0,0,,,,,,,,,,,,,,,1823,1423,2126,995,1813,2413,1872,1529,3305,955,1707,1575
'040819,"Egg yolks, fresh, cooked by steaming or boiling in water, moulded, frozen or otherwise preserved, ...",0,0,0,0,0,0,0,0,0,0,0,0,,,,,,,,,,,,,,,0,0,0,0,1,1,0,0,0,0,0,1
'041090,"Turtles' eggs, birds' nests and other edible products of animal origin, n.e.s.",0,0,0,0,0,0,0,0,0,0,0,0,,,,,,,,,,,,,,,0,0,0,2,0,3,1,0,0,0,0,1
'051000,"Ambergris, castoreum, civet and musk; cantharides; bile, whether or not dried; glands and other ...",0,0,0,0,0,0,0,0,0,0,0,0,,,,,,,,,,,,,,,115,78,109,0,152,76,0,46,79,0,0,3
'051110,Bovine semen,0,0,0,0,0,0,0,0,0,0,0,0,,,,,,,,,,,,,,,580,354,438,829,718,590,382,258,308,256,558,639
'051199,"Products of animal origin, n.e.s., dead animals, unfit for human consumption (excl. fish, crustaceans, ...",0,0,0,0,0,0,0,0,0,0,0,0,,,,,,,,,,,,,,,21,41,13,24,48,76,5,61,54,34,26,126
'060230,"Rhododendrons and azaleas, grafted or not",0,0,0,0,0,0,0,0,0,0,0,0,,,,,,,,,,,,,,,10,0,0,4,0,8,0,0,0,25,0,0
'070390,"Leeks and other alliaceous vegetables, fresh or chilled (excl. onions, shallots and garlic)",0,0,0,0,0,0,0,0,0,0,0,0,,,,,,,,,,,,,,,0,0,0,0,0,0,0,0,0,0,0,0
'070970,"Fresh or chilled spinach, New Zealand spinach and orache spinach",0,0,0,0,0,0,0,0,0,0,0,0,,,,,,,,,,,,,,,0,0,0,1,0,0,0,0,0,0,0,0
'071220,"Dried onions, whole, cut, sliced, broken or in powder, but not further prepared",0,0,0,0,0,0,0,0,0,0,0,0,,,,,,,,,,,,,,,379,436,724,466,807,1015,644,470,527,699,720,596
'071231,"Dried mushrooms of the genus ""Agaricus"", whole, cut, sliced, broken or in powder, but not further ...",0,0,0,0,0,0,0,0,0,0,0,0,,,,,,,,,,,,,,,0,0,18,17,25,0,34,0,0,0,34,3
'071310,"Dried, shelled peas ""Pisum sativum"", whether or not skinned or split",0,0,0,0,0,0,0,0,0,0,0,0,,,,,,,,,,,,,,,316,895,330,693,327,236,215,148,80,10,195,520
'071430,"Yams ""Dioscorea spp."", fresh, chilled, frozen or dried, whether or not sliced or in the form ...",0,0,0,0,0,0,0,0,0,0,0,0,,,,,,,,,,,,,,,69,125,6,33,15,83,78,137,36,35,27,95
'071440,"Taro ""Colocasia spp."", fresh, chilled, frozen or dried, whether or not sliced or in the form ...",0,0,0,0,0,0,0,0,0,0,0,0,,,,,,,,,,,,,,,0,2,1,1,1,2,2,2,2,1,1,3
'071450,"Yautia ""Xanthosoma spp."", fresh, chilled, frozen or dried, whether or not sliced or in the ...",0,0,0,0,0,0,0,0,0,0,0,0,,,,,,,,,,,,,,,0,0,0,0,0,0,0,0,0,0,0,0
'080119,"Fresh coconuts, whether or not shelled or peeled (excl. in the inner shell ""endocarp"")",0,0,0,0,0,0,0,0,0,0,0,0,,,,,,,,,,,,,,,81,60,82,117,91,67,26,45,6,13,55,98
'080242,"Fresh or dried chestnuts ""Castanea spp."", shelled",0,0,0,0,0,0,0,0,0,0,0,0,,,,,,,,,,,,,,,0,0,0,7,0,0,0,0,3,0,0,0
'080270,"Fresh or dried kola nuts ""Cola spp."", whether or not shelled or peeled",0,0,0,0,0,0,0,0,0,0,0,0,,,,,,,,,,,,,,,0,0,0,0,0,0,0,0,0,0,0,0
'080450,"Fresh or dried guavas, mangoes and mangosteens",0,0,0,0,0,0,0,0,0,0,0,0,,,,,,,,,,,,,,,56,118,110,126,291,321,955,902,180,7,25,20
'080529,Fresh or dried wilkings and similar citrus hybrids,0,0,0,0,0,0,0,0,0,0,0,0,,,,,,,,,,,,,,,0,12,0,0,0,0,0,0,0,0,0,0
'270120,"Briquettes, ovoids and similar solid fuels manufactured from coal",0,0,0,0,0,0,0,0,0,0,0,0,,,,,,,,,,,,,,,17,6,20,39,4,0,19,8,13,9,7,7
'270740,Naphthalene containing > 50% of naphthalene (excl. chemically defined),0,0,0,0,0,0,0,0,0,0,0,0,,,,,,,,,,,,,,,160,62,34,31,30,65,207,41,20,40,118,15
'270791,Creosote oils (excl. chemically defined),0,0,0,0,0,0,0,0,0,0,0,0,,,,,,,,,,,,,,,0,0,0,0,0,0,0,0,0,13,44,11
'270810,Pitch obtained from coal tar or from other mineral tars,0,0,0,0,0,0,0,0,0,0,0,0,,,,,,,,,,,,,,,7827,0,3792,3474,3427,3288,4358,4140,5649,0,5664,5971
'271019,"Medium oils and preparations, of petroleum or bituminous minerals, not containing biodiesel, ...",0,0,0,0,0,0,0,0,0,0,0,0,,,,,,,,,,,,,,,53989,26588,47160,25133,36393,57894,16715,32002,45672,21815,31162,31311
'271111,"Natural gas, liquefied",0,0,0,0,0,0,0,0,0,0,0,0,,,,,,,,,,,,,,,39878,38281,36574,38600,38279,33179,35799,35540,40193,34582,32288,35899
'271112,"Propane, liquefied",0,0,0,0,0,0,0,0,0,0,0,0,,,,,,,,,,,,,,,17775,22153,23274,16524,16150,19892,11726,13356,9768,12448,15233,26947
'280450,Boron; tellurium,0,0,0,0,0,0,0,0,0,0,0,0,,,,,,,,,,,,,,,86,0,0,0,14,0,0,0,0,0,0,15
'280480,Arsenic,0,0,0,0,0,0,0,0,0,0,0,0,,,,,,,,,,,,,,,0,0,0,1,6,0,0,14,0,0,0,0
'280530,"Rare-earth metals, scandium and yttrium, whether or not intermixed or interalloyed",0,0,0,0,0,0,0,0,0,0,0,0,,,,,,,,,,,,,,,0,0,0,0,1,0,0,0,0,17,142,0
'280800,Nitric acid; sulphonitric acids,0,0,0,0,0,0,0,0,0,0,0,0,,,,,,,,,,,,,,,38,39,9,45,1,12,3,21,1,4,53,44
'280910,Diphosphorus pentaoxide,0,0,0,0,0,0,0,0,0,0,0,0,,,,,,,,,,,,,,,1,3,1,20,0,9,0,0,4,23,0,0
'281121,Carbon dioxide,0,0,0,0,0,0,0,0,0,0,0,0,,,,,,,,,,,,,,,822,300,136,505,176,154,196,180,190,214,272,191
'281390,Sulphides of non-metals (excl. carbon disulphide); commercial phosphorus trisulphide,0,0,0,0,0,0,0,0,0,0,0,0,,,,,,,,,,,,,,,138,79,0,387,93,71,136,175,212,144,177,117
'281410,Anhydrous ammonia,0,0,0,0,0,0,0,0,0,0,0,0,,,,,,,,,,,,,,,6540,6325,968,8523,0,10082,9658,0,9059,0,1,24904
'281530,Peroxides of sodium or potassium,0,0,0,0,0,0,0,0,0,0,0,0,,,,,,,,,,,,,,,4,0,478,0,56,386,3,31,518,10,52,493
'282490,"Lead oxides (excl. monoxide ""litharge, massicot"")",0,0,0,0,0,0,0,0,0,0,0,0,,,,,,,,,,,,,,,0,1,2,57,66,0,0,1,172,30,0,120
'282530,Vanadium oxides and hydroxides,0,0,0,0,0,0,0,0,0,0,0,0,,,,,,,,,,,,,,,0,188,0,0,0,0,1,323,0,0,313,0
'282619,Fluorides (excl. of aluminium and mercury),0,0,0,0,0,0,0,0,0,0,0,0,,,,,,,,,,,,,,,42,6,63,57,5,107,30,52,60,111,166,147
'282690,"Fluorosilicates, fluoroaluminates and other complex fluorine salts (excl. sodium hexafluoroaluminate ...",0,0,0,0,0,0,0,0,0,0,0,0,,,,,,,,,,,,,,,75,96,31,137,4,140,14,18,127,8,1,42
'282749,Chloride oxides and chloride hydroxides (excl. copper and mercury),0,0,0,0,0,0,0,0,0,0,0,0,,,,,,,,,,,,,,,284,540,403,338,318,320,852,386,0,437,314,211
'282810,"Calcium hypochlorites, incl. commercial calcium hypochlorite",0,0,0,0,0,0,0,0,0,0,0,0,,,,,,,,,,,,,,,196,267,396,316,289,529,346,426,433,480,426,598
'283110,Dithionite and sulfoxylate of sodium,0,0,0,0,0,0,0,0,0,0,0,0,,,,,,,,,,,,,,,14,18,4,35,6,44,41,65,30,64,54,68
'283220,Sulphites (excl. sodium),0,0,0,0,0,0,0,0,0,0,0,0,,,,,,,,,,,,,,,6,51,24,16,20,81,175,102,51,9,66,91
'283319,Sodium sulphates (excl. disodium),0,0,0,0,0,0,0,0,0,0,0,0,,,,,,,,,,,,,,,1323,1669,1378,1176,289,1164,1293,363,4883,2696,1807,1017
'283322,Sulphate of aluminium,0,0,0,0,0,0,0,0,0,0,0,0,,,,,,,,,,,,,,,154,137,283,201,254,338,160,290,247,408,371,224
'283340,"Peroxosulphates ""persulphates""",0,0,0,0,0,0,0,0,0,0,0,0,,,,,,,,,,,,,,,152,93,51,24,18,86,149,55,137,13,20,103
'283525,"Calcium hydrogenorthophosphate ""dicalcium phosphate""",0,0,0,0,0,0,0,0,0,0,0,0,,,,,,,,,,,,,,,25,169,41,160,121,71,13,43,68,9,93,111
'283526,"Phosphates of calcium (excl. calcium hydrogenorthophosphate ""dicalcium phosphate"")",0,0,0,0,0,0,0,0,0,0,0,0,,,,,,,,,,,,,,,1017,1346,4969,400,469,1019,4718,706,916,875,1091,4017
'283531,"Sodium triphosphate ""sodium tripolyphosphate"", whether or not chemically defined",0,0,0,0,0,0,0,0,0,0,0,0,,,,,,,,,,,,,,,172,508,578,214,347,630,564,539,694,682,622,1285
'283620,Disodium carbonate,0,0,0,0,0,0,0,0,0,0,0,0,,,,,,,,,,,,,,,7292,8413,7950,9366,8671,5966,5848,9771,11801,9256,7152,6926
'283660,Barium carbonate,0,0,0,0,0,0,0,0,0,0,0,0,,,,,,,,,,,,,,,22,0,0,0,1,3,1,1,0,47,0,17
'283711,Sodium cyanide,0,0,0,0,0,0,0,0,0,0,0,0,,,,,,,,,,,,,,,0,1405,851,17,509,436,66,815,998,3222,949,2225
'283990,"Silicates, incl. commercial alkali metal silicates (excl. sodium silicates)",0,0,0,0,0,0,0,0,0,0,0,0,,,,,,,,,,,,,,,3006,921,1982,1214,1400,236,273,583,6186,1885,3893,450
'284180,"Tungstates ""wolframates""",0,0,0,0,0,0,0,0,0,0,0,0,,,,,,,,,,,,,,,0,0,13,5,6,0,1,0,1,9,1,0
'290110,Saturated acyclic hydrocarbons,0,0,0,0,0,0,0,0,0,0,0,0,,,,,,,,,,,,,,,1089,96,964,157,960,854,1084,173,759,1458,308,406
'290121,Ethylene,0,0,0,0,0,0,0,0,0,0,0,0,,,,,,,,,,,,,,,0,47,0,0,1,0,41,0,0,0,0,30
'290124,"Buta-1,3-diene and isoprene",0,0,0,0,0,0,0,0,0,0,0,0,,,,,,,,,,,,,,,70,67,0,97,121,97,0,85,0,84,107,25
'290220,Benzene,0,0,0,0,0,0,0,0,0,0,0,0,,,,,,,,,,,,,,,0,193,1,0,0,0,0,0,0,2,0,0
'290242,m-Xylene,0,0,0,0,0,0,0,0,0,0,0,0,,,,,,,,,,,,,,,0,0,0,0,0,0,0,0,0,0,0,0
'290243,p-Xylene,0,0,0,0,0,0,0,0,0,0,0,0,,,,,,,,,,,,,,,0,0,0,0,0,0,0,0,0,0,0,0
'290312,"Dichloromethane ""methylene chloride""",0,0,0,0,0,0,0,0,0,0,0,0,,,,,,,,,,,,,,,244,253,294,146,117,285,261,186,177,207,283,152
'290362,"Ethylene dibromide ""ISO"" ""1,2-dibromoethane""",0,0,0,0,0,0,0,0,0,0,0,0,,,,,,,,,,,,,,,0,0,0,0,0,0,0,0,0,0,0,121
'290542,Pentaerythritol,0,0,0,0,0,0,0,0,0,0,0,0,,,,,,,,,,,,,,,73,121,358,99,134,189,290,131,207,71,174,364
'290543,Mannitol,0,0,0,0,0,0,0,0,0,0,0,0,,,,,,,,,,,,,,,265,21,161,117,1,52,61,121,88,73,145,3
'290619,"Cyclanic, cyclenic or cycloterpenic alcohols and their halogenated, sulphonated, nitrated or ...",0,0,0,0,0,0,0,0,0,0,0,0,,,,,,,,,,,,,,,275,493,291,403,870,85,155,110,37,153,106,153
'290719,"Monophenols (excl. phenol ""hydroxybenzene"" and its salts, cresols and their salts, octylphenol, ...",0,0,0,0,0,0,0,0,0,0,0,0,,,,,,,,,,,,,,,50,122,39,79,76,110,50,170,48,118,124,116
'290811,"Pentachlorophenol ""ISO""",0,0,0,0,0,0,0,0,0,0,0,0,,,,,,,,,,,,,,,0,0,0,0,0,0,0,0,0,0,0,0
'290960,"Alcohol peroxides, ether peroxides, acetal and hemiacetal peroxides, ketone peroxides and their ...",0,0,0,0,0,0,0,0,0,0,0,0,,,,,,,,,,,,,,,502,252,125,240,258,406,375,459,501,309,937,224
'291211,"Methanal ""formaldehyde""",0,0,0,0,0,0,0,0,0,0,0,0,,,,,,,,,,,,,,,3,1,0,0,1,3,1,1,2,8,6,2
'291462,"Coenzyme Q10 ""ubidecarenone ""INN""""",0,0,0,0,0,0,0,0,0,0,0,0,,,,,,,,,,,,,,,69,44,102,39,35,100,58,9,32,60,44,88
'291471,"Chlordecone ""ISO""",0,0,0,0,0,0,0,0,0,0,0,0,,,,,,,,,,,,,,,0,0,0,0,0,0,0,24,0,0,0,0
'291513,Esters of formic acid,0,0,0,0,0,0,0,0,0,0,0,0,,,,,,,,,,,,,,,14,0,9,47,18,7,1,26,2,1,47,22
'291539,"Esters of acetic acid (excl. ethyl, vinyl, n-butyl and dinoseb [ISO] acetates)",0,0,0,0,0,0,0,0,0,0,0,0,,,,,,,,,,,,,,,697,857,580,608,654,702,488,636,682,439,499,756
'291615,"Oleic, linoleic or linolenic acids, their salts and esters (excl. inorganic or organic compounds ...",0,0,0,0,0,0,0,0,0,0,0,0,,,,,,,,,,,,,,,462,290,314,286,465,415,199,310,314,635,161,977
'291720,"Cyclanic, cyclenic or cycloterpenic polycarboxylic acids, their anhydrides, halides, peroxides, ...",0,0,0,0,0,0,0,0,0,0,0,0,,,,,,,,,,,,,,,213,0,26,5,41,2,37,0,2,19,2,43
'291813,Salts and esters of tartaric acid,0,0,0,0,0,0,0,0,0,0,0,0,,,,,,,,,,,,,,,39,45,59,69,32,135,21,162,176,99,94,61
'291814,Citric acid,0,0,0,0,0,0,0,0,0,0,0,0,,,,,,,,,,,,,,,2362,962,1834,872,1408,2865,1502,3188,999,1540,1453,1555
'292011,"Parathion ""ISO"" and parathion-methyl ""ISO"" ""methyl-parathion""",0,0,0,0,0,0,0,0,0,0,0,0,,,,,,,,,,,,,,,0,0,338,0,0,0,127,0,0,0,0,0
'292211,Monoethanolamine and its salts,0,0,0,0,0,0,0,0,0,0,0,0,,,,,,,,,,,,,,,98,249,358,124,116,214,109,226,169,161,350,304
'292250,"Amino-alcohol-phenols, amino-acid-phenols and other amino-compounds with oxygen function (excl. ...",0,0,0,0,0,0,0,0,0,0,0,0,,,,,,,,,,,,,,,980,733,883,1507,704,764,901,1693,975,1234,2618,1877
'292412,"Fluoroacetamide ""ISO"", monocrotophos ""ISO"" and phosphamidon ""ISO""",0,0,0,0,0,0,0,0,0,0,0,0,,,,,,,,,,,,,,,0,0,0,0,0,0,0,0,0,0,0,0
'292429,"Cyclic amides, incl. cyclic carbamates, and their derivatives; salts thereof (excl. ureines ...",0,0,0,0,0,0,0,0,0,0,0,0,,,,,,,,,,,,,,,6112,5178,11173,5542,984,2447,1945,1624,2782,2721,4779,2309
'292640,alpha-Phenylacetoacetonitrile,0,0,0,0,0,0,0,0,0,0,0,0,,,,,,,,,,,,,,,0,0,0,0,0,0,0,0,0,0,0,0
'292700,"Diazo-, azo- or azoxy-compounds",0,0,0,0,0,0,0,0,0,0,0,0,,,,,,,,,,,,,,,2,2,69,250,102,42,4,61,35,451,9,0
'293020,Thiocarbamates and dithiocarbamates (excl. inorganic or organic compounds of mercury),0,0,0,0,0,0,0,0,0,0,0,0,,,,,,,,,,,,,,,826,131,431,785,459,715,314,46,7,167,315,371
'293070,Bis(2-hydroxyethyl)sulfide (thiodiglycol (INN)),0,0,0,0,0,0,0,0,0,0,0,0,,,,,,,,,,,,,,,0,0,0,0,0,0,0,0,0,0,0,0
'293190,"Separate chemically defined organo-inorganic compounds (excl. organo-sulphur, mercury, tetramethyl ...",0,0,0,0,0,0,0,0,0,0,0,0,,,,,,,,,,,,,,,752,294,774,1523,975,658,454,1705,1502,1049,2007,831
'293219,"Heterocyclic compounds with oxygen hetero-atom[s] only, containing an unfused furan ring, whether ...",0,0,0,0,0,0,0,0,0,0,0,0,,,,,,,,,,,,,,,150,322,432,438,38,464,216,315,214,200,153,183
'293331,Pyridine and its salts,0,0,0,0,0,0,0,0,0,0,0,0,,,,,,,,,,,,,,,0,2,0,3,7,0,2,1,0,1,1,0
'293332,Piperidine and its salts,0,0,0,0,0,0,0,0,0,0,0,0,,,,,,,,,,,,,,,0,0,0,0,1,0,2,0,0,0,0,0
'293420,"Heterocyclic compounds containing in the structure a benzothiazole ring-system, whether or ...",0,0,0,0,0,0,0,0,0,0,0,0,,,,,,,,,,,,,,,26,137,98,4,43,23,30,17,16,61,25,40
'293627,"Vitamin C and its derivatives, used primarily as vitamins",0,0,0,0,0,0,0,0,0,0,0,0,,,,,,,,,,,,,,,1313,2180,732,972,916,1226,1494,1299,551,793,1285,1323
'293790,"Hormones, natural or reproduced by synthesis; derivatives and structural analogues thereof, ...",0,0,0,0,0,0,0,0,0,0,0,0,,,,,,,,,,,,,,,23,19,41,3,30,24,31,30,34,25,58,2
'293972,"Cocaine, ecgonine; salts, esters and other derivatives thereof",0,0,0,0,0,0,0,0,0,0,0,0,,,,,,,,,,,,,,,24,0,0,0,0,0,0,0,0,0,0,0
'294110,Penicillins and their derivatives with a penicillanic acid structure; salts thereof,0,0,0,0,0,0,0,0,0,0,0,0,,,,,,,,,,,,,,,3,640,279,511,893,537,122,378,1697,1449,997,1089
'294190,"Antibiotics (excl. penicillins and their derivatives with a penicillanic acid structure, salts ...",0,0,0,0,0,0,0,0,0,0,0,0,,,,,,,,,,,,,,,703,926,1390,1305,634,411,743,377,1825,876,1772,241
'300190,"Dried glands and other organs for organo-therapeutic uses, whether or not powdered; heparin ...",0,0,0,0,0,0,0,0,0,0,0,0,,,,,,,,,,,,,,,785,426,301,379,98,223,186,178,705,346,207,393
'300390,Medicaments consisting of two or more constituents mixed together for therapeutic or prophylactic ...,0,0,0,0,0,0,0,0,0,0,0,0,,,,,,,,,,,,,,,737,640,1336,385,620,865,75,111,452,430,516,1220
'300610,"Sterile surgical catgut, similar sterile suture materials, incl. sterile absorbable surgical ...",0,0,0,0,0,0,0,0,0,2,0,0,,,,,,,,,,,,,,,1703,1986,2110,2098,2197,1720,1772,1082,1587,2503,3767,1826
'300692,Waste pharmaceuticals,0,0,0,0,0,0,0,0,0,0,0,0,,,,,,,,,,,,,,,0,0,0,0,0,0,0,0,0,0,0,0
'310221,"Ammonium sulphate (excl. that in tablets or similar forms, or in packages with a gross weight ...",0,0,0,0,0,0,0,0,0,0,0,0,,,,,,,,,,,,,,,15339,7845,12277,8003,7026,8676,1630,750,6224,4922,1763,4127
'310290,Mineral or chemical nitrogen fertilisers (excl. urea; ammonium sulphate; ammonium nitrate; ...,0,0,0,0,0,0,0,0,0,0,0,0,,,,,,,,,,,,,,,835,165,1760,10679,767,685,567,363,94,853,92,219
'310540,"Ammonium dihydrogenorthophosphate ""monoammonium phosphate"", whether or not mixed with diammonium ...",0,0,0,0,0,0,0,0,0,0,0,0,,,,,,,,,,,,,,,1289,17136,16277,58569,54634,50706,19080,4216,17134,18082,1079,761
'310560,Mineral or chemical fertilisers containing the two fertilising elements phosphorus and potassium ...,0,0,0,0,0,0,0,0,0,0,0,0,,,,,,,,,,,,,,,87,49,255,198,2,195,111,102,183,227,1,28
'320412,"Synthetic organic acid dyes, whether or not metallised, and synthetic organic mordant dyes; ...",0,0,0,0,0,0,0,0,0,0,0,0,,,,,,,,,,,,,,,761,1066,435,573,751,681,582,785,764,407,592,522
'320415,"Synthetic organic vat dyes, incl. those usable in that state as pigments; preparations based ...",0,0,0,0,0,0,0,0,0,0,0,0,,,,,,,,,,,,,,,177,52,77,216,2,93,145,12,119,129,56,0
'320650,"Inorganic products of a kind used as luminophores, whether or not chemically defined",0,0,0,0,0,0,0,0,0,0,0,0,,,,,,,,,,,,,,,3,0,0,3,0,2,0,2,0,0,1,2
'321290,"Pigments, incl. metallic powders and flakes, dispersed in non-aqueous media, in liquid or paste ...",0,0,0,0,0,0,0,0,0,0,0,0,,,,,,,,,,,,,,,1781,1719,1072,1392,1144,1354,1104,917,1121,543,1814,1304
'321310,"Sets of artist's, student's or signboard painter's colours, modifying tints, amusement colours ...",0,0,0,0,0,4,0,0,0,0,0,0,,,,,,,,,,,,,,,135,167,208,117,209,98,87,136,76,135,68,47
'321390,"Artist's, student's or signboard painter's colours, modifying tints, amusement colours and ...",0,0,0,0,0,0,0,0,0,0,0,0,,,,,,,,,,,,,,,90,130,178,131,128,113,159,102,68,152,41,146
'330420,Eye make-up preparations,0,0,0,1,0,0,0,0,0,0,0,0,,,,,,,,,,,,,,,1454,1470,1368,2022,1961,1835,1028,1182,1183,1131,2522,1130
'330491,"Make-up or skin care powders, incl. baby powders, whether or not compressed (excl. medicaments)",0,0,0,0,0,0,0,0,0,0,0,0,,,,,,,,,,,,,,,806,635,484,914,731,793,444,504,653,527,1010,965
'340242,"Non-ionic organic surface-active agents, whether or not put up for retail sale (excl. soap)",0,0,0,0,0,0,0,0,0,0,0,0,,,,,,,,,,,,,,,6204,8755,8998,6814,6464,6137,4321,4843,6547,4824,8473,6578
'350699,"Glues, prepared, and other prepared adhesives, n.e.s.",0,0,0,0,0,0,0,0,0,0,0,0,,,,,,,,,,,,,,,1511,896,1311,1782,1729,1590,1566,1250,1720,1317,1721,1314
'360410,Fireworks,0,0,0,0,0,0,0,0,0,0,0,0,,,,,,,,,,,,,,,144,68,666,702,513,373,602,204,203,0,105,0
'360610,Liquid or liquefied-gas fuels in containers of a kind used for filling or refilling cigarette ...,0,0,0,0,0,0,0,0,0,0,0,0,,,,,,,,,,,,,,,68,53,2,67,12,1,22,38,70,21,0,117
'370110,"Photographic plates and film in the flat, sensitised, unexposed, for X-ray (excl. of paper, ...",0,0,0,0,0,0,0,0,0,0,0,0,,,,,,,,,,,,,,,110,9,51,309,341,200,15,194,187,506,211,535
'370297,"Photographic film, sensitised, in rolls, unexposed, with perforations, for monochrome photography, ...",0,0,0,0,0,0,0,0,0,0,0,0,,,,,,,,,,,,,,,3,0,0,0,1,0,0,2,1,1,0,0
'380300,"Tall oil, whether or not refined",0,0,0,0,0,0,0,0,0,0,0,0,,,,,,,,,,,,,,,76,17,34,0,23,80,115,136,44,183,64,195
'380861,"Goods of heading 3808, containing alpha-cypermethrin ""ISO"", bendiocarb ""ISO"", bifenthrin ""ISO"", ...",0,0,0,0,0,0,0,0,0,0,0,0,,,,,,,,,,,,,,,0,0,0,0,0,0,0,0,0,0,0,0
'381119,Anti-knock preparations for motor fuels (excl. those based on lead compounds),0,0,0,0,0,0,0,0,0,0,0,0,,,,,,,,,,,,,,,470,190,91,106,100,36,57,179,28,66,83,348
'381210,Prepared rubber accelerators,0,0,0,0,0,0,0,0,0,0,0,0,,,,,,,,,,,,,,,147,304,458,339,508,304,168,186,150,233,331,347
'381300,Preparations and charges for fire-extinguishers; charged fire-extinguishing grenades (excl. ...,0,0,0,0,0,0,0,0,0,0,0,0,,,,,,,,,,,,,,,233,515,210,174,128,851,916,523,521,81,251,560
'382211,"Diagnostic or laboratory reagents on a backing, prepared diagnostic or laboratory reagents ...",0,0,0,0,0,0,0,0,0,0,0,0,,,,,,,,,,,,,,,11,0,288,17,9,27,53,10,18,21,23,9
'382410,Prepared binders for foundry moulds or cores,0,0,0,0,0,0,0,0,0,0,0,0,,,,,,,,,,,,,,,96,90,49,126,176,35,83,67,113,57,88,91
'382731,"Mixtures containing hydrochlorofluorocarbons ""HCFCs"" and substances of subheadings 2903.41 ...",0,0,0,0,0,0,0,0,0,0,0,0,,,,,,,,,,,,,,,0,5,0,0,0,11,0,0,0,0,0,0
'382751,"Mixtures containing trifluoromethane ""HFC-23"" (excl. containing chlorofluorocarbons ""CFCs"" ...",0,0,0,0,0,0,0,0,0,0,0,0,,,,,,,,,,,,,,,0,0,4,0,0,0,0,0,0,0,0,0
'382763,"Mixtures containing other hydrofluorocarbons ""HFCs"" than in subheadings of 3827 till 3827.59, ...",0,0,0,0,0,0,0,0,0,0,0,0,,,,,,,,,,,,,,,56,87,92,32,101,39,109,9,2,0,29,167
'390140,"Ethylene-alpha-olefin copolymers, having a specific gravity of < 0,94 , in primary forms",0,0,0,0,0,0,0,0,0,0,0,0,,,,,,,,,,,,,,,7128,6599,5348,5549,8065,8787,4342,5802,4288,7721,4676,3555
'390430,"Vinyl chloride-vinyl acetate copolymers, in primary forms",0,0,0,0,0,0,0,0,0,0,0,0,,,,,,,,,,,,,,,104,87,214,216,89,66,149,61,159,59,318,171
'390599,"Polymers of vinyl esters and other vinyl polymers, in primary forms (excl. those of vinyl chloride ...",0,0,0,0,0,0,0,0,0,0,0,0,,,,,,,,,,,,,,,444,329,235,436,556,321,312,487,568,391,510,395
'390610,"Poly""methyl methacrylate"", in primary forms",0,0,0,0,0,0,0,0,0,0,0,0,,,,,,,,,,,,,,,486,1172,804,824,806,581,324,408,456,140,177,550
'390710,"Polyacetals, in primary forms",0,0,0,0,0,0,0,0,0,0,0,0,,,,,,,,,,,,,,,567,424,254,208,505,228,178,736,243,200,271,553
'844519,"Machines for preparing textile fibres (excl. carding, combing, drawing or roving machines)",0,0,0,0,0,0,0,0,0,0,0,0,,,,,,,,,,,,,,,0,0,34,0,194,13,0,296,0,19,240,0
'844520,Textile spinning machines (excl. extruding and drawing or roving machines),0,0,0,0,0,0,0,0,0,0,0,0,,,,,,,,,,,,,,,0,0,1,0,138,150,2,1,17,3,0,0
'844842,"Reeds for looms, healds and heald-frames",0,0,0,0,0,0,0,0,0,0,0,0,,,,,,,,,,,,,,,10,4,6,10,12,7,4,8,31,3,6,5
'844849,"Parts and accessories of weaving machines ""looms"" and their auxiliary machinery, n.e.s.",1,0,0,3,0,0,0,0,0,0,0,0,,,,,,,,,,,,,,,288,254,218,174,245,203,143,155,213,95,152,200
'841720,"Bakery ovens, incl. biscuit ovens, non-electric",0,0,0,0,0,0,0,0,0,0,0,0,,,,,,,,,,,,,,,90,22,518,893,454,88,100,67,726,17,74,0
'841821,"Household refrigerators, compression-type",30,7,11,0,27,16,0,8,15,31,15,0,,,,,,,,,,,,,,,640,652,949,820,849,623,609,647,740,705,845,631
'841960,Machinery for liquefying air or other gases,0,0,0,0,0,0,0,0,0,0,0,0,,,,,,,,,,,,,,,100,51,422,152,132,213,4384,7,143,972,657,3005
'841460,"Hoods incorporating a fan, whether or not fitted with filters, having a maximum horizontal ...",1,0,0,0,0,0,0,0,0,0,0,0,,,,,,,,,,,,,,,1001,1004,1000,754,1030,721,687,887,469,668,845,868
'845430,Casting machines of a kind used in metallurgy or in metal foundries,0,0,0,0,0,0,0,0,0,0,0,0,,,,,,,,,,,,,,,429,5,819,197,99,971,197,194,32,467,123,677
'845530,Rolls for metal-rolling mills,0,0,0,0,0,0,0,0,0,0,0,0,,,,,,,,,,,,,,,2306,1220,1551,2341,1470,2881,2112,2368,1007,1341,1381,1272
'842191,"Parts of centrifuges, incl. centrifugal dryers, n.e.s.",0,0,0,0,0,0,0,0,0,0,0,0,,,,,,,,,,,,,,,340,456,663,784,749,826,394,1287,912,312,544,835
'842211,Dishwashing machines of the household type,0,0,0,0,0,0,0,0,0,0,0,0,,,,,,,,,,,,,,,2526,1440,3073,3288,2439,2879,2154,1789,1544,1337,2074,2468
'842310,"Personal weighing machines, incl. baby scales; household scales",0,0,0,0,0,0,0,0,0,0,0,0,,,,,,,,,,,,,,,277,239,488,295,301,535,191,522,278,553,256,232
'842490,"Parts of fire extinguishers, spray guns and similar appliances, steam or sand blasting machines ...",0,8,0,0,0,0,48,0,0,0,0,0,,,,,,,,,,,,,,,5827,6768,6601,5372,6698,7843,5098,6287,6254,6319,5237,7094
'842539,"Winches and capstans, non-powered by electric motor",0,0,1,0,0,0,0,0,0,0,1,0,,,,,,,,,,,,,,,621,331,465,720,216,701,490,876,565,312,414,457
'842549,"Jacks and hoists of a kind used for raising vehicles, not hydraulic",0,0,0,0,0,0,0,0,0,0,0,0,,,,,,,,,,,,,,,465,389,361,416,479,622,383,410,704,810,459,523
'842831,"Continuous-action elevators and conveyors for goods or materials, for underground use (excl. ...",0,0,0,0,0,0,0,0,0,0,0,0,,,,,,,,,,,,,,,0,0,0,0,0,0,0,0,8,0,0,0
'842840,Escalators and moving walkways,0,0,0,0,0,0,0,0,0,0,0,0,,,,,,,,,,,,,,,78,225,286,151,59,455,0,657,0,229,285,422
'842911,"Self-propelled bulldozers and angledozers, track laying",0,0,0,0,0,0,0,0,0,0,0,0,,,,,,,,,,,,,,,16333,2689,11968,10757,11003,13219,10109,10357,33785,19712,17122,9033
'843010,"Pile-drivers and pile-extractors (excl. those mounted on railway wagons, motor vehicle chassis ...",0,0,0,0,0,0,0,0,0,0,0,0,,,,,,,,,,,,,,,0,6,0,55,0,218,15,48,0,459,20,92
'843041,Self-propelled boring or sinking machinery for boring earth or extracting minerals or ores ...,0,0,0,0,0,0,0,0,0,0,0,0,,,,,,,,,,,,,,,5761,8381,16769,9558,11225,18858,11919,7379,8715,3420,8471,9093
'843061,"Tamping or compacting machinery, not self-propelled (excl. hand-operated tools)",0,0,0,0,0,0,0,0,0,0,0,0,,,,,,,,,,,,,,,170,587,464,121,894,239,363,554,172,163,189,321
'843141,"Buckets, shovels, grabs and grips for machinery of heading 8426, 8429 and 8430",0,0,0,0,0,0,0,0,0,0,0,0,,,,,,,,,,,,,,,1067,941,1002,914,1763,1109,1970,1771,1184,1086,3801,1086
'843510,"Presses, crushers and similar machinery used in the manufacture of wine, cider, fruit juices ...",0,0,0,0,0,0,0,0,0,0,0,0,,,,,,,,,,,,,,,92,31,101,376,283,588,537,4990,486,101,246,957
'843610,Machinery for preparing animal feedingstuffs in agricultural holdings and similar undertakings ...,0,0,0,0,0,0,0,0,0,0,0,0,,,,,,,,,,,,,,,367,284,425,354,74,630,357,416,345,246,345,401
'843691,"Parts of poultry-keeping machinery or poultry incubators and brooders, n.e.s.",0,0,0,0,0,0,0,0,0,0,0,0,,,,,,,,,,,,,,,1522,1950,2365,1924,1684,1715,2695,2357,1142,876,3080,1997
'844250,"Printing plates, cylinders and other printing components; plates, cylinders and lithographic ...",0,0,0,0,0,0,0,0,0,0,0,0,,,,,,,,,,,,,,,268,767,261,227,136,373,231,314,589,247,250,314
'820220,Bandsaw blades of base metal,0,0,0,0,0,0,0,0,0,0,0,0,,,,,,,,,,,,,,,665,717,449,627,1210,695,827,909,932,627,426,971
'820330,"Metal-cutting shears and similar hand tools, of base metal",0,0,0,0,0,0,0,0,0,0,0,0,,,,,,,,,,,,,,,51,178,55,97,42,46,60,55,85,61,60,52
'820340,"Pipe-cutters, bolt croppers, perforating punches and similar hand tools, of base metal",0,0,0,0,0,0,0,0,0,0,0,0,,,,,,,,,,,,,,,119,135,113,93,128,116,106,92,122,143,107,78
'820520,Hammers and sledge hammers with working parts of base metal,0,0,0,0,0,0,0,0,0,0,0,0,,,,,,,,,,,,,,,354,291,332,501,412,283,467,363,296,392,354,1183
'820780,Interchangeable tools for turning,0,0,0,0,0,0,0,0,0,0,0,0,,,,,,,,,,,,,,,234,226,267,285,425,244,197,159,228,266,190,284
'820810,"Knives and cutting blades, of base metal, for machines or for mechanical appliances, for m ...",0,0,7,0,0,0,0,0,0,0,0,0,,,,,,,,,,,,,,,285,145,145,217,311,449,592,517,298,315,284,343
'700330,"Profiles of glass, whether or not having an absorbent, reflecting or non-reflecting layer, ...",0,0,0,0,0,0,0,0,0,0,0,0,,,,,,,,,,,,,,,0,0,0,0,0,0,0,0,0,0,0,0
'700420,"Sheets of glass, drawn or blown, coloured throughout the mass ""body tinted"" opacified, flashed ...",0,0,0,0,0,0,0,0,0,0,0,0,,,,,,,,,,,,,,,1,2,1,6,3,7,4,0,7,4,4,5
'700991,"Glass mirrors, unframed (excl. rear-view mirrors for vehicles, optical mirrors, optically worked, ...",0,0,0,0,0,0,0,0,0,0,0,0,,,,,,,,,,,,,,,1198,79,159,227,122,226,52,136,126,172,77,71
'631090,"Used or new rags, scrap twine, cordage, rope and cables and worn-out articles thereof, of textile ...",0,0,0,0,0,0,0,0,0,0,0,0,,,,,,,,,,,,,,,58,49,33,56,43,76,49,15,59,43,57,24
'640110,"Waterproof footwear incorporating a protective metal toecap, with outer soles and uppers of ...",0,0,0,0,0,0,0,0,0,0,0,0,,,,,,,,,,,,,,,4,6,5,3,44,39,2,12,6,14,2,9
'640620,"Outer soles and heels, of rubber or plastics",0,0,0,0,0,0,0,0,0,0,0,0,,,,,,,,,,,,,,,285,272,210,371,276,222,304,316,184,150,117,218
'650699,"Headgear, whether or not lined or trimmed, n.e.s.",0,0,0,1,0,0,0,0,0,0,0,0,,,,,,,,,,,,,,,95,156,171,107,107,71,40,92,31,23,66,130
'650700,"Headbands, linings, covers, hat foundations, hat frames, peaks and chinstraps, for headgear ...",0,0,4,0,2,0,0,7,0,0,0,0,,,,,,,,,,,,,,,70,81,88,103,120,104,92,62,60,69,53,97
'660320,"Umbrella frames, incl. frames mounted on shafts ""sticks"", for umbrellas and sun umbrellas of ...",0,0,0,0,0,0,0,0,0,0,0,0,,,,,,,,,,,,,,,56,106,93,18,102,21,9,17,17,19,71,48
'670210,"Artificial flowers, foliage and fruit and parts thereof, and articles made of artificial flowers, ...",13,0,0,0,0,0,0,0,0,0,0,0,,,,,,,,,,,,,,,624,469,688,623,794,668,522,733,864,455,538,639
'670290,"Artificial flowers, foliage and fruit and parts thereof, and articles made of artificial flowers, ...",0,0,0,0,0,0,0,0,0,0,0,0,,,,,,,,,,,,,,,245,111,180,212,232,171,134,103,84,210,205,131
'680300,"Worked slate and articles of slate or of agglomerated slate (excl. slate granules, chippings ...",0,0,0,0,0,0,0,0,0,0,0,0,,,,,,,,,,,,,,,121,109,93,85,130,81,61,99,62,74,81,134
'680423,"Millstones, grindstones, grinding wheels and the like, without frameworks, for sharpening, ...",0,0,0,0,0,0,0,0,0,0,0,0,,,,,,,,,,,,,,,57,21,11,60,29,33,29,26,10,34,53,21
'680790,"Articles of asphalt or of similar materials, e.g. petroleum bitumen or coal tar pitch (excl. ...",0,0,0,0,0,0,0,0,0,0,0,0,,,,,,,,,,,,,,,47,0,46,29,150,122,22,79,0,15,16,35
'681181,"Corrugated sheets of cellulose fibre-cement or the like, not containing asbestos",0,0,0,0,0,0,0,0,0,0,0,0,,,,,,,,,,,,,,,41,219,186,268,315,515,642,404,320,83,570,560
'681490,"Worked mica and articles of mica (excl. electrical insulators, insulating fittings, resistors ...",0,0,0,0,0,0,0,0,0,0,0,0,,,,,,,,,,,,,,,37,3,14,7,22,4,24,71,76,27,43,8
'830170,"Keys presented separately for padlocks, locks, clasps and frames with clasps incorporating ...",0,0,0,0,0,0,0,0,0,0,0,0,,,,,,,,,,,,,,,235,181,381,449,363,359,288,302,544,201,249,342
'830260,Automatic door closers of base metal,0,0,0,0,1,0,0,0,0,0,0,0,,,,,,,,,,,,,,,228,394,418,147,688,479,196,639,261,439,180,271
'830520,"Staples in strips, of base metal",0,0,0,0,0,0,0,0,0,0,0,0,,,,,,,,,,,,,,,148,209,344,366,234,424,212,338,281,287,168,201
'830790,"Flexible tubing of base metal other than iron or steel, with or without fittings",0,0,0,0,0,0,0,0,0,0,0,0,,,,,,,,,,,,,,,66,20,26,27,42,50,21,84,113,41,18,39
'831190,"Wire, rods, tubes, plates, electrodes and the like, of base metal or of metal carbides, coated ...",0,26,26,0,0,0,0,0,50,0,23,0,,,,,,,,,,,,,,,73,283,258,158,140,164,134,144,363,120,255,214
'840310,"Central heating boilers, non-electric (excl. vapour generating boilers and superheated water ...",0,0,0,0,0,0,0,0,0,0,0,0,,,,,,,,,,,,,,,30,29,33,10,62,71,9,68,65,4,11,3
'840420,Condensers for steam or other vapour power units,0,0,0,0,0,0,0,0,0,0,0,0,,,,,,,,,,,,,,,4,2,2,224,0,5,6,18,245,8,2,5
'840490,Parts of auxiliary plant of heading 8402 or 8403 and condensers for steam or other vapour power ...,0,0,0,0,0,0,0,0,0,0,0,0,,,,,,,,,,,,,,,865,21,257,114,246,112,494,167,545,185,1916,190
'840681,"Steam and other vapour turbines, of an output > 40 MW (excl. those for marine propulsion)",0,0,0,0,0,0,0,0,0,0,0,0,,,,,,,,,,,,,,,0,0,0,0,0,73,0,0,0,0,0,0
'840731,"Spark-ignition reciprocating piston engine, of a kind used for the propulsion of vehicles of ...",0,0,0,0,0,0,0,0,0,0,0,0,,,,,,,,,,,,,,,0,0,2,1,0,0,0,0,0,0,2,0
'840890,"Compression-ignition internal combustion piston engine ""diesel or semi-diesel engine"" (excl. ...",0,0,0,0,0,0,0,0,0,0,0,0,,,,,,,,,,,,,,,18021,12998,14896,12962,13407,14393,13825,12569,14751,9817,11301,15816
'821192,"Knives with fixed blades of base metal (excl. straw knives, machetes, knives and cutting blades ...",0,0,0,0,0,0,0,0,0,0,0,0,,,,,,,,,,,,,,,552,379,645,408,556,811,382,417,246,405,538,692
'821300,"Scissors, tailors' shears and similar shears, and blades therefor, of base metal (excl. hedge ...",1,0,2,14,0,1,0,3,0,0,1,0,,,,,,,,,,,,,,,414,421,523,386,645,515,272,244,373,242,191,278
'820840,"Knives and cutting blades, of base metal, for agricultural, horticultural or forestry machines ...",0,0,0,0,2,0,0,0,0,1,0,0,,,,,,,,,,,,,,,314,261,364,273,265,471,400,525,486,370,361,431
'841210,Reaction engines other than turbojets,0,0,0,0,0,0,0,0,0,0,0,0,,,,,,,,,,,,,,,1,9,27,0,21,56,23,115,0,1,0,15
'841231,"Pneumatic power engines and motors, linear-acting, ""cylinders""",2,4,2,3,1,3,3,2,1,2,2,0,,,,,,,,,,,,,,,779,683,859,616,678,1753,1565,739,1592,606,936,651
'841319,"Pumps for liquids, fitted or designed to be fitted with a measuring device (excl. pumps for ...",0,0,0,0,0,0,0,0,0,0,0,0,,,,,,,,,,,,,,,454,583,784,460,729,647,557,748,537,348,577,877
'841350,"Reciprocating positive displacement pumps for liquids, power-driven (excl. those of subheading ...",0,1,0,0,0,0,0,0,0,0,0,0,,,,,,,,,,,,,,,6531,5292,6415,5339,4761,6103,6398,7027,5171,5450,7217,6775
'841382,Liquid elevators (excl. pumps),0,0,0,0,0,0,0,0,0,0,0,0,,,,,,,,,,,,,,,38,95,202,201,99,382,409,330,118,391,326,25
'701120,"Glass envelopes, incl. bulbs and tubes, open, and glass parts thereof, without fittings, for ...",0,0,0,0,0,0,0,0,0,0,0,0,,,,,,,,,,,,,,,0,0,0,0,0,0,0,1,0,0,0,0
'701510,"Glasses for corrective spectacles, curved, bent, hollowed or the like, but not optically worked ...",0,0,0,0,0,0,0,0,0,0,0,0,,,,,,,,,,,,,,,0,0,0,0,0,0,0,0,0,0,3,1
'701912,Rovings of glass fibres,0,0,0,0,0,0,0,0,0,0,0,0,,,,,,,,,,,,,,,1102,675,745,435,626,1235,442,362,667,604,789,826
'701915,Chemically bonded mats of glass fibres,0,0,0,0,0,0,0,0,0,0,0,0,,,,,,,,,,,,,,,80,162,88,128,9,121,26,174,113,79,74,167
'701971,"Thin sheets ""veils"" of irregularly laminated glass fibres",0,0,0,0,0,0,0,0,0,0,0,0,,,,,,,,,,,,,,,85,51,128,6,0,33,39,45,12,79,48,123
'701980,Glass wool and articles of glass wool,0,0,0,0,0,0,0,0,0,0,0,0,,,,,,,,,,,,,,,311,250,282,271,201,503,381,106,191,234,261,289
'701990,"Glass fibres and articles thereof, n.e.s.",0,0,0,0,0,0,0,0,0,0,0,0,,,,,,,,,,,,,,,637,232,377,470,421,719,220,399,949,1053,543,807
'710110,"Pearls, natural, whether or not worked or graded, but not strung, mounted or set, natural pearls, ...",0,0,0,0,0,0,0,0,0,0,0,0,,,,,,,,,,,,,,,0,46,0,15,0,17,3,4,0,0,0,1
'710122,"Cultured pearls, worked, whether or not graded, but not strung, mounted or set, worked cultured ...",0,0,0,0,0,0,0,0,0,0,0,0,,,,,,,,,,,,,,,3,7,10,2,23,19,10,6,3,28,2,14
'710590,Dust and powder of natural or synthetic precious or semi-precious stones (excl. dust and powder ...,0,0,0,0,0,0,0,0,0,0,0,0,,,,,,,,,,,,,,,0,3,6,2,2,0,0,9,0,0,0,0
'710900,"Base metals or silver, clad with gold, not further worked than semi-manufactured",0,0,0,0,0,0,0,0,0,0,0,0,,,,,,,,,,,,,,,0,13,0,0,1,0,0,0,0,0,1,0
'711230,Ash containing precious metal or precious-metal compounds,0,0,0,0,0,0,0,0,0,0,0,0,,,,,,,,,,,,,,,0,7,0,0,0,0,0,0,0,0,0,0
'711292,"Waste and scrap of platinum, incl. metal clad with platinum, and other waste and scrap containing ...",0,0,0,0,0,0,0,0,0,0,0,0,,,,,,,,,,,,,,,178,183,1484,256,357,300,0,1299,317,312,24,0
'711610,"Articles of natural or cultured pearls, n.e.s.",0,0,0,0,0,0,0,0,0,0,0,0,,,,,,,,,,,,,,,3,5,6,6,6,4,1,24,4,6,9,9
'720110,"Non-alloy pig iron in pigs, blocks or other primary forms, containing, by weight, <= 0,5% of ...",0,0,0,0,0,0,0,0,0,0,0,0,,,,,,,,,,,,,,,0,61,216,276,0,0,10,0,0,0,20,0
'720429,"Waste and scrap of alloy steel (excl. stainless steel, and waste and scrap, radioactive, or ...",0,0,0,0,0,0,0,0,0,0,0,0,,,,,,,,,,,,,,,64,66,115,132,99,73,81,56,101,96,155,71
'720890,"Flat-rolled products of iron or steel, of a width >= 600 mm, hot-rolled and further worked, ...",0,0,0,0,0,0,0,0,0,0,0,0,,,,,,,,,,,,,,,1,0,43,0,10,70,0,7,3,0,5,2
'720916,"Flat-rolled products of iron or non-alloy steel, of a width of >= 600 mm, in coils, simply ...",0,0,0,0,0,0,0,0,0,0,0,0,,,,,,,,,,,,,,,1505,2002,7354,1628,2998,3864,1082,1497,2114,1134,5641,2996
'721049,"Flat-rolled products of iron or non-alloy steel, of a width of >= 600 mm, hot-rolled or cold-rolled ...",0,0,0,0,0,0,0,31,0,0,0,0,,,,,,,,,,,,,,,14425,15251,14902,18022,21103,13964,14053,9436,14723,14244,9701,11299
'721050,"Flat-rolled products of iron or non-alloy steel, of a width of >= 600 mm, hot-rolled or cold-rolled ...",0,0,0,0,0,0,0,0,0,0,0,0,,,,,,,,,,,,,,,4544,1194,103,103,148,50,198,281,396,249,0,1178
'721123,"Flat-rolled products of iron or non-alloy steel, of a width of < 600 mm, simply cold-rolled ...",0,0,0,0,0,0,0,0,0,0,0,0,,,,,,,,,,,,,,,182,222,94,176,62,73,100,91,87,396,343,261
'721230,"Flat-rolled products of iron or non-alloy steel, of a width of < 600 mm, hot-rolled or cold-rolled ...",0,0,0,0,0,0,0,0,0,0,0,0,,,,,,,,,,,,,,,860,612,726,432,617,723,399,1924,436,1623,1389,744
'721240,"Flat-rolled products of iron or non-alloy steel, of a width of < 600 mm, hot-rolled or cold-rolled ...",0,0,0,0,0,0,0,0,0,0,0,0,,,,,,,,,,,,,,,608,350,316,320,593,676,186,829,659,187,753,445
'721320,"Bars and rods, hot-rolled, in irregularly wound coils, of non-alloy free-cutting steel (excl. ...",0,0,0,0,0,0,0,0,0,0,0,0,,,,,,,,,,,,,,,0,6,11,0,11,0,27,24,0,39,52,0
'721391,"Bars and rods, hot-rolled, in irregularly wound coils, of iron or non-alloy steel, of circular ...",0,0,0,0,0,0,0,0,0,0,0,0,,,,,,,,,,,,,,,393,43,202,152,38,155,215,4136,1532,915,6092,3423
'721499,"Bars and rods, of iron or non-alloy steel, only hot-rolled, only hot-drawn or only hot-extruded ...",0,0,0,0,0,0,0,0,0,0,0,0,,,,,,,,,,,,,,,1910,1423,3344,2208,1527,775,985,882,2598,2972,2155,8992
'721730,"Wire of iron or non-alloy steel, in coils, plated or coated with base metals (excl. plated ...",0,0,0,0,0,0,0,0,0,0,0,0,,,,,,,,,,,,,,,1443,2050,1498,982,814,1031,576,1570,677,1167,1250,2014
'721921,"Flat-rolled products of stainless steel, of a width of >= 600 mm, not further worked than hot-rolled, ...",0,0,0,0,0,0,0,0,0,0,0,0,,,,,,,,,,,,,,,173,515,683,383,278,248,319,119,439,213,245,193
'721933,"Flat-rolled products of stainless steel, of a width of >= 600 mm, not further worked than cold-rolled ...",0,0,0,0,0,0,0,72,0,0,0,0,,,,,,,,,,,,,,,1694,1696,1813,1113,1429,1234,916,548,1339,1156,1360,1391
'721934,"Flat-rolled products of stainless steel, of a width of >= 600 mm, not further worked than cold-rolled ...",0,0,0,8,0,0,0,0,0,0,0,0,,,,,,,,,,,,,,,569,518,811,478,532,458,276,244,969,601,469,539
'722090,"Flat-rolled products of stainless steel, of a width of < 600 mm, hot-rolled or cold-rolled ...",0,0,0,0,0,0,0,0,0,0,0,0,,,,,,,,,,,,,,,20,48,98,31,127,82,38,124,34,59,50,119
'722511,"Flat-rolled products of silicon-electrical steel, of a width of >= 600 mm, grain-oriented",0,0,0,0,0,0,0,0,0,0,0,0,,,,,,,,,,,,,,,2399,3144,1126,1146,520,1994,2178,256,1305,1266,797,2020
'722860,"Bars and rods of alloy steel other than stainless, cold-formed or cold-finished and further ...",0,0,0,0,0,0,0,0,0,0,0,0,,,,,,,,,,,,,,,134,170,269,91,72,238,102,18,124,113,18,6
'722990,"Wire of alloy steel other than stainless, in coils (excl. bars and rods and wire of silico-manganese ...",31,0,41,38,34,0,0,95,78,0,26,0,,,,,,,,,,,,,,,916,344,631,475,538,737,329,817,650,550,471,1005
'730210,"Rails of iron or steel, for railway or tramway track (excl. check-rails)",0,0,0,0,0,0,0,0,0,0,0,0,,,,,,,,,,,,,,,3700,8,1015,4415,1524,14584,1941,1049,2770,28,1079,2259
'730240,"Fish-plates and sole plates of iron or steel, for railways or tramways",0,0,0,0,0,0,0,0,0,0,0,0,,,,,,,,,,,,,,,0,2,0,34,0,60,66,67,0,174,0,1
'730424,"Casing and tubing, seamless, of a kind used for drilling for oil or gas, of stainless steel",0,0,0,0,0,0,0,0,0,0,0,0,,,,,,,,,,,,,,,0,0,5,20,8,21,0,52,1,36,5,0
'730439,"Tubes, pipes and hollow profiles, seamless, of circular cross-section, of iron or non-alloy ...",0,0,0,0,0,0,0,0,0,0,0,0,,,,,,,,,,,,,,,1305,2109,838,1405,821,1847,893,1687,1267,1586,1307,2657
'730512,"Line pipe of a kind used for oil or gas pipelines, having circular cross-sections and an external ...",0,0,0,0,0,0,0,0,0,0,0,0,,,,,,,,,,,,,,,203,93,77,0,0,68,0,0,38,64,0,64
'730519,"Line pipe of a kind used for oil or gas pipelines, having circular cross-sections and an external ...",0,0,0,0,0,0,0,0,0,0,0,0,,,,,,,,,,,,,,,929,658,517,279,177,189,0,79,106,131,129,110
'730690,"Tubes, pipes and hollow profiles ""e.g., open seam, riveted or similarly closed"", of iron or ...",0,0,0,0,0,0,0,0,0,0,0,0,,,,,,,,,,,,,,,265,166,464,217,344,248,609,457,298,232,180,270
'730799,"Tube or pipe fittings, of iron or steel (excl. cast iron or stainless steel products; flanges; ...",0,0,0,0,0,0,0,0,0,0,0,0,,,,,,,,,,,,,,,2946,2888,2708,2610,2391,2311,2549,3151,2612,3289,2828,2197
'731414,"Woven cloth, incl. endless bands, of stainless steel wire (excl. woven products of metal fibres ...",0,0,0,0,0,0,0,0,0,0,0,0,,,,,,,,,,,,,,,211,281,217,331,169,336,383,336,332,394,242,165
'731420,"Grill, netting and fencing, welded at the intersection, having a mesh size of >= 100 cm_, of ...",0,0,0,0,0,0,0,0,0,0,0,0,,,,,,,,,,,,,,,75,47,74,3,0,80,68,32,1,3,156,97
'731449,"Grill, netting and fencing, of iron or steel wire, not welded at the intersection (excl. plated ...",0,0,0,0,0,0,0,0,0,0,0,0,,,,,,,,,,,,,,,85,93,535,130,148,226,84,121,127,165,95,82
'731511,Roller chain of iron or steel,0,0,0,0,0,0,0,0,0,0,0,0,,,,,,,,,,,,,,,1123,481,967,972,1299,1029,944,1672,1092,1832,1428,996
'731813,"Screw hooks and screw rings, of iron or steel",0,0,0,0,0,0,0,0,0,0,0,0,,,,,,,,,,,,,,,31,77,21,57,27,17,28,101,18,10,38,88
'731829,"Non-threaded articles, of iron or steel",0,0,0,0,0,0,0,0,0,0,0,0,,,,,,,,,,,,,,,1530,1369,1350,1879,1579,1426,1337,1183,1118,1134,1175,1139
'732181,"Stoves, heaters, grates, fires, wash boilers, braziers and similar appliances, of iron or steel, ...",0,0,0,0,0,0,0,0,0,0,0,0,,,,,,,,,,,,,,,723,197,127,85,131,45,95,177,697,714,1088,900
'732211,"Radiators for central heating, non-electrically heated, and parts thereof, of iron or steel ...",0,0,0,0,0,0,0,0,0,0,0,0,,,,,,,,,,,,,,,0,1,6,0,0,0,0,0,1,0,2,0
'732391,"Table, kitchen or other household articles, and parts thereof, of cast iron, not enamelled ...",0,0,0,0,0,0,0,0,0,0,0,0,,,,,,,,,,,,,,,133,221,215,190,276,317,190,163,167,305,165,136
'732429,Baths of steel sheet,0,0,0,0,0,0,0,0,0,0,0,0,,,,,,,,,,,,,,,52,18,30,9,55,382,28,86,48,6,26,42
'732619,"Articles of iron or steel, forged or stamped, but not further worked, n.e.s. (excl. grinding ...",0,0,0,0,0,0,0,0,0,0,0,0,,,,,,,,,,,,,,,1054,1001,1420,924,917,842,564,926,750,864,965,788
'740729,"Bars, rods and profiles of copper alloys, n.e.s. (excl. such articles of copper-zinc base alloys ...",0,0,0,0,0,0,0,0,0,0,0,0,,,,,,,,,,,,,,,475,139,146,265,41,79,249,28,59,155,126,30
'740819,"Wire of refined copper, with a maximum cross-sectional dimension of <= 6 mm",0,0,0,0,0,0,0,0,0,0,0,0,,,,,,,,,,,,,,,4287,6293,1798,3219,3586,3711,2971,2474,3650,2010,4703,3767
'740821,"Wire of copper-zinc base alloys ""brass""",0,0,0,0,30,31,0,0,0,36,0,0,,,,,,,,,,,,,,,31,133,24,170,87,165,22,196,119,48,18,155
'740990,"Plates, sheets and strip, of copper alloys, of a thickness of > 0,15 mm (excl. copper-zinc ...",0,0,0,0,0,0,0,0,0,0,0,0,,,,,,,,,,,,,,,27,62,20,19,14,57,74,1,0,14,34,40
'741980,"Articles of copper, n.e.s.",0,0,0,0,0,0,0,0,1,0,0,0,,,,,,,,,,,,,,,512,351,981,1714,440,461,573,520,378,408,415,388
'750220,Unwrought nickel alloys,0,0,0,0,0,0,0,0,0,0,0,0,,,,,,,,,,,,,,,0,4,2,0,3,0,1,0,0,4,0,4
'760711,"Aluminium foil, not backed, rolled but not further worked, of a thickness of <= 0,2 mm (excl. ...",0,0,0,0,0,0,0,0,0,0,0,0,,,,,,,,,,,,,,,1372,1094,1695,1182,449,862,953,1050,1263,1393,842,1858
'760820,Tubes and pipes of aluminium alloys (excl. hollow profiles),0,0,0,0,0,0,0,0,0,0,0,0,,,,,,,,,,,,,,,1262,1321,1311,1089,870,984,515,541,467,642,761,611
'761490,"Stranded wires, cables, ropes and similar articles, of aluminium (other than with steel core ...",0,0,0,0,0,0,0,0,0,0,0,0,,,,,,,,,,,,,,,2,3,199,14,648,12,137,80,24,83,168,5
'761691,"Cloth, grill, netting and fencing, of aluminium wire (excl. cloth of metal fibres for clothing, ...",0,0,0,0,0,0,0,0,0,0,0,0,,,,,,,,,,,,,,,33,12,93,7,6,6,14,4,28,2,14,5
'780411,"Lead sheets, strip and foil, of a thickness ""excl. any backing"" of <= 0,2 mm",0,0,0,0,0,0,0,0,0,0,0,0,,,,,,,,,,,,,,,1,0,0,1,0,0,1,0,0,0,0,0
'780420,"Lead powders and flakes (excl. grains of lead, and spangles of heading 8308)",0,0,0,0,0,0,0,0,0,0,0,0,,,,,,,,,,,,,,,0,0,0,0,1,0,0,0,0,0,0,0
'790400,"Zinc bars, rods, profiles and wire, n.e.s.",0,0,0,0,0,0,0,0,0,0,0,0,,,,,,,,,,,,,,,45,58,92,193,77,3,91,60,23,88,0,87
'800110,"Unwrought tin, not alloyed",0,0,0,0,0,0,0,0,0,0,0,0,,,,,,,,,,,,,,,850,0,0,0,0,2168,183,0,0,0,1337,0
'800300,"Tin bars, rods, profiles and wire, n.e.s.",0,0,0,0,0,0,0,0,0,0,0,0,,,,,,,,,,,,,,,106,79,176,81,100,70,70,17,0,16,81,114
'810196,Tungsten wire,0,0,0,0,0,0,0,0,0,0,0,0,,,,,,,,,,,,,,,6,91,31,126,99,3,20,2,0,2,7,34
'810419,"Unwrought magnesium, containing < 99,8% by weight of magnesium",0,0,0,0,0,0,0,0,0,0,0,0,,,,,,,,,,,,,,,0,0,0,0,0,0,0,0,0,0,2,0
'810490,"Articles of magnesium, n.e.s.",0,0,0,0,0,0,0,0,0,0,0,0,,,,,,,,,,,,,,,40,186,11,26,57,74,128,9,6,5,6,4
'810530,Cobalt waste and scrap (excl. ash and residues containing cobalt),0,0,0,0,0,0,0,0,0,0,0,0,,,,,,,,,,,,,,,0,0,0,0,0,0,0,0,0,0,0,0
'810820,Unwrought titanium; titanium powders,0,0,0,0,0,0,0,0,0,0,0,0,,,,,,,,,,,,,,,6,1,1,11,1,60,5,0,4,0,7,17
'810929,"Unwrought zirconium and zirconium powders, containing => 1 part hafnium to 500 parts zirconium ...",0,0,0,0,0,0,0,0,0,0,0,0,,,,,,,,,,,,,,,0,0,0,8,0,0,0,2,1,0,0,4
'811090,"Articles of antimony, n.e.s.",0,0,0,0,0,0,0,0,0,0,0,0,,,,,,,,,,,,,,,0,0,0,0,0,0,0,0,0,0,0,0
'847979,Passenger boarding bridges (excl. of a kind used in airports),0,0,0,0,0,0,0,0,0,0,0,0,,,,,,,,,,,,,,,13,2,157,0,300,25,5,4,27,10,1,0
'847350,Parts and accessories equally suitable for use with machines of two or more of the headings ...,0,0,12,0,0,0,0,0,0,0,0,0,,,,,,,,,,,,,,,249,367,119,215,108,194,734,176,210,233,328,283
'848630,Machines and apparatus for the manufacture of flat panel displays,0,0,0,0,0,0,0,0,0,0,0,0,,,,,,,,,,,,,,,0,0,0,0,1,1,0,0,0,8,0,0
'848640,Machines and apparatus specified in Note 11 C to chapter 84,0,0,0,0,0,0,0,0,0,0,0,0,,,,,,,,,,,,,,,1,34,1,0,663,33,1,4,0,14,1,3
'850134,DC motors and DC generators of an output > 375 kW (excl. photovoltaic generators),0,0,0,0,0,0,0,0,0,0,0,0,,,,,,,,,,,,,,,602,20,8,9,174,6,89,80,568,45,94,245
'850161,"AC generators ""alternators"", of an output <= 75 kVA (excl. photovoltaic generators)",0,0,0,0,0,0,0,0,0,0,0,0,,,,,,,,,,,,,,,487,697,665,801,506,573,266,570,1631,569,212,496
'850163,"AC generators ""alternators"", of an output > 375 kVA but <= 750 kVA (excl. photovoltaic generators)",0,0,0,0,0,0,0,0,0,0,0,0,,,,,,,,,,,,,,,192,417,219,232,339,259,225,126,400,237,147,402
'850211,"Generating sets with compression-ignition internal combustion piston engine ""diesel or semi-diesel ...",0,0,0,0,0,0,0,0,0,0,0,0,,,,,,,,,,,,,,,646,1131,1872,1139,581,688,957,939,970,545,463,687
'850423,"Liquid dielectric transformers, having a power handling capacity > 10.000 kVA",0,864,0,0,0,0,0,0,0,1632,0,0,,,,,,,,,,,,,,,763,1180,1241,2319,1746,12574,3,0,7760,16652,975,4739
'850511,Permanent magnets of metal and articles intended to become permanent magnets after magnetization ...,0,0,0,0,0,0,0,0,0,0,0,0,,,,,,,,,,,,,,,229,102,261,178,242,427,125,230,217,102,164,160
'851110,Sparking plugs of a kind used for spark-ignition or compression-ignition internal combustion ...,0,0,0,0,0,0,0,0,0,0,0,0,,,,,,,,,,,,,,,2008,2036,3538,2430,2023,2613,2029,3165,1991,1762,2800,3052
'851120,"Ignition magnetos, magneto-dynamos and magnetic flywheels, for spark-ignition or compression-ignition ...",0,0,0,0,0,0,0,0,0,0,0,0,,,,,,,,,,,,,,,20,18,21,4,12,16,11,9,3,13,5,12
'846224,Numerically controlled panel benders,0,0,0,0,0,0,0,0,0,0,0,0,,,,,,,,,,,,,,,0,0,987,1,63,763,0,5,14,0,0,0
'846251,"Machines for working tube, pipe, hollow section and bar, numerically controlled (excl. presses)",0,0,0,0,0,0,0,0,0,0,0,0,,,,,,,,,,,,,,,0,233,42,0,0,86,0,137,1,0,450,29
'846693,Parts and accessories for machine tools for working material by removing material of headings ...,0,0,0,0,1,0,0,1,0,0,0,0,,,,,,,,,,,,,,,1743,1553,1852,1842,2446,1984,1510,1830,1960,2188,2281,1785
'846694,"Parts and accessories for machine tools for working metal without removing material, n.e.s.",0,0,0,0,0,0,0,0,0,0,0,0,,,,,,,,,,,,,,,1799,1490,1325,1132,1408,1873,7169,4108,7431,1918,2633,1383
'846880,"Machinery and apparatus for welding, not gas-operated (excl. electric machines and apparatus ...",0,0,0,0,0,0,0,0,0,0,0,0,,,,,,,,,,,,,,,478,287,47,50,111,106,62,139,58,13,55,27
'847021,"Electronic calculating machines incorporating a printing device, with mains connection (excl. ...",0,0,0,0,0,0,0,0,0,0,0,0,,,,,,,,,,,,,,,24,0,0,6,0,23,2,14,8,0,1,8
'845390,"Parts of machinery for preparing, tanning or working hides, skins or leather or for making ...",0,0,0,0,0,0,0,0,0,0,0,0,,,,,,,,,,,,,,,174,144,135,123,176,183,169,310,227,76,135,278
'845611,"Machine tools for working any material by removal of material, operated by laser (excl. soldering ...",0,0,0,0,0,0,0,0,0,0,0,0,,,,,,,,,,,,,,,3665,2406,2255,3035,2085,4517,1505,2193,3651,2530,2736,2602
'845630,"Machine tools for working any material by removal of material, operated by electro-discharge ...",0,0,0,0,0,0,0,0,0,0,0,0,,,,,,,,,,,,,,,12,12,7,384,34,42,94,45,70,0,16,175
'845640,"Machine tools for working any material by removal of material, operated by plasma arc processes",0,0,0,0,0,0,0,0,0,0,0,0,,,,,,,,,,,,,,,57,449,55,15,518,74,105,60,233,82,97,14
'845811,"Horizontal lathes, incl. turning centres, for removing metal, numerically controlled",0,0,0,0,0,0,0,0,0,0,0,0,,,,,,,,,,,,,,,890,1333,695,1093,3057,868,2000,737,1908,1320,1214,1897
'845939,"Boring-milling machines for metals, not numerically controlled (excl. way-type unit head machines)",0,0,0,0,0,0,0,0,0,0,0,0,,,,,,,,,,,,,,,0,9,13,23,682,2,10,35,16,750,155,477
'845959,"Milling machines for metals, knee-type, not numerically controlled",0,0,0,0,0,0,0,0,0,0,0,0,,,,,,,,,,,,,,,3,30,39,0,50,47,0,18,58,0,71,5
'846012,"Flat-surface grinding machines for finishing metal, numerically controlled",0,0,0,0,0,0,0,0,0,0,0,0,,,,,,,,,,,,,,,316,0,35,49,0,8,16,173,9,0,2,33
'841510,"Air conditioning machines designed to be fixed to a window, wall, ceiling or floor, self-contained ...",0,0,0,0,0,0,0,0,0,0,0,0,,,,,,,,,,,,,,,6573,8375,6168,7674,11394,17874,11655,7359,12022,6059,3923,6766
'841582,Air conditioning machines incorporating a refrigerating unit but without a valve for reversal ...,0,0,0,0,0,0,0,0,0,0,0,0,,,,,,,,,,,,,,,435,398,1574,594,878,1282,1147,789,585,1055,210,748
'841620,"Furnace burners for pulverised solid fuel or gas, incl. combination burners",0,0,0,0,0,0,0,0,0,0,0,0,,,,,,,,,,,,,,,376,322,334,258,232,483,386,338,59,372,317,492
'841630,"Mechanical stokers, incl. their mechanical grates, mechanical ash dischargers and similar appliances ...",0,0,0,0,0,0,0,0,0,0,0,0,,,,,,,,,,,,,,,0,0,0,1,0,4,0,0,0,3,10,1
'841950,Heat-exchange units (excl. those used with boilers),0,0,0,0,0,0,0,0,0,0,0,0,,,,,,,,,,,,,,,12139,1950,2172,4342,2521,2506,6147,2222,3818,2087,2869,2267
'842099,"Parts for calendering or rolling machines, n.e.s. (other than for metals or glass and excl. ...",0,0,0,0,0,0,0,0,0,0,17,0,,,,,,,,,,,,,,,182,9,160,26,96,81,32,113,119,52,48,70
'842112,Centrifugal clothes-dryers,0,0,0,0,0,0,0,34,0,0,0,0,,,,,,,,,,,,,,,668,864,215,599,725,885,993,675,589,1026,53,526
'842121,Machinery and apparatus for filtering or purifying water,26,0,1,0,0,0,0,20,155,125,110,0,,,,,,,,,,,,,,,3808,4390,7064,5663,4337,5893,4603,2976,8223,3675,5000,3038
'844511,Carding machines for preparing textile fibres,0,0,0,0,0,0,0,0,0,0,0,0,,,,,,,,,,,,,,,3,20,24,0,2,1327,0,0,0,0,0,0
'844540,"Textile winding, incl. weft-winding, or reeling machines",0,0,0,0,0,0,0,0,0,0,0,0,,,,,,,,,,,,,,,0,110,182,4,0,11,36,42,0,87,0,3
'844629,"Hand looms for weaving fabrics of a width > 30 cm, shuttle type",0,0,0,0,0,0,0,0,0,0,0,0,,,,,,,,,,,,,,,30,2,1,0,152,24,114,0,10,238,14,0
'844720,Flat knitting machines; stitch-bonding machines,0,0,0,0,0,0,0,0,0,0,0,0,,,,,,,,,,,,,,,51,14,48,184,255,56,13,142,87,49,27,173
'844831,Card clothing for machines for preparing textile fibres,0,0,0,0,0,0,0,0,0,0,0,0,,,,,,,,,,,,,,,18,3,68,53,29,62,71,8,50,36,28,25
'845129,"Drying machines for textile yarns, fabrics or made-up textile articles (excl. machines of a ...",0,0,0,0,0,0,0,0,0,0,0,0,,,,,,,,,,,,,,,561,134,656,314,383,502,475,254,492,573,230,549
'845140,"Machines for washing, bleaching or dyeing textile yarns, fabrics or made-up textile articles ...",0,0,0,0,0,0,0,0,0,0,0,0,,,,,,,,,,,,,,,160,315,30,30,166,68,682,13,38,280,67,0
'611510,"Graduated compression hosiery [e.g., stockings for varicose veins], of textile materials, knitted ...",0,0,2,2,0,1,0,0,0,5,0,0,,,,,,,,,,,,,,,403,261,267,345,210,244,329,256,121,237,199,192
'611691,"Gloves, mittens and mitts, of wool or fine animal hair, knitted or crocheted (excl. impregnated, ...",0,0,0,0,1,0,0,0,0,0,0,0,,,,,,,,,,,,,,,1,1,1,1,3,8,1,1,1,11,10,7
'620412,"Women's or girls' suits of cotton (excl. knitted or crocheted, ski overalls and swimwear)",0,0,0,0,0,0,0,0,0,0,0,0,,,,,,,,,,,,,,,12,14,33,4,62,21,7,5,42,4,1,11
'620413,"Women's or girls' suits of synthetic fibres (excl. knitted or crocheted, ski overalls and swimwear)",0,0,0,0,0,0,0,0,0,0,0,0,,,,,,,,,,,,,,,34,70,60,80,60,65,57,23,29,21,43,36
'610419,"Women's or girls' suits of textile materials, knitted or crocheted (excl. of synthetic fibres, ...",0,0,0,0,0,0,0,0,0,0,0,0,,,,,,,,,,,,,,,88,62,78,147,280,320,733,473,60,80,99,4
'610422,"Women's or girls' ensembles of cotton, knitted or crocheted (excl. ski ensembles and swimwear)",0,2,0,0,0,0,0,4,0,0,0,0,,,,,,,,,,,,,,,19,23,23,27,59,46,25,11,26,24,69,21
'610429,"Women's or girls' ensembles of textile materials (excl. of cotton or synthetic fibres, ski ...",0,0,0,0,0,0,0,0,0,0,0,0,,,,,,,,,,,,,,,27,188,150,308,540,377,638,469,202,247,364,375
'610432,"Women's or girls' jackets and blazers of cotton, knitted or crocheted (excl. wind-jackets and ...",0,0,0,0,0,0,0,0,0,0,0,0,,,,,,,,,,,,,,,112,64,30,240,64,18,20,15,12,94,87,160
'610449,"Women's or girls' dresses of textile materials, knitted or crocheted (excl. of wool, fine animal ...",0,9,0,0,0,2,0,2,0,0,0,0,,,,,,,,,,,,,,,377,390,548,1151,837,712,517,156,317,192,342,1102
'401694,"Boat or dock fenders, whether or not inflatable, of vulcanised rubber (excl. hard rubber and ...",0,0,0,0,0,0,0,0,0,0,0,0,,,,,,,,,,,,,,,168,559,279,20,5,3,41,6,7,14,3,111
'410190,"Butts, bends, bellies and split raw hides and skins of bovine ""incl. buffalo"" or equine animals, ...",0,0,0,0,0,0,0,0,0,0,0,0,,,,,,,,,,,,,,,0,4,4,10,0,13,0,0,0,0,0,0
'410210,"Raw skins of sheep or lambs, with wool on, fresh or salted, dried, limed, pickled or otherwise ...",0,0,0,0,0,0,0,0,0,0,0,0,,,,,,,,,,,,,,,0,2,0,0,1,0,0,13,0,0,0,0
'410221,"Raw skins of sheep or lambs, without wool on, pickled, whether or not split",0,0,0,0,0,0,0,0,0,0,0,0,,,,,,,,,,,,,,,0,0,0,0,0,0,0,297,0,0,0,0
'410411,"Full grains, unsplit and grain splits, in the wet state ""incl. wet-blue"", of hides and skins ...",0,0,0,0,0,0,0,0,0,0,0,0,,,,,,,,,,,,,,,0,2,4,68,33,0,1,0,28,215,54,0
'410441,"Full grains leather, unsplit and grain splits leather, in the dry state ""crust"", of hides and ...",0,0,0,0,0,0,0,0,0,0,0,0,,,,,,,,,,,,,,,624,261,678,842,665,974,610,438,545,668,264,630
'411410,"Chamois leather, incl. combination chamois leather (excl. glacŽ-tanned leather subsequently ...",0,0,0,0,0,0,0,0,0,0,0,0,,,,,,,,,,,,,,,28,233,10,1,2,3,1072,2,1,159,249,0
'411510,"Composition leather based on leather or leather fibre, in slabs, sheets or strip, whether or ...",0,0,0,0,0,0,0,0,0,0,0,0,,,,,,,,,,,,,,,134,56,40,45,35,37,102,37,48,18,22,39
'400110,"Natural rubber latex, whether or not prevulcanised",0,0,0,0,30,0,0,0,129,0,31,0,,,,,,,,,,,,,,,15,1053,252,43,48,606,5,420,137,60,54,267
'400241,"Chloroprene latex ""chlorobutadiene rubber, CR""",0,0,0,0,0,0,0,0,0,0,0,0,,,,,,,,,,,,,,,241,43,197,55,82,121,168,0,123,0,0,107
'400400,"Waste, parings and scrap of soft rubber and powders and granules obtained therefrom",0,0,0,0,0,0,0,0,0,0,0,0,,,,,,,,,,,,,,,11,12,0,11,0,11,0,11,0,0,0,0
'400690,"Rods, bars, tubes, profiles and other forms of unvulcanised rubber, incl. mixed rubber, and ...",0,0,0,0,0,0,0,0,0,0,0,0,,,,,,,,,,,,,,,82,16,120,25,83,78,60,25,42,26,23,132
'400811,"Plates, sheets and strip of cellular rubber",0,0,0,0,6,0,0,0,0,6,0,0,,,,,,,,,,,,,,,164,184,176,287,210,160,178,84,237,141,281,321
'400932,"Tubes, pipes and hoses, of vulcanised rubber (excl. hard rubber), reinforced or otherwise combined ...",0,0,0,0,0,0,0,0,0,0,0,0,,,,,,,,,,,,,,,601,437,423,684,643,576,483,806,455,546,705,718
'401035,"Endless synchronous belts, of vulcanised rubber, of an outside circumference > 60 cm but <= ...",0,0,0,0,0,0,0,0,0,0,0,0,,,,,,,,,,,,,,,308,200,252,267,176,269,188,186,414,134,330,158
'190520,"Gingerbread and the like, whether or not containing cocoa",0,0,0,0,0,0,0,0,0,0,0,0,,,,,,,,,,,,,,,0,19,0,81,135,9,7,5,0,0,2,0
'200410,"Potatoes, prepared or preserved otherwise than by vinegar or acetic acid, frozen",0,0,0,0,0,0,0,0,0,0,0,0,,,,,,,,,,,,,,,1282,2911,3458,3776,2472,744,1121,1509,1318,683,1936,1484
'200600,"Vegetables, fruit, nuts, fruit-peel and other edible parts of plants, preserved by sugar ""drained, ...",0,0,0,0,0,0,0,0,0,0,0,0,,,,,,,,,,,,,,,213,281,902,74,160,251,185,277,653,162,470,427
'200850,"Apricots, prepared or preserved, whether or not containing added sugar or other sweetening ...",0,0,0,0,0,0,0,0,0,0,0,0,,,,,,,,,,,,,,,0,0,0,0,0,0,0,1,2,0,0,0
'090821,"Mace, neither crushed nor ground",0,0,0,0,0,0,0,0,0,0,0,0,,,,,,,,,,,,,,,1,81,1,0,0,11,2,1,1,1,11,0
'090931,"Cumin seeds, neither crushed nor ground",0,0,0,0,0,0,0,0,0,0,0,0,,,,,,,,,,,,,,,186,450,112,302,198,207,263,92,161,198,289,185
'090962,"Juniper berries and seeds of anise, badian, caraway or fennel, crushed or ground",25,0,0,0,0,0,0,0,0,0,0,0,,,,,,,,,,,,,,,26,80,16,42,28,56,15,27,36,26,51,40
'100119,Durum wheat (excl. seed for sowing),0,0,0,0,0,0,0,0,0,0,0,0,,,,,,,,,,,,,,,0,0,14,0,0,1,0,0,0,0,0,0
'100390,Barley (excl. seed for sowing),0,0,0,0,0,0,0,0,0,0,0,0,,,,,,,,,,,,,,,0,0,0,0,1,0,0,8590,0,0,0,0
'100590,Maize (excl. seed for sowing),0,0,0,0,0,0,0,0,0,0,0,0,,,,,,,,,,,,,,,1,48,433,15278,29,1,1,7252,3,38,23,3
'700100,"Cullet and other waste and scrap of glass; glass in the mass (excl. glass in the form of powder, ...",0,0,0,0,0,0,0,0,0,0,0,0,,,,,,,,,,,,,,,74,82,86,81,74,90,65,69,97,93,126,143
'700231,"Tubes of fused quartz or other fused silica, unworked",0,0,0,0,0,0,0,0,0,0,0,0,,,,,,,,,,,,,,,3,3,2,5,3,9,7,2,4,5,6,2
'700521,"Float glass and surface ground glass, in sheets, coloured throughout the mass ""body tinted"", ...",7,0,0,0,0,0,0,0,0,0,0,0,,,,,,,,,,,,,,,416,414,735,461,403,469,206,372,582,312,428,818
'700711,"Toughened ""tempered"" safety glass, of size and shape suitable for incorporation in motor vehicles, ...",0,0,0,0,0,0,0,0,0,0,0,0,,,,,,,,,,,,,,,411,502,425,422,410,514,386,474,602,326,498,617
'701337,Drinking glasses (excl. glasses of glass ceramics or of lead crystal and stemware),0,0,0,1,0,0,0,0,0,0,0,0,,,,,,,,,,,,,,,1591,1507,1647,1998,1527,1208,1339,3083,1714,1317,1382,1529
'701690,"Paving blocks, slabs, bricks, squares, tiles and other articles of pressed or moulded glass, ...",0,0,0,0,0,0,0,0,0,0,0,0,,,,,,,,,,,,,,,15,11,19,18,44,66,22,17,11,18,27,30
'701810,"Glass beads, imitation pearls, imitation precious or semi-precious stones and similar glass ...",0,0,0,0,0,0,0,0,0,0,0,0,,,,,,,,,,,,,,,145,243,200,247,279,239,163,177,276,134,289,197
'701911,"Glass fibre threads ""chopped strands"", cut into lengths <= 50 mm",0,0,0,0,0,0,0,0,0,0,0,0,,,,,,,,,,,,,,,229,117,127,62,202,143,143,236,113,119,173,251
'701966,"Open woven fabrics of glass fibres, of a width > 30 cm",0,0,0,0,0,0,0,0,0,0,0,0,,,,,,,,,,,,,,,73,17,51,31,51,84,29,32,145,26,43,81
'701972,Chemically bonded closed fabrics of glass fibres (excl. veils),0,0,0,0,0,0,0,0,0,0,0,0,,,,,,,,,,,,,,,0,3,0,0,0,0,0,0,0,0,2,0
'710229,"Industrial diamonds, worked, but not mounted or set (excl. unmounted stones for pick-up styluses, ...",0,0,0,0,0,0,0,0,0,0,0,0,,,,,,,,,,,,,,,0,0,0,0,0,0,0,0,0,0,0,0
'710239,"Diamonds, worked, but not mounted or set (excl. industrial diamonds)",0,0,0,0,0,0,0,0,0,0,0,0,,,,,,,,,,,,,,,3847,2698,2557,3429,4890,3986,4505,3152,4993,3778,3938,4081
'710391,"Rubies, sapphires and emeralds, worked, whether or not graded, but not strung, mounted or set, ...",0,0,0,0,0,0,0,0,0,0,0,0,,,,,,,,,,,,,,,88,498,1037,262,159,754,274,604,156,477,118,590
'710410,"Quartz, piezoelectric, of synthetic or reconstructed stone whether or not worked or graded, ...",0,0,0,0,0,0,0,0,0,0,0,0,,,,,,,,,,,,,,,0,0,0,0,1,0,0,0,0,0,0,0
'710429,"Precious and semi-precious stones, synthetic or reconstructed, unworked or simply sawn or roughly ...",0,0,0,0,0,0,0,0,0,0,0,0,,,,,,,,,,,,,,,1,0,1,40,5,2,0,0,0,0,0,6
'710692,"Silver, incl. silver plated with gold or platinum, semi-manufactured",0,0,0,0,0,0,0,0,0,0,0,0,,,,,,,,,,,,,,,14,498,558,1451,99,314,460,22,555,414,372,4507
'710700,"Base metals clad with silver, not further worked than semi-manufactured",0,0,0,0,0,0,0,0,0,0,0,0,,,,,,,,,,,,,,,0,0,1,0,0,2,10,0,10,0,43,0
'711419,"Articles of goldsmiths' or silversmiths' wares or parts thereof, of precious metal other than ...",0,0,0,0,0,0,0,0,0,0,0,0,,,,,,,,,,,,,,,7,0,0,0,0,0,0,0,0,0,0,0
'711711,"Cuff links and studs, of base metal, whether or not clad with silver, gold or platinum",0,0,0,0,5,0,0,0,0,0,0,0,,,,,,,,,,,,,,,114,128,89,94,160,206,144,193,98,226,88,89
'720270,Ferro-molybdenum,0,0,0,0,0,0,0,0,0,0,0,0,,,,,,,,,,,,,,,536,405,1211,1270,547,1194,382,0,1111,0,0,2342
'720521,"Powders, of alloy steel (excl. powders of ferro-alloys and radioactive iron powders ""isotopes"")",0,0,0,0,0,0,0,0,0,0,0,0,,,,,,,,,,,,,,,10,1,20,21,15,4,1,4,8,15,8,12
'720853,"Flat-rolled products of iron or non-alloy steel, of a width of >= 600 mm, not in coils, simply ...",0,0,0,0,0,0,0,0,0,0,0,0,,,,,,,,,,,,,,,3,0,0,54,12,48,0,1,2,6,13,34
'720917,"Flat-rolled products of iron or non-alloy steel, of a width of >= 600 mm, in coils, simply ...",0,0,0,0,0,0,0,0,0,0,0,0,,,,,,,,,,,,,,,1458,2715,5269,2045,1983,4392,1196,2482,2382,1974,5001,3072
'720990,"Flat-rolled products of iron or steel, of a width of >= 600 mm, cold-rolled ""cold-reduced"", ...",0,0,0,0,0,0,0,0,0,0,0,0,,,,,,,,,,,,,,,20,1,215,15,29,40,0,7,1,0,24,3058
'721012,"Flat-rolled products of iron or non-alloy steel, of a width of >= 600 mm, hot-rolled or cold-rolled ...",0,0,0,0,0,0,0,0,0,0,0,0,,,,,,,,,,,,,,,8239,18584,7528,4638,7178,5255,6571,7266,5069,9578,4642,8326
'721020,"Flat-rolled products of iron or non-alloy steel, of a width of >= 600 mm, hot-rolled or cold-rolled ...",0,0,0,0,0,0,0,0,0,0,0,0,,,,,,,,,,,,,,,0,0,70,0,0,0,0,71,0,0,0,0
'721420,"Bars and rods, of iron or non-alloy steel, with indentations, ribs, groves or other deformations ...",0,0,0,0,0,0,0,0,0,0,0,0,,,,,,,,,,,,,,,57,15,67,89,2,9,526,23,613,1753,46,2217
'721640,"L sections of iron or non-alloy steel, not further worked than hot-rolled, hot-drawn or hot-extruded, ...",0,0,0,0,0,0,0,0,0,0,0,0,,,,,,,,,,,,,,,0,182,0,0,0,0,0,0,589,0,1826,451
'721691,"Angles, shapes and sections, of iron or non-alloy steel, cold-formed or cold-finished from ...",0,0,0,0,0,0,0,0,0,0,0,0,,,,,,,,,,,,,,,859,336,474,213,313,626,603,249,843,687,574,291
'721790,"Wire of iron or non-alloy steel, in coils, plated or coated (excl. plated or coated with base ...",0,0,0,0,0,0,0,0,0,0,0,0,,,,,,,,,,,,,,,300,51,238,67,209,143,161,219,235,154,216,279
'721923,"Flat-rolled products of stainless steel, of a width of >= 600 mm, not further worked than hot-rolled, ...",0,0,0,0,0,0,0,0,0,0,0,0,,,,,,,,,,,,,,,434,551,370,394,342,202,221,187,339,224,134,315
'721990,"Flat-rolled products of stainless steel, of a width of >= 600 mm, hot-rolled or cold-rolled ...",0,0,0,0,0,0,0,0,0,0,0,0,,,,,,,,,,,,,,,150,86,43,9,40,77,98,22,4,30,98,86
'722240,"Angles, shapes and sections of stainless steel, n.e.s.",0,0,0,0,0,0,0,0,0,0,0,0,,,,,,,,,,,,,,,186,438,277,314,165,326,191,461,176,235,280,224
'722599,"Flat-rolled products of alloy steel other than stainless, of a width of >= 600 mm, hot-rolled ...",0,0,0,0,0,0,0,0,0,0,0,0,,,,,,,,,,,,,,,2103,1265,2154,2286,2995,2362,1289,158,3621,537,2791,2040
'722619,"Flat-rolled products of silicon-electrical steel, of a width of < 600 mm, hot-rolled or cold-rolled ...",0,0,0,0,0,0,0,0,0,0,0,0,,,,,,,,,,,,,,,29,29,109,28,393,17,501,0,60,460,4,0
'722720,"Bars and rods of silico-manganese steel, hot-rolled, in irregularly wound coils",0,0,0,0,0,0,0,0,0,0,0,0,,,,,,,,,,,,,,,0,0,0,0,0,0,0,0,0,0,0,0
'730290,"Sleepers ""cross-ties"", check-rails, rack rails, chairs, chair wedges, rail clips, bedplates ...",0,0,0,0,0,0,0,0,0,0,0,0,,,,,,,,,,,,,,,148,33,16,89,11,48,127,125,22,168,8,36
'730411,"Line pipe of a kind used for oil or gas pipelines, seamless, of stainless steel",0,0,0,0,0,0,0,0,0,0,0,0,,,,,,,,,,,,,,,58,613,5,359,42,18,79,81,656,59,21,22
'730531,"Tubes and pipes having circular cross-sections and an external diameter of > 406,4 mm, of iron ...",0,0,0,0,0,0,0,0,0,0,0,0,,,,,,,,,,,,,,,29,0,16,0,0,1,26,0,42,0,0,123
'730611,"Line pipe of a kind used for oil or gas pipelines, welded, of flat-rolled products of stainless ...",0,0,0,0,0,0,0,0,0,0,0,0,,,,,,,,,,,,,,,10,56,67,194,0,0,47,9,75,56,47,111
'730629,"Casing and tubing of a kind used in drilling for oil or gas, welded, of flat-rolled products ...",0,0,0,0,0,0,0,0,0,0,0,0,,,,,,,,,,,,,,,0,1,71,0,1,0,0,0,0,0,0,7
'730669,"Tubes, pipes and hollow profiles, welded, of non-circular cross-section, of iron or steel (excl. ...",0,0,0,0,0,0,0,0,0,0,0,0,,,,,,,,,,,,,,,284,231,238,80,138,333,135,22,234,218,167,199
'731021,"Cans of iron or steel, of a capacity of < 50 l, which are to be closed by soldering or crimping ...",0,0,0,0,0,0,0,0,0,0,0,0,,,,,,,,,,,,,,,160,194,180,353,272,205,144,101,143,64,69,260
'731700,"Nails, tacks, drawing pins, corrugated nails, staples and similar articles of iron or steel, ...",0,0,0,0,0,0,0,0,0,0,0,0,,,,,,,,,,,,,,,849,693,986,814,733,1130,893,961,1181,680,757,725
'821410,"Paperknives, letter openers, erasing knives, pencil sharpeners and blades therefor, of base ...",0,0,0,0,0,0,0,0,0,0,0,0,,,,,,,,,,,,,,,263,104,220,216,204,222,80,58,50,109,58,71
'640510,"Footwear with uppers of leather or composition leather (excl. with outer soles of rubber, plastics, ...",47,0,2,0,1,2,0,1,0,0,2,0,,,,,,,,,,,,,,,173,246,272,547,489,339,239,52,237,210,112,19
'830510,"Fittings for loose-leaf binders or files, of base metal (excl. drawing pins and clasps for ...",0,0,0,0,0,0,0,0,0,0,0,0,,,,,,,,,,,,,,,38,82,88,117,46,57,106,96,101,59,11,150
'830590,"Office articles such as letter clips, letter corners, paper clips and indexing tags, of base ...",0,0,0,0,0,0,0,0,0,0,0,0,,,,,,,,,,,,,,,107,159,53,76,99,114,144,108,285,256,96,130
'830890,"Clasps, frames with clasps without locks, buckles and buckle-clasps, of base metal, for clothing, ...",0,0,0,0,0,0,0,0,0,1,0,0,,,,,,,,,,,,,,,606,763,850,867,859,1081,701,742,730,809,680,522
'840212,Watertube boilers with a steam production <= 45 t/hour (excl. central heating hot water boilers ...,0,0,0,0,0,0,0,0,0,0,0,0,,,,,,,,,,,,,,,6,1251,39,151,19,72,1,0,23,0,3,0
'840290,"Parts of vapour generating boilers and superheated water boilers, n.e.s.",0,0,0,0,0,0,0,0,0,0,0,0,,,,,,,,,,,,,,,174,86,105,414,112,235,235,240,795,758,185,104
'840590,Parts of producer gas or water gas generators and acetylene gas generators or similar water ...,0,0,0,0,0,0,0,0,0,0,0,0,,,,,,,,,,,,,,,36,45,24,23,105,7,36,375,8,1,80,131
'840721,Spark-ignition outboard motors for marine propulsion,0,0,0,0,0,0,0,0,0,0,0,0,,,,,,,,,,,,,,,1347,659,1438,1044,1737,2081,2201,1810,977,1335,1113,1280
'840734,"Spark-ignition reciprocating piston engine, of a kind used for vehicles of chapter 87, of a ...",0,0,0,0,0,0,0,0,0,0,0,0,,,,,,,,,,,,,,,2073,2204,2356,1982,1950,3080,2738,1659,2234,2107,2624,1491
'840790,Spark-ignition reciprocating or rotary internal combustion piston engine (excl. those for aircraft ...,0,0,0,0,0,0,0,0,0,0,0,0,,,,,,,,,,,,,,,632,368,530,523,429,546,529,966,708,1061,505,255
'840910,"Parts suitable for use solely or principally with internal combustion piston engine for aircraft, ...",0,0,0,0,0,0,0,0,0,0,0,0,,,,,,,,,,,,,,,428,484,692,618,901,1123,711,853,487,735,1179,818
'841090,Parts of hydraulic turbines and water wheels incl. regulators,0,0,0,0,0,0,0,0,0,0,0,0,,,,,,,,,,,,,,,1,2,3,1,1,3,52,9,0,36,0,2
'842220,Machinery for cleaning or drying bottles or other containers (excl. dishwashing machines),0,0,0,0,0,0,0,0,0,0,0,0,,,,,,,,,,,,,,,184,349,3876,527,1604,146,190,387,458,756,170,270
'842240,"Packing or wrapping machinery, incl. heat-shrink wrapping machinery (excl. machinery for filling, ...",0,0,0,0,0,0,0,0,0,0,0,0,,,,,,,,,,,,,,,4587,3981,5131,7986,5401,5985,12795,2420,7654,4781,5227,5881
'842389,Weighing machinery of a maximum weighing capacity > 5.000 kg,0,0,0,0,0,0,0,0,0,0,0,0,,,,,,,,,,,,,,,486,285,440,332,607,540,308,249,710,348,593,315
'842519,"Pulley tackle and hoists (other than skip hoists or hoists of a kind used for raising vehicles), ...",0,0,0,0,0,0,0,0,0,0,0,0,,,,,,,,,,,,,,,571,200,517,249,514,626,532,314,611,442,584,241
'842612,Mobile lifting frames on tyres and straddle carriers,0,0,0,0,0,0,0,0,0,0,0,0,,,,,,,,,,,,,,,0,569,0,89,0,348,0,0,104,0,0,0
'842619,"Overhead travelling cranes, transporter cranes, gantry cranes, bridge cranes and mobile lifting ...",0,0,0,0,0,0,0,0,0,0,0,0,,,,,,,,,,,,,,,24624,21517,823,24709,353,122,275,104,27774,101,273,231
'842691,Cranes designed for mounting on road vehicles,0,0,0,0,0,0,0,0,0,0,0,0,,,,,,,,,,,,,,,1492,1715,2595,1599,1690,1344,1529,2813,2486,802,2031,3741
'842790,"Works trucks fitted with lifting or handling equipment, not self-propelled",0,0,0,0,0,0,0,0,0,0,0,0,,,,,,,,,,,,,,,772,1583,959,1011,1016,1076,778,816,1093,1197,620,1271
'842839,"Continuous-action elevators and conveyors, for goods or materials (excl. those for underground ...",0,0,0,0,0,0,0,0,0,0,0,0,,,,,,,,,,,,,,,4479,2737,6377,3648,2587,2563,759,1057,2878,6666,2976,716
'843039,"Coal or rock cutters and tunnelling machinery, not self-propelled (excl. hand-operated tools ...",0,0,0,0,0,0,0,0,0,0,0,0,,,,,,,,,,,,,,,382,65,298,325,97,653,309,100,70,1345,22,85
'843221,"Disc harrows for use in agriculture, horticulture or forestry",0,0,0,0,0,0,0,0,0,0,0,0,,,,,,,,,,,,,,,745,1208,988,737,275,678,184,267,714,751,139,674
'843290,"Parts of agricultural, horticultural or forestry machinery for soil preparation or cultivation ...",0,0,0,0,0,0,0,0,0,0,0,0,,,,,,,,,,,,,,,2519,2273,2765,3217,3519,2754,2021,1981,2362,972,2247,1865
'843410,Milking machines,0,0,0,0,0,0,0,0,0,0,0,0,,,,,,,,,,,,,,,15,143,0,0,6,134,12,0,12,0,13,4
'843420,"Dairy machinery (excl. refrigerating or heat treatment equipment, cream separators, clarifying ...",0,0,0,0,0,0,0,0,0,0,0,0,,,,,,,,,,,,,,,7,331,4,123,59,249,19,6,1,1,103,334
'843621,Poultry incubators and brooders,0,0,0,0,0,0,0,0,0,0,0,0,,,,,,,,,,,,,,,231,187,39,3018,45,59,1308,56,2,80,19,3038
'844090,"Parts of bookbinding machinery, n.e.s.",0,0,0,0,0,0,0,0,0,0,0,0,,,,,,,,,,,,,,,39,171,106,121,87,146,169,78,46,196,144,84
'844180,"Machinery for making up paper pulp, paper or paperboard, n.e.s.",0,0,0,0,0,0,0,0,0,0,0,0,,,,,,,,,,,,,,,649,290,1075,2580,605,720,1219,800,471,1106,1807,609
'844230,"Machinery, apparatus and equipment for preparing or making printing plates, cylinders or other ...",0,0,0,0,0,0,0,0,0,0,0,0,,,,,,,,,,,,,,,81,136,173,39,9,678,14,26,553,2,107,6
'844315,Letterpress printing machinery (excl. flexographic printing and reel fed machinery),0,0,0,0,0,0,0,0,0,0,0,0,,,,,,,,,,,,,,,0,0,0,0,0,4,0,0,0,3,0,4
'844319,"Printing machinery used for printing by means of plates, cylinders and other printing components ...",0,0,0,0,0,0,0,0,0,0,0,0,,,,,,,,,,,,,,,255,7626,771,1915,440,373,701,870,2583,117,2369,329
'731990,"Knitting needles, bodkins, crochet hooks, embroidery stilettos and similar articles, for use ...",0,0,0,0,0,0,0,0,0,0,0,0,,,,,,,,,,,,,,,55,162,76,78,65,116,72,50,54,65,71,38
'732182,"Stoves, heaters, grates, fires, wash boilers, braziers and similar appliances, of iron or steel, ...",0,0,0,0,0,0,0,0,0,0,0,0,,,,,,,,,,,,,,,3,5,29,1,1,2,1,8,0,3,0,25
'732392,"Table, kitchen or other household articles, and parts thereof, of cast iron, enamelled (excl. ...",0,0,0,0,0,0,0,0,0,0,0,0,,,,,,,,,,,,,,,228,582,284,638,429,706,853,220,859,294,700,685
'732510,"Articles of non-malleable cast iron, n.e.s.",0,0,0,0,0,0,0,0,0,0,0,0,,,,,,,,,,,,,,,367,571,374,2019,651,555,431,1913,553,669,936,987
'740321,"Copper-zinc base alloys ""brass"" unwrought",0,0,0,0,0,0,0,0,0,0,0,0,,,,,,,,,,,,,,,54,71,40,55,117,44,27,22,45,39,11,29
'740710,"Bars, rods and profiles, of refined copper, n.e.s.",0,0,0,0,0,0,0,0,0,0,0,0,,,,,,,,,,,,,,,345,5,68,75,34,32,557,507,28,13,27,323
'740921,"Plates, sheets and strip, of copper-zinc base alloys ""brass"", of a thickness of > 0,15 mm, ...",0,0,0,0,0,0,0,0,0,0,0,0,,,,,,,,,,,,,,,559,180,4,208,8,0,0,0,11,0,2,1
'741011,"Refined copper foil, not backed, of a thickness of <= 0,15 mm (excl. stamping foils of heading ...",0,0,0,0,0,0,0,0,0,0,0,0,,,,,,,,,,,,,,,41,15,99,80,19,6,2,2,0,1,0,17
'741022,"Copper alloy foil, backed, of a thickness ""excl. any backing"" of <= 0,15 mm (excl. stamping ...",0,0,0,0,0,0,0,0,0,0,0,0,,,,,,,,,,,,,,,1,5,0,1,1,0,1,11,0,1,0,2
'741110,Tubes and pipes of refined copper,0,0,0,0,0,0,0,0,0,0,0,0,,,,,,,,,,,,,,,2086,1162,1300,2331,1461,1120,944,1982,1050,1806,937,2031
'741210,"Refined copper tube or pipe fittings ""e.g., couplings, elbows, sleeves""",0,0,0,0,0,0,0,0,0,0,0,0,,,,,,,,,,,,,,,650,305,165,849,593,835,477,1207,1048,1842,741,440
'741521,"Washers, ""incl. spring washers and spring lock washers"", of copper",0,0,0,0,0,0,0,0,0,0,0,0,,,,,,,,,,,,,,,86,89,111,67,62,97,54,58,54,61,71,97
'750120,Nickel oxide sinters and other intermediate products of nickel metallurgy (excl. nickel mattes),0,0,0,0,0,0,0,0,0,0,0,0,,,,,,,,,,,,,,,0,0,0,0,0,0,0,0,0,0,0,4
'750521,Wire of non-alloy nickel (excl. electrically insulated products),0,0,0,0,0,0,0,0,0,0,0,0,,,,,,,,,,,,,,,0,112,4,44,7,103,57,26,94,4,1,6
'750712,Tubes and pipes of nickel alloys,0,0,0,0,0,0,0,0,0,0,0,0,,,,,,,,,,,,,,,210,35,60,3,7,202,194,41,1,18,49,30
'750810,"Cloth, grill, netting and fencing, of nickel wire",0,0,0,0,0,0,0,0,0,0,0,0,,,,,,,,,,,,,,,8,24,36,26,24,54,35,14,1,23,1,47
'760110,"Aluminium, not alloyed, unwrought",0,0,0,0,0,0,0,0,0,0,0,0,,,,,,,,,,,,,,,49,0,0,5,0,0,27,0,5,1,1,4
'760429,"Bars, rods and solid profiles, of aluminium alloys, n.e.s.",0,0,0,0,0,0,0,0,0,0,0,0,,,,,,,,,,,,,,,5218,7767,7732,7990,10702,8985,8989,2974,11173,7159,5150,6823
'760691,"Plates, sheets and strip, of non-alloy aluminium, of a thickness of > 0,2 mm (other than square ...",0,0,0,0,0,0,0,0,0,0,0,0,,,,,,,,,,,,,,,1460,1342,2538,819,1981,931,25,357,432,2516,898,2634
'761090,"Structures and parts of structures, of aluminium, n.e.s., and plates, rods, profiles, tubes ...",0,0,0,1,0,0,0,0,370,0,0,0,,,,,,,,,,,,,,,3929,1761,2707,2776,2045,3326,3219,2114,3324,3090,1867,2041
'780110,"Unwrought lead, refined",0,0,0,0,0,0,0,0,0,0,0,0,,,,,,,,,,,,,,,1770,1005,0,2089,1905,2012,2231,932,3359,1159,2296,2967
'810991,"Articles of zirconium, containing < 1 part hafnium to 500 parts zirconium by weight, n.e.s.",0,0,0,0,0,0,0,0,0,0,0,0,,,,,,,,,,,,,,,0,0,1,0,0,0,0,1,0,0,0,0
'811100,"Manganese and articles thereof, n.e.s.; manganese waste and scrap (excl. ash and residues containing ...",0,0,0,0,0,0,0,0,0,0,0,0,,,,,,,,,,,,,,,139,590,239,46,16,509,516,799,294,353,375,721
'811229,"Articles of chromium, n.e.s.",0,0,0,0,0,0,0,0,0,0,0,0,,,,,,,,,,,,,,,89,0,59,330,1,0,348,277,0,194,164,0
'820411,"Hand-operated spanners and wrenches, incl. torque meter wrenches, of base metal, non-adjustable",0,0,0,0,0,0,0,0,0,0,0,0,,,,,,,,,,,,,,,802,1062,1142,859,802,1056,933,1107,909,690,883,932
'820600,"Sets of two or more tools of heading 8202 to 8205, put up in sets for retail sale",0,0,0,0,0,2,0,0,0,0,0,0,,,,,,,,,,,,,,,898,633,877,488,1119,960,1219,894,683,845,901,767
'820713,"Rock-drilling or earth-boring tools, interchangeable, with working parts of sintered metal ...",0,0,0,0,0,0,0,0,0,0,0,0,,,,,,,,,,,,,,,4536,3809,2703,2455,3258,4186,3338,4647,4281,3125,2318,3068
'821000,"Hand-operated mechanical devices, of base metal, weighing <= 10 kg, used in the preparation, ...",0,0,0,0,0,0,0,0,0,0,0,0,,,,,,,,,,,,,,,378,701,486,799,442,310,390,324,436,333,507,303
'620791,"Men's or boys' singlets and other vests, bathrobes, dressing gowns and similar articles of ...",0,0,0,0,0,0,0,0,0,0,0,0,,,,,,,,,,,,,,,2,24,20,2,21,25,2,1,6,12,17,73
'620811,Women's or girls' slips and petticoats of man-made fibres (excl. knitted or crocheted and vests),0,0,0,0,0,0,0,0,0,0,0,0,,,,,,,,,,,,,,,2,0,1,4,8,2,0,1,0,28,3,0
'620899,"Women's or girls' singlets and other vests, briefs, panties, nŽgligŽs, bathrobes, dressing ...",0,0,0,0,0,0,0,4,0,0,0,0,,,,,,,,,,,,,,,40,55,93,115,146,157,55,64,47,12,65,24
'621320,"Handkerchiefs of cotton, of which no side exceeds 60 cm (excl. knitted or crocheted)",0,0,0,0,0,0,0,0,0,0,0,0,,,,,,,,,,,,,,,67,23,87,33,27,44,59,35,65,25,17,30
'630210,"Bedlinen, knitted or crocheted",0,0,0,0,0,0,0,0,0,0,0,0,,,,,,,,,,,,,,,138,103,88,254,90,113,113,279,88,59,67,77
'630222,Printed bedlinen of man-made fibres (excl. knitted or crocheted),0,0,0,0,0,0,0,0,0,0,0,0,,,,,,,,,,,,,,,64,302,236,210,313,205,216,255,98,132,222,138
'630510,"Sacks and bags, for the packing of goods, of jute or other textile bast fibres of heading 5303",0,0,0,0,0,0,0,0,0,0,0,0,,,,,,,,,,,,,,,1,1,11,10,2,1,23,6,74,126,38,49
'630520,"Sacks and bags, for the packing of goods, of cotton",0,0,0,0,0,0,0,0,0,0,0,0,,,,,,,,,,,,,,,10,61,17,5,19,25,6,5,4,8,6,5
'680299,"Monumental or building stone, in any form, polished, decorated or otherwise worked (excl. calcareous ...",0,0,0,0,0,0,0,0,0,0,0,0,,,,,,,,,,,,,,,350,278,855,276,488,871,435,796,474,710,1096,818
'680410,"Millstones and grindstones, without frameworks, for milling, grinding or pulping",0,0,0,0,0,0,0,0,0,0,0,0,,,,,,,,,,,,,,,46,70,57,20,19,20,18,4,39,53,15,31
'680520,"Natural or artificial abrasive powder or grain, on a base of paper or paperboard only, whether ...",0,0,0,0,0,0,0,0,0,0,0,0,,,,,,,,,,,,,,,1117,1221,1351,1574,962,982,1034,1506,1353,870,896,1936
'680610,"Slag-wool, rock-wool and similar mineral wools, incl. intermixtures thereof, in bulk, sheets ...",0,0,0,0,0,0,0,0,0,0,0,0,,,,,,,,,,,,,,,1519,2418,1856,2099,1594,2223,2325,1024,686,1897,2193,2064
'680620,"Exfoliated vermiculite, expanded clays, foamed slag and similar expanded mineral materials, ...",0,0,0,0,0,0,0,0,0,0,0,0,,,,,,,,,,,,,,,86,107,138,75,57,60,91,72,84,15,57,56
'680710,"Articles of asphalt or of similar materials, e.g. petroleum bitumen or coal tar pitch, in rolls",0,0,0,0,0,0,0,0,0,0,0,0,,,,,,,,,,,,,,,1865,1038,1936,1727,1608,984,1126,1554,1781,647,1081,980
'680800,"Panels, boards, tiles, blocks and similar articles of vegetable fibre, of straw or of shavings, ...",0,0,0,0,0,0,0,0,0,0,0,0,,,,,,,,,,,,,,,31,104,192,39,128,227,113,148,79,69,102,256
'680911,"Boards, sheets, panels, tiles and similar articles, of plaster or compositions based on plaster, ...",0,0,0,0,0,0,0,0,0,0,0,0,,,,,,,,,,,,,,,517,592,664,409,100,572,719,116,360,737,612,464
'681280,Fabricated crocidolite asbestos fibres; mixtures with a basis of crocidolite asbestos or with ...,0,0,0,0,0,0,0,0,0,0,0,0,,,,,,,,,,,,,,,0,0,0,0,0,0,0,0,0,5,0,0
'681513,"Articles of carbon fibres, for non-electrical purposes (excl. fabrics)",0,0,0,0,0,0,0,0,0,0,0,0,,,,,,,,,,,,,,,172,250,60,176,854,338,201,407,189,115,142,262
'681520,Articles of peat (excl. textile products from peat fibres),0,0,0,0,0,0,0,0,0,0,0,0,,,,,,,,,,,,,,,0,0,2,0,0,0,2,0,0,0,0,1
'690210,"Refractory bricks, blocks, tiles and similar refractory ceramic constructional goods containing, ...",0,0,0,0,0,0,0,0,0,0,0,0,,,,,,,,,,,,,,,2080,4497,2351,1945,1175,4090,2918,5947,2128,1348,919,2302
'690490,"Ceramic flooring blocks, support or filler tiles and the like (excl. those of siliceous fossil ...",0,0,0,0,0,0,0,0,0,0,0,0,,,,,,,,,,,,,,,4,5,69,12,38,61,119,3,2,6,5,19
'690730,"Ceramic mosaic cubes and the like, whether or not on a backing (excl. refractory and finishing ...",0,0,0,0,0,0,0,0,0,0,0,0,,,,,,,,,,,,,,,223,248,256,370,287,549,431,279,411,455,370,260
'430190,"Heads, tails, paws and other pieces or cuttings of furskins suitable for use in furriery",0,0,0,0,0,0,0,0,0,0,0,0,,,,,,,,,,,,,,,0,0,0,0,0,0,0,0,0,0,0,0
'430211,"Tanned or dressed furskins of mink, whole, with or without heads, tails or paws, not assembled",0,0,0,0,0,0,0,0,0,0,0,0,,,,,,,,,,,,,,,0,2,0,0,0,0,4,0,0,0,0,0
'440311,"Wood in the rough, treated with paint, stains, creosote or other preservatives, coniferous ...",0,0,0,0,0,0,0,0,0,0,0,0,,,,,,,,,,,,,,,0,3,1,3,1,2,1,2,1,2,4,2
'440342,"Teak wood in the rough, whether or not stripped of bark or sapwood, or roughly squared (excl. ...",0,0,0,0,0,0,0,0,0,0,0,0,,,,,,,,,,,,,,,0,0,0,0,0,0,0,0,0,0,0,0
'440398,"Eucalyptus ""Eucalyptus spp."" in the rough, whether or not stripped of bark or sapwood, or roughly ...",0,0,0,0,0,0,0,0,0,0,0,0,,,,,,,,,,,,,,,32,13,31,47,2,0,0,14,0,0,16,21
'440410,"Hoopwood; split poles; piles, pickets and stakes of wood, pointed but not sawn lengthwise; ...",0,0,0,0,0,0,0,0,0,0,0,0,,,,,,,,,,,,,,,1,1,0,0,11,2,0,0,0,2,0,0
'440611,"Railway or tramway sleepers ""cross-ties"" of wood, not impregnated, coniferous",0,0,0,0,0,0,0,0,0,0,0,0,,,,,,,,,,,,,,,15,0,0,0,0,0,0,0,0,0,0,0
'440712,"Fir ""Abies spp."" and spruce ""Picea spp."" sawn or chipped lengthwise, sliced or peeled, whether ...",0,0,0,0,0,0,0,0,0,0,0,0,,,,,,,,,,,,,,,428,522,474,578,574,660,577,314,455,481,575,471
'440810,"Sheets for veneering, incl. those obtained by slicing laminated wood, for coniferous plywood ...",0,0,0,0,0,0,0,0,0,0,0,0,,,,,,,,,,,,,,,0,2,0,1,0,0,0,1,42,0,0,1
'440831,"Sheets for veneering, incl. those obtained by slicing laminated wood, for plywood or for other ...",0,0,0,0,0,0,0,0,0,0,0,0,,,,,,,,,,,,,,,0,0,0,0,0,0,0,0,0,21,74,20
'440922,"Tropical wood, incl. strips and friezes for parquet flooring, not assembled, continuously shaped ...",0,0,0,0,0,0,0,0,0,0,0,0,,,,,,,,,,,,,,,152,205,246,299,654,710,389,359,861,138,221,205
'441019,"Waferboard and similar board, of wood, whether or not agglomerated with resins or other organic ...",0,0,0,0,0,0,0,0,0,0,0,0,,,,,,,,,,,,,,,0,2,3,20,14,24,13,4,30,5,14,4
'441114,"Medium density fibreboard ""MDF"" of wood, of a thickness >Ê9Êmm",0,0,0,0,0,0,0,0,0,0,0,0,,,,,,,,,,,,,,,272,384,186,582,564,403,542,223,609,206,474,856
'441912,Chopsticks of bamboo,0,0,0,0,0,0,0,0,0,0,0,0,,,,,,,,,,,,,,,22,5,12,3,11,7,12,17,12,1,24,1
'441990,"Tableware and kitchenware, of wood (excl. of bamboo or tropical wood, and interior fittings, ...",6,16,0,0,0,0,46,0,4,3,3,0,,,,,,,,,,,,,,,377,298,183,449,420,296,193,268,261,194,291,163
'442090,"Wood marquetry and inlaid wood; caskets and cases for jewellery or cutlery, and similar articles, ...",7,0,0,0,0,0,0,0,3,0,0,0,,,,,,,,,,,,,,,268,112,123,112,227,80,76,228,108,136,63,67
'442120,Coffins of wood,0,0,0,0,0,0,0,0,0,0,0,0,,,,,,,,,,,,,,,3,0,0,1,57,16,0,80,0,0,1,0
'442191,"Articles of bamboo, n.e.s.",0,0,0,0,0,0,0,0,0,0,0,0,,,,,,,,,,,,,,,238,129,199,258,155,477,207,405,260,201,312,90
'460192,"Plaits and similar products, of bamboo plaiting materials, whether or not assembled into strips; ...",0,0,0,0,0,0,0,0,0,0,15,0,,,,,,,,,,,,,,,3,9,2,0,0,11,0,0,8,6,18,2
'470319,"Unbleached non-coniferous chemical wood pulp, soda or sulphate (excl. dissolving grades)",0,0,0,0,0,0,0,0,0,0,0,0,,,,,,,,,,,,,,,0,89,0,0,0,54,19,223,0,0,0,0
'470321,"Semi-bleached or bleached coniferous chemical wood pulp, soda or sulphate (excl. dissolving ...",0,0,0,0,0,0,0,0,0,0,0,0,,,,,,,,,,,,,,,5643,9424,7711,7740,5922,6072,4563,3613,5458,4672,4578,7756
'470620,"Pulps of fibres derived from recovered ""waste and scrap"" paper or paperboard",0,0,0,0,0,0,0,0,0,0,0,0,,,,,,,,,,,,,,,8,41,8,0,29,14,8,0,21,18,10,0
'470710,"Recovered ""waste and scrap"" paper or paperboard of unbleached kraft paper, corrugated paper ...",0,0,0,0,0,0,0,0,0,0,0,0,,,,,,,,,,,,,,,282,294,307,273,296,318,279,242,275,811,274,213
'480220,"Paper and paperboard of a kind used as a base for photosensitive, heat-sensitive or electrosensitive ...",0,0,0,0,0,0,0,0,0,0,0,0,,,,,,,,,,,,,,,61,143,16,86,98,93,27,38,63,31,65,34
'480240,"Wallpaper base, uncoated",0,0,0,0,0,0,0,0,0,0,0,0,,,,,,,,,,,,,,,67,32,112,113,30,161,0,157,88,12,1,43
'480254,"Uncoated paper and paperboard, of a kind used for writing, printing or other graphic purposes, ...",0,0,0,0,0,0,0,0,0,0,0,0,,,,,,,,,,,,,,,75,89,219,49,110,137,103,50,133,180,162,60
'480419,"Kraftliner, uncoated, in rolls of a width > 36 cm (excl. unbleached and goods of heading 4802 ...",0,0,0,0,0,0,0,0,0,0,0,0,,,,,,,,,,,,,,,4371,2080,1566,1288,1001,1152,543,1268,3209,960,1057,1820
'480451,"Unbleached kraft paper and paperboard, uncoated, in rolls of a width > 36 cm or in square or ...",0,0,0,0,0,0,0,0,0,0,0,0,,,,,,,,,,,,,,,479,403,282,360,247,507,360,388,490,311,473,187
'480700,"Composite paper and paperboard ""made by sticking flat layers of paper or paperboard together ...",0,0,0,0,0,0,0,0,0,0,0,0,,,,,,,,,,,,,,,185,195,359,174,371,280,54,82,118,93,158,266
'480840,"Kraft paper, creped or crinkled, whether or not embossed or perforated, in rolls of a width ...",0,0,0,0,0,0,0,0,0,0,0,0,,,,,,,,,,,,,,,151,200,157,145,373,317,173,57,56,73,139,110
'480990,"Transfer papers, incl. coated or impregnated paper for duplicator stencils or offset plates, ...",0,0,0,0,0,0,0,0,0,0,0,0,,,,,,,,,,,,,,,170,382,228,509,423,436,157,293,316,392,408,213
'481014,"Paper and paperboard used for writing, printing or other graphic purposes, not containing fibres ...",0,0,0,0,0,0,0,0,0,0,0,0,,,,,,,,,,,,,,,22,9,55,63,7,35,8,7,1,0,2,2
'481092,"Multi-ply paper and paperboard, coated on one or both sides with kaolin or other inorganic ...",0,0,0,0,0,0,0,0,0,0,0,0,,,,,,,,,,,,,,,6621,5798,4703,7987,8548,7574,4489,6233,4735,6506,12358,9733
'481160,"Paper and paperboard, coated, impregnated or covered with wax, paraffin wax, stearin, oil or ...",0,0,0,0,0,0,0,0,0,0,0,0,,,,,,,,,,,,,,,275,123,173,54,358,765,180,249,961,247,577,762
'481690,"Copying or transfer papers, in rolls of a width of <= 36 cm or in rectangular or square sheets ...",0,0,0,0,0,0,0,0,0,0,0,0,,,,,,,,,,,,,,,392,404,254,538,404,710,427,383,406,62,467,358
'481890,"Paper, cellulose wadding or webs of cellulose fibres, of a kind used for household or sanitary ...",0,0,0,0,0,0,0,0,0,0,0,0,,,,,,,,,,,,,,,557,259,690,532,592,637,550,567,676,559,512,882
'481930,"Sacks and bags, of paper, paperboard, cellulose wadding or webs of cellulose fibres, having ...",0,0,0,0,0,0,0,0,0,0,0,0,,,,,,,,,,,,,,,176,159,186,146,196,246,135,186,125,219,145,400
'481940,"Sacks and bags, incl. cones, of paper, paperboard, cellulose wadding or webs of cellulose fibres ...",0,2,1,0,4,0,1,2,0,0,0,0,,,,,,,,,,,,,,,594,930,736,861,1188,989,1190,1077,1175,1151,845,863
'482210,"Bobbins, spools, cops and similar supports of paper pulp, paper or paperboard, whether or not ...",0,0,0,0,0,0,0,0,0,0,0,0,,,,,,,,,,,,,,,0,0,2,3,2,3,0,24,1,2,0,0
'482320,"Filter paper and paperboard, in strips or rolls of a width <= 36 cm, in rectangular or square ...",0,0,0,2,0,0,0,0,2,0,0,0,,,,,,,,,,,,,,,1695,1119,1882,1631,1499,1889,797,906,1885,665,1977,1694
'482340,"Rolls, sheets and dials, printed for self-recording apparatus, in rolls of a width <= 36 cm, ...",0,0,0,0,0,0,0,0,0,0,0,0,,,,,,,,,,,,,,,66,8,22,10,83,43,14,23,24,6,28,28
'490400,"Music, printed or in manuscript, whether or not bound or illustrated",0,0,0,0,0,0,0,0,0,0,0,0,,,,,,,,,,,,,,,12,13,6,15,17,55,19,34,39,98,27,12
'500300,"Silk waste, incl. cocoons unsuitable for reeling, yarn waste and garnetted stock",0,0,0,0,0,0,0,0,0,0,0,0,,,,,,,,,,,,,,,0,0,0,0,0,0,30,28,0,30,28,2
'510111,"Greasy shorn wool, incl. fleece-washed wool, neither carded nor combed",0,0,0,0,0,0,0,0,0,0,0,0,,,,,,,,,,,,,,,0,3,0,12,0,0,0,0,0,0,0,0
'510211,"Hair of Kashmir ""cashmere"" goats, neither carded nor combed",0,0,0,0,0,0,0,0,0,0,0,0,,,,,,,,,,,,,,,0,0,0,0,0,65,0,0,0,0,0,0
'510810,Carded yarn of fine animal hair (excl. that of wool or that put up for retail sale),0,0,0,0,0,0,0,0,0,0,0,0,,,,,,,,,,,,,,,0,0,0,0,0,0,0,0,0,0,0,0
'510910,"Yarn containing >= 85% wool or fine animal hair by weight, put up for retail sale",0,0,0,0,0,0,0,0,0,0,0,0,,,,,,,,,,,,,,,7,4,5,4,2,0,1,5,0,12,7,7
'511190,"Woven fabrics containing predominantly, but < 85% carded wool or carded fine animal hair by ...",0,0,0,0,0,0,0,0,0,0,0,0,,,,,,,,,,,,,,,1,2,0,5,81,7,22,1,0,0,26,39
'511300,Woven fabrics of coarse animal hair or of horsehair (excl. fabrics for technical uses of heading ...,0,0,0,0,0,0,0,0,0,0,0,0,,,,,,,,,,,,,,,1,0,0,0,0,0,0,0,0,0,0,1
'520100,"Cotton, neither carded nor combed",0,0,0,0,0,0,0,0,0,0,0,0,,,,,,,,,,,,,,,9,7,6,114,109,98,52,19,0,0,7,0
'520512,"Single cotton yarn, of uncombed fibres, containing >= 85% cotton by weight and with a linear ...",0,0,0,0,0,0,0,0,0,0,0,0,,,,,,,,,,,,,,,154,151,159,358,480,429,472,148,229,421,341,241
'520533,"Multiple ""folded"" or cabled cotton yarn, of uncombed fibres, containing >= 85% cotton by weight ...",0,0,0,0,0,0,0,0,0,0,0,0,,,,,,,,,,,,,,,1,0,0,0,0,0,0,0,0,0,0,0
'520645,"Multiple ""folded"" or cabled cotton yarn containing predominantly, but < 85% cotton by weight, ...",0,0,0,0,0,0,0,0,0,0,0,0,,,,,,,,,,,,,,,0,8,0,0,0,0,0,0,0,0,0,0
'520813,"Woven fabrics of cotton, containing >= 85% cotton by weight and weighing <= 200 g/m_, in three-thread ...",0,0,0,0,0,0,0,0,0,0,0,0,,,,,,,,,,,,,,,0,0,0,31,0,0,0,0,0,0,0,0
'520821,"Plain woven fabrics of cotton, containing >= 85% cotton by weight and weighing <= 200 g/m_, ...",0,0,0,0,0,0,0,0,0,0,0,0,,,,,,,,,,,,,,,181,277,60,114,56,170,1,4,124,2,12,24
'520833,"Woven fabrics of cotton, containing >= 85% cotton by weight and weighing <= 200 g/m_, in three-thread ...",0,0,0,0,0,0,0,0,0,0,0,0,,,,,,,,,,,,,,,58,18,100,5,65,0,110,15,17,80,11,3
'520841,"Plain woven fabrics of cotton, containing >= 85% cotton by weight and weighing <= 100 g/m_, ...",0,0,0,0,0,0,0,0,0,0,0,0,,,,,,,,,,,,,,,256,74,122,132,36,1,30,23,38,4,0,111
'520939,"Woven fabrics of cotton, containing >= 85% cotton by weight and weighing > 200 g/m_, dyed (excl. ...",0,0,0,0,0,0,0,0,0,0,0,0,,,,,,,,,,,,,,,106,52,62,351,526,187,71,89,109,72,239,26
'520951,"Plain woven fabrics of cotton, containing >= 85% cotton by weight and weighing > 200 g/m_, ...",0,0,0,0,0,0,0,0,0,0,0,0,,,,,,,,,,,,,,,15,66,54,16,71,47,49,14,26,24,112,60
'521019,"Woven fabrics of cotton, containing predominantly, but < 85% cotton by weight, mixed principally ...",0,0,0,0,0,0,0,0,0,0,0,0,,,,,,,,,,,,,,,0,0,2,0,2,0,2,0,0,2,0,4
'521029,"Woven fabrics of cotton, containing predominantly, but < 85% cotton by weight, mixed principally ...",0,0,0,0,0,0,0,0,0,0,0,0,,,,,,,,,,,,,,,6,4,13,0,5,0,28,4,0,0,0,4
'521041,"Plain woven fabrics of cotton, containing predominantly, but < 85% cotton by weight, mixed ...",0,0,0,0,0,0,0,9,0,0,0,0,,,,,,,,,,,,,,,368,117,138,248,299,121,354,291,161,142,227,42
'521131,"Plain woven fabrics of cotton, containing predominantly, but < 85% cotton by weight, mixed ...",0,0,0,0,0,0,0,0,0,0,0,0,,,,,,,,,,,,,,,15,3,2,23,6,4,2,2,10,3,11,4
'521214,"Woven fabrics of cotton, containing predominantly, but < 85% cotton by weight, other than those ...",0,0,0,0,0,0,0,0,0,0,0,0,,,,,,,,,,,,,,,2,0,0,1,4,0,2,0,8,18,0,7
'521225,"Woven fabrics of cotton, containing predominantly, but < 85% cotton by weight, other than those ...",0,0,0,0,0,0,0,0,0,0,0,0,,,,,,,,,,,,,,,11,4,15,6,3,19,6,14,6,3,18,10
'530290,"True hemp ""Cannabis sativa L."", processed but not spun; tow and waste of hemp, incl. yarn waste ...",0,0,0,0,0,0,0,0,0,0,0,0,,,,,,,,,,,,,,,5,0,0,0,0,0,2,2,3,0,0,0
'530929,"Woven fabrics of flax, containing predominantly, but < 85% flax by weight, dyed, made of yarn ...",0,0,0,0,0,0,0,0,0,0,0,0,,,,,,,,,,,,,,,97,170,107,147,83,70,64,45,63,61,53,53
'540249,"Synthetic filament yarn, incl. synthetic monofilament of < 67 decitex, single, untwisted or ...",0,0,0,0,0,0,0,0,0,0,0,0,,,,,,,,,,,,,,,65,341,133,104,426,296,94,6,56,96,195,74
'540252,"Filament yarn of polyester, incl. monofilament of < 67 decitex, single, with a twist of > 50 ...",0,0,0,0,0,0,0,0,0,0,0,0,,,,,,,,,,,,,,,437,285,383,105,226,504,122,194,174,2,2,417
'540263,"Multiple ""folded"" or cabled filament yarn of polypropylene, incl. monofilament of < 67 decitex ...",0,0,0,0,0,0,0,0,0,0,0,0,,,,,,,,,,,,,,,236,186,7,0,155,123,0,68,0,0,46,360
'540500,Artificial monofilament of >= 67 decitex and with a cross sectional dimension of <= 1 mm; strip ...,0,0,0,0,0,0,0,0,0,0,0,0,,,,,,,,,,,,,,,4,0,4,7,11,3,2,0,0,2,0,5
'540710,"Woven fabrics of high-tenacity yarn, nylon, other polyamides or polyesters, incl. monofilament ...",92,81,46,0,50,46,0,158,0,0,0,0,,,,,,,,,,,,,,,768,420,371,381,590,754,688,400,610,680,266,531
'540741,"Woven fabrics of yarn containing >= 85% by weight of filaments of nylon or other polyamides, ...",0,0,0,0,0,0,0,0,0,0,0,0,,,,,,,,,,,,,,,23,0,13,17,5,1,15,19,9,6,6,0
'540744,Woven fabrics of yarn containing >= 85% by weight of filaments of nylon or other polyamides ...,0,0,0,0,0,0,0,0,0,0,0,0,,,,,,,,,,,,,,,15,0,0,9,0,11,30,7,35,1,3,4
'540754,"Woven fabrics of yarn containing >= 85% by weight of textured polyester filaments, incl. monofilament ...",0,0,0,0,0,0,0,0,0,0,0,0,,,,,,,,,,,,,,,1850,1374,1635,1132,1510,4037,5982,7441,7081,8553,6031,6505
'540832,"Woven fabrics of yarn containing predominantly, but < 85% artificial filament by weight, incl. ...",0,0,0,0,0,0,0,0,0,0,0,0,,,,,,,,,,,,,,,493,120,247,574,15,472,311,391,96,48,14,34
'550340,"Staple fibres of polypropylene, not carded, combed or otherwise processed for spinning",0,0,0,0,0,0,0,0,0,0,0,0,,,,,,,,,,,,,,,366,47,97,193,33,266,11,148,107,159,226,135
'550931,Single yarn containing >= 85% acrylic or modacrylic staple fibres by weight (excl. sewing thread ...,0,0,0,0,0,0,0,0,0,0,0,0,,,,,,,,,,,,,,,4,34,16,17,48,31,65,3,74,35,4,24
'550959,"Yarn containing predominantly, but < 85% polyester staple fibres by weight, other than that ...",0,0,0,0,0,0,0,0,0,0,0,0,,,,,,,,,,,,,,,0,0,0,37,6,0,5,20,0,0,6,0
'551110,"Yarn containing >= 85% synthetic staple fibres by weight, put up for retail sale (excl. sewing ...",0,0,0,0,0,0,0,0,0,0,0,0,,,,,,,,,,,,,,,101,271,416,223,159,177,238,116,117,97,283,396
'551130,"Yarn of artificial staple fibres, put up for retail sale (excl. sewing thread)",0,0,0,0,0,0,0,0,0,0,0,0,,,,,,,,,,,,,,,0,0,4,0,0,0,4,0,0,2,0,1
'551299,"Woven fabrics containing >= 85% synthetic staple fibres by weight, dyed, made of yarn of different ...",0,0,0,0,0,0,0,0,0,0,0,0,,,,,,,,,,,,,,,334,130,138,35,320,99,155,192,299,98,38,50
'551321,"Plain woven fabrics containing predominantly, but < 85% polyester staple fibres by weight, ...",0,0,0,0,0,0,0,0,0,0,0,0,,,,,,,,,,,,,,,1454,1227,1972,636,1162,1460,952,1132,820,806,1180,822
'551349,"Woven fabrics containing predominantly, but < 85% synthetic staple fibres by weight, mixed ...",0,0,0,0,0,0,0,0,0,0,0,0,,,,,,,,,,,,,,,0,73,0,19,2,31,34,22,20,20,5,0
'551411,"Plain woven fabrics containing predominantly, but < 85% polyester staple fibres by weight, ...",0,0,0,0,0,0,0,0,0,0,0,0,,,,,,,,,,,,,,,0,0,28,20,17,29,0,19,0,0,35,9
'551423,"Woven fabrics containing predominantly, but < 85% polyester staple fibres by weight, mixed ...",0,0,0,0,0,0,0,0,0,0,0,0,,,,,,,,,,,,,,,161,77,286,210,22,700,196,14,92,307,340,37
'551621,"Woven fabrics containing predominantly, but < 85% artificial staple fibres, mixed principally ...",0,0,0,0,0,0,0,0,0,0,0,0,,,,,,,,,,,,,,,2,0,0,0,0,0,0,0,0,105,46,168
'551643,"Woven fabrics containing predominantly, but < 85% artificial staple fibres by weight, mixed ...",0,0,0,0,0,0,0,0,0,0,0,0,,,,,,,,,,,,,,,7,3,5,7,6,7,6,2,1,4,6,5
'560130,Textile flock and dust and mill neps,0,0,0,0,0,0,0,0,0,0,0,0,,,,,,,,,,,,,,,83,32,64,8,86,7,54,78,2,54,74,84
'560210,"Needleloom felt and stitch-bonded fibre fabrics, whether or not impregnated, coated, covered ...",0,0,0,0,0,0,0,0,0,0,0,0,,,,,,,,,,,,,,,149,86,176,124,161,100,24,369,199,452,185,327
'560221,"Felt, not impregnated, coated, covered or laminated, of wool or fine animal hair, n.e.s. (excl. ...",0,0,0,0,0,0,0,0,0,0,0,0,,,,,,,,,,,,,,,1,34,9,56,77,3,29,2,4,75,41,2
'560314,"Nonwovens, whether or not impregnated, coated, covered or laminated, n.e.s., of man-made filaments, ...",0,0,0,0,0,0,0,0,0,0,0,0,,,,,,,,,,,,,,,909,799,1088,956,1056,707,590,381,870,554,1224,601
'560394,"Nonwovens, whether or not impregnated, coated, covered or laminated, n.e.s., weighing > than ...",0,0,0,0,0,0,0,0,0,0,0,0,,,,,,,,,,,,,,,556,353,893,802,676,675,748,279,532,380,772,405
'560600,"Gimped yarn, gimped strip and the like of heading 5404 or 5405; chenille yarn, incl. flock ...",0,0,0,0,0,0,0,0,0,0,0,0,,,,,,,,,,,,,,,36,24,86,35,15,42,46,59,93,49,12,60
'580126,"Chenille fabrics, of cotton (excl. terry towelling and similar woven terry fabrics, tufted ...",0,0,0,0,0,0,0,0,0,0,0,0,,,,,,,,,,,,,,,0,1,0,5,5,8,7,0,9,4,4,1
'580137,"Warp pile fabrics, of man-made fibres (excl. terry towelling and similar woven terry fabrics, ...",0,0,0,0,0,0,0,0,0,0,0,0,,,,,,,,,,,,,,,78,87,103,60,107,118,87,115,192,56,91,88
'580230,Tufted textile fabrics (excl. carpets and other floor coverings),0,0,0,0,0,0,0,0,0,0,0,0,,,,,,,,,,,,,,,2,2,1,25,2,2,1,3,47,1,2,3
'580631,"Narrow woven fabrics of cotton, with a width of <= 30 cm, n.e.s.",0,0,0,0,0,0,0,1,0,0,0,0,,,,,,,,,,,,,,,85,45,15,43,25,61,37,17,76,26,107,17
'580632,"Narrow woven fabrics of man-made fibres, with a width of <= 30 cm, n.e.s.",0,42,0,0,0,0,0,0,38,0,0,0,,,,,,,,,,,,,,,490,477,443,288,375,414,330,201,353,277,364,302
'580900,"Woven fabrics of metal thread and woven fabrics of metallised yarn of heading 5605, of a kind ...",0,0,0,0,0,0,0,0,0,0,0,0,,,,,,,,,,,,,,,114,5,46,10,39,57,9,9,79,0,8,4
'581100,"Quilted textile products in the piece, composed of one or more layers of textile materials ...",0,0,0,0,0,0,0,0,0,0,0,0,,,,,,,,,,,,,,,47,46,5,104,30,108,373,1,25,10,8,64
'590410,"Linoleum, whether or not cut to shape",0,0,0,0,0,0,0,0,0,0,0,0,,,,,,,,,,,,,,,4,5,3,15,4,4,19,3,4,0,1,20
'591110,"Textile fabrics, felt and felt-lined woven fabrics, coated, covered or laminated with rubber, ...",0,0,0,0,0,0,0,0,0,0,0,0,,,,,,,,,,,,,,,137,83,371,221,222,287,275,196,184,98,270,75
'591190,"Textile products and articles, for technical purposes, specified in Note 7 to chapter 59, n.e.s.",0,0,0,0,0,0,0,0,0,0,0,0,,,,,,,,,,,,,,,1842,1509,2017,1464,1892,1667,1223,1525,1411,1635,1487,1772
'600320,"Knitted or crocheted fabrics of cotton, of a width of <= 30 cm (excl. those containing by weight ...",0,0,0,0,0,0,0,0,0,0,0,0,,,,,,,,,,,,,,,52,33,74,121,235,174,30,15,50,5,26,31
'600340,"Knitted or crocheted fabrics of artificial fibres, of a width of <= 30 cm (excl. those containing ...",0,0,0,0,0,0,0,0,0,0,0,0,,,,,,,,,,,,,,,7,2,16,0,2,6,0,0,0,0,0,0
'600490,"Knitted or crocheted fabrics, of a width of > 30 cm, containing >= 5% by weight elastomeric ...",0,0,0,0,0,0,0,0,0,0,0,0,,,,,,,,,,,,,,,1028,740,1072,736,914,1095,1114,1504,1699,1874,820,721
'600538,"Warp knit fabrics of synthetic fibres, of yarns of different colours ""incl. those made on galloon ...",0,0,0,0,0,0,0,0,0,0,0,0,,,,,,,,,,,,,,,60,2,23,69,47,46,23,153,66,83,0,0
'600622,"Dyed cotton fabrics, knitted or crocheted, of a width of > 30 cm (excl. warp knit fabrics ""incl. ...",1,0,0,0,0,1,0,0,0,0,0,0,,,,,,,,,,,,,,,2645,1773,2597,1984,2674,2198,2155,1473,1713,2135,1049,1318
'600642,"Dyed fabrics, knitted or crocheted, of artificial fibres, of a width of > 30 cm (excl. warp ...",0,0,0,0,0,0,0,0,0,0,0,0,,,,,,,,,,,,,,,149,123,224,169,126,79,88,174,310,107,107,70
'330129,"Essential oils, whether or not terpeneless, incl. concretes and absolutes (excl. those of citrus ...",0,2,0,0,4,0,0,0,4,0,0,0,,,,,,,,,,,,,,,778,766,987,764,792,745,587,655,1075,502,655,1073
'340111,"Soap and organic surface-active products and preparations, in the form of bars, cakes, moulded ...",0,0,0,0,0,0,0,0,0,0,0,0,,,,,,,,,,,,,,,3359,2229,2807,3034,4661,2980,3186,2684,3364,4374,3123,5169
'340391,Textile lubricant preparations and preparations of a kind used for the oil or grease treatment ...,0,0,0,0,0,0,0,0,0,0,0,0,,,,,,,,,,,,,,,183,292,327,221,166,159,199,60,204,232,337,269
'340540,"Scouring pastes and powders and other scouring preparations, whether or not in the form of ...",0,0,0,0,0,0,0,0,0,0,0,0,,,,,,,,,,,,,,,13,7,7,8,46,15,39,1,43,15,5,23
'350710,Rennet and concentrates thereof,0,0,0,0,0,0,0,0,0,0,0,0,,,,,,,,,,,,,,,2,4,105,32,265,1,306,604,10,1,0,2
'360310,Safety fuses,0,0,0,0,0,0,0,0,0,0,0,0,,,,,,,,,,,,,,,428,1739,1005,620,1014,1404,1421,1311,1774,1282,1359,999
'360350,Igniters,0,0,0,0,0,0,0,0,0,0,0,0,,,,,,,,,,,,,,,2506,4,3370,1952,750,2561,2054,0,1365,1728,915,3512
'360690,"Ferro-cerium and other pyrophoric alloys in all forms; metaldehyde, hexamethylenetetramine ...",0,0,0,0,0,0,0,0,0,0,0,0,,,,,,,,,,,,,,,23,3,56,10,10,1,43,100,15,4,2,3
'370199,"Photographic plates and film in the flat for monochrome photography, sensitised, unexposed, ...",0,0,0,0,0,0,0,0,0,0,0,0,,,,,,,,,,,,,,,116,282,20,216,176,221,105,287,15,84,95,218
'370231,"Photographic film ""incl. instant print film"", in rolls, sensitised, unexposed, without perforations, ...",0,0,0,0,0,0,0,0,0,0,0,0,,,,,,,,,,,,,,,5,1,0,0,4,4,7,1,7,0,5,3
'370252,"Photographic film, sensitised, in rolls, unexposed, with perforations, for colour photography ...",0,0,0,0,0,0,0,0,0,0,0,0,,,,,,,,,,,,,,,0,0,0,0,0,0,0,2,0,8,0,0
'380290,"Activated kieselguhr and other activated natural mineral products; animal black, whether or ...",0,0,0,0,0,0,0,0,0,0,0,0,,,,,,,,,,,,,,,373,445,329,279,492,752,444,314,851,395,229,361
'380862,"Goods of heading 3808, containing alpha-cypermethrin ""ISO"", bendiocarb ""ISO"", bifenthrin ""ISO"", ...",0,0,0,0,0,0,0,0,0,0,0,0,,,,,,,,,,,,,,,0,593,397,0,1607,331,442,0,332,375,358,475
'380899,Rodenticides and other plant protection products put up for retail sale or as preparations ...,0,0,0,0,0,0,0,0,0,0,0,0,,,,,,,,,,,,,,,2561,5501,7947,9545,4139,4830,4033,1853,4019,1165,4094,1394
'380910,"Finishing agents, dye carriers to accelerate the dyeing or fixing of dyestuffs and other products ...",0,0,0,0,0,0,0,0,0,0,0,0,,,,,,,,,,,,,,,266,55,4,0,38,149,4,171,15,20,23,17
'380993,"Finishing agents, dye carriers to accelerate the dyeing or fixing of dyestuffs, and other products ...",0,0,0,0,0,0,0,0,0,0,0,0,,,,,,,,,,,,,,,320,414,653,374,401,394,335,198,360,283,473,459
'381111,Anti-knock preparations for motor fuels based on lead compounds,0,0,0,0,0,0,0,0,0,0,0,0,,,,,,,,,,,,,,,0,0,0,0,0,0,0,0,0,0,0,0
'381121,Prepared additives for oil lubricants containing petroleum oil or bituminous mineral oil,0,0,0,0,0,0,0,0,0,0,0,0,,,,,,,,,,,,,,,16904,16181,11847,13241,15967,15657,13203,10589,10395,8411,14883,13379
'382313,"Tall oil fatty acids, industrial",0,0,0,0,0,0,0,0,0,0,0,0,,,,,,,,,,,,,,,258,83,35,229,165,192,0,233,165,92,238,82
'382460,Sorbitol (excl. D-glucitol [sorbitol]),0,0,0,0,0,0,0,0,0,0,0,0,,,,,,,,,,,,,,,232,260,268,137,156,184,237,224,257,208,142,293
'382481,"Mixtures and preparations containing oxirane ""ethylene oxide""",0,0,0,0,0,0,0,0,0,0,0,0,,,,,,,,,,,,,,,15,0,0,1,0,15,0,0,15,0,0,14
'382520,Sewage sludge,0,0,0,0,0,0,0,0,0,0,0,0,,,,,,,,,,,,,,,0,0,0,0,1,5,0,0,0,0,0,0
'390190,"Polymers of ethylene, in primary forms (excl. polyethylene and ethylene-vinyl acetate copolymers)",0,0,0,0,0,0,0,0,0,0,0,0,,,,,,,,,,,,,,,1431,1273,1645,631,1190,1905,1004,1235,804,659,1279,843
'390320,"Styrene-acrylonitrile copolymers ""SAN"", in primary forms",0,0,0,0,0,0,0,0,0,0,0,0,,,,,,,,,,,,,,,2,98,31,42,59,14,47,0,94,3,33,21
'390410,"Poly""vinyl chloride"", in primary forms, not mixed with any other substances",0,0,0,0,0,0,0,0,0,0,0,0,,,,,,,,,,,,,,,5038,4381,3975,2267,3457,5268,4244,2801,5619,4805,6150,4407
'390421,"Non-plasticised poly""vinyl chloride"", in primary forms, mixed with other substances",60,29,0,0,0,0,0,0,57,0,0,0,,,,,,,,,,,,,,,117,71,29,161,73,47,30,55,144,85,185,52
'390690,"Acrylic polymers, in primary forms (excl. poly""methyl methacrylate"")",0,0,0,0,0,0,0,0,0,0,0,0,,,,,,,,,,,,,,,5422,10418,9297,8357,8451,11472,10233,9622,10438,8908,7695,11534
'390791,"Unsaturated polyallyl esters and other polyesters, in primary forms (excl. polycarbonates, ...",0,0,0,0,0,0,0,0,0,0,0,0,,,,,,,,,,,,,,,676,233,555,333,318,403,455,407,474,359,262,868
'390910,"Urea resins and thiourea resins, in primary forms",0,0,0,0,0,0,0,0,0,0,0,0,,,,,,,,,,,,,,,183,67,247,368,238,339,251,387,331,150,381,443
'390950,"Polyurethanes, in primary forms",0,0,0,0,0,0,0,0,0,0,0,0,,,,,,,,,,,,,,,4732,4971,4450,6203,5059,5823,4703,3610,3765,2403,5652,6095
'391231,"Carboxymethylcellulose and its salts, in primary forms",0,0,0,0,0,0,0,0,0,0,0,0,,,,,,,,,,,,,,,3239,3294,2800,3493,2303,3266,2904,2469,4621,2567,2755,6963
'391739,"Flexible tubes, pipes and hoses, of plastics, reinforced or otherwise combined with other materials ...",0,1,0,0,2,0,0,0,1,0,0,0,,,,,,,,,,,,,,,1039,1506,1449,1204,1775,1581,1312,1704,1192,919,1605,1369
'392030,"Plates, sheets, foil, film and strip, of non-cellular polymers of styrene, not reinforced, ...",0,0,0,0,0,0,0,0,0,0,0,0,,,,,,,,,,,,,,,834,713,700,810,749,1115,652,723,695,508,333,625
'392063,"Plates, sheets, film, foil and strip, of non-cellular unsaturated polyesters, not reinforced, ...",0,0,0,0,0,0,0,0,0,0,0,0,,,,,,,,,,,,,,,80,36,44,4,82,49,11,1,64,1,56,48
'392114,"Plates, sheets, film, foil and strip, of regenerated cellular cellulose, unworked or merely ...",0,0,0,0,0,0,0,0,0,0,0,0,,,,,,,,,,,,,,,3,3,9,2,2,1,6,1,10,6,59,0
'030232,"Fresh or chilled yellowfin tunas ""Thunnus albacares""",0,0,0,0,0,76,0,0,0,0,0,0,,,,,,,,,,,,,,,0,0,0,0,0,76,0,0,0,0,0,0
'030239,"Fresh or chilled tunas of the genus ""Thunnus"" (excl. Thunnus alalunga, Thunnus albacares, Thunnus ...",0,0,0,0,0,0,0,0,0,0,0,0,,,,,,,,,,,,,,,0,0,0,0,0,0,0,0,0,0,0,0
'030242,"Fresh or chilled anchovies ""Engraulis spp.""",0,0,0,0,0,0,0,0,0,0,0,0,,,,,,,,,,,,,,,0,0,0,0,0,20,0,0,0,0,0,0
'030299,"Fresh or chilled fish fins, heads, tails, maws and other edible fish offal (excl. livers, roes, ...",0,0,0,0,0,0,0,0,0,0,0,0,,,,,,,,,,,,,,,11,0,4,0,0,0,0,0,7,0,0,0
'030344,"Frozen bigeye tunas ""Thunnus obesus""",0,0,0,0,0,0,0,0,0,0,0,0,,,,,,,,,,,,,,,25,92,12,55,17,8,0,0,0,4,3,12
'030359,"Frozen anchovies ""Engraulis spp."", Indian mackerels ""Rastrelliger spp."", seerfishes ""Scomberomorus ...",0,0,0,0,0,0,0,0,0,0,0,0,,,,,,,,,,,,,,,71,90,161,4,49,148,42,150,127,24,213,56
'030367,"Frozen Alaska pollack ""Theragra chalcogramma""",0,0,0,0,0,0,0,0,0,0,0,0,,,,,,,,,,,,,,,0,0,0,0,0,74,430,0,0,13,0,0
'030384,"Frozen sea bass ""Dicentrarchus spp.""",0,0,0,0,0,0,0,0,0,0,0,0,,,,,,,,,,,,,,,36,31,50,35,60,67,50,90,41,58,70,51
'030442,"Fresh or chilled fillets of trout ""Salmo trutta, Oncorhynchus mykiss, Oncorhynchus clarki, ...",0,0,0,0,0,0,0,0,0,0,0,0,,,,,,,,,,,,,,,0,0,0,0,0,0,0,0,0,0,0,0
'030462,"Frozen fillets of catfish ""Pangasius spp., Silurus spp., Clarias spp., Ictalurus spp.""",55,0,107,0,0,0,98,0,42,208,0,0,,,,,,,,,,,,,,,55,0,107,0,0,0,98,0,42,208,0,0
'030551,"Dried cod ""Gadus morhua, Gadus ogac, Gadus macrocephalus"", even salted, not smoked (excl. fillets ...",0,0,0,0,0,0,0,0,0,0,0,0,,,,,,,,,,,,,,,50,4,0,7,138,12,310,0,33,0,156,23
'030571,"Shark fins, smoked, dried, salted or in brine",0,0,0,0,0,0,0,0,0,0,0,0,,,,,,,,,,,,,,,0,0,0,0,0,0,0,0,0,0,0,0
'030611,"Frozen rock lobster and other sea crawfish ""Palinurus spp."", ""Panulirus spp."" and ""Jasus spp."", ...",0,0,0,0,0,0,0,0,0,0,0,0,,,,,,,,,,,,,,,1,0,0,0,0,10,0,104,11,0,10,0
'030711,"Oysters, even in shell, live, fresh or chilled",0,0,0,0,0,0,0,0,0,0,0,0,,,,,,,,,,,,,,,53,90,43,18,53,42,46,41,81,46,86,79
'030719,"Oysters, even in shell, smoked, dried, salted or in brine",0,0,0,0,0,0,0,0,0,0,0,0,,,,,,,,,,,,,,,1,0,0,0,0,0,0,0,0,0,1,1
'030787,"Smoked, dried, salted or in brine, even in shell, abalone ""Haliotis spp.""",0,0,0,0,0,0,0,0,0,0,0,0,,,,,,,,,,,,,,,0,0,0,0,0,0,0,0,0,0,0,0
'040299,"Milk and cream, concentrated and sweetened (excl. in solid forms)",0,0,0,0,0,0,0,0,0,0,0,0,,,,,,,,,,,,,,,209,255,242,133,272,165,260,171,300,394,319,126
'040410,"Whey and modified whey, whether or not concentrated or containing added sugar or other sweetening ...",0,0,0,0,0,0,0,0,0,0,0,0,,,,,,,,,,,,,,,1878,939,2514,2691,1328,1546,808,1994,2986,1328,1537,2290
'040719,Fertilised birds' eggs for incubation (excl. of domestic fowls),0,0,0,0,0,0,0,0,0,0,0,0,,,,,,,,,,,,,,,0,0,0,0,0,0,0,0,0,0,0,0
'050400,"Guts, bladders and stomachs of animals (other than fish), whole and pieces thereof, fresh, ...",0,0,0,0,0,0,0,0,0,0,0,0,,,,,,,,,,,,,,,8498,8983,10166,9726,16268,18261,12860,14329,9507,9486,7917,9624
'050790,"Tortoiseshell, whalebone and whalebone hair, horns, antlers, hooves, nails, claws and beaks, ...",0,0,0,0,0,0,0,0,0,0,0,0,,,,,,,,,,,,,,,8,13,13,8,14,1,6,1,1,0,0,5
'060312,"Fresh cut carnations and buds, of a kind suitable for bouquets or for ornamental purposes",0,0,0,0,0,0,0,0,0,0,0,0,,,,,,,,,,,,,,,6,3,0,0,0,1,4,3,1,3,3,6
'070200,"Tomatoes, fresh or chilled",0,0,0,0,0,0,0,0,0,0,0,0,,,,,,,,,,,,,,,341,570,1092,1254,908,0,0,0,0,0,0,74
'070420,"Brussels sprouts, fresh or chilled",0,0,0,0,0,0,0,0,0,0,0,0,,,,,,,,,,,,,,,0,0,0,0,0,0,0,0,0,0,0,0
'070511,Fresh or chilled cabbage lettuce,0,0,0,0,0,0,0,0,0,0,0,0,,,,,,,,,,,,,,,0,0,0,0,0,0,0,0,0,0,0,0
'070930,"Fresh or chilled aubergines ""eggplants""",0,0,0,0,0,0,0,0,0,0,0,0,,,,,,,,,,,,,,,0,0,0,0,0,0,0,0,0,0,0,12
'071022,"Shelled or unshelled beans ""Vigna spp., Phaseolus spp."", uncooked or cooked by steaming or ...",0,0,0,0,0,0,0,0,0,0,0,0,,,,,,,,,,,,,,,647,386,128,49,203,218,127,92,164,190,263,207
'071080,"Vegetables, uncooked or cooked by steaming or by boiling in water, frozen (excl. potatoes, ...",0,0,0,0,0,0,0,0,0,0,0,0,,,,,,,,,,,,,,,331,451,219,169,337,221,252,234,338,96,289,362
'071151,"Mushrooms of the genus ""Agaricus"", provisionally preserved, e.g., by sulphur dioxide gas, in ...",0,0,0,0,0,0,0,0,0,0,0,0,,,,,,,,,,,,,,,0,0,1,0,0,0,0,0,1,0,0,0
'071333,"Dried, shelled kidney beans ""Phaseolus vulgaris"", whether or not skinned or split",0,0,0,0,0,0,0,0,0,0,0,0,,,,,,,,,,,,,,,2411,1886,3159,1952,4000,2449,1647,919,1246,260,3102,758
'071334,"Dried, shelled bambara beans ""Vigna subterranea or Voandzeia subterranea"", whether or not skinned ...",0,0,0,0,0,0,0,0,0,0,0,0,,,,,,,,,,,,,,,5,0,0,0,0,2,0,2,4,0,2,0
'071360,"Dried, shelled pigeon peas ""Cajanus cajan"", whether or not skinned or split",0,0,0,0,0,0,0,0,0,0,0,0,,,,,,,,,,,,,,,1,182,36,0,0,66,92,37,87,0,0,26
'110100,Wheat or meslin flour,0,0,0,0,0,0,0,0,0,0,0,0,,,,,,,,,,,,,,,1922,3935,2129,1989,1754,2248,2147,1854,1924,1745,2623,1696
'110412,Rolled or flaked grains of oats,0,0,0,0,0,0,0,0,0,0,0,0,,,,,,,,,,,,,,,775,1347,1258,1487,571,983,811,587,1193,829,1090,1610
'110819,"Starch (excl. wheat, maize, potato and manioc)",0,0,0,24,0,0,0,13,0,14,0,0,,,,,,,,,,,,,,,24,21,35,68,27,35,14,72,23,28,21,2
'120510,"Low erucic acid rape or colza seeds ""yielding a fixed oil which has an erucic acid content ...",0,0,0,0,0,0,0,0,0,0,0,0,,,,,,,,,,,,,,,78,271,0,1,0,24,16,2,0,2352,2515,452
'121020,"Hop cones, ground, powdered or in the form of pellets; lupulin",0,0,0,0,0,0,0,0,0,0,0,0,,,,,,,,,,,,,,,968,1246,43,1,245,227,1657,41,433,47,25,292
'121120,"Ginseng roots, fresh, chilled, frozen or dried, whether or not cut, crushed or powdered",0,0,0,0,0,0,0,0,0,0,0,0,,,,,,,,,,,,,,,0,0,1,1,1,38,0,0,2,1,3,28
'121130,"Coca leaf, fresh, chilled, frozen or dried, whether or not cut, crushed or powdered",0,0,0,0,0,0,0,0,0,0,0,0,,,,,,,,,,,,,,,0,0,0,0,0,0,0,0,0,0,0,0
'121190,"Plants, parts of plants, incl. seeds and fruits, used primarily in perfumery, in pharmacy or ...",0,0,0,0,0,0,0,0,0,0,0,0,,,,,,,,,,,,,,,328,438,650,659,462,616,571,511,833,458,443,894
'130212,Extracts of liquorice (excl. that with a sucrose content by weight of > 10% or in the form ...,0,0,0,0,0,0,0,0,0,0,0,0,,,,,,,,,,,,,,,0,17,1,79,17,0,118,36,79,0,16,53
'150110,"Lard, rendered or otherwise extracted (excl. lard stearin and lard oil)",0,0,0,0,0,0,0,0,0,0,0,0,,,,,,,,,,,,,,,0,0,0,0,0,0,0,0,0,0,0,0
'150120,"Pig fat, rendered or otherwise extracted (excl. lard)",0,0,0,0,0,0,0,0,0,0,0,0,,,,,,,,,,,,,,,0,27,53,112,74,0,0,0,0,0,0,66
'150940,"Virgin olive oil ""EU cat. 3"" obtained from the fruit of the olive tree solely by mechanical ...",0,0,0,0,0,0,0,0,0,0,0,0,,,,,,,,,,,,,,,0,0,0,0,0,0,0,24,0,0,0,0
'151110,Crude palm oil,0,0,0,0,0,0,0,0,0,0,0,0,,,,,,,,,,,,,,,136,170,40,41,64,109,241,165,70,43,132,1
'151411,"Low erucic acid rape or colza oil ""fixed oil which has an erucic acid content of < 2%"", crude",0,0,0,0,0,0,0,0,0,0,0,0,,,,,,,,,,,,,,,8,0,0,7,0,0,0,0,0,1,15,2
'151529,"Maize oil and fractions thereof, whether or not refined, but not chemically modified (excl. ...",0,0,0,0,0,0,0,0,0,0,0,0,,,,,,,,,,,,,,,3,1,2,11,7,1,0,0,0,1,0,3
'151550,"Sesame oil and its fractions, whether or not refined, but not chemically modified",0,0,0,0,0,0,0,0,0,0,0,0,,,,,,,,,,,,,,,57,50,59,55,66,40,69,57,71,49,55,47
'160220,Preparations of liver of any animal (excl. sausages and similar products and finely homogenised ...,0,0,0,0,0,0,0,0,0,0,0,0,,,,,,,,,,,,,,,154,79,169,3,231,80,0,4,6,4,0,1
'160417,"Prepared or preserved eels, whole or in pieces (excl. minced)",0,0,0,0,0,0,0,0,0,0,0,0,,,,,,,,,,,,,,,0,0,0,0,0,0,0,0,0,0,0,0
'160540,"Crustaceans, prepared or preserved (excl. smoked, crabs, shrimps, prawns and lobster)",0,0,0,0,0,0,0,0,0,0,0,0,,,,,,,,,,,,,,,0,10,0,0,0,0,0,0,0,0,0,0
'160559,"Molluscs, prepared or preserved (excl. smoked, oysters, scallops, mussels, cuttle fish, squid, ...",0,0,0,0,0,0,0,0,0,0,0,0,,,,,,,,,,,,,,,44,0,0,43,0,44,3,0,0,0,82,43
'170114,"Raw cane sugar, in solid form, not containing added flavouring or colouring matter (excl. cane ...",0,0,0,0,0,0,0,0,0,0,0,0,,,,,,,,,,,,,,,2075,4446,3157,455,1252,2150,2959,2987,6451,1836,1056,1900
'170220,"Maple sugar, in solid form, and maple syrup (excl. flavoured or coloured)",0,0,0,0,0,0,0,0,0,0,0,0,,,,,,,,,,,,,,,14,56,45,26,158,35,126,1,0,21,87,0
'190211,"Uncooked pasta, not stuffed or otherwise prepared, containing eggs",0,0,0,0,0,0,0,0,0,0,0,0,,,,,,,,,,,,,,,41,7,204,61,82,47,60,69,150,19,93,87
'080222,"Fresh or dried hazelnuts or filberts ""Corylus spp."", shelled",0,0,0,0,0,0,0,0,0,0,0,0,,,,,,,,,,,,,,,212,17,1,0,112,0,191,0,0,0,168,502
'080231,"Fresh or dried walnuts, in shell",0,0,0,0,0,0,0,0,0,0,0,0,,,,,,,,,,,,,,,0,0,30,0,0,0,0,0,0,0,0,0
'080251,"Fresh or dried pistachios, in shell",0,0,0,0,0,0,0,0,0,0,0,0,,,,,,,,,,,,,,,321,116,0,0,191,0,0,111,281,0,289,0
'080291,"Fresh or dried pine nuts, in shell",0,0,0,0,0,0,0,0,0,0,0,0,,,,,,,,,,,,,,,0,0,0,0,0,1,0,0,0,0,0,0
'080420,Fresh or dried figs,0,0,0,0,0,0,0,0,0,0,0,0,,,,,,,,,,,,,,,0,24,0,48,12,3,1,140,0,0,47,0
'080720,"Fresh pawpaws ""papayas""",0,0,0,0,0,0,0,0,0,0,0,0,,,,,,,,,,,,,,,80,132,200,169,209,213,130,90,46,43,96,97
'080929,Fresh cherries (excl. sour cherries),0,0,0,0,0,0,0,0,0,0,0,0,,,,,,,,,,,,,,,129,310,368,100,0,0,0,0,0,0,0,0
'081030,"Fresh black-, white- or redcurrants and gooseberries",0,0,0,0,0,0,0,0,0,0,0,0,,,,,,,,,,,,,,,0,0,0,0,0,0,0,0,0,0,0,0
'081210,"Cherries, provisionally preserved, e.g. by sulphur dioxide gas, in brine, in sulphur water ...",0,0,0,0,0,0,0,0,0,0,0,0,,,,,,,,,,,,,,,0,0,0,0,0,0,0,155,328,256,0,0
'081320,Dried prunes,0,0,0,0,0,0,0,0,0,0,0,0,,,,,,,,,,,,,,,5,82,157,72,222,74,163,244,1,85,17,3
'081340,"Dried peaches, pears, papaws ""papayas"", tamarinds and other edible fruits (excl. nuts, bananas, ...",0,0,0,0,0,0,0,0,0,0,0,0,,,,,,,,,,,,,,,101,251,232,104,107,283,324,214,100,256,277,119
'090220,Green tea in immediate packings of > 3 kg,0,0,0,0,0,0,0,0,0,0,0,0,,,,,,,,,,,,,,,183,145,142,155,38,158,140,395,164,89,230,71
'010130,Live asses,0,0,0,0,0,0,0,0,0,0,0,0,,,,,,,,,,,,,,,0,0,0,0,0,0,0,0,0,0,0,0
'010511,"Live fowls of the species Gallus domesticus, weighing <= 185 g (excl. turkeys and guinea fowls)",0,0,0,0,0,0,0,0,0,0,0,0,,,,,,,,,,,,,,,2479,106,773,3179,928,4243,769,3,786,4193,327,0
'010633,"Live ostriches, and emus [Dromaius novaehollandiae]",0,0,0,0,0,0,0,0,0,0,0,0,,,,,,,,,,,,,,,0,0,0,0,0,0,0,0,0,0,0,0
'020312,"Fresh or chilled hams, shoulders and cuts thereof of swine, with bone in",0,0,0,0,0,0,0,0,0,0,0,0,,,,,,,,,,,,,,,0,0,0,0,0,0,0,0,0,0,0,0
'020430,Frozen lamb carcases and half-carcases,0,0,0,0,0,0,0,0,0,0,0,0,,,,,,,,,,,,,,,0,0,0,0,0,0,0,0,0,0,0,0
'020442,"Frozen cuts of sheep, with bone in (excl. carcases and half-carcases)",0,0,0,0,0,0,0,0,0,0,0,0,,,,,,,,,,,,,,,57,251,323,228,119,276,431,362,814,69,676,160
'020610,Fresh or chilled edible offal of bovine animals,0,0,0,0,0,0,0,0,0,0,0,0,,,,,,,,,,,,,,,5,0,0,0,0,0,0,0,0,0,9,0
'020712,"Frozen fowls of the species Gallus domesticus, not cut in pieces",0,0,0,0,0,0,0,0,0,0,0,0,,,,,,,,,,,,,,,10687,5524,4746,7636,11094,17953,13512,17555,18241,14438,10154,11559
'020742,"Frozen domestic ducks, not cut in pieces",0,0,0,0,0,0,0,0,0,0,0,0,,,,,,,,,,,,,,,103,0,0,157,0,89,0,0,66,105,0,0
'021012,"Bellies ""streaky"" and cuts thereof of swine, salted, in brine, dried or smoked",0,0,0,0,0,0,0,0,0,0,0,0,,,,,,,,,,,,,,,0,0,0,0,0,0,0,0,7,0,0,0
'210130,"Roasted chicory and other roasted coffee substitutes, and extracts, essences and concentrates ...",0,0,0,0,0,0,0,0,0,0,32,0,,,,,,,,,,,,,,,401,520,237,342,120,376,504,597,523,548,731,676
'210310,Soya sauce,0,0,0,0,0,0,0,0,0,0,0,0,,,,,,,,,,,,,,,230,415,234,303,223,337,320,203,466,225,332,400
'230320,"Beet-pulp, bagasse and other waste of sugar manufacture",0,0,0,0,0,0,0,0,0,0,0,0,,,,,,,,,,,,,,,0,17,46,39,6,6,25,65,19,13,6,35
'230610,"Oilcake and other solid residues, whether or not ground or in the form of pellets, resulting ...",0,0,0,0,0,0,0,0,0,0,0,0,,,,,,,,,,,,,,,160,382,370,805,424,749,0,514,164,728,0,0
'230660,"Oilcake and other solid residues, whether or not ground or in the form of pellets, resulting ...",0,0,0,0,0,0,0,0,0,0,0,0,,,,,,,,,,,,,,,167,117,218,0,87,114,0,199,47,115,148,118
'240210,"Cigars, cheroots and cigarillos containing tobacco",0,0,0,0,0,0,0,0,0,0,0,0,,,,,,,,,,,,,,,355,367,507,432,436,301,146,234,417,153,472,290
'240311,Water-pipe tobacco (excl. tobacco-free. See subheading note 1.),0,0,0,0,0,0,0,0,0,0,0,0,,,,,,,,,,,,,,,184,163,100,176,317,139,195,0,106,78,347,316
'250100,"Salts, incl. table salt and denatured salt, and pure sodium chloride, whether or not in aqueous ...",0,0,0,0,0,0,0,0,0,0,0,0,,,,,,,,,,,,,,,3250,1717,1874,1994,2871,1853,1739,1541,1530,1986,3732,2317
'250810,Bentonite,0,0,0,0,0,0,0,0,0,0,0,0,,,,,,,,,,,,,,,786,1755,798,1293,1122,1100,669,1886,1173,923,834,1270
'251741,"Marble granules, chippings and powder, whether or not heat-treated",0,0,0,0,0,0,0,0,0,0,0,0,,,,,,,,,,,,,,,47,82,85,116,75,95,101,49,66,59,121,34
'252100,"Limestone flux; limestone and other calcareous stone, of a kind used for the manufacture of ...",0,0,0,0,0,0,0,0,0,0,0,0,,,,,,,,,,,,,,,27,23,36,25,4,31,35,21,28,17,21,4
'252220,Slaked lime,0,0,0,0,0,0,0,0,0,0,0,0,,,,,,,,,,,,,,,162,20,27,68,65,87,101,24,0,14,49,13
'252230,Hydraulic lime (excl. pure calcium oxide and calcium hydroxide),0,0,0,0,0,0,0,0,0,0,0,0,,,,,,,,,,,,,,,0,0,0,0,1,0,0,0,0,0,0,0
'252310,Cement clinkers,0,0,0,0,0,0,0,0,0,0,0,0,,,,,,,,,,,,,,,0,1485,1989,1911,22,1962,2075,87,1836,1827,1812,1723
'252390,"Cement, whether or not coloured (excl. portland cement and aluminous cement)",0,0,0,0,0,0,0,0,0,0,0,0,,,,,,,,,,,,,,,6,0,174,195,140,0,151,144,313,71,3,11
'252800,"Borates, natural, and concentrates thereof, whether or not calcined, and natural boric acids ...",0,0,0,0,0,0,0,0,0,0,0,0,,,,,,,,,,,,,,,93,218,163,140,196,63,250,417,211,235,293,308
'260111,Non-agglomerated iron ores and concentrates (excl. roasted iron pyrites),0,0,0,0,0,0,0,0,0,0,0,0,,,,,,,,,,,,,,,6,6,16,10,29,166,321,18,82,163,124,175
'260200,"Manganese ores and concentrates, incl. ferruginous manganese ores and concentrates, with a ...",0,0,0,0,0,0,0,0,0,0,0,0,,,,,,,,,,,,,,,272,4,34,62,20,23,46,12,0,0,0,0
'261100,Tungsten ores and concentrates,0,0,0,0,0,0,0,0,0,0,0,0,,,,,,,,,,,,,,,0,0,0,0,0,0,0,0,0,0,0,0
'261210,Uranium ores and concentrates,0,0,0,0,0,0,0,0,0,0,0,0,,,,,,,,,,,,,,,0,1,0,0,0,0,0,0,1,0,1,0
'262099,"Slag, ash and residues, containing metals or metal compounds (excl. those from the manufacture ...",0,0,0,0,0,0,0,0,0,0,0,0,,,,,,,,,,,,,,,0,2,1,2,0,0,0,3,1,0,0,0
'270400,"Coke and semi-coke of coal, of lignite or of peat, whether or not agglomerated; retort carbon",0,0,0,0,0,0,0,0,0,0,0,0,,,,,,,,,,,,,,,14979,16080,23252,21385,13811,4389,8702,8288,12232,11327,16226,17724
'271410,Bituminous or oil-shale and tar sands,0,0,0,0,0,0,0,0,0,0,0,0,,,,,,,,,,,,,,,0,0,0,0,0,0,0,0,0,0,0,0
'271500,"Bituminous mastics, cut-backs and other bituminous mixtures based on natural asphalt, on natural ...",0,0,0,0,0,0,0,0,0,0,0,0,,,,,,,,,,,,,,,17,71,27,27,21,22,9,7,9,6,17,10
'271600,Electrical energy,0,0,0,0,0,0,0,0,0,0,0,0,,,,,,,,,,,,,,,18268,44,31530,49,13907,3938,1857,12708,31326,56,22859,23750
'280300,"Carbon ""carbon blacks and other forms of carbon"", n.e.s.",0,0,0,0,0,0,0,0,0,0,0,0,,,,,,,,,,,,,,,756,1206,816,875,1216,1686,1306,545,1151,1555,1141,756
'280430,Nitrogen,0,0,0,0,0,0,0,0,0,0,0,0,,,,,,,,,,,,,,,92,17,91,8,7,45,25,93,8,26,5,34
'280469,"Silicon containing < 99,99% by weight of silicon",0,0,0,0,0,0,0,0,0,0,0,0,,,,,,,,,,,,,,,288,89,355,764,386,914,422,367,330,93,375,318
'280540,Mercury,0,0,0,0,0,0,0,0,0,0,0,0,,,,,,,,,,,,,,,0,756,0,22,426,0,22,0,0,0,21,22
'280610,"Hydrogen chloride ""hydrochloric acid""",0,0,0,0,0,0,0,0,0,0,0,0,,,,,,,,,,,,,,,76,92,66,88,223,117,258,141,254,99,149,149
'281910,Chromium trioxide,0,0,0,0,0,0,0,0,0,0,0,0,,,,,,,,,,,,,,,700,375,781,113,289,861,5,176,427,883,650,376
'282300,Titanium oxides,0,0,0,0,0,0,0,0,0,0,0,0,,,,,,,,,,,,,,,1943,1631,1655,636,2080,2089,1115,1867,793,2377,665,1566
'282550,Copper oxides and hydroxides,0,0,0,0,0,0,0,0,0,0,0,0,,,,,,,,,,,,,,,576,976,1597,1198,532,1588,2097,1895,1743,984,2075,1830
'282570,Molybdenum oxides and hydroxides,0,0,0,0,0,0,0,0,0,0,0,0,,,,,,,,,,,,,,,0,102,0,0,0,0,0,0,0,0,0,0
'282732,Aluminium chloride,0,0,0,0,0,0,0,0,0,0,0,0,,,,,,,,,,,,,,,995,883,1248,928,1970,1311,840,886,903,1134,1379,365
'282741,Chloride oxides and chloride hydroxides of copper,0,0,0,0,0,0,0,0,0,0,0,0,,,,,,,,,,,,,,,214,91,405,0,0,206,0,211,87,214,202,196
'282760,Iodides and iodide oxides (excl. inorganic or organic compounds of mercury),0,0,0,0,0,0,0,0,1,0,0,0,,,,,,,,,,,,,,,105,260,658,27,17,9,26,49,223,10,187,64
'283311,Disodium sulphate,0,0,0,0,0,0,0,0,0,0,0,0,,,,,,,,,,,,,,,19,47,475,589,1747,321,1401,40,1,1840,1064,1162
'283327,Sulphate of barium,0,0,0,0,0,0,0,0,0,0,0,0,,,,,,,,,,,,,,,3,97,29,32,154,8,55,28,70,75,41,36
'283510,"Phosphinates ""hypophosphites"" and phosphonates ""phosphites""",0,0,0,0,0,0,0,0,0,0,0,0,,,,,,,,,,,,,,,521,65,19,90,16,36,0,14,14,37,35,71
'283919,"Silicates of sodium, incl. commercial silicates (excl. sodium metasilicates)",0,0,0,0,0,0,0,0,0,0,0,0,,,,,,,,,,,,,,,113,0,59,355,348,30,90,32,251,70,54,4
'284011,"Anhydrous disodium tetraborate ""refined borax""",0,0,0,0,0,0,0,0,0,0,0,0,,,,,,,,,,,,,,,56,114,181,0,92,112,205,57,63,59,125,142
'284190,"Salts of oxometallic or peroxometallic acids (excl. chromates, dichromates, peroxochromates, ...",0,0,0,0,0,0,0,0,0,0,0,0,,,,,,,,,,,,,,,444,30,78,248,5,474,257,257,426,12,65,328
'284430,"Uranium depleted in U 235 and its compounds; thorium and its compounds; alloys, dispersions, ...",0,0,0,0,0,0,0,0,0,0,0,0,,,,,,,,,,,,,,,0,0,0,0,0,0,0,0,0,0,0,0
'284442,"Actinium-225, actinium-227, californium-253, curium-240, curium-241, curium-242, curium-243, ...",0,0,0,0,0,0,0,0,0,0,0,0,,,,,,,,,,,,,,,834,0,5,0,0,69,1,0,0,0,0,125
'284510,"Heavy water ""deuterium oxide"" [Euratom]",0,0,0,0,0,0,0,0,0,0,0,0,,,,,,,,,,,,,,,0,1,0,0,3,0,3,0,0,0,1,0
'284610,Cerium compounds,0,0,0,0,0,0,0,0,0,0,0,0,,,,,,,,,,,,,,,27,257,82,85,116,0,65,1,79,2,28,13
'284990,"Carbides, whether or not chemically defined (excl. of calcium or silicon, and inorganic or ...",0,0,0,0,0,0,0,0,0,0,0,0,,,,,,,,,,,,,,,246,31,282,329,194,360,7,543,601,3,334,265
'285210,"Compounds, inorganic or organic, of mercury, chemically defined (excl. amalgams)",0,0,0,0,0,0,0,0,0,0,0,0,,,,,,,,,,,,,,,2,4,2,2,21,1,5,1,1,1,5,0
'285310,"Cyanogen chloride ""chlorcyan""",0,0,0,0,0,0,0,0,0,0,0,0,,,,,,,,,,,,,,,0,0,0,0,0,0,0,0,29,0,0,0
'290219,"Cyclanes, cyclenes and cycloterpenes (excl. cyclohexane)",0,0,0,0,0,0,0,0,0,0,0,0,,,,,,,,,,,,,,,453,339,365,279,166,267,211,82,380,256,144,461
'290313,"Chloroform ""trichloromethane""",0,0,0,0,0,0,0,0,0,0,0,0,,,,,,,,,,,,,,,0,1,2,45,0,2,4,37,1,0,52,3
'290343,"Fluoromethane ""HFC-41"", 1,2-difluoroethane ""HFC-152"" and 1,1-difluoroethane ""HFC-152a""",0,0,0,0,0,0,0,0,0,0,0,0,,,,,,,,,,,,,,,0,144,69,72,73,74,75,77,152,229,0,0
'290371,Chlorodifluoromethane,0,0,0,0,0,0,0,0,0,0,0,0,,,,,,,,,,,,,,,1116,504,916,770,161,770,121,502,0,0,0,22
'290378,"Perhalogenated derivatives of acyclic hydrocarbons containing two or more different halogens, ...",0,0,0,0,0,0,0,0,0,0,0,0,,,,,,,,,,,,,,,0,0,0,0,0,0,0,0,0,3,0,0
'290399,"Halogenated derivatives of aromatic hydrocarbons (excl. chlorobenzene, o-dichlorobenzene, p-dichlorobenzene, ...",0,0,0,0,0,0,0,0,0,0,0,0,,,,,,,,,,,,,,,1,31,251,20,250,115,275,18,18,361,38,29
'290712,Cresols and their salts,0,0,0,0,0,0,0,0,0,0,0,0,,,,,,,,,,,,,,,0,1,0,2,2,4,0,0,3,1,0,7
'290722,"Hydroquinone ""quinol"" and its salts",0,0,0,0,0,0,0,0,0,0,0,0,,,,,,,,,,,,,,,729,149,73,151,615,27,7,5,103,451,0,0
'290949,"Ether-alcohols and their halogenated, sulphonated, nitrated or nitrosated derivatives (excl. ...",0,0,0,0,0,0,0,0,0,0,0,0,,,,,,,,,,,,,,,1875,1384,3194,1629,1678,1444,1245,1131,2122,1775,1064,1060
'291100,"Acetals and hemiacetals, whether or not with other oxygen function, and their halogenated, ...",0,0,0,0,0,0,0,0,0,0,0,0,,,,,,,,,,,,,,,4,3,13,31,6,36,10,29,2,28,23,11
'291260,Paraformaldehyde,0,0,0,0,0,0,0,0,0,0,0,0,,,,,,,,,,,,,,,81,295,299,260,174,395,395,384,316,138,74,82
'291431,"Phenylacetone ""phenylpropan-2-one""",0,0,0,0,0,0,0,0,0,0,0,0,,,,,,,,,,,,,,,0,0,0,0,0,0,0,0,0,0,0,0
'291529,Salts of acetic acid (excl. inorganic or organic compounds of mercury),0,0,0,0,0,0,0,0,0,0,0,0,,,,,,,,,,,,,,,420,214,338,379,332,396,285,275,465,307,366,726
'291619,"Unsaturated acyclic monocarboxylic acids, their anhydrides, halides, peroxides, peroxyacids ...",0,0,0,0,0,0,0,0,0,0,0,0,,,,,,,,,,,,,,,318,224,437,332,585,352,499,424,514,343,381,95
'291737,Dimethyl terephthalate,0,0,0,0,0,0,0,0,0,0,0,0,,,,,,,,,,,,,,,0,20,0,0,0,22,0,0,0,0,0,0
'291899,"Carboxylic acids with additional oxygen function and their anhydrides, halides, peroxides and ...",0,0,0,0,0,0,0,0,0,0,0,0,,,,,,,,,,,,,,,408,163,671,290,169,164,22,950,149,102,257,264
'291990,"Phosphoric esters and their salts, incl. lactophosphates; their halogenated, sulphonated, nitrated ...",0,0,0,0,0,0,0,0,0,0,0,0,,,,,,,,,,,,,,,79,256,166,123,120,520,73,475,86,77,245,505
'292159,"Aromatic polyamines and their derivatives; salts thereof (excl. o-phenylenediamine, m-phenylenediamine, ...",0,0,0,0,0,0,0,0,0,0,0,0,,,,,,,,,,,,,,,145,106,39,280,146,65,28,82,162,43,4,74
'292423,"2-Acetamidobenzoic acid ""N-acetylanthranilic acid"" and its salts",0,0,0,0,0,0,0,0,0,0,0,0,,,,,,,,,,,,,,,0,0,0,0,0,0,0,0,0,0,0,0
'292519,"Imides and their derivatives; salts thereof (excl. saccharin and its salts, glutethimide [INN] ...",0,0,0,0,0,0,0,0,0,0,0,0,,,,,,,,,,,,,,,273,73,251,518,453,144,80,450,100,68,347,498
'293090,"Organo-sulphur compounds (excl. thiocarbamates and dithiocarbamates, thiuram mono-, di- or ...",0,0,0,0,0,0,0,0,0,0,0,0,,,,,,,,,,,,,,,3690,4105,3575,6322,3609,3735,3027,3367,1690,1429,2711,6213
'293120,Tributyltin compounds,0,0,0,0,0,0,0,0,0,0,0,0,,,,,,,,,,,,,,,0,0,0,0,0,0,0,0,0,0,0,28
'293144,Methylphosphonic acid,0,0,0,0,0,0,0,0,0,0,0,0,,,,,,,,,,,,,,,0,0,0,0,0,0,0,0,0,12,0,0
'293212,"2-Furaldehyde ""furfuraldehyde""",0,0,0,0,0,0,0,0,0,0,0,0,,,,,,,,,,,,,,,0,3,4,5,0,1,0,0,0,0,2,0
'293329,"Heterocyclic compounds with nitrogen hetero-atom[s] only, containing an unfused imidazole ring, ...",0,0,0,0,0,0,0,0,0,0,0,0,,,,,,,,,,,,,,,375,548,146,243,228,159,43,164,375,335,952,158
'293359,"Heterocyclic compounds with nitrogen hetero-atom[s] only, containing a pyrimidine ring, whether ...",0,0,0,0,0,0,0,0,0,0,0,0,,,,,,,,,,,,,,,654,1597,2087,2443,1864,3155,2704,2511,3860,3021,4760,3205
'293361,Melamine,0,0,0,0,0,0,0,0,0,0,0,0,,,,,,,,,,,,,,,460,129,19,44,615,338,28,220,211,37,206,1360
'293430,"Heterocyclic compounds containing in the structure a phenothiazine ring-system, whether or ...",0,0,0,0,0,0,0,0,0,0,0,0,,,,,,,,,,,,,,,163,1,78,50,19,124,35,351,0,191,104,128
'293623,"Vitamin B2 and its derivatives, used primarily as vitamins",0,0,0,0,0,0,0,0,0,0,0,0,,,,,,,,,,,,,,,393,266,672,257,311,603,35,234,29,81,96,235
'293628,"Vitamin E and its derivatives, used primarily as vitamins",0,0,0,0,0,0,0,0,0,0,0,0,,,,,,,,,,,,,,,1400,1733,2147,664,1191,2111,885,1907,436,1578,965,1723
'293723,Oestrogens and progestogens,0,0,0,0,0,0,0,0,0,0,0,0,,,,,,,,,,,,,,,4,9,19,125,277,21,2,62,11,0,21,1
'293890,"Glycosides, natural or reproduced by synthesis, and their salts, ethers, esters and other derivatives ...",0,0,0,0,0,0,0,0,0,0,0,0,,,,,,,,,,,,,,,525,720,589,1010,327,867,268,657,124,523,929,442
'293920,Alkaloids of cinchona and their derivatives; salts thereof,0,0,0,0,0,0,0,0,0,0,0,0,,,,,,,,,,,,,,,0,309,72,0,9,0,9,0,177,25,0,309
'293930,Caffeine and its salts,0,0,0,0,0,0,0,0,0,0,0,0,,,,,,,,,,,,,,,172,840,542,967,1594,225,337,398,803,331,498,1087
'293941,Ephedrine and its salts,0,0,0,0,0,0,0,0,0,0,0,0,,,,,,,,,,,,,,,0,0,9,0,0,0,0,0,7,0,0,0
'293942,"Pseudoephedrine ""INN"" and its salts",0,0,0,0,0,0,0,0,0,0,0,0,,,,,,,,,,,,,,,145,0,29,152,27,0,0,0,31,108,31,271
'294150,Erythromycin and its derivatives; salts thereof,0,0,0,0,0,0,0,0,0,0,0,0,,,,,,,,,,,,,,,1,17,51,1,0,0,0,0,0,0,0,0
'300242,Vaccines for veterinary medicine,0,0,0,0,0,0,0,0,0,0,0,0,,,,,,,,,,,,,,,6171,6953,7577,8313,5342,9334,5344,4627,6388,12390,8870,17163
'300251,Cell therapy products,0,0,0,0,0,0,0,0,0,0,0,0,,,,,,,,,,,,,,,1,0,0,0,0,0,0,0,0,1,2,1
'300431,"Medicaments containing insulin but not antibiotics, put up in measured doses ""incl. those for ...",0,0,0,0,0,0,0,0,0,0,0,0,,,,,,,,,,,,,,,3245,2907,7660,5030,4116,5895,2066,2781,10246,3629,6531,4313
'300443,"Medicaments containing norephedrine or its salts, not containing hormones, steroids used as ...",0,0,0,0,0,0,0,0,0,0,0,0,,,,,,,,,,,,,,,0,0,0,29,0,0,28,0,0,0,0,0
'300450,"Medicaments containing provitamins, vitamins, incl. natural concentrates and derivatives thereof ...",0,0,0,0,0,0,0,0,0,0,0,0,,,,,,,,,,,,,,,1696,1062,1909,1669,915,759,907,995,1560,1038,1008,1554
'300490,"Medicaments consisting of mixed or unmixed products for therapeutic or prophylactic purposes, ...",0,0,8,30,0,0,28,58,0,0,0,0,,,,,,,,,,,,,,,104489,114935,117937,127211,121476,134813,109163,117207,137066,116031,143997,145259
'300691,Appliances identifiable for ostomy use,0,0,0,0,0,0,0,0,0,0,0,0,,,,,,,,,,,,,,,648,552,855,779,922,1530,647,670,932,491,1644,1230
'310240,Mixtures of ammonium nitrate with calcium carbonate or other inorganic non-fertilising substances ...,0,0,0,0,0,0,0,0,0,0,0,0,,,,,,,,,,,,,,,1411,3739,1401,0,3277,0,0,65,0,0,840,0
'310280,Mixtures of urea and ammonium nitrate in aqueous or ammoniacal solution (excl. those in packages ...,0,0,0,0,0,0,0,0,0,0,0,0,,,,,,,,,,,,,,,0,0,0,0,0,0,0,0,0,0,0,0
'310390,"Mineral or chemical phosphatic fertilisers (excl. superphosphates, those in tablets or similar ...",0,0,0,0,0,0,0,0,0,0,0,0,,,,,,,,,,,,,,,0,0,0,41,0,156,66,36,200,112,0,33
'310520,"Mineral or chemical fertilisers containing the three fertilising elements nitrogen, phosphorus ...",0,0,0,0,0,0,0,0,0,0,0,0,,,,,,,,,,,,,,,682,483,2056,739,2357,663,570,693,181,371,77,364
'320417,Synthetic organic pigments; preparations based on synthetic organic pigments of a kind used ...,0,0,0,0,0,0,0,202,0,0,0,0,,,,,,,,,,,,,,,2054,2757,2740,3038,2274,3946,2239,2449,2955,1858,3325,2496
'320890,"Paints and varnishes based, incl. enamels and lacquers, on synthetic polymers or chemically ...",0,0,0,0,0,0,0,0,0,0,0,0,,,,,,,,,,,,,,,2895,3266,3013,2814,2834,2875,2849,2541,2321,1715,2388,2647
'321490,"Non-refractory surfacing preparations for facades, inside walls, floors, ceilings and the like",0,0,0,0,0,0,0,0,0,0,0,0,,,,,,,,,,,,,,,566,658,886,597,897,954,421,770,796,761,652,656
'960860,"Refills for ball-point pens, comprising the ball-point and ink-reservoir",0,0,0,0,0,0,0,0,0,0,0,0,,,,,,,,,,,,,,,38,52,58,75,29,76,81,22,34,13,35,53
'961310,"Pocket lighters, gas fuelled, non-refillable",0,0,0,0,0,0,0,0,0,0,0,0,,,,,,,,,,,,,,,111,331,402,390,117,77,116,212,77,382,500,200
'970121,"Paintings, e.g. oil paintings, watercolours and pastels, and drawings executed entirely by ...",0,0,0,0,0,0,0,0,0,0,0,0,,,,,,,,,,,,,,,15,50,130,188,8,5,61,80,37,54,5,310
'970210,"Original engravings, prints and lithographs, over 100 years old",0,0,0,0,0,0,0,0,0,0,0,0,,,,,,,,,,,,,,,0,0,3,0,3,2,3,0,2,5,3,0
'970690,"Antiques, over 100 but at most 250 years old",0,0,0,0,0,0,0,0,0,0,0,0,,,,,,,,,,,,,,,106,135,16,16,56,48,119,207,4,15,4,69
'950619,Ski equipment for winter sports (other than skis and ski-fastenings [ski-bindings]),0,0,0,0,0,0,0,0,0,0,0,0,,,,,,,,,,,,,,,14,30,3,3,6,23,7,104,16,1,31,5
'903084,"Instruments and apparatus for measuring or checking electrical quantities, with recording device ...",0,0,0,0,0,0,0,0,0,0,0,0,,,,,,,,,,,,,,,163,150,245,259,431,290,248,317,325,130,618,543
'903110,Machines for balancing mechanical parts,0,0,0,0,0,1,0,0,0,2,0,0,,,,,,,,,,,,,,,144,268,147,105,146,331,537,104,423,247,275,328
'903120,"Test benches for motors, generators, pumps, etc.",0,0,0,0,0,0,0,0,0,0,0,0,,,,,,,,,,,,,,,419,333,1033,234,463,141,133,569,335,150,523,127
'910129,"Wrist-watches of precious metal or of metal clad with precious metal, whether or not incorporating ...",0,4,0,0,0,0,0,0,0,0,0,0,,,,,,,,,,,,,,,478,267,124,74,206,579,311,116,341,1025,85,365
'910211,"Wrist-watches, whether or not incorporating a stop-watch facility, electrically operated, with ...",0,0,0,0,1,0,0,0,0,0,0,0,,,,,,,,,,,,,,,1989,1738,1520,2321,3061,4076,2895,2509,1609,1849,1895,2814
'911011,"Complete watch movements, unassembled or partly assembled movement sets",0,0,0,0,0,0,0,0,0,0,0,0,,,,,,,,,,,,,,,1,7,1,3,14,3,0,0,0,0,2,0
'920290,"Guitars, harps and other string musical instruments (excl. with keyboard and those played with ...",0,0,0,0,0,0,0,0,0,0,1,0,,,,,,,,,,,,,,,185,144,154,125,173,171,215,278,153,253,70,118
'940440,"Quilts, bedspreads, eiderdowns and duvets ""comforters""",0,0,0,0,0,0,0,0,0,0,0,0,,,,,,,,,,,,,,,382,995,975,697,834,511,619,570,474,371,610,163
'940561,"Illuminated signs, illuminated nameplates and the like, with a permanently fixed light-emitting ...",0,0,0,0,0,0,0,0,0,0,0,0,,,,,,,,,,,,,,,312,44,152,234,437,245,208,37,50,457,161,111
'940592,"Parts of lamps and lighting fittings, illuminated signs and nameplates and the like, of plastics, ...",0,0,0,0,0,0,0,0,0,0,0,0,,,,,,,,,,,,,,,177,44,142,80,70,149,138,127,172,97,255,48
'950720,"Fish-hooks, whether or not snelled",0,0,0,1,0,1,0,3,0,0,0,0,,,,,,,,,,,,,,,170,147,153,168,84,170,95,281,198,81,82,150
'950790,"Line fishing tackle n.e.s; fish landing nets, butterfly nets and similar nets; decoys and similar ...",0,21,0,3,0,15,0,5,0,0,23,0,,,,,,,,,,,,,,,408,516,842,615,728,962,705,854,583,719,1128,637
'950825,Water rides,0,0,0,0,0,0,0,0,0,0,0,0,,,,,,,,,,,,,,,0,0,0,0,0,1,0,0,0,0,0,0
'950840,Travelling theatres,0,0,0,0,0,0,0,0,0,0,0,0,,,,,,,,,,,,,,,0,1,0,0,0,18,1,0,6,129,0,0
'871639,"Trailers and semi-trailers for the transport of goods, not designed for running on rails (excl. ...",0,0,558,0,0,0,0,0,0,0,0,0,,,,,,,,,,,,,,,811,1478,2346,478,3675,1221,1457,1307,118,103,1784,743
'902219,"Apparatus based on the use of X-rays (other than for medical, surgical, dental or veterinary ...",0,0,0,0,0,0,0,0,0,0,0,0,,,,,,,,,,,,,,,2079,1605,961,1576,1400,1325,1658,1712,2223,801,1463,1294
'902300,"Instruments, apparatus and models designed for demonstrational purposes, e.g. in education ...",0,0,0,0,3,0,0,154,0,0,0,0,,,,,,,,,,,,,,,915,2538,1853,2053,1356,1479,778,1732,971,867,1166,736
'901910,Mechano-therapy appliances; massage apparatus; psychological aptitude-testing apparatus,0,0,0,0,0,3,0,0,0,0,0,0,,,,,,,,,,,,,,,1122,952,1211,874,888,1535,1130,942,1099,772,1173,848
'900640,Instant print cameras (excl. special cameras of subheading 9006.30),0,3,3,9,0,0,0,0,0,0,4,0,,,,,,,,,,,,,,,60,259,161,113,131,63,72,256,7,5,68,99
'900890,"Parts and accessories for image projectors, photographic enlargers and reducers, n.e.s.",0,0,0,0,0,0,0,0,0,0,0,0,,,,,,,,,,,,,,,12,21,10,8,12,10,13,11,6,7,15,9
'901180,"Optical microscopes (excl. for photomicrography, cinephotomicrography or microprojection, stereoscopic ...",0,0,0,0,0,0,0,0,0,0,0,0,,,,,,,,,,,,,,,231,206,197,132,211,1277,203,230,1096,161,239,369
'901290,"Parts and accessories for electron microscopes, proton microscopes and diffraction apparatus, ...",0,0,0,0,0,0,0,0,0,0,0,0,,,,,,,,,,,,,,,32,93,19,213,75,167,47,19,220,64,51,34
'901510,Rangefinders,36,18,22,8,20,0,15,33,2,19,11,0,,,,,,,,,,,,,,,357,235,324,364,919,400,459,377,245,300,313,495
'901520,"Theodolites and tachymeters ""tacheometers""",0,0,0,0,0,0,0,0,0,0,0,0,,,,,,,,,,,,,,,184,517,243,192,284,223,272,166,123,105,184,100
'901812,Ultrasonic scanning apparatus,0,0,0,0,0,0,0,0,0,0,0,0,,,,,,,,,,,,,,,1297,1605,1685,937,1845,985,1640,2443,1495,1146,1038,1923
'854233,Electronic integrated circuits as amplifiers,0,0,0,0,0,0,0,1,0,0,0,0,,,,,,,,,,,,,,,435,373,680,690,463,704,657,331,382,795,552,359
'854320,"Signal generators, electrical",0,0,0,0,0,0,0,0,0,0,0,0,,,,,,,,,,,,,,,279,87,144,486,165,387,107,236,294,277,275,561
'854330,"Machines and apparatus for electroplating, electrolysis or electrophoresis",0,0,0,0,0,0,0,0,0,0,0,0,,,,,,,,,,,,,,,196,129,768,464,362,153,23,132,151,127,212,217
'860799,"Parts of rolling stock of heading 8603, 8604, 8605 or 8606, n.e.s.",0,0,0,0,0,0,0,0,0,0,0,0,,,,,,,,,,,,,,,613,307,318,405,825,723,384,445,688,486,776,519
'870129,"Road tractors for semi-trailers, with only spark-ignition internal combustion piston engine ...",0,0,0,0,0,0,0,0,0,0,0,0,,,,,,,,,,,,,,,0,0,0,0,0,0,0,0,0,0,0,23
'870370,Motor cars and other motor vehicles principally designed for the transport of ...,0,0,0,0,0,0,0,0,0,0,0,0,,,,,,,,,,,,,,,0,0,0,0,0,0,6,0,0,0,0,0
'870443,"Motor vehicles for the transport of goods, with both compression-ignition internal combustion ...",0,0,0,0,0,0,0,0,0,0,0,0,,,,,,,,,,,,,,,0,0,0,0,0,0,0,0,0,0,0,0
'870710,Bodies for motor cars and other motor vehicles principally designed for the transport of persons,0,0,0,0,0,0,0,0,0,0,0,0,,,,,,,,,,,,,,,1,0,7,6,42,11,86,8,18,35,8,0
'870891,"Radiators and parts thereof, for tractors, motor vehicles for the transport of ten or more ...",0,0,0,1,0,0,0,0,0,0,0,0,,,,,,,,,,,,,,,4177,3988,3940,4649,3769,4128,3582,3752,4417,3655,4204,3644
'871190,"Motorcycles, incl. mopeds, and cycles fitted with an auxiliary motor and side cars for motorcycles ...",0,0,0,0,0,0,0,0,0,0,0,0,,,,,,,,,,,,,,,119,264,56,15,89,468,232,200,230,121,147,297
'871420,"Parts and accessories for carriages for disabled persons, n.e.s.",1,0,2,0,0,0,0,0,0,0,0,0,,,,,,,,,,,,,,,175,180,131,236,249,271,154,290,362,319,133,133
'890323,"Sailboats, with or without auxiliary motor, of a length > 24 m",0,0,0,0,0,0,0,0,0,0,0,0,,,,,,,,,,,,,,,0,0,0,0,0,0,0,0,0,0,0,0
'890332,"Motorboats, of a length > 7,5 m but <= 24 m, for pleasure or sports (excl. inflatable and outboard)",0,0,0,0,0,0,0,0,0,0,0,0,,,,,,,,,,,,,,,0,0,1246,763,7,0,902,0,414,0,0,0
'890399,"Outboard motorboats, for pleasure or sports, and rowing boats and canoes, of a length > 7,5 ...",0,0,0,0,1,0,0,0,0,0,0,0,,,,,,,,,,,,,,,125,26,354,330,104,340,78,8,2376,483,166,7
'880240,"Aeroplanes and other powered aircraft of an of an unladen weight > 15.000 kg (excl. helicopters, ...",0,0,0,0,0,0,0,0,0,0,0,0,,,,,,,,,,,,,,,1685,82357,3024,69040,153047,58783,6940,10965,81181,86480,5822,5326
'880710,"Propellers and rotors and parts thereof, for aircraft, n.e.s.",0,0,0,0,0,0,0,0,0,0,0,0,,,,,,,,,,,,,,,1060,919,1402,1075,1202,1554,1222,628,21306,1006,1798,1602
'890200,Fishing vessels; factory ships and other vessels for processing or preserving fishery products ...,0,0,0,0,0,0,0,0,0,0,0,0,,,,,,,,,,,,,,,0,3205,1,0,14,0,1,0,0,4435,0,12501
'890312,"Inflatable ""incl. rigid hull inflatable"" boats, for pleasure or sports, not designed for use ...",0,0,0,0,0,0,0,0,0,0,0,0,,,,,,,,,,,,,,,0,0,11,56,8,6,0,2,0,0,0,0
'851930,"Turntables ""record-decks""",0,0,0,0,0,0,0,0,0,0,0,0,,,,,,,,,,,,,,,65,143,73,14,47,145,93,54,59,51,49,59
'852210,Pick-up cartridges,0,0,0,0,0,0,0,0,0,0,0,0,,,,,,,,,,,,,,,8,10,7,13,6,8,36,4,10,11,11,7
'852290,Parts and accessories suitable for use solely or principally with sound reproducing and recording ...,1,0,1,1,0,0,0,0,1,0,0,0,,,,,,,,,,,,,,,148,112,101,80,105,82,89,84,56,62,61,99
'852341,"Optical media for the recording of sound or of other phenomena, unrecorded (excl. goods of ...",0,0,0,0,86,0,0,0,0,87,0,0,,,,,,,,,,,,,,,10,32,14,1,97,16,4,14,13,87,16,1
'852411,"Flat panel display modules, whether or not incorporating touch-sensitive screens, without drivers ...",2623,3194,2883,2841,1846,0,1,0,0,12,0,0,,,,,,,,,,,,,,,4870,5135,3460,3437,3941,833,760,1769,266,2188,2878,70
'852492,"Flat panel display modules, whether or not incorporating touch-sensitive screens, with drivers ...",0,0,0,0,0,0,2,0,0,0,0,0,,,,,,,,,,,,,,,303,188,456,593,193,518,213,186,145,277,223,482
'852583,"Night vision television cameras, digital cameras and video camera recorders as specified in ...",1,0,0,5,0,1,1,1,0,0,0,0,,,,,,,,,,,,,,,31,33,14,59,24,6,57,14,4,88,6,26
'853080,"Electrical signalling, safety or traffic control equipment (excl. that for railways or tramways ...",0,0,0,0,0,0,0,0,0,0,0,0,,,,,,,,,,,,,,,61,68,838,280,642,423,178,958,199,534,138,68
'853110,Burglar or fire alarms and similar apparatus,0,0,1,0,1,0,0,0,91,67,45,0,,,,,,,,,,,,,,,1904,2304,2572,1838,1733,1400,2634,2775,2293,2105,1531,1956
'853120,"Indicator panels with liquid crystal devices ""LCD"" or light emitting diodes ""LED"" (excl. those ...",0,0,0,0,0,0,0,0,0,0,0,0,,,,,,,,,,,,,,,1240,1152,1341,1079,1131,1581,1384,1148,1403,1053,1084,1272
'853224,"Fixed electrical capacitors, ceramic dielectric, multilayer (excl. power capacitors)",1,0,0,0,0,0,0,0,0,0,0,0,,,,,,,,,,,,,,,441,285,420,272,231,355,241,150,305,324,291,379
'853340,"Electrical variable resistors, incl. rheostats and potentiometers (excl. wirewound variable ...",0,0,0,0,0,0,0,0,0,0,0,0,,,,,,,,,,,,,,,273,495,420,286,330,441,215,301,276,247,728,331
'853510,Fuses for a voltage > 1.000 V,0,0,0,0,0,0,0,0,0,0,0,0,,,,,,,,,,,,,,,204,107,238,404,215,151,128,184,204,173,123,130
'853931,"Discharge lamps, fluorescent, hot cathode",0,0,0,0,0,0,0,0,0,0,0,0,,,,,,,,,,,,,,,65,206,10,71,289,154,20,75,18,45,124,118
'853949,Ultraviolet or infra-red lamps,0,0,0,0,0,0,0,0,0,0,0,0,,,,,,,,,,,,,,,243,346,400,394,391,228,612,234,208,329,311,369
'854081,"Receiver or amplifier valves and tubes (excl. microwave tubes, photo-cathode tubes and cathode ...",0,0,0,0,0,0,0,0,0,0,0,0,,,,,,,,,,,,,,,1,0,3,24,3,31,31,1,4,14,3,3
'851190,"Parts of electrical ignition or starting equipment, generators, etc. of heading 8511, n.e.s.",0,0,0,0,0,0,0,0,0,0,0,0,,,,,,,,,,,,,,,1826,2306,2779,1884,2252,3400,1248,3163,2205,1594,2223,1940
'851519,Brazing or soldering machines (excl. soldering irons and guns),0,0,0,0,0,0,0,0,0,0,0,0,,,,,,,,,,,,,,,25,29,148,110,43,83,36,22,36,90,81,25
'851531,"Fully or partly automatic machines for arc welding of metals, incl. plasma arc welding",0,0,0,0,0,0,0,0,0,0,0,0,,,,,,,,,,,,,,,129,233,270,147,348,135,890,1194,306,429,1345,130
'851632,Electro-thermic hairdressing apparatus (excl. hairdryers),0,0,0,0,0,0,0,0,0,0,0,0,,,,,,,,,,,,,,,795,1202,1340,1187,1683,1262,1247,880,1067,881,1300,818
'851672,"Electric toasters, for domestic use",0,0,0,0,0,0,0,0,0,0,0,0,,,,,,,,,,,,,,,395,328,293,898,547,1362,456,553,1033,700,594,242
'851711,Line telephone sets with cordless handsets,0,0,0,0,0,0,0,0,0,0,0,0,,,,,,,,,,,,,,,69,69,66,29,17,30,20,19,14,23,18,24