Bilateral trade between India and Viet Nam ,,,,,,,,,,,,,,,,,,,,,,,,,,,,,,,,,,,,,,,
Product: TOTAL All products,,,,,,,,,,,,,,,,,,,,,,,,,,,,,,,,,,,,,,,
,,,,,,,,,,,,,,,,,,,,,,,,,,,,,,,,,,,,,,,
Sources: ITC calculations based on Directorate General of Commercial Intelligence & Statistics statistics.,,,,,,,,,,,,,,,,,,,,,,,,,,,,,,,,,,,,,,,
Bilateral trade data have been reported by India,,,,,,,,,,,,,,,,,,,,,,,,,,,,,,,,,,,,,,,
,,,,,,,,,,,,,,,,,,,,,,,,,,,,,,,,,,,,,,,
India's imports have been reported by India,,,,,,,,,,,,,,,,,,,,,,,,,,,,,,,,,,,,,,,
,,,,,,,,,,,,,,,,,,,,,,,,,,,,,,,,,,,,,,,
,,,,,,,,,,,,,,,,,,,,,,,,,,,,,,,,,,,,,,,
Unit : US Dollar thousand,,,,,,,,,,,,,,,,,,,,,,,,,,,,,,,,,,,,,,,
,,,,,,,,,,,,,,,,,,,,,,,,,,,,,,,,,,,,,,,
Product code,Product label,India's imports from Viet Nam,,,,,,,,,,,,Viet Nam's exports to world,,,,,,,,,,,,,India's imports from world,,,,,,,,,,,,
,,Value in 2025-M05,Value in 2025-M06,Value in 2025-M07,Value in 2025-M08,Value in 2025-M09,Value in 2025-M10,Value in 2025-M11,Value in 2025-M12,Value in 2026-M01,Value in 2026-M02,Value in 2026-M03,Value in 2026-M04,,Value in 2025-M05,Value in 2025-M06,Value in 2025-M07,Value in 2025-M08,Value in 2025-M09,Value in 2025-M10,Value in 2025-M11,Value in 2025-M12,Value in 2026-M01,Value in 2026-M02,Value in 2026-M03,Value in 2026-M04,,Value in 2025-M05,Value in 2025-M06,Value in 2025-M07,Value in 2025-M08,Value in 2025-M09,Value in 2025-M10,Value in 2025-M11,Value in 2025-M12,Value in 2026-M01,Value in 2026-M02,Value in 2026-M03,Value in 2026-M04
'TOTAL,All products,959408,905059,991399,1052579,948269,980060,857840,1011256,993410,1023685,1000685,1218922,,,,,,,,,,,,,,,60548539,53914076,64546391,61552564,69243897,76094756,62661404,63589585,71192951,63672456,59833079,71939621
'010121,Pure-bred breeding horses,0,0,0,0,0,0,0,0,0,0,0,0,,,,,,,,,,,,,,,0,0,0,284,0,0,64,2735,3012,397,93,0
'010620,"Live reptiles ""e.g. snakes, turtles, alligators, caymans, iguanas, gavials and lizards""",0,0,0,0,0,0,0,0,0,0,0,0,,,,,,,,,,,,,,,4,152,92,120,2,53,30,211,86,40,73,102
'010639,"Live birds (excl. birds of prey, psittaciformes, parrots, parrakeets, macaws, cockatoos, ostriches ...",0,0,0,0,0,0,0,0,0,0,0,0,,,,,,,,,,,,,,,26,42,34,119,28,38,179,64,57,50,23,44
'020410,Fresh or chilled lamb carcases and half-carcases,0,0,0,0,0,0,0,0,0,0,0,0,,,,,,,,,,,,,,,0,0,0,0,0,0,0,0,0,0,0,0
'030199,"Live fish (excl. ornamental fish, trout [Salmo trutta, Oncorhynchus mykiss, Oncorhynchus clarki, ...",0,0,0,0,0,0,0,0,0,0,0,0,,,,,,,,,,,,,,,0,0,0,0,0,15,0,59,0,150,22,70
'030285,"Fresh or chilled sea bream ""Sparidae""",0,0,0,0,0,0,0,0,0,0,0,0,,,,,,,,,,,,,,,0,0,0,0,0,0,0,0,0,0,0,0
'030331,"Frozen lesser or Greenland halibut ""Reinhardtius hippoglossoides"", Atlantic halibut ""Hippoglossus ...",0,0,0,0,0,0,0,0,0,0,0,0,,,,,,,,,,,,,,,0,0,0,0,0,7,0,3,0,0,13,0
'030343,"Frozen skipjack or stripe-bellied bonito ""Euthynnus -Katsuwonus- pelamis""",0,0,0,0,0,0,0,0,0,0,0,0,,,,,,,,,,,,,,,48,0,0,0,70,0,0,0,0,48,0,0
'030431,"Fresh or chilled fillets of tilapia ""Oreochromis spp.""",0,0,0,0,0,0,0,0,0,0,0,0,,,,,,,,,,,,,,,0,0,0,0,0,0,0,0,0,0,0,0
'030441,"Fresh or chilled fillets of Pacific salmon ""Oncorhynchus nerka, Oncorhynchus gorbuscha, Oncorhynchus ...",0,0,0,0,0,0,0,0,0,0,0,0,,,,,,,,,,,,,,,0,112,0,0,0,1,0,0,87,2,0,0
'030487,"Frozen fillets of tuna ""of the genus Thunnus"", skipjack or stripe-bellied bonito ""Euthynnus ...",126,0,0,0,0,0,0,0,0,42,0,0,,,,,,,,,,,,,,,143,15,15,24,17,35,20,24,46,50,53,2
'030549,"Smoked fish, incl. fillets (excl. offal, Pacific salmon, Atlantic salmon, Danube salmon, herring, ...",0,0,0,0,0,0,0,0,0,0,0,0,,,,,,,,,,,,,,,0,0,0,0,0,0,0,0,0,0,0,0
'030619,"Frozen crustaceans, even smoked, fit for human consumption, whether in shell or not, incl. ...",0,0,0,0,0,0,0,0,0,0,0,0,,,,,,,,,,,,,,,79,0,158,54,0,79,0,70,156,44,70,0
'030732,"Mussels ""Mytilus spp., Perna spp."", frozen, even in shell",0,0,0,0,0,0,0,0,0,0,0,0,,,,,,,,,,,,,,,0,0,0,58,6,78,0,189,14,0,12,86
'030751,"Octopus ""Octopus spp."", live, fresh or chilled",0,0,0,0,0,0,0,0,0,0,0,0,,,,,,,,,,,,,,,0,0,0,0,0,0,0,0,0,0,0,0
'030990,"Flours, meals and pellets of crustaceans, molluscs and other aquatic invertebrates, fit for ...",0,0,0,0,0,0,0,0,0,0,0,0,,,,,,,,,,,,,,,0,0,0,0,0,0,0,0,0,0,0,9
'040721,"Fresh eggs of domestic fowls, in shell (excl. fertilised for incubation)",0,0,0,0,0,0,0,0,0,0,0,0,,,,,,,,,,,,,,,8,0,0,0,0,0,0,0,0,0,0,0
'040891,"Dried birds' eggs, not in shell, whether or not sweetened (excl. egg yolks)",0,0,0,0,0,0,0,0,0,0,0,0,,,,,,,,,,,,,,,0,0,0,0,0,0,53,17,0,0,0,0
'050800,"Coral and similar materials, shells of molluscs, crustaceans or echinoderms, cuttle-bone, powder ...",0,0,45,16,6,20,23,0,29,0,19,0,,,,,,,,,,,,,,,379,643,517,934,871,927,888,494,353,459,448,298
'060420,"Foliage, branches and other parts of plants, without flowers or flower buds, and grasses, mosses ...",0,0,0,0,0,0,0,0,0,0,0,0,,,,,,,,,,,,,,,0,0,0,5,0,0,0,0,0,0,0,0
'070190,Fresh or chilled potatoes (excl. seed),16,0,60,0,0,0,0,0,0,0,0,0,,,,,,,,,,,,,,,19,7,101,138,16,2,0,0,18,1,23,0
'070610,Fresh or chilled carrots and turnips,0,0,0,0,0,0,0,0,0,0,0,0,,,,,,,,,,,,,,,0,0,0,0,0,5,0,0,1,0,1,0
'070810,"Fresh or chilled peas ""Pisum sativum"", shelled or unshelled",0,0,0,0,0,0,0,0,0,0,0,0,,,,,,,,,,,,,,,0,0,0,0,0,0,0,0,0,0,0,0
'071021,"Shelled or unshelled peas ""Pisum sativum"", uncooked or cooked by steaming or by boiling in ...",0,0,0,0,0,0,0,0,0,0,0,0,,,,,,,,,,,,,,,0,0,0,24,0,15,23,144,129,205,0,0
'071090,"Mixtures of vegetables, uncooked or cooked by steaming or by boiling in water, frozen",0,0,0,0,0,0,0,0,0,0,0,0,,,,,,,,,,,,,,,0,0,0,0,0,0,11,34,25,0,0,0
'071140,"Cucumbers and gherkins provisionally preserved, e.g. by sulphur dioxide gas, in brine, in sulphur ...",0,0,0,0,0,0,0,0,0,0,0,0,,,,,,,,,,,,,,,14,0,0,0,0,0,0,0,7,0,0,0
'071239,"Dried mushrooms and truffles, whole, cut, sliced, broken or in powder, but not further prepared ...",0,0,0,0,0,0,0,0,0,0,0,0,,,,,,,,,,,,,,,0,29,0,0,0,0,0,0,0,18,0,0
'071320,"Dried, shelled chickpeas ""garbanzos"", whether or not skinned or split",0,0,0,0,0,0,0,0,0,0,0,0,,,,,,,,,,,,,,,3457,1781,5050,3272,9974,28553,48789,134501,127912,64118,99225,13702
'071332,"Dried, shelled small red ""Adzuki"" beans ""Phaseolus or Vigna angularis"", whether or not skinned ...",0,0,0,0,0,0,0,0,0,0,0,0,,,,,,,,,,,,,,,0,0,0,0,0,21,0,0,0,0,0,0
'071335,"Dried, shelled cow peas ""Vigna unguiculata"", whether or not skinned or split",0,0,0,0,0,0,0,0,0,0,0,0,,,,,,,,,,,,,,,3325,603,1944,4713,7957,5542,10853,4559,3706,3139,4866,3764
'071340,"Dried, shelled lentils, whether or not skinned or split",0,0,0,0,0,0,0,0,0,0,0,0,,,,,,,,,,,,,,,12400,2598,18073,23262,9846,50638,79138,70018,88980,124930,90518,35946
'080131,"Fresh or dried cashew nuts, in shell",34,0,0,166,0,0,26,0,0,0,0,0,,,,,,,,,,,,,,,204071,271631,429001,293814,234633,151012,91835,56093,220889,110657,92037,92746
'080212,"Fresh or dried almonds, shelled",0,0,0,204,74,205,0,0,0,0,0,0,,,,,,,,,,,,,,,3908,3719,5944,6388,5236,8475,9822,9099,6302,5206,4796,6992
'080292,"Fresh or dried pine nuts, shelled",0,0,0,0,0,0,0,0,0,0,0,0,,,,,,,,,,,,,,,13,0,49,0,0,6,137,164,240,17,0,0
'080410,Fresh or dried dates,0,0,0,0,0,0,0,0,0,0,0,0,,,,,,,,,,,,,,,13267,7614,7795,7732,15114,46055,59654,50052,60477,45277,16548,5602
'080440,Fresh or dried avocados,0,0,0,0,0,0,0,0,0,0,0,0,,,,,,,,,,,,,,,2320,4070,3859,3906,4519,3059,3370,4484,3589,5138,5592,4242
'080620,Dried grapes,0,0,0,0,0,0,0,0,0,0,0,0,,,,,,,,,,,,,,,3271,2962,1815,2619,5920,11422,13989,21085,22728,7514,11729,4614
'080921,"Fresh sour cherries ""Prunus cerasus""",0,0,0,0,0,0,0,0,0,0,0,0,,,,,,,,,,,,,,,0,6,12,19,0,0,0,0,0,0,0,0
'081110,"Frozen strawberries, uncooked or cooked by steaming or boiling in water, whether or not sweetened",0,0,0,0,0,0,0,0,0,0,0,0,,,,,,,,,,,,,,,20,120,36,124,258,270,181,10,7,6,18,10
'081290,"Fruit and nuts, provisionally preserved, e.g. by sulphur dioxide gas, in brine, in sulphur ...",4,0,0,0,0,0,0,0,0,0,0,0,,,,,,,,,,,,,,,4,0,0,0,0,0,0,0,0,0,0,0
'081350,Mixtures of nuts or dried fruits,0,0,0,0,0,0,0,0,0,0,0,0,,,,,,,,,,,,,,,18,16,0,0,0,2,0,6,17,36,0,18
'090121,Roasted coffee (excl. decaffeinated),0,0,19,0,0,0,0,0,0,0,24,0,,,,,,,,,,,,,,,15,144,81,103,161,159,104,69,98,122,196,231
'151521,Crude maize oil,0,0,0,0,0,0,0,0,0,0,0,0,,,,,,,,,,,,,,,0,0,0,0,0,0,0,0,0,0,0,0
'151530,"Castor oil and fractions thereof, whether or not refined, but not chemically modified",0,0,0,0,0,0,0,0,0,0,0,0,,,,,,,,,,,,,,,265,81,30,38,351,0,138,176,57,4,144,55
'151790,Edible mixtures or preparations of animal or vegetable fats or oils and edible fractions of ...,0,0,0,0,0,0,0,0,0,0,0,0,,,,,,,,,,,,,,,487,5,66,8,370,79,227,377,682,803,235,372
'152190,"Beeswax, other insect waxes and spermaceti, whether or not refined or coloured",0,0,0,0,0,0,0,0,0,0,0,0,,,,,,,,,,,,,,,313,457,50,355,260,242,257,114,62,272,122,230
'160100,"Sausages and similar products, of meat, meat offal, blood or insects; food preparations based ...",0,0,0,0,0,0,0,0,0,0,0,0,,,,,,,,,,,,,,,0,66,0,0,12,2,0,37,0,0,4,0
'160241,"Hams of swine and cuts thereof, prepared or preserved",0,0,0,0,0,0,0,0,0,0,0,0,,,,,,,,,,,,,,,14,67,10,58,37,0,32,78,14,62,11,13
'160510,"Crab, prepared or preserved (excl. smoked)",0,0,0,0,0,0,0,0,0,0,0,0,,,,,,,,,,,,,,,0,0,100,0,0,40,0,0,0,0,0,0
'170290,"Sugars in solid form, incl. invert sugar and chemically pure maltose, and sugar and sugar syrup ...",0,0,0,0,0,0,0,0,0,0,11,0,,,,,,,,,,,,,,,792,875,699,368,857,316,763,755,528,1146,408,1063
'170390,Beet molasses resulting from the extraction or refining of sugar,0,0,0,0,0,0,0,0,0,0,0,0,,,,,,,,,,,,,,,0,0,0,1,1,0,0,0,0,0,0,2
'170410,"Chewing gum, whether or not sugar-coated",0,0,0,0,0,0,0,0,0,0,0,0,,,,,,,,,,,,,,,23,50,37,114,86,21,29,16,20,19,27,32
'180690,"Chocolate and other preparations containing cocoa, in containers or immediate packings of <= ...",0,0,1,54,0,0,1,0,0,2,0,0,,,,,,,,,,,,,,,7622,6445,12742,10797,9326,8428,8617,8645,10901,10735,7384,7082
'190110,"Food preparations for infant use, put up for retail sale, of flour, groats, meal, starch or ...",0,0,0,0,0,0,0,0,0,0,0,0,,,,,,,,,,,,,,,2406,2111,1433,2832,2686,493,3164,1129,1422,2913,2450,1349
'190510,Crispbread,0,0,0,0,0,0,0,0,0,0,0,0,,,,,,,,,,,,,,,15,0,1,0,19,49,19,0,3,0,1,0
'200390,"Mushrooms and truffles, prepared or preserved otherwise than by vinegar or acetic acid (excl. ...",0,0,0,0,0,0,0,0,0,0,0,0,,,,,,,,,,,,,,,42,0,115,73,211,101,82,21,209,87,281,37
'200591,"Bamboo shoots, prepared or preserved otherwise than by vinegar or acetic acid (excl. frozen)",0,0,0,0,0,0,0,0,0,0,0,0,,,,,,,,,,,,,,,32,14,5,2,5,66,3,14,14,0,28,27
'200710,"Homogenised preparations of jams, jellies, marmalades, fruit or nut purées and nut pastes, ...",0,0,0,0,0,0,0,0,0,0,0,0,,,,,,,,,,,,,,,0,0,1,0,0,0,0,0,0,8,0,0
'200939,"Single citrus fruit juice, unfermented, Brix value > 20 at 20°C, whether or not containing ...",0,0,0,0,0,0,0,0,0,0,0,0,,,,,,,,,,,,,,,766,214,288,492,106,490,463,345,458,294,480,7
'200981,"Cranberry or lingonberry ""Vaccinium macrocarpon, Vaccinium oxycoccos, Vaccinium vitis-idaea"" ...",7,0,0,0,0,0,11,0,0,0,0,0,,,,,,,,,,,,,,,32,56,0,67,1,25,12,1,159,0,0,35
'210220,Inactive yeasts; other dead single-cell micro-organisms (excl. packaged as medicaments),0,0,0,0,0,0,0,0,0,0,0,0,,,,,,,,,,,,,,,570,358,568,636,619,774,1385,1316,478,1795,913,1547
'210410,Soups and broths and preparations therefor,0,0,0,0,0,0,0,0,0,0,27,0,,,,,,,,,,,,,,,6,2,12,32,15,5,72,47,26,67,36,1
'210690,"Food preparations, n.e.s.",0,0,0,0,0,0,0,0,0,111,1,0,,,,,,,,,,,,,,,10807,7115,10066,7713,6443,6257,8938,8801,9322,7780,7453,7867
'220300,Beer made from malt,16,0,41,17,10,0,0,17,43,19,23,0,,,,,,,,,,,,,,,1552,1326,1619,1564,1533,1392,1274,733,716,1130,1614,1848
'220510,"Vermouth and other wine of fresh grapes, flavoured with plants or aromatic substances, in containers ...",0,0,0,0,0,0,0,0,0,0,0,0,,,,,,,,,,,,,,,4,36,1,3,65,14,108,1,29,6,51,3
'230110,"Flours, meals and pellets, of meat or offal, unfit for human consumption; greaves",0,0,0,0,0,0,0,0,0,0,0,0,,,,,,,,,,,,,,,26,0,0,0,0,0,0,0,0,0,0,0
'230330,Brewing or distilling dregs and waste,0,0,0,0,0,0,0,0,0,0,0,0,,,,,,,,,,,,,,,22,3,46,0,7,1,7,7,9,31,5,3
'230641,"Oilcake and other solid residues, whether or not ground or in the form of pellets, resulting ...",0,0,0,0,0,0,0,0,0,0,0,0,,,,,,,,,,,,,,,489,561,520,532,474,338,292,102,57,173,88,118
'240399,"Chewing tobacco, snuff and other manufactured tobacco and manufactured tobacco substitutes, ...",0,0,0,0,0,0,0,0,0,0,0,0,,,,,,,,,,,,,,,4208,3368,3822,5517,4159,4657,6133,2975,4309,5139,4223,6943
'250200,Unroasted iron pyrites,0,0,0,0,0,0,0,0,0,0,0,0,,,,,,,,,,,,,,,334,148,255,200,121,79,271,27,250,18,345,189
'250700,"Kaolin and other kaolinic clays, whether or not calcined",0,0,0,0,0,0,0,0,0,0,0,0,,,,,,,,,,,,,,,6258,6204,7322,5820,7230,7750,6086,6624,6083,4506,6090,4195
'251010,"Natural calcium phosphates and natural aluminium calcium phosphates, natural and phosphatic ...",0,0,0,0,0,0,0,0,0,0,0,0,,,,,,,,,,,,,,,93947,62201,76910,56960,69487,84334,116388,117333,109744,28811,91205,22680
'251020,"Natural calcium phosphates and natural aluminium calcium phosphates, natural and phosphatic ...",0,0,0,0,0,0,0,0,0,0,0,0,,,,,,,,,,,,,,,68788,34993,85251,106701,111264,81295,82227,74091,76396,63682,55819,48985
'251611,"Granite, crude or roughly trimmed (excl. already with the characteristics of setts, curbstones ...",0,0,6,0,0,8,0,0,0,0,0,0,,,,,,,,,,,,,,,1231,732,702,637,643,1082,985,1006,842,831,464,470
'251749,"Granules, chippings and powder, whether or not heat-treated, of travertine, ecaussine, alabaster, ...",0,0,0,0,0,0,0,0,0,0,0,0,,,,,,,,,,,,,,,0,23,15,17,16,17,1,0,14,0,0,0
'252620,"Natural steatite and talc, crushed or powdered",0,0,0,0,0,0,0,0,0,0,0,0,,,,,,,,,,,,,,,778,372,514,764,608,966,456,491,843,621,705,802
'252921,Fluorspar containing by weight <= 97% calcium fluoride,95,93,0,0,0,0,0,0,0,0,0,0,,,,,,,,,,,,,,,1695,1191,1948,1365,934,1064,1567,1220,1582,1313,532,1330
'252930,"Leucite, nepheline and nepheline syenite",0,0,0,0,0,0,0,0,0,0,0,0,,,,,,,,,,,,,,,280,152,176,239,166,228,32,123,173,64,78,102
'253010,"Vermiculite, perlite and chlorites, unexpanded",0,0,0,0,0,0,0,0,0,0,0,0,,,,,,,,,,,,,,,706,906,1173,724,966,938,905,894,762,801,711,808
'253020,"Kieserite and epsomite ""natural magnesium sulphates""",0,0,0,0,0,0,0,0,0,0,0,0,,,,,,,,,,,,,,,34,0,0,0,0,0,0,33,0,0,0,0
'260300,Copper ores and concentrates,0,0,0,0,0,0,0,0,0,0,0,0,,,,,,,,,,,,,,,240688,510190,427574,349277,452746,578331,697017,639552,727148,617538,321876,786270
'260800,Zinc ores and concentrates,0,0,0,0,0,0,0,0,0,0,0,0,,,,,,,,,,,,,,,0,0,306,0,0,0,25,48,51,83,166,356
'262011,Hard zinc spelter,0,0,0,0,0,0,0,0,0,0,0,0,,,,,,,,,,,,,,,0,0,0,0,0,0,0,0,0,67,0,0
'262030,"Slag, ash and residues containing mainly copper",0,0,0,0,0,0,0,0,0,0,0,0,,,,,,,,,,,,,,,351,347,201,630,286,210,604,97,733,217,420,219
'262040,"Slag, as and residues containing mainly aluminium",63,112,0,154,0,69,52,0,0,0,126,0,,,,,,,,,,,,,,,1778,1449,1503,3015,2829,2743,2881,3046,3983,2536,2193,3434
'270112,"Bituminous coal, whether or not pulverised, non-agglomerated",0,0,0,0,0,0,0,0,0,0,0,0,,,,,,,,,,,,,,,31949,5890,14959,25588,16886,36280,12155,16111,20079,5778,27429,84215
'270820,Pitch coke obtained from coal tar or from other mineral tars,0,0,0,0,0,0,0,0,0,0,0,0,,,,,,,,,,,,,,,439,0,56,2,0,2,0,6,9,12,1,32
'271311,"Petroleum coke, non-calcined",0,0,0,0,0,0,0,0,0,0,0,0,,,,,,,,,,,,,,,187004,122053,134214,245930,150071,194970,105985,159305,160573,85979,107428,147039
'280110,Chlorine,0,0,0,0,0,0,0,0,0,0,0,0,,,,,,,,,,,,,,,0,15,0,7,0,0,0,0,0,0,0,0
'280200,"Sulphur, sublimed or precipitated; colloidal sulphur",0,0,0,0,0,0,0,0,0,0,0,0,,,,,,,,,,,,,,,53,31,38,82,60,60,43,38,83,52,12,40
'280410,Hydrogen,0,0,0,0,0,0,0,0,0,0,0,0,,,,,,,,,,,,,,,0,0,0,1,0,0,18,26,34,14,0,13
'280429,Rare gases (excl. argon),0,0,0,0,0,0,0,0,0,0,0,0,,,,,,,,,,,,,,,5870,3453,3696,3954,4947,3136,3577,3642,3678,2327,1497,3938
'280440,Oxygen,0,0,0,0,0,0,0,0,0,0,0,0,,,,,,,,,,,,,,,94,72,80,108,22,60,54,40,0,44,20,33
'280461,"Silicon containing >= 99,99% by weight of silicon",0,0,0,0,0,0,0,0,0,0,0,0,,,,,,,,,,,,,,,0,0,0,25,3,5,0,7,0,0,0,2
'280700,Sulphuric acid; oleum,0,0,0,0,0,0,0,0,0,0,0,0,,,,,,,,,,,,,,,19530,10994,22991,24691,37176,19953,17081,14283,20176,26032,23340,26729
'282720,Calcium chloride,0,0,0,0,0,0,0,0,0,0,0,0,,,,,,,,,,,,,,,265,184,317,381,139,257,163,213,248,184,229,319
'283421,Nitrate of potassium,0,0,0,0,0,0,0,0,0,0,0,0,,,,,,,,,,,,,,,388,422,282,491,323,1,1370,415,295,269,227,1465
'283692,Strontium carbonate,0,0,0,0,0,0,0,0,0,0,0,0,,,,,,,,,,,,,,,582,323,695,756,511,658,308,419,259,142,223,352
'284020,"Borates (excl. disodium tetraborate ""refined borax"")",0,0,0,0,0,0,0,0,0,0,0,0,,,,,,,,,,,,,,,778,1616,1381,1743,1801,1295,2428,2240,1289,1254,678,1139
'284161,Potassium permanganate,0,0,0,0,0,0,0,0,0,0,0,0,,,,,,,,,,,,,,,162,0,0,0,0,0,0,0,0,0,0,0
'284170,Molybdates,0,0,0,0,0,0,0,0,0,0,0,0,,,,,,,,,,,,,,,2,1,16,6,70,11,106,107,1,68,5,5
'284290,"Salts of inorganic acids or peroxoacids (excl. of oxometallic or peroxometallic acids, double ...",0,0,0,0,0,0,0,0,0,0,0,0,,,,,,,,,,,,,,,4369,7912,3835,2370,6204,6512,3228,5092,6955,5746,7493,8894
'284321,Silver nitrate,0,0,0,0,0,0,0,0,0,0,0,0,,,,,,,,,,,,,,,1275,1129,839,2123,2,371,583,4,2157,928,2791,1577
'284443,"Radioactive elements and isotopes and compounds; alloys, dispersions incl. cermets, ceramic ...",0,0,0,0,0,0,0,0,0,0,0,0,,,,,,,,,,,,,,,0,0,0,0,0,0,0,0,0,0,0,0
'284690,"Compounds, inorganic or organic, of rare-earth metals, of yttrium or of scandium or of mixtures ...",0,0,0,0,0,0,0,0,0,0,0,0,,,,,,,,,,,,,,,381,514,196,587,516,195,642,1327,841,9467,233,633
'290211,Cyclohexane,0,0,0,0,0,0,0,0,0,0,0,0,,,,,,,,,,,,,,,781,728,826,535,2968,628,603,612,609,623,434,598
'290230,Toluene,0,0,0,0,0,0,0,0,0,0,0,0,,,,,,,,,,,,,,,23444,47562,26532,29873,24404,19684,25690,69027,37380,46585,57873,64059
'290250,Styrene,0,0,0,0,0,0,0,0,0,0,0,0,,,,,,,,,,,,,,,103745,98927,94025,115496,56468,71172,87283,104029,84960,84031,86865,61895
'290314,Carbon tetrachloride,0,0,0,0,0,0,0,0,0,0,0,0,,,,,,,,,,,,,,,0,0,0,0,0,0,0,0,0,0,0,0
'290321,"Vinyl chloride ""chloroethylene""",0,0,0,0,0,0,0,0,0,0,0,0,,,,,,,,,,,,,,,26228,15191,32084,28476,23005,33534,18513,31196,27245,24540,26316,35307
'290329,"Unsaturated chlorinated derivatives of acyclic hydrocarbons (excl. vinyl chloride ""chloroethylene"", ...",0,0,0,0,0,0,0,0,0,0,0,0,,,,,,,,,,,,,,,839,470,917,1254,1532,1283,1041,966,1639,1148,1279,1051
'290342,"Difluoromethane ""HFC-32""",0,0,0,0,0,0,0,0,0,0,0,0,,,,,,,,,,,,,,,2837,2204,0,712,0,0,485,0,1214,0,264,0
'290344,"Pentafluoroethane ""HFC-125"", 1,1,1-trifluoroethane ""HFC-143a"" and 1,1,2-trifluoroethane ""HFC-143""",0,0,0,0,0,0,0,0,0,0,0,0,,,,,,,,,,,,,,,645,0,328,217,0,0,0,966,497,1113,0,0
'290349,Saturated fluorinated derivatives of acyclic hydrocarbons (excl. products of 2903.41 to 2903.48),0,0,0,0,0,0,0,0,0,0,0,0,,,,,,,,,,,,,,,8,165,28,8,119,2,30,126,20,29,24,331
'290391,"Chlorobenzene, o-dichlorobenzene and p-dichlorobenzene",0,0,0,0,0,0,0,0,0,0,0,0,,,,,,,,,,,,,,,95,113,275,379,433,238,91,120,83,39,25,25
'290410,"Derivatives of hydrocarbons containing only sulpho groups, their salts and ethyl esters",0,0,0,0,0,0,0,0,0,0,0,0,,,,,,,,,,,,,,,1614,1571,1603,637,1239,1476,1472,1206,1391,1062,919,1870
'290420,Derivatives of hydrocarbons containing only nitro or nitroso groups,0,0,0,0,0,0,0,0,0,0,0,0,,,,,,,,,,,,,,,2221,2218,2884,1586,1721,1383,2661,2106,2719,2272,1592,2292
'290512,"Propan-1-ol ""propyl alcohol"" and propan-2-ol ""isopropyl alcohol""",0,0,0,0,0,0,0,0,0,0,0,0,,,,,,,,,,,,,,,6816,14188,8212,10810,9714,13186,10412,4527,5650,5849,9804,20080
'290545,Glycerol,0,0,0,0,0,0,0,0,0,0,0,0,,,,,,,,,,,,,,,11491,7048,10254,8785,11079,7206,8277,3992,4967,2973,3236,8918
'290612,"Cyclohexanol, methylcyclohexanols and dimethylcyclohexanols",0,0,0,0,0,0,0,0,0,0,0,0,,,,,,,,,,,,,,,57,83,31,31,61,61,56,86,57,113,0,0
'290899,"Halogenated, sulphonated, nitrated or nitrosated derivatives of phenols or phenol-alcohols ...",0,0,0,0,0,0,0,0,0,0,0,0,,,,,,,,,,,,,,,813,952,1615,1295,1500,662,511,352,241,548,320,613
'290941,"2,2'-Oxydiethanol ""diethylene glycol, digol""",0,0,0,0,0,0,0,0,0,0,0,0,,,,,,,,,,,,,,,2726,1983,3925,3336,5474,3237,1489,1116,2518,2319,2577,1203
'291090,"Epoxides, epoxyalcohols, epoxyphenols and epoxyethers, with a three-membered ring, and their ...",0,0,0,0,0,0,0,0,0,0,0,0,,,,,,,,,,,,,,,5177,4007,3826,4456,3195,2832,2938,3592,1171,929,2193,3287
'291249,"Aldehyde-alcohols, aldehyde-ethers, aldehyde-phenols and aldehydes with other oxygen function ...",0,0,0,0,0,0,0,0,0,0,0,0,,,,,,,,,,,,,,,1395,839,1508,1300,1372,1269,832,1084,1399,1190,2347,1660
'291511,Formic acid,0,0,0,0,0,0,0,0,0,0,0,0,,,,,,,,,,,,,,,1830,1560,1533,2623,2319,2573,1853,2048,857,1270,1556,1687
'291611,Acrylic acid and its salts,0,0,0,0,0,0,0,0,0,0,0,0,,,,,,,,,,,,,,,9323,4768,6177,8426,10742,6820,4929,4580,4094,5414,7156,4903
'291816,"Gluconic acid, its salts and esters",0,0,0,0,0,0,0,0,0,0,0,0,,,,,,,,,,,,,,,3079,2643,2270,2844,3519,3802,4275,3326,3065,3111,4190,4755
'292029,"Phosphite esters and their salts; their halogenated, sulphonated, nitrated or nitrosated derivatives ...",0,0,0,0,0,0,0,0,0,0,0,0,,,,,,,,,,,,,,,873,854,1221,1850,732,2038,1246,1171,1475,1638,891,2800
'292030,"Endosulfan ""ISO""",0,0,0,0,0,0,0,0,0,0,0,0,,,,,,,,,,,,,,,0,0,0,0,0,0,0,0,0,0,0,0
'292113,"2-""N,N-Diethylamino""ethylchloride hydrochloride",0,0,0,0,0,0,0,0,0,0,0,0,,,,,,,,,,,,,,,0,0,0,0,0,0,0,0,0,0,0,0
'292130,"Cyclanic, cyclenic or cycloterpenic mono- or polyamines, and their derivatives; salts thereof",0,0,0,0,0,0,0,0,0,0,0,0,,,,,,,,,,,,,,,5149,5657,4068,4741,4379,4132,4729,4120,4642,2725,5259,5515
'292149,"Aromatic monoamines and derivatives; salts thereof (excl. aniline, toluidines, diphenylamine, ...",0,0,0,0,0,0,0,0,0,0,0,0,,,,,,,,,,,,,,,2135,2742,5136,1233,2509,3548,2199,4603,3198,1297,1024,994
'292151,"o-Phenylenediamine, m-phenylenediamine, p-phenylenediamine or diaminotoluenes and their derivatives; ...",0,0,0,0,0,0,0,0,0,0,0,0,,,,,,,,,,,,,,,4739,4144,4758,3787,4189,2529,2143,3285,2893,2966,2389,3393
'292229,"Amino-naphthols and other amino-phenols, their ethers and esters; salts thereof (excl. those ...",0,0,0,0,0,0,0,0,0,0,0,0,,,,,,,,,,,,,,,15172,8064,10767,10954,9759,10023,5604,8054,7791,9212,11035,9328
'091099,"Spices (excl. pepper of the genus Piper, fruit of the genus Capsicum or of the genus Pimenta, ...",0,0,0,0,0,0,0,0,0,0,0,0,,,,,,,,,,,,,,,721,408,744,748,433,472,470,555,1021,1103,748,879
'100111,Durum wheat seed for sowing,0,0,0,0,0,0,0,0,0,0,0,0,,,,,,,,,,,,,,,0,0,0,0,0,0,0,0,0,0,0,0
'100620,Husked or brown rice,0,0,0,0,0,0,0,0,0,0,0,0,,,,,,,,,,,,,,,0,0,1,0,0,0,0,0,0,0,0,0
'110813,Potato starch,0,0,0,0,0,0,0,0,0,0,0,0,,,,,,,,,,,,,,,388,272,173,488,129,630,199,53,527,43,252,480
'110820,Inulin,0,0,0,0,0,0,0,0,0,0,0,0,,,,,,,,,,,,,,,752,66,355,529,677,743,714,935,51,142,892,550
'120230,"Groundnut seed, for sowing",0,0,0,0,0,0,0,0,0,0,0,0,,,,,,,,,,,,,,,0,0,0,0,0,0,0,0,0,0,0,0
'120730,Castor oil seeds,0,0,0,0,0,0,0,0,0,0,0,0,,,,,,,,,,,,,,,0,0,0,0,0,0,0,0,0,0,0,0
'120760,"Safflower ""Carthamus tinctorius"" seeds",0,0,0,0,0,0,0,0,0,0,0,0,,,,,,,,,,,,,,,0,0,0,0,260,0,0,0,44,0,0,0
'121300,"Cereal straw and husks, unprepared, whether or not chopped, ground, pressed or in the form ...",25,0,1046,826,182,0,0,0,0,0,183,0,,,,,,,,,,,,,,,27,3,1090,839,213,0,0,23,22,0,188,15
'090412,"Pepper of the genus Piper, crushed or ground",120,0,0,97,0,0,0,100,0,0,0,0,,,,,,,,,,,,,,,222,0,0,97,0,0,26,198,0,99,10,26
'090811,"Nutmeg, neither crushed nor ground",0,0,0,0,0,0,0,0,0,0,0,0,,,,,,,,,,,,,,,368,998,1158,504,1019,408,732,267,547,456,681,213
'090822,"Mace, crushed or ground",0,0,0,0,0,0,0,0,0,0,0,0,,,,,,,,,,,,,,,0,67,0,42,69,0,0,19,186,0,0,0
'090831,"Cardamoms, neither crushed nor ground",0,0,3,30,196,0,0,0,0,0,0,0,,,,,,,,,,,,,,,5043,4836,4813,3531,6391,4725,14323,14372,14571,11483,5612,9734
'281213,Phosphorus trichloride,0,0,0,0,0,0,0,0,0,0,0,0,,,,,,,,,,,,,,,0,0,0,0,0,0,0,0,0,0,0,0
'281610,Hydroxide and peroxide of magnesium,0,0,0,0,0,0,0,0,0,0,0,0,,,,,,,,,,,,,,,1037,418,1397,1304,1349,1044,912,452,833,441,710,895
'281640,"Oxides, hydroxides and peroxides, of strontium or barium",0,0,0,0,0,0,0,0,0,0,0,0,,,,,,,,,,,,,,,368,123,66,148,104,257,142,164,137,193,156,138
'282410,"Lead monoxide ""litharge, massicot""",0,0,0,0,0,0,0,0,0,0,0,0,,,,,,,,,,,,,,,0,0,2,22,0,0,1,0,0,10,1,27
'282630,"Sodium hexafluoroaluminate ""synthetic cryolite""",0,0,0,0,0,0,0,0,0,1,0,0,,,,,,,,,,,,,,,1082,760,431,877,314,394,405,464,297,242,209,380
'293211,Tetrahydrofuran,0,0,0,0,0,0,0,0,0,0,0,0,,,,,,,,,,,,,,,3850,2823,3522,4653,3778,5278,3504,3847,3756,5094,3878,6892
'293213,Furfuryl alcohol and tetrahydrofurfuryl alcohol,0,0,0,0,0,0,0,0,0,0,0,0,,,,,,,,,,,,,,,1127,670,1211,1269,1064,1713,983,879,1441,1145,1327,1239
'293311,"Phenazone ""antipyrin"" and its derivatives",0,0,0,0,0,0,0,0,0,0,0,0,,,,,,,,,,,,,,,283,31,53,50,0,342,119,235,320,97,2,125
'293353,"Allobarbital ""INN"", amobarbital ""INN"", barbital ""INN"", butalbital ""INN"", butobarbital ""INN"", ...",0,0,0,0,0,0,0,0,0,0,0,0,,,,,,,,,,,,,,,0,0,0,0,0,0,0,4,7,0,0,0
'293372,"Clobazam ""INN"" and methyprylon ""INN""",0,0,0,0,0,0,0,0,0,0,0,0,,,,,,,,,,,,,,,0,0,1343,357,0,999,0,410,200,30,549,79
'293391,"Alprazolam ""INN"", camazepam ""INN"", chlordiazepoxide ""INN"", clonazepam ""INN"", clorazepate, delorazepam ...",0,0,0,0,0,0,0,0,0,0,0,0,,,,,,,,,,,,,,,120,230,445,0,2,0,257,112,30,0,20,42
'293410,"Heterocyclic compounds containing an unfused thiazole ring, whether or not hydrogenated, in ...",0,0,0,0,0,0,0,0,0,0,0,0,,,,,,,,,,,,,,,4233,3027,3462,4283,3308,1552,3710,1931,2222,1154,1500,1816
'293499,"Nucleic acids and their salts, whether or not chemically defined; heterocyclic compounds (excl. ...",0,0,0,0,0,0,0,0,0,0,0,0,,,,,,,,,,,,,,,54766,45411,53843,60283,55847,59968,61601,68946,55211,57819,59597,71692
'293520,N-Ethylperfluorooctane sulphonamide,0,0,0,0,0,0,0,0,0,0,0,0,,,,,,,,,,,,,,,0,0,0,0,0,0,0,0,0,0,0,0
'293729,"Steroidal hormones, their derivatives and structural analogues, used primarily as hormones ...",0,0,0,0,0,0,0,0,0,0,0,0,,,,,,,,,,,,,,,8587,8588,11483,7047,9440,6973,7571,10302,10322,8330,8014,13435
'293911,"Concentrates of poppy straw; buprenorphine ""INN"", codeine, dihydrocodeine ""INN"", ethylmorphine, ...",0,0,0,0,0,0,0,0,0,0,0,0,,,,,,,,,,,,,,,31,1411,0,16,12,338,311,1082,2212,756,931,630
'300214,"Immunological products, mixed, not put up in measured doses or in forms or packings for retail ...",0,0,0,0,0,0,0,0,0,0,0,0,,,,,,,,,,,,,,,187,817,1574,698,1836,165,134,184,696,804,1618,328
'300241,Vaccines for human medicine,0,671,0,0,0,431,0,0,0,91,0,0,,,,,,,,,,,,,,,27271,20739,33385,32239,29925,54402,49075,63130,13575,27563,25277,31783
'300349,"Medicaments containing alkaloids or derivatives thereof, not containing hormones, steroids ...",0,0,0,0,0,0,0,0,0,0,0,0,,,,,,,,,,,,,,,0,9,0,0,8,0,0,0,0,0,0,0
'300432,"Medicaments containing corticosteroid hormones, their derivatives or structural analogues but ...",0,0,0,0,0,0,0,0,0,0,0,0,,,,,,,,,,,,,,,29,1482,97,373,2253,400,1105,1701,472,549,345,343
'300590,"Wadding, gauze, bandages and the like, e.g. dressings, adhesive plasters, poultices, impregnated ...",0,0,0,0,0,0,0,0,0,0,0,0,,,,,,,,,,,,,,,1807,2436,2774,1980,2164,1944,2459,1776,1918,2140,2944,1804
'310311,"Superphosphates containing by weight => 35 % of diphosphorus pentaoxide ""P2O5"" (excl. such ...",0,0,0,0,0,0,0,0,0,0,0,0,,,,,,,,,,,,,,,26207,28712,108052,21902,93672,74123,150055,33789,10509,0,4206,0
'310559,Mineral or chemical fertilisers containing the two fertilising elements nitrogen (excl. nitrate) ...,0,0,0,0,0,0,0,0,0,0,0,0,,,,,,,,,,,,,,,39185,27559,111309,103247,92727,77583,27836,66042,15958,123,418,0
'320120,Wattle extract,0,0,0,0,0,0,0,0,0,0,0,0,,,,,,,,,,,,,,,2007,2414,2444,1549,1256,1789,1416,1277,1321,926,2192,2020
'320416,Synthetic organic reactive dyes; preparations based on synthetic organic reactive dyes of a ...,0,0,0,1,0,0,0,0,0,0,0,0,,,,,,,,,,,,,,,2798,2557,2829,1824,2870,3204,1688,1638,1756,2988,2197,2877
'320418,Synthetic carotenoid colouring matters and preparations based thereon of a kind used to dye ...,0,0,0,0,0,0,0,0,0,0,0,0,,,,,,,,,,,,,,,2,112,32,129,58,171,348,295,128,68,351,24
'320620,Pigments and preparations of a kind used for colouring any material or used as ingredients ...,0,0,0,0,0,0,0,0,0,0,0,0,,,,,,,,,,,,,,,236,172,512,305,116,57,99,26,69,1,9,57
'320642,Lithopone and other pigments and preparations based on zinc sulphide of a kind used for colouring ...,0,0,0,0,0,0,0,0,0,0,0,0,,,,,,,,,,,,,,,246,199,156,166,173,109,87,132,266,250,186,158
'320810,"Paints and varnishes, incl. enamels and lacquers, based on polyesters, dispersed or dissolved ...",0,0,0,0,0,0,0,0,0,0,0,0,,,,,,,,,,,,,,,4240,4073,5005,4289,4049,4493,4851,3927,5455,3346,2448,4684
'292249,"Amino-acids and their esters; salts thereof (excl. those with > one kind of oxygen function, ...",0,0,0,0,0,0,0,0,0,0,0,0,,,,,,,,,,,,,,,14281,10555,13661,10001,10893,8374,10485,9131,12305,7871,9718,13053
'292390,"Quaternary ammonium salts and hydroxides (excl. choline and its salts, tetraethylammonium perfluorooctane ...",0,0,0,0,0,0,0,0,0,0,0,0,,,,,,,,,,,,,,,2296,2203,2468,1923,1982,2771,2219,3457,2441,2685,2035,2771
'292610,Acrylonitrile,0,0,0,0,0,0,0,0,0,0,0,0,,,,,,,,,,,,,,,18935,19439,21678,15627,20017,20929,20804,9693,13720,7295,14866,37016
'320910,"Paints and varnishes, incl. enamels and lacquers, based on acrylic or vinyl polymers, dispersed ...",0,0,0,0,0,0,0,34,0,0,0,0,,,,,,,,,,,,,,,3560,2688,2696,3680,3544,3851,3369,3602,3301,3000,2015,2674
'130211,Opium,0,0,0,0,0,0,0,0,0,0,0,0,,,,,,,,,,,,,,,0,0,0,0,0,0,0,0,0,0,0,0
'130213,Extracts of hops,0,0,0,0,0,0,0,0,0,0,0,0,,,,,,,,,,,,,,,988,12,1316,348,471,988,90,129,21,112,270,1679
'330710,"Shaving preparations, incl. pre-shave and aftershave products",0,0,0,0,0,0,0,0,0,0,0,0,,,,,,,,,,,,,,,81,149,60,97,16,43,32,84,21,37,148,59
'330790,"Depilatories and other perfumery, toilet or cosmetic preparations, n.e.s.",0,8,0,0,0,0,0,0,0,1,0,0,,,,,,,,,,,,,,,1279,506,1373,706,1044,1085,1248,1060,453,1201,805,1069
'340120,"Soap in the form of flakes, granules, powder, paste or in aqueous solution",0,0,0,0,0,0,0,0,0,0,0,0,,,,,,,,,,,,,,,11331,16323,11708,8902,7754,6830,7518,7984,6089,4577,6202,8722
'340249,"Organic surface-active agents, whether or not put up for retail sale (excl. soap, anionic, ...",0,0,0,0,0,0,0,0,0,0,0,0,,,,,,,,,,,,,,,3219,3050,2297,1864,1674,1892,2037,1688,1723,1259,2077,2528
'340250,"Surface-active preparations, washing preparations, auxiliary washing preparations and cleaning ...",0,0,0,0,0,0,0,0,0,0,0,0,,,,,,,,,,,,,,,325,368,382,461,413,268,339,309,291,385,198,659
'360200,Prepared explosives (excl. propellent powders),0,0,0,0,0,0,0,0,0,0,0,0,,,,,,,,,,,,,,,133,417,421,512,122,394,595,750,123,296,314,916
'370191,"Photographic plates and film in the flat, sensitised, unexposed, of any material other than ...",0,0,0,0,0,0,0,0,0,0,0,0,,,,,,,,,,,,,,,0,3,3,61,2,0,2,0,1,6,0,0
'370232,"Photographic film ""incl. instant print film"", in rolls, sensitised, unexposed, without perforations, ...",0,0,0,0,0,0,0,0,0,0,0,0,,,,,,,,,,,,,,,0,0,0,0,5,86,84,87,170,263,0,44
'370256,"Photographic film, sensitised, in rolls, unexposed, with perforations, for colour photography ...",0,0,0,0,0,0,0,0,0,0,0,0,,,,,,,,,,,,,,,38,0,0,0,0,0,36,0,0,0,0,1
'370310,"Photographic paper, paperboard and textiles, sensitised, unexposed, in rolls > 610 mm wide",0,0,0,0,0,0,0,0,0,0,0,0,,,,,,,,,,,,,,,0,0,0,0,0,2,0,0,0,0,0,0
'380120,Colloidal or semi-colloidal graphite,0,0,0,0,0,0,0,0,0,0,0,0,,,,,,,,,,,,,,,354,390,578,525,361,219,218,313,338,322,274,334
'380620,"Salts of rosin, of resin acids or of derivatives of rosin or resin acids (excl. salts of rosin ...",0,0,0,0,0,0,0,0,0,0,0,0,,,,,,,,,,,,,,,381,119,422,443,229,259,504,265,411,223,97,234
'380630,Ester gums,0,0,0,0,0,0,0,0,0,0,0,0,,,,,,,,,,,,,,,419,256,918,718,118,670,900,194,1100,729,766,638
'380690,"Derivatives of rosin, incl. salts of rosin adducts, and of resin acids, light and heavy resin ...",0,0,0,8,0,0,0,16,0,26,0,0,,,,,,,,,,,,,,,1195,1190,1981,1511,1435,1539,1221,1130,1694,1948,1433,1300
'381129,Prepared additives for oil lubricants not containing petroleum oil or bituminous mineral oil,0,0,0,0,0,0,0,0,0,0,0,0,,,,,,,,,,,,,,,2672,1554,3682,3295,3176,2405,1963,2049,2278,2518,2435,4036
'381519,"Supported catalysts, n.e.s. (excl. with precious metal, a precious-metal compound, nickel or ...",0,0,0,0,0,0,0,0,0,0,0,0,,,,,,,,,,,,,,,10516,12259,4875,8970,19410,26040,23642,20873,69550,26394,22058,18384
'382370,"Fatty alcohols, industrial",0,0,0,0,0,0,0,0,0,0,0,0,,,,,,,,,,,,,,,27554,27808,31107,45055,26600,20827,14727,22019,14315,33009,33014,44448
'382430,Non-agglomerated metal carbides mixed together or with metallic binders,0,0,0,0,0,0,0,0,0,0,0,0,,,,,,,,,,,,,,,2577,2627,2691,5001,2701,2038,3417,4480,3070,4199,4790,5034
'382549,"Waste organic solvents, non-halogenated",0,0,0,0,0,0,0,0,0,0,0,0,,,,,,,,,,,,,,,0,0,0,0,0,0,0,0,0,0,0,0
'350190,Caseinates and other casein derivatives; casein glues (excl. those put up for retail sale as ...,0,0,0,0,0,0,0,0,0,0,0,0,,,,,,,,,,,,,,,563,1994,599,1693,1514,550,1023,729,174,221,371,187
'390311,"Expansible polystyrene, in primary forms",0,0,0,0,0,0,0,0,0,0,0,0,,,,,,,,,,,,,,,179,270,328,321,290,83,221,307,81,495,313,138
'390521,"Vinyl acetate copolymers, in aqueous dispersion",0,0,0,0,0,0,0,0,0,42,0,0,,,,,,,,,,,,,,,5030,3556,4168,4611,4995,4332,3393,4636,3280,4066,5839,5121
'390530,"Poly""vinyl alcohol"", in primary forms, whether or not containing unhydrolyzed acetate groups",0,0,0,0,0,0,0,0,0,0,0,0,,,,,,,,,,,,,,,8116,7886,8783,9273,8047,7736,6050,6658,8570,6083,7294,7006
'390730,"Epoxide resins, in primary forms",0,0,0,0,15,0,0,0,3,0,65,0,,,,,,,,,,,,,,,24409,22038,25256,22548,24144,17911,23317,25702,32369,20777,19812,21048
'390810,"Polyamides-6, -11, -12, -6,6, -6,9, -6,10 or -6,12, in primary forms",0,49,43,45,22,21,36,22,68,21,43,0,,,,,,,,,,,,,,,55257,52688,55759,46356,46202,51915,42368,43365,50102,39702,49746,67765
'391510,"Waste, parings and scrap, of polymers of ethylene",0,0,0,0,0,0,0,0,0,0,0,0,,,,,,,,,,,,,,,1940,2220,2029,2821,1670,1701,1875,2199,1961,1597,1851,1853
'391590,"Waste, parings and scrap of plastics (excl. that of polymers of ethylene, styrene and vinyl ...",0,0,0,0,0,0,0,0,0,0,0,0,,,,,,,,,,,,,,,53,8,44,90,231,86,254,111,67,116,229,16
'392071,"Plates, sheets, film, foil and strip, of non-cellular regenerated cellulose, not reinforced, ...",0,0,0,0,0,0,0,0,0,0,0,0,,,,,,,,,,,,,,,156,667,606,686,463,293,365,511,530,178,520,325
'400249,"Chloroprene ""chlorobutadiene rubber, CR"", in primary forms or in plates, sheets or strip (excl. ...",0,0,0,0,0,0,0,0,0,0,0,0,,,,,,,,,,,,,,,8805,6321,10916,9040,8898,9436,5591,7186,10125,3104,7425,11061
'400270,"Ethylene-propylene diene rubber ""EPDM"", non-conjugated, in primary forms or in plates, sheets ...",0,0,0,0,0,0,0,0,0,0,0,0,,,,,,,,,,,,,,,13926,17073,16530,14794,15482,16861,12738,13876,12884,12510,14484,15315
'400829,"Rods, tubes and profile shapes, of non-cellular rubber",0,6,22,17,3,0,0,0,0,0,1,0,,,,,,,,,,,,,,,1272,1040,1249,879,1312,1212,1366,1117,1295,1350,1003,1323
'410229,"Raw skins of sheep or lambs, without wool on, fresh or salted, dried, limed or otherwise preserved, ...",0,0,0,0,0,0,0,0,0,0,0,0,,,,,,,,,,,,,,,38,0,109,55,239,2,48,163,0,77,0,108
'410419,"Hides and skins of bovine ""incl. buffalo"" or equine animals, in the wet state ""incl. wet-blue"", ...",151,0,0,0,0,0,0,0,0,0,0,0,,,,,,,,,,,,,,,2947,3036,2080,2909,3007,2544,1873,2289,2958,2829,2329,1836
'411330,"Leather further prepared after tanning or crusting ""incl. parchment-dressed leather"", of reptiles,, ...",0,0,0,0,0,0,0,0,0,0,0,0,,,,,,,,,,,,,,,9,16,0,0,0,5,7,1,1,28,15,0
'411390,"Leather further prepared after tanning or crusting ""incl. parchment-dressed leather"", of antelopes, ...",0,0,0,0,0,0,0,0,0,0,0,0,,,,,,,,,,,,,,,0,57,79,56,51,7,12,19,0,9,29,18
'420100,"Saddlery and harness for any animal, incl. traces, leads, knee pads, muzzles, saddle cloths, ...",0,0,2,0,5,12,0,0,0,0,11,0,,,,,,,,,,,,,,,320,128,262,139,283,559,301,203,606,213,246,205
'420212,"Trunks, suitcases, vanity cases, executive-cases, briefcases, school satchels and similar containers, ...",35,118,81,18,46,6,86,117,78,99,23,0,,,,,,,,,,,,,,,15281,14927,14260,14879,16918,12974,11516,15904,16316,15018,14766,11964
'420340,"Clothing accessories of leather or composition leather (excl. gloves, mittens and mitts, belts, ...",0,0,0,0,0,0,0,0,0,0,0,0,,,,,,,,,,,,,,,476,262,409,345,339,404,340,481,617,374,449,311
'430230,"Tanned or dressed whole furskins and pieces or cuttings thereof, assembled, without the addition ...",0,0,0,0,0,0,0,0,0,0,0,0,,,,,,,,,,,,,,,0,0,0,0,0,0,0,0,0,0,0,5
'440312,"Wood in the rough, treated with paint, stains, creosote or other preservatives, non-coniferous ...",0,0,0,0,0,0,0,0,0,0,0,0,,,,,,,,,,,,,,,445,261,247,271,387,222,0,116,0,0,0,0
'440322,"Pine ""Pinus spp."" in the rough, of which the smallest cross-sectional dimension is ...",0,0,0,0,0,0,0,0,0,0,0,0,,,,,,,,,,,,,,,8121,7391,3106,4088,7632,10095,5320,8482,6565,3983,8986,14108
'440324,"Fir ""Abies spp."" and spruce ""Picea spp."" in the rough, of which the smallest cross-sectional ...",0,0,0,0,0,0,0,0,0,0,0,0,,,,,,,,,,,,,,,0,0,0,0,0,0,0,28,0,42,0,71
'440396,"Birch ""Betula spp."" in the rough, of which no cross-sectional dimension is =>15 cm, whether ...",0,0,0,0,0,0,0,0,0,0,0,0,,,,,,,,,,,,,,,0,0,0,0,7,0,15,0,0,0,0,0
'440713,"S-P-F (spruce ""Picea spp."", pine ""Pinus spp."" and fir ""Abies spp."") sawn or chipped lengthwise, ...",0,0,0,0,0,0,0,0,0,0,0,0,,,,,,,,,,,,,,,62,85,28,0,276,62,122,279,340,39,0,222
'440721,"Mahogany ""Swietenia spp."", sawn or chipped lengthwise, sliced or peeled, whether or not planed, ...",0,0,0,0,0,0,0,0,0,0,0,0,,,,,,,,,,,,,,,0,70,0,94,0,97,52,57,39,47,42,43
'440726,"White lauan, white meranti, white seraya, yellow meranti and alan, sawn or chipped lengthwise, ...",0,0,0,0,0,0,0,0,0,0,0,0,,,,,,,,,,,,,,,84,122,50,10,59,2,19,238,12,0,0,0
'440728,"Iroko, sawn or chipped lengthwise, sliced or peeled, whether or not planed, sanded or end-jointed, ...",0,0,0,0,0,0,0,0,0,0,0,0,,,,,,,,,,,,,,,0,0,0,45,0,135,0,67,53,0,0,0
'440792,"Beech ""Fagus spp."", sawn or chipped lengthwise, sliced or peeled, whether or not planed, sanded ...",0,0,0,0,0,0,0,0,0,0,0,0,,,,,,,,,,,,,,,942,1181,811,1881,1951,1704,1418,1215,1819,1132,931,1347
'441252,"Blockboard, laminboard and battenboard, with at least one outer ply of non-coniferous wood ...",0,0,0,0,0,0,0,0,0,0,0,0,,,,,,,,,,,,,,,0,0,0,0,0,0,0,0,0,0,0,0
'441259,"Blockboard, laminboard and battenboard, with both outer plies of coniferous wood (excl. of ...",0,0,0,0,0,0,0,0,0,0,0,0,,,,,,,,,,,,,,,0,0,0,0,0,0,0,16,0,0,0,0
'441291,"Laminated wood with at least one outer ply of tropical wood (excl. of bamboo, plywood consisting ...",0,0,0,0,0,46,18,30,35,19,13,0,,,,,,,,,,,,,,,0,0,0,0,0,46,18,63,35,19,13,45
'441829,"Doors and their frames and thresholds, of wood (excl. of tropical wood)",0,0,0,0,0,0,0,0,0,0,0,0,,,,,,,,,,,,,,,182,354,312,407,264,452,173,318,385,318,296,297
'441879,"Flooring panels, assembled, of wood other than bamboo (excl. multilayer panels and panels for ...",20,10,0,16,0,0,0,42,0,15,19,0,,,,,,,,,,,,,,,1604,1544,1287,1276,1385,1752,1069,1140,1176,1132,1201,537
'441881,"Glue-laminated timber ""glulam""",0,0,0,0,0,0,0,0,0,0,0,0,,,,,,,,,,,,,,,7,13,27,0,14,0,5,8,0,0,0,106
'441883,"I beams, of wood",0,0,0,0,0,0,0,0,0,0,0,0,,,,,,,,,,,,,,,0,0,0,0,0,52,0,0,0,88,87,43
'441891,"Builders' joinery and carpentry, of bamboo (excl. windows, French windows and their frames, ...",0,0,0,0,0,0,0,0,0,0,0,0,,,,,,,,,,,,,,,0,0,3,3,0,0,0,0,0,0,0,3
'441911,"Bread boards, chopping boards and similar boards, of bamboo",0,0,0,0,0,0,0,0,0,0,0,0,,,,,,,,,,,,,,,259,127,182,479,291,199,264,230,227,171,243,205
'442199,"Articles of wood, n.e.s.",0,0,8,8,0,7,18,8,34,3,0,0,,,,,,,,,,,,,,,1577,1352,1205,1178,992,1171,911,1079,1460,1664,2826,1631
'450110,"Natural cork, raw or simply prepared ""merely surface-worked or otherwise cleaned""",0,0,0,0,0,0,0,0,0,0,0,0,,,,,,,,,,,,,,,22,0,44,17,6,0,0,1,0,1,73,0
'450410,"Tiles of any shape, blocks, plates, sheets and strip, solid cylinders, incl. discs, of agglomerated ...",0,0,0,0,0,0,0,0,0,0,0,0,,,,,,,,,,,,,,,217,120,227,378,159,346,565,479,254,256,409,163
'450490,"Agglomerated cork, with or without a binding substance, and articles of agglomerated cork (excl. ...",0,0,0,0,0,0,0,0,0,0,0,0,,,,,,,,,,,,,,,48,120,123,79,139,98,214,140,185,128,138,170
'470311,"Unbleached coniferous chemical wood pulp, soda or sulphate (excl. dissolving grades)",0,0,0,0,0,0,0,0,0,0,0,0,,,,,,,,,,,,,,,3188,2832,3692,4399,3479,2886,3312,5003,3987,1145,1910,3287
'480256,"Uncoated paper and paperboard, of a kind used for writing, printing or other graphic purposes, ...",0,0,0,0,0,0,0,0,0,0,0,0,,,,,,,,,,,,,,,3454,3429,3679,3905,3978,5259,5743,4381,7442,4569,3074,2103
'480258,"Uncoated paper and paperboard, of a kind used for writing, printing or other graphic purposes, ...",0,0,0,0,0,2,0,0,0,0,0,0,,,,,,,,,,,,,,,866,718,734,947,724,729,779,799,773,991,683,668
'480431,"Unbleached kraft paper and paperboard, uncoated, in rolls of a width > 36 cm or in square or ...",0,0,0,0,0,0,0,0,0,0,0,0,,,,,,,,,,,,,,,2486,2556,2418,2832,1981,1960,2877,2209,2543,2390,1777,2510
'480511,"Semi-chemical fluting paper, uncoated, in rolls of a width > 36 cm",0,0,0,0,0,0,0,0,0,0,0,0,,,,,,,,,,,,,,,630,522,887,726,816,915,1374,912,1811,1080,706,770
'480591,"Paper and paperboard, uncoated, in rolls of a width > 36 cm or in square or rectangular sheets ...",0,0,0,0,0,0,0,0,0,0,0,0,,,,,,,,,,,,,,,17517,11431,11613,9323,9568,10081,10143,7237,8036,8974,7733,7312
'480630,"Tracing papers, in rolls of a width > 36 cm or in square or rectangular sheets with one side ...",0,0,0,0,0,0,0,0,0,0,0,0,,,,,,,,,,,,,,,57,172,250,147,319,153,255,104,220,220,85,271
'480920,"Self-copy paper, whether or not printed, in rolls of a width > 36 cm or in square or rectangular ...",0,0,0,0,0,0,0,0,0,0,0,0,,,,,,,,,,,,,,,260,113,485,198,213,277,144,267,222,125,193,205
'481032,"Kraft paper and paperboard, bleached uniformly throughout the mass and containing > 95% chemically ...",0,0,0,0,0,0,0,0,0,0,0,0,,,,,,,,,,,,,,,1,15,34,121,75,64,113,46,0,0,0,0
'481151,"Paper and paperboard, surface-coloured, surface-decorated or printed, coated, impregnated or ...",0,0,0,0,0,0,0,0,0,0,0,0,,,,,,,,,,,,,,,4299,2837,3756,5074,5859,6674,6164,8235,6174,5180,6352,5842
'481200,"Filter blocks, slabs and plates, of paper pulp",0,0,0,0,0,0,0,0,0,0,0,0,,,,,,,,,,,,,,,528,375,425,354,452,390,164,142,193,464,106,433
'440921,"Bamboo, incl. strips and friezes for parquet flooring, not assembled, continuously shaped ""tongued, ...",0,0,0,0,0,0,0,0,0,0,0,0,,,,,,,,,,,,,,,278,177,1160,795,168,143,179,0,89,77,59,24
'441011,"Particle board of wood, whether or not agglomerated with resins or other organic binding substances ...",0,0,0,0,0,0,0,0,0,0,0,0,,,,,,,,,,,,,,,598,259,272,397,430,365,684,434,277,336,416,513
'441090,"Board of bagasse, bamboo or cereal straw particles or other ligneous materials, whether or ...",0,0,0,0,0,0,0,0,0,0,0,0,,,,,,,,,,,,,,,77,34,34,58,61,86,90,22,18,97,242,56
'481710,Envelopes of paper or paperboard (excl. letter cards),0,0,0,0,0,0,0,0,0,0,0,0,,,,,,,,,,,,,,,162,163,150,112,123,159,89,108,134,96,178,222
'481810,Toilet paper in rolls of a width of <= 36 cm,0,0,0,0,0,0,0,0,0,0,0,0,,,,,,,,,,,,,,,118,66,261,212,146,133,92,129,122,215,166,241
'481960,"Box files, letter trays, storage boxes and similar articles, of paperboard, of a kind used ...",0,0,0,0,0,0,0,0,0,0,0,0,,,,,,,,,,,,,,,45,22,70,155,50,17,24,51,59,32,42,10
'482369,"Trays, dishes, plates, cups and the like, of paper or paperboard (excl. of bamboo paper or ...",0,0,0,0,0,0,0,0,0,0,0,0,,,,,,,,,,,,,,,436,397,521,568,455,254,234,245,168,153,199,192
'490300,"Children's picture, drawing or colouring books",0,0,0,0,0,0,0,0,0,0,0,0,,,,,,,,,,,,,,,511,306,622,375,474,413,613,414,501,473,533,318
'490590,"Maps and hydrographic or similar charts of all kinds, incl. atlases, wall maps, topographical ...",0,0,0,0,0,0,0,0,0,0,0,0,,,,,,,,,,,,,,,1,33,8,1,9,1,1,8,2,1,1,10
'491110,"Trade advertising material, commercial catalogues and the like",5,0,0,0,0,11,0,13,0,1,0,0,,,,,,,,,,,,,,,1750,1059,3510,2035,1252,2200,1138,1164,916,4915,1484,806
'491191,"Pictures, prints and photographs, n.e.s.",0,0,0,0,0,0,0,1,0,0,0,0,,,,,,,,,,,,,,,259,95,227,214,185,388,127,245,348,309,143,173
'500600,"Silk yarn and yarn spun from silk waste, put up for retail sale; silkworm gut",0,0,0,0,0,0,0,0,0,0,0,0,,,,,,,,,,,,,,,127,5,356,3,108,167,21,36,12,45,37,34
'500790,"Woven fabrics containing predominantly, but < 85% silk or silk waste by weight",0,0,0,0,0,0,0,0,0,0,0,0,,,,,,,,,,,,,,,272,173,159,212,41,85,337,210,87,183,78,61
'510119,"Greasy wool, incl. fleece-washed wool, neither carded nor combed (excl. shorn wool)",0,0,0,0,0,0,0,0,0,0,0,0,,,,,,,,,,,,,,,1125,1838,1589,1682,1865,834,981,862,1018,778,863,1015
'510219,"Fine animal hair, neither carded nor combed (excl. wool and hair of Kashmir ""cashmere"" goats)",0,0,0,0,0,0,0,0,0,0,0,0,,,,,,,,,,,,,,,41,0,12,26,42,84,0,239,0,139,82,0
'510320,"Waste of wool or of fine animal hair, incl. yarn waste (excl. noils and garnetted stock)",0,0,0,0,0,0,0,0,0,0,0,0,,,,,,,,,,,,,,,0,0,0,1,0,1,1,0,0,0,0,0
'510510,"Wool, carded",0,0,0,0,0,0,0,0,0,0,0,0,,,,,,,,,,,,,,,27,29,0,18,0,23,0,0,9,0,0,0
'510529,"Wool, combed (excl. that in fragments ""open tops"")",0,0,0,0,0,0,0,0,0,0,0,0,,,,,,,,,,,,,,,2079,2308,3766,2255,2251,1242,1485,1815,2479,3343,2463,2959
'510720,"Yarn of combed wool containing predominantly, but < 85% wool by weight (excl. that put up for ...",13,0,0,0,0,0,0,0,0,0,0,0,,,,,,,,,,,,,,,25,22,38,1,9,7,19,7,375,121,65,17
'520911,"Plain woven fabrics of cotton, containing >= 85% cotton by weight and weighing > 200 g/m_, ...",0,0,0,0,0,0,0,0,0,0,0,0,,,,,,,,,,,,,,,32,70,280,95,39,27,100,255,91,59,0,36
'520949,"Woven fabrics of cotton, containing >= 85% cotton by weight and weighing > 200 g/m_, made of ...",0,0,0,0,0,0,0,0,0,0,0,0,,,,,,,,,,,,,,,61,0,17,8,118,8,63,70,146,6,10,6
'521120,"Woven fabrics of cotton, containing predominantly, but < 85% cotton by weight, mixed principally ...",0,0,0,0,0,0,0,0,0,0,0,0,,,,,,,,,,,,,,,1,23,23,11,0,1,25,108,20,0,263,459
'521139,"Woven fabrics of cotton, containing predominantly, but < 85% cotton by weight, mixed principally ...",27,70,95,231,128,94,0,60,21,29,0,0,,,,,,,,,,,,,,,323,557,257,389,257,269,151,365,252,58,82,391
'521215,"Woven fabrics of cotton, containing predominantly, but < 85% cotton by weight, other than those ...",0,0,0,0,0,0,0,0,0,0,0,0,,,,,,,,,,,,,,,21,5,2,50,17,18,60,0,41,84,0,0
'530390,"Jute and other textile bast fibres, processed but not spun; tow and waste of such fibres, incl. ...",0,0,0,0,0,0,0,0,0,0,0,0,,,,,,,,,,,,,,,47,50,0,0,131,222,97,116,361,1698,1968,4479
'530710,Single yarn of jute or of other textile bast fibres of heading 5303,0,0,0,0,0,0,0,0,0,0,0,0,,,,,,,,,,,,,,,4126,2464,29,304,1025,2311,2140,1573,3496,5605,3520,5230
'530921,"Woven fabrics of flax, containing predominantly, but < 85% flax by weight, unbleached or bleached",0,0,0,0,0,0,0,0,0,0,0,0,,,,,,,,,,,,,,,41,2,122,9,198,93,43,341,101,2,173,182
'531010,"Woven fabrics of jute or of other textile bast fibres of heading 5303, unbleached",0,0,0,0,0,0,0,0,0,0,0,0,,,,,,,,,,,,,,,8489,6698,3720,4894,4827,4609,6933,5496,8343,5900,5236,5225
'540231,"Textured filament yarn of nylon or other polyamides, with a linear density of <= 50 tex per ...",1,0,0,5,0,0,0,0,1,0,1,0,,,,,,,,,,,,,,,490,561,727,645,630,474,630,694,568,478,614,974
'520526,"Single cotton yarn, of combed fibres, containing >= 85% cotton by weight and with a linear ...",0,0,13,0,1,0,0,0,0,0,0,0,,,,,,,,,,,,,,,0,0,59,0,1,0,0,0,0,0,0,0
'520528,"Single cotton yarn, of combed fibres, containing >= 85% cotton by weight and with a linear ...",0,0,0,0,0,0,0,0,0,0,0,0,,,,,,,,,,,,,,,0,1,0,0,114,345,454,230,113,391,111,0
'520615,"Single cotton yarn containing predominantly, but < 85% cotton by weight, of uncombed fibres ...",0,0,0,0,0,0,0,0,0,0,0,0,,,,,,,,,,,,,,,0,0,0,0,0,0,0,0,0,0,0,0
'520632,"Multiple ""folded"" or cabled cotton yarn containing predominantly, but < 85% cotton by weight, ...",0,0,0,0,0,0,0,0,0,0,0,0,,,,,,,,,,,,,,,0,0,0,47,1,0,0,0,0,0,1,0
'520644,"Multiple ""folded"" or cabled cotton yarn containing predominantly, but < 85% cotton by weight, ...",0,0,0,0,0,0,0,0,0,0,0,0,,,,,,,,,,,,,,,0,0,0,0,0,0,0,0,0,0,0,0
'540331,"Yarn of viscose rayon filament, incl. monofilament of < 67 decitex, single, untwisted or with ...",0,0,0,0,0,0,0,0,0,0,0,0,,,,,,,,,,,,,,,16225,26125,29990,34207,55388,41983,33021,38667,33263,29461,35884,39258
'540412,Polypropylene monofilament of >= 67 decitex and with a cross sectional dimension of <= 1 mm ...,0,0,0,0,0,0,0,0,25,0,0,0,,,,,,,,,,,,,,,339,173,287,233,182,165,201,137,208,155,158,113
'540773,"Woven fabrics of yarn containing >= 85% synthetic filament by weight, incl. monofilament of ...",0,0,0,0,0,0,0,0,0,0,0,0,,,,,,,,,,,,,,,137,59,222,137,46,106,64,183,70,84,187,98
'540791,"Woven fabrics of yarn containing predominantly, but < 85% synthetic filament by weight, incl. ...",0,0,0,0,0,0,0,0,0,0,0,0,,,,,,,,,,,,,,,0,0,0,6,182,149,0,69,0,7,68,0
'540792,"Woven fabrics of yarn containing predominantly, but < 85% synthetic filament by weight, incl. ...",12,0,0,0,0,8,0,6,0,0,2,0,,,,,,,,,,,,,,,358,905,1646,1937,1195,1857,1249,1103,2132,918,567,1541
'540810,"Woven fabrics of high-tenacity viscose yarn, incl. monofilament of >= 67 decitex and a maximum ...",0,0,0,0,0,0,0,0,0,0,0,0,,,,,,,,,,,,,,,216,187,122,72,178,216,243,217,32,1,66,165
'540823,"Woven fabrics of yarn containing >= 85% artificial filament by weight, incl. monofilament of ...",0,0,0,0,0,0,0,0,0,0,0,0,,,,,,,,,,,,,,,25,14,45,40,10,55,60,29,13,21,11,44
'540834,"Woven fabrics of yarn containing predominantly, but < 85% artificial filament by weight, incl. ...",0,0,0,0,0,0,0,0,0,0,0,0,,,,,,,,,,,,,,,157,42,45,169,42,49,104,41,209,61,8,68
'550490,"Artificial staple fibres, not carded, combed or otherwise processed for spinning (excl. those ...",0,0,0,0,0,0,0,0,0,0,0,0,,,,,,,,,,,,,,,1513,2496,2093,670,1500,2642,1093,2568,9943,7783,9056,4838
'550640,"Staple fibres of polypropylene, carded, combed or otherwise processed for spinning",0,0,0,0,0,0,0,0,0,0,0,0,,,,,,,,,,,,,,,15,0,0,0,0,0,0,0,0,0,0,0
'550962,"Yarn containing predominantly, but < 85% acrylic or modacrylic staple fibres by weight, mixed ...",0,0,0,0,0,0,0,0,0,0,0,0,,,,,,,,,,,,,,,0,0,0,0,0,0,0,0,0,0,0,0
'551311,"Plain woven fabrics containing predominantly, but < 85% polyester staple fibres by weight, ...",0,0,0,0,0,0,0,0,0,0,0,0,,,,,,,,,,,,,,,107,52,161,0,163,363,10,12,57,151,17,16
'551412,"Woven fabrics containing predominantly, but < 85% polyester staple fibres by weight, mixed ...",0,0,0,0,0,0,0,0,0,0,0,0,,,,,,,,,,,,,,,1,14,13,0,0,60,0,16,0,0,0,14
'551419,"Woven fabrics containing predominantly, but < 85% synthetic staple fibres by weight, mixed ...",0,0,0,0,0,0,0,0,0,0,0,0,,,,,,,,,,,,,,,0,14,21,47,15,109,0,29,32,0,0,6
'551422,"Woven fabrics containing predominantly, but < 85% polyester staple fibres by weight, mixed ...",1,0,0,0,28,8,0,0,0,0,0,0,,,,,,,,,,,,,,,253,17,53,86,219,26,191,271,263,605,122,387
'551449,"Woven fabrics containing predominantly, but < 85% synthetic staple fibres by weight, mixed ...",0,0,0,0,0,0,0,0,0,0,0,0,,,,,,,,,,,,,,,0,0,0,1,0,0,0,0,0,1,0,0
'551622,"Woven fabrics containing predominantly, but < 85% artificial staple fibres, mixed principally ...",0,0,0,0,0,0,0,0,0,0,0,0,,,,,,,,,,,,,,,75,92,357,246,125,98,298,631,411,327,270,136
'570420,"Floor tiles, of felt, not tufted or flocked, with an area of > 0,3 m_ but <= 1 m_",0,0,0,0,0,0,0,0,0,0,0,0,,,,,,,,,,,,,,,0,0,0,0,11,0,0,0,0,0,0,21
'580300,Gauze (excl. narrow woven fabrics of heading 5806),0,0,0,0,0,0,0,0,0,0,0,0,,,,,,,,,,,,,,,136,291,120,296,170,202,131,250,176,97,218,51
'591132,"Textile fabrics and felts, endless or fitted with linking devices, of a kind used in papermaking ...",0,0,0,0,0,0,0,0,0,0,0,0,,,,,,,,,,,,,,,1274,1168,1879,1311,1248,1203,1347,1553,1462,962,1175,1344
'591140,"Filtering or straining cloth of a kind used in oil-presses or for similar technical purposes, ...",5,0,0,0,0,0,0,0,0,0,0,0,,,,,,,,,,,,,,,259,269,288,360,322,268,222,312,135,279,354,158
'600110,"""Long pile"" fabrics, knitted or crocheted",0,38,0,19,0,0,0,0,0,0,0,0,,,,,,,,,,,,,,,1147,2932,4567,3638,4874,5067,2828,2174,1855,2217,1739,780
'600122,"Looped pile fabrics of man-made fibres, knitted or crocheted",0,0,0,0,3,0,0,1,2,0,0,0,,,,,,,,,,,,,,,731,705,662,529,395,242,251,272,513,779,699,167
'600290,"Knitted or crocheted fabrics, of a width of <= 30 cm, containing >= 5% by weight elastomeric ...",0,0,0,0,0,0,0,0,0,0,0,0,,,,,,,,,,,,,,,12,54,8,2,33,44,24,7,44,22,48,11
'600522,"Dyed cotton warp knit fabrics ""incl. those made on galloon knitting machines"", of a width of ...",0,0,0,0,0,0,0,0,0,0,0,0,,,,,,,,,,,,,,,33,61,95,31,59,69,60,17,25,43,233,24
'600524,"Printed cotton warp knit fabrics ""incl. those made on galloon knitting machines"", of a width ...",0,0,0,0,0,0,0,0,0,0,0,0,,,,,,,,,,,,,,,4,0,0,0,0,0,0,0,0,0,0,0
'610190,"Overcoats, car coats, capes, cloaks, anoraks, incl. ski jackets, windcheaters, wind-jackets ...",0,0,0,0,0,0,0,0,0,0,0,0,,,,,,,,,,,,,,,14,87,59,38,68,34,151,13,28,85,1,45
'610332,"Men's or boys' jackets and blazers of cotton, knitted or crocheted (excl. wind-jackets and ...",0,0,0,0,0,0,0,0,0,0,0,0,,,,,,,,,,,,,,,2,3,24,75,300,375,96,54,72,15,36,40
'610431,"Women's or girls' jackets and blazers of wool or fine animal hair, knitted or crocheted (excl. ...",0,0,0,0,1,0,0,0,0,0,0,0,,,,,,,,,,,,,,,0,2,5,1,3,9,5,7,0,0,0,0
'610839,"Women's or girls' nightdresses and pyjamas of textile materials, knitted or crocheted (excl. ...",0,0,0,0,3,1,0,0,0,0,0,0,,,,,,,,,,,,,,,195,112,158,124,161,241,151,176,172,255,218,58
'610891,"Women's or girls' négligés, bathrobes, dressing gowns, housejackets and similar articles of ...",0,0,0,0,2,0,0,0,0,0,0,0,,,,,,,,,,,,,,,35,8,7,9,6,1,5,2,0,9,5,32
'611300,"Garments, knitted or crocheted, rubberised or impregnated, coated or covered with plastics ...",67,0,0,57,57,180,0,0,58,0,32,0,,,,,,,,,,,,,,,76,20,42,74,147,270,171,398,271,97,61,14
'611599,"Full-length or knee-length stockings, socks and other hosiery, incl. footwear without applied ...",0,0,0,0,3,0,0,0,0,0,0,0,,,,,,,,,,,,,,,598,864,778,929,1100,1124,961,994,672,556,406,432
'611692,"Gloves, mittens and mitts, of cotton, knitted or crocheted (excl. impregnated, coated, covered ...",0,0,0,0,0,0,0,0,0,0,0,0,,,,,,,,,,,,,,,59,15,49,48,45,58,35,17,29,7,29,3
'620329,"Men's or boys' ensembles of textile materials (excl. of cotton or synthetic fibres, knitted ...",0,0,0,0,0,0,0,0,0,0,0,0,,,,,,,,,,,,,,,0,0,3,2,6,5,3,2,2,7,1,2
'620431,"Women's or girls' jackets and blazers of wool or fine animal hair (excl. knitted or crocheted, ...",0,0,0,0,0,0,0,0,0,0,0,0,,,,,,,,,,,,,,,63,54,53,63,93,137,110,143,81,42,57,48
'620711,Men's or boys' underpants and briefs of cotton (excl. knitted or crocheted),0,1,12,5,5,5,10,0,3,4,1,0,,,,,,,,,,,,,,,29,50,124,58,41,61,55,84,22,46,32,28
'620819,"Women's or girls' slips and petticoats of textile materials (excl. man-made fibres, knitted ...",0,0,0,0,0,0,0,0,0,0,0,0,,,,,,,,,,,,,,,1,2,12,22,20,12,11,10,14,19,39,12
'621120,Ski suits (excl. knitted or crocheted),0,0,0,0,0,0,0,0,0,0,0,0,,,,,,,,,,,,,,,4,0,0,0,1,0,11,1,0,2,0,1
'621139,"Men's or boys' tracksuits and other garments, n.e.s. of textile materials (excl. of cotton ...",0,0,0,0,0,0,0,0,0,0,0,0,,,,,,,,,,,,,,,81,135,15,46,20,46,17,22,10,31,19,25
'621149,"Women's or girls' tracksuits and other garments, n.e.s. of textile materials (excl. of cotton ...",5,7,0,0,0,0,0,0,14,0,0,0,,,,,,,,,,,,,,,392,166,188,268,138,454,64,284,121,323,137,726
'621490,"Shawls, scarves, mufflers, mantillas, veils and similar articles of textile materials (excl. ...",0,0,0,0,0,0,0,0,0,0,0,0,,,,,,,,,,,,,,,33,12,23,10,37,18,50,16,19,18,25,48
'630590,"Sacks and bags, for the packing of goods, of textile materials (excl. man-made, cotton, jute ...",0,0,0,0,0,0,0,0,0,0,0,0,,,,,,,,,,,,,,,39,52,116,65,84,123,39,72,86,28,83,41
'630900,"Worn clothing and clothing accessories, blankets and travelling rugs, household linen and articles ...",0,0,0,0,0,0,0,0,0,0,0,0,,,,,,,,,,,,,,,7396,8844,9005,9140,7797,7378,6039,6961,6103,5597,4471,7015
'640420,Footwear with outer soles of leather or composition leather and uppers of textile materials ...,1,0,0,0,0,0,0,0,0,0,0,0,,,,,,,,,,,,,,,59,92,97,42,46,128,79,129,75,61,104,181
'660191,Umbrellas having a telescopic shaft (excl. toy umbrellas),0,0,0,0,0,0,0,0,0,0,0,0,,,,,,,,,,,,,,,915,266,125,146,116,193,213,58,250,207,416,1404
'670419,"False beards, eyebrows and eyelashes, switches and the like, of synthetic textile materials ...",0,0,0,0,0,0,0,0,0,0,0,0,,,,,,,,,,,,,,,18,43,85,95,65,88,88,100,94,89,103,64
'680210,"Tiles, cubes and other processed articles of natural stone, incl. slate, for mosaics and the ...",0,0,0,0,0,0,0,0,0,0,0,0,,,,,,,,,,,,,,,4,3,22,7,10,116,19,0,6,6,28,14
'680223,"Granite and articles thereof, simply cut or sawn, with a flat or even surface (excl. with a ...",0,0,0,0,0,0,0,0,0,0,0,0,,,,,,,,,,,,,,,569,155,200,349,37,156,208,124,161,47,1,207
'680229,"Monumental or building stone and articles thereof, simply cut or sawn, with a flat or even ...",0,0,0,0,0,0,0,0,20,0,0,0,,,,,,,,,,,,,,,9,116,302,138,94,102,44,170,26,33,96,33
'681299,Fabricated asbestos fibres; mixtures with a basis of asbestos or with a basis of asbestos and ...,0,0,0,0,0,0,0,0,0,0,0,0,,,,,,,,,,,,,,,122,72,142,191,228,180,100,199,120,176,117,194
'681389,"Friction material and articles thereof, e.g. sheets, rolls, strips, segments, discs, washers ...",0,0,0,0,0,0,0,0,0,0,0,0,,,,,,,,,,,,,,,3122,8212,5591,6267,6430,5657,3336,4569,4921,3460,3771,4737
'690290,"Refractory bricks, blocks, tiles and similar refractory ceramic constructional goods (excl. ...",0,0,9,0,0,0,0,0,0,0,0,0,,,,,,,,,,,,,,,7216,3726,4586,5056,5370,5275,3727,6008,7907,6350,4034,7857
'690410,"Building bricks (excl. those of siliceous fossil meals or similar siliceous earths, and refractory ...",14,0,19,23,0,0,0,0,0,18,0,0,,,,,,,,,,,,,,,14,1,19,23,24,14,12,21,0,18,0,17
'690600,"Ceramic pipes, conduits, guttering and pipe fittings (excl. of siliceous fossil meals or similar ...",0,0,0,0,0,0,0,0,0,0,0,0,,,,,,,,,,,,,,,61,15,12,37,19,85,44,48,50,29,5,21
'690740,Finishing ceramics (excl. refractory),0,0,0,0,0,0,0,0,0,0,0,0,,,,,,,,,,,,,,,38,28,58,14,88,114,19,26,73,32,52,64
'690912,"Ceramic articles having a hardness equivalent to >= 9 on the Mohs scale, for chemical or other ...",0,0,0,0,0,0,0,0,0,0,0,0,,,,,,,,,,,,,,,1533,1909,2675,1918,1507,1846,2442,2355,1810,2545,2157,1835
'691410,"Ceramic articles of porcelain or china, n.e.s.",0,0,0,0,0,0,0,0,0,0,0,0,,,,,,,,,,,,,,,87,64,38,74,139,87,143,126,39,63,78,102
'700600,"Sheets or profiles of glass, whether or not having an absorbent, reflecting or non-reflecting ...",0,0,0,0,0,0,0,4,0,0,0,0,,,,,,,,,,,,,,,38,41,24,57,91,156,118,220,139,201,81,151
'700729,"Laminated safety glass (excl. glass of size and shape suitable for incorporation in motor vehicles, ...",0,0,0,0,0,0,0,0,0,1,0,0,,,,,,,,,,,,,,,262,218,185,164,190,365,182,1349,176,368,261,469
'701010,Glass ampoules,0,0,0,0,0,0,0,0,0,0,0,0,,,,,,,,,,,,,,,1100,1328,968,1172,773,907,1006,930,1173,1002,757,853
'701399,"Glassware of a kind used for toilet, office, indoor decoration or similar purposes (excl. glassware ...",0,0,0,0,0,0,0,17,0,0,0,0,,,,,,,,,,,,,,,2801,2547,3040,4745,3958,4118,2622,3147,3780,3591,3534,3791
'701400,"Signalling glassware and optical elements of glass, not optically worked (excl. clock or watch ...",0,0,0,0,0,0,0,0,0,0,0,0,,,,,,,,,,,,,,,1042,1395,1725,2164,2217,1680,1536,2303,1216,2010,1685,3986
'701919,"Glass fibre cakes ""textile cakes"" and chopped glass fibre strands of a length >50mm",0,0,0,0,0,0,0,0,0,0,0,0,,,,,,,,,,,,,,,4143,2277,3079,3519,2081,2792,2556,2625,2629,2053,2318,3529
'701964,"Closed woven fabrics, plain weave, of glass fibre yarns, coated or laminated",0,0,0,0,0,0,0,0,0,0,0,0,,,,,,,,,,,,,,,542,757,1197,465,512,523,1160,910,693,494,1080,676
'701973,Chemically bonded open fabrics of glass fibres (excl. veils),0,0,0,0,0,0,0,0,0,0,0,0,,,,,,,,,,,,,,,14,104,72,81,0,19,56,16,2,0,12,0
'710421,"Diamonds, synthetic or reconstructed, unworked or simply sawn or roughly shaped",0,0,0,0,0,0,0,0,0,0,0,0,,,,,,,,,,,,,,,70747,68315,92384,81416,72641,81798,121046,94733,100132,84723,77595,96020
'710510,"Dust and powder of diamonds, incl. synthetic diamonds",0,0,0,0,0,0,0,0,0,0,0,0,,,,,,,,,,,,,,,1485,1966,2586,2304,1801,5803,7767,1697,929,1139,1282,2213
'711320,"Articles of jewellery and parts thereof, of base metal clad with precious metal (excl. articles ...",0,0,0,0,0,0,0,0,0,0,0,0,,,,,,,,,,,,,,,0,0,0,0,0,0,0,0,0,0,0,0
'711411,"Articles of goldsmiths' or silversmiths' wares or parts thereof, of silver, whether or not ...",0,0,0,0,0,0,0,0,0,0,0,0,,,,,,,,,,,,,,,327,265,353,466,1784,6215,17103,11586,28736,28448,19886,38
'711510,"Catalysts in the form of wire cloth or grill, of platinum",0,0,0,0,0,0,0,0,0,0,0,0,,,,,,,,,,,,,,,22,1138,231,49,20,0,0,0,0,0,0,0
'711590,"Articles of precious metal or of metal clad with precious metal, n.e.s.",0,0,0,0,0,0,0,0,0,0,0,0,,,,,,,,,,,,,,,5004,6962,9706,11511,11606,6432,12959,20368,8362,26676,13062,14739
'720260,Ferro-nickel,0,0,0,0,0,0,0,0,0,0,0,0,,,,,,,,,,,,,,,32993,16679,29987,78939,45802,18183,7987,4068,17691,7799,6479,14927
'720280,Ferro-tungsten and ferro-silico-tungsten,0,150,237,0,0,0,0,0,0,0,0,0,,,,,,,,,,,,,,,341,150,391,386,183,890,0,0,0,216,0,1287
'720826,"Flat-rolled products of iron or non-alloy steel, of a width of >= 600 mm, in coils, simply ...",0,0,0,0,0,0,0,0,0,0,0,0,,,,,,,,,,,,,,,4705,2099,2195,4494,3397,2535,2561,2660,875,4088,2777,1577
'720837,"Flat-rolled products of iron or non-alloy steel, of a width of >= 600 mm, in coils, simply ...",0,0,0,0,0,0,0,0,0,0,0,0,,,,,,,,,,,,,,,1594,1651,7297,11297,16619,9114,2169,2350,1051,5851,1085,17527
'720918,"Flat-rolled products of iron or non-alloy steel, of a width of >= 600 mm, in coils, simply ...",0,0,0,0,0,0,0,0,0,0,0,0,,,,,,,,,,,,,,,469,273,6544,2875,2694,291,2888,4297,4526,151,9321,5843
'720928,"Flat-rolled products of iron or non-alloy steel, of a width of >= 600 mm, not in coils, simply ...",0,0,0,0,0,0,0,0,0,0,0,0,,,,,,,,,,,,,,,1852,1487,1038,1,0,0,0,0,0,0,0,0
'721220,"Flat-rolled products of iron or non-alloy steel, of a width of < 600 mm, hot-rolled or cold-rolled ...",0,0,0,0,0,0,0,0,0,0,0,0,,,,,,,,,,,,,,,62,116,94,61,95,60,60,73,7,12,0,56
'721912,"Flat-rolled products of stainless steel, of a width of>= 600 mm, not further worked than hot-rolled, ...",0,0,0,0,0,0,0,0,0,0,0,0,,,,,,,,,,,,,,,7591,6888,10493,6419,9047,8289,15539,13096,12689,9170,5889,17522
'722220,"Other bars and rods of stainless steel, not further worked than cold-formed or cold-finished",0,0,0,0,0,0,0,0,0,0,0,0,,,,,,,,,,,,,,,3764,12159,9002,7505,9133,8746,15372,8232,9715,16077,7543,4082
'722410,"Steel, alloy, other than stainless, in ingots or other primary forms (excl. waste and scrap ...",0,0,0,0,0,0,0,0,0,0,0,0,,,,,,,,,,,,,,,340,255,101,191,156,0,35,328,457,819,495,0
'722591,"Flat-rolled products of alloy steel other than stainless, of a width of >= 600 mm, hot-rolled ...",0,0,0,0,0,0,0,0,0,0,0,0,,,,,,,,,,,,,,,3173,1743,3130,314,2190,2815,631,1604,1380,1805,3848,5570
'722691,"Flat-rolled products of alloy steel other than stainless, of a width of < 600 mm, not further ...",0,0,0,0,0,0,0,0,0,0,0,0,,,,,,,,,,,,,,,236,258,132,214,366,317,369,761,448,322,229,336
'722840,"Bars and rods of alloy steel other than stainless, not further worked than forged (excl. products ...",0,0,0,0,0,0,0,0,0,0,0,0,,,,,,,,,,,,,,,9122,6130,8401,6347,6577,10346,8095,5653,5984,4467,5968,5265
'722850,"Bars and rods of alloy steel other than stainless, not further worked than cold-formed or cold-finished ...",0,0,0,0,0,0,0,0,0,0,0,0,,,,,,,,,,,,,,,1997,1567,4145,1347,1651,2092,2393,2355,2152,1330,1773,3036
'730422,"Drill pipe, seamless, of stainless steel, of a kind used in drilling for oil or gas",0,0,0,0,0,0,0,0,0,0,0,0,,,,,,,,,,,,,,,96,0,9,0,0,12,0,0,0,0,0,2
'730459,"Tubes, pipes and hollow profiles, seamless, of circular cross-section, of alloy steel other ...",0,0,0,0,0,0,0,0,0,0,30,0,,,,,,,,,,,,,,,22045,24331,24517,52483,21947,29257,30558,27110,30263,19869,20093,17091
'730490,"Tubes, pipes and hollow profiles, seamless, of non-circular cross-section, of iron or steel ...",0,0,0,25,0,0,0,0,0,0,0,0,,,,,,,,,,,,,,,4455,3243,3995,2755,2832,1712,1678,1350,957,913,1331,6139
'730511,"Line pipe of a kind used for oil or gas pipelines, having circular cross-sections and an external ...",0,0,0,0,0,0,0,0,0,0,0,0,,,,,,,,,,,,,,,90,45,62,1225,29,0,252,0,6,0,0,241
'730621,"Casing and tubing of a kind used in drilling for oil or gas, welded, of flat-rolled products ...",0,0,0,0,0,0,0,0,0,0,0,0,,,,,,,,,,,,,,,1057,747,1025,538,366,179,1301,713,0,0,0,0
'730723,Butt welding tube or pipe fittings of stainless steel (excl. cast products),0,0,0,0,0,0,0,0,0,8,0,0,,,,,,,,,,,,,,,2166,1190,2689,2132,1491,3307,2131,2202,1092,1065,1607,1132
'730729,"Tube or pipe fittings of stainless steel (excl. cast products, flanges, threaded elbows, bends ...",0,0,2,0,0,0,1,0,0,0,0,0,,,,,,,,,,,,,,,4043,3553,4165,4471,3932,4223,3991,5466,3970,3959,4276,5214
'741122,"Tubes and pipes of copper-nickel base alloys ""cupro-nickel"" or copper-nickel-zinc base alloys ...",0,0,0,0,0,0,0,0,0,0,0,0,,,,,,,,,,,,,,,77,168,241,95,113,415,2,24,250,191,229,0
'741920,"Articles of copper, cast, moulded, stamped or forged, but not further worked, n.e.s.",0,0,0,0,0,0,0,0,0,0,0,0,,,,,,,,,,,,,,,29,248,39,55,327,102,142,1134,86,125,117,65
'750400,"Powders and flakes, of nickel (excl. nickel oxide sinters)",0,0,0,0,0,0,0,0,0,0,0,0,,,,,,,,,,,,,,,2078,1319,1693,1621,2032,2357,2329,2004,1792,1566,1829,1719
'750511,"Bars, rods, profiles and wire, of non-alloy nickel, n.e.s. (excl. electrically insulated products)",0,0,0,0,0,0,0,0,0,0,0,0,,,,,,,,,,,,,,,138,0,187,0,19,15,313,39,8,9,197,99
'750522,Wire of nickel alloys (excl. electrically insulated products),0,0,0,0,0,0,0,0,0,0,0,0,,,,,,,,,,,,,,,3454,3885,3484,3255,3935,4578,3548,5464,6536,4474,4104,3746
'760519,"Wire of non-alloy aluminium, with a maximum cross-sectional dimension of <= 7 mm (other than ...",0,0,0,0,0,0,0,0,0,0,0,0,,,,,,,,,,,,,,,205,425,63,81,11,35,151,108,77,123,215,267
'760521,"Wire of aluminium alloys, with a maximum cross-sectional dimension of > 7 mm (excl. stranded ...",0,0,0,0,0,0,0,0,0,0,0,0,,,,,,,,,,,,,,,920,517,1076,1802,2033,772,317,1036,1061,2968,3338,2813
'760612,"Plates, sheets and strip, of aluminium alloys, of a thickness of > 0,2 mm, square or rectangular ...",0,0,0,0,0,0,0,0,0,0,0,0,,,,,,,,,,,,,,,20998,21249,37647,53339,50605,52977,44884,33989,45272,47875,44429,60978
'760692,"Plates, sheets and strip, of aluminium alloys, of a thickness of > 0,2 mm (other than square ...",0,0,0,0,0,0,0,0,0,0,0,0,,,,,,,,,,,,,,,26564,23102,27531,28328,20895,27264,16760,25570,24840,25980,21174,25503
'761510,"Table, kitchen or other household articles and parts thereof, and pot scourers and scouring ...",0,1,0,0,1,1,0,1,1,0,0,0,,,,,,,,,,,,,,,235,386,311,745,909,344,312,565,394,404,507,275
'761610,"Nails, tacks, staples, screws, bolts, nuts, screw hooks, rivets, cotters, cotter pins, washers ...",0,0,0,5,0,0,0,3,0,0,2,0,,,,,,,,,,,,,,,975,1153,1214,1388,1042,1599,1362,1415,1503,1325,1691,1463
'790120,Unwrought zinc alloys,0,0,0,0,0,0,0,0,0,0,0,0,,,,,,,,,,,,,,,8449,5454,5476,8158,7056,9904,8519,7536,8707,8031,10363,10085
'790200,"Zinc waste and scrap (excl. ash and residues from zinc production ""heading 2620"", ingots and ...",0,0,53,0,0,0,56,0,0,0,0,0,,,,,,,,,,,,,,,19564,19793,21341,21100,20810,22895,23544,22163,24799,20778,17627,20241
'800200,"Tin waste and scrap (excl. ash and residues from the manufacture of tin of heading 2620, and ...",0,0,0,0,0,0,0,0,0,0,0,0,,,,,,,,,,,,,,,0,0,0,0,0,0,1,0,0,0,0,0
'810210,Molybdenum powders,0,0,0,0,0,0,0,0,0,0,0,0,,,,,,,,,,,,,,,26,143,137,161,212,15,45,133,0,84,67,104
'810890,"Articles of titanium, n.e.s.",0,0,0,0,0,0,0,0,0,0,0,0,,,,,,,,,,,,,,,12258,9338,9858,9775,7041,10591,8088,11571,9791,10362,11262,11311
'811231,"Unwrought hafnium and hafnium waste, scrap and powders (excl. ashes and residues)",0,0,0,0,0,0,0,0,0,0,0,0,,,,,,,,,,,,,,,1,3,5,0,0,762,0,0,0,0,0,0
'811249,"Articles of rhenium, n.e.s.",0,0,0,0,0,0,0,0,0,0,0,0,,,,,,,,,,,,,,,0,0,0,0,3,1,0,1,0,0,0,0
'820160,"Hedge shears, two-handed pruning shears and similar two-handed shears, with working parts of ...",0,0,0,0,0,0,0,0,0,0,0,0,,,,,,,,,,,,,,,167,168,243,408,478,143,259,229,190,50,60,97
'700210,"Glass in balls, unworked (excl. glass microspheres <= 1 mm in diameter, glass balls of the ...",0,0,0,0,1,0,0,0,0,0,0,0,,,,,,,,,,,,,,,88,45,121,105,76,85,86,72,86,108,81,44
'700239,"Tubes of glass, unworked (excl. tubes of glass having a linear coefficient of expansion <= ...",0,0,0,0,0,0,0,0,0,0,0,0,,,,,,,,,,,,,,,1783,2114,1632,2163,1983,1978,2283,2093,1929,1998,2017,1718
'730830,"Doors, windows and their frames and thresholds for doors, of iron or steel",0,0,0,0,0,54,0,0,0,0,0,0,,,,,,,,,,,,,,,3586,3865,3943,4160,2437,3595,3028,2982,3249,4769,4940,1744
'731439,"Grill, netting and fencing, of iron or steel wire, welded at the intersection (excl. products ...",0,0,0,0,0,0,0,0,0,0,0,0,,,,,,,,,,,,,,,83,200,125,80,29,106,279,273,56,147,115,127
'731589,"Chain of iron or steel (excl. articulated link chain, skid chain, stud-link chain, welded link ...",0,0,0,0,0,0,0,0,0,0,0,0,,,,,,,,,,,,,,,711,965,797,1384,1232,679,279,997,1038,1318,721,831
'731940,"Safety pins and other pins of iron or steel, n.e.s.",4,1,7,2,0,5,1,2,1,0,4,0,,,,,,,,,,,,,,,580,682,512,444,669,415,371,420,494,433,493,368
'732010,"Leaf-springs and leaves therefor, of iron or steel (excl. clock and watch springs and shock ...",0,0,0,0,0,0,0,0,0,1,0,0,,,,,,,,,,,,,,,1937,1735,2070,2657,2084,1867,1372,1645,1442,1794,1692,1615
'732394,"Table, kitchen or other household articles, and parts thereof, of iron other than cast iron ...",0,0,0,0,0,0,0,0,0,0,0,0,,,,,,,,,,,,,,,198,266,140,411,302,551,418,518,641,520,350,194
'740329,"Copper alloys unwrought (excl. copper-zinc base alloys ""brass"", copper-tin base alloys ""bronze"", ...",0,0,0,0,0,0,0,0,0,0,0,0,,,,,,,,,,,,,,,467,182,456,370,615,241,279,666,371,309,282,251
'740500,"Master alloys of copper (excl. phosphorus-copper compounds ""copper phosphide"" containing by ...",0,0,0,0,0,0,0,0,0,0,0,0,,,,,,,,,,,,,,,434,635,478,333,116,501,514,281,440,448,468,369
'740929,"Plates, sheets and strip, of copper-zinc base alloys ""brass"", of a thickness of > 0,15 mm, ...",0,0,0,0,0,0,0,0,0,0,0,0,,,,,,,,,,,,,,,582,478,729,162,953,478,437,182,83,299,295,476
'820310,"Files, rasps and similar hand tools of base metal",0,0,0,0,0,0,0,0,0,0,0,0,,,,,,,,,,,,,,,271,413,219,220,173,240,690,178,217,162,185,87
'820530,"Planes, chisels, gouges and similar cutting tools for working wood",0,0,0,102,48,0,73,68,0,174,0,0,,,,,,,,,,,,,,,118,205,154,466,186,185,188,172,132,324,146,62
'820540,Hand-operated screwdrivers,0,0,0,0,0,0,0,0,0,0,0,0,,,,,,,,,,,,,,,554,595,546,630,501,541,510,459,715,488,502,784
'830110,Padlocks of base metal,0,0,0,0,0,0,0,0,0,0,0,0,,,,,,,,,,,,,,,327,450,429,485,395,377,382,445,439,362,351,1748
'840211,Watertube boilers with a steam production > 45 t/hour,0,0,0,0,0,0,0,0,0,0,0,0,,,,,,,,,,,,,,,0,0,8387,584,0,0,0,0,0,0,0,2
'840410,"Auxiliary plant for use with boilers of heading 8402 or 8403, e.g. economizers, superheaters, ...",0,0,0,0,0,0,0,0,0,0,0,0,,,,,,,,,,,,,,,221,0,142,1,576,166,7393,989,171,13,296,209
'840610,Steam and other vapour turbines for marine propulsion,0,0,0,0,0,0,0,0,0,0,0,0,,,,,,,,,,,,,,,0,111,8,5,0,0,0,0,0,0,0,0
'840733,"Spark-ignition reciprocating piston engine, of a kind used for vehicles of chapter 87, of a ...",0,0,0,0,0,0,0,0,0,0,0,0,,,,,,,,,,,,,,,102,150,188,201,142,105,141,485,2159,217,196,84
'841221,"Hydraulic power engines and motors, linear acting ""cylinders""",0,72,0,0,0,0,0,4,0,0,1,0,,,,,,,,,,,,,,,11466,8524,11283,8714,12185,10221,10262,11692,10611,9099,11031,12724
'841320,Hand pumps for liquids (excl. those of subheading 8413.11 and 8413.19),0,0,0,0,0,0,0,0,0,0,0,0,,,,,,,,,,,,,,,843,649,1558,1318,818,1347,288,2769,981,1435,1298,1177
'841920,"Medical, surgical or laboratory sterilizers",0,0,0,0,0,0,0,0,0,0,0,0,,,,,,,,,,,,,,,4342,3396,2444,2997,2585,4374,4338,4813,5440,9739,4975,3050
'842010,Calendering or other rolling machines (other than for metals or glass),0,0,0,0,0,0,0,0,0,30,0,0,,,,,,,,,,,,,,,1529,710,6658,4474,2033,1640,8010,2446,19955,2962,2159,6855
'842119,"Centrifuges, incl. centrifugal dryers (excl. isotope separators, cream separators and clothes ...",0,1,0,0,0,0,0,0,0,0,0,0,,,,,,,,,,,,,,,6722,6676,4758,4484,8751,4691,13529,11282,6444,7848,8737,3020
'842132,"Catalytic converters or particulate filters, whether or not combined, for purifying or filtering ...",0,0,0,0,0,0,0,0,0,0,0,0,,,,,,,,,,,,,,,5564,6023,5660,6439,5592,6313,3560,4532,3217,5371,3705,5606
'842330,Constant weight scales and scales for discharging a pre-determined weight of material into ...,0,37,0,0,0,0,0,0,11,0,0,0,,,,,,,,,,,,,,,2912,1309,3603,1899,3452,1492,4217,1280,3256,1439,1726,2331
'842390,"Weighing machine weights of all kinds; parts of weighing machinery, n.e.s.",0,0,0,0,0,0,0,0,0,0,0,0,,,,,,,,,,,,,,,3180,2737,3942,3663,3258,2653,2833,3720,2871,3544,2659,2733
'842511,"Pulley tackle and hoists, powered by electric motor (other than skip hoists or hoists of a ...",0,0,0,0,0,0,0,0,0,0,0,0,,,,,,,,,,,,,,,2442,2812,4031,7626,3117,2375,3492,3019,4349,2252,3661,3333
'842542,"Jacks and hoists, hydraulic (excl. built-in jacking systems used in garages)",0,0,0,0,0,0,0,0,0,0,0,0,,,,,,,,,,,,,,,1376,1339,1917,1421,2346,1836,1641,1817,1769,1203,1543,1514
'842611,Overhead travelling cranes on fixed support,0,0,0,0,0,0,0,0,0,0,0,0,,,,,,,,,,,,,,,2066,1332,142,1334,48,75,1258,5666,174,497,430,4018
'842720,"Self-propelled trucks fitted with lifting or handling equipment, non-powered by an electric ...",0,0,0,0,0,0,0,0,0,0,0,0,,,,,,,,,,,,,,,892,1542,1277,894,1242,1363,619,1270,2540,1035,3773,569
'842920,Self-propelled graders and levellers,0,0,0,0,0,0,0,0,0,0,0,0,,,,,,,,,,,,,,,6237,3153,6026,4726,7570,3793,4095,3989,2181,3310,8141,2705
'843020,"Snowploughs and snowblowers (excl. those mounted on railway wagons, motor vehicle chassis or ...",0,0,0,0,0,0,0,0,0,0,0,0,,,,,,,,,,,,,,,2174,8,0,1577,1268,645,314,82,11,0,33,0
'843050,"Self-propelled earth-moving machinery, n.e.s.",0,0,0,0,0,0,0,0,0,0,0,0,,,,,,,,,,,,,,,5139,10676,7536,7395,2487,2295,1497,3473,2998,4807,843,10343
'841410,Vacuum pumps,89,44,21,99,91,126,99,203,78,0,126,0,,,,,,,,,,,,,,,10634,8644,9038,12642,12604,12469,9718,12327,11467,8771,10227,11298
'841440,Air compressors mounted on a wheeled chassis for towing,0,83,0,0,0,0,0,0,0,0,0,0,,,,,,,,,,,,,,,6930,6678,9640,7539,9984,9773,7920,5565,6845,8635,11214,16948
'843311,"Mowers for lawns, parks or sports grounds, powered, with the cutting device rotating in a horizontal ...",0,0,0,0,0,0,0,0,1,0,0,0,,,,,,,,,,,,,,,456,355,591,477,557,552,772,543,553,315,383,331
'843390,"Parts of harvesting machinery, threshing machinery, mowers and machines for cleaning, sorting ...",0,0,0,0,2,0,8,2,0,67,0,0,,,,,,,,,,,,,,,2902,2478,3184,3979,4730,5484,5481,4829,3935,4257,5502,4367
'843629,"Poultry-keeping machinery (excl. machines for sorting or grading eggs, poultry pickers of heading ...",0,0,0,0,0,0,0,0,0,0,0,0,,,,,,,,,,,,,,,1370,1833,1453,3447,924,2417,1913,1221,3261,5026,751,2676
'843920,"Machinery for making paper or paperboard (excl. dryers and other heating appliances, calenders ...",0,0,0,0,0,0,0,0,0,0,0,0,,,,,,,,,,,,,,,3403,1400,7873,7811,2094,6390,13992,8181,6803,13358,2814,4557
'844130,"Machines for making cartons, boxes, cases, tubes, drums or similar containers (other than by ...",0,0,0,0,0,0,0,0,0,0,0,0,,,,,,,,,,,,,,,5851,5516,5917,9267,8454,7079,4671,8493,13197,7330,8202,4416
'844312,"Offset printing machinery, sheet fed [office type], using sheets of a side <= 22 x 36 cm in ...",0,0,0,0,0,0,0,0,0,0,0,0,,,,,,,,,,,,,,,365,136,168,58,32,147,61,9,30,188,76,72
'844314,"Letterpress printing machinery, reel fed (excl. flexographic printing machinery)",0,0,0,0,0,0,0,0,0,0,0,0,,,,,,,,,,,,,,,476,66,29,323,39,173,33,103,103,296,435,142
'844316,Flexographic printing machinery,0,0,0,0,0,0,0,0,0,0,0,0,,,,,,,,,,,,,,,3491,8923,4028,4044,5378,3591,3126,5610,11122,4365,3672,4900
'844391,"Parts and accessories of printing machinery used for printing by means of plates, cylinders ...",0,23,0,0,131,0,0,47,0,2,51,0,,,,,,,,,,,,,,,2825,2478,3438,3588,2948,3775,3183,3210,3317,2615,2654,2859
'844513,Drawing or roving machines,0,0,0,0,0,0,0,0,0,0,0,0,,,,,,,,,,,,,,,0,275,34,203,0,11,61,0,109,14,107,67
'844610,Weaving machines for weaving fabrics of a width <= 30 cm,0,0,0,0,0,0,0,0,0,0,0,0,,,,,,,,,,,,,,,123,133,188,126,504,170,16,780,726,139,388,320
'844811,"Doobies and jacquards; card reducing, copying, punching or assembling machines for use therewith",0,0,0,0,0,0,0,0,0,0,0,0,,,,,,,,,,,,,,,629,1126,2469,1695,2224,166,90,591,225,394,926,557
'845019,"Household or laundry-type washing machines, of a dry linen capacity <= 6 kg (excl. fully-automatic ...",0,0,2,1,0,0,0,0,0,0,0,0,,,,,,,,,,,,,,,16,7,10,23,208,27,9,10,7,7,30,7
'845121,"Drying machines, of a dry linen capacity <= 10 kg (excl. centrifugal driers)",0,0,0,0,0,0,0,0,0,0,0,0,,,,,,,,,,,,,,,56,79,122,206,348,1147,305,634,1587,2398,1738,642
'845310,"Machinery for preparing, tanning or working hides, skins or leather (excl. drying machines, ...",0,0,0,0,0,0,0,0,0,0,0,0,,,,,,,,,,,,,,,690,525,1421,536,635,570,724,895,889,1000,804,1143
'845970,Threading or tapping machines for metals (excl. way-type unit head machines),0,0,0,0,0,0,0,0,0,0,0,0,,,,,,,,,,,,,,,935,660,543,376,561,1065,583,798,682,1118,1119,652
'846023,"Cylindrical grinding machines for finishing metal, numerically controlled (excl. gear finishing ...",0,0,0,0,0,0,0,0,0,0,0,0,,,,,,,,,,,,,,,3124,4385,5011,5183,2650,9368,698,8430,9639,1904,655,3301
'846225,Numerically controlled roll forming machines,0,0,0,0,0,0,0,0,0,0,0,0,,,,,,,,,,,,,,,0,0,86,11,238,0,0,20,920,53,3061,20
'846232,"Slitting lines and cut-to-length lines, for flat products",0,0,0,0,0,0,0,0,0,0,0,0,,,,,,,,,,,,,,,5518,6413,4340,2452,3384,3106,3416,5132,8878,7541,2662,2657
'846259,"Machines for working tube, pipe, hollow section and bar (excl. presses, and numerically controlled)",0,0,0,0,0,0,0,7,0,0,0,0,,,,,,,,,,,,,,,452,415,404,1059,840,391,108,621,783,118,310,647
'846261,Hydraulic cold metal working presses,0,0,0,0,0,0,0,0,0,0,0,0,,,,,,,,,,,,,,,5599,6532,12017,4241,4257,4916,5118,3926,2924,3827,2847,23997
'846263,Cold metal working servo-presses,0,0,0,0,0,0,0,0,0,0,0,0,,,,,,,,,,,,,,,12657,67,8152,155,1124,11554,65,267,1129,933,461,205
'830621,"Statuettes and other ornaments, of base metal, plated with precious metal (excl. works of art, ...",0,0,0,0,0,0,0,0,0,0,0,0,,,,,,,,,,,,,,,56,92,128,104,65,92,30,117,111,69,121,29
'843830,"Machinery for sugar manufacture (excl. centrifuges and filtering, heating or refrigerating ...",0,0,1,0,0,0,1,8,6,0,0,0,,,,,,,,,,,,,,,509,57,37,571,439,88,1212,289,285,35,114,43
'870822,"Front windscreens ""windshields"", rear windows and other windows for motor vehicles of headings ...",7,0,3,7,87,66,63,41,46,0,8,0,,,,,,,,,,,,,,,4303,4796,4127,4021,3026,3428,3295,2111,3135,2162,3381,4121
'902000,"Breathing appliances and gas masks, incl. parts and accessories (excl. protective masks having ...",0,0,0,0,0,0,0,0,0,0,8,0,,,,,,,,,,,,,,,2222,1717,1458,1501,1586,1424,1652,3262,2234,2814,3000,1752
'902150,Pacemakers for stimulating heart muscles (excl. parts and accessories),0,0,0,0,0,0,0,0,0,0,0,0,,,,,,,,,,,,,,,4620,5558,6182,6371,6273,6244,5504,5585,3381,5848,3439,7749
'902690,"Parts and accessories for instruments and apparatus for measuring or checking the flow, level, ...",0,0,13,0,0,0,0,0,0,0,15,0,,,,,,,,,,,,,,,16183,14740,15210,14746,15238,16161,16938,15034,14912,17036,18534,16967
'902780,"Instruments and apparatus for physical or chemical analysis, or for measuring or checking viscosity, ...",0,0,0,0,0,0,0,0,0,0,0,0,,,,,,,,,,,,,,,0,0,0,0,0,0,0,0,658,0,0,0
'903010,Instruments and apparatus for measuring or detecting ionising radiations,0,0,0,0,0,0,0,0,0,0,0,0,,,,,,,,,,,,,,,3707,2534,2490,3635,3362,2183,3200,3318,1817,2470,3172,3718
'903141,Optical instruments and appliances for inspecting semiconductor wafers or devices or for inspecting ...,1,0,0,192,0,0,0,0,0,0,0,0,,,,,,,,,,,,,,,4742,2874,1808,1934,3044,3370,104,2717,1993,1722,6830,3209
'910121,"Wrist-watches of precious metal or of metal clad with precious metal, whether or not incorporating ...",0,0,0,0,0,0,0,0,0,0,0,0,,,,,,,,,,,,,,,5389,2759,2708,4973,4783,6437,5359,4114,5157,4038,4981,3438
'910212,"Wrist-watches, whether or not incorporating a stop-watch facility, electrically operated, with ...",0,0,0,0,0,0,0,0,0,0,0,0,,,,,,,,,,,,,,,16,45,28,3,79,116,24,54,119,89,41,79
'910229,"Wrist-watches, whether or not incorporating a stop-watch facility, with hand winding only (excl. ...",0,0,0,0,0,0,0,0,0,0,0,0,,,,,,,,,,,,,,,8232,7942,7454,5576,5930,7309,8161,6628,4915,4403,4593,6073
'910511,"Alarm clocks, electrically operated",0,0,0,0,0,0,0,0,0,0,0,0,,,,,,,,,,,,,,,15,17,34,21,26,36,39,23,36,31,23,12
'910812,"Watch movements, complete and assembled, electrically operated, with opto-electronic display ...",0,0,0,0,0,0,0,0,0,0,0,0,,,,,,,,,,,,,,,0,1,0,0,1,0,0,0,0,0,0,0
'910819,"Watch movements, complete and assembled, electrically operated, with combined opto-electronic ...",0,0,0,0,0,0,0,0,0,0,0,0,,,,,,,,,,,,,,,96,176,174,116,159,144,118,102,106,26,126,164
'910890,"Watch movements, complete and assembled, with hand winding only",0,0,0,0,0,0,0,0,0,0,0,0,,,,,,,,,,,,,,,21,44,17,35,35,62,72,101,44,84,112,45
'920190,Harpsichords and other keyboard stringed instruments (excl. pianos),0,0,0,0,0,0,0,0,0,0,0,0,,,,,,,,,,,,,,,23,34,63,16,54,40,44,46,42,111,22,19
'940391,"Parts of furniture, of wood, n.e.s. (excl. of seats or medical, surgical, dental or veterinary ...",53,73,7,19,6,17,118,23,51,20,14,0,,,,,,,,,,,,,,,1248,1234,1111,2441,4370,3973,4021,959,719,815,551,498
'940410,Mattress supports for bed frames (excl. spring interiors for seats),0,0,0,0,0,0,0,0,0,0,0,0,,,,,,,,,,,,,,,111,113,118,148,307,784,78,72,123,85,196,55
'940542,"Luminaires and lighting fittings, solely for light-emitting diode ""LED"" light sources, n.e.s.",0,0,0,1,37,24,60,0,0,41,0,0,,,,,,,,,,,,,,,4101,3776,4362,4096,5298,3455,3958,4334,3355,3591,4433,3534
'940591,"Parts of lamps and lighting fittings, illuminated signs and nameplates and the like, of glass, ...",0,0,0,0,0,0,0,0,0,0,0,0,,,,,,,,,,,,,,,120,145,135,262,119,50,137,187,655,185,305,141
'950420,Billiards of all kinds and accessories,0,0,0,0,0,0,0,0,0,0,0,0,,,,,,,,,,,,,,,169,45,169,90,76,269,183,192,270,125,145,161
'950631,"Golf clubs, complete",0,0,0,0,0,0,0,0,0,14,0,0,,,,,,,,,,,,,,,394,152,318,343,260,171,394,410,592,247,377,398
'950824,Motion simulators and moving theatres,0,0,0,0,0,0,0,0,0,0,0,0,,,,,,,,,,,,,,,0,6,10,5,0,147,0,0,0,0,12,18
'950826,Water park amusements,0,0,0,0,0,0,0,0,0,0,0,0,,,,,,,,,,,,,,,84,28,0,26,132,7,15,0,133,0,0,0
'930320,"Sporting, hunting or target-shooting shotguns, with at least one smooth barrel (excl. muzzle-loading ...",0,0,0,0,0,0,0,0,0,0,0,0,,,,,,,,,,,,,,,67,152,190,139,131,236,161,67,119,75,55,70
'961220,"Ink-pads, whether or not inked, with or without boxes",0,0,0,0,0,0,0,0,0,0,0,0,,,,,,,,,,,,,,,90,93,21,35,25,35,71,17,12,23,30,49
'961610,"Scent sprays and similar toilet sprays, and mounts and heads therefor",0,0,0,0,0,0,0,0,0,0,0,0,,,,,,,,,,,,,,,4112,4338,4841,4461,4813,5008,4553,4806,5139,4611,3622,4117
'961620,Powder puffs and pads for the application of cosmetics or toilet preparations,0,0,0,0,0,0,0,0,0,0,0,0,,,,,,,,,,,,,,,136,106,130,81,94,79,135,112,153,98,98,181
'961900,"Sanitary towels (pads) and tampons, napkins and napkin liners, and similar articles, of any ...",0,55,0,0,9,0,44,0,0,0,43,0,,,,,,,,,,,,,,,2528,3025,3228,2429,4226,4286,5335,5027,4127,5254,4611,4628
'970129,"Collages and similar decorative plaques, over 100 years old (excl. mosaics)",0,0,0,0,0,0,0,0,0,0,0,0,,,,,,,,,,,,,,,1,129,2,13,37,40,2,2,17,4,32,1
'970400,"Postage or revenue stamps, stamp-postmarks, first-day covers, postal stationery, stamped paper ...",0,0,0,0,0,0,0,0,0,0,0,0,,,,,,,,,,,,,,,0,63,41,74,26,23,32,23,0,8,70,24
'846330,"Machine tools for working metal wire, without removing material (excl. wire bending machines ...",0,0,0,0,0,0,0,0,0,0,0,0,,,,,,,,,,,,,,,1404,2591,5830,3350,2129,1820,2263,2749,2224,2540,3840,1818
'846410,"Sawing machines for working stone, ceramics, concrete, asbestos-cement or like mineral materials ...",4,0,0,0,0,0,0,0,0,0,0,0,,,,,,,,,,,,,,,4355,4668,3693,4549,4073,4081,5904,3963,4971,4819,5186,5451
'846591,"Sawing machines for working wood, cork, bone, hard rubber, hard plastics or similar hard materials ...",0,0,0,0,0,0,0,0,0,7,0,0,,,,,,,,,,,,,,,1184,1265,1514,1060,1816,1778,1608,1365,1495,1583,1361,666
'846692,"Parts and accessories for machine tools for working wood, cork, bone, hard rubber, hard plastics ...",0,0,0,0,0,0,0,0,0,0,0,0,,,,,,,,,,,,,,,1381,1488,1653,1911,2173,1690,1669,2456,1776,2582,1333,1622
'847410,"Sorting, screening, separating or washing machines for solid mineral substances, incl. those ...",0,3,0,2,0,0,0,0,0,0,0,0,,,,,,,,,,,,,,,4161,2059,4635,10570,2067,3876,6186,8185,8145,13147,3833,3172
'847432,Machines for mixing mineral substances with bitumen,0,0,0,0,0,0,0,0,0,0,0,0,,,,,,,,,,,,,,,14,0,0,0,8,0,0,11,317,0,54,0
'847510,"Machines for assembling electric or electronic lamps, tubes or valves or flashbulbs, in glass ...",0,0,0,0,0,0,0,0,0,0,0,0,,,,,,,,,,,,,,,2373,1204,22,216,272,18,297,84,435,1,392,1
'847720,Extruders for working rubber or plastics,0,0,0,0,0,0,0,0,0,0,0,0,,,,,,,,,,,,,,,27670,17046,17904,81838,12074,20786,28805,18516,30034,15038,13340,24137
'847751,Machinery for moulding or retreading pneumatic tyres or for moulding or otherwise forming inner ...,0,0,0,0,0,0,0,0,0,0,0,0,,,,,,,,,,,,,,,270,513,978,811,1350,968,337,146,72,842,6,3040
'847971,"Passenger boarding bridges, of a kind used in airports",0,0,0,0,0,0,0,0,0,0,0,0,,,,,,,,,,,,,,,0,3027,2757,15,42,60,3,192,0,550,546,3
'848291,"Balls, needles and rollers for bearings (excl. steel balls of heading 7326)",0,0,0,0,0,26,0,0,0,0,0,0,,,,,,,,,,,,,,,7859,7094,8022,8205,7925,8643,7410,8524,8712,7618,9176,8597
'848410,Gaskets and similar joints of metal sheeting combined with other material or of two or more ...,13,0,6,0,7,10,0,13,6,0,1,0,,,,,,,,,,,,,,,4540,4405,5258,4094,4504,4441,4320,4714,4404,4297,4248,4658
'848510,Machines for additive manufacturing by metal deposit,0,0,0,0,0,0,0,0,0,0,0,0,,,,,,,,,,,,,,,855,1262,3243,1127,101,165,470,4824,2943,194,1839,2067
'848520,Machines for additive manufacturing by plastics or rubber deposit,0,0,0,0,0,0,0,0,0,0,0,0,,,,,,,,,,,,,,,4071,497,1825,766,1483,1205,938,2175,1482,2098,2592,1482
'847030,"Calculating machines, non-electronic",0,0,0,0,0,0,0,0,0,0,0,0,,,,,,,,,,,,,,,96,26,130,162,84,118,34,30,607,2,206,87
'850172,"Photovoltaic DC generators, of an output > 50 W",0,0,0,0,0,0,0,0,0,0,0,0,,,,,,,,,,,,,,,4766,3614,1081,2714,5185,7059,7256,3501,1744,3549,7924,12201
'850422,"Liquid dielectric transformers, having a power handling capacity > 650 kVA but <= 10.000 kVA",0,0,0,0,0,0,0,0,0,0,0,0,,,,,,,,,,,,,,,1312,8745,4544,11798,10546,9473,4769,15248,10222,4050,1585,9968
'850640,Silver oxide cells and batteries (excl. spent),0,0,0,0,0,0,0,0,0,0,0,0,,,,,,,,,,,,,,,256,182,238,255,426,145,117,348,119,325,555,456
'851030,Hair-removing appliances with self-contained electric motor,0,0,0,0,0,0,0,0,0,0,0,0,,,,,,,,,,,,,,,1004,1196,678,1061,1143,961,718,1107,1322,865,859,330
'851130,Distributors and ignition coils of a kind used for spark-ignition or compression-ignition internal ...,4,5,0,8,15,6,5,7,0,7,9,0,,,,,,,,,,,,,,,3211,4156,2584,4106,4227,4789,5070,5718,5191,5346,5458,5389
'851140,Starter motors and dual purpose starter-generators of a kind used for spark-ignition or compression-ignition ...,0,0,0,0,0,0,0,10,0,0,0,0,,,,,,,,,,,,,,,4933,5646,7029,6476,4522,5658,4834,3322,4465,4610,5673,4320
'851490,"Parts of electric industrial or laboratory furnaces and ovens, incl. of those functioning by ...",0,0,0,10,9,0,0,0,0,0,0,0,,,,,,,,,,,,,,,4974,4172,15768,4128,4275,10483,7491,3583,4630,6112,4608,5081
'850690,"Parts of primary cells and primary batteries, n.e.s.",0,0,0,0,0,0,0,0,0,0,0,0,,,,,,,,,,,,,,,238,370,133,128,297,178,349,92,222,43,44,530
'850780,"Electric accumulators (excl. spent, and lead-acid, nickel-cadmium, nickel-metal hydride and ...",0,0,0,0,0,0,0,0,13,0,0,0,,,,,,,,,,,,,,,675,1651,1024,3033,3087,2013,826,399,745,815,454,963
'851671,"Electro-thermic coffee or tea makers, for domestic use",0,0,0,0,0,0,0,0,0,0,0,0,,,,,,,,,,,,,,,235,290,991,1209,2409,1332,891,1363,882,1634,4352,647
'851712,"Telephones for cellular networks ""mobile telephones"" or for other wireless networks",0,0,0,0,0,0,0,0,0,0,0,0,,,,,,,,,,,,,,,0,0,0,0,0,0,0,0,0,0,0,0
'852419,"Flat panel display modules, whether or not incorporating touch-sensitive screens, without drivers ...",0,0,0,0,0,0,0,0,0,0,0,0,,,,,,,,,,,,,,,687,3205,10323,1500,777,984,2530,3366,1507,3345,1593,836
'853910,Sealed beam lamp units,0,0,0,0,0,0,0,0,20,0,19,0,,,,,,,,,,,,,,,121,138,262,170,200,222,101,202,166,166,205,170
'853939,"Discharge lamps (excl. hot-cathode fluorescent lamps, mercury or sodium vapour lamps, metal ...",0,0,0,0,0,0,0,0,0,0,0,0,,,,,,,,,,,,,,,442,355,323,469,325,256,422,1003,274,362,320,408
'854071,Magnetrons,0,0,0,0,0,0,0,0,0,0,0,0,,,,,,,,,,,,,,,1167,2470,5234,1785,1010,1365,1406,2296,1919,1056,2095,2093
'854999,"Electrical and electronic waste and scrap (excl. for the recovery of precious metal, electrical ...",0,0,0,0,0,0,0,0,0,0,0,0,,,,,,,,,,,,,,,0,0,0,0,0,0,0,0,0,0,0,0
'860290,Rail locomotives (excl. those powered from an external source of electricity or by accumulators ...,0,0,0,0,0,0,0,0,0,0,0,0,,,,,,,,,,,,,,,19,0,108,0,0,0,0,0,0,0,0,0
'860791,"Parts of railway or tramway locomotives, n.e.s.",0,0,0,0,0,0,0,0,0,0,0,0,,,,,,,,,,,,,,,1688,1645,1346,1349,1331,2023,1712,2523,2042,2263,1411,2005
'860800,"Railway or tramway track fixtures and fittings (excl. sleepers of wood, concrete or steel, ...",0,0,0,0,0,0,0,0,0,0,0,0,,,,,,,,,,,,,,,1753,3076,829,2393,980,1734,1555,1410,6999,2528,3144,4565
'870121,"Road tractors for semi-trailers, with only compression-ignition internal combustion piston ...",0,0,0,0,0,0,0,0,0,0,0,0,,,,,,,,,,,,,,,334,0,0,0,0,0,0,0,9,0,92,0
'870210,"Motor vehicles for the transport of >= 10 persons, incl. driver, with only diesel engine",0,0,0,0,0,0,0,0,0,0,0,0,,,,,,,,,,,,,,,0,0,7,0,39,75,0,0,816,807,2647,34
'870220,"Motor vehicles for the transport of >= 10 persons, incl. driver, with both diesel engine and ...",0,0,0,0,0,0,0,0,0,0,0,0,,,,,,,,,,,,,,,0,0,0,0,0,0,0,0,0,0,0,0
'870421,"Motor vehicles for the transport of goods, with only compression-ignition internal combustion ...",0,0,0,0,0,0,0,0,0,0,0,0,,,,,,,,,,,,,,,27,24,59,9,0,0,45,381,732,392,349,372
'870540,Concrete-mixer lorries,0,0,0,0,0,0,0,0,0,0,0,0,,,,,,,,,,,,,,,0,0,7,128,0,115,115,0,1012,18,1607,386
'870919,"Works trucks, self-propelled, not fitted with lifting or handling equipment, of the type used ...",0,0,0,0,0,0,0,0,0,0,0,0,,,,,,,,,,,,,,,799,916,277,1705,1608,2034,917,214,6,734,296,25
'871496,"Pedals and crank-gear, and parts thereof, for bicycles, n.e.s.",0,0,0,0,0,3,0,0,0,0,0,0,,,,,,,,,,,,,,,83,71,173,210,89,131,176,220,172,133,188,97
'880230,Aeroplanes and other powered aircraft of an unladen weight > 2.000 kg but <= 15.000 kg (excl. ...,0,0,0,0,0,0,0,0,0,0,0,0,,,,,,,,,,,,,,,12428,0,4466,0,1915,318,5765,471,151,3182,76846,1850
'880529,"Ground flying trainers and parts thereof, n.e.s. (excl. air combat simulators and parts thereof)",0,0,0,0,0,0,0,0,0,0,0,0,,,,,,,,,,,,,,,23588,933,513,416,10402,19564,22542,6591,57878,15880,565,630
'880692,"Unmanned aircraft, with maximum take-off weight > 250 g but <= 7 kg (excl. for passenger carriage ...",0,0,0,0,0,0,0,0,0,0,0,0,,,,,,,,,,,,,,,0,0,0,0,0,0,0,43,0,0,79,0
'890331,"Motorboats, of a length <= 7,5 m, for pleasure or sports (excl. inflatable and outboard)",0,0,0,0,0,0,0,0,0,0,0,0,,,,,,,,,,,,,,,0,241,0,0,163,9,0,12,0,0,144,145
'890333,"Motorboats, of a length > 24 m, for pleasure or sports (excl. outboard)",0,0,0,0,0,0,0,0,0,0,0,0,,,,,,,,,,,,,,,0,0,0,0,29,0,0,0,0,0,0,0
'890393,"Outboard motorboats, for pleasure or sports, and rowing boats and canoes, of a length <= 7,5 ...",0,0,0,0,0,0,0,0,0,0,0,0,,,,,,,,,,,,,,,0,3,3,0,5,14,15,7,22,62,36,33
'890400,Tugs and pusher craft,0,0,0,0,0,0,4570,0,0,0,0,0,,,,,,,,,,,,,,,474,8559,4831,10005,20939,14121,92387,13862,54642,28002,15348,12381
'890520,Floating or submersible drilling or production platforms,0,0,0,0,0,0,0,0,0,0,0,0,,,,,,,,,,,,,,,0,7,0,0,0,0,0,0,72273,2,11481,0
'890710,Inflatable rafts,0,0,0,0,0,0,0,0,0,0,0,0,,,,,,,,,,,,,,,340,113,240,362,219,97,396,354,149,342,103,121
'890800,Vessels and other floating structures for breaking up,0,0,0,0,0,0,0,0,0,0,0,0,,,,,,,,,,,,,,,21318,32195,79329,74015,83773,73536,51635,18523,13648,47631,26901,87169
'900140,Spectacle lenses of glass,0,0,0,0,0,1,0,0,0,0,0,0,,,,,,,,,,,,,,,88,77,108,104,85,118,104,121,89,97,102,50
'900390,"Parts of frames and mountings for spectacles, goggles or the like, n.e.s.",0,0,0,0,0,0,0,0,30,0,0,0,,,,,,,,,,,,,,,825,766,804,739,628,528,434,955,1762,986,464,555
'900590,"Parts and accessories, incl. mountings, for binoculars, monoculars, astronomical and other ...",0,0,0,0,0,0,0,0,0,0,0,0,,,,,,,,,,,,,,,113,69,65,83,68,159,132,133,940,145,74,111
'900661,Electronic discharge lamp flashlight apparatus for photographic purposes,0,0,0,0,0,0,0,0,0,0,0,0,,,,,,,,,,,,,,,326,161,73,226,182,280,353,302,531,534,412,124
'901390,"Parts and accessories for lasers and other appliances and instruments, n.e.s. in chapter 90",0,0,0,0,0,0,0,19,3,0,0,0,,,,,,,,,,,,,,,1641,3184,1422,1971,1614,1087,1481,2057,4229,2035,7489,2007
'901490,"Parts and accessories for compasses and other navigational instruments and appliances, n.e.s.",0,0,0,0,0,0,0,0,0,0,0,0,,,,,,,,,,,,,,,741,458,857,516,909,1979,1112,1350,576,679,771,1151
'901720,"Drawing, marking-out and mathematical calculating instruments (excl. drafting tables and machines ...",0,3,0,0,0,0,0,2,0,0,0,0,,,,,,,,,,,,,,,738,115,67,135,146,550,115,152,238,328,123,150
'901780,"Instruments for measuring length, for use in the hand, n.e.s.",0,0,0,0,0,0,0,0,0,0,0,0,,,,,,,,,,,,,,,219,291,505,274,382,1220,207,454,477,293,197,423
'901790,"Parts and accessories for drawing, marking-out or mathematical calculating instruments and ...",0,0,0,0,0,0,0,0,0,0,0,0,,,,,,,,,,,,,,,221,165,189,243,191,395,504,444,450,436,265,277
'901811,Electro-cardiographs,0,0,0,0,0,0,0,0,0,0,0,0,,,,,,,,,,,,,,,3586,2018,1493,1182,2324,1009,2204,3796,1888,2759,1333,3799
'901813,Magnetic resonance imaging apparatus,0,0,0,0,0,0,0,0,0,0,0,0,,,,,,,,,,,,,,,24559,31373,22115,18782,34348,17241,26534,30516,23496,14577,30085,20241
'846269,"Cold metal working presses (excl. hydraulic, mechanical and servo-presses)",0,0,0,0,0,0,0,0,0,0,0,0,,,,,,,,,,,,,,,2583,1786,2957,6275,2831,11517,4194,4596,1165,2381,2477,4449
'846510,"Machines for working wood, cork, bone, hard rubber, hard plastics or similar hard materials, ...",0,0,0,0,0,0,0,0,112,0,0,0,,,,,,,,,,,,,,,1374,1286,297,997,433,386,406,524,467,1339,690,264
'846719,"Pneumatic tools for working in the hand, non-rotary type",0,0,0,0,0,0,0,0,0,0,0,0,,,,,,,,,,,,,,,1337,1042,1381,1034,1762,1344,1602,1662,1246,1462,1262,1016
'847321,"Parts and accessories of electronic calculating machines of subheading 8470.10, 8470.21 or ...",0,0,0,0,0,0,0,0,0,0,0,0,,,,,,,,,,,,,,,602,308,102,654,259,54,329,210,338,331,169,44
'847521,Machines for making optical fibres and preforms thereof,0,0,0,0,0,0,0,0,0,0,0,0,,,,,,,,,,,,,,,643,1051,287,2072,1267,5,20,1,140,147,811,4
'847689,"Automatic goods-vending machines, without heating or refrigerating devices; money changing ...",0,0,0,0,0,0,0,0,0,0,0,0,,,,,,,,,,,,,,,256,311,345,223,284,541,515,113,326,344,346,412
'847920,Machinery for the extraction or preparation of animal or fixed vegetable or microbial fats ...,0,0,0,0,0,0,0,0,4,9,0,0,,,,,,,,,,,,,,,852,2310,630,1343,1286,821,1534,1607,2235,3311,1284,1513
'847940,Rope or cable-making machines (excl. twisting machines of the type used in spinning mills),0,0,0,0,0,0,0,0,0,0,0,0,,,,,,,,,,,,,,,15633,8732,13101,19763,11228,13128,10380,11495,22176,7911,11172,16417
'847029,"Electronic calculating machines not incorporating a printing device, with mains connection ...",0,0,0,0,0,0,0,0,0,0,0,0,,,,,,,,,,,,,,,39,30,37,24,34,3,101,78,122,190,125,31
'847983,Cold isostatic presses,0,0,0,0,0,0,0,0,0,0,0,0,,,,,,,,,,,,,,,18,0,37,2,39,380,206,0,0,23,0,132
'848490,"Sets or assortments of gaskets and similar joints, dissimilar in composition, put up in pouches, ...",0,0,0,0,0,2,0,1,1,0,0,0,,,,,,,,,,,,,,,3597,3404,3807,3747,3660,3668,5022,4431,3699,3309,3285,4085
'848530,"Machines for additive manufacturing by plaster, cement, ceramics or glass deposit",0,0,0,0,0,0,0,0,0,0,0,0,,,,,,,,,,,,,,,118,0,0,0,0,93,24,0,47,0,104,31
'850180,Photovoltaic AC generators,0,0,0,0,0,0,0,0,0,0,0,0,,,,,,,,,,,,,,,4,2,429,1,1,140,137,140,138,11,4,3
'850433,Transformers having a power handling capacity > 16 kVA but <= 500 kVA (excl. liquid dielectric ...,7,0,0,0,0,0,0,0,0,0,0,0,,,,,,,,,,,,,,,3380,3045,4358,6050,5908,5595,2528,3418,4222,3349,2906,2891
'850630,Mercuric oxide cells and batteries (excl. spent),0,0,0,0,0,0,0,0,0,0,0,0,,,,,,,,,,,,,,,0,0,0,0,0,0,0,0,0,0,0,0
'851411,Hot isostatic presses,0,0,0,0,0,0,0,0,0,0,0,0,,,,,,,,,,,,,,,53,14,3,0,6,87,0,2,564,14,272,245
'851420,Furnaces and ovens functioning by induction or dielectric loss,0,0,0,0,0,0,0,0,0,0,0,0,,,,,,,,,,,,,,,2763,399,1230,3754,883,2282,2016,1670,1176,736,2579,1495
'851511,"Soldering irons and guns, electric",0,0,0,0,0,0,0,0,0,0,0,0,,,,,,,,,,,,,,,270,169,240,280,879,253,511,298,133,262,247,250
'852190,"Video recording or reproducing apparatus, whether or not incorporating a video tuner (excl. ...",38,49,8,0,0,138,106,127,159,158,70,0,,,,,,,,,,,,,,,3018,2201,3336,2433,1873,3351,3252,4150,6953,2402,8954,2888
'852560,"Transmission apparatus for radio-broadcasting or television, incorporating reception apparatus",0,0,0,0,0,0,0,0,0,0,0,0,,,,,,,,,,,,,,,2912,4470,4753,2858,5579,3126,8144,5786,7852,5886,4182,9365
'852581,"High-speed television cameras, digital cameras and video camera recorders specified in subheading ...",0,0,0,0,0,0,0,0,0,0,0,0,,,,,,,,,,,,,,,167,7,7,21,16,20,17,34,39,14,14,64
'852713,"Radio-broadcast receivers capable of operating without an external source of power, combined ...",0,0,0,0,0,0,0,0,0,0,0,0,,,,,,,,,,,,,,,454,407,322,223,578,431,162,154,189,448,103,250
'852729,"Radio-broadcast receivers not capable of operating without an external source of power, of ...",0,0,0,3,0,0,0,0,0,0,0,0,,,,,,,,,,,,,,,21991,12371,23873,21028,18449,19130,17996,18819,18051,17204,21165,16352
'852799,"Radio-broadcast receivers, for mains operation only, not combined with sound recording or reproducing ...",0,0,0,0,249,0,191,0,0,0,0,0,,,,,,,,,,,,,,,270,408,517,417,701,259,588,635,433,224,52,127
'853090,"Parts of electrical signalling, safety or traffic control equipment, n.e.s.",0,0,0,0,0,0,0,0,0,0,0,0,,,,,,,,,,,,,,,5976,5180,5448,3124,4577,2116,2402,3057,3792,4190,3857,2775
'853190,"Parts of electric sound or visual signalling apparatus, n.e.s.",138,9,120,774,0,0,47,76,8,0,0,0,,,,,,,,,,,,,,,6946,6496,8221,9720,8897,7612,10270,8358,8408,11141,9368,11230
'853321,Fixed electrical resistors for a power handling capacity <= 20 W (excl. heating resistors),1,0,1,26,0,0,0,3,15,0,2,0,,,,,,,,,,,,,,,8599,8219,10399,8209,8810,7218,8674,9080,9403,9743,9105,10913
'850870,"Parts of vacuum cleaners, dry cleaners and wet vacuum cleaners, n.e.s.",0,15,0,0,0,0,0,0,0,0,0,0,,,,,,,,,,,,,,,409,554,1083,1334,856,493,836,455,1408,1502,700,524
'851180,"Electrical ignition or starting equipment, incl. cut-outs, of a kind used for spark-ignition ...",0,0,0,0,0,0,0,0,0,0,0,0,,,,,,,,,,,,,,,980,1212,1247,1204,812,844,795,1133,879,1522,2304,1133
'853922,Filament lamps of a power <= 200 W and for a voltage > 100 V (excl. tungsten halogen filament ...,0,0,0,0,0,0,0,0,0,0,0,0,,,,,,,,,,,,,,,12,28,20,8,28,10,5,16,21,43,47,22
'854914,"Primary cells, primary batteries and electric accumulators: spent goods and waste and scrap, ...",0,0,0,0,0,0,0,0,0,0,0,0,,,,,,,,,,,,,,,0,0,0,0,267,0,0,1116,1536,1240,0,0
'860110,Rail locomotives powered from an external source of electricity,0,0,0,0,0,0,0,0,0,0,0,0,,,,,,,,,,,,,,,0,0,104,0,0,0,132,0,0,0,930,0
'860400,"Railway or tramway maintenance or service vehicles, whether or not self-propelled, e.g., workshops, ...",0,0,0,0,0,0,0,0,0,0,0,0,,,,,,,,,,,,,,,375,2005,1400,932,0,5736,0,0,9114,0,0,0
'860610,Railway or tramway tank wagons and the like (excl. self-propelled),0,0,0,0,0,0,0,0,0,0,0,0,,,,,,,,,,,,,,,0,0,0,0,0,0,0,0,0,0,0,295
'860719,"Axles, for electrical purposes, and wheels and parts thereof for railway or tramway locomotives ...",0,0,0,0,0,0,0,0,0,0,0,0,,,,,,,,,,,,,,,16294,12589,25679,33120,27401,31096,28413,33119,27587,18072,21589,13081
'870124,"Road tractors for semi-trailers, with only electric motor for propulsion",0,0,0,0,0,0,0,0,0,0,0,0,,,,,,,,,,,,,,,686,0,2342,2575,9846,6561,1689,8279,18574,242,3699,8579
'870350,Motor cars and other motor vehicles principally designed for the transport of ...,0,0,0,0,0,0,0,0,0,0,0,0,,,,,,,,,,,,,,,27,0,20,0,0,0,0,30,0,0,0,0
'854011,"Cathode ray television picture tubes, incl. video monitor cathode ray tubes, colour",0,0,0,0,0,0,0,0,0,0,0,0,,,,,,,,,,,,,,,1,1,1,2,1,0,3,0,0,0,2,1
'854130,"Thyristors, diacs and triacs (excl. photosensitive semiconductor devices)",1,0,0,0,0,0,0,0,0,0,0,0,,,,,,,,,,,,,,,4359,4257,5513,4750,4539,9840,3792,11277,6083,8606,6781,8672
'854340,Electronic cigarettes and similar personal electric vaporizing devices,0,0,0,0,0,0,0,0,0,0,0,0,,,,,,,,,,,,,,,0,1,0,0,10,0,0,8,0,2,0,0
'854610,Electrical insulators of glass (excl. insulating fittings),0,0,0,0,0,0,0,0,0,0,0,0,,,,,,,,,,,,,,,101,10,129,57,31,64,136,106,73,72,48,81
'870990,"Parts of self-propelled works trucks, not fitted with lifting or handling equipment, of the ...",0,0,0,0,0,0,0,0,0,0,0,0,,,,,,,,,,,,,,,218,403,305,562,239,732,430,691,380,251,406,665
'871160,"Motorcycles, incl. mopeds, and cycles fitted with an auxiliary motor, with electric motor for ...",0,0,0,0,0,0,44,1,0,0,0,0,,,,,,,,,,,,,,,61,336,855,306,132,3438,23667,24441,16758,12188,20606,8553
'871200,"Bicycles and other cycles, incl. delivery tricycles, not motorised",0,26,0,0,145,0,0,28,0,0,136,0,,,,,,,,,,,,,,,377,205,403,164,464,681,467,319,339,459,460,252
'871390,"Carriages for disabled persons, motorised or otherwise mechanically propelled (excl. specially ...",0,0,0,0,0,0,0,0,0,0,0,0,,,,,,,,,,,,,,,481,811,640,352,533,433,409,1102,403,496,1365,202
'871492,"Wheel rims and spokes, for cycles (excl. for motorcycles)",0,0,0,0,0,0,0,0,0,0,0,0,,,,,,,,,,,,,,,427,439,771,648,906,871,545,659,704,258,516,266
'871494,"Brakes, incl. coaster braking hubs and hub brakes, and parts thereof, for cycles (excl. for ...",0,3,0,11,0,8,5,0,7,0,18,0,,,,,,,,,,,,,,,433,476,628,758,768,806,638,656,948,665,656,333
'871620,Self-loading or self-unloading trailers and semi-trailers for agricultural purposes,0,0,0,0,0,0,0,0,0,0,0,0,,,,,,,,,,,,,,,0,87,26,32,0,31,2,0,2,0,0,0
'871631,"Tanker trailers and tanker semi-trailers, not designed for running on rails",0,0,0,0,0,0,0,0,0,0,0,0,,,,,,,,,,,,,,,4,0,0,0,23,0,0,0,0,0,0,0
'880610,"Unmanned aircraft, designed for the carriage of passengers",0,0,0,0,0,0,0,0,0,0,0,0,,,,,,,,,,,,,,,0,0,0,0,0,0,0,0,0,0,0,0
'880622,"Unmanned aircraft, for remote-controlled flight only, with maximum take-off weight > 250 g ...",0,0,0,0,0,0,0,0,0,0,0,0,,,,,,,,,,,,,,,15,0,7,3,74,0,3,33,159,3,0,0
'880624,"Unmanned aircraft, for remote-controlled flight only, with maximum take-off weight > 25 kg ...",0,0,0,0,0,0,0,0,0,0,0,0,,,,,,,,,,,,,,,0,0,0,0,0,0,0,0,0,0,0,7668
'890321,"Sailboats, with or without auxiliary motor, of a length <= 7,5 m (excl. inflatable)",0,0,0,0,0,0,0,0,0,0,0,0,,,,,,,,,,,,,,,16,0,0,0,0,10,0,9,0,23,0,15
'890690,"Vessels, incl. lifeboats (excl. warships, rowing boats and other vessels of heading 8901 to ...",0,0,0,0,0,0,27,0,28,0,0,0,,,,,,,,,,,,,,,93977,380,729,419,104577,100195,281068,138950,1602,110248,211,133543
'900110,"Optical fibres, optical fibre bundles and cables (excl. made up of individually sheathed fibres ...",1,128,0,18,0,0,0,0,0,15,0,0,,,,,,,,,,,,,,,11006,8248,8034,8883,9072,9552,10074,6746,9902,8847,7372,9873
'900710,Cinematographic cameras,0,0,0,0,0,0,0,0,0,0,8,0,,,,,,,,,,,,,,,459,64,36,442,50,154,34,14,53,131,47,43
'901320,Lasers (excl. laser diodes),7,0,46,0,41,0,0,0,3,0,0,0,,,,,,,,,,,,,,,3852,3171,4477,3537,3627,2805,3528,4504,4094,13360,6095,5386
'901480,"Navigational instruments and apparatus (excl. for aeronautical or space navigation, compasses ...",0,2,0,0,0,0,0,0,0,0,0,0,,,,,,,,,,,,,,,1361,2054,3768,4576,1363,2334,3338,7322,4434,4212,9021,1823
'901530,Levels,0,0,0,0,0,0,1,0,0,0,0,0,,,,,,,,,,,,,,,1275,963,1504,493,661,596,855,1331,590,1108,551,1032
'901710,"Drafting tables and machines, whether or not automatic (excl. units for automatic data-processing ...",0,0,0,0,0,0,0,0,0,0,0,0,,,,,,,,,,,,,,,0,0,1,122,0,12,0,19,10,66,2,7
'902212,Computer tomography apparatus,0,0,0,0,0,0,0,0,0,0,0,0,,,,,,,,,,,,,,,11034,15187,9691,21609,24771,8803,10934,16297,17652,12271,19522,18362
'902214,"Apparatus based on the use of X-rays, for medical, surgical or veterinary uses (excl. for dental ...",0,0,0,0,0,0,0,0,0,0,0,0,,,,,,,,,,,,,,,21556,23287,37202,34919,38913,32255,31435,37292,22436,29898,28780,24327
'902229,"Apparatus based on the use of alpha, beta, gamma or other ionising radiation (other than for ...",0,0,0,0,0,0,0,0,0,0,0,0,,,,,,,,,,,,,,,856,1048,2860,1326,1481,1483,518,773,917,1989,756,523
'903020,Oscilloscopes and oscillographs,0,0,0,0,0,0,0,0,0,0,0,0,,,,,,,,,,,,,,,3169,3392,4224,3216,3036,4853,3724,5643,3249,3789,4546,6102
'910119,"Wrist-watches of precious metal or of metal clad with precious metal, whether or not incorporating ...",0,0,0,0,0,0,0,0,0,0,0,0,,,,,,,,,,,,,,,3029,3222,4688,5593,6553,5541,3854,4084,3044,6708,4105,8040
'910400,"Instrument panel clocks and clocks of a similar type for vehicles, aircraft, vessels and other ...",0,0,0,0,0,0,0,0,0,0,0,0,,,,,,,,,,,,,,,160,165,92,112,65,52,74,70,90,40,100,58
'910529,Wall clocks (excl. electrically operated),0,0,0,0,0,0,0,0,0,0,0,0,,,,,,,,,,,,,,,412,311,721,548,533,456,324,372,659,544,510,309
'910811,"Watch movements, complete and assembled, electrically operated, with mechanical display only ...",0,0,0,0,0,0,0,0,0,0,0,0,,,,,,,,,,,,,,,1780,1703,2415,1733,1933,1891,1695,2222,1017,1868,1796,2628
'911019,Rough clock movements,0,0,0,0,0,0,0,0,0,0,0,0,,,,,,,,,,,,,,,0,0,0,0,0,0,1,0,0,0,0,0
'911090,"Complete, unassembled or partly assembled clock movements ""movement sets""; incomplete clock ...",0,0,0,0,0,0,0,0,0,0,0,0,,,,,,,,,,,,,,,29,0,0,1,0,2,0,0,6,1,0,0
'911110,"Cases for wrist-watches, pocket-watches and other watches of heading 9101 or 9102, of precious ...",0,0,0,0,0,0,0,0,0,0,0,0,,,,,,,,,,,,,,,40,0,0,0,0,0,0,0,0,0,0,0
'911190,"Parts of cases for wrist-watches, pocket-watches and other watches of heading 9101 or 9102, ...",4,5,1,1,2,0,7,0,0,0,0,0,,,,,,,,,,,,,,,175,92,351,112,99,114,951,161,129,419,176,117
'920790,"Accordions and musical instruments without keyboards, the sound of which is produced, or must ...",0,0,0,0,0,0,0,0,0,0,0,0,,,,,,,,,,,,,,,665,1160,912,807,1049,1251,1420,1057,1024,878,985,907
'920890,"Fairground organs, mechanical street organs, mechanical singing birds, musical saws and other ...",0,0,0,0,0,0,0,0,0,0,0,0,,,,,,,,,,,,,,,36,48,71,15,39,54,14,50,12,33,19,2
'930330,"Sporting, hunting and target-shooting shotguns with one or more rifled bores (other than spring, ...",0,0,0,0,0,0,0,0,0,0,0,0,,,,,,,,,,,,,,,96,86,121,61,109,144,253,92,129,109,85,50
'930599,"Parts and accessories for weapons and the like of heading 9303 or 9304, n.e.s. (excl. of shotguns ...",0,0,0,0,0,0,0,0,0,0,0,0,,,,,,,,,,,,,,,1625,9809,2166,807,291,2274,925,7207,4124,5221,93,390
'930621,Cartridges for smooth-barrelled shotguns,0,0,0,0,0,0,0,0,0,0,0,0,,,,,,,,,,,,,,,436,258,2173,686,248,181,278,220,133,551,748,450
'902810,"Gas meters, incl. calibrating meters therefor",0,0,0,0,0,0,0,0,0,0,26,0,,,,,,,,,,,,,,,800,664,633,516,767,240,536,1089,471,390,1135,405
'940290,"Operating tables, examination tables, and other medical, dental, surgical or veterinary furniture ...",0,0,0,0,0,0,0,0,0,0,0,0,,,,,,,,,,,,,,,4837,6685,6422,5820,4278,6062,5924,6367,5864,4956,5207,5456
'940370,"Furniture of plastics (excl. medical, dental, surgical or veterinary, and seats)",2,1,3,7,51,0,0,0,10,6,0,0,,,,,,,,,,,,,,,937,800,1196,1516,1702,1553,1264,1133,1327,1193,1021,911
'940382,"Furniture of bamboo (excl. seats and medical, surgical, dental or veterinary furniture)",0,0,0,0,0,0,0,0,0,0,0,0,,,,,,,,,,,,,,,7,22,37,13,7,42,42,10,2,39,31,19
'940521,"Electric table, desk, bedside or floor-standing luminaires, solely for light-emitting diode ...",0,0,0,0,0,0,0,0,0,0,0,0,,,,,,,,,,,,,,,228,81,89,147,119,121,179,238,89,121,124,166
'940610,"Prefabricated buildings of wood, whether or not complete or already assembled",0,0,0,0,0,0,0,0,0,0,0,0,,,,,,,,,,,,,,,255,158,45,171,2,329,268,63,363,0,31,250
'940620,"Modular building units, of steel",0,0,0,0,0,0,0,0,0,0,0,0,,,,,,,,,,,,,,,793,12,180,150,658,3,154,267,291,180,167,34
'950430,"Games with screens, flipper and other games, operated by coins, banknotes, bank cards, tokens ...",20,0,3,0,0,0,0,0,0,0,0,0,,,,,,,,,,,,,,,1120,1060,1409,1425,1586,1644,1803,1857,2998,1368,3083,1992
'950611,"Skis, for winter sports",0,0,0,0,0,0,0,0,0,0,0,0,,,,,,,,,,,,,,,0,0,0,2,9,6,43,34,113,7,9,81
'950670,"Ice skates and roller skates, incl. skating boots with skates or rollers attached",2,0,0,3,0,2,0,0,0,0,0,0,,,,,,,,,,,,,,,606,625,391,481,370,480,339,715,573,593,646,859
'950822,"Carousels, swings and roundabouts",0,0,0,0,0,0,0,0,0,0,0,0,,,,,,,,,,,,,,,1852,303,5,1562,1719,1096,1,0,419,1,81,0
'950829,"Amusement park rides (excl. roller coasters, carousels, swings, roundabouts, dodge'em cars, ...",0,0,0,0,0,0,0,0,0,0,0,0,,,,,,,,,,,,,,,1154,991,1589,2227,639,1300,585,1333,1058,1204,1539,637
'960330,"Artists' brushes, writing brushes and similar brushes for the application of cosmetics",0,0,0,0,0,0,0,0,0,0,0,0,,,,,,,,,,,,,,,615,828,785,513,916,551,806,970,859,821,735,882
'960350,"Brushes constituting parts of machines, appliances or vehicles",0,0,2,0,0,0,0,4,1,0,0,0,,,,,,,,,,,,,,,995,890,1142,948,1064,1154,1014,1201,1224,1086,1028,1163
'960990,"Pencils, pastels, drawing charcoals, writing or drawing chalks and tailors' chalks",0,0,0,0,0,0,74,0,0,0,0,0,,,,,,,,,,,,,,,852,611,696,572,672,913,500,938,1180,844,714,700
'961390,"Parts of lighters, n.e.s.",0,0,0,13,0,0,37,51,65,56,0,0,,,,,,,,,,,,,,,262,249,306,461,324,428,406,287,369,604,411,299
'970529,"Collections and collectors’ pieces of zoological, botanical, mineralogical, anatomical or paleontological ...",0,0,0,0,0,0,0,0,0,0,0,0,,,,,,,,,,,,,,,0,0,0,0,0,0,0,0,0,0,0,0
'010231,Pure-bred buffalo for breeding,0,0,0,0,0,0,0,0,0,0,0,0,,,,,,,,,,,,,,,0,0,0,0,0,0,0,0,0,0,0,0
'010594,"Live fowls of the species Gallus domesticus, weighing > 185",0,0,0,0,0,0,0,0,0,0,0,0,,,,,,,,,,,,,,,0,0,0,0,0,0,0,0,0,0,0,0
'010641,Live bees,0,0,0,0,0,0,0,0,0,0,0,0,,,,,,,,,,,,,,,0,0,0,0,0,0,1,0,0,1,0,0
'020230,"Frozen, boneless meat of bovine animals",0,0,0,0,0,0,0,0,0,0,0,0,,,,,,,,,,,,,,,0,0,0,0,0,0,0,0,0,0,0,0
'020319,"Fresh or chilled meat of swine (excl. carcases and half-carcases, and hams, shoulders and cuts ...",0,0,0,0,0,0,0,0,0,0,0,0,,,,,,,,,,,,,,,35,48,0,61,0,38,29,0,32,0,0,75
'020321,Frozen carcases and half-carcases of swine,0,0,0,0,0,0,0,0,0,0,0,0,,,,,,,,,,,,,,,0,0,26,0,0,0,0,0,0,0,0,0
'020421,Fresh or chilled sheep carcases and half-carcases (excl. lambs),0,0,0,0,0,0,0,0,0,0,0,0,,,,,,,,,,,,,,,0,0,0,0,0,0,0,0,0,0,0,0
'020621,Frozen edible bovine tongues,0,0,0,0,0,0,0,0,0,0,0,0,,,,,,,,,,,,,,,0,0,0,0,0,0,0,0,0,0,0,0
'020629,Frozen edible bovine offal (excl. tongues and livers),0,0,0,0,0,0,0,0,0,0,0,0,,,,,,,,,,,,,,,0,0,0,0,0,0,0,0,0,0,0,0
'020680,"Fresh or chilled edible offal of sheep, goats, horses, asses, mules and hinnies",0,0,0,0,0,0,0,0,0,0,0,0,,,,,,,,,,,,,,,0,0,0,0,0,0,0,0,0,0,0,0
'020725,"Frozen turkeys of the species domesticus, not cut into pieces",0,0,0,0,0,0,0,0,0,0,0,0,,,,,,,,,,,,,,,0,0,0,49,112,122,0,0,0,0,0,0
'030214,"Fresh or chilled Atlantic salmon ""Salmo salar"" and Danube salmon ""Hucho hucho""",0,0,0,0,0,0,0,0,0,0,0,0,,,,,,,,,,,,,,,273,258,374,283,309,328,377,405,319,382,339,328
'030223,"Fresh or chilled sole ""Solea spp.""",0,0,0,0,0,0,0,0,0,0,0,0,,,,,,,,,,,,,,,0,0,0,0,0,0,0,0,0,0,0,0
'030244,"Fresh or chilled mackerel ""Scomber scombrus, Scomber australasicus, Scomber japonicus""",0,0,0,0,0,0,0,0,0,0,0,0,,,,,,,,,,,,,,,0,0,0,0,0,0,0,0,0,0,0,0
'030246,"Fresh or chilled cobia ""Rachycentron canadum""",0,0,0,0,0,0,0,0,0,0,0,0,,,,,,,,,,,,,,,0,0,0,0,0,0,0,0,0,0,0,0
'030312,"Frozen Pacific salmon (excl. sockeye salmon ""red salmon"")",0,0,0,0,0,0,0,0,0,0,0,0,,,,,,,,,,,,,,,0,0,0,37,0,6018,7031,1866,353,68,0,0
'030339,"Frozen flat fish ""Pleuronectidae, Bothidae, Cynoglossidae, Soleidae, Scophthalmidae and Citharidae"" ...",0,0,0,0,0,0,0,0,0,0,0,0,,,,,,,,,,,,,,,645,251,360,731,0,0,293,0,164,0,0,276
'030349,"Frozen tunas of the genus ""Thunnus"" (excl. Thunnus alalunga, Thunnus albacares, Thunnus obesus, ...",0,0,0,0,0,0,0,0,0,0,0,0,,,,,,,,,,,,,,,130,93,187,51,0,0,0,70,0,0,0,0
'030364,"Frozen haddock ""Melanogrammus aeglefinus""",0,0,0,0,0,0,0,0,0,0,0,0,,,,,,,,,,,,,,,0,0,0,0,102,0,0,0,0,0,0,19
'030389,"Frozen fish, n.e.s.",0,0,0,0,0,0,0,0,0,0,0,0,,,,,,,,,,,,,,,2261,3520,1712,4590,2571,1333,3279,5043,4138,6085,5666,3014
'030399,"Frozen fish fins, heads, tails, maws and other edible fish offal (excl. livers, roes, milt ...",0,0,0,0,0,0,0,0,0,0,0,0,,,,,,,,,,,,,,,0,0,0,0,0,0,0,0,0,0,0,0
'030432,"Fresh or chilled fillets of catfish ""Pangasius spp., Silurus spp., Clarias spp., Ictalurus ...",0,0,0,0,0,0,0,0,0,0,0,0,,,,,,,,,,,,,,,0,0,0,0,0,0,0,0,0,0,0,0
'030459,"Fresh or chilled fish meat, whether or not minced (excl. all fillets, tilapias, catfish, carp, ...",0,0,0,0,0,0,0,0,0,0,0,0,,,,,,,,,,,,,,,0,0,0,0,0,0,0,0,0,0,0,0
'030481,"Frozen fillets of Pacific salmon ""Oncorhynchus nerka, Oncorhynchus gorbuscha, Oncorhynchus ...",0,0,0,0,0,0,0,0,0,0,0,0,,,,,,,,,,,,,,,264,0,266,0,58,0,66,0,203,1,0,314
'030483,"Frozen fillets of flat fish ""Pleuronectidae, Bothidae, Cynoglossidae, Soleidae, Scophthalmidae ...",0,0,0,0,0,0,0,0,0,0,0,0,,,,,,,,,,,,,,,0,0,0,0,0,0,0,0,0,0,0,0
'030539,"Fish fillets, dried, salted or in brine, but not smoked (excl. tilapia, catfish, carp, eels, ...",0,0,0,0,0,0,0,0,0,0,0,0,,,,,,,,,,,,,,,0,0,0,0,0,0,0,0,0,0,0,0
'030563,"Anchovies ""Engraulis spp."", salted or in brine only (excl. fillets and offal)",0,0,0,0,0,0,0,0,0,0,0,0,,,,,,,,,,,,,,,0,0,0,0,0,0,0,0,0,0,0,0
'030890,"Live, fresh, chilled, frozen, dried, salted or in brine, even smoked, aquatic invertebrates ...",0,0,0,0,0,0,0,0,0,0,0,0,,,,,,,,,,,,,,,7,6,46,19,224,200,333,310,423,544,522,305
'040110,"Milk and cream of a fat content by weight of <= 1%, not concentrated nor containing added sugar ...",0,0,0,0,0,0,0,0,0,0,0,0,,,,,,,,,,,,,,,0,0,0,0,0,0,0,0,0,0,0,0
'040221,"Milk and cream in solid forms, of a fat content by weight of > 1,5%, unsweetened",0,0,0,0,0,0,0,0,0,0,0,0,,,,,,,,,,,,,,,0,8,0,0,0,0,35,101,0,0,0,0
'050590,"Skins and other parts of birds, with their feathers or down, feathers and parts of feathers, ...",0,0,0,0,0,0,0,0,0,0,0,0,,,,,,,,,,,,,,,9,0,0,0,0,0,0,0,0,0,0,0
'060110,"Bulbs, tubers, tuberous roots, corms, crowns and rhizomes, dormant (excl. those used for human ...",0,0,0,0,0,0,0,0,0,0,0,0,,,,,,,,,,,,,,,45,215,457,192,378,147,314,227,242,122,136,52
'060120,"Bulbs, tubers, tuberous roots, corms, crowns and rhizomes, in growth or in flower; chicory ...",0,0,0,0,0,0,0,0,0,0,0,0,,,,,,,,,,,,,,,269,456,747,376,402,856,250,255,273,304,376,306
'060290,"Live plants, incl. their roots, and mushroom spawn (excl. bulbs, tubers, tuberous roots, corms, ...",11,9,12,0,0,0,10,8,0,0,0,0,,,,,,,,,,,,,,,1648,2285,2791,2010,2311,1777,1981,2402,2756,2188,1971,2454
'060314,"Fresh cut chrysanthemums and buds, of a kind suitable for bouquets or for ornamental purposes",0,0,0,0,0,0,0,0,0,0,0,0,,,,,,,,,,,,,,,0,0,0,0,0,0,0,0,0,0,0,0
'070110,Seed potatoes,0,0,0,0,0,0,0,0,0,0,0,0,,,,,,,,,,,,,,,0,0,0,0,0,0,0,0,0,0,0,0
'070690,"Fresh or chilled salad beetroot, salsify, celeriac, radishes and similar edible roots (excl. ...",0,0,0,0,0,0,0,0,0,0,0,0,,,,,,,,,,,,,,,0,0,0,0,0,0,0,0,0,0,0,0
'070920,Fresh or chilled asparagus,0,0,0,0,0,0,0,0,0,0,0,0,,,,,,,,,,,,,,,28,12,35,39,24,36,25,27,40,37,22,6
'071339,"Dried, shelled beans ""Vigna and Phaseolus"", whether or not skinned or split (excl. beans of ...",0,0,0,0,0,0,0,0,0,0,0,0,,,,,,,,,,,,,,,334,937,518,4097,5338,4720,7024,1354,3489,2622,863,2136
'071420,"Sweet potatoes, fresh, chilled, frozen or dried, whether or not sliced or in the form of pellets",0,0,0,0,0,0,0,0,0,0,0,0,,,,,,,,,,,,,,,0,0,0,0,0,0,0,0,0,0,0,1
'080121,"Fresh or dried brazil nuts, in shell",0,0,0,0,0,0,0,0,0,0,0,0,,,,,,,,,,,,,,,90,55,0,0,0,0,0,0,0,0,0,0
'080122,"Fresh or dried brazil nuts, shelled",0,0,0,0,0,0,0,0,0,0,0,0,,,,,,,,,,,,,,,0,0,0,0,0,0,0,0,4,0,0,0
'100710,"Grain sorghum, for sowing",0,0,0,0,0,0,0,0,0,0,0,0,,,,,,,,,,,,,,,0,0,0,0,0,0,0,0,0,0,0,0
'100790,Grain sorghum (excl. for sowing),0,0,0,0,0,0,0,0,0,0,0,0,,,,,,,,,,,,,,,0,0,0,0,0,0,0,0,0,0,0,0
'100850,"Quinoa ""Chenopodium quinoa""",0,0,0,0,0,0,0,0,0,0,0,0,,,,,,,,,,,,,,,54,87,0,102,80,35,0,31,0,0,0,92
'110220,"Maize ""corn"" flour",0,0,0,0,0,0,0,0,0,0,0,0,,,,,,,,,,,,,,,12,6,8,0,1,0,0,0,3,0,0,0
'110610,"Flour, meal and powder of peas, beans, lentils and the other dried leguminous vegetables of ...",0,0,0,0,0,0,0,0,0,0,0,0,,,,,,,,,,,,,,,1,3,0,0,523,0,0,0,0,0,1,0
'110811,Wheat starch,0,0,0,0,0,0,0,0,0,0,0,0,,,,,,,,,,,,,,,134,62,13,88,123,247,91,102,73,156,140,218
'120590,"High erucic rape or colza seeds ""yielding a fixed oil which has an erucic acid content of >= ...",0,0,0,0,0,0,0,0,0,0,0,0,,,,,,,,,,,,,,,0,0,0,0,0,0,0,0,0,0,0,0
'120721,Cotton seeds for sowing,0,0,0,0,0,0,0,0,0,0,0,0,,,,,,,,,,,,,,,0,0,0,0,0,0,0,0,0,0,0,0
'120799,"Oil seeds and oleaginous fruits, whether or not broken (excl. edible nuts, olives, soya beans, ...",0,0,0,0,0,0,0,0,0,0,0,0,,,,,,,,,,,,,,,2946,3653,2825,2152,2218,2815,19131,23545,20709,8652,5116,1252
'120929,"Seeds of forage plants for sowing (excl. of cereals and of sugar beet, alfalfa, clover ""Trifolium ...",0,0,0,0,0,0,0,0,0,0,0,0,,,,,,,,,,,,,,,48,22,150,145,719,48,0,0,0,0,15,7
'120930,"Seeds of herbaceous plants cultivated mainly for flowers, for sowing",0,0,0,0,0,0,0,0,0,0,0,0,,,,,,,,,,,,,,,888,1771,2082,672,611,412,456,1106,896,1500,969,846
'121010,"Hop cones, fresh or dried (excl. ground, powdered or in the form of pellets)",0,0,0,0,0,0,0,0,0,0,0,0,,,,,,,,,,,,,,,0,0,0,0,0,0,0,0,0,0,0,0
'130232,"Mucilages and thickeners, derived from locust beans, locust bean seeds or guar seeds, whether ...",0,0,0,0,0,0,0,0,0,0,0,0,,,,,,,,,,,,,,,879,718,746,708,639,483,281,533,305,996,734,643
'140190,"Reeds, rushes, osier, raffia, cleaned, bleached or dyed cereal straw, lime bark and other vegetable ...",0,0,0,0,0,0,0,0,0,0,0,0,,,,,,,,,,,,,,,41,156,118,5,146,170,34,69,34,191,64,67
'150930,"Virgin olive oil ""EU cat. 2"" obtained from the fruit of the olive tree solely by mechanical ...",0,0,0,0,0,0,0,0,0,0,0,0,,,,,,,,,,,,,,,15,0,20,9,0,7,2,12,0,10,0,1
'151090,"Other oils and their fractions ""EU cat. 7 and 8"", obtained solely from olives, whether or not ...",0,0,0,0,0,0,0,0,0,0,0,0,,,,,,,,,,,,,,,542,491,326,475,339,359,669,488,378,499,154,589
'151319,"Coconut oil and its fractions, whether or not refined, but not chemically modified (excl. crude)",0,0,0,0,0,0,0,0,0,0,0,0,,,,,,,,,,,,,,,39,1,1,4367,796,616,0,1,9,1,0,0
'152200,Degras; residues resulting from the treatment of fatty substances or animal or vegetable waxes,0,0,0,0,0,0,0,0,0,0,0,0,,,,,,,,,,,,,,,0,0,0,0,0,0,0,0,0,0,0,0
'160413,"Prepared or preserved sardines, sardinella and brisling or sprats, whole or in pieces (excl. ...",0,0,0,0,0,0,0,0,0,0,0,0,,,,,,,,,,,,,,,19,0,0,35,0,0,36,10,32,0,0,0
'160415,"Prepared or preserved mackerel, whole or in pieces (excl. minced)",0,0,0,0,0,0,0,0,0,0,0,0,,,,,,,,,,,,,,,15,0,0,18,0,1,19,0,15,0,3,0
'170113,"Raw cane sugar, in solid form, not containing added flavouring or colouring matter, obtained ...",0,0,0,0,0,0,0,0,0,0,0,0,,,,,,,,,,,,,,,15,0,1,0,0,0,0,0,0,2,0,0
'170250,Chemically pure fructose in solid form,0,0,0,0,0,0,0,0,0,0,0,0,,,,,,,,,,,,,,,228,164,304,248,561,465,364,214,239,126,120,76
'180100,"Cocoa beans, whole or broken, raw or roasted",0,0,0,0,0,0,0,0,0,0,0,0,,,,,,,,,,,,,,,15486,15316,19219,14768,4484,3909,2027,4014,5974,8225,4047,3562
'180632,"Chocolate and other preparations containing cocoa, in blocks, slabs or bars of <= 2 kg (excl. ...",0,0,0,0,0,0,0,0,0,0,0,0,,,,,,,,,,,,,,,626,558,818,916,756,982,1087,1149,861,549,783,807
'190490,"Cereals (excl. maize [corn]) in grain or flake form or other worked grains, pre-cooked or otherwise ...",0,0,0,0,0,0,0,0,0,0,0,0,,,,,,,,,,,,,,,153,140,129,327,159,139,228,10,54,433,29,127
'200210,"Tomatoes, whole or in pieces, prepared or preserved otherwise than by vinegar or acetic acid",0,0,0,0,0,0,0,0,0,0,0,0,,,,,,,,,,,,,,,284,389,319,178,142,330,95,208,101,227,108,297
'200540,"Peas ""Pisum Sativum"", prepared or preserved otherwise than by vinegar or acetic acid (excl. ...",0,0,0,0,0,0,0,0,0,0,0,0,,,,,,,,,,,,,,,26,0,0,0,0,0,0,0,20,0,0,0
'200559,"Unshelled beans ""Vigna spp., Phaseolus spp."", prepared or preserved otherwise than by vinegar ...",0,0,0,0,0,0,0,0,0,0,0,0,,,,,,,,,,,,,,,90,50,64,38,16,97,80,27,77,25,127,81
'080261,"Fresh or dried macadamia nuts, in shell",0,0,0,0,0,0,0,0,0,0,0,0,,,,,,,,,,,,,,,0,0,0,0,22,0,0,0,0,0,0,0
'080521,Fresh or dried mandarins incl. tangerines and satsumas (excl. clementines),0,0,0,0,0,0,0,0,0,0,0,0,,,,,,,,,,,,,,,2266,2088,4006,3959,4576,6104,2788,1532,4538,3997,3378,4640
'080540,Fresh or dried grapefruit and pomelos,0,0,0,0,0,0,0,0,0,0,0,0,,,,,,,,,,,,,,,79,63,60,26,34,36,46,54,90,20,42,41
'080719,Fresh melons (excl. watermelons),0,0,0,0,0,0,0,0,0,0,0,0,,,,,,,,,,,,,,,1,1,3,9,2,9,2,9,9,10,6,4
'080830,Fresh pears,0,0,0,0,0,0,0,0,0,0,0,0,,,,,,,,,,,,,,,3864,2959,1729,2885,3496,4351,3616,1234,1182,1249,1961,2608
'081070,Fresh persimmons,0,0,0,0,0,0,0,0,0,0,0,0,,,,,,,,,,,,,,,0,154,0,0,0,0,0,9,19,0,0,0
'081190,"Frozen fruit and nuts, uncooked or cooked by steaming or boiling in water, whether or not sweetened ...",114,63,26,182,0,49,50,49,40,39,0,0,,,,,,,,,,,,,,,416,424,450,625,270,640,194,574,427,325,219,574
'090210,Green tea in immediate packings of <= 3 kg,0,0,0,0,0,0,0,0,0,0,0,0,,,,,,,,,,,,,,,118,29,78,31,48,51,61,40,102,54,46,68
'090422,"Fruits of the genus Capsicum or of the genus Pimenta, crushed or ground",0,0,0,0,0,0,0,0,0,0,0,0,,,,,,,,,,,,,,,561,998,493,447,512,249,870,1438,1609,1198,1003,959
'090510,"Vanilla, neither crushed nor ground",0,0,0,0,0,0,0,0,0,0,0,0,,,,,,,,,,,,,,,88,333,10,15,7,105,29,0,23,28,14,302
'090932,"Cumin seeds, crushed or ground",0,0,0,0,0,0,0,0,0,0,0,0,,,,,,,,,,,,,,,72,0,3,5,91,75,2,79,58,35,1,77
'091012,"Ginger, crushed or ground",1,0,0,0,0,0,0,0,0,0,0,0,,,,,,,,,,,,,,,1,62,72,23,16,0,0,24,0,1,291,16
'100610,"Rice in the husk, ""paddy"" or rough",0,0,0,0,0,0,0,0,0,22,0,0,,,,,,,,,,,,,,,0,0,0,0,352,0,0,0,1,22,0,0
'210330,"Mustard flour and meal, whether or not prepared, and mustard",0,0,0,0,0,0,0,0,0,0,0,0,,,,,,,,,,,,,,,35,9,65,49,71,53,77,53,72,20,60,68
'210420,"Food preparations consisting of finely homogenised mixtures of two or more basic ingredients, ...",0,0,0,0,0,0,0,0,0,0,0,0,,,,,,,,,,,,,,,5,0,0,0,0,0,0,0,0,0,4,0
'210500,"Ice cream and other edible ice, whether or not containing cocoa",0,0,0,0,0,0,0,0,0,0,0,0,,,,,,,,,,,,,,,137,305,115,294,43,0,185,144,74,249,41,195
'210610,Protein concentrates and textured protein substances,0,0,0,0,0,0,0,0,0,0,0,0,,,,,,,,,,,,,,,727,720,1618,1268,1464,1271,2299,1097,1507,703,749,1627
'220291,Non-alcoholic beer <= 0.5% vol alc,0,0,0,0,0,0,0,0,0,0,0,0,,,,,,,,,,,,,,,215,108,265,246,499,647,924,764,90,174,0,279
'220429,"Wine of fresh grapes, incl. fortified wines, and grape must whose fermentation has been arrested ...",0,0,0,0,0,0,0,0,0,0,0,0,,,,,,,,,,,,,,,365,284,622,357,238,83,588,331,650,658,219,227
'220590,"Vermouth and other wine of fresh grapes, flavoured with plants or aromatic substances, in containers ...",0,0,0,0,0,0,0,0,0,0,0,0,,,,,,,,,,,,,,,0,0,0,0,1,26,0,1,2,0,0,0
'220830,Whiskies,0,0,0,0,0,0,0,0,0,0,0,0,,,,,,,,,,,,,,,29032,34401,41743,40372,38878,48087,45824,50123,60093,47921,32217,43624
'220860,Vodka,0,0,0,0,0,0,0,0,0,0,0,0,,,,,,,,,,,,,,,2502,2102,1828,1363,3260,3235,4705,2968,2887,2011,1324,1460
'230400,"Oilcake and other solid residues, whether or not ground or in the form of pellets, resulting ...",0,0,0,0,0,0,0,0,0,0,0,0,,,,,,,,,,,,,,,2073,1298,152,316,140,1262,9,37,31,32,9,959
'230630,"Oilcake and other solid residues, whether or not ground or in the form of pellets, resulting ...",0,0,0,0,0,0,0,0,0,0,0,0,,,,,,,,,,,,,,,0,0,0,0,0,0,0,44,0,0,0,0
'281830,Aluminium hydroxide,0,0,0,0,0,0,0,0,0,0,0,0,,,,,,,,,,,,,,,5216,2433,3917,3909,5626,5634,3494,4291,7013,4048,4898,5982
'282010,Manganese dioxide,0,0,0,0,0,0,0,0,0,0,0,0,,,,,,,,,,,,,,,1262,851,1948,1594,1876,951,1199,1161,1428,1327,1530,2010
'282090,Manganese oxides (excl. manganese dioxide),0,0,0,0,0,0,0,0,0,0,0,0,,,,,,,,,,,,,,,920,738,317,801,479,1057,816,1116,767,328,1076,303
'282510,Hydrazine and hydroxylamine and their inorganic salts,0,0,0,0,0,0,0,0,0,0,0,0,,,,,,,,,,,,,,,2527,4912,6271,8309,6387,6800,6801,3019,3573,4149,2600,3719
'282540,Nickel oxides and hydroxides,0,0,0,0,0,0,0,0,0,0,0,0,,,,,,,,,,,,,,,418,1376,4451,273,1183,21,945,442,524,182,581,684
'282751,Bromides of sodium or of potassium,0,0,0,0,0,0,0,0,0,0,0,0,,,,,,,,,,,,,,,0,472,258,280,197,558,267,200,396,18,57,218
'282759,"Bromides and bromide oxides (excl. of sodium, potassium and mercury)",0,0,0,0,0,0,0,0,0,0,0,0,,,,,,,,,,,,,,,1,5,165,2,10,87,14,9,3,30,5,157
'283210,Sodium sulphites,0,0,0,0,0,0,0,0,0,0,0,0,,,,,,,,,,,,,,,887,814,1351,860,688,857,932,609,1392,1287,1512,1142
'283539,"Polyphosphates, whether or not chemically defined (excl. sodium triphosphate ""sodium tripolyphosphate"", ...",0,0,0,0,0,0,0,0,0,0,0,0,,,,,,,,,,,,,,,2377,2193,2218,2205,2669,2822,2064,1514,2006,1532,1159,2622
'283719,Cyanides and cyanide oxides (excl. sodium and mercury),0,0,0,0,0,0,0,0,0,0,0,0,,,,,,,,,,,,,,,751,855,838,588,788,1008,576,1145,543,1056,360,1098
'284150,Chromates and dichromates; peroxochromates (excl. sodium dichromate and inorganic or organic ...,0,0,0,0,0,0,0,0,0,0,0,0,,,,,,,,,,,,,,,95,0,60,1,2,79,25,2,89,61,1,25
'284390,"Inorganic or organic compounds of precious metals, whether or not chemically defined (excl. ...",0,0,0,0,0,0,0,0,0,0,0,0,,,,,,,,,,,,,,,91851,80604,78774,122980,108879,118058,129431,184004,117385,220360,195717,266254
'290129,"Hydrocarbons, acyclic, unsaturated (excl. ethylene, propene ""propylene"", butene ""butylene"" ...",0,0,0,0,0,0,0,0,0,0,0,0,,,,,,,,,,,,,,,23677,28299,23494,32872,24008,27791,25762,25996,18781,18680,13307,13927
'290319,"Saturated chlorinated derivatives of acyclic hydrocarbons (excl. chloromethane [methyl chloride], ...",0,0,0,0,0,0,0,0,0,0,0,0,,,,,,,,,,,,,,,771,641,366,666,628,443,310,559,906,706,675,843
'290323,"Tetrachloroethylene ""perchloroethylene""",0,0,0,0,0,0,0,0,0,0,0,0,,,,,,,,,,,,,,,263,329,1226,713,580,560,495,991,693,627,669,1197
'290346,"1,1,1,2,3,3,3-Heptafluoropropane ""HFC-227ea"", 1,1,1,2,2,3-hexafluoropropane ""HFC-236cb"", 1,1,1,2,3,3-hexafluoropropane ...",0,0,0,0,0,0,0,0,0,0,0,0,,,,,,,,,,,,,,,494,112,140,585,174,1741,186,474,231,876,415,203
'290348,"1,1,1,3,3-Pentafluorobutane ""HFC-365mfc"" and 1,1,1,2,2,3,4,5,5,5-decafluoropentane ""HFC-43-10mee""",0,0,0,0,0,0,0,0,0,0,0,0,,,,,,,,,,,,,,,0,119,0,0,0,0,0,0,0,0,6,0
'290351,"2,3,3,3-Tetrafluoropropene ""HFO-1234yf"", 1,3,3,3-tetrafluoropropene ""HFO-1234ze"" and (Z)-1,1,1,4,4,4-hexafluoro-2-butene ...",0,0,0,0,0,0,0,0,0,0,0,0,,,,,,,,,,,,,,,428,77,486,380,343,1167,272,196,0,350,199,199
'290376,"Bromochlorodifluoromethane, bromotrifluoromethane and dibromotetrafluoroethanes",0,0,0,0,0,0,0,0,0,0,0,0,,,,,,,,,,,,,,,0,88,0,0,0,199,0,0,0,0,1130,0
'290389,"Halogenated derivatives of cyclanic, cyclenic or cycloterpenic hydrocarbons (excl. 1,2,3,4,5,6-Hexachlorocyclohexane ...",0,0,0,0,0,0,0,0,0,0,0,0,,,,,,,,,,,,,,,161,199,37,112,203,288,380,240,255,620,182,566
'290499,"Sulphonated, nitrated or nitrosated derivatives of hydrocarbons, whether or not halogenated ...",0,0,0,0,0,0,0,0,0,0,0,0,,,,,,,,,,,,,,,7452,5096,4264,5135,4883,6562,4756,5614,5525,4636,2488,6590
'290514,"Butanols (excl. butan-1-ol ""n-butyl alcohol"")",0,0,0,0,0,0,0,0,0,0,0,0,,,,,,,,,,,,,,,3044,4510,3703,3848,5741,4215,4581,2332,4930,1959,5049,3025
'290516,"Octanol ""octyl alcohol"" and isomers thereof",0,0,0,0,0,0,0,0,0,0,0,0,,,,,,,,,,,,,,,5854,5097,3860,16115,11483,13411,2889,13422,5749,17956,3143,14374
'290531,"Ethylene glycol ""ethanediol""",0,0,0,0,0,0,0,0,0,0,0,0,,,,,,,,,,,,,,,57569,45871,65011,57436,58967,55405,62969,33285,41394,34365,62858,35575
'290943,Monobutyl ethers of ethylene glycol or of diethylene glycol,0,0,0,0,0,0,0,0,0,0,0,0,,,,,,,,,,,,,,,5095,9314,5544,4768,14481,3066,6795,3244,3197,2675,3002,3120
'291412,"Butanone ""methyl ethyl ketone""",0,0,0,0,0,0,0,0,0,0,0,0,,,,,,,,,,,,,,,2872,3183,2955,6596,157,7193,4321,5142,1607,1938,304,4148
'291479,"Halogenated, sulphonated, nitrated or nitrosated derivatives of ketones or quinones (excl. ...",0,0,0,0,0,0,0,0,0,0,0,0,,,,,,,,,,,,,,,6796,3624,3346,2372,2516,3641,4898,4530,4470,4879,4823,4012
'291521,Acetic acid,0,0,0,0,0,0,0,0,0,0,0,0,,,,,,,,,,,,,,,46606,52597,42356,50463,50495,34985,32872,12026,22274,57612,49579,53620
'291531,Ethyl acetate,0,0,0,0,0,0,0,0,0,0,0,0,,,,,,,,,,,,,,,367,28,48,21,11,35,7,18,67,21,742,22
'291533,n-Butyl acetate,0,0,0,0,0,0,0,0,0,0,0,0,,,,,,,,,,,,,,,3170,4378,2644,6734,7678,2408,4042,4434,5481,1492,4598,4332
'291613,Methacrylic acid and its salts,0,0,0,0,0,0,0,0,0,0,0,0,,,,,,,,,,,,,,,3103,2863,2210,1763,1875,1629,2172,1701,2346,2568,2546,2525
'291639,"Aromatic monocarboxylic acids, their anhydrides, halides, peroxides, peroxyacids and their ...",0,0,0,0,19,0,0,0,0,0,0,0,,,,,,,,,,,,,,,10272,8390,9556,9089,7118,7298,7539,7779,9476,8542,6433,6857
'291711,"Oxalic acid, its salts and esters (excl. inorganic or organic compounds of mercury)",0,0,0,0,0,0,0,0,0,0,0,0,,,,,,,,,,,,,,,1181,734,1112,937,948,805,915,962,556,863,1156,983
'291713,"Azelaic acid, sebacic acid, their salts and esters",0,0,0,0,0,0,0,0,0,0,0,0,,,,,,,,,,,,,,,1700,1147,919,838,685,951,488,800,1872,919,717,2077
'291735,Phthalic anhydride,0,0,0,0,0,0,0,0,0,0,0,0,,,,,,,,,,,,,,,6863,3363,3366,4734,3557,3971,3304,2349,3613,2426,2226,5225
'291910,"Tris""2,3-dibromopropyl"" phosphate",0,0,0,0,0,0,0,0,0,0,0,0,,,,,,,,,,,,,,,72,3,232,65,53,98,18,262,37,3,0,543
'292019,"Thiophosphoric esters ""phosphorothioates"" and their salts; their halogenated, sulphonated, ...",0,0,0,0,0,0,0,0,0,0,0,0,,,,,,,,,,,,,,,2438,2831,1814,2794,1973,657,1786,1354,733,1506,3018,2165
'292023,Trimethyl phosphite,0,0,0,0,0,0,0,0,0,0,0,0,,,,,,,,,,,,,,,0,0,0,0,0,0,0,0,0,0,0,0
'292090,"Esters of inorganic acids of non-metals and their salts; their halogenated, sulphonated, nitrated ...",0,0,0,0,0,0,0,0,0,0,0,0,,,,,,,,,,,,,,,6046,5100,5491,2848,3320,2958,3255,2621,3867,3246,3346,5441
'292111,"Methylamine, dimethylamine or trimethylamine and their salts",0,0,0,0,0,0,0,0,0,0,0,0,,,,,,,,,,,,,,,5319,3986,7471,5721,6394,3461,3758,4951,3187,4797,2279,6536
'292119,"Acyclic monoamines and their derivatives; salts thereof (excl. methylamine, dimethylamine, ...",0,0,0,0,0,0,0,0,0,0,0,0,,,,,,,,,,,,,,,4689,4752,6039,5525,5756,4457,3552,3349,4133,3270,3275,3216
'292121,Ethylenediamine and its salts,0,0,0,0,0,0,0,0,0,0,0,0,,,,,,,,,,,,,,,4352,2934,8882,5063,5871,4542,3172,6330,4168,4144,4405,4981
'292142,Aniline derivatives and their salts,0,0,0,0,0,0,0,0,0,0,0,0,,,,,,,,,,,,,,,6935,5567,6252,6511,8169,4674,7487,5362,4509,5610,4455,6140
'292144,Diphenylamine and its derivatives; salts thereof,0,0,0,0,0,0,0,0,0,0,0,0,,,,,,,,,,,,,,,2076,1317,2179,2138,2090,1724,1225,700,1476,1320,1658,1351
'292217,Methyldiethanolamine and ethyldiethanolamine,0,0,0,0,0,0,0,0,0,0,0,0,,,,,,,,,,,,,,,0,47,43,34,0,0,122,0,0,44,0,2541
'292219,"Amino-alcohols, their ethers and esters; salts thereof (other than those containing > one kind ...",0,0,0,0,0,0,0,0,0,0,0,0,,,,,,,,,,,,,,,11861,11021,11717,11005,9504,12933,10351,12969,9530,12897,16673,16149
'292221,Aminohydroxynaphthalenesulphonic acids and their salts,0,0,0,0,0,0,0,0,0,0,0,0,,,,,,,,,,,,,,,5098,3733,3903,2837,2948,3675,3778,2225,4709,3597,3373,4368
'292244,"Tilidine ""INN"" and its salts",0,0,0,0,0,0,0,0,0,0,0,0,,,,,,,,,,,,,,,0,0,0,0,0,0,0,0,0,0,0,0
'292419,"Acyclic amides, incl. acyclic carbamates, and their derivatives, and salts thereof (excl. meprobamate ...",0,0,0,0,0,0,0,0,0,0,0,0,,,,,,,,,,,,,,,6270,7541,6782,8823,10795,8335,6825,7553,7228,6472,5937,7966
'292421,Ureines and their derivatives; salts thereof,0,0,0,0,0,0,0,0,0,0,0,0,,,,,,,,,,,,,,,2929,631,2378,2370,514,654,886,2818,975,2629,1124,1303
'292511,Saccharin and its salts,0,0,0,0,0,0,0,0,0,0,0,0,,,,,,,,,,,,,,,294,1200,554,611,522,339,442,267,429,335,32,1167
'292620,"1-Cyanoguanidine ""dicyandiamide""",0,0,0,0,0,0,0,0,0,0,0,0,,,,,,,,,,,,,,,5979,4645,4268,5189,4276,4531,4360,3685,4995,5243,4720,3851
'292690,"Nitrile-function compounds (excl. acrylonitrile, 1-cyanoguanidine ""dicyandiamide"", fenproporex ...",0,0,0,0,0,0,0,0,0,0,0,0,,,,,,,,,,,,,,,14589,16726,13244,13520,17562,18155,18600,13557,17387,18278,15368,21089
'293030,"Thiuram mono-, di- or tetrasulphides",0,0,0,0,0,0,0,0,0,0,0,0,,,,,,,,,,,,,,,63,14,21,18,24,147,2,80,9,4,28,91
'293060,"2-(N,N-Diethylamino)ethanethiol",0,0,0,0,0,0,0,0,0,0,0,0,,,,,,,,,,,,,,,0,0,0,0,0,106,0,0,0,0,0,0
'293148,"3,9-Dimethyl-2,4,8,10-tetraoxa-3,9-diphosphaspiro[5.5] undecane 3,9-dioxide",0,0,0,0,0,0,0,0,0,0,0,0,,,,,,,,,,,,,,,0,0,0,0,0,0,0,6,0,0,16,0
'293294,Safrole,0,0,0,0,0,0,0,0,0,0,0,0,,,,,,,,,,,,,,,0,0,0,0,0,0,0,0,0,118,0,0
'293296,"Carbofuran ""ISO""",0,0,0,0,0,0,0,0,0,0,0,0,,,,,,,,,,,,,,,0,951,635,318,633,0,0,0,312,312,614,0
'293339,"Heterocyclic compounds with nitrogen hetero-atom[s] only, containing an unfused pyridine ring, ...",0,0,0,0,0,0,0,0,121,0,0,0,,,,,,,,,,,,,,,16422,26837,24820,23980,26211,23640,19655,18737,19775,15341,17015,19193
'293621,"Vitamins A and their derivatives, used primarily as vitamins",0,0,0,0,0,0,0,0,0,0,0,0,,,,,,,,,,,,,,,1252,1480,561,1117,2725,2830,717,3777,1522,1722,1030,1386
'293712,"Insulin and its salts, used primarily as hormones",0,0,0,0,0,0,0,0,0,0,0,0,,,,,,,,,,,,,,,8409,5166,3605,1656,6372,910,3976,5412,984,6357,917,3871
'293961,"Ergometrine ""INN"" and its salts",0,0,0,0,0,0,0,0,0,0,0,0,,,,,,,,,,,,,,,0,0,0,0,0,0,0,0,0,239,74,0
'293979,"Vegetal alkaloids, natural or reproduced by synthesis, and their salts, ethers, esters and ...",0,0,0,0,0,0,0,0,0,0,0,0,,,,,,,,,,,,,,,439,356,1674,1342,172,949,1453,769,772,418,762,1081
'293980,"Non-vegetal alkaloids, natural or reproduced by synthesis, and their salts, ethers, esters ...",0,0,0,0,0,0,0,0,0,0,0,0,,,,,,,,,,,,,,,95,250,123,172,237,792,418,720,898,194,665,291
'300120,"Extracts of glands or other organs or of their secretions, for organo-therapeutic uses",0,0,0,0,0,0,0,0,0,0,0,0,,,,,,,,,,,,,,,445,592,613,604,1232,1042,697,1961,1795,660,1285,645
'300341,"Medicaments containing ephedrine or its salts, not containing hormones, steroids used as hormones ...",0,0,0,0,0,0,0,0,0,0,0,0,,,,,,,,,,,,,,,0,0,0,0,0,0,0,0,0,0,0,0
'300360,"Medicaments containing any of the following antimalarial active principles: artemisinin ""INN"" ...",0,0,0,0,0,0,0,0,0,0,0,0,,,,,,,,,,,,,,,0,0,0,0,0,0,0,0,0,0,0,0
'300410,"Medicaments containing penicillins or derivatives thereof with a penicillanic acid structure, ...",0,0,0,0,0,0,0,0,0,0,0,0,,,,,,,,,,,,,,,87,256,294,95,403,0,28,129,211,152,59,49
'300449,"Medicaments containing alkaloids or derivatives thereof, not containing hormones, steroids ...",0,0,0,0,0,0,0,0,0,0,0,0,,,,,,,,,,,,,,,427,155,743,1249,809,301,302,736,4,32,104,354
'300510,"Adhesive dressings and other articles having an adhesive layer, impregnated or covered with ...",0,0,0,0,0,0,0,0,0,0,0,0,,,,,,,,,,,,,,,2049,2873,4042,1522,2410,2090,1658,2121,1881,2609,1178,3629
'300660,"Chemical contraceptive preparations based on hormones, prostaglandins, thromboxanes, leukotrienes, ...",0,0,0,0,0,0,0,0,0,0,0,0,,,,,,,,,,,,,,,637,250,373,1220,66,300,1074,909,377,623,1258,1660
'300670,Gel preparations designed to be used in human or veterinary medicine as a lubricant for parts ...,0,0,0,0,0,0,0,0,0,0,0,0,,,,,,,,,,,,,,,362,414,352,501,246,440,367,280,270,517,555,167
'320490,"Synthetic organic products of a kind used as luminophores, whether or not chemically defined",0,0,0,0,0,0,0,0,0,0,0,0,,,,,,,,,,,,,,,645,515,563,654,362,655,987,956,607,541,292,1200
'240110,"Tobacco, unstemmed or unstripped",0,0,0,0,0,0,0,0,0,0,0,0,,,,,,,,,,,,,,,0,0,0,4496,1200,655,8,3616,0,0,0,0
'240120,"Tobacco, partly or wholly stemmed or stripped, otherwise unmanufactured",0,0,0,324,0,0,0,0,0,0,0,0,,,,,,,,,,,,,,,34,0,432,2100,361,68,69,9981,6653,5528,1464,7400
'240130,Tobacco refuse,0,0,0,0,0,0,0,0,0,0,0,0,,,,,,,,,,,,,,,134,0,0,80,309,285,334,50,369,0,659,808
'240290,"Cigars, cheroots, cigarillos and cigarettes consisting wholly of tobacco substitutes",0,0,0,0,0,0,0,0,0,0,0,0,,,,,,,,,,,,,,,0,0,0,0,0,2,0,147,0,0,29,0
'240319,"Smoking tobacco, whether or not containing tobacco substitutes in any proportion (excl. water-pipe ...",0,0,0,0,0,0,0,0,0,0,0,0,,,,,,,,,,,,,,,41,1252,16,32,822,75,0,303,20,234,739,356
'250610,Quartz (excl. quartz sands),0,0,0,0,0,0,0,0,0,0,0,0,,,,,,,,,,,,,,,182,85,222,38,33,55,72,30,92,112,43,67
'250850,"Andalusite, kyanite and sillimanite",0,0,0,0,0,0,0,0,0,0,0,0,,,,,,,,,,,,,,,391,406,527,468,602,907,646,394,643,778,2031,1495
'250900,Chalk,0,0,0,0,0,0,0,0,0,0,0,0,,,,,,,,,,,,,,,1,0,0,0,0,0,0,1,0,0,0,1
'200860,"Cherries, prepared or preserved, whether or not containing added sugar or other sweetening ...",0,0,0,0,0,0,0,0,0,0,0,0,,,,,,,,,,,,,,,0,21,0,0,62,98,56,0,75,0,40,0
'200880,"Strawberries, prepared or preserved, whether or not containing added sugar or other sweetening ...",0,0,0,0,0,0,0,0,0,0,0,0,,,,,,,,,,,,,,,27,6,12,9,6,35,15,20,0,0,11,47
'200921,"Grapefruit juice, unfermented, Brix value <= 20 at 20°C, whether or not containing added sugar ...",0,0,0,0,0,0,0,0,0,0,0,0,,,,,,,,,,,,,,,0,0,0,0,0,0,0,0,0,0,0,24
'200979,"Apple juice, unfermented, Brix value > 20 at 20°C, whether or not containing added sugar or ...",0,0,0,0,0,0,0,0,0,0,0,0,,,,,,,,,,,,,,,178,106,218,38,3,7,5,16,19,43,11,102
'251690,"Porphyry, basalt and other monumental or building stone, whether or not roughly trimmed or ...",0,0,0,0,0,0,0,0,0,0,0,0,,,,,,,,,,,,,,,0,0,0,0,0,0,16,0,0,0,0,0
'252321,"White portland cement, whether or not artificially coloured",0,0,0,0,0,0,0,0,0,0,0,0,,,,,,,,,,,,,,,2954,2572,1840,1440,1671,2054,2514,2158,1803,1708,923,192
'252510,Crude mica and mica rifted into sheets or splittings,0,0,0,0,0,0,0,0,0,0,0,0,,,,,,,,,,,,,,,122,255,140,164,113,219,120,201,210,246,166,241
'260112,Agglomerated iron ores and concentrates (excl. roasted iron pyrites),0,0,0,0,0,0,0,0,0,0,0,0,,,,,,,,,,,,,,,29467,21707,48524,1849,15729,11308,12872,23116,8243,32685,3132,6960
'261310,Roasted molybdenum ores and concentrates,0,0,0,0,0,0,0,0,0,0,0,0,,,,,,,,,,,,,,,41943,37111,46515,84418,69360,61314,51063,33899,37929,42295,37588,46627
'360360,Electric detonators (excl. grenade detonators),0,0,0,0,0,0,0,0,0,0,0,0,,,,,,,,,,,,,,,0,47,21,0,68,0,7,304,67,0,0,64
'360500,Matches (excl. pyrotechnic articles of heading 3604),0,0,0,0,0,0,0,0,0,0,0,0,,,,,,,,,,,,,,,0,0,0,0,0,0,0,37,0,0,0,0
'370210,"Photographic film in rolls, unexposed, for X-ray (excl. of paper, paperboard or textiles)",0,0,0,0,0,0,0,0,0,0,0,0,,,,,,,,,,,,,,,1689,308,1538,1070,228,1329,1105,1401,521,978,368,1071
'370242,"Photographic film ""incl. instant print film"", sensitised, in rolls, unexposed, without perforations, ...",0,0,0,0,0,0,0,0,0,0,0,0,,,,,,,,,,,,,,,0,78,649,0,0,0,62,0,10,54,75,14
'370244,"Photographic film ""incl. instant print film""m, sensitised, in rolls, unexposed, without perforations, ...",0,8,0,0,0,0,0,10,0,0,0,0,,,,,,,,,,,,,,,270,299,353,276,379,457,116,1002,1420,1157,553,209
'370390,"Photographic paper, paperboard and textiles, sensitised, unexposed, for monochrome photography ...",0,0,0,0,0,0,0,0,0,0,0,0,,,,,,,,,,,,,,,1,2,26,13,5,6,0,34,10,17,1,3
'370400,"Photographic plates, film, paper, paperboard and textiles, exposed but not developed",0,0,0,0,0,0,0,0,0,0,0,0,,,,,,,,,,,,,,,28,0,0,0,40,0,3,1,0,0,2,0
'380590,Crude dipentene; sulphite turpentine and other crude para-cymene; terpenic oils produced by ...,0,0,0,0,0,0,0,0,0,0,0,0,,,,,,,,,,,,,,,106,458,580,525,422,610,344,740,547,611,295,256
'380892,"Fungicides, put up in forms or packings for retail sale or as preparations or articles (excl. ...",0,0,81,0,0,0,0,0,204,0,0,0,,,,,,,,,,,,,,,58958,41960,50515,37224,34170,25114,18392,19403,16876,17696,24659,31249
'380894,"Disinfectants, put up in forms or packings for retail sale or as preparations or articles (excl. ...",0,0,0,0,0,0,0,0,0,0,0,0,,,,,,,,,,,,,,,549,814,469,739,256,761,709,413,498,589,316,450
'380991,"Finishing agents, dye carriers to accelerate the dyeing or fixing of dyestuffs, and other products ...",18,0,0,8,0,0,0,0,22,0,0,0,,,,,,,,,,,,,,,6277,6308,6659,7676,6258,6633,5488,5299,7368,5568,6172,7694
'381900,Hydraulic brake fluids and other prepared liquids for hydraulic transmission not containing ...,0,0,0,0,0,1,0,0,0,0,0,0,,,,,,,,,,,,,,,2766,2093,1696,1846,2242,1159,1286,2039,2180,1158,1982,2317
'382290,Certified reference materials,0,0,0,0,0,1,0,0,0,0,0,0,,,,,,,,,,,,,,,26467,31234,29161,23033,26010,22160,24106,27881,22371,27589,25531,28637
'382488,"Mixtures and preparations containing tetra-, penta-, hexa-, hepta- or octabromodiphenyl ethers",0,0,0,0,0,0,0,0,0,0,0,0,,,,,,,,,,,,,,,0,0,0,0,0,0,0,0,0,0,0,0
'382491,"Mixtures and preparations consisting mainly of ""5-ethyl-2-methyl-2-oxido-1,3,2-dioxaphosphinan-5-yl""methyl ...",0,0,0,0,0,0,0,0,0,0,0,0,,,,,,,,,,,,,,,252,208,195,77,208,98,218,186,207,57,58,168
'382590,"Residual products of the chemical or allied industries, n.e.s. (excl. waste)",0,0,0,0,0,0,0,0,0,0,0,0,,,,,,,,,,,,,,,0,0,1,0,0,0,0,1,0,0,0,2
'382600,"Biodiesel and mixtures thereof, not containing or containing < 70 % by weight of petroleum ...",0,0,0,0,0,0,0,0,0,0,0,0,,,,,,,,,,,,,,,0,0,1,0,0,0,20,0,0,0,0,0
'382711,"Mixtures containing chlorofluorocarbons ""CFCs"", whether or not containing hydrochlorofluorocarbons ...",0,0,0,0,0,0,0,0,0,0,0,0,,,,,,,,,,,,,,,0,0,0,0,0,0,1,0,0,0,0,0
'382739,"Mixtures containing hydrochlorofluorocarbons ""HCFCs"" (excl. containing chlorofluorocarbons ...",0,0,0,0,0,0,0,0,0,0,0,0,,,,,,,,,,,,,,,0,0,0,0,0,0,0,0,0,0,0,0
'382769,"Mixtures containing other hydrofluorocarbons ""HFCs"" than in subheadings of 3827 till 3827.59 ...",0,0,0,0,0,0,0,0,0,0,0,0,,,,,,,,,,,,,,,0,0,70,0,0,0,286,0,0,0,0,0
'382790,"Mixtures containing halogenated derivatives of methane, ethane or propane, n.e.s.",0,0,0,0,0,0,0,0,0,0,0,0,,,,,,,,,,,,,,,66,29,13,5,29,31,8,9,10,20,4,2
'270300,"Peat, incl. peat litter, whether or not agglomerated",0,0,0,0,0,0,0,0,0,0,0,0,,,,,,,,,,,,,,,909,1079,465,420,493,94,83,190,707,834,374,1061
'270799,Oils and other products of the distillation of high temperature coal tars; similar products ...,0,0,0,0,0,0,0,0,0,0,0,0,,,,,,,,,,,,,,,71568,66205,102263,69637,85406,67348,85999,73137,28313,66819,66632,97513
'271012,"Light oils and preparations, of petroleum or bituminous minerals which >= 90% by volume ""incl. ...",0,0,0,0,0,0,0,0,0,0,0,0,,,,,,,,,,,,,,,142236,232966,195169,178232,144322,287543,228263,134801,155171,204479,262244,588014
'271119,"Gaseous hydrocarbons, liquefied, n.e.s. (excl. natural gas, propane, butane, ethylene, propylene, ...",0,0,0,0,0,0,0,0,0,0,0,0,,,,,,,,,,,,,,,24503,27215,20405,23069,10086,14044,7665,18530,17023,16317,21081,3874
'271320,Petroleum bitumen,0,0,0,0,0,0,0,0,0,0,0,0,,,,,,,,,,,,,,,119433,99142,76065,70910,70725,72896,84922,82970,80255,92623,41352,29899
'271390,Residues of petroleum oil or of oil obtained from bituminous minerals (excl. petroleum coke ...,0,0,0,0,0,0,0,0,0,0,0,0,,,,,,,,,,,,,,,836,946,840,1659,693,765,1425,1411,794,953,679,259
'280120,Iodine,0,0,0,0,0,0,0,0,0,0,0,0,,,,,,,,,,,,,,,22086,23156,31912,24383,20547,34653,22594,25779,39900,27322,32172,30629
'280421,Argon,0,0,0,0,0,0,0,0,0,0,0,0,,,,,,,,,,,,,,,135,1,0,377,41,0,6,0,360,69,13,55
'280490,Selenium,0,0,0,0,0,0,0,0,0,0,0,0,,,,,,,,,,,,,,,1909,921,978,1304,1163,2109,927,1349,968,1022,1034,961
'281000,Oxides of boron; boric acids,0,0,0,0,0,0,0,0,0,0,0,0,,,,,,,,,,,,,,,609,783,1531,1739,822,1410,1213,992,1517,1364,892,1524
'281129,"Inorganic oxygen compounds of non-metals (excl. diphosphorus pentaoxide, oxides of boron, carbon ...",0,285,324,0,12,0,53,80,0,0,11,0,,,,,,,,,,,,,,,1673,2433,1306,1109,893,797,1046,1043,1389,2024,938,2537
'281520,"Potassium hydroxide ""caustic potash""",0,0,0,0,0,0,0,0,0,0,0,0,,,,,,,,,,,,,,,1331,1475,2886,2257,2284,2678,1917,1307,1420,1243,2424,2190
'281700,Zinc oxide; zinc peroxide,382,0,214,431,0,0,0,0,0,0,0,0,,,,,,,,,,,,,,,1769,1522,2896,2112,1543,903,1114,763,1792,1405,869,664
'281810,"Corundum, artificial, whether or not chemically defined",0,0,0,0,0,0,0,0,0,0,0,0,,,,,,,,,,,,,,,2587,1588,2472,2992,3219,2600,2606,3348,3693,3107,2098,2084
'330590,"Preparations for use on the hair (excl. shampoos, preparations for permanent waving or straightening ...",0,0,0,0,0,0,0,0,0,0,0,0,,,,,,,,,,,,,,,5281,6240,6928,5585,5479,6974,6460,5932,6698,6684,6215,5837
'340239,"Anionic organic surface-active agents, whether or not put up for retail sale (excl. linear ...",0,0,0,0,0,0,0,0,0,0,1,0,,,,,,,,,,,,,,,5762,9886,8116,8233,5520,4346,6168,4493,5424,5356,5119,6713
'340590,"Glass or metal polishes, whether or not in the form of paper, wadding, felt, nonwovens, cellular ...",8,12,0,0,0,0,3,2,0,56,0,0,,,,,,,,,,,,,,,2116,1554,1895,1444,1699,1284,1398,2192,1778,1925,1623,1740
'350211,"Egg albumin, dried ""e.g. in sheets, scales, flakes, powder""",0,0,0,0,0,0,0,78,77,0,0,0,,,,,,,,,,,,,,,0,0,392,129,260,0,151,78,77,0,31,0
'350290,"Albumins, albuminates and other albumin derivatives (excl. egg albumin and milk albumin [incl. ...",0,0,0,0,0,0,0,0,0,0,0,0,,,,,,,,,,,,,,,0,635,0,88,17,11,18,1,40,26,3,0
'330125,"Oils of mints, whether or not terpeneless, incl. concretes and absolutes (excl. those of peppermint ...",0,0,0,0,0,0,0,0,0,0,0,0,,,,,,,,,,,,,,,509,101,464,260,26,534,152,84,167,45,194,75
'390330,"Acrylonitrile-butadiene-styrene copolymers ""ABS"", in primary forms",0,0,0,0,0,0,0,0,0,0,0,0,,,,,,,,,,,,,,,21952,21840,23465,24295,19296,19528,16259,15635,17677,18179,23823,22175
'390721,"Bis(polyoxyethylene) methylphosphonate, in primary forms",0,0,0,0,0,0,0,0,0,0,0,0,,,,,,,,,,,,,,,82,100,77,21,102,383,165,170,14,9,184,9
'390920,"Melamine resins, in primary forms",0,0,0,5,0,0,0,0,0,0,0,0,,,,,,,,,,,,,,,3275,2655,2642,2868,3035,2623,1820,2420,2504,2194,2411,3158
'391733,"Flexible tubes, pipes and hoses of plastics, not reinforced or otherwise combined with other ...",0,0,0,0,0,0,0,0,1,0,0,0,,,,,,,,,,,,,,,1238,1365,1493,1433,1143,1352,1634,1221,972,870,1349,1140
'392043,"Plates, sheets, film, foil and strip, of non-cellular polymers of vinyl chloride, containing ...",0,0,0,0,0,32,0,0,0,0,0,0,,,,,,,,,,,,,,,2466,1430,2623,1597,2092,1587,2014,1859,2217,1823,1594,923
'392091,"Plates, sheets, film, foil and strip, of non-cellular poly""vinyl butyral"", not reinforced, ...",0,0,0,0,0,0,0,0,0,0,0,0,,,,,,,,,,,,,,,5739,6518,6520,4779,7181,5396,4787,5897,6687,5256,6817,8048
'392093,"Plates, sheets, film, foil and strip, of non-cellular amino-resins, not reinforced, laminated, ...",0,0,0,0,0,0,0,0,0,0,0,0,,,,,,,,,,,,,,,1,0,0,1,0,0,0,0,1,3,0,0
'392520,"Doors, windows and their frames and thresholds for doors, of plastics",0,0,0,8,0,0,1,0,0,0,0,0,,,,,,,,,,,,,,,584,442,752,1168,850,1097,600,1305,1025,672,1066,547
'392530,"Shutters, blinds, incl. Venetian blinds, and similar articles and parts thereof, of plastics ...",0,0,0,0,0,0,0,0,0,0,0,0,,,,,,,,,,,,,,,368,497,627,373,625,491,546,622,585,325,611,488
'400130,"Balata, gutta-percha, guayule, chicle and similar natural gums, in primary forms or in plates, ...",0,0,0,0,0,0,0,0,0,0,0,0,,,,,,,,,,,,,,,18,0,0,1,0,0,3,0,0,0,0,0
'401011,"Conveyor belts or belting, of vulcanised rubber, reinforced only with metal",0,0,0,0,0,0,0,0,0,0,0,0,,,,,,,,,,,,,,,1695,1154,2942,2285,2297,4603,2895,2907,3141,1755,3390,3712
'401039,"Transmission belts or belting, of vulcanised rubber (excl. endless transmission belts of trapezoidal ...",0,0,0,25,0,19,3,0,18,1,4,0,,,,,,,,,,,,,,,4581,4950,6144,5191,5267,5955,5239,6042,5397,4705,5149,4723
'401212,"Retreaded pneumatic tyres, of rubber, of a kind used on buses or lorries",0,0,0,0,0,0,0,0,0,0,0,0,,,,,,,,,,,,,,,0,0,0,0,0,0,0,0,0,0,0,0
'401290,"Solid or cushion tyres, interchangeable tyre treads and tyre flaps, of rubber",0,0,0,0,0,0,0,0,0,0,0,0,,,,,,,,,,,,,,,413,992,565,480,442,386,437,384,588,494,671,360
'420329,"Gloves, mittens and mitts, of leather or composition leather (excl. special sports gloves)",0,0,0,0,0,0,0,0,0,0,0,0,,,,,,,,,,,,,,,192,163,182,115,422,104,357,70,177,73,131,52
'440111,"Fuel wood, in logs, billets, twigs, faggots or similar forms, coniferous",0,0,0,0,0,0,0,0,0,0,0,0,,,,,,,,,,,,,,,1,0,1,3,2,1,0,4,32,42,26,50
'440326,"Coniferous wood in the rough, of which the smallest cross-sectional dimension is ...",0,0,0,0,0,0,0,0,0,0,0,0,,,,,,,,,,,,,,,89,0,48,0,206,76,88,60,0,0,0,0
'440394,"Beech ""Fagus spp."" in the rough, of which no cross-sectional dimension is =>15 cm, whether ...",0,0,0,0,0,0,0,0,0,0,0,0,,,,,,,,,,,,,,,0,14,67,70,28,16,126,110,219,75,108,0
'440500,"Wood wool; wood flour ""wood powder able to pass through a fine"", 0,63 mm mesh, sieve with a ...",122,240,58,16,0,16,0,0,0,62,25,0,,,,,,,,,,,,,,,131,272,70,73,61,116,0,41,64,165,48,35
'440722,"Virola, imbuia and balsa, sawn or chipped lengthwise, sliced or peeled, of a thickness of > ...",0,0,0,0,0,0,0,0,0,0,0,0,,,,,,,,,,,,,,,3841,5215,3022,4010,5192,4388,3007,3418,2353,4026,3607,3437
'440794,"Cherry ""Prunus spp."", sawn or chipped lengthwise, sliced or peeled, whether or not planed, ...",0,0,0,0,0,0,0,0,0,0,0,0,,,,,,,,,,,,,,,0,0,0,8,10,0,0,0,0,0,0,0
'440796,"Birch ""Betula spp."", sawn or chipped lengthwise, sliced or peeled, whether or not planed, sanded ...",0,26,0,0,0,16,0,0,0,35,0,0,,,,,,,,,,,,,,,40,26,5,0,0,16,0,3,0,109,0,0
'441112,"Medium density fibreboard ""MDF"" of wood, of a thickness <= 5 mm",0,0,0,0,0,0,0,0,0,0,0,0,,,,,,,,,,,,,,,177,249,86,151,393,1332,1079,447,537,1156,672,655
'401692,"Erasers, of vulcanised rubber (excl. hard rubber), conditioned (excl. those simply cut to rectangular ...",0,0,0,0,0,0,0,0,0,0,0,0,,,,,,,,,,,,,,,316,293,204,233,503,179,296,220,381,671,463,387
'410691,"Hides and skins of antelopes, deer, elks, elephants and other animals, incl. sea animals, without ...",0,0,0,0,0,0,0,0,0,0,0,0,,,,,,,,,,,,,,,0,0,0,0,0,0,0,0,0,0,0,0
'441249,"Laminated veneered lumber ""LVL"", with both outer plies of coniferous wood (excl. of bamboo, ...",0,0,0,0,0,0,0,0,0,0,13,0,,,,,,,,,,,,,,,0,112,0,24,331,0,0,0,31,0,48,0
'441819,"Windows, French windows and their frames, of wood (excl. of tropical wood)",0,0,0,0,0,0,0,0,0,0,0,0,,,,,,,,,,,,,,,4,0,21,2,0,0,0,20,11,9,22,4
'480620,"Greaseproof papers, in rolls of a width > 36 cm or in square or rectangular sheets with one ...",0,0,0,0,0,0,0,0,0,0,0,0,,,,,,,,,,,,,,,389,543,604,460,997,539,592,150,587,394,553,304
'480890,"Paper and paperboard, creped, crinkled, embossed or perforated, in rolls of a width > 36 cm ...",0,0,0,0,0,0,0,0,0,0,0,0,,,,,,,,,,,,,,,2302,1241,1154,1834,2130,1255,1731,989,1997,2328,1519,1618
'481099,"Paper and paperboard, coated on one or both sides with kaolin ""China clay"" or other inorganic ...",0,0,0,0,0,0,0,0,0,0,0,0,,,,,,,,,,,,,,,1212,803,747,1970,2415,2241,3654,1754,2167,1592,1004,1523
'481110,"Tarred, bituminised or asphalted paper and paperboard, in rolls or in square or rectangular ...",0,0,0,0,0,0,0,0,0,0,0,0,,,,,,,,,,,,,,,19,6,49,11,28,18,0,67,15,33,3,15
'481149,"Gummed or adhesive paper and paperboard, surface-coloured, surface-decorated or printed, in ...",0,0,1,0,0,0,0,0,0,0,0,0,,,,,,,,,,,,,,,1044,966,1852,1207,1187,1082,962,1214,1160,728,1000,1052
'481310,Cigarette paper in the form of booklets or tubes,0,0,0,0,0,0,0,0,0,0,0,0,,,,,,,,,,,,,,,35,81,48,220,11,53,19,96,78,128,59,106
'481420,"Wallpaper and similar wallcoverings of paper, consisting of paper coated or covered, on the ...",26,0,24,0,83,68,0,66,0,20,18,0,,,,,,,,,,,,,,,1674,2015,2326,1854,2858,2366,1356,1656,1131,1400,1638,1247
'481620,"Self-copy paper, in rolls of a width of <= 36 cm or in rectangular or square sheets with no ...",0,0,0,0,0,0,0,0,0,0,0,0,,,,,,,,,,,,,,,32,86,84,81,60,86,21,48,15,2,26,32
'490110,"Printed books, brochures and similar printed matter, in single sheets, whether or not folded ...",0,0,0,1,0,0,0,0,0,0,0,0,,,,,,,,,,,,,,,5989,6009,7581,5217,8347,6517,6271,10270,8437,8018,7086,6189
'490520,"Maps and hydrographic or similar charts of all kinds, incl. atlases and topographical plans, ...",0,0,0,0,0,0,0,0,0,0,0,0,,,,,,,,,,,,,,,0,0,0,0,0,0,0,0,0,0,0,0
'490600,"Plans and drawings for architectural, engineering, industrial, commercial, topographical or ...",0,0,0,0,0,0,0,0,0,0,0,0,,,,,,,,,,,,,,,68,1,0,15,87,24,21,13,3,0,14,6
'490900,"Printed or illustrated postcards; printed cards bearing personal greetings, messages or announcements, ...",0,0,0,0,0,2,0,0,0,0,0,0,,,,,,,,,,,,,,,14,23,48,39,32,26,44,31,23,25,24,27
'500400,Silk yarn (excl. that spun from silk waste and that put up for retail sale),1181,1203,1411,1062,1452,1240,2035,1154,1680,1593,1349,0,,,,,,,,,,,,,,,1551,1457,1755,1605,1864,1592,2332,1366,1795,1880,1574,76
'510129,"Degreased wool, non-carbonised, neither carded nor combed (excl. shorn wool)",0,0,0,0,0,0,0,0,0,0,0,0,,,,,,,,,,,,,,,5862,5421,7915,7065,6250,4824,5965,5572,6552,6429,5676,6270
'510400,"Garnetted stock of wool or of fine or coarse animal hair, neither carded nor combed",0,0,0,0,0,0,0,0,0,0,0,0,,,,,,,,,,,,,,,0,0,0,0,0,0,0,1,0,6,0,0
'510539,"Fine animal hair, carded or combed (excl. wool and hair of Kashmir ""cashmere"" goats)",0,0,0,0,0,0,0,0,0,0,0,0,,,,,,,,,,,,,,,28,42,7,69,10,57,187,3,0,0,65,12
'510540,"Coarse animal hair, carded or combed",0,0,0,0,0,0,0,0,0,0,0,0,,,,,,,,,,,,,,,0,0,0,0,0,0,0,0,0,0,0,0
'510620,"Carded wool yarn containing predominantly, but < 85% wool by weight (excl. that put up for ...",0,0,0,0,0,0,0,0,0,0,0,0,,,,,,,,,,,,,,,19,69,17,18,5,2,6,2,50,7,37,52
'520291,Garnetted stock of cotton,0,0,0,0,0,0,0,0,348,0,0,0,,,,,,,,,,,,,,,52,333,810,1992,193,822,594,1893,587,432,502,44
'520300,"Cotton, carded or combed",0,0,0,0,0,0,0,0,0,0,0,0,,,,,,,,,,,,,,,75,3,77,101,166,143,108,109,262,160,84,99
'520411,"Sewing thread, containing >= 85% cotton by weight (excl. that put up for retail sale)",0,0,0,0,0,0,0,0,0,0,0,0,,,,,,,,,,,,,,,7,2,1,45,9,10,17,12,83,0,26,26
'520515,"Single cotton yarn, of uncombed fibres, containing >= 85% cotton by weight and with a linear ...",0,0,0,0,0,0,0,0,0,0,0,0,,,,,,,,,,,,,,,0,0,0,0,0,0,0,0,0,0,0,0
'520611,"Single cotton yarn containing predominantly, but < 85% cotton by weight, of uncombed fibres ...",0,0,0,0,0,0,0,0,0,0,0,0,,,,,,,,,,,,,,,0,38,0,41,19,25,21,38,14,0,3,32
'520613,"Single cotton yarn containing predominantly, but < 85% cotton by weight, of uncombed fibres ...",0,0,0,0,0,0,0,0,0,0,0,0,,,,,,,,,,,,,,,0,0,0,7,0,0,0,0,3,9,1,0
'520634,"Multiple ""folded"" or cabled cotton yarn containing predominantly, but < 85% cotton by weight, ...",0,0,0,0,0,0,0,0,0,0,0,0,,,,,,,,,,,,,,,0,0,0,0,0,0,0,0,0,0,0,0
'520642,"Multiple ""folded"" or cabled cotton yarn containing predominantly, but < 85% cotton by weight, ...",0,0,0,0,0,0,0,0,0,0,0,0,,,,,,,,,,,,,,,0,0,0,103,0,54,39,0,0,0,0,0
'460290,"Basketwork, wickerwork and other articles, made directly to shape from non-vegetable plaiting ...",0,6,12,0,6,18,0,0,51,0,6,0,,,,,,,,,,,,,,,39,52,24,14,68,75,55,21,110,79,139,112
'470421,"Semi-bleached or bleached coniferous chemical wood pulp, sulphite (excl. dissolving grades)",0,0,0,0,0,0,0,0,0,0,0,0,,,,,,,,,,,,,,,6,94,88,196,177,93,122,20,124,0,191,112
'470693,"Semi-chemical pulp of fibrous cellulosic material (excl. that of bamboo, wood, cotton linters ...",0,0,0,0,0,0,0,0,0,0,0,0,,,,,,,,,,,,,,,0,29,0,0,0,0,0,0,0,0,0,2
'480261,"Uncoated paper and paperboard, of a kind used for writing, printing or other graphic purposes, ...",0,0,0,0,0,0,0,0,0,0,0,0,,,,,,,,,,,,,,,2117,1293,1019,1376,1403,1761,1887,1071,1831,1107,1375,1007
'480441,"Unbleached kraft paper and paperboard, uncoated, in rolls of a width > 36 cm or in square or ...",158,31,257,106,52,0,0,0,0,0,0,0,,,,,,,,,,,,,,,1444,1688,2298,2698,2448,3430,1981,2617,3986,2696,2315,1891
'521149,"Woven fabrics of cotton, containing predominantly, but < 85% cotton by weight, mixed principally ...",0,0,0,0,0,0,0,0,0,0,0,0,,,,,,,,,,,,,,,34,1,12,5,22,20,3,0,0,21,0,0
'521151,"Plain woven fabrics of cotton, containing predominantly, but < 85% cotton by weight, mixed ...",0,0,0,0,0,0,0,0,0,0,0,0,,,,,,,,,,,,,,,1,15,0,42,3,3,0,0,0,15,11,0
'521223,"Woven fabrics of cotton, containing predominantly, but < 85% cotton by weight, other than those ...",0,0,0,0,0,0,0,0,0,0,0,0,,,,,,,,,,,,,,,74,135,102,172,39,138,168,101,139,25,73,6
'530129,"Flax, hackled or otherwise processed, but not spun (excl. broken, scutched and retted flax)",0,0,0,0,0,0,0,0,0,0,0,0,,,,,,,,,,,,,,,8077,6597,10113,10232,11406,7977,5005,6935,6670,2694,2150,6804
'530500,"Coconut, abaca ""Manila hemp or Musa textilis Nee"", ramie, agave and other vegetable textile ...",0,1,0,0,0,0,0,0,1,0,0,0,,,,,,,,,,,,,,,926,446,565,272,234,284,330,410,539,153,248,576
'540120,"Sewing thread of artificial filaments, whether or not put up for retail sale",0,0,0,0,0,0,0,0,0,0,0,0,,,,,,,,,,,,,,,138,121,169,135,178,152,375,193,160,144,136,144
'540259,"Synthetic filament yarn, incl. synthetic monofilament of < 67 decitex, single, with a twist ...",0,0,0,0,0,0,0,0,0,0,0,0,,,,,,,,,,,,,,,246,169,132,50,84,0,24,0,36,104,74,4
'540262,"Multiple ""folded"" or cabled filament yarn of polyester, incl. monofilament of < 67 decitex ...",8,7,0,0,0,0,0,0,0,0,0,0,,,,,,,,,,,,,,,408,693,493,690,392,308,360,344,325,331,347,310
'540419,Synthetic monofilament of >= 67 decitex and with a cross sectional dimension of <= 1 mm (excl. ...,0,0,30,0,45,0,0,56,0,0,15,0,,,,,,,,,,,,,,,2026,2588,2875,1797,3318,2850,2552,2466,2675,1840,2125,2926
'540600,"Man-made filament yarn, put up for retail sale (excl. sewing thread)",0,0,0,0,0,0,0,0,0,0,0,0,,,,,,,,,,,,,,,0,0,0,1,0,0,0,12,12,0,0,0
'540794,"Woven fabrics of yarn containing predominantly, but < 85% synthetic filament by weight, incl. ...",0,0,0,0,0,0,0,0,0,0,0,0,,,,,,,,,,,,,,,38,273,30,522,10,28,156,21,584,86,33,9
'550311,"Staple fibres of aramids, not carded, combed or otherwise processed for spinning",0,0,0,0,0,0,0,0,0,0,0,0,,,,,,,,,,,,,,,2681,1314,1740,1900,2660,2319,1210,1907,1093,1141,1702,2054
'550610,"Staple fibres of nylon or other polyamides, carded, combed or otherwise processed for spinning",0,0,0,0,0,0,0,0,0,0,0,0,,,,,,,,,,,,,,,176,311,101,193,67,187,145,199,415,151,322,73
'550912,"Multiple ""folded"" or cabled yarn containing >= 85% nylon or other polyamide staple fibres by ...",0,0,0,0,0,0,0,0,0,0,0,0,,,,,,,,,,,,,,,224,56,559,45,60,119,59,57,159,166,78,201
'550941,"Single yarn containing >= 85% synthetic staple fibres by weight (excl. sewing thread, yarn ...",0,0,0,0,0,0,0,0,0,0,0,0,,,,,,,,,,,,,,,983,970,677,809,1562,1480,638,835,1116,1695,885,1291
'550992,"Yarn containing predominantly, but < 85% synthetic staple fibres by weight, mixed principally ...",0,0,0,0,0,0,0,0,0,0,0,0,,,,,,,,,,,,,,,0,0,67,65,0,70,63,0,168,85,64,78
'551221,"Woven fabrics containing >= 85% acrylic or modacrylic staple fibres by weight, unbleached or ...",0,0,0,0,0,0,0,0,0,0,0,0,,,,,,,,,,,,,,,25,56,0,21,0,0,0,0,0,0,0,0
'551291,"Woven fabrics containing >= 85% synthetic staple fibres by weight, unbleached or bleached (excl. ...",0,0,0,0,0,0,0,0,0,0,0,0,,,,,,,,,,,,,,,4,38,0,98,0,75,123,2,8,0,1,42
'551313,"Woven fabrics containing predominantly, but < 85% polyester staple fibres by weight, mixed ...",0,0,0,0,0,0,0,0,0,0,0,0,,,,,,,,,,,,,,,0,3,2,0,0,0,1,0,0,0,0,6
'570190,"Carpets and other textile floor coverings, of textile materials, knotted, whether or not made ...",0,0,0,0,0,0,0,0,0,0,0,0,,,,,,,,,,,,,,,36,3,8,33,59,21,30,7,37,14,25,5
'570231,"Carpets and other floor coverings, of wool or fine animal hair, woven, not tufted or flocked, ...",0,0,0,0,0,0,0,0,0,0,0,0,,,,,,,,,,,,,,,100,157,67,349,62,140,173,414,235,508,167,254
'570292,"Carpets and other floor coverings, of man-made textile materials, woven, not tufted or flocked, ...",0,0,0,0,0,0,0,0,0,0,0,0,,,,,,,,,,,,,,,20,36,41,39,33,43,75,67,62,76,45,25
'570310,"Carpets and other floor coverings, of wool or fine animal hair, tufted ""needle punched"", whether ...",0,0,0,0,0,0,0,0,0,0,0,0,,,,,,,,,,,,,,,41,22,253,21,11,31,43,76,65,197,191,75
'580121,"Uncut weft pile fabrics, of cotton (excl. terry towelling and similar woven terry fabrics, ...",0,0,0,0,0,0,0,0,0,0,0,0,,,,,,,,,,,,,,,0,0,16,0,0,0,1,0,0,0,0,1
'580123,"Cut weft pile fabrics, of cotton (excl. terry towelling and similar woven terry fabrics, tufted ...",0,0,0,0,0,0,0,0,0,0,0,0,,,,,,,,,,,,,,,21,2,0,42,91,15,57,107,77,18,9,35
'580410,"Tulles and other net fabrics (excl. woven, knitted or crocheted fabrics)",0,0,1,0,0,0,0,0,0,0,0,0,,,,,,,,,,,,,,,102,122,151,333,179,86,143,148,65,67,74,168
'580430,"Handmade lace in the piece, in strips or in motifs (excl. fabrics of heading 6002 to 6006)",0,0,0,0,0,0,0,0,0,0,0,0,,,,,,,,,,,,,,,2,6,10,8,0,0,2,0,2,4,1,2
'551519,"Woven fabrics containing predominantly, but < 85% polyester staple fibres by weight, other ...",0,0,0,0,0,0,0,0,0,0,0,0,,,,,,,,,,,,,,,251,137,127,171,87,5,32,27,15,0,23,12
'551599,"Woven fabrics containing predominantly, but < 85% synthetic staple fibres, other than those ...",0,0,0,0,0,0,0,0,0,0,0,0,,,,,,,,,,,,,,,25,22,41,7,25,38,8,3,0,6,3,11
'551624,"Woven fabrics containing predominantly, but < 85% artificial staple fibres by weight, mixed ...",0,0,0,0,0,0,0,0,0,0,0,0,,,,,,,,,,,,,,,378,468,600,515,461,119,222,474,327,366,167,64
'560229,"Felt, not impregnated, coated, covered or laminated (excl. that of wool or fine animal hair; ...",0,0,0,0,0,0,0,0,0,0,0,0,,,,,,,,,,,,,,,589,492,312,303,405,490,299,370,481,297,634,737
'581092,"Embroidery of man-made fibres on a textile fabric base, in the piece, in strips or in motifs ...",1,0,0,18,15,0,0,0,6,0,0,0,,,,,,,,,,,,,,,1120,1617,2407,3126,2622,2174,3174,2667,3119,3175,2446,543
'590500,Textile wallcoverings,0,0,0,0,0,0,0,0,0,0,0,0,,,,,,,,,,,,,,,86,81,127,179,123,207,66,153,153,351,170,159
'591000,"Transmission or conveyor belts or belting, of textile material, whether or not impregnated, ...",0,50,0,0,0,0,0,0,0,0,0,0,,,,,,,,,,,,,,,1148,939,1009,927,1245,1314,1173,1139,1159,1306,901,998
'600129,"Looped pile fabrics, knitted or crocheted (excl. of cotton or man-made fibres)",0,0,0,0,0,0,0,0,0,0,0,0,,,,,,,,,,,,,,,2,1,19,31,42,0,78,43,53,36,12,22
'600544,"Printed warp knit fabrics of artificial fibres ""incl. those made on galloon knitting machines"", ...",0,0,0,0,0,0,0,0,0,0,0,0,,,,,,,,,,,,,,,99,33,0,1,33,0,1,41,62,0,0,1
'610323,"Men's or boys' ensembles of synthetic fibres, knitted or crocheted (excl. ski ensembles and ...",0,0,0,0,0,0,0,0,0,0,0,0,,,,,,,,,,,,,,,16,8,34,5,9,35,46,59,57,32,24,15
'610444,"Women's or girls' dresses of artificial fibres, knitted or crocheted (excl. petticoats)",0,0,1,0,7,2,3,0,0,0,1,0,,,,,,,,,,,,,,,264,200,325,300,216,291,118,268,166,161,93,135
'610451,"Women's or girls' skirts and divided skirts of wool or fine animal hair, knitted or crocheted ...",0,0,0,0,0,0,0,0,0,0,0,0,,,,,,,,,,,,,,,2,1,2,6,8,5,1,1,1,1,1,0
'610690,"Women's or girls' blouses, shirts and shirt-blouses of textile materials, knitted or crocheted ...",1,0,0,0,0,0,0,0,0,0,0,0,,,,,,,,,,,,,,,55,30,51,54,20,192,108,103,224,90,64,47
'610811,"Women's or girls' slips and petticoats of man-made fibres, knitted or crocheted (excl. T-shirts ...",0,0,0,0,0,0,0,0,1,1,0,0,,,,,,,,,,,,,,,68,76,77,135,166,148,81,81,92,89,72,70
'610829,"Women's or girls' briefs and panties of textile materials, knitted or crocheted (excl. cotton ...",0,0,0,0,0,0,0,0,0,0,0,0,,,,,,,,,,,,,,,23,10,37,8,24,1,10,49,0,66,51,29
'611521,"Pantyhose and tights of synthetic fibres, knitted or crocheted, measuring per single yarn < ...",14,15,20,21,6,15,15,9,18,45,9,0,,,,,,,,,,,,,,,108,104,172,175,87,94,132,148,145,156,157,91
'611530,"Women's full-length or knee-length hosiery, knitted or crocheted, measuring per single yarn ...",0,0,0,0,0,0,0,0,0,0,0,0,,,,,,,,,,,,,,,1,1,1,0,1,1,9,6,0,0,0,5
'620120,"Men's or boys' overcoats, car-coats, capes, cloaks, anoraks, incl. ski jackets, wind-cheaters, ...",0,0,10,8,0,6,1,0,9,0,0,0,,,,,,,,,,,,,,,7,56,73,185,203,455,347,192,137,79,12,47
'620190,"Men's or boys' overcoats, car-coats, capes, cloaks, anoraks, incl. ski jackets, wind-cheaters, ...",76,0,0,0,0,0,0,0,3,0,0,0,,,,,,,,,,,,,,,290,172,309,266,307,432,340,123,159,195,268,223
'620290,"Women's or girls' overcoats, car-coats, capes, cloaks, anoraks, incl. ski jackets, wind-cheaters, ...",15,1,0,31,11,8,19,0,20,0,0,0,,,,,,,,,,,,,,,104,54,123,252,157,140,78,123,66,53,104,94
'620312,"Men's or boys' suits of synthetic fibres (excl. knitted or crocheted, tracksuits, ski suits ...",0,0,0,0,0,0,0,0,0,0,0,0,,,,,,,,,,,,,,,0,7,244,179,795,917,25,79,6,691,224,98
'620423,"Women's or girls' ensembles of synthetic fibres (excl. knitted or crocheted, ski overalls and ...",0,0,0,0,0,0,0,0,0,0,0,0,,,,,,,,,,,,,,,176,200,302,348,254,285,494,449,423,515,406,549
'621420,"Shawls, scarves, mufflers, mantillas, veils and similar articles of wool or fine animal hair ...",0,0,0,0,0,0,0,0,0,0,0,0,,,,,,,,,,,,,,,103,90,243,200,179,292,301,321,415,237,94,93
'630229,"Printed bedlinen of textile materials (excl. cotton and man-made fibres, knitted or crocheted)",0,0,0,0,0,0,0,0,0,0,0,0,,,,,,,,,,,,,,,0,1,1,0,1,0,3,0,0,0,0,0
'630260,"Toilet linen and kitchen linen, of terry towelling or similar terry fabrics of cotton (excl. ...",0,0,0,8,2,0,5,1,4,0,0,0,,,,,,,,,,,,,,,77,183,73,144,273,159,208,109,157,171,304,70
'630392,"Curtains, incl. drapes, and interior blinds, curtain or bed valances of synthetic fibres (excl. ...",0,0,0,0,0,0,0,0,0,0,0,0,,,,,,,,,,,,,,,2232,2206,2362,2076,2841,1701,894,1593,1926,2337,1689,1790
'630499,"Articles for interior furnishing, of textile materials (excl. of cotton or synthetic fibres, ...",0,0,0,0,0,0,0,0,0,0,0,0,,,,,,,,,,,,,,,101,124,317,248,310,271,92,130,241,132,158,65
'630629,"Tents of textile materials (excl. of synthetic fibres, and umbrella and play tents)",0,0,0,0,0,0,0,0,0,0,0,0,,,,,,,,,,,,,,,290,476,240,444,232,460,343,569,323,473,459,519
'630630,"Sails for boats, sailboards or landcraft, of textile materials",0,0,0,0,0,0,0,0,0,0,0,0,,,,,,,,,,,,,,,4,5,0,5,6,0,17,1,0,8,17,16
'640340,"Footwear, incorporating a protective metal toecap, with outer soles of rubber, plastics, leather ...",0,0,0,0,8,0,2,0,0,0,0,0,,,,,,,,,,,,,,,135,30,89,37,18,10,62,23,8,131,84,2
'650400,"Hats and other headgear, plaited or made by assembling strips of any material, whether or not ...",0,0,0,0,0,0,0,0,0,0,0,0,,,,,,,,,,,,,,,50,33,43,66,18,59,80,74,73,15,68,38
'650691,"Bathing caps, hoods and other headgear, whether or not lined or trimmed, of rubber or plastics ...",0,0,0,0,0,0,0,0,0,0,0,0,,,,,,,,,,,,,,,181,113,121,86,101,89,43,324,219,216,221,182
'660199,"Umbrellas and sun umbrellas, incl. walking-stick umbrellas (excl. umbrellas having a telescopic ...",0,0,0,0,0,0,0,9,0,0,3,0,,,,,,,,,,,,,,,2656,1523,772,391,263,352,404,700,1071,984,1280,942
'660200,"Walking sticks, seat-sticks, whips, riding-crops and the like (excl. measure walking sticks, ...",0,0,0,0,0,0,0,0,0,0,0,0,,,,,,,,,,,,,,,110,52,128,170,72,148,81,78,96,84,87,49
'670300,"Human hair, dressed, thinned, bleached or otherwise worked; wool, other animal hair or other ...",0,0,0,0,0,0,0,0,1,0,0,0,,,,,,,,,,,,,,,181,0,19,233,6,97,0,237,4,314,3,5
'670411,Complete wigs of synthetic textile materials,0,0,0,0,0,0,0,0,0,0,0,0,,,,,,,,,,,,,,,1,0,0,0,0,0,0,0,1,1,2,0
'680293,"Granite, in any form, polished, decorated or otherwise worked (excl. tiles, cubes and similar ...",0,0,0,0,0,0,0,0,0,0,0,0,,,,,,,,,,,,,,,316,389,486,660,302,691,199,642,722,540,528,1137
'680430,Hand sharpening or polishing stones,0,0,0,0,0,0,0,0,0,0,0,0,,,,,,,,,,,,,,,163,109,262,177,245,131,140,160,181,180,164,312
'680510,"Natural or artificial abrasive powder or grain, on a base of woven textile fabric only, whether ...",0,9,8,16,86,25,8,0,0,25,12,0,,,,,,,,,,,,,,,4581,3609,3331,3702,3378,3524,3427,4151,3901,3817,3487,4025
'681011,"Building blocks and bricks of cement, concrete or artificial stone, whether or not reinforced",0,0,0,0,0,0,0,0,0,0,0,0,,,,,,,,,,,,,,,115,63,66,64,35,85,221,64,58,108,158,67
'681091,"Prefabricated structural components for building or civil engineering of cement, concrete or ...",0,0,0,0,0,0,0,0,0,0,0,0,,,,,,,,,,,,,,,188,171,51,10,86,113,105,122,96,127,103,127
'681189,"Articles of cellulose fibre-cement or the like, not containing asbestos (excl. corrugated and ...",0,0,0,0,0,0,0,0,0,0,0,0,,,,,,,,,,,,,,,0,95,9,10,145,57,9,56,85,53,24,35
'681511,Carbon fibres,0,0,0,0,0,0,0,0,0,0,0,0,,,,,,,,,,,,,,,9536,6575,2671,7803,5788,7730,4571,6238,6388,5423,7944,4080
'690100,"Bricks, blocks, tiles and other ceramic goods of siliceous fossil meals, e.g. kieselguhr, tripolite ...",0,0,0,0,0,0,0,0,0,0,0,0,,,,,,,,,,,,,,,229,105,186,219,138,55,44,375,151,43,117,492
'690220,"Refractory bricks, blocks, tiles and similar refractory ceramic constructional goods containing, ...",0,0,0,238,0,0,0,0,0,0,71,0,,,,,,,,,,,,,,,8532,11741,9547,15810,8366,6358,8198,11010,18597,21669,7993,6826
'690990,"Ceramic troughs, tubs and similar receptacles of a kind used in agriculture; ceramic pots, ...",0,0,0,0,0,0,0,0,0,0,0,0,,,,,,,,,,,,,,,2828,4314,3686,2591,3128,3144,3902,3753,4214,2786,571,385
'710310,"Precious stones and semi-precious stones, unworked or simply sawn or roughly shaped, whether ...",0,0,0,0,0,0,0,0,0,0,0,0,,,,,,,,,,,,,,,46637,43275,31995,41511,30850,69796,46146,58254,41869,46681,28271,25187
'710399,"Precious and semi-precious stones, worked, whether or not graded, but not strung, mounted or ...",0,0,0,0,0,0,0,0,1,0,0,0,,,,,,,,,,,,,,,4008,10302,7497,2430,15974,9466,2553,3969,3277,2054,20835,3141
'711019,"Platinum, in semi-manufactured forms",0,0,0,0,0,0,0,0,0,0,0,0,,,,,,,,,,,,,,,1984,1808,3769,2187,1693,2362,1409,1300,1637,2618,3191,2042
'711790,"Imitation jewellery (excl. jewellery, of base metal, whether or not clad with silver, gold ...",0,0,1,5,6,1,0,1,1,0,1,0,,,,,,,,,,,,,,,1354,1223,1995,1476,1712,1347,1307,2227,1585,2247,2005,2443
'720219,"Ferro-manganese, containing by weight <= 2% carbon",0,0,0,0,0,0,0,0,0,0,0,0,,,,,,,,,,,,,,,364,2,0,0,0,0,0,0,0,0,0,938
'720221,"Ferro-silicon, containing by weight > 55% of silicon",0,0,0,0,0,141,0,0,0,0,0,0,,,,,,,,,,,,,,,24965,14987,21305,19330,19841,25496,18078,16291,20158,19459,25579,21017
'720230,Ferro-silico-manganese,0,0,0,0,83,0,0,0,0,119,0,0,,,,,,,,,,,,,,,1930,1447,2475,1838,2157,2744,1964,2577,2248,2897,2130,1576
'720250,Ferro-silico-chromium,0,0,0,0,0,0,0,0,0,0,0,0,,,,,,,,,,,,,,,3166,1820,1996,3984,4217,4334,6107,4487,3105,1114,2848,1419
'720292,Ferro-vanadium,0,0,0,0,0,0,0,0,0,0,0,0,,,,,,,,,,,,,,,581,0,587,0,0,2994,2954,1867,1929,743,2099,3065
'720310,"Ferrous products obtained by direct reduction of iron ore, in lumps, pellets or similar forms",0,0,0,0,0,0,0,0,0,0,0,0,,,,,,,,,,,,,,,37535,1894,37023,32751,21055,17060,37102,27167,44131,47693,36387,36061
'700800,Multiple-walled insulating units of glass,0,0,0,0,0,0,0,0,0,0,0,0,,,,,,,,,,,,,,,853,1310,830,738,1094,2204,822,444,1195,597,1090,1177
'701020,"Stoppers, lids and other closures, of glass",0,0,0,0,0,0,0,0,0,0,0,0,,,,,,,,,,,,,,,330,265,193,135,435,184,224,345,407,451,268,152
'701090,"Carboys, bottles, flasks, jars, pots, phials and other containers, of glass, of a kind used ...",0,0,0,0,0,0,0,0,0,0,0,0,,,,,,,,,,,,,,,12434,12374,12967,9523,9082,10691,9364,9408,10922,7943,10519,8940
'701341,"Glassware of lead crystal, of a kind used for table or kitchen purposes (excl. articles of ...",0,0,0,0,0,0,0,0,0,0,0,0,,,,,,,,,,,,,,,0,3,0,0,114,10,1,7,1,6,2,7
'701590,"Clock or watch glasses and similar glasses, glasses for non-corrective spectacles, curved, ...",0,0,0,0,0,0,0,0,0,0,0,0,,,,,,,,,,,,,,,650,458,796,713,511,792,684,628,1089,1027,566,1224
'701962,"Closed fabrics of rovings of glass fibres, mechanically bonded (excl. woven)",0,0,0,0,0,0,0,0,0,0,0,0,,,,,,,,,,,,,,,2805,2425,2723,2875,1819,2338,2006,1303,1604,1478,1494,1753
'691090,"Ceramic sinks, washbasins, washbasin pedestals, baths, bidets, water closet pans, flushing ...",82,31,116,98,2,48,21,3,3,0,55,0,,,,,,,,,,,,,,,3109,4192,4693,4394,5154,5173,3894,5095,4858,4862,3829,4456
'720441,"Turnings, shavings, chips, milling waste, sawdust, filings, trimmings and stampings of iron ...",0,0,0,0,0,0,0,0,0,0,0,0,,,,,,,,,,,,,,,6687,7074,7607,6387,4290,4834,4326,3983,3939,3725,3195,3406
'720690,"Iron and non-alloy steel, in puddled bars or other primary forms (excl. ingots, remelted scrap ...",0,0,0,0,0,0,0,0,0,0,0,0,,,,,,,,,,,,,,,913,1108,1530,1842,1660,2066,3660,712,630,76,327,103
'720839,"Flat-rolled products of iron or non-alloy steel, of a width of >= 600 mm, in coils, simply ...",0,0,0,0,0,0,0,0,0,0,0,0,,,,,,,,,,,,,,,7496,17372,54512,44792,79089,43522,40405,30278,38385,21727,16982,18990
'720926,"Flat-rolled products of iron or non-alloy steel, of a width of >= 600 mm, not in coils, simply ...",0,0,0,0,0,0,0,0,0,0,0,0,,,,,,,,,,,,,,,36,0,0,17,151,2,0,0,0,18,8,11
'721030,"Flat-rolled products of iron or non-alloy steel, of a width of >= 600 mm, hot-rolled or cold-rolled ...",0,0,0,0,0,0,0,0,0,0,0,0,,,,,,,,,,,,,,,5016,4969,12136,4192,14463,7236,12612,8889,5862,8539,10720,12054
'721041,"Flat-rolled products of iron or non-alloy steel, of a width of >= 600 mm, hot-rolled or cold-rolled ...",0,0,0,0,0,0,0,0,0,0,0,0,,,,,,,,,,,,,,,0,55,0,0,0,0,0,0,0,6,0,0
'721114,"Flat-rolled products of iron or non-alloy steel, of a width < 600 mm, not further worked than ...",0,0,0,0,0,0,0,0,0,0,0,0,,,,,,,,,,,,,,,23,137,51,16,34,1,0,0,46,1,180,0
'721190,"Flat-rolled products of iron or non-alloy steel, of a width of < 600 mm, hot-rolled or cold-rolled ...",0,0,0,0,0,0,0,0,0,0,0,0,,,,,,,,,,,,,,,35,5,168,16,0,195,16,10,369,94,5,20
'721310,"Bars and rods, hot-rolled, in irregularly wound coils of iron or non-alloy steel, with indentations, ...",0,0,0,0,0,0,0,0,0,0,0,0,,,,,,,,,,,,,,,137,70,71,67,70,0,0,48,44,93,115,67
'721550,"Bars and rods, of iron or non-alloy steel, not further worked than cold-formed or cold-finished ...",0,0,0,0,0,0,0,0,0,0,0,0,,,,,,,,,,,,,,,415,305,602,274,536,370,369,602,307,577,705,485
'721610,"U, I or H sections of iron or non-alloy steel, not further worked than hot-rolled, hot-drawn ...",0,0,0,0,0,0,0,0,0,0,0,0,,,,,,,,,,,,,,,40,1,32,10,0,76,14,215,2,10,9,2
'721632,"I sections of iron or non-alloy steel, not further worked than hot-rolled, hot-drawn or hot-extruded, ...",0,0,0,0,0,0,0,0,0,0,0,0,,,,,,,,,,,,,,,223,191,265,136,534,183,63,96,78,272,116,197
'721810,"Steel, stainless, in ingots and other primary forms (excl. waste and scrap in ingot form, and ...",0,0,0,81,70,0,0,0,0,0,0,0,,,,,,,,,,,,,,,6,0,58,89,80,107,106,92,37,273,148,186
'722550,"Flat-rolled products of alloy steel other than stainless, of a width of >= 600 mm, not further ...",0,0,0,0,0,0,0,0,0,0,0,0,,,,,,,,,,,,,,,13282,10139,17763,14184,17022,14368,15831,13134,8862,13645,11913,12895
'722790,"Bars and rods of alloy steel other than stainless, hot-rolled, in irregularly wound coils (excl. ...",0,0,203,0,0,0,0,0,0,0,0,0,,,,,,,,,,,,,,,5469,2752,4539,4017,4770,3090,3534,6429,3618,425,3811,1478
'722820,"Bars and rods of silico-manganese steel (excl. semi-finished products, flat-rolled products ...",0,0,0,0,0,0,0,0,0,0,0,0,,,,,,,,,,,,,,,194,156,282,0,221,1,35,3,0,2,0,0
'722880,"Hollow drill bars and rods, of alloy or non-alloy steel",0,0,0,0,0,0,0,0,0,0,0,0,,,,,,,,,,,,,,,644,550,636,582,9,159,501,573,229,296,257,171
'722920,"Wire of silico-manganese steel, in coils (excl. bars and rods)",0,0,0,0,0,0,0,0,0,0,0,0,,,,,,,,,,,,,,,653,241,46,87,41,76,92,12,146,2,137,242
'730230,"Switch blades, crossing frogs, point rods and other crossing pieces, for railway or tramway ...",0,0,0,0,0,0,0,0,0,0,0,0,,,,,,,,,,,,,,,13335,0,5147,3,2993,0,4317,2215,448,0,2,610
'730429,"Casing and tubing, seamless, of iron or steel, of a kind used in drilling for oil or gas (excl. ...",0,0,0,0,0,0,0,0,0,0,0,0,,,,,,,,,,,,,,,5468,1254,852,1404,2180,1107,1317,1400,2428,440,3381,782
'730431,"Tubes, pipes and hollow profiles, seamless, of circular cross-section, of iron or non-alloy ...",0,0,0,0,0,0,0,0,0,0,0,0,,,,,,,,,,,,,,,2577,2051,1711,2716,3155,3189,2117,4049,3659,2158,2442,2674
'730590,"Tubes and pipes having circular cross-sections and an external diameter of > 406,4 mm, of flat-rolled ...",0,0,0,0,0,0,0,0,0,0,0,0,,,,,,,,,,,,,,,16,7,20,759,36,2,19,122,81,2,313,655
'732119,"Appliances for baking, frying, grilling and cooking and plate warmers, for domestic use, of ...",0,0,0,0,0,0,0,0,0,0,0,0,,,,,,,,,,,,,,,26,58,8,63,12,153,15,53,43,18,3,16
'732310,"Iron or steel wool; pot scourers and scouring or polishing pads, gloves and the like, of iron ...",0,0,0,0,0,0,0,0,0,0,0,0,,,,,,,,,,,,,,,204,187,262,190,125,302,361,257,349,150,227,135
'732410,"Sinks and washbasins, of stainless steel",2,0,0,0,0,0,0,0,0,0,0,0,,,,,,,,,,,,,,,374,470,315,365,528,1529,1039,1039,1097,779,715,561
'740100,"Copper mattes; cement copper ""precipitated copper""",0,0,0,0,0,0,0,0,0,0,0,0,,,,,,,,,,,,,,,12,1,9,0,0,35,0,0,65,0,43,0
'740200,"Copper, unrefined; copper anodes for electrolytic refining",0,0,0,0,0,0,0,0,0,0,0,0,,,,,,,,,,,,,,,283399,102291,128541,205390,183699,272451,231818,282551,219051,155443,208459,507099
'740311,"Copper, refined, in the form of cathodes and sections of cathodes",0,0,0,0,0,0,0,0,0,0,0,0,,,,,,,,,,,,,,,325830,218313,208335,211354,254889,222791,272800,154055,116190,173318,295864,332907
'740312,"Copper, refined, in the form of wire-bars",0,0,0,0,0,0,0,0,0,0,0,0,,,,,,,,,,,,,,,0,0,0,0,0,0,0,0,25,0,0,0
'731419,"Woven cloth, incl. endless bands, of iron or steel wire (excl. stainless and woven products ...",0,0,0,0,0,0,0,0,0,0,0,0,,,,,,,,,,,,,,,1039,1111,1049,773,744,1151,975,911,1024,1016,1147,1173
'731442,"Grill, netting and fencing, of iron or steel wire, not welded at the intersection, coated with ...",0,0,0,0,0,0,0,0,0,0,0,0,,,,,,,,,,,,,,,70,145,160,143,121,208,87,190,162,80,54,64
'731590,"Parts of skid chain, stud-link chain and other chains of heading 7315 (excl. articulated link ...",0,0,0,0,0,0,0,0,0,0,0,0,,,,,,,,,,,,,,,868,390,539,617,600,555,1302,702,940,682,818,513
'750110,Nickel mattes,0,0,0,0,0,0,0,0,0,0,0,0,,,,,,,,,,,,,,,0,0,0,0,0,0,0,0,0,0,0,0
'750210,"Nickel, not alloyed, unwrought",0,0,0,0,0,0,0,0,0,0,0,0,,,,,,,,,,,,,,,49433,47155,50064,65465,71146,51451,10699,33527,47412,51761,47940,47842
'750610,"Plates, sheets, strip and foil, of non-alloy nickel (excl. expanded plates, sheets or strip)",0,0,0,0,0,0,0,0,0,0,0,0,,,,,,,,,,,,,,,414,499,497,561,767,620,554,615,1587,1581,549,769
'760310,"Powders of aluminium, of non-lamellar structure (excl. pellets of aluminium)",0,0,0,0,0,0,0,0,0,0,0,0,,,,,,,,,,,,,,,1490,1133,781,1247,934,951,1648,790,1459,764,710,1024
'760320,"Powders of aluminium, of lamellar structure, and flakes of aluminium (excl. pellets of aluminium, ...",0,0,0,0,0,0,0,0,0,0,0,0,,,,,,,,,,,,,,,225,166,449,311,386,239,165,288,288,402,314,233
'760719,"Aluminium foil, not backed, rolled and further worked, of a thickness of <= 2 mm (excl. stamping ...",0,0,0,0,78,0,0,0,0,0,0,0,,,,,,,,,,,,,,,27460,28765,27009,22175,22125,29027,35246,42952,45722,53138,49461,34914
'780200,"Lead waste and scrap (excl. ashes and residues from lead production ""heading No 2620"", and ...",0,0,0,0,0,0,0,0,0,0,0,0,,,,,,,,,,,,,,,30559,34284,36307,35736,37491,40885,37417,40681,41823,28238,27790,32189
'780600,"Articles of lead, n.e.s.",0,0,0,0,0,0,0,0,0,0,0,0,,,,,,,,,,,,,,,215,155,391,234,259,202,168,100,331,362,445,128
'800120,Unwrought tin alloys,0,0,0,0,0,0,0,0,0,0,0,0,,,,,,,,,,,,,,,312,336,292,0,421,508,45,473,417,392,511,35
'810294,"Unwrought molybdenum, incl. bars and rods obtained simply by sintering",0,0,0,0,0,0,0,0,0,0,0,0,,,,,,,,,,,,,,,1815,1143,1944,1173,1276,1829,1566,2029,0,2005,1217,571
'810296,Molybdenum wire,0,0,0,0,0,0,0,0,0,0,0,0,,,,,,,,,,,,,,,1747,1026,2284,1884,2276,2047,2063,1270,751,1365,1391,1247
'810430,"Magnesium raspings, turnings and granules, graded according to size; magnesium powders",0,0,0,0,0,0,0,0,0,0,0,0,,,,,,,,,,,,,,,985,1909,1818,2498,1696,1398,1539,1356,4205,1532,1755,2865
'810590,"Articles of cobalt, n.e.s.",0,0,0,0,0,0,0,0,0,0,0,0,,,,,,,,,,,,,,,4046,4467,5112,4520,5295,5909,3647,8022,3289,4309,3166,6826
'811219,"Articles of beryllium, n.e.s.",0,0,0,0,0,0,0,0,0,0,0,0,,,,,,,,,,,,,,,7,3,1,8,3,7,55,0,0,0,3,1
'811300,"Cermets and articles thereof, n.e.s.; waste and scrap of cermets (excl. ash and residues containing ...",0,0,0,0,0,0,0,0,0,0,0,0,,,,,,,,,,,,,,,982,1916,1027,1537,1078,947,1246,2126,4401,2642,2497,5250
'820130,"Mattocks, picks, hoes and rakes, with working parts of base metal (excl. ice axes)",0,0,0,0,0,0,0,0,0,0,0,0,,,,,,,,,,,,,,,84,61,156,150,193,197,167,88,192,175,123,30
'820510,"Hand-operated drilling, threading or tapping hand tools",0,0,2,0,0,0,0,0,0,0,0,0,,,,,,,,,,,,,,,101,456,551,199,325,271,403,369,237,226,258,256
'830120,"Locks used for motor vehicles, of base metal",415,380,15,284,55,135,209,0,13,0,0,0,,,,,,,,,,,,,,,2638,2529,2370,2718,2395,1865,1566,1889,2123,2321,2385,2302
'830150,"Clasps and frames with clasps, incorporating locks, of base metal",0,0,0,0,0,0,0,0,0,0,0,0,,,,,,,,,,,,,,,34,38,70,71,61,33,25,54,42,28,5,14
'830241,Base metal mountings and fittings suitable for buildings (excl. locks with keys and hinges),1,0,0,37,3,8,3,0,6,1,0,0,,,,,,,,,,,,,,,6464,8249,8607,8993,8102,8428,7960,8180,10071,8854,9365,6551
'830629,"Statuettes and other ornaments, of base metal, not plated with precious metal (excl. works ...",8,0,0,0,0,0,0,0,10,0,0,0,,,,,,,,,,,,,,,340,484,682,582,749,584,439,945,446,693,773,438
'830630,"Photograph, picture or similar frames, of base metal; mirrors of base metal (excl. optical ...",0,0,0,0,0,0,0,0,2,0,0,0,,,,,,,,,,,,,,,137,261,157,369,154,251,208,192,126,199,262,77
'840110,Nuclear reactors [Euratom],0,0,0,0,0,0,0,0,0,0,0,0,,,,,,,,,,,,,,,0,0,0,0,0,0,0,0,0,0,0,0
'840390,"Parts of central heating boilers, n.e.s.",0,0,0,0,0,0,0,0,0,0,0,0,,,,,,,,,,,,,,,0,3,12,0,11,0,71,44,0,3,59,61
'840820,"Compression-ignition internal combustion piston engine ""diesel or semi-diesel engine"", for ...",0,15,2,0,0,0,5,0,0,0,5,0,,,,,,,,,,,,,,,15336,26835,21144,17054,14404,16704,13675,20710,19346,22817,16794,15324
'841012,"Hydraulic turbines and water wheels, of a power > 1.000 kW but <= 10.000 kW (excl. hydraulic ...",0,0,0,0,0,0,0,0,0,0,0,0,,,,,,,,,,,,,,,0,0,0,0,0,0,0,0,0,0,0,0
'841122,Turbopropellers of a power > 1.100 kW,0,0,0,0,0,0,0,0,0,0,0,0,,,,,,,,,,,,,,,2248,5804,280,787,555,0,0,304,2082,1464,2414,283
'841181,Gas turbines of a power <= 5.000 kW (excl. turbojets and turbopropellers),0,0,0,0,0,0,0,0,0,0,0,0,,,,,,,,,,,,,,,8948,6540,6603,7703,5947,7924,7902,7733,4721,6006,5576,6716
'841199,"Parts of gas turbines, n.e.s.",0,0,0,0,0,0,0,0,0,0,0,0,,,,,,,,,,,,,,,19154,20240,15310,12796,13896,15521,12347,43490,8778,21139,25244,27064
'841780,"Industrial or laboratory furnaces and ovens, non-electric, incl. incinerators (excl. those ...",0,0,0,0,0,0,83,0,0,0,0,0,,,,,,,,,,,,,,,3320,4240,11309,6122,10288,18199,5497,12744,8734,9988,8424,17722
'841830,"Freezers of the chest type, of a capacity <= 800 l",0,0,0,0,0,0,0,0,0,0,0,0,,,,,,,,,,,,,,,474,731,164,99,776,62,558,111,62,102,114,129
'841911,Instantaneous gas water heaters (excl. boilers or water heaters for central heating),0,0,0,0,0,0,0,0,0,0,0,0,,,,,,,,,,,,,,,81,59,2408,538,587,116,186,11,0,99,0,13
'841933,"Lyophilisation apparatus, freeze drying units and spray dryers",0,10,0,0,0,0,0,0,10,0,0,0,,,,,,,,,,,,,,,445,164,168,1727,2627,625,395,663,1799,2201,380,1301
'841935,"Dryers, for wood, paper pulp, paper or paperboard (excl. lyophilisation apparatus, freeze drying ...",0,0,0,0,0,0,0,0,0,0,0,0,,,,,,,,,,,,,,,656,963,42,40,152,346,681,51,247,32,8,40
'842122,Machinery and apparatus for filtering or purifying beverages (excl.water),0,0,0,0,0,0,0,0,0,0,0,0,,,,,,,,,,,,,,,305,148,1128,243,715,987,515,1125,802,1043,440,755
'842810,Lifts and skip hoists,0,0,0,0,0,0,0,48,0,0,0,0,,,,,,,,,,,,,,,20153,17096,13998,16785,21640,17950,12725,29456,25539,10150,19781,12496
'842860,"Teleferics, chairlifts, ski-draglines; traction mechanisms for funiculars",0,0,0,0,0,0,0,0,0,0,0,0,,,,,,,,,,,,,,,405,777,728,608,3772,1373,1133,1503,2038,1818,2569,2550
'842940,Self-propelled tamping machines and roadrollers,0,0,0,0,0,0,0,0,0,42,0,0,,,,,,,,,,,,,,,162,549,528,378,147,252,105,599,439,766,236,351
'842951,Self-propelled front-end shovel loaders,0,0,0,0,0,0,0,0,0,0,0,0,,,,,,,,,,,,,,,3391,1873,8528,9467,15278,7552,11634,18423,9289,16183,8591,9640
'843049,"Boring or sinking machinery for boring earth or extracting minerals or ores, not self-propelled ...",0,0,0,88,0,0,0,0,102,0,0,0,,,,,,,,,,,,,,,17470,3706,4067,1689,1335,4320,3700,1787,8572,4244,471,2946
'843353,Root or tuber harvesting machines,0,0,0,0,0,0,0,0,0,0,0,0,,,,,,,,,,,,,,,0,0,0,0,22,71,248,435,12,40,0,225
'843359,"Harvesting machinery for agricultural produce (excl. mowers, haymaking machinery, straw and ...",0,0,0,0,0,0,0,0,0,0,0,0,,,,,,,,,,,,,,,1607,1167,1306,2797,2353,3861,1976,2145,1131,2284,2109,1646
'843699,"Parts of agricultural, horticultural, forestry or bee-keeping machinery, n.e.s.",0,0,2,0,5,0,28,0,0,0,0,0,,,,,,,,,,,,,,,1139,873,816,855,546,995,590,753,1123,1141,3063,786
'843780,Machinery used in the milling industry or for the working of cereals or dried leguminous vegetables ...,11,0,0,39,61,66,0,29,0,192,28,0,,,,,,,,,,,,,,,3448,3968,4452,5282,8629,7406,4257,5386,7467,5584,6001,4735
'843810,"Bakery machinery and machinery for the industrial preparation or manufacture of macaroni, spaghetti ...",2,0,482,0,0,0,0,0,0,0,0,0,,,,,,,,,,,,,,,6763,4332,2959,1678,5313,1857,3956,4699,3722,2307,4768,4483
'844120,"Machines for making bags, sacks or envelopes out of paper pulp, paper or paperboard (excl. ...",0,0,0,0,0,0,0,0,0,0,0,0,,,,,,,,,,,,,,,1066,1808,1922,1002,1851,2028,1830,639,1209,3587,2466,871
'844240,"Parts of machinery, apparatus and equipment for preparing or making printing plates, cylinders ...",0,0,0,0,0,0,0,0,0,0,0,0,,,,,,,,,,,,,,,100,106,202,373,69,120,153,89,196,357,930,461
'844712,"Circular knitting machines, with cylinder diameter > 165 mm",0,0,0,182,0,0,0,0,0,0,0,0,,,,,,,,,,,,,,,8240,7352,8576,9057,11920,11784,11176,12430,10997,10059,7940,7545
'844833,"Spindles, spindle flyers, spinning rings and ring travellers, for machines of heading 8445",0,0,0,0,0,0,0,0,0,0,0,0,,,,,,,,,,,,,,,1426,1034,1120,822,790,786,1776,1525,359,773,821,757
'844859,"Parts and accessories of machines of heading 8447, n.e.s.",0,0,2,0,0,0,0,0,0,0,0,0,,,,,,,,,,,,,,,2048,3845,3786,5417,4847,3763,2721,2514,3508,3887,2927,2516
'845011,"Fully-automatic household or laundry-type washing machines, of a dry linen capacity <= 6 kg",0,0,0,0,0,0,0,0,0,0,0,0,,,,,,,,,,,,,,,136,142,145,738,905,542,470,323,882,480,377,1175
'845190,"Parts of machines for washing, cleaning, wringing, drying, ironing, pressing, bleaching, dyeing, ...",0,0,0,0,0,0,0,0,1,0,0,0,,,,,,,,,,,,,,,1967,1837,2679,2339,1799,3193,1775,2474,2256,2077,2006,3498
'845521,Hot or combination hot and cold metal-rolling mills (excl. tubes mills),0,0,901,594,0,0,0,0,0,0,0,0,,,,,,,,,,,,,,,12241,5269,11195,2577,5668,1028,4520,1425,5691,19662,43077,8215
'845891,"Lathes, incl. turning centres, for removing metal, numerically controlled (excl. horizontal ...",0,0,0,0,0,0,0,0,0,0,0,0,,,,,,,,,,,,,,,4393,8655,3045,3290,3206,4717,5154,4445,7302,1922,8928,4807
'845910,"Way-type unit head machines for drilling, boring, milling, threading or tapping metal",0,0,0,0,0,0,0,0,0,0,0,0,,,,,,,,,,,,,,,20,43,1,87,16,40,45,57,570,2,170,56
'845929,"Drilling machines for working metal, not numerically controlled (excl. way-type unit head machines ...",0,0,0,0,0,0,0,0,0,0,0,0,,,,,,,,,,,,,,,2738,3985,1969,1292,3874,1124,1617,1598,1322,1577,1834,1311
'845931,"Boring-milling machines for metals, numerically controlled (excl. way-type unit head machines)",0,0,0,0,0,0,0,0,0,0,0,0,,,,,,,,,,,,,,,1838,507,1227,1711,4915,3179,2449,3992,2497,563,440,136
'846039,"Sharpening ""tool or cutter grinding"" machines, not numerically controlled",2,0,0,0,0,3,0,0,0,0,0,0,,,,,,,,,,,,,,,280,444,591,571,460,895,673,467,453,554,640,343
'846251,"Machines for working tube, pipe, hollow section and bar, numerically controlled (excl. presses)",0,0,0,0,0,0,0,0,0,0,0,0,,,,,,,,,,,,,,,744,1620,353,938,1423,1124,1017,933,1208,1478,2872,815
'846880,"Machinery and apparatus for welding, not gas-operated (excl. electric machines and apparatus ...",0,0,0,5,0,0,0,0,0,0,84,0,,,,,,,,,,,,,,,2281,1274,922,1271,1106,1491,1979,1470,1059,870,2075,1557
'847021,"Electronic calculating machines incorporating a printing device, with mains connection (excl. ...",0,0,0,0,0,0,0,0,0,0,0,0,,,,,,,,,,,,,,,42,3,0,2,3,3,6,8,10,6,2,9
'847979,Passenger boarding bridges (excl. of a kind used in airports),0,0,0,0,0,0,0,0,0,0,0,0,,,,,,,,,,,,,,,771,335,302,1302,614,1743,1871,438,545,269,997,1118
'850134,DC motors and DC generators of an output > 375 kW (excl. photovoltaic generators),0,0,0,0,0,0,0,0,0,0,0,0,,,,,,,,,,,,,,,340,211,2347,174,858,296,107,97,75,5469,809,58
'850161,"AC generators ""alternators"", of an output <= 75 kVA (excl. photovoltaic generators)",0,0,0,0,0,0,0,0,0,0,0,0,,,,,,,,,,,,,,,3859,1044,2844,1842,4308,2408,1929,886,2663,3172,4109,1446
'850163,"AC generators ""alternators"", of an output > 375 kVA but <= 750 kVA (excl. photovoltaic generators)",0,0,0,0,0,0,0,0,0,0,0,0,,,,,,,,,,,,,,,703,276,1165,761,951,1189,1085,47,614,621,320,468
'850211,"Generating sets with compression-ignition internal combustion piston engine ""diesel or semi-diesel ...",0,0,0,0,0,0,0,0,0,0,0,0,,,,,,,,,,,,,,,325,330,396,838,546,398,3437,269,411,255,457,602
'850423,"Liquid dielectric transformers, having a power handling capacity > 10.000 kVA",0,0,0,0,0,0,0,0,0,0,0,0,,,,,,,,,,,,,,,3978,3867,463,375,556,1840,333,852,1475,4160,1097,2982
'851110,Sparking plugs of a kind used for spark-ignition or compression-ignition internal combustion ...,0,0,1,0,0,2,0,0,0,0,2,0,,,,,,,,,,,,,,,3153,4199,4564,4160,4345,4592,4439,3884,3829,4976,5354,3725
'851120,"Ignition magnetos, magneto-dynamos and magnetic flywheels, for spark-ignition or compression-ignition ...",0,0,0,0,0,0,0,0,0,0,0,0,,,,,,,,,,,,,,,263,330,281,316,101,260,132,879,219,155,276,139
'851519,Brazing or soldering machines (excl. soldering irons and guns),0,0,0,0,0,5,0,0,0,0,0,0,,,,,,,,,,,,,,,3201,1537,2610,1916,2235,1784,2204,2859,2527,3096,3810,1763
'851531,"Fully or partly automatic machines for arc welding of metals, incl. plasma arc welding",0,0,0,0,0,0,341,0,14,0,0,0,,,,,,,,,,,,,,,6155,7278,8913,4349,4713,4124,6365,9372,6293,4888,5958,6026
'851632,Electro-thermic hairdressing apparatus (excl. hairdryers),0,0,0,0,0,0,0,0,0,0,0,0,,,,,,,,,,,,,,,391,454,1192,852,21364,819,26188,2063,3776,2412,1708,873
'851672,"Electric toasters, for domestic use",0,0,0,0,0,0,0,0,0,0,0,0,,,,,,,,,,,,,,,195,115,151,409,303,101,126,142,170,37,280,166
'851711,Line telephone sets with cordless handsets,0,0,0,0,0,0,0,0,0,0,0,0,,,,,,,,,,,,,,,374,398,678,402,882,741,557,530,580,838,511,276
'851930,"Turntables ""record-decks""",0,0,0,0,0,0,0,0,0,0,0,0,,,,,,,,,,,,,,,137,14,88,61,110,31,86,179,30,59,64,83
'852210,Pick-up cartridges,0,0,0,0,0,0,0,0,0,0,0,0,,,,,,,,,,,,,,,0,0,0,0,0,0,2,1,1,9,0,0
'852290,Parts and accessories suitable for use solely or principally with sound reproducing and recording ...,0,0,0,0,0,0,0,0,0,0,0,0,,,,,,,,,,,,,,,4866,4289,4574,4951,3736,5201,5814,5315,5906,4433,5355,4931
'852341,"Optical media for the recording of sound or of other phenomena, unrecorded (excl. goods of ...",43,0,41,81,0,0,45,0,0,8,83,0,,,,,,,,,,,,,,,262,214,73,177,305,141,347,141,137,113,137,62
'852411,"Flat panel display modules, whether or not incorporating touch-sensitive screens, without drivers ...",2,0,0,0,0,1206,9,0,0,2,0,0,,,,,,,,,,,,,,,17613,16309,22118,13874,17208,21087,14579,15445,13147,12508,13477,15742
'852583,"Night vision television cameras, digital cameras and video camera recorders as specified in ...",0,0,0,0,0,0,0,0,0,0,0,0,,,,,,,,,,,,,,,69,2,26,22,52,27,27,0,13,0,3,49
'853080,"Electrical signalling, safety or traffic control equipment (excl. that for railways or tramways ...",0,0,0,0,0,0,0,0,0,0,0,0,,,,,,,,,,,,,,,1853,2076,2571,2093,1771,7066,1435,3347,1890,1498,2637,2524
'853110,Burglar or fire alarms and similar apparatus,56,0,6,14,65,20,9,28,17,2,0,0,,,,,,,,,,,,,,,6945,7463,6109,6179,6981,7306,6971,6861,7479,6473,9627,6580
'853120,"Indicator panels with liquid crystal devices ""LCD"" or light emitting diodes ""LED"" (excl. those ...",0,0,0,0,2,0,0,0,0,0,0,0,,,,,,,,,,,,,,,3526,3254,3172,2961,4561,2739,3527,4701,2159,2838,2732,3141
'854320,"Signal generators, electrical",0,0,0,16,0,0,0,0,0,1,0,0,,,,,,,,,,,,,,,3558,3019,14200,4606,3490,3044,4317,6498,3326,2921,4582,4058
'854330,"Machines and apparatus for electroplating, electrolysis or electrophoresis",0,0,0,0,0,0,0,0,0,0,0,0,,,,,,,,,,,,,,,6378,4936,14725,9289,16809,9218,5650,13237,21257,3413,4473,38831
'860799,"Parts of rolling stock of heading 8603, 8604, 8605 or 8606, n.e.s.",0,0,0,0,0,0,0,0,0,0,0,0,,,,,,,,,,,,,,,5841,7943,6109,4506,5013,8858,4120,7477,5814,4548,4656,3045
'870129,"Road tractors for semi-trailers, with only spark-ignition internal combustion piston engine ...",0,0,0,0,0,0,0,0,0,0,0,0,,,,,,,,,,,,,,,0,8,0,10,0,0,0,0,9,1254,3688,203
'870370,Motor cars and other motor vehicles principally designed for the transport of ...,0,0,0,0,0,0,0,0,0,0,0,0,,,,,,,,,,,,,,,0,0,0,0,0,0,0,0,0,0,41,0
'870710,Bodies for motor cars and other motor vehicles principally designed for the transport of persons,57,35,0,0,0,10,0,92,0,0,0,0,,,,,,,,,,,,,,,12576,11328,12520,14496,12330,8807,8387,9947,11039,6376,14486,15402
'870891,"Radiators and parts thereof, for tractors, motor vehicles for the transport of ten or more ...",1,0,0,0,0,2,0,0,57,0,4,0,,,,,,,,,,,,,,,4801,4645,5693,3742,4398,4042,4352,3738,4958,4368,5747,6105
'871190,"Motorcycles, incl. mopeds, and cycles fitted with an auxiliary motor and side cars for motorcycles ...",0,0,0,0,0,0,0,0,0,0,0,0,,,,,,,,,,,,,,,0,0,0,0,146,0,43,0,90,51,36,7
'871420,"Parts and accessories for carriages for disabled persons, n.e.s.",0,0,0,0,0,0,0,0,0,0,0,0,,,,,,,,,,,,,,,1072,1037,1536,1257,1275,555,510,1814,869,1052,840,340
'871495,Saddles for cycles (excl. for motorcycles),0,0,1,0,1,0,1,0,0,1,1,0,,,,,,,,,,,,,,,36,27,29,70,66,48,17,24,41,18,31,42
'871639,"Trailers and semi-trailers for the transport of goods, not designed for running on rails (excl. ...",0,0,0,0,0,0,0,0,0,0,0,0,,,,,,,,,,,,,,,1347,1122,304,757,262,431,235,718,522,383,290,874
'880100,"Balloons and dirigibles; gliders, hang gliders and other non-powered aircraft",0,0,0,0,0,0,0,0,0,0,0,0,,,,,,,,,,,,,,,0,0,0,0,0,0,8,13,32,0,0,0
'880240,"Aeroplanes and other powered aircraft of an of an unladen weight > 15.000 kg (excl. helicopters, ...",0,0,0,0,0,0,0,0,0,0,0,0,,,,,,,,,,,,,,,411889,208929,819092,441222,1296324,902588,288167,829974,771435,465005,931623,1110930
'880710,"Propellers and rotors and parts thereof, for aircraft, n.e.s.",0,0,0,0,0,0,0,0,0,0,0,0,,,,,,,,,,,,,,,2906,1045,1146,1236,1164,1471,1316,693,586,1567,821,572
'890200,Fishing vessels; factory ships and other vessels for processing or preserving fishery products ...,0,0,0,0,0,0,0,0,0,0,0,0,,,,,,,,,,,,,,,0,0,0,0,39,0,0,0,0,0,0,0
'890312,"Inflatable ""incl. rigid hull inflatable"" boats, for pleasure or sports, not designed for use ...",0,0,0,0,0,0,0,0,0,0,0,0,,,,,,,,,,,,,,,0,0,0,1,0,1,0,0,0,2,0,0
'890319,"Inflatable ""incl. rigid hull inflatable"" boats, for pleasure or sports, unladen ""net"" weight ...",0,0,0,0,0,0,0,0,0,0,0,0,,,,,,,,,,,,,,,0,0,0,14,0,6,2,9,1,0,16,7
'890332,"Motorboats, of a length > 7,5 m but <= 24 m, for pleasure or sports (excl. inflatable and outboard)",0,0,0,0,0,0,0,0,0,0,0,0,,,,,,,,,,,,,,,0,0,0,0,0,0,0,0,112,0,0,0
'890399,"Outboard motorboats, for pleasure or sports, and rowing boats and canoes, of a length > 7,5 ...",0,0,0,0,0,0,0,0,0,0,0,0,,,,,,,,,,,,,,,82,22,323,42,37,95,149,56,371,300,337,688
'853931,"Discharge lamps, fluorescent, hot cathode",0,0,0,0,0,0,0,0,0,0,0,0,,,,,,,,,,,,,,,248,249,217,191,130,316,51,108,172,97,67,105
'853949,Ultraviolet or infra-red lamps,0,0,0,0,0,0,0,1,0,0,2,0,,,,,,,,,,,,,,,2427,3012,2657,2749,2235,2251,2750,2259,1810,2307,1894,3424
'854081,"Receiver or amplifier valves and tubes (excl. microwave tubes, photo-cathode tubes and cathode ...",0,0,0,0,0,0,0,0,0,0,0,0,,,,,,,,,,,,,,,798,5,24,10,15,8,33,2,1,10,30,0
'853510,Fuses for a voltage > 1.000 V,0,0,0,0,0,0,0,0,0,0,0,0,,,,,,,,,,,,,,,1446,1222,2312,1908,1788,1950,2213,1795,1794,2514,2126,2116
'853540,"Lightning arresters, voltage limiters and surge suppressors, for a voltage > 1.000 V",0,2,0,14,8,0,0,3,9,0,1,0,,,,,,,,,,,,,,,2610,2165,2574,1992,1908,2446,2311,2906,2448,2954,3170,1771
'900640,Instant print cameras (excl. special cameras of subheading 9006.30),0,0,0,35,42,21,42,23,41,0,61,0,,,,,,,,,,,,,,,1709,1756,1589,441,523,366,1184,473,477,727,660,753
'900890,"Parts and accessories for image projectors, photographic enlargers and reducers, n.e.s.",0,0,0,0,0,0,0,0,0,0,0,0,,,,,,,,,,,,,,,25,22,20,72,15,26,15,24,30,26,9,15
'901180,"Optical microscopes (excl. for photomicrography, cinephotomicrography or microprojection, stereoscopic ...",0,0,0,0,0,0,14,0,0,0,0,0,,,,,,,,,,,,,,,6263,4718,5216,3976,5155,6334,7201,4869,3513,4922,5996,10080
'901290,"Parts and accessories for electron microscopes, proton microscopes and diffraction apparatus, ...",0,0,0,0,0,0,0,0,0,0,0,0,,,,,,,,,,,,,,,203,241,333,320,616,230,418,300,673,649,1446,265
'901510,Rangefinders,0,0,0,0,0,0,0,0,0,0,0,0,,,,,,,,,,,,,,,384,435,425,348,1045,666,1534,3612,374,1045,618,1025
'901520,"Theodolites and tachymeters ""tacheometers""",0,0,0,0,0,0,0,0,0,0,0,0,,,,,,,,,,,,,,,1451,3427,808,1132,3111,1011,1890,2376,1178,1166,956,1112
'902219,"Apparatus based on the use of X-rays (other than for medical, surgical, dental or veterinary ...",0,0,0,0,0,0,0,0,14,0,0,0,,,,,,,,,,,,,,,10418,10228,16133,8574,9027,13380,9022,11461,11892,11427,12083,12524
'902300,"Instruments, apparatus and models designed for demonstrational purposes, e.g. in education ...",0,0,0,2,0,5,14,0,0,0,20,0,,,,,,,,,,,,,,,5770,7428,8265,4724,6290,7033,7360,8804,6953,4375,9255,7519
'902790,"Microtomes; parts and accessories of instruments and apparatus for physical or chemical analysis, ...",0,0,3,5,0,0,0,0,0,0,0,0,,,,,,,,,,,,,,,36508,33748,39568,36755,38247,38852,38006,42074,31830,38714,39309,39064
'903084,"Instruments and apparatus for measuring or checking electrical quantities, with recording device ...",0,0,0,0,0,0,0,0,0,0,0,0,,,,,,,,,,,,,,,2913,3493,2623,1168,935,2498,3069,2635,1770,2498,2771,4651
'903110,Machines for balancing mechanical parts,0,0,0,0,0,0,0,0,0,0,2,0,,,,,,,,,,,,,,,239,586,1738,1018,1119,787,1460,3587,3395,479,2950,662
'903120,"Test benches for motors, generators, pumps, etc.",0,0,0,0,0,0,0,0,0,0,0,0,,,,,,,,,,,,,,,7427,8881,5065,4822,6738,7500,4905,10510,3985,3428,7730,8240
'910129,"Wrist-watches of precious metal or of metal clad with precious metal, whether or not incorporating ...",0,0,0,0,0,0,0,0,0,0,0,0,,,,,,,,,,,,,,,596,2728,586,690,1558,1372,1166,1097,162,158,631,135
'910211,"Wrist-watches, whether or not incorporating a stop-watch facility, electrically operated, with ...",0,0,0,0,0,0,0,0,0,0,0,0,,,,,,,,,,,,,,,11378,10376,13324,12768,16295,17320,12203,14608,14657,17283,17367,13294
'911011,"Complete watch movements, unassembled or partly assembled movement sets",0,0,0,0,0,0,0,0,0,0,0,0,,,,,,,,,,,,,,,642,586,754,555,453,260,427,222,881,552,1117,1323
'920290,"Guitars, harps and other string musical instruments (excl. with keyboard and those played with ...",0,0,0,0,0,0,0,0,0,0,0,0,,,,,,,,,,,,,,,821,1002,1033,1158,1376,1100,1144,948,1551,702,1162,798
'930520,"Parts and accessories of shotguns or rifles of heading 9303, n.e.s.",0,0,0,0,0,0,0,0,0,0,0,0,,,,,,,,,,,,,,,8,3,106,14,525,477,122,1397,241,140,14,540
'940421,"Mattresses of cellular rubber or plastics, whether or not covered",0,0,0,0,0,21,0,0,22,18,0,0,,,,,,,,,,,,,,,643,1451,1769,1670,1625,1249,826,1082,1153,1144,1144,1466
'940440,"Quilts, bedspreads, eiderdowns and duvets ""comforters""",0,0,0,0,0,2,0,0,0,0,0,0,,,,,,,,,,,,,,,178,164,93,391,306,158,125,102,174,129,410,38
'940561,"Illuminated signs, illuminated nameplates and the like, with a permanently fixed light-emitting ...",0,0,5,0,0,0,0,0,0,0,0,0,,,,,,,,,,,,,,,117,84,327,74,207,34,97,100,61,67,38,48
'940592,"Parts of lamps and lighting fittings, illuminated signs and nameplates and the like, of plastics, ...",0,0,0,0,0,0,0,0,0,0,0,0,,,,,,,,,,,,,,,564,413,517,479,529,536,512,625,489,331,525,474
'950490,"Tables for casino games, automatic bowling alley equipment, and other funfair, table or parlour ...",0,0,169,0,29,72,27,6,101,89,6,0,,,,,,,,,,,,,,,1314,1966,2848,1251,2214,4165,1518,1992,1592,2833,3070,2376
'950619,Ski equipment for winter sports (other than skis and ski-fastenings [ski-bindings]),0,0,0,0,0,0,0,0,0,0,0,0,,,,,,,,,,,,,,,46,23,103,11,20,10,9,3,17,170,23,6
'950639,Golf equipment (excl. balls and complete clubs),0,0,0,0,0,5,0,0,0,9,0,0,,,,,,,,,,,,,,,127,130,39,120,139,127,129,108,117,144,146,134
'950720,"Fish-hooks, whether or not snelled",0,0,0,0,0,2,0,0,0,0,3,0,,,,,,,,,,,,,,,41,65,52,108,75,101,25,111,68,63,31,59
'950790,"Line fishing tackle n.e.s; fish landing nets, butterfly nets and similar nets; decoys and similar ...",0,0,0,22,6,0,0,0,0,0,26,0,,,,,,,,,,,,,,,210,242,149,439,282,232,245,131,184,197,113,251
'950825,Water rides,0,0,0,0,0,0,0,0,0,0,0,0,,,,,,,,,,,,,,,0,0,0,37,0,0,0,162,34,0,0,0
'950840,Travelling theatres,0,0,0,0,0,0,0,0,0,0,0,0,,,,,,,,,,,,,,,0,0,0,0,80,0,8,73,0,72,0,0
'960860,"Refills for ball-point pens, comprising the ball-point and ink-reservoir",0,0,0,0,0,0,0,0,0,0,0,0,,,,,,,,,,,,,,,516,350,374,517,428,374,492,521,362,414,348,446
'961310,"Pocket lighters, gas fuelled, non-refillable",0,0,0,0,0,0,0,0,0,0,0,0,,,,,,,,,,,,,,,0,0,0,0,0,0,1,0,20,44,23,0
'970121,"Paintings, e.g. oil paintings, watercolours and pastels, and drawings executed entirely by ...",0,0,0,0,0,0,0,0,0,0,0,0,,,,,,,,,,,,,,,686,81,303,302,75,10,159,48,241,1,3,212
'970210,"Original engravings, prints and lithographs, over 100 years old",0,0,0,0,0,0,0,0,0,0,0,0,,,,,,,,,,,,,,,1,7,7,55,0,6,0,200,0,0,0,15
'970690,"Antiques, over 100 but at most 250 years old",0,0,0,0,0,0,0,0,0,0,0,0,,,,,,,,,,,,,,,687,275,1331,43,199,3089,13937,2327,1948,173,5704,867
'901910,Mechano-therapy appliances; massage apparatus; psychological aptitude-testing apparatus,0,0,0,0,0,0,0,0,0,0,0,0,,,,,,,,,,,,,,,4763,4902,5453,9276,12855,8627,7246,9437,11148,8655,9544,4965
'030551,"Dried cod ""Gadus morhua, Gadus ogac, Gadus macrocephalus"", even salted, not smoked (excl. fillets ...",0,0,0,0,0,0,0,0,0,0,0,0,,,,,,,,,,,,,,,0,0,0,0,0,0,0,6,0,0,0,0
'030611,"Frozen rock lobster and other sea crawfish ""Palinurus spp."", ""Panulirus spp."" and ""Jasus spp."", ...",0,0,0,0,0,0,0,0,0,0,0,0,,,,,,,,,,,,,,,29,0,241,0,37,0,0,0,0,0,0,222
'030711,"Oysters, even in shell, live, fresh or chilled",0,0,0,0,0,0,0,0,0,0,0,0,,,,,,,,,,,,,,,0,0,0,0,0,0,0,0,0,0,0,0
'030719,"Oysters, even in shell, smoked, dried, salted or in brine",0,0,0,0,0,0,0,0,0,0,0,0,,,,,,,,,,,,,,,0,0,0,0,0,0,0,0,0,172,0,0
'040299,"Milk and cream, concentrated and sweetened (excl. in solid forms)",0,0,0,0,0,0,0,0,0,0,0,0,,,,,,,,,,,,,,,0,0,0,0,0,2,0,0,0,10,0,0
'040410,"Whey and modified whey, whether or not concentrated or containing added sugar or other sweetening ...",0,0,0,0,0,0,0,0,0,0,0,0,,,,,,,,,,,,,,,5819,4668,3645,1324,1837,2596,1856,2743,2504,3298,3116,3335
'040719,Fertilised birds' eggs for incubation (excl. of domestic fowls),0,0,0,0,0,0,0,0,0,0,0,0,,,,,,,,,,,,,,,8,8,16,8,0,0,0,0,0,32,47,0
'050400,"Guts, bladders and stomachs of animals (other than fish), whole and pieces thereof, fresh, ...",0,0,0,0,0,0,0,0,0,0,0,0,,,,,,,,,,,,,,,0,0,0,0,0,0,0,0,0,0,0,0
'050790,"Tortoiseshell, whalebone and whalebone hair, horns, antlers, hooves, nails, claws and beaks, ...",0,0,0,0,0,0,0,0,0,3,0,0,,,,,,,,,,,,,,,0,0,0,0,0,0,0,0,0,3,0,0
'060312,"Fresh cut carnations and buds, of a kind suitable for bouquets or for ornamental purposes",0,0,0,0,0,0,0,0,0,0,0,0,,,,,,,,,,,,,,,0,0,0,0,0,0,0,0,0,0,0,0
'070200,"Tomatoes, fresh or chilled",0,0,0,0,0,0,0,0,0,0,0,0,,,,,,,,,,,,,,,0,0,0,0,0,0,0,0,0,0,0,0
'070420,"Brussels sprouts, fresh or chilled",0,0,0,0,0,0,0,0,0,0,0,0,,,,,,,,,,,,,,,0,0,0,0,0,0,0,0,0,0,0,0
'070511,Fresh or chilled cabbage lettuce,0,0,0,0,0,0,0,0,0,0,0,0,,,,,,,,,,,,,,,0,0,0,0,0,0,0,0,0,0,0,0
'070930,"Fresh or chilled aubergines ""eggplants""",0,0,0,0,0,0,0,0,0,0,0,0,,,,,,,,,,,,,,,0,0,0,0,0,0,0,0,0,0,0,0
'071022,"Shelled or unshelled beans ""Vigna spp., Phaseolus spp."", uncooked or cooked by steaming or ...",0,0,0,0,0,0,0,0,0,0,0,0,,,,,,,,,,,,,,,0,0,0,0,0,0,0,0,0,0,0,0
'071080,"Vegetables, uncooked or cooked by steaming or by boiling in water, frozen (excl. potatoes, ...",0,0,0,0,0,0,0,0,0,0,0,0,,,,,,,,,,,,,,,65,17,48,101,108,133,173,146,238,159,47,151
'071151,"Mushrooms of the genus ""Agaricus"", provisionally preserved, e.g., by sulphur dioxide gas, in ...",0,0,0,0,0,0,0,0,0,0,0,0,,,,,,,,,,,,,,,0,0,0,0,0,0,0,0,0,0,0,0
'071333,"Dried, shelled kidney beans ""Phaseolus vulgaris"", whether or not skinned or split",0,0,0,0,0,0,0,0,0,0,0,0,,,,,,,,,,,,,,,13062,7905,7343,5772,6764,6891,17318,14105,9238,5605,5448,11070
'071334,"Dried, shelled bambara beans ""Vigna subterranea or Voandzeia subterranea"", whether or not skinned ...",0,0,0,0,0,0,0,0,0,0,0,0,,,,,,,,,,,,,,,0,0,0,0,0,0,0,0,0,0,0,0
'071360,"Dried, shelled pigeon peas ""Cajanus cajan"", whether or not skinned or split",0,0,0,0,0,0,0,0,0,0,0,0,,,,,,,,,,,,,,,70637,42757,36126,22596,45872,139338,175327,157990,83864,31687,61547,67334
'080132,"Fresh or dried cashew nuts, shelled",1012,636,2119,1127,999,2442,836,1410,2253,169,263,0,,,,,,,,,,,,,,,1824,2797,5086,3461,3185,5820,2996,3419,4636,2412,1511,1310
'080222,"Fresh or dried hazelnuts or filberts ""Corylus spp."", shelled",0,0,0,0,0,0,0,0,0,0,0,0,,,,,,,,,,,,,,,422,150,367,596,147,128,219,92,192,0,292,504
'080231,"Fresh or dried walnuts, in shell",0,0,0,0,0,0,0,0,0,0,0,0,,,,,,,,,,,,,,,602,58,5234,13745,12761,21457,27705,16564,19873,12639,3716,2237
'080251,"Fresh or dried pistachios, in shell",0,0,0,0,0,0,0,0,0,0,0,0,,,,,,,,,,,,,,,10052,11599,10829,12171,21125,16584,12419,15450,11849,18854,14909,15379
'080291,"Fresh or dried pine nuts, in shell",0,0,0,0,0,0,0,0,0,0,0,0,,,,,,,,,,,,,,,142,45,117,289,22,179,111,0,108,0,20,0
'080420,Fresh or dried figs,0,0,0,0,0,0,0,0,0,0,0,0,,,,,,,,,,,,,,,250,685,41,2003,15668,49636,65336,47676,30319,9755,10949,7830
'080720,"Fresh pawpaws ""papayas""",0,0,0,0,0,0,0,0,0,0,0,0,,,,,,,,,,,,,,,0,0,0,0,0,0,0,0,0,0,0,0
'080929,Fresh cherries (excl. sour cherries),0,0,0,0,0,0,0,0,0,0,0,0,,,,,,,,,,,,,,,29,430,1846,1217,486,239,1713,3417,2993,1062,354,0
'081030,"Fresh black-, white- or redcurrants and gooseberries",0,0,0,0,0,0,0,0,0,0,0,0,,,,,,,,,,,,,,,0,0,0,0,0,0,0,0,0,0,0,0
'081210,"Cherries, provisionally preserved, e.g. by sulphur dioxide gas, in brine, in sulphur water ...",0,0,0,0,0,0,0,0,0,0,0,0,,,,,,,,,,,,,,,0,0,0,0,0,0,0,0,0,0,0,0
'081320,Dried prunes,0,0,0,0,0,0,0,0,0,0,0,0,,,,,,,,,,,,,,,82,222,161,160,229,265,281,423,58,153,167,232
'081340,"Dried peaches, pears, papaws ""papayas"", tamarinds and other edible fruits (excl. nuts, bananas, ...",0,0,0,0,0,0,0,0,0,0,0,0,,,,,,,,,,,,,,,141,26,9,0,51,0,8,47,26,41,11,64
'010511,"Live fowls of the species Gallus domesticus, weighing <= 185 g (excl. turkeys and guinea fowls)",0,0,0,0,0,0,0,0,0,0,0,0,,,,,,,,,,,,,,,0,0,0,724,589,856,0,0,876,534,0,0
'020312,"Fresh or chilled hams, shoulders and cuts thereof of swine, with bone in",0,0,0,0,0,0,0,0,0,0,0,0,,,,,,,,,,,,,,,0,2,0,0,0,0,0,0,0,0,0,0
'020430,Frozen lamb carcases and half-carcases,0,0,0,0,0,0,0,0,0,0,0,0,,,,,,,,,,,,,,,0,0,0,0,0,0,0,0,0,0,0,0
'020442,"Frozen cuts of sheep, with bone in (excl. carcases and half-carcases)",0,0,0,0,0,0,0,0,0,0,0,0,,,,,,,,,,,,,,,621,449,429,425,0,752,494,1086,263,184,238,523
'020610,Fresh or chilled edible offal of bovine animals,0,0,0,0,0,0,0,0,0,0,0,0,,,,,,,,,,,,,,,0,0,0,0,0,0,0,0,0,0,0,0
'020712,"Frozen fowls of the species Gallus domesticus, not cut in pieces",0,0,0,0,0,0,0,0,0,0,0,0,,,,,,,,,,,,,,,0,0,0,0,0,0,0,0,0,0,0,0
'020742,"Frozen domestic ducks, not cut in pieces",0,0,0,0,0,0,0,0,0,0,0,0,,,,,,,,,,,,,,,70,56,0,0,0,118,0,56,0,0,113,59
'021012,"Bellies ""streaky"" and cuts thereof of swine, salted, in brine, dried or smoked",0,0,0,0,0,0,0,0,0,0,0,0,,,,,,,,,,,,,,,0,45,0,0,37,0,0,0,0,0,0,0
'030119,Live ornamental fish (excl. freshwater),0,0,0,0,0,0,0,0,0,0,0,0,,,,,,,,,,,,,,,118,95,106,114,0,87,95,43,78,26,12,7
'030232,"Fresh or chilled yellowfin tunas ""Thunnus albacares""",0,0,0,0,0,0,0,0,0,0,0,0,,,,,,,,,,,,,,,0,0,0,0,0,0,0,0,0,0,0,0
'030239,"Fresh or chilled tunas of the genus ""Thunnus"" (excl. Thunnus alalunga, Thunnus albacares, Thunnus ...",0,0,0,0,0,0,0,0,0,0,0,0,,,,,,,,,,,,,,,12,6,0,0,0,0,0,0,0,0,0,3
'030242,"Fresh or chilled anchovies ""Engraulis spp.""",0,0,0,0,0,0,0,0,0,0,0,0,,,,,,,,,,,,,,,0,0,0,0,0,0,0,0,0,0,0,0
'030253,"Fresh or chilled coalfish ""Pollachius virens""",0,0,0,0,0,0,0,0,0,0,0,0,,,,,,,,,,,,,,,0,0,0,0,0,0,0,0,0,0,0,0
'030299,"Fresh or chilled fish fins, heads, tails, maws and other edible fish offal (excl. livers, roes, ...",0,0,0,0,0,0,0,0,0,0,0,0,,,,,,,,,,,,,,,0,0,0,0,0,0,0,0,0,0,0,0
'030326,"Frozen eels ""Anguilla spp.""",0,0,0,0,0,0,0,0,0,0,0,0,,,,,,,,,,,,,,,0,0,14,0,0,0,0,0,0,0,0,0
'030344,"Frozen bigeye tunas ""Thunnus obesus""",0,0,0,0,0,0,0,0,0,0,0,0,,,,,,,,,,,,,,,0,0,0,0,0,0,0,26,0,0,0,0
'030359,"Frozen anchovies ""Engraulis spp."", Indian mackerels ""Rastrelliger spp."", seerfishes ""Scomberomorus ...",0,0,0,0,0,0,0,0,0,0,0,0,,,,,,,,,,,,,,,4,0,62,0,0,1,47,0,0,1,1,0
'030367,"Frozen Alaska pollack ""Theragra chalcogramma""",0,0,0,0,0,0,0,0,0,0,0,0,,,,,,,,,,,,,,,0,0,121,48,0,0,0,0,0,0,0,0
'030384,"Frozen sea bass ""Dicentrarchus spp.""",0,0,0,0,0,0,0,0,0,0,0,0,,,,,,,,,,,,,,,0,0,0,0,0,0,0,12,11,18,0,21
'030442,"Fresh or chilled fillets of trout ""Salmo trutta, Oncorhynchus mykiss, Oncorhynchus clarki, ...",0,0,0,0,0,0,0,0,0,0,0,0,,,,,,,,,,,,,,,0,0,0,0,0,0,0,0,20,0,0,0
'090812,"Nutmeg, crushed or ground",0,0,0,0,0,0,0,0,0,0,0,0,,,,,,,,,,,,,,,54,0,57,48,66,0,0,51,37,0,178,6
'090821,"Mace, neither crushed nor ground",0,0,0,0,0,0,0,0,0,0,0,0,,,,,,,,,,,,,,,1862,3207,4550,5733,4273,3393,3407,3552,3869,2911,4889,4748
'090931,"Cumin seeds, neither crushed nor ground",0,0,0,0,0,0,0,0,0,0,0,0,,,,,,,,,,,,,,,203,307,446,329,189,506,442,244,285,208,97,142
'090962,"Juniper berries and seeds of anise, badian, caraway or fennel, crushed or ground",0,0,0,0,3,0,0,0,0,0,0,0,,,,,,,,,,,,,,,0,123,149,80,8,24,28,0,47,133,45,75
'100119,Durum wheat (excl. seed for sowing),0,0,0,0,0,0,0,0,0,0,0,0,,,,,,,,,,,,,,,0,0,52,0,0,0,0,0,0,0,0,0
'100390,Barley (excl. seed for sowing),0,0,0,0,0,0,0,0,0,0,0,0,,,,,,,,,,,,,,,3745,13459,139,299,0,179,0,8074,0,0,10699,322
'100590,Maize (excl. seed for sowing),0,0,0,0,0,0,0,0,0,0,0,0,,,,,,,,,,,,,,,1171,818,6549,603,7843,1183,528,502,606,264,434,220
'100640,Broken rice,0,0,0,0,0,0,0,0,0,0,0,0,,,,,,,,,,,,,,,0,0,0,0,12,0,0,10,0,0,198,168
'110100,Wheat or meslin flour,0,0,0,0,0,0,0,0,0,0,0,0,,,,,,,,,,,,,,,190,208,428,195,669,431,260,449,501,429,324,254
'110412,Rolled or flaked grains of oats,0,0,0,0,0,0,0,0,0,0,0,0,,,,,,,,,,,,,,,877,752,1196,1423,1345,817,836,930,1089,960,1285,521
'110819,"Starch (excl. wheat, maize, potato and manioc)",0,0,0,2,0,2,0,0,0,0,0,0,,,,,,,,,,,,,,,15,3,58,9,52,53,35,10,3,64,61,56
'121020,"Hop cones, ground, powdered or in the form of pellets; lupulin",0,0,0,0,0,0,0,0,0,0,0,0,,,,,,,,,,,,,,,758,504,850,523,248,597,253,535,592,749,281,1126
'121120,"Ginseng roots, fresh, chilled, frozen or dried, whether or not cut, crushed or powdered",0,0,0,0,0,0,0,0,0,0,0,0,,,,,,,,,,,,,,,0,0,0,2,23,0,0,0,0,0,8,1
'121130,"Coca leaf, fresh, chilled, frozen or dried, whether or not cut, crushed or powdered",0,0,0,0,0,0,0,0,0,0,0,0,,,,,,,,,,,,,,,0,0,0,0,0,0,0,0,0,0,0,0
'151411,"Low erucic acid rape or colza oil ""fixed oil which has an erucic acid content of < 2%"", crude",0,0,0,0,0,0,0,0,0,0,0,0,,,,,,,,,,,,,,,659,1291,1980,7111,855,13173,8236,464,967,1037,1652,2030
'151529,"Maize oil and fractions thereof, whether or not refined, but not chemically modified (excl. ...",0,0,0,0,0,0,0,0,0,0,0,0,,,,,,,,,,,,,,,2,9,3,0,1,9,2,0,2,2,3,2
'151550,"Sesame oil and its fractions, whether or not refined, but not chemically modified",0,0,0,0,0,0,0,0,0,0,0,0,,,,,,,,,,,,,,,201,234,12,410,843,243,464,192,309,226,180,483
'160417,"Prepared or preserved eels, whole or in pieces (excl. minced)",0,0,0,0,0,0,0,0,0,0,0,0,,,,,,,,,,,,,,,28,0,0,45,0,11,16,0,0,29,12,1
'160540,"Crustaceans, prepared or preserved (excl. smoked, crabs, shrimps, prawns and lobster)",0,0,0,0,0,0,0,0,0,0,0,0,,,,,,,,,,,,,,,0,0,0,0,0,0,0,0,0,0,0,0
'160559,"Molluscs, prepared or preserved (excl. smoked, oysters, scallops, mussels, cuttle fish, squid, ...",0,0,0,0,0,0,0,0,0,0,0,0,,,,,,,,,,,,,,,0,0,0,0,0,0,0,0,0,0,32,0
'170114,"Raw cane sugar, in solid form, not containing added flavouring or colouring matter (excl. cane ...",0,0,0,0,0,0,0,0,0,0,0,0,,,,,,,,,,,,,,,32164,65991,158170,82874,138753,30462,251258,114077,100208,58951,142508,87652
'170220,"Maple sugar, in solid form, and maple syrup (excl. flavoured or coloured)",0,0,0,0,0,0,0,0,0,0,0,0,,,,,,,,,,,,,,,28,107,1,59,0,90,1,0,58,0,38,34
'190211,"Uncooked pasta, not stuffed or otherwise prepared, containing eggs",0,0,0,0,0,0,0,0,0,0,0,0,,,,,,,,,,,,,,,0,0,0,0,0,0,0,0,2,0,0,0
'190300,"Tapioca and substitutes therefor prepared from starch, in the form of flakes, grains, pearls, ...",0,0,0,0,0,0,0,0,0,0,0,0,,,,,,,,,,,,,,,14,35,15,10,31,23,10,24,13,13,1,17
'190520,"Gingerbread and the like, whether or not containing cocoa",0,0,0,0,0,0,0,0,0,0,0,0,,,,,,,,,,,,,,,15,0,0,0,7,7,0,0,41,0,0,0
'200410,"Potatoes, prepared or preserved otherwise than by vinegar or acetic acid, frozen",0,0,0,0,0,0,0,0,0,0,0,0,,,,,,,,,,,,,,,1,12,3,0,0,0,0,8,0,0,0,22
'282732,Aluminium chloride,0,0,0,0,0,0,0,0,0,0,0,0,,,,,,,,,,,,,,,31,0,24,85,233,17,81,20,9,44,28,35
'282741,Chloride oxides and chloride hydroxides of copper,0,0,0,0,0,0,0,0,0,0,0,0,,,,,,,,,,,,,,,20,303,294,0,320,6,0,148,10,530,0,189
'282760,Iodides and iodide oxides (excl. inorganic or organic compounds of mercury),0,0,0,0,0,0,0,0,0,0,0,0,,,,,,,,,,,,,,,7,138,41,1016,137,20,100,128,37,245,665,293
'283311,Disodium sulphate,0,0,0,0,0,0,0,0,0,0,0,0,,,,,,,,,,,,,,,63,74,510,203,100,149,307,84,254,106,303,71
'283327,Sulphate of barium,0,0,0,0,0,0,0,0,0,0,0,0,,,,,,,,,,,,,,,2532,1531,3284,1496,1761,2095,1515,1340,1955,1952,2226,1452
'283510,"Phosphinates ""hypophosphites"" and phosphonates ""phosphites""",0,0,0,0,0,0,0,0,0,0,0,0,,,,,,,,,,,,,,,1967,625,772,1260,1359,908,1329,784,1224,562,1071,1309
'283919,"Silicates of sodium, incl. commercial silicates (excl. sodium metasilicates)",0,0,0,0,0,0,0,0,0,0,0,0,,,,,,,,,,,,,,,79,40,77,91,247,8,188,67,61,21,74,27
'284011,"Anhydrous disodium tetraborate ""refined borax""",0,0,0,0,0,0,0,0,0,0,0,0,,,,,,,,,,,,,,,331,294,136,429,519,1024,196,835,772,726,57,262
'284190,"Salts of oxometallic or peroxometallic acids (excl. chromates, dichromates, peroxochromates, ...",0,214,0,98,111,308,207,0,212,0,0,0,,,,,,,,,,,,,,,7005,4104,3074,4487,3703,2818,4554,1784,3525,4956,3324,2495
'284430,"Uranium depleted in U 235 and its compounds; thorium and its compounds; alloys, dispersions, ...",0,0,0,0,0,0,0,0,0,0,0,0,,,,,,,,,,,,,,,0,0,0,0,0,0,0,0,0,0,0,0
'284510,"Heavy water ""deuterium oxide"" [Euratom]",0,0,0,0,0,0,0,0,0,0,0,0,,,,,,,,,,,,,,,0,0,0,0,0,0,0,0,0,0,0,0
'284610,Cerium compounds,0,0,0,0,0,0,0,0,0,0,0,0,,,,,,,,,,,,,,,415,725,592,863,523,775,678,272,952,803,362,813
'284990,"Carbides, whether or not chemically defined (excl. of calcium or silicon, and inorganic or ...",0,0,0,0,0,0,0,0,0,0,0,0,,,,,,,,,,,,,,,1794,1471,1276,2263,797,2081,1644,1893,2697,2044,2341,2978
'285210,"Compounds, inorganic or organic, of mercury, chemically defined (excl. amalgams)",0,0,0,0,0,0,0,0,0,0,0,0,,,,,,,,,,,,,,,7,5,70,162,144,7,56,13,7,10,156,109
'290219,"Cyclanes, cyclenes and cycloterpenes (excl. cyclohexane)",69,65,178,0,29,0,0,156,0,154,0,0,,,,,,,,,,,,,,,8611,9729,13950,10546,11991,13042,10994,10768,10725,9926,11468,9507
'290313,"Chloroform ""trichloromethane""",0,0,0,0,0,0,0,0,0,0,0,0,,,,,,,,,,,,,,,35,44,151,25,19,71,9,17,46,112,12,37
'290343,"Fluoromethane ""HFC-41"", 1,2-difluoroethane ""HFC-152"" and 1,1-difluoroethane ""HFC-152a""",0,0,0,0,0,0,0,0,0,0,0,0,,,,,,,,,,,,,,,3021,1045,135,1838,1538,0,68,67,132,0,0,135
'290371,Chlorodifluoromethane,0,0,0,0,0,0,0,0,0,0,0,0,,,,,,,,,,,,,,,0,0,0,0,0,0,0,0,0,0,0,0
'290378,"Perhalogenated derivatives of acyclic hydrocarbons containing two or more different halogens, ...",0,0,0,0,0,0,0,0,0,0,0,0,,,,,,,,,,,,,,,0,0,0,0,0,0,2,0,0,0,0,0
'290399,"Halogenated derivatives of aromatic hydrocarbons (excl. chlorobenzene, o-dichlorobenzene, p-dichlorobenzene, ...",0,0,0,0,0,0,0,0,0,0,0,0,,,,,,,,,,,,,,,11247,10617,10020,10624,10116,11433,8588,8686,9308,7336,8668,9505
'290712,Cresols and their salts,0,0,0,0,0,0,0,0,0,0,0,0,,,,,,,,,,,,,,,3157,2596,1367,1854,1064,1979,2287,1456,1892,1557,1752,1394
'290722,"Hydroquinone ""quinol"" and its salts",0,0,0,0,0,0,0,0,0,0,0,0,,,,,,,,,,,,,,,3949,2885,3929,1677,3207,2763,1757,2044,3876,2767,3187,3982
'290949,"Ether-alcohols and their halogenated, sulphonated, nitrated or nitrosated derivatives (excl. ...",0,0,0,0,0,1,0,0,0,0,0,0,,,,,,,,,,,,,,,5733,5147,6674,6035,7518,6200,5441,7410,4426,5172,6327,4649
'291100,"Acetals and hemiacetals, whether or not with other oxygen function, and their halogenated, ...",0,0,0,0,0,0,0,0,0,0,0,0,,,,,,,,,,,,,,,316,484,507,601,348,572,397,578,187,393,292,386
'291260,Paraformaldehyde,0,0,0,0,0,0,0,0,0,0,0,0,,,,,,,,,,,,,,,854,1140,980,1420,1220,1372,1446,1212,1796,998,1024,1252
'291431,"Phenylacetone ""phenylpropan-2-one""",0,0,0,0,0,0,0,0,0,0,0,0,,,,,,,,,,,,,,,0,0,0,0,0,0,0,0,0,0,0,47
'291529,Salts of acetic acid (excl. inorganic or organic compounds of mercury),0,0,0,0,0,0,0,0,0,0,0,0,,,,,,,,,,,,,,,3703,3289,3484,14096,11694,10963,8579,13271,6451,5063,2747,5476
'291619,"Unsaturated acyclic monocarboxylic acids, their anhydrides, halides, peroxides, peroxyacids ...",0,0,0,0,0,0,0,0,0,0,0,0,,,,,,,,,,,,,,,5768,3806,6518,4527,8313,6215,5417,3536,5573,4886,4067,5264
'291737,Dimethyl terephthalate,0,0,0,0,0,0,0,0,0,0,0,0,,,,,,,,,,,,,,,172,176,188,266,745,94,0,282,141,196,117,119
'291817,"2,2-Diphenyl-2-hydroxyacetic acid ""benzilic acid""",0,0,0,0,0,0,0,0,0,0,0,0,,,,,,,,,,,,,,,0,0,0,121,0,0,70,70,67,67,0,0
'291899,"Carboxylic acids with additional oxygen function and their anhydrides, halides, peroxides and ...",0,0,0,0,0,0,0,0,8,0,0,0,,,,,,,,,,,,,,,5796,4631,7332,5624,6625,7522,3903,4459,3950,4256,4361,4695
'291990,"Phosphoric esters and their salts, incl. lactophosphates; their halogenated, sulphonated, nitrated ...",0,0,0,0,0,0,0,0,0,28,0,0,,,,,,,,,,,,,,,1424,2775,1259,2856,3011,2506,2951,2519,2337,2090,3537,3948
'292021,Dimethyl phosphite,0,0,0,0,0,0,0,0,0,0,0,0,,,,,,,,,,,,,,,0,0,0,18,0,0,0,123,2,279,0,0
'292159,"Aromatic polyamines and their derivatives; salts thereof (excl. o-phenylenediamine, m-phenylenediamine, ...",0,0,0,0,0,0,0,0,0,0,0,0,,,,,,,,,,,,,,,2521,1892,1462,2585,2065,1150,1339,1531,2135,1808,1282,1843
'292519,"Imides and their derivatives; salts thereof (excl. saccharin and its salts, glutethimide [INN] ...",0,0,0,0,0,0,0,0,0,0,14,0,,,,,,,,,,,,,,,774,1415,659,604,1170,1587,377,690,835,1367,703,900
'293090,"Organo-sulphur compounds (excl. thiocarbamates and dithiocarbamates, thiuram mono-, di- or ...",0,0,0,0,1,0,0,0,0,0,0,0,,,,,,,,,,,,,,,25823,22261,23035,19574,19986,20459,15787,18584,21640,20661,19402,23284
'293120,Tributyltin compounds,0,0,0,0,0,0,0,0,0,0,0,0,,,,,,,,,,,,,,,0,0,413,0,0,0,0,292,0,1,0,175
'293212,"2-Furaldehyde ""furfuraldehyde""",0,0,0,0,0,0,0,0,0,0,0,0,,,,,,,,,,,,,,,22,70,79,83,88,38,39,0,7,0,24,7
'293329,"Heterocyclic compounds with nitrogen hetero-atom[s] only, containing an unfused imidazole ring, ...",0,0,0,0,0,0,1,0,0,0,2,0,,,,,,,,,,,,,,,8118,7325,9353,6618,7097,11833,7441,8134,4803,8578,7040,10376
'293359,"Heterocyclic compounds with nitrogen hetero-atom[s] only, containing a pyrimidine ring, whether ...",0,0,0,0,0,0,0,0,0,0,0,0,,,,,,,,,,,,,,,61645,24331,43497,32122,36421,43911,28993,47724,51947,43192,38525,45892
'293361,Melamine,0,0,0,0,0,0,0,0,0,0,0,0,,,,,,,,,,,,,,,8867,9453,8721,8782,5990,8128,8979,9720,7533,11440,10862,10319
'293430,"Heterocyclic compounds containing in the structure a phenothiazine ring-system, whether or ...",0,0,0,0,0,0,0,0,0,0,0,0,,,,,,,,,,,,,,,32,567,1024,294,501,260,178,1035,1265,1126,237,536
'293530,N-Ethyl-N-(2-hydroxyethyl) perfluorooctane sulphonamide,0,0,0,0,0,0,0,0,0,0,0,0,,,,,,,,,,,,,,,0,0,8,0,0,0,0,0,0,0,0,0
'293623,"Vitamin B2 and its derivatives, used primarily as vitamins",0,0,0,0,0,0,0,0,0,0,0,0,,,,,,,,,,,,,,,1495,797,1026,1376,778,1212,1154,825,784,994,1205,1314
'293628,"Vitamin E and its derivatives, used primarily as vitamins",0,0,0,0,0,0,0,0,0,0,0,0,,,,,,,,,,,,,,,3048,3659,7539,8995,3551,6344,2532,2567,3622,2920,3941,2718
'293723,Oestrogens and progestogens,0,0,0,0,0,0,0,0,0,0,0,0,,,,,,,,,,,,,,,5465,2894,8406,2732,1979,5148,4656,4584,3445,4016,4214,7278
'293890,"Glycosides, natural or reproduced by synthesis, and their salts, ethers, esters and other derivatives ...",0,0,0,0,0,0,0,0,0,0,0,0,,,,,,,,,,,,,,,3864,6113,4498,5166,5943,5118,3407,4472,5894,6265,6719,6844
'293920,Alkaloids of cinchona and their derivatives; salts thereof,0,0,0,0,0,0,0,0,0,0,0,0,,,,,,,,,,,,,,,117,248,269,153,667,487,189,514,426,207,367,61
'252220,Slaked lime,0,0,0,0,0,0,0,0,0,0,0,0,,,,,,,,,,,,,,,476,536,484,740,479,476,711,510,742,762,711,1432
'252230,Hydraulic lime (excl. pure calcium oxide and calcium hydroxide),0,0,0,0,0,0,0,0,0,0,0,0,,,,,,,,,,,,,,,0,36,31,0,17,0,0,0,0,87,0,0
'252310,Cement clinkers,0,0,0,0,0,0,0,0,0,0,0,0,,,,,,,,,,,,,,,4511,2328,8227,4484,3663,4461,5528,5113,7667,10209,5625,704
'252390,"Cement, whether or not coloured (excl. portland cement and aluminous cement)",0,0,0,0,0,0,0,0,0,0,0,0,,,,,,,,,,,,,,,421,323,510,542,452,745,348,502,265,640,131,307
'252530,Mica waste,0,0,0,0,0,0,0,0,0,0,0,0,,,,,,,,,,,,,,,8,0,0,0,0,0,0,0,0,0,0,0
'252800,"Borates, natural, and concentrates thereof, whether or not calcined, and natural boric acids ...",0,0,0,0,0,0,0,0,0,0,0,0,,,,,,,,,,,,,,,184,1153,1873,2856,2497,3584,9277,3318,2141,6387,2622,1411
'260111,Non-agglomerated iron ores and concentrates (excl. roasted iron pyrites),0,0,0,0,0,0,0,0,0,0,0,0,,,,,,,,,,,,,,,18263,88191,122196,126449,79119,102454,79236,156386,61506,57243,102315,68888
'260200,"Manganese ores and concentrates, incl. ferruginous manganese ores and concentrates, with a ...",0,0,0,0,0,0,0,0,0,0,0,0,,,,,,,,,,,,,,,49677,101662,85112,79239,88921,89194,91241,150783,107009,126038,149490,121427
'261100,Tungsten ores and concentrates,0,0,0,0,0,0,0,0,0,0,0,0,,,,,,,,,,,,,,,0,91,0,81,0,94,0,0,0,0,753,0
'261210,Uranium ores and concentrates,0,0,0,0,0,0,0,0,0,0,0,0,,,,,,,,,,,,,,,0,0,0,0,47176,0,0,0,0,0,0,0
'262099,"Slag, ash and residues, containing metals or metal compounds (excl. those from the manufacture ...",0,0,0,0,0,0,0,0,0,0,0,0,,,,,,,,,,,,,,,1527,376,106,396,823,242,1307,169,643,218,313,164
'270400,"Coke and semi-coke of coal, of lignite or of peat, whether or not agglomerated; retort carbon",0,0,0,0,0,0,0,0,0,0,0,0,,,,,,,,,,,,,,,113604,84913,57436,79811,51959,86037,55121,67341,147214,178402,126860,156947
'271410,Bituminous or oil-shale and tar sands,0,0,0,0,0,0,0,0,0,0,0,0,,,,,,,,,,,,,,,0,0,0,0,17,0,0,0,0,0,0,0
'271500,"Bituminous mastics, cut-backs and other bituminous mixtures based on natural asphalt, on natural ...",0,0,0,0,0,0,0,0,0,0,0,0,,,,,,,,,,,,,,,203,107,200,162,176,107,163,87,273,289,533,187
'271600,Electrical energy,0,0,0,0,0,0,0,0,0,0,0,0,,,,,,,,,,,,,,,0,36947,0,0,61167,50300,27189,5116,0,0,0,0
'280300,"Carbon ""carbon blacks and other forms of carbon"", n.e.s.",0,0,0,0,0,0,0,0,0,0,0,0,,,,,,,,,,,,,,,16050,14765,17941,15944,16589,17898,10607,14846,13273,12191,9250,12488
'280430,Nitrogen,0,0,0,0,0,0,0,0,0,0,0,0,,,,,,,,,,,,,,,130,55,67,22,92,54,63,215,85,196,122,80
'280469,"Silicon containing < 99,99% by weight of silicon",0,0,0,0,0,0,0,0,0,0,0,0,,,,,,,,,,,,,,,17568,13551,20826,21772,20554,21041,12553,8420,22367,14674,18156,16634
'280540,Mercury,0,0,0,0,0,0,0,0,0,0,0,0,,,,,,,,,,,,,,,558,1003,3,325,3,450,0,0,1374,0,3,0
'280610,"Hydrogen chloride ""hydrochloric acid""",0,0,0,0,0,0,0,0,0,0,0,0,,,,,,,,,,,,,,,8103,93,179,91,179,175,179,205,146,221,99,240
'281214,Phosphorus pentachloride,0,0,0,0,0,0,0,0,0,0,0,0,,,,,,,,,,,,,,,0,0,0,0,0,0,0,0,0,0,0,0
'281215,Sulphur monochloride,0,0,0,0,0,0,0,0,0,0,0,0,,,,,,,,,,,,,,,0,0,0,0,0,0,0,0,0,0,0,0
'281910,Chromium trioxide,0,0,0,0,0,0,0,0,0,0,0,0,,,,,,,,,,,,,,,1205,948,846,918,273,167,906,251,759,511,667,533
'282300,Titanium oxides,0,0,0,55,0,0,0,0,0,110,0,0,,,,,,,,,,,,,,,6583,6767,6203,4700,6463,4164,4315,3542,5664,5652,3685,3265
'282550,Copper oxides and hydroxides,0,0,0,0,0,0,0,0,0,0,0,0,,,,,,,,,,,,,,,113,264,886,681,72,632,21,433,753,605,412,390
'210130,"Roasted chicory and other roasted coffee substitutes, and extracts, essences and concentrates ...",0,0,0,0,0,0,0,0,0,0,0,0,,,,,,,,,,,,,,,4,0,5,0,10,0,8,1,0,9,0,1
'210310,Soya sauce,0,0,0,0,0,0,0,0,0,0,0,0,,,,,,,,,,,,,,,578,412,515,311,513,269,744,639,444,219,439,473
'230320,"Beet-pulp, bagasse and other waste of sugar manufacture",0,0,0,0,0,0,0,0,0,0,0,0,,,,,,,,,,,,,,,55,21,17,32,0,2,8,1,0,30,10,25
'230610,"Oilcake and other solid residues, whether or not ground or in the form of pellets, resulting ...",0,0,0,0,0,0,0,0,0,0,0,0,,,,,,,,,,,,,,,1716,3153,4213,4980,2390,1642,683,0,355,858,1747,2408
'230660,"Oilcake and other solid residues, whether or not ground or in the form of pellets, resulting ...",0,0,0,0,0,0,0,0,0,0,0,0,,,,,,,,,,,,,,,126,130,218,72,215,392,311,172,0,403,399,15
'240210,"Cigars, cheroots and cigarillos containing tobacco",0,0,0,0,0,0,0,0,0,0,0,0,,,,,,,,,,,,,,,57,183,67,66,15,189,170,28,142,41,24,13
'240311,Water-pipe tobacco (excl. tobacco-free. See subheading note 1.),0,0,0,0,0,0,0,0,0,0,0,0,,,,,,,,,,,,,,,394,659,150,118,495,328,406,9,73,14,96,166
'250100,"Salts, incl. table salt and denatured salt, and pure sodium chloride, whether or not in aqueous ...",0,0,0,0,0,0,0,0,0,0,0,0,,,,,,,,,,,,,,,1166,1838,3215,1319,1805,1831,2411,1848,2135,2380,1706,954
'250810,Bentonite,0,0,0,0,0,0,0,0,0,0,0,0,,,,,,,,,,,,,,,1497,2640,1674,2195,2029,2631,2589,1593,2161,2059,2316,2034
'251741,"Marble granules, chippings and powder, whether or not heat-treated",0,0,0,0,0,0,0,0,0,0,0,0,,,,,,,,,,,,,,,0,6,62,0,14,2,0,4,9,0,0,0
'293941,Ephedrine and its salts,0,0,0,0,0,0,0,0,0,0,0,0,,,,,,,,,,,,,,,0,0,53,0,0,0,6,0,0,2,0,0
'293942,"Pseudoephedrine ""INN"" and its salts",0,0,0,0,0,0,0,0,0,0,0,0,,,,,,,,,,,,,,,63,0,0,0,0,0,0,0,0,11,0,139
'294150,Erythromycin and its derivatives; salts thereof,0,0,0,0,0,0,0,0,0,0,0,0,,,,,,,,,,,,,,,17017,16447,13393,16305,14915,15448,15326,14356,21835,17964,9982,16680
'300242,Vaccines for veterinary medicine,0,0,0,0,0,0,0,0,0,0,0,0,,,,,,,,,,,,,,,7515,8003,9921,5749,6996,6796,6391,6855,5985,7536,11096,6938
'300251,Cell therapy products,0,0,0,0,0,0,0,0,0,0,0,0,,,,,,,,,,,,,,,0,0,0,0,0,0,0,0,0,0,0,0
'300431,"Medicaments containing insulin but not antibiotics, put up in measured doses ""incl. those for ...",0,0,0,0,0,0,0,0,0,0,0,0,,,,,,,,,,,,,,,9682,5307,14195,11212,22488,16369,16267,28219,16677,14323,14641,18417
'300443,"Medicaments containing norephedrine or its salts, not containing hormones, steroids used as ...",0,0,0,0,0,0,0,0,0,0,0,0,,,,,,,,,,,,,,,0,0,0,0,0,0,0,0,0,0,0,0
'300450,"Medicaments containing provitamins, vitamins, incl. natural concentrates and derivatives thereof ...",0,0,0,0,0,0,0,0,0,0,0,0,,,,,,,,,,,,,,,32,115,8,50,31,17,203,123,197,82,0,25
'300490,"Medicaments consisting of mixed or unmixed products for therapeutic or prophylactic purposes, ...",0,0,0,0,100,0,1,0,0,0,0,0,,,,,,,,,,,,,,,98355,88561,111237,72096,78035,87412,90721,110797,85908,119923,104642,99373
'300691,Appliances identifiable for ostomy use,0,0,0,0,0,0,0,0,0,0,0,0,,,,,,,,,,,,,,,1095,712,1381,772,1087,1623,669,859,617,849,527,1477
'310280,Mixtures of urea and ammonium nitrate in aqueous or ammoniacal solution (excl. those in packages ...,0,0,0,0,0,0,0,0,0,0,0,0,,,,,,,,,,,,,,,0,0,64,0,0,175,0,0,88,0,0,0
'310520,"Mineral or chemical fertilisers containing the three fertilising elements nitrogen, phosphorus ...",0,0,0,0,0,0,0,0,29,0,0,0,,,,,,,,,,,,,,,68367,114025,84326,9382,108644,78642,184087,224898,64322,58848,60439,92286
'130212,Extracts of liquorice (excl. that with a sucrose content by weight of > 10% or in the form ...,0,0,0,0,0,0,0,0,0,0,0,0,,,,,,,,,,,,,,,46,30,26,67,49,10,19,24,36,0,13,96
'150110,"Lard, rendered or otherwise extracted (excl. lard stearin and lard oil)",0,0,0,0,0,0,0,0,0,0,0,0,,,,,,,,,,,,,,,0,0,0,0,0,0,0,0,0,0,0,0
'150940,"Virgin olive oil ""EU cat. 3"" obtained from the fruit of the olive tree solely by mechanical ...",0,0,0,0,0,0,0,0,0,0,0,0,,,,,,,,,,,,,,,0,0,0,0,0,2,0,0,0,0,0,0
'200850,"Apricots, prepared or preserved, whether or not containing added sugar or other sweetening ...",0,0,0,0,0,5,0,0,0,0,0,0,,,,,,,,,,,,,,,2,0,2,0,0,5,2,6,1,0,3,0
'321490,"Non-refractory surfacing preparations for facades, inside walls, floors, ceilings and the like",0,0,0,0,0,0,0,0,3,0,0,0,,,,,,,,,,,,,,,4210,3629,4646,5131,5973,5112,5232,3607,4118,4709,4776,6174
'340391,Textile lubricant preparations and preparations of a kind used for the oil or grease treatment ...,0,0,0,0,0,0,0,0,0,0,0,0,,,,,,,,,,,,,,,7855,4293,9837,6081,8272,7323,4800,5857,8101,3904,4207,8313
'340540,"Scouring pastes and powders and other scouring preparations, whether or not in the form of ...",0,0,0,0,0,0,0,0,0,0,0,0,,,,,,,,,,,,,,,97,198,233,228,95,68,100,99,48,104,159,103
'350710,Rennet and concentrates thereof,0,0,0,0,0,0,0,0,0,0,0,0,,,,,,,,,,,,,,,0,0,0,0,0,0,0,0,0,0,0,6
'360310,Safety fuses,0,0,0,0,0,0,0,0,0,0,0,0,,,,,,,,,,,,,,,0,0,0,16,39,0,0,0,0,0,0,0
'360350,Igniters,0,0,0,0,0,0,0,0,0,0,0,0,,,,,,,,,,,,,,,535,720,390,469,921,672,1384,934,935,1079,995,327
'360690,"Ferro-cerium and other pyrophoric alloys in all forms; metaldehyde, hexamethylenetetramine ...",0,0,0,0,0,0,0,0,0,0,0,0,,,,,,,,,,,,,,,0,0,0,0,0,9,0,0,0,0,0,0
'370199,"Photographic plates and film in the flat for monochrome photography, sensitised, unexposed, ...",0,0,0,0,0,0,0,0,0,0,0,0,,,,,,,,,,,,,,,520,681,188,256,308,461,258,434,120,362,188,682
'370231,"Photographic film ""incl. instant print film"", in rolls, sensitised, unexposed, without perforations, ...",0,0,0,0,0,0,0,0,0,0,0,0,,,,,,,,,,,,,,,15,15,32,18,14,23,18,10,39,17,22,17
'380290,"Activated kieselguhr and other activated natural mineral products; animal black, whether or ...",0,0,3,0,132,0,0,0,0,0,0,0,,,,,,,,,,,,,,,2901,3090,3136,2494,2321,1935,1791,1965,1982,2734,2441,2571
'380862,"Goods of heading 3808, containing alpha-cypermethrin ""ISO"", bendiocarb ""ISO"", bifenthrin ""ISO"", ...",0,0,0,0,0,0,0,0,0,0,0,0,,,,,,,,,,,,,,,0,0,0,0,0,0,0,0,0,0,0,0
'381111,Anti-knock preparations for motor fuels based on lead compounds,0,0,0,0,0,0,0,0,0,0,0,0,,,,,,,,,,,,,,,0,0,0,1,3,0,0,2,1,0,0,2
'381121,Prepared additives for oil lubricants containing petroleum oil or bituminous mineral oil,0,0,0,0,0,0,0,0,0,0,0,0,,,,,,,,,,,,,,,30150,30869,29792,30659,27406,25760,23710,27829,21447,27033,21619,26029
'382313,"Tall oil fatty acids, industrial",0,0,0,0,0,0,0,0,0,0,0,0,,,,,,,,,,,,,,,447,353,649,263,106,294,349,54,76,120,129,182
'382460,Sorbitol (excl. D-glucitol [sorbitol]),0,0,0,0,0,0,0,0,0,0,0,0,,,,,,,,,,,,,,,138,226,152,725,561,457,388,257,290,204,563,297
'382481,"Mixtures and preparations containing oxirane ""ethylene oxide""",0,0,0,0,0,0,0,0,0,0,0,0,,,,,,,,,,,,,,,229,0,0,0,39,8,0,2,0,7,13,3
'382520,Sewage sludge,0,0,0,0,0,0,0,0,0,0,0,0,,,,,,,,,,,,,,,0,0,0,0,0,0,0,0,0,0,0,0
'330129,"Essential oils, whether or not terpeneless, incl. concretes and absolutes (excl. those of citrus ...",46,5,0,47,25,0,8,26,42,0,8,0,,,,,,,,,,,,,,,16307,13607,15145,13960,15201,15760,14415,10043,12873,13748,12719,8746
'380910,"Finishing agents, dye carriers to accelerate the dyeing or fixing of dyestuffs and other products ...",18,14,0,0,7,0,0,0,0,0,9,0,,,,,,,,,,,,,,,33,21,12,14,12,0,45,6,13,0,16,11
'390791,"Unsaturated polyallyl esters and other polyesters, in primary forms (excl. polycarbonates, ...",70,0,0,71,215,12,0,53,98,113,0,0,,,,,,,,,,,,,,,10597,10259,11893,10643,9721,10892,7588,10024,10308,9750,10742,9554
'390910,"Urea resins and thiourea resins, in primary forms",0,0,0,16,0,15,0,0,17,0,1,0,,,,,,,,,,,,,,,673,1218,1353,796,811,1246,634,568,906,1242,1317,958
'391231,"Carboxymethylcellulose and its salts, in primary forms",0,0,0,0,0,0,0,0,0,0,0,0,,,,,,,,,,,,,,,8744,7366,7244,6085,5669,4738,7703,5259,5094,7352,5500,6122
'392063,"Plates, sheets, film, foil and strip, of non-cellular unsaturated polyesters, not reinforced, ...",0,0,0,0,0,0,0,0,0,0,0,0,,,,,,,,,,,,,,,1069,1022,1198,1198,1368,1072,999,1265,1383,784,1307,1020
'392114,"Plates, sheets, film, foil and strip, of regenerated cellular cellulose, unworked or merely ...",0,0,0,0,0,0,0,0,0,0,0,0,,,,,,,,,,,,,,,189,584,550,262,734,456,565,193,515,526,309,259
'400241,"Chloroprene latex ""chlorobutadiene rubber, CR""",0,0,0,0,0,0,0,0,0,0,0,0,,,,,,,,,,,,,,,2,13,118,192,86,217,24,129,103,78,125,104
'400690,"Rods, bars, tubes, profiles and other forms of unvulcanised rubber, incl. mixed rubber, and ...",0,0,0,0,0,0,0,0,0,0,0,0,,,,,,,,,,,,,,,1118,440,244,211,169,167,380,562,472,337,434,366
'400811,"Plates, sheets and strip of cellular rubber",0,0,0,0,0,0,0,0,2,0,0,0,,,,,,,,,,,,,,,1525,1724,1633,1237,1029,1488,1236,1865,1495,1788,1641,1313
'400932,"Tubes, pipes and hoses, of vulcanised rubber (excl. hard rubber), reinforced or otherwise combined ...",0,0,0,3,0,2,0,0,1,3,0,0,,,,,,,,,,,,,,,1008,736,996,846,1915,977,911,1121,1187,965,1468,1546
'401035,"Endless synchronous belts, of vulcanised rubber, of an outside circumference > 60 cm but <= ...",0,0,0,0,0,0,0,0,0,0,0,0,,,,,,,,,,,,,,,1449,741,2029,1276,662,867,680,882,1031,863,935,1494
'401150,"New pneumatic tyres, of rubber, of a kind used for bicycles",0,0,0,0,0,0,0,0,0,0,0,0,,,,,,,,,,,,,,,1,1,22,111,25,3,0,0,75,107,0,74
'401694,"Boat or dock fenders, whether or not inflatable, of vulcanised rubber (excl. hard rubber and ...",0,0,0,0,0,0,0,0,0,0,0,0,,,,,,,,,,,,,,,0,29,99,32,63,26,72,334,144,50,619,74
'410190,"Butts, bends, bellies and split raw hides and skins of bovine ""incl. buffalo"" or equine animals, ...",0,0,0,0,0,0,0,0,0,0,0,0,,,,,,,,,,,,,,,242,84,132,187,142,45,98,137,56,100,131,1
'410210,"Raw skins of sheep or lambs, with wool on, fresh or salted, dried, limed, pickled or otherwise ...",0,0,0,0,0,0,0,0,0,0,0,0,,,,,,,,,,,,,,,75,44,23,134,100,41,95,68,41,30,70,33
'410221,"Raw skins of sheep or lambs, without wool on, pickled, whether or not split",0,0,0,0,0,0,0,0,0,0,0,0,,,,,,,,,,,,,,,198,149,116,73,173,312,93,167,72,0,70,121
'410411,"Full grains, unsplit and grain splits, in the wet state ""incl. wet-blue"", of hides and skins ...",0,0,0,0,0,0,0,0,0,0,0,0,,,,,,,,,,,,,,,2365,3646,3244,4217,3556,3896,3010,2877,3360,3428,3001,4615
'420291,"Travelling-bags, insulated food or beverage bags, toilet bags, rucksacks, shopping-bags, map-cases, ...",0,0,0,0,0,0,0,0,0,0,1,0,,,,,,,,,,,,,,,249,305,352,210,126,380,179,369,233,125,126,184
'440311,"Wood in the rough, treated with paint, stains, creosote or other preservatives, coniferous ...",0,0,0,0,0,0,0,0,0,0,0,0,,,,,,,,,,,,,,,327,335,387,627,665,294,595,739,584,458,462,328
'440342,"Teak wood in the rough, whether or not stripped of bark or sapwood, or roughly squared (excl. ...",0,0,23,0,0,0,0,0,0,0,0,0,,,,,,,,,,,,,,,20587,23187,21233,18679,23203,25326,28247,22906,23720,24304,17180,18433
'440398,"Eucalyptus ""Eucalyptus spp."" in the rough, whether or not stripped of bark or sapwood, or roughly ...",0,0,0,0,0,0,0,0,0,0,0,0,,,,,,,,,,,,,,,2083,1248,5429,3088,5352,3689,3862,9905,6136,4255,3893,4102
'440410,"Hoopwood; split poles; piles, pickets and stakes of wood, pointed but not sawn lengthwise; ...",0,0,0,0,0,0,0,0,0,0,0,0,,,,,,,,,,,,,,,0,0,0,0,0,0,0,0,0,0,0,0
'440712,"Fir ""Abies spp."" and spruce ""Picea spp."" sawn or chipped lengthwise, sliced or peeled, whether ...",0,0,0,0,0,0,0,0,0,0,0,0,,,,,,,,,,,,,,,4231,4279,3966,4596,3580,4978,4162,4363,4238,2816,1575,1750
'440810,"Sheets for veneering, incl. those obtained by slicing laminated wood, for coniferous plywood ...",0,0,29,0,0,0,0,0,0,69,0,0,,,,,,,,,,,,,,,1278,1232,1293,1021,1273,936,1379,1566,1813,1857,1271,1639
'440831,"Sheets for veneering, incl. those obtained by slicing laminated wood, for plywood or for other ...",0,0,0,0,0,0,0,0,0,0,0,0,,,,,,,,,,,,,,,208,58,108,118,103,264,357,181,246,101,90,221
'440922,"Tropical wood, incl. strips and friezes for parquet flooring, not assembled, continuously shaped ...",0,0,0,0,0,0,0,0,0,0,0,0,,,,,,,,,,,,,,,529,396,244,271,585,245,233,27,102,125,131,79
'441019,"Waferboard and similar board, of wood, whether or not agglomerated with resins or other organic ...",0,0,0,0,0,0,0,0,0,0,0,0,,,,,,,,,,,,,,,0,0,0,1,0,17,10,0,0,19,0,0
'441114,"Medium density fibreboard ""MDF"" of wood, of a thickness > 9 mm",0,92,0,175,0,55,27,0,0,0,0,0,,,,,,,,,,,,,,,108,307,64,393,260,385,370,137,293,94,130,97
'441912,Chopsticks of bamboo,0,0,0,0,0,0,0,0,0,0,0,0,,,,,,,,,,,,,,,143,138,209,190,139,66,96,153,90,180,120,134
'441990,"Tableware and kitchenware, of wood (excl. of bamboo or tropical wood, and interior fittings, ...",0,44,107,0,0,0,0,0,46,0,0,0,,,,,,,,,,,,,,,1636,2350,2070,1265,1171,1470,1303,2017,3085,2452,2941,1697
'442090,"Wood marquetry and inlaid wood; caskets and cases for jewellery or cutlery, and similar articles, ...",0,0,0,0,0,0,0,18,0,0,0,0,,,,,,,,,,,,,,,42,70,89,83,127,97,114,131,72,139,110,53
'442120,Coffins of wood,0,0,0,0,0,0,0,0,0,0,0,0,,,,,,,,,,,,,,,4,0,0,2,0,2,2,3,0,7,0,0
'442191,"Articles of bamboo, n.e.s.",0,0,0,0,0,0,0,0,0,0,0,0,,,,,,,,,,,,,,,795,796,729,618,1485,872,836,871,733,491,912,488
'460192,"Plaits and similar products, of bamboo plaiting materials, whether or not assembled into strips; ...",0,0,0,0,0,0,0,0,0,0,0,0,,,,,,,,,,,,,,,0,7,0,0,0,8,0,2,3,0,0,0
'470319,"Unbleached non-coniferous chemical wood pulp, soda or sulphate (excl. dissolving grades)",0,0,0,0,0,0,0,0,0,0,0,0,,,,,,,,,,,,,,,1249,1399,2056,891,1301,1236,1754,1314,1624,1500,1567,770
'470321,"Semi-bleached or bleached coniferous chemical wood pulp, soda or sulphate (excl. dissolving ...",15,0,0,0,0,25,0,0,9,0,18,0,,,,,,,,,,,,,,,36146,31134,38308,42042,35487,47545,36716,35455,30324,26223,22428,32975
'470620,"Pulps of fibres derived from recovered ""waste and scrap"" paper or paperboard",0,0,0,0,0,0,0,0,0,0,0,0,,,,,,,,,,,,,,,76,130,63,159,140,52,88,187,59,120,171,129
'470710,"Recovered ""waste and scrap"" paper or paperboard of unbleached kraft paper, corrugated paper ...",0,0,0,0,0,0,0,0,0,0,0,0,,,,,,,,,,,,,,,50961,54036,50695,49576,55365,53254,54198,47824,55763,48787,44382,40263
'480220,"Paper and paperboard of a kind used as a base for photosensitive, heat-sensitive or electrosensitive ...",0,0,0,0,0,0,0,0,0,0,2,0,,,,,,,,,,,,,,,305,235,787,58,112,98,32,43,150,88,125,183
'480240,"Wallpaper base, uncoated",0,0,0,0,0,0,0,0,0,0,0,0,,,,,,,,,,,,,,,31,122,23,45,147,104,30,121,66,39,50,75
'480254,"Uncoated paper and paperboard, of a kind used for writing, printing or other graphic purposes, ...",1,10,1,0,7,11,1,1,1,0,1,0,,,,,,,,,,,,,,,1222,976,760,924,903,1756,1168,1150,1658,1684,598,1351
'480419,"Kraftliner, uncoated, in rolls of a width > 36 cm (excl. unbleached and goods of heading 4802 ...",0,0,7,0,0,0,0,11,0,0,0,0,,,,,,,,,,,,,,,2001,2412,2039,1892,2244,1992,2328,2309,1280,1257,1273,1960
'480451,"Unbleached kraft paper and paperboard, uncoated, in rolls of a width > 36 cm or in square or ...",118,111,179,146,24,101,56,0,0,41,0,0,,,,,,,,,,,,,,,510,791,1453,1102,727,1223,1766,630,950,875,605,1224
'480840,"Kraft paper, creped or crinkled, whether or not embossed or perforated, in rolls of a width ...",0,0,0,0,0,0,0,0,0,0,0,0,,,,,,,,,,,,,,,15,44,153,47,215,96,330,237,129,140,262,390
'480990,"Transfer papers, incl. coated or impregnated paper for duplicator stencils or offset plates, ...",0,0,0,0,0,0,0,0,2,0,0,0,,,,,,,,,,,,,,,4453,3274,4753,5684,4673,4310,2906,3717,6476,4691,3250,3131
'481014,"Paper and paperboard used for writing, printing or other graphic purposes, not containing fibres ...",0,0,0,0,0,0,0,0,0,0,0,0,,,,,,,,,,,,,,,60,80,20,64,15,63,62,43,40,40,136,72
'411410,"Chamois leather, incl. combination chamois leather (excl. glacé-tanned leather subsequently ...",0,0,0,0,0,0,0,0,0,0,0,0,,,,,,,,,,,,,,,0,2,0,0,0,0,0,0,0,0,0,0
'481160,"Paper and paperboard, coated, impregnated or covered with wax, paraffin wax, stearin, oil or ...",0,0,0,0,0,0,0,0,0,0,0,0,,,,,,,,,,,,,,,3154,1601,1794,1656,1331,2302,1683,2557,1911,2500,2070,2165
'481690,"Copying or transfer papers, in rolls of a width of <= 36 cm or in rectangular or square sheets ...",0,2,0,2,1,0,1,0,0,0,0,0,,,,,,,,,,,,,,,239,130,144,45,171,46,90,127,117,128,202,180
'482340,"Rolls, sheets and dials, printed for self-recording apparatus, in rolls of a width <= 36 cm, ...",0,0,0,0,0,0,0,0,0,0,0,0,,,,,,,,,,,,,,,9,67,17,72,76,41,39,6,22,106,6,41
'490400,"Music, printed or in manuscript, whether or not bound or illustrated",0,0,0,0,0,0,0,0,0,0,0,0,,,,,,,,,,,,,,,33,0,44,33,0,29,0,37,7,39,0,28
'500300,"Silk waste, incl. cocoons unsuitable for reeling, yarn waste and garnetted stock",0,0,0,0,0,0,0,0,0,0,0,0,,,,,,,,,,,,,,,291,78,108,159,194,38,119,136,107,19,487,170
'510111,"Greasy shorn wool, incl. fleece-washed wool, neither carded nor combed",0,0,0,0,0,0,0,0,0,0,0,0,,,,,,,,,,,,,,,10084,12764,8204,7113,7015,7406,7509,11880,10622,6230,10772,18847
'510211,"Hair of Kashmir ""cashmere"" goats, neither carded nor combed",0,0,0,0,0,0,0,0,0,0,0,0,,,,,,,,,,,,,,,569,24,727,287,93,590,745,880,1195,339,648,466
'510810,Carded yarn of fine animal hair (excl. that of wool or that put up for retail sale),0,0,0,0,0,0,0,0,0,0,0,0,,,,,,,,,,,,,,,87,131,12,98,20,17,15,0,0,30,57,59
'510910,"Yarn containing >= 85% wool or fine animal hair by weight, put up for retail sale",0,0,0,0,0,0,0,0,0,0,0,0,,,,,,,,,,,,,,,6,0,2,1,9,10,17,11,0,6,143,47
'511190,"Woven fabrics containing predominantly, but < 85% carded wool or carded fine animal hair by ...",0,0,0,0,0,0,0,0,0,0,0,0,,,,,,,,,,,,,,,55,14,14,27,19,44,21,6,10,4,15,61
'511300,Woven fabrics of coarse animal hair or of horsehair (excl. fabrics for technical uses of heading ...,0,0,0,0,0,0,0,0,0,0,0,0,,,,,,,,,,,,,,,0,1,0,0,0,0,0,3,0,0,11,0
'520100,"Cotton, neither carded nor combed",0,0,0,0,0,0,0,0,0,0,0,0,,,,,,,,,,,,,,,100515,72572,117353,122706,164174,230312,296668,442552,133699,37756,52876,79354
'481930,"Sacks and bags, of paper, paperboard, cellulose wadding or webs of cellulose fibres, having ...",0,0,0,0,0,0,0,0,0,0,0,0,,,,,,,,,,,,,,,185,22,144,232,92,9,168,80,69,162,219,146
'482210,"Bobbins, spools, cops and similar supports of paper pulp, paper or paperboard, whether or not ...",0,0,0,0,0,0,0,0,0,0,0,0,,,,,,,,,,,,,,,0,5,31,0,0,64,0,7,0,0,0,51
'520533,"Multiple ""folded"" or cabled cotton yarn, of uncombed fibres, containing >= 85% cotton by weight ...",0,0,0,0,0,0,0,0,0,0,0,0,,,,,,,,,,,,,,,0,0,0,67,0,46,0,0,44,0,0,0
'520645,"Multiple ""folded"" or cabled cotton yarn containing predominantly, but < 85% cotton by weight, ...",0,0,0,0,0,0,0,0,0,0,0,0,,,,,,,,,,,,,,,57,0,22,0,0,0,0,8,77,0,2,1
'520813,"Woven fabrics of cotton, containing >= 85% cotton by weight and weighing <= 200 g/m_, in three-thread ...",0,0,0,0,1,0,1,1,0,0,0,0,,,,,,,,,,,,,,,21,0,9,0,15,5,1,2,7,8,2,2
'520821,"Plain woven fabrics of cotton, containing >= 85% cotton by weight and weighing <= 200 g/m_, ...",0,0,0,0,0,0,0,0,0,0,0,0,,,,,,,,,,,,,,,34,9,0,15,23,11,6,28,0,0,8,33
'521225,"Woven fabrics of cotton, containing predominantly, but < 85% cotton by weight, other than those ...",0,0,0,0,0,0,0,0,0,0,0,0,,,,,,,,,,,,,,,1,1,0,2,0,0,0,0,0,4,0,2
'530110,"Flax, raw or retted",0,0,0,0,0,0,0,0,0,0,0,0,,,,,,,,,,,,,,,0,0,21,0,0,0,10,0,0,0,0,0
'530290,"True hemp ""Cannabis sativa L."", processed but not spun; tow and waste of hemp, incl. yarn waste ...",0,0,0,0,0,0,0,0,0,0,0,0,,,,,,,,,,,,,,,0,88,0,0,0,45,0,0,0,12,0,2
'530929,"Woven fabrics of flax, containing predominantly, but < 85% flax by weight, dyed, made of yarn ...",0,0,10,1,0,36,0,111,30,52,0,0,,,,,,,,,,,,,,,359,197,742,1212,1768,3151,3230,4782,4089,2193,2257,680
'540249,"Synthetic filament yarn, incl. synthetic monofilament of < 67 decitex, single, untwisted or ...",0,0,0,0,0,0,0,0,0,0,0,0,,,,,,,,,,,,,,,1085,1746,1559,2099,1190,1142,1948,1813,1089,508,1180,578
'540252,"Filament yarn of polyester, incl. monofilament of < 67 decitex, single, with a twist of > 50 ...",0,0,0,0,0,0,0,0,0,0,0,0,,,,,,,,,,,,,,,70,261,172,153,280,287,196,232,362,151,271,235
'540263,"Multiple ""folded"" or cabled filament yarn of polypropylene, incl. monofilament of < 67 decitex ...",0,0,0,0,0,0,0,0,0,0,0,0,,,,,,,,,,,,,,,57,0,23,29,60,1,51,27,15,56,23,5
'540500,Artificial monofilament of >= 67 decitex and with a cross sectional dimension of <= 1 mm; strip ...,0,0,0,0,0,0,0,0,0,0,0,0,,,,,,,,,,,,,,,0,9,0,0,0,24,3,17,22,15,9,0
'520939,"Woven fabrics of cotton, containing >= 85% cotton by weight and weighing > 200 g/m_, dyed (excl. ...",32,106,0,0,0,0,16,27,0,0,0,0,,,,,,,,,,,,,,,557,344,597,355,330,317,577,299,222,312,523,245
'520951,"Plain woven fabrics of cotton, containing >= 85% cotton by weight and weighing > 200 g/m_, ...",0,0,0,0,0,0,0,0,0,0,0,0,,,,,,,,,,,,,,,39,186,42,42,34,17,1,3,23,39,116,6
'521019,"Woven fabrics of cotton, containing predominantly, but < 85% cotton by weight, mixed principally ...",0,0,0,0,0,0,0,0,0,0,0,0,,,,,,,,,,,,,,,0,2,9,0,0,0,3,1,0,20,1,0
'521041,"Plain woven fabrics of cotton, containing predominantly, but < 85% cotton by weight, mixed ...",126,3,20,9,68,437,87,0,12,1,4,0,,,,,,,,,,,,,,,450,271,187,130,217,535,182,469,170,139,74,850
'521131,"Plain woven fabrics of cotton, containing predominantly, but < 85% cotton by weight, mixed ...",0,0,0,0,0,0,0,0,0,0,0,0,,,,,,,,,,,,,,,54,20,128,26,130,55,204,205,370,487,268,22
'540744,Woven fabrics of yarn containing >= 85% by weight of filaments of nylon or other polyamides ...,0,0,0,0,0,0,0,0,33,79,34,0,,,,,,,,,,,,,,,340,33,104,153,263,198,72,290,41,91,36,176
'540754,"Woven fabrics of yarn containing >= 85% by weight of textured polyester filaments, incl. monofilament ...",23,0,1,0,0,0,1,56,36,23,0,0,,,,,,,,,,,,,,,805,1161,936,601,568,474,836,849,810,560,533,600
'540821,"Woven fabrics of yarn containing >= 85% artificial filament by weight, incl. monofilament of ...",0,0,0,0,0,0,0,0,0,0,0,0,,,,,,,,,,,,,,,13,40,13,27,23,16,28,6,14,19,0,5
'540832,"Woven fabrics of yarn containing predominantly, but < 85% artificial filament by weight, incl. ...",0,0,0,0,0,0,0,0,0,0,0,0,,,,,,,,,,,,,,,487,383,237,223,119,222,188,435,321,647,215,312
'550320,"Staple fibres of polyesters, not carded, combed or otherwise processed for spinning",0,0,58,40,40,77,39,42,89,0,0,0,,,,,,,,,,,,,,,7427,6769,7908,6684,8560,8554,7540,8482,8931,9132,7625,9866
'550340,"Staple fibres of polypropylene, not carded, combed or otherwise processed for spinning",0,0,0,0,0,0,0,0,0,0,0,0,,,,,,,,,,,,,,,730,1531,548,566,1080,697,564,591,1170,899,1224,1749
'550520,"Waste of artificial staple fibres, incl. noils, yarn waste and garnetted stock",0,0,0,0,0,0,0,0,0,0,0,0,,,,,,,,,,,,,,,73,63,157,78,251,166,159,209,101,130,125,104
'550931,Single yarn containing >= 85% acrylic or modacrylic staple fibres by weight (excl. sewing thread ...,0,0,0,0,0,0,0,0,0,0,0,0,,,,,,,,,,,,,,,300,201,245,316,239,339,294,405,470,489,528,373
'550959,"Yarn containing predominantly, but < 85% polyester staple fibres by weight, other than that ...",0,0,0,0,0,0,0,0,0,0,0,0,,,,,,,,,,,,,,,84,1,67,104,128,143,10,57,105,184,34,91
'551110,"Yarn containing >= 85% synthetic staple fibres by weight, put up for retail sale (excl. sewing ...",0,0,0,0,0,0,0,0,0,0,0,0,,,,,,,,,,,,,,,0,20,0,2,6,3,12,1,0,2,9,0
'551130,"Yarn of artificial staple fibres, put up for retail sale (excl. sewing thread)",0,0,0,0,0,0,0,0,0,0,0,0,,,,,,,,,,,,,,,0,1,0,0,0,0,2,0,2,0,0,0
'551349,"Woven fabrics containing predominantly, but < 85% synthetic staple fibres by weight, mixed ...",0,0,0,0,0,0,0,0,0,0,0,0,,,,,,,,,,,,,,,0,0,36,26,0,0,0,142,0,3,14,3
'551411,"Plain woven fabrics containing predominantly, but < 85% polyester staple fibres by weight, ...",0,0,0,0,0,0,0,0,0,0,0,0,,,,,,,,,,,,,,,0,29,24,66,18,40,6,4,6,67,39,3
'551423,"Woven fabrics containing predominantly, but < 85% polyester staple fibres by weight, mixed ...",0,0,0,0,0,0,0,0,0,0,0,0,,,,,,,,,,,,,,,43,158,245,78,147,144,15,22,89,11,190,35
'551621,"Woven fabrics containing predominantly, but < 85% artificial staple fibres, mixed principally ...",0,0,0,0,0,0,0,0,0,0,0,0,,,,,,,,,,,,,,,13,0,0,0,5,0,56,27,11,24,1,0
'551643,"Woven fabrics containing predominantly, but < 85% artificial staple fibres by weight, mixed ...",0,0,0,0,0,0,0,0,0,0,0,0,,,,,,,,,,,,,,,1,1,5,24,37,35,1,20,11,18,0,27
'560130,Textile flock and dust and mill neps,0,0,0,0,0,0,0,0,0,0,0,0,,,,,,,,,,,,,,,2934,3484,2125,2131,1647,2419,2037,2210,2595,2067,2437,2074
'560210,"Needleloom felt and stitch-bonded fibre fabrics, whether or not impregnated, coated, covered ...",0,0,0,0,0,0,0,0,0,0,0,0,,,,,,,,,,,,,,,1070,952,916,739,865,588,1006,983,588,781,958,913
'560221,"Felt, not impregnated, coated, covered or laminated, of wool or fine animal hair, n.e.s. (excl. ...",0,0,0,0,0,0,0,0,0,0,0,0,,,,,,,,,,,,,,,82,86,89,67,57,21,66,86,21,118,33,58
'580126,"Chenille fabrics, of cotton (excl. terry towelling and similar woven terry fabrics, tufted ...",0,0,0,0,0,0,0,0,0,0,0,0,,,,,,,,,,,,,,,88,22,0,75,161,273,297,24,61,64,371,21
'580137,"Warp pile fabrics, of man-made fibres (excl. terry towelling and similar woven terry fabrics, ...",0,0,0,0,0,0,0,0,0,0,0,0,,,,,,,,,,,,,,,230,920,1190,466,429,422,294,251,357,98,288,261
'580230,Tufted textile fabrics (excl. carpets and other floor coverings),0,0,0,0,0,0,0,0,0,0,0,0,,,,,,,,,,,,,,,0,2,0,1,2,0,2,0,2,2,0,0
'580900,"Woven fabrics of metal thread and woven fabrics of metallised yarn of heading 5605, of a kind ...",0,0,0,0,0,0,0,0,0,0,0,0,,,,,,,,,,,,,,,102,29,35,31,0,0,2,7,95,34,33,31
'581100,"Quilted textile products in the piece, composed of one or more layers of textile materials ...",0,0,0,0,0,0,0,0,0,0,0,0,,,,,,,,,,,,,,,88,54,92,114,111,45,63,103,76,97,95,51
'590410,"Linoleum, whether or not cut to shape",0,0,0,0,0,0,0,0,0,0,0,0,,,,,,,,,,,,,,,20,65,68,61,0,16,16,27,28,22,0,5
'600320,"Knitted or crocheted fabrics of cotton, of a width of <= 30 cm (excl. those containing by weight ...",0,0,0,0,0,0,0,0,0,0,0,0,,,,,,,,,,,,,,,7,2,12,0,5,16,3,1,66,0,0,14
'600340,"Knitted or crocheted fabrics of artificial fibres, of a width of <= 30 cm (excl. those containing ...",0,0,0,0,0,0,0,0,0,0,0,0,,,,,,,,,,,,,,,0,0,0,0,0,0,0,0,2,0,0,0
'600538,"Warp knit fabrics of synthetic fibres, of yarns of different colours ""incl. those made on galloon ...",0,0,0,0,0,0,0,0,0,0,0,0,,,,,,,,,,,,,,,1175,767,1202,1103,1378,835,708,542,1151,1144,741,227
'600642,"Dyed fabrics, knitted or crocheted, of artificial fibres, of a width of > 30 cm (excl. warp ...",0,1,0,0,0,0,0,0,14,0,0,0,,,,,,,,,,,,,,,2079,795,930,539,195,679,1047,457,998,723,142,121
'610419,"Women's or girls' suits of textile materials, knitted or crocheted (excl. of synthetic fibres, ...",0,0,0,0,0,0,0,0,0,0,0,0,,,,,,,,,,,,,,,16,0,2,15,20,17,16,0,19,9,1,9
'610422,"Women's or girls' ensembles of cotton, knitted or crocheted (excl. ski ensembles and swimwear)",0,0,0,0,2,0,0,0,2,1,0,0,,,,,,,,,,,,,,,56,54,101,119,102,50,61,54,75,50,64,35
'610429,"Women's or girls' ensembles of textile materials (excl. of cotton or synthetic fibres, ski ...",0,0,0,0,0,0,0,0,0,0,0,0,,,,,,,,,,,,,,,6,2,26,29,7,176,1,3,20,14,9,1
'610432,"Women's or girls' jackets and blazers of cotton, knitted or crocheted (excl. wind-jackets and ...",0,0,0,0,0,0,7,0,0,0,0,0,,,,,,,,,,,,,,,9,1,36,22,33,96,73,26,21,21,4,30
'610449,"Women's or girls' dresses of textile materials, knitted or crocheted (excl. of wool, fine animal ...",0,0,0,0,0,0,0,0,1,0,0,0,,,,,,,,,,,,,,,56,20,38,49,53,70,119,107,33,52,40,40
'611510,"Graduated compression hosiery [e.g., stockings for varicose veins], of textile materials, knitted ...",0,0,0,0,0,0,0,0,0,0,0,0,,,,,,,,,,,,,,,151,111,79,218,113,166,167,358,101,351,47,93
'611691,"Gloves, mittens and mitts, of wool or fine animal hair, knitted or crocheted (excl. impregnated, ...",0,0,0,0,0,0,0,0,0,0,0,0,,,,,,,,,,,,,,,4,0,74,3,25,58,26,4,2,13,6,2
'620791,"Men's or boys' singlets and other vests, bathrobes, dressing gowns and similar articles of ...",0,0,0,2,0,0,0,0,0,0,0,0,,,,,,,,,,,,,,,28,0,16,6,1,3,2,16,18,6,11,0
'620811,Women's or girls' slips and petticoats of man-made fibres (excl. knitted or crocheted and vests),0,0,0,0,0,0,0,0,0,0,0,0,,,,,,,,,,,,,,,2,1,3,7,7,14,10,4,10,4,3,2
'620899,"Women's or girls' singlets and other vests, briefs, panties, négligés, bathrobes, dressing ...",0,0,0,0,0,0,0,0,0,0,0,0,,,,,,,,,,,,,,,6,1,9,2,1,12,8,9,1,13,13,6
'621320,"Handkerchiefs of cotton, of which no side exceeds 60 cm (excl. knitted or crocheted)",0,0,0,1,0,0,0,0,0,0,0,0,,,,,,,,,,,,,,,16,16,12,35,2,16,7,7,23,13,6,12
'630210,"Bedlinen, knitted or crocheted",0,0,0,0,0,0,0,0,1,0,0,0,,,,,,,,,,,,,,,316,30,159,67,154,102,115,42,56,256,17,19
'630222,Printed bedlinen of man-made fibres (excl. knitted or crocheted),0,0,0,0,0,0,0,0,0,0,0,0,,,,,,,,,,,,,,,34,16,6,14,72,15,25,56,88,48,108,12
'630510,"Sacks and bags, for the packing of goods, of jute or other textile bast fibres of heading 5303",0,0,0,0,0,0,0,0,0,0,0,0,,,,,,,,,,,,,,,4155,2232,5244,4013,1977,5056,4104,3663,3794,5021,2570,4038
'630520,"Sacks and bags, for the packing of goods, of cotton",0,2,0,0,0,0,0,0,0,0,0,0,,,,,,,,,,,,,,,103,104,257,18,32,77,43,57,42,31,10,26
'630612,"Tarpaulins, awnings and sunblinds of synthetic fibres (excl. flat covers of light fabrics made ...",0,0,0,0,0,0,0,0,0,0,0,0,,,,,,,,,,,,,,,28,28,113,10,78,118,128,32,8,78,23,36
'680299,"Monumental or building stone, in any form, polished, decorated or otherwise worked (excl. calcareous ...",0,0,0,0,0,0,1,2,0,0,0,0,,,,,,,,,,,,,,,372,460,619,610,378,601,1007,375,513,546,754,1490
'680410,"Millstones and grindstones, without frameworks, for milling, grinding or pulping",0,0,0,0,0,0,0,0,0,0,0,0,,,,,,,,,,,,,,,215,185,190,160,177,221,231,144,142,144,248,317
'680520,"Natural or artificial abrasive powder or grain, on a base of paper or paperboard only, whether ...",0,5,0,1,18,3,1,19,0,1,2,0,,,,,,,,,,,,,,,5603,5998,4904,5645,5135,6261,5755,5822,5982,5587,6840,8024
'680610,"Slag-wool, rock-wool and similar mineral wools, incl. intermixtures thereof, in bulk, sheets ...",0,0,0,0,0,0,0,0,0,0,0,0,,,,,,,,,,,,,,,1940,1176,1446,2509,1081,1711,1406,2217,2640,1482,1823,1530
'680620,"Exfoliated vermiculite, expanded clays, foamed slag and similar expanded mineral materials, ...",0,0,0,0,0,0,0,0,0,0,0,0,,,,,,,,,,,,,,,972,942,1290,905,982,796,885,997,1186,1535,1418,1342
'680710,"Articles of asphalt or of similar materials, e.g. petroleum bitumen or coal tar pitch, in rolls",0,0,0,0,0,0,0,0,0,0,0,0,,,,,,,,,,,,,,,122,81,129,131,357,49,110,67,355,173,305,120
'680800,"Panels, boards, tiles, blocks and similar articles of vegetable fibre, of straw or of shavings, ...",0,0,0,0,0,0,0,0,0,0,0,0,,,,,,,,,,,,,,,124,226,172,123,237,266,221,194,198,635,148,151
'680911,"Boards, sheets, panels, tiles and similar articles, of plaster or compositions based on plaster, ...",0,0,0,0,0,0,0,0,0,0,0,0,,,,,,,,,,,,,,,2217,1307,2258,2569,3226,3552,3405,1585,2478,3069,1905,1327
'681280,Fabricated crocidolite asbestos fibres; mixtures with a basis of crocidolite asbestos or with ...,0,0,0,0,0,0,0,0,0,0,0,0,,,,,,,,,,,,,,,0,0,0,0,0,0,0,0,0,0,0,0
'681513,"Articles of carbon fibres, for non-electrical purposes (excl. fabrics)",0,0,0,0,0,0,0,0,0,0,0,0,,,,,,,,,,,,,,,1045,1807,1934,4123,1950,3478,903,3657,3606,1043,1801,1684
'681520,Articles of peat (excl. textile products from peat fibres),0,0,0,0,0,0,0,0,0,0,0,0,,,,,,,,,,,,,,,0,794,0,0,0,0,0,0,0,0,476,14
'701690,"Paving blocks, slabs, bricks, squares, tiles and other articles of pressed or moulded glass, ...",0,0,0,0,0,25,73,48,18,0,0,0,,,,,,,,,,,,,,,4407,2768,3021,3853,2774,3431,2726,1967,3166,2064,3418,2918
'701810,"Glass beads, imitation pearls, imitation precious or semi-precious stones and similar glass ...",0,0,0,0,0,0,0,0,0,0,0,0,,,,,,,,,,,,,,,9574,7699,10662,9579,11024,10250,12149,11728,11422,11386,7696,8960
'701911,"Glass fibre threads ""chopped strands"", cut into lengths <= 50 mm",0,0,6,0,0,0,0,0,0,0,0,0,,,,,,,,,,,,,,,6901,5877,6451,5900,4898,5909,5407,5358,6845,6297,6417,7227
'701966,"Open woven fabrics of glass fibres, of a width > 30 cm",0,0,0,0,0,0,0,0,0,0,0,0,,,,,,,,,,,,,,,42,29,38,29,72,110,140,6,58,82,61,11
'701972,Chemically bonded closed fabrics of glass fibres (excl. veils),0,0,0,0,0,0,0,0,0,0,0,0,,,,,,,,,,,,,,,120,49,114,0,118,199,37,119,64,111,19,124
'710229,"Industrial diamonds, worked, but not mounted or set (excl. unmounted stones for pick-up styluses, ...",0,0,0,0,0,0,0,0,0,0,0,0,,,,,,,,,,,,,,,18,0,0,0,0,3,6,1943,0,0,0,0
'710239,"Diamonds, worked, but not mounted or set (excl. industrial diamonds)",0,0,0,0,0,0,0,0,107,0,0,0,,,,,,,,,,,,,,,339119,415010,415030,436739,716771,454154,674859,446173,375134,357955,911346,440703
'710391,"Rubies, sapphires and emeralds, worked, whether or not graded, but not strung, mounted or set, ...",0,0,0,0,0,0,0,0,0,0,0,0,,,,,,,,,,,,,,,16049,19156,29571,6649,42616,18854,7359,11881,4668,5842,47192,7054
'710410,"Quartz, piezoelectric, of synthetic or reconstructed stone whether or not worked or graded, ...",0,0,0,0,0,0,0,0,0,0,0,0,,,,,,,,,,,,,,,59,34,108,77,84,81,62,83,94,86,138,135
'710429,"Precious and semi-precious stones, synthetic or reconstructed, unworked or simply sawn or roughly ...",0,0,0,0,0,0,0,0,0,0,0,0,,,,,,,,,,,,,,,1261,810,1238,1079,764,916,1522,944,424,1724,460,2869
'710692,"Silver, incl. silver plated with gold or platinum, semi-manufactured",0,0,0,0,0,0,0,0,0,0,0,0,,,,,,,,,,,,,,,511032,185740,482560,420675,1180191,2373365,955213,684022,1929210,1637562,602224,396309
'710700,"Base metals clad with silver, not further worked than semi-manufactured",0,0,0,0,0,0,0,0,0,0,0,0,,,,,,,,,,,,,,,1,43,80,114,99,17,11,240,0,57,106,178
'711419,"Articles of goldsmiths' or silversmiths' wares or parts thereof, of precious metal other than ...",0,0,0,0,0,0,0,0,0,0,0,0,,,,,,,,,,,,,,,0,151,879,211,14,0,201,0,679781,564774,14,148
'711711,"Cuff links and studs, of base metal, whether or not clad with silver, gold or platinum",0,0,0,0,0,0,0,0,0,0,0,0,,,,,,,,,,,,,,,40,92,46,35,68,29,17,36,37,28,20,30
'720270,Ferro-molybdenum,0,0,0,0,0,0,0,0,0,0,0,0,,,,,,,,,,,,,,,0,0,0,0,0,0,0,0,0,2367,2721,2684
'720521,"Powders, of alloy steel (excl. powders of ferro-alloys and radioactive iron powders ""isotopes"")",0,0,0,0,0,0,0,0,0,0,0,0,,,,,,,,,,,,,,,1320,1757,1702,1465,915,1195,1454,1007,1951,722,1926,1225
'720853,"Flat-rolled products of iron or non-alloy steel, of a width of >= 600 mm, not in coils, simply ...",0,0,0,0,0,0,0,0,0,0,0,0,,,,,,,,,,,,,,,2,3,0,1,0,7,5,0,19,1,0,0
'720917,"Flat-rolled products of iron or non-alloy steel, of a width of >= 600 mm, in coils, simply ...",0,0,0,0,0,0,0,0,0,0,0,0,,,,,,,,,,,,,,,6083,5280,6320,4438,5616,8496,5236,5831,1791,6729,4868,5127
'720990,"Flat-rolled products of iron or steel, of a width of >= 600 mm, cold-rolled ""cold-reduced"", ...",0,0,0,0,0,0,0,0,0,0,0,0,,,,,,,,,,,,,,,2,0,0,1,0,0,0,16,0,0,0,0
'721012,"Flat-rolled products of iron or non-alloy steel, of a width of >= 600 mm, hot-rolled or cold-rolled ...",0,0,0,0,0,0,0,0,0,0,0,0,,,,,,,,,,,,,,,2657,773,2015,2850,1273,1476,697,570,1592,1652,1088,2650
'721020,"Flat-rolled products of iron or non-alloy steel, of a width of >= 600 mm, hot-rolled or cold-rolled ...",0,0,0,0,0,0,0,0,0,0,0,0,,,,,,,,,,,,,,,0,55,14,48,17,0,225,200,10,64,0,46
'721420,"Bars and rods, of iron or non-alloy steel, with indentations, ribs, groves or other deformations ...",0,0,0,0,0,0,0,0,0,0,0,0,,,,,,,,,,,,,,,8871,7985,464,1098,1126,1147,1392,2067,2070,9466,8264,211
'721640,"L sections of iron or non-alloy steel, not further worked than hot-rolled, hot-drawn or hot-extruded, ...",0,0,0,0,0,0,0,0,0,0,0,0,,,,,,,,,,,,,,,0,0,0,14,5,12,0,0,2,2,3,0
'721691,"Angles, shapes and sections, of iron or non-alloy steel, cold-formed or cold-finished from ...",0,0,0,0,0,0,0,0,0,0,0,0,,,,,,,,,,,,,,,70,27,118,5,22,0,59,0,0,3,2,0
'721790,"Wire of iron or non-alloy steel, in coils, plated or coated (excl. plated or coated with base ...",0,0,0,0,0,0,0,0,0,0,0,0,,,,,,,,,,,,,,,388,553,532,555,546,270,585,330,430,248,338,429
'721923,"Flat-rolled products of stainless steel, of a width of >= 600 mm, not further worked than hot-rolled, ...",0,0,0,0,0,0,0,0,0,0,0,0,,,,,,,,,,,,,,,66,23,571,6,78,243,392,408,530,29,362,349
'721990,"Flat-rolled products of stainless steel, of a width of >= 600 mm, hot-rolled or cold-rolled ...",0,0,0,97,43,66,267,0,41,0,87,0,,,,,,,,,,,,,,,13846,10247,13472,10642,12554,13149,8503,7415,12091,6641,5037,5823
'722240,"Angles, shapes and sections of stainless steel, n.e.s.",0,0,0,0,0,0,0,0,0,0,0,0,,,,,,,,,,,,,,,206,762,501,368,183,155,135,970,254,375,279,890
'722599,"Flat-rolled products of alloy steel other than stainless, of a width of >= 600 mm, hot-rolled ...",0,0,0,0,0,0,0,0,0,0,0,0,,,,,,,,,,,,,,,8299,7898,11859,18722,12532,12035,8494,13060,12463,9383,12507,12323
'722619,"Flat-rolled products of silicon-electrical steel, of a width of < 600 mm, hot-rolled or cold-rolled ...",0,0,0,0,0,0,0,0,0,0,0,0,,,,,,,,,,,,,,,401,413,464,308,332,421,165,488,435,414,504,904
'722720,"Bars and rods of silico-manganese steel, hot-rolled, in irregularly wound coils",0,0,0,0,0,0,0,0,0,0,0,0,,,,,,,,,,,,,,,0,0,0,0,0,0,0,0,0,0,0,0
'730290,"Sleepers ""cross-ties"", check-rails, rack rails, chairs, chair wedges, rail clips, bedplates ...",0,0,0,0,0,0,0,0,0,0,0,0,,,,,,,,,,,,,,,2954,301,1958,228,294,106,273,1972,1209,2911,4557,1008
'730411,"Line pipe of a kind used for oil or gas pipelines, seamless, of stainless steel",0,0,0,0,0,0,0,0,0,0,0,0,,,,,,,,,,,,,,,2326,1437,2377,1279,1797,2340,1204,1929,1126,1985,935,429
'730531,"Tubes and pipes having circular cross-sections and an external diameter of > 406,4 mm, of iron ...",0,0,0,0,0,0,0,0,0,0,0,0,,,,,,,,,,,,,,,682,19,707,0,0,1555,1,121,3098,10563,1262,4063
'730611,"Line pipe of a kind used for oil or gas pipelines, welded, of flat-rolled products of stainless ...",535,362,626,616,58,113,286,437,266,278,0,0,,,,,,,,,,,,,,,622,531,781,1376,424,268,1319,698,680,718,121,46
'730629,"Casing and tubing of a kind used in drilling for oil or gas, welded, of flat-rolled products ...",0,0,0,0,0,0,0,0,0,0,0,0,,,,,,,,,,,,,,,101,1561,157,168,140,100,194,725,139,119,325,314
'730669,"Tubes, pipes and hollow profiles, welded, of non-circular cross-section, of iron or steel (excl. ...",0,0,0,0,0,0,0,0,0,0,0,0,,,,,,,,,,,,,,,225,26,79,80,1,152,28,73,132,150,76,107
'731021,"Cans of iron or steel, of a capacity of < 50 l, which are to be closed by soldering or crimping ...",0,0,0,0,0,0,0,0,0,0,0,0,,,,,,,,,,,,,,,504,517,373,241,502,290,378,461,435,397,300,685
'731700,"Nails, tacks, drawing pins, corrugated nails, staples and similar articles of iron or steel, ...",0,0,0,0,0,0,0,0,0,0,0,0,,,,,,,,,,,,,,,2939,3046,3395,3280,3926,4219,3238,3766,4343,4806,4203,2126
'690490,"Ceramic flooring blocks, support or filler tiles and the like (excl. those of siliceous fossil ...",0,0,0,0,3,0,0,0,0,0,0,0,,,,,,,,,,,,,,,279,202,104,287,165,516,728,121,297,123,242,442
'690730,"Ceramic mosaic cubes and the like, whether or not on a backing (excl. refractory and finishing ...",0,0,0,0,0,0,0,0,0,0,0,0,,,,,,,,,,,,,,,21,70,15,32,28,9,41,29,10,10,13,15
'691390,"Statuettes and other ornamental ceramic articles, n.e.s. (excl. of porcelain or china)",8,0,5,5,0,37,30,23,0,6,20,0,,,,,,,,,,,,,,,522,521,561,531,772,847,393,811,546,445,711,575
'700100,"Cullet and other waste and scrap of glass; glass in the mass (excl. glass in the form of powder, ...",0,0,35,0,0,0,0,0,0,0,0,0,,,,,,,,,,,,,,,436,236,563,383,195,145,189,307,500,390,396,192
'700231,"Tubes of fused quartz or other fused silica, unworked",0,0,0,0,0,0,0,0,0,0,0,0,,,,,,,,,,,,,,,597,449,559,468,729,760,321,732,369,422,354,462
'700521,"Float glass and surface ground glass, in sheets, coloured throughout the mass ""body tinted"", ...",0,0,0,0,0,0,0,0,0,0,0,0,,,,,,,,,,,,,,,1868,1614,1955,2272,1498,2599,2541,1522,1620,2104,2420,2567
'700711,"Toughened ""tempered"" safety glass, of size and shape suitable for incorporation in motor vehicles, ...",0,0,8,15,0,0,11,4,0,3,0,0,,,,,,,,,,,,,,,544,385,677,574,503,506,522,668,489,463,790,608
'732182,"Stoves, heaters, grates, fires, wash boilers, braziers and similar appliances, of iron or steel, ...",0,0,0,0,0,0,0,0,0,0,0,0,,,,,,,,,,,,,,,126,209,0,0,277,235,0,111,0,0,12,0
'732392,"Table, kitchen or other household articles, and parts thereof, of cast iron, enamelled (excl. ...",0,0,0,0,0,0,0,0,0,0,0,0,,,,,,,,,,,,,,,26,156,114,85,186,503,289,538,575,397,979,798
'732510,"Articles of non-malleable cast iron, n.e.s.",0,0,0,0,0,2,0,0,0,0,0,0,,,,,,,,,,,,,,,736,299,616,357,302,123,153,222,396,323,298,487
'740321,"Copper-zinc base alloys ""brass"" unwrought",0,0,0,0,0,0,0,0,0,0,0,0,,,,,,,,,,,,,,,291,136,50,449,196,235,174,91,181,156,286,412
'740710,"Bars, rods and profiles, of refined copper, n.e.s.",0,0,0,0,26,0,0,0,0,0,0,0,,,,,,,,,,,,,,,7090,8283,9101,8936,9671,9159,7990,5201,3165,8019,7277,9264
'740921,"Plates, sheets and strip, of copper-zinc base alloys ""brass"", of a thickness of > 0,15 mm, ...",0,0,0,0,0,0,0,0,0,0,0,0,,,,,,,,,,,,,,,4186,4012,4304,5050,4199,5051,4903,5484,5063,5304,4972,4725
'741210,"Refined copper tube or pipe fittings ""e.g., couplings, elbows, sleeves""",245,190,214,0,0,0,0,1,0,0,2,0,,,,,,,,,,,,,,,689,733,754,700,195,231,219,198,443,459,559,618
'741521,"Washers, ""incl. spring washers and spring lock washers"", of copper",0,0,0,0,0,0,0,0,0,0,0,0,,,,,,,,,,,,,,,179,201,150,177,236,181,169,199,207,216,275,243
'750120,Nickel oxide sinters and other intermediate products of nickel metallurgy (excl. nickel mattes),0,0,0,0,0,0,0,0,0,0,0,0,,,,,,,,,,,,,,,0,3131,3104,3525,3020,1,5070,10,0,0,0,0
'750521,Wire of non-alloy nickel (excl. electrically insulated products),0,0,0,0,0,0,0,0,0,0,0,0,,,,,,,,,,,,,,,0,0,136,63,10,0,14,1,9,61,15,17
'750712,Tubes and pipes of nickel alloys,233,0,381,0,49,33,446,239,279,627,0,0,,,,,,,,,,,,,,,5497,5119,5891,4723,6266,5415,4411,4750,6671,5920,4310,46377
'750810,"Cloth, grill, netting and fencing, of nickel wire",0,0,0,0,0,0,0,0,0,0,0,0,,,,,,,,,,,,,,,1,2,0,6,589,46,7,60,81,119,3,52
'760110,"Aluminium, not alloyed, unwrought",0,1,0,0,0,0,0,0,0,0,0,0,,,,,,,,,,,,,,,21801,31993,46111,75019,22829,29823,24464,64109,26984,19748,23649,42292
'620412,"Women's or girls' suits of cotton (excl. knitted or crocheted, ski overalls and swimwear)",0,0,0,0,0,0,0,0,0,0,0,0,,,,,,,,,,,,,,,8,5,5,3,72,48,1,11,9,14,25,3
'620413,"Women's or girls' suits of synthetic fibres (excl. knitted or crocheted, ski overalls and swimwear)",0,0,0,0,0,0,0,0,0,0,0,0,,,,,,,,,,,,,,,22,30,7,5,1,5,59,154,126,228,166,96
'640510,"Footwear with uppers of leather or composition leather (excl. with outer soles of rubber, plastics, ...",0,0,0,0,0,20,0,0,37,39,0,0,,,,,,,,,,,,,,,0,0,0,0,0,20,0,0,37,39,0,0
'760691,"Plates, sheets and strip, of non-alloy aluminium, of a thickness of > 0,2 mm (other than square ...",0,0,0,0,0,0,0,0,0,2,0,0,,,,,,,,,,,,,,,365,915,325,217,676,195,270,503,334,245,495,151
'840212,Watertube boilers with a steam production <= 45 t/hour (excl. central heating hot water boilers ...,0,0,0,0,0,0,0,0,0,0,0,0,,,,,,,,,,,,,,,65,6,0,22,10,11,8,17,0,4,956,939
'840290,"Parts of vapour generating boilers and superheated water boilers, n.e.s.",0,0,0,0,0,0,0,0,0,0,0,0,,,,,,,,,,,,,,,5491,1963,5131,2133,4027,921,1360,1764,7995,8172,1602,2570
'840590,Parts of producer gas or water gas generators and acetylene gas generators or similar water ...,0,0,0,0,0,0,0,0,0,0,0,0,,,,,,,,,,,,,,,325,472,399,827,171,373,1011,716,56,289,311,176
'840721,Spark-ignition outboard motors for marine propulsion,0,0,0,0,0,0,0,0,0,0,0,0,,,,,,,,,,,,,,,1358,714,1640,1296,1529,1375,1239,1142,1820,1010,1531,1372
'840734,"Spark-ignition reciprocating piston engine, of a kind used for vehicles of chapter 87, of a ...",0,0,0,0,0,5,0,0,0,0,0,0,,,,,,,,,,,,,,,17261,19098,21963,15222,14375,21501,15236,9242,10730,13092,17517,12630
'840790,Spark-ignition reciprocating or rotary internal combustion piston engine (excl. those for aircraft ...,0,0,0,0,0,0,0,0,0,0,0,0,,,,,,,,,,,,,,,950,1260,2053,1919,2541,1686,1772,1904,2407,3066,1074,1560
'840910,"Parts suitable for use solely or principally with internal combustion piston engine for aircraft, ...",0,0,0,0,0,0,0,0,0,0,0,0,,,,,,,,,,,,,,,176,137,104,70,966,36,66,93,229,112,211,143
'841090,Parts of hydraulic turbines and water wheels incl. regulators,0,0,0,0,0,0,0,0,0,0,25,0,,,,,,,,,,,,,,,223,261,65,155,1,981,7,886,102,275,236,20
'841229,"Hydraulic power engines and motors (excl. hydraulic turbines and water wheels of heading 8410, ...",0,0,0,0,0,0,0,0,0,0,0,0,,,,,,,,,,,,,,,19857,19665,19869,22274,22887,22202,35864,19976,20141,24153,26103,24763
'841510,"Air conditioning machines designed to be fixed to a window, wall, ceiling or floor, self-contained ...",0,0,0,0,0,0,0,0,0,0,0,0,,,,,,,,,,,,,,,17403,18778,10543,16404,5154,18132,7026,6047,5468,12654,4519,7374
'841582,Air conditioning machines incorporating a refrigerating unit but without a valve for reversal ...,0,0,0,0,0,0,0,0,0,0,0,0,,,,,,,,,,,,,,,6811,6591,9210,4888,5850,7398,5340,6969,5989,12888,10401,1456
'841620,"Furnace burners for pulverised solid fuel or gas, incl. combination burners",0,0,0,0,0,0,0,0,0,0,0,0,,,,,,,,,,,,,,,2180,1221,2268,4177,1393,1612,3320,3097,1691,2445,1770,1580
'841630,"Mechanical stokers, incl. their mechanical grates, mechanical ash dischargers and similar appliances ...",0,0,0,0,0,0,0,0,0,0,0,0,,,,,,,,,,,,,,,0,21,0,0,35,0,0,0,11,361,0,9
'841840,"Freezers of the upright type, of a capacity <= 900 l",9,0,15,0,0,0,0,1,12,7,0,0,,,,,,,,,,,,,,,1708,1436,1871,1013,453,1295,895,1032,1116,1231,1292,1148
'841950,Heat-exchange units (excl. those used with boilers),0,0,3,0,0,15,0,0,0,0,188,0,,,,,,,,,,,,,,,26682,31936,27870,27736,23469,24365,27153,27647,43100,30918,26452,21417
'842099,"Parts for calendering or rolling machines, n.e.s. (other than for metals or glass and excl. ...",0,0,0,0,0,0,0,0,0,0,0,0,,,,,,,,,,,,,,,711,564,680,1745,512,959,1032,1329,1842,1372,546,1410
'842112,Centrifugal clothes-dryers,0,0,0,0,0,0,0,0,0,0,0,0,,,,,,,,,,,,,,,2,29,15,6,34,8,7,53,17,21,42,4
'780110,"Unwrought lead, refined",0,0,0,0,0,0,0,0,0,0,0,0,,,,,,,,,,,,,,,16693,17243,10949,9049,16480,10142,10306,12154,16976,14208,9262,6563
'810991,"Articles of zirconium, containing < 1 part hafnium to 500 parts zirconium by weight, n.e.s.",0,0,0,0,0,0,0,0,0,0,0,0,,,,,,,,,,,,,,,0,0,0,0,0,0,3,2,0,2,0,0
'811100,"Manganese and articles thereof, n.e.s.; manganese waste and scrap (excl. ash and residues containing ...",0,0,0,0,0,0,0,0,0,0,0,0,,,,,,,,,,,,,,,9005,6334,13607,5900,13829,9788,9100,7060,7946,7814,14959,17265
'811222,Chromium waste and scrap (excl. ash and residues containing chromium and chromium alloys containing ...,0,0,0,0,0,0,0,0,0,0,0,0,,,,,,,,,,,,,,,0,0,0,0,0,0,0,0,0,0,0,0
'811229,"Articles of chromium, n.e.s.",0,0,0,0,0,0,0,0,0,0,0,0,,,,,,,,,,,,,,,305,135,113,75,237,662,197,515,712,59,166,427
'820600,"Sets of two or more tools of heading 8202 to 8205, put up in sets for retail sale",0,0,0,0,0,0,0,0,0,0,17,0,,,,,,,,,,,,,,,862,685,737,882,699,624,737,712,1130,914,446,620
'820713,"Rock-drilling or earth-boring tools, interchangeable, with working parts of sintered metal ...",0,0,0,0,0,0,0,0,0,0,0,0,,,,,,,,,,,,,,,536,720,919,549,383,623,683,1105,633,703,1113,829
'821000,"Hand-operated mechanical devices, of base metal, weighing <= 10 kg, used in the preparation, ...",0,0,0,0,0,0,0,0,0,0,0,0,,,,,,,,,,,,,,,231,209,209,306,166,336,93,242,166,119,141,195
'821410,"Paperknives, letter openers, erasing knives, pencil sharpeners and blades therefor, of base ...",0,0,0,0,0,0,0,0,0,0,0,0,,,,,,,,,,,,,,,270,262,230,289,220,185,190,269,319,273,215,175
'830510,"Fittings for loose-leaf binders or files, of base metal (excl. drawing pins and clasps for ...",0,0,0,0,0,0,0,0,0,0,0,0,,,,,,,,,,,,,,,26,12,37,53,31,5,20,40,15,46,44,18
'830590,"Office articles such as letter clips, letter corners, paper clips and indexing tags, of base ...",0,0,0,0,0,0,0,0,0,0,0,0,,,,,,,,,,,,,,,273,308,411,457,315,257,430,228,569,277,312,118
'842131,Intake air filters for internal combustion engines,0,0,0,0,0,0,0,0,0,0,0,0,,,,,,,,,,,,,,,4386,3698,4858,3311,3860,3914,4491,3853,3475,3700,3502,4509
'842220,Machinery for cleaning or drying bottles or other containers (excl. dishwashing machines),0,0,0,0,0,0,0,0,0,0,0,0,,,,,,,,,,,,,,,1422,411,2509,1570,781,1217,1182,1417,1336,1280,2226,1064
'843039,"Coal or rock cutters and tunnelling machinery, not self-propelled (excl. hand-operated tools ...",0,0,0,0,0,0,0,0,0,0,0,0,,,,,,,,,,,,,,,1729,468,245,194,236,235,638,166,564,637,760,367
'843221,"Disc harrows for use in agriculture, horticulture or forestry",0,0,0,0,0,0,0,0,0,0,0,0,,,,,,,,,,,,,,,2,0,0,0,12,0,0,0,0,0,0,0
'843290,"Parts of agricultural, horticultural or forestry machinery for soil preparation or cultivation ...",1,0,0,3,1,0,0,0,2,0,0,0,,,,,,,,,,,,,,,1524,1367,1317,1148,1054,1253,1086,1073,1266,1147,1814,1310
'843410,Milking machines,0,0,0,0,0,0,0,0,0,0,0,0,,,,,,,,,,,,,,,9,121,181,243,46,0,116,193,1,1,29,1
'843420,"Dairy machinery (excl. refrigerating or heat treatment equipment, cream separators, clarifying ...",0,0,0,0,0,0,0,0,0,0,0,0,,,,,,,,,,,,,,,3325,3421,564,807,749,1419,1147,2270,1121,2075,365,3243
'843621,Poultry incubators and brooders,0,0,0,0,0,0,0,0,0,0,0,0,,,,,,,,,,,,,,,60,1571,92,23,92,1715,135,3348,3306,523,224,1027
'844090,"Parts of bookbinding machinery, n.e.s.",0,0,0,0,0,0,0,0,0,0,0,0,,,,,,,,,,,,,,,663,334,48,323,419,92,235,138,53,459,112,288
'844180,"Machinery for making up paper pulp, paper or paperboard, n.e.s.",0,0,0,0,0,141,0,0,0,0,0,0,,,,,,,,,,,,,,,8860,4810,11729,9232,7034,4534,8527,6625,13561,4929,10769,3095
'844230,"Machinery, apparatus and equipment for preparing or making printing plates, cylinders or other ...",0,0,0,0,0,0,0,0,0,0,0,0,,,,,,,,,,,,,,,1764,1408,2126,3244,3150,1466,1486,1642,2503,1600,1281,1654
'844315,Letterpress printing machinery (excl. flexographic printing and reel fed machinery),0,0,0,0,0,0,0,0,0,0,0,0,,,,,,,,,,,,,,,189,113,270,46,277,103,393,82,349,28,732,0
'844319,"Printing machinery used for printing by means of plates, cylinders and other printing components ...",7,0,0,86,0,0,0,0,0,0,0,0,,,,,,,,,,,,,,,8589,6182,10949,6108,5721,15610,8442,8613,11063,5138,10811,10694
'842389,Weighing machinery of a maximum weighing capacity > 5.000 kg,0,0,0,0,0,0,0,0,1,0,0,0,,,,,,,,,,,,,,,2342,727,599,868,461,629,181,605,1497,697,754,314
'842519,"Pulley tackle and hoists (other than skip hoists or hoists of a kind used for raising vehicles), ...",0,0,0,0,0,0,0,0,0,0,0,0,,,,,,,,,,,,,,,930,1079,934,1310,1465,684,1611,785,1818,948,1427,1038
'844511,Carding machines for preparing textile fibres,0,0,0,0,0,0,0,0,0,0,0,0,,,,,,,,,,,,,,,224,814,797,1359,1571,935,675,1565,1204,252,312,180
'844540,"Textile winding, incl. weft-winding, or reeling machines",0,0,0,83,0,25,254,19,163,0,0,0,,,,,,,,,,,,,,,5812,3665,15059,11267,9899,6326,5554,9408,9910,6384,6934,12687
'844629,"Hand looms for weaving fabrics of a width > 30 cm, shuttle type",0,0,0,0,0,0,0,0,0,0,0,0,,,,,,,,,,,,,,,8,17,159,56,989,9,83,116,73,7,96,1
'844720,Flat knitting machines; stitch-bonding machines,0,0,0,0,169,61,0,30,34,0,0,0,,,,,,,,,,,,,,,5783,13474,9986,10804,8880,8128,4034,3761,4342,3000,5984,4659
'845630,"Machine tools for working any material by removal of material, operated by electro-discharge ...",0,48,0,0,0,53,0,0,0,0,0,0,,,,,,,,,,,,,,,4760,1933,4295,3394,2788,3178,3877,3030,3895,4608,5046,5039
'845640,"Machine tools for working any material by removal of material, operated by plasma arc processes",0,0,0,0,0,0,0,0,0,0,0,0,,,,,,,,,,,,,,,1805,407,759,580,544,636,1285,510,2043,1021,1399,583
'845811,"Horizontal lathes, incl. turning centres, for removing metal, numerically controlled",0,0,0,0,0,0,0,0,0,0,0,0,,,,,,,,,,,,,,,13309,13024,13984,10530,12096,12925,17638,12348,23950,12753,16199,13126
'845939,"Boring-milling machines for metals, not numerically controlled (excl. way-type unit head machines)",0,0,0,0,0,0,0,0,0,0,0,0,,,,,,,,,,,,,,,676,671,882,282,1217,1145,2925,5482,3423,3160,2532,798
'845959,"Milling machines for metals, knee-type, not numerically controlled",0,0,0,0,0,0,0,0,0,0,0,0,,,,,,,,,,,,,,,842,710,555,1345,795,986,559,933,3233,2364,884,384
'846012,"Flat-surface grinding machines for finishing metal, numerically controlled",0,0,0,0,0,0,0,0,0,0,0,0,,,,,,,,,,,,,,,649,1059,777,437,716,1765,701,34,744,219,850,1092
'846190,"Planing machines and other machine tools for working metals, metal carbides or cermets by removing ...",0,0,0,0,0,0,0,0,75,0,1,0,,,,,,,,,,,,,,,4637,565,731,3473,759,3848,1660,2917,877,2499,1138,578
'846224,Numerically controlled panel benders,0,0,0,0,0,0,0,0,0,0,0,0,,,,,,,,,,,,,,,778,141,2115,579,949,2911,0,3108,4448,1474,0,833
'845129,"Drying machines for textile yarns, fabrics or made-up textile articles (excl. machines of a ...",0,0,0,0,0,0,0,0,0,0,0,0,,,,,,,,,,,,,,,248,692,4295,1597,3269,2964,1265,2527,1045,2226,836,309
'845140,"Machines for washing, bleaching or dyeing textile yarns, fabrics or made-up textile articles ...",0,0,0,0,0,0,0,0,0,0,0,0,,,,,,,,,,,,,,,4786,5745,9623,10236,6095,7057,7428,3266,5331,4994,6946,6668
'845150,"Machines for reeling, unreeling, folding, cutting or pinking textile fabrics",1,0,26,24,0,1,1,1,24,1,0,0,,,,,,,,,,,,,,,4154,3978,5556,8244,4526,5235,3024,3663,2867,3184,3969,2784
'842691,Cranes designed for mounting on road vehicles,0,0,0,0,0,0,0,0,0,0,0,0,,,,,,,,,,,,,,,2792,1183,824,362,457,526,479,2368,429,167,251,399
'842790,"Works trucks fitted with lifting or handling equipment, not self-propelled",0,0,0,0,0,0,0,1,0,0,0,0,,,,,,,,,,,,,,,4688,7314,6357,5980,5389,5748,7684,5313,9640,8162,6606,6416
'010611,Live primates,0,0,0,0,0,0,0,0,0,0,0,0,,,,,,,,,,,,,,,4,63,2,51,5,38,14,20,36,48,3,2
'020450,"Fresh, chilled or frozen meat of goats",0,0,0,0,0,0,0,0,0,0,0,0,,,,,,,,,,,,,,,0,0,0,0,0,0,0,0,0,0,0,0
'021019,"Meat of swine, salted, in brine, dried or smoked (excl. hams, shoulders and cuts thereof, with ...",0,0,0,0,0,0,0,0,0,0,0,0,,,,,,,,,,,,,,,0,0,0,0,7,0,24,0,0,0,0,0
'030219,"Fresh or chilled salmonidae (excl. trout ""Salmo trutta, Oncorhynchus mykiss, Oncorhynchus clarki, ...",0,0,0,0,0,0,0,0,0,0,0,0,,,,,,,,,,,,,,,0,0,0,0,0,0,0,0,0,0,0,0
'030235,"Fresh or chilled Atlantic and Pacific bluefin tuna (Thunnus thynnus, Thunnus orientalis)",0,0,0,0,0,0,0,0,0,0,0,0,,,,,,,,,,,,,,,0,0,0,0,0,0,0,0,0,0,0,1
'030273,"Fresh or chilled carp ""Cyprinus spp., Carassius spp., Ctenopharyngodon idellus, Hypophthalmichthys ...",0,0,0,0,0,0,0,0,0,0,0,0,,,,,,,,,,,,,,,2798,1780,1656,1591,1709,1821,2624,2563,1915,1703,1300,1161
'030279,"Fresh or chilled, Nile perch ""Lates niloticus"" and snakeheads ""Channa spp.""",0,0,0,0,0,0,0,0,0,0,0,0,,,,,,,,,,,,,,,596,485,546,523,558,620,801,984,883,682,598,470
'030281,Fresh or chilled dogfish and other sharks,0,0,0,0,0,0,0,0,0,0,0,0,,,,,,,,,,,,,,,0,0,0,0,0,0,0,0,0,0,0,0
'030333,"Frozen sole ""Solea spp.""",0,0,0,0,0,0,0,0,0,0,0,0,,,,,,,,,,,,,,,0,0,0,0,1,0,0,1,0,0,1,0
'030354,"Frozen mackerel ""Scomber scombrus, Scomber australasicus, Scomber japonicus""",0,0,0,0,0,0,0,0,0,0,0,0,,,,,,,,,,,,,,,43,0,0,0,0,0,0,0,0,0,0,0
'030355,"Frozen jack and horse mackerel ""Trachurus spp.""",0,0,0,0,0,0,0,0,0,0,0,0,,,,,,,,,,,,,,,33,0,0,0,0,0,12,0,0,0,0,0
'030383,"Frozen toothfish ""Dissostichus spp.""",0,0,0,0,0,0,0,0,0,0,0,0,,,,,,,,,,,,,,,0,0,0,40,0,732,0,0,328,128,0,118
'030454,"Fresh or chilled meat, whether or not minced, of swordfish ""Xiphias gladius"" (excl. fillets)",0,0,0,0,0,0,0,0,0,0,0,0,,,,,,,,,,,,,,,0,0,0,0,0,0,0,0,0,0,0,0
'030489,"Frozen fish fillets, n.e.s.",0,0,0,0,0,0,0,0,0,0,0,0,,,,,,,,,,,,,,,97,0,0,0,0,5,142,205,19,0,6,4
'030491,"Frozen meat, whether or not minced, of swordfish ""Xiphias gladius"" (excl. fillets)",0,0,0,0,0,0,0,0,0,0,0,0,,,,,,,,,,,,,,,0,0,0,0,0,0,0,0,0,0,0,0
'030554,"Dried herrings ""Clupea harengus, Clupea pallasii"", anchovies ""Engraulis spp."", sardines ""Sardina ...",0,0,0,0,0,0,0,0,0,0,0,0,,,,,,,,,,,,,,,0,0,0,0,0,0,0,0,0,0,0,0
'030614,"Frozen crabs, even smoked, whether in shell or not, incl. crabs in shell, cooked by steaming ...",0,0,0,0,0,0,0,0,0,0,0,0,,,,,,,,,,,,,,,4,0,0,26,0,2,47,0,98,588,99,0
'030617,"Frozen shrimps and prawns, even smoked, whether in shell or not, incl. shrimps and prawns in ...",121,0,115,0,0,0,0,124,0,0,0,0,,,,,,,,,,,,,,,2990,817,2384,1023,1943,803,1548,681,1422,1395,1138,2250
'030633,"Crabs, whether in shell or not, live, fresh or chilled",0,0,0,0,0,0,0,0,0,0,0,0,,,,,,,,,,,,,,,0,0,0,0,0,0,0,0,0,0,0,0
'030729,"Scallops and other molluscs of the family Pectinidae, smoked, dried, salted or in brine, even ...",0,0,0,0,0,0,0,0,0,0,0,0,,,,,,,,,,,,,,,0,0,0,0,0,0,0,0,0,0,0,0
'030739,"Mussels ""Mytilus spp., Perna spp."", smoked, dried, salted or in brine, even in shell",0,0,0,0,0,0,0,0,0,0,0,0,,,,,,,,,,,,,,,57,0,0,0,0,0,0,0,0,0,0,0
'030743,"Cuttle fish and squid, frozen, with or without shell",0,0,0,0,0,0,0,0,0,0,0,0,,,,,,,,,,,,,,,442,385,130,365,643,430,321,1423,2356,539,2009,2668
'030792,"Molluscs, even in shell, frozen (excl. oysters, scallops of the genera Pecten, Chlamys or Placopecten, ...",0,0,0,0,0,0,0,0,0,0,0,0,,,,,,,,,,,,,,,0,0,0,0,0,0,0,0,0,0,0,0
'040120,"Milk and cream of a fat content by weight of > 1% but <= 6%, not concentrated nor containing ...",0,0,0,0,0,0,0,0,0,0,0,0,,,,,,,,,,,,,,,0,0,0,0,0,0,0,8,0,0,0,0
'040150,"Milk and cream of a fat content by weight of > 10%, not concentrated nor containing added sugar ...",0,0,0,0,0,0,0,0,0,0,0,0,,,,,,,,,,,,,,,225,278,780,423,80,1324,230,916,400,14,186,287
'040210,"Milk and cream in solid forms, of a fat content by weight of <= 1,5%",0,0,0,0,0,0,0,0,0,0,0,0,,,,,,,,,,,,,,,0,501,142,214,0,495,427,479,280,566,136,136
'040690,"Cheese (excl. fresh cheese, incl. whey cheese, curd, processed cheese, blue-veined cheese and ...",0,0,0,0,0,0,0,0,0,0,0,0,,,,,,,,,,,,,,,759,1388,2186,1747,1671,1608,1174,1575,1203,791,276,930
'040819,"Egg yolks, fresh, cooked by steaming or boiling in water, moulded, frozen or otherwise preserved, ...",0,0,0,0,0,0,0,0,0,0,0,0,,,,,,,,,,,,,,,0,0,0,97,0,0,0,0,0,0,0,0
'041090,"Turtles' eggs, birds' nests and other edible products of animal origin, n.e.s.",0,0,0,0,0,0,0,0,0,0,0,0,,,,,,,,,,,,,,,52,0,0,0,0,0,0,0,0,0,0,0
'051000,"Ambergris, castoreum, civet and musk; cantharides; bile, whether or not dried; glands and other ...",0,0,0,0,0,0,0,0,0,0,0,0,,,,,,,,,,,,,,,526,1537,0,104,752,830,861,928,377,289,220,1285
'051110,Bovine semen,0,0,0,0,0,0,0,0,0,0,0,0,,,,,,,,,,,,,,,314,0,120,47,537,260,206,742,74,78,288,79
'051199,"Products of animal origin, n.e.s., dead animals, unfit for human consumption (excl. fish, crustaceans, ...",0,0,0,0,0,0,0,0,0,0,0,0,,,,,,,,,,,,,,,0,3,149,17,0,234,0,0,212,7,130,0
'060230,"Rhododendrons and azaleas, grafted or not",0,0,0,0,0,0,0,0,0,0,0,0,,,,,,,,,,,,,,,0,0,0,0,0,0,0,0,0,0,0,0
'070390,"Leeks and other alliaceous vegetables, fresh or chilled (excl. onions, shallots and garlic)",0,0,0,0,0,0,0,0,0,0,0,0,,,,,,,,,,,,,,,0,0,0,0,0,0,0,0,0,0,0,0
'070970,"Fresh or chilled spinach, New Zealand spinach and orache spinach",0,0,0,0,0,0,0,0,0,0,0,0,,,,,,,,,,,,,,,0,0,0,0,0,0,0,0,0,0,0,0
'071220,"Dried onions, whole, cut, sliced, broken or in powder, but not further prepared",0,0,0,0,0,0,0,0,0,56,0,0,,,,,,,,,,,,,,,277,180,78,142,183,267,120,117,167,258,198,0
'071231,"Dried mushrooms of the genus ""Agaricus"", whole, cut, sliced, broken or in powder, but not further ...",0,0,0,0,0,0,0,0,0,0,0,0,,,,,,,,,,,,,,,0,0,0,0,0,0,0,0,0,0,0,0
'071232,"Dried wood ears ""Auricularia spp."", whole, cut, sliced, broken or in powder, but not further ...",0,0,0,0,0,0,0,0,0,0,0,0,,,,,,,,,,,,,,,0,0,0,0,0,0,0,2,0,0,0,0
'071310,"Dried, shelled peas ""Pisum sativum"", whether or not skinned or split",0,0,0,0,0,0,0,0,0,0,0,0,,,,,,,,,,,,,,,28404,3947,42601,7438,16792,74476,69264,53276,34809,18143,17134,50353
'071430,"Yams ""Dioscorea spp."", fresh, chilled, frozen or dried, whether or not sliced or in the form ...",0,0,0,0,0,0,0,0,0,0,0,0,,,,,,,,,,,,,,,1,0,2,6,2,1,3,7,3,8,3,5
'071440,"Taro ""Colocasia spp."", fresh, chilled, frozen or dried, whether or not sliced or in the form ...",0,0,0,0,0,0,0,0,0,0,0,0,,,,,,,,,,,,,,,0,0,0,0,0,0,5,0,0,0,0,0
'071450,"Yautia ""Xanthosoma spp."", fresh, chilled, frozen or dried, whether or not sliced or in the ...",0,0,0,0,0,0,0,0,0,0,0,0,,,,,,,,,,,,,,,0,0,0,0,0,0,0,0,0,0,0,0
'090421,"Fruits of the genus Capsicum or of the genus Pimenta, dried, neither crushed nor ground",0,0,0,0,0,0,0,0,0,0,0,0,,,,,,,,,,,,,,,215,243,319,183,296,128,613,703,395,516,1040,703
'090921,"Coriander seeds, neither crushed nor ground",0,0,0,0,0,0,0,0,0,0,0,0,,,,,,,,,,,,,,,704,456,559,78,1633,563,913,1600,2523,1025,2294,1815
'090922,"Coriander seeds, crushed or ground",0,0,0,0,0,0,0,0,0,0,0,0,,,,,,,,,,,,,,,120,34,97,1,0,29,111,0,13,175,55,28
'091020,Saffron,0,0,0,0,9,0,0,0,0,0,0,0,,,,,,,,,,,,,,,4718,3730,4803,2123,1571,1323,5566,5909,6533,4303,5372,6712
'100310,Barley seed for sowing,0,0,0,0,0,0,0,0,0,0,0,0,,,,,,,,,,,,,,,0,0,0,0,0,0,0,0,0,0,0,0
'100810,Buckwheat,0,0,0,0,0,0,0,0,0,0,0,0,,,,,,,,,,,,,,,104,44,52,0,96,81,45,0,45,196,172,27
'110313,"Groats and meal of maize ""corn""",0,0,0,0,0,0,0,0,0,0,0,0,,,,,,,,,,,,,,,0,0,0,0,1,0,0,0,0,0,20,0
'110419,Rolled or flaked grains of cereals (excl. oats),0,0,0,0,0,0,0,0,0,0,0,0,,,,,,,,,,,,,,,0,0,0,0,0,0,0,0,0,0,0,0
'110423,"Hulled, pearled, sliced, kibbled or otherwise worked maize grains (excl. rolled, flaked, pellets ...",0,0,0,0,0,0,0,0,0,0,0,0,,,,,,,,,,,,,,,0,0,0,29,0,0,0,0,0,0,0,0
'110720,Roasted malt,0,0,0,0,0,0,0,0,0,0,0,0,,,,,,,,,,,,,,,28,70,6,65,36,36,97,26,140,11,14,70
'120600,"Sunflower seeds, whether or not broken",0,0,0,0,0,0,0,0,0,0,0,0,,,,,,,,,,,,,,,996,1269,959,627,686,546,484,307,407,236,436,163
'120770,Melon seeds,0,0,0,0,0,0,0,0,0,0,0,0,,,,,,,,,,,,,,,713,232,2037,1391,146,1,179,1139,520,343,58,0
'120890,Flours and meal of oil seeds or oleaginous fruit (excl. soya and mustard),0,0,0,0,0,0,0,0,0,0,0,0,,,,,,,,,,,,,,,0,0,0,0,0,0,0,0,0,0,0,0
'120922,"Clover ""Trifolium spp"" seed, for sowing",0,0,0,0,0,0,0,0,0,0,0,0,,,,,,,,,,,,,,,0,0,9,1562,6691,1840,1237,290,124,488,384,0
'120923,Fescue seed for sowing,0,0,0,0,0,0,0,0,0,0,0,0,,,,,,,,,,,,,,,4,0,0,0,3,0,9,0,0,0,0,0
'121150,"Ephedra plants and parts thereof, incl. seeds and fruits, fresh, chilled, frozen or dried, ...",0,0,0,0,0,0,0,0,0,0,0,0,,,,,,,,,,,,,,,0,0,0,0,0,0,0,0,0,0,0,0
'121293,"Sugar cane, fresh, chilled, frozen or dried, whether or not ground",0,0,0,0,0,0,0,0,0,0,0,0,,,,,,,,,,,,,,,0,0,0,0,0,0,0,0,0,0,0,0
'121410,Alfalfa meal and pellets,0,0,0,0,0,0,0,0,0,0,0,0,,,,,,,,,,,,,,,0,0,0,0,0,0,0,0,0,0,0,0
'140120,Rattans,0,0,0,0,0,0,0,0,0,0,0,0,,,,,,,,,,,,,,,57,49,117,42,88,154,91,132,64,84,11,63
'140420,Cotton linters,0,0,0,0,0,0,0,0,0,0,0,0,,,,,,,,,,,,,,,0,0,0,0,0,0,0,0,0,0,0,0
'150410,"Fish-liver oils and their fractions, whether or not refined (excl. chemically modified)",0,0,0,0,0,0,0,0,0,0,0,0,,,,,,,,,,,,,,,76,0,75,0,177,0,45,57,315,39,409,0
'150790,"Soya-bean oil and its fractions, whether or not refined (excl. chemically modified and crude)",0,0,0,0,0,0,0,0,0,0,0,0,,,,,,,,,,,,,,,113373,90709,87274,67875,66522,50521,68293,60519,74838,70264,81997,77625
'151010,"Crude olive pomace oil ""EU cat. 6"", obtained solely from olives, untreated",0,0,0,0,0,0,0,0,0,0,0,0,,,,,,,,,,,,,,,102,0,0,0,0,0,0,172,342,0,0,0
'151219,"Sunflower-seed or safflower oil and their fractions, whether or not refined, but not chemically ...",0,0,0,0,0,0,0,0,0,0,0,0,,,,,,,,,,,,,,,6128,5179,4245,6250,5166,4016,4646,5402,8895,3921,4430,4250
'151800,"Animal or vegetable fats and oils and their fractions, boiled, oxidised, dehydrated, sulphurised, ...",0,0,0,0,3,0,0,0,0,0,0,0,,,,,,,,,,,,,,,655,294,672,222,11915,28,429,23080,598,15705,247,31527
'160554,"Cuttlefish and squid, prepared or preserved (excl. smoked)",0,0,0,0,0,0,0,0,0,0,0,0,,,,,,,,,,,,,,,0,0,1,0,0,0,0,6,0,7,0,0
'160555,"Octopus, prepared or preserved (excl. smoked)",0,0,0,0,0,0,0,0,0,0,0,0,,,,,,,,,,,,,,,7,0,0,0,0,9,0,0,0,0,12,0
'170240,"Glucose in solid form and glucose syrup, not containing added flavouring or colouring matter, ...",0,0,0,0,0,0,0,0,0,0,0,0,,,,,,,,,,,,,,,2,43,0,0,1,0,0,3,1,0,0,6
'180200,"Cocoa shells, husks, skins and other cocoa waste",0,0,0,0,0,0,0,0,0,0,0,0,,,,,,,,,,,,,,,59,35,160,103,14,48,48,13,133,12,0,5
'180320,"Cocoa paste, wholly or partly defatted",0,0,0,0,0,0,0,0,0,0,0,0,,,,,,,,,,,,,,,0,0,35,30,18,24,95,0,0,0,0,22
'040590,"Fats and oils derived from milk, and dehydrated butter and ghee (excl. natural butter, recombined ...",0,0,0,0,0,0,0,0,0,0,0,0,,,,,,,,,,,,,,,286,236,42,27,0,27,306,38,43,611,20,27
'080242,"Fresh or dried chestnuts ""Castanea spp."", shelled",0,0,0,0,0,0,0,0,0,0,0,0,,,,,,,,,,,,,,,0,0,0,0,0,0,0,0,0,0,0,0
'080270,"Fresh or dried kola nuts ""Cola spp."", whether or not shelled or peeled",0,0,0,0,0,0,0,0,0,0,0,0,,,,,,,,,,,,,,,0,0,0,0,0,0,101,0,222,0,0,0
'080529,Fresh or dried wilkings and similar citrus hybrids,0,0,0,0,0,0,0,0,0,0,0,0,,,,,,,,,,,,,,,0,0,0,0,0,0,0,0,0,0,0,0
'080711,Fresh watermelons,0,0,0,0,0,0,0,0,0,0,0,0,,,,,,,,,,,,,,,0,0,0,0,0,0,0,0,0,0,0,0
'081020,"Fresh raspberries, blackberries, mulberries and loganberries",0,0,0,0,0,0,0,0,0,0,0,0,,,,,,,,,,,,,,,0,0,0,0,0,0,2,7,4,0,0,0
'200490,"Vegetables and mixtures of vegetables, prepared or preserved otherwise than by vinegar or acetic ...",0,0,0,0,0,0,0,0,0,0,0,0,,,,,,,,,,,,,,,14,16,51,50,48,54,107,124,156,109,42,80
'200551,"Shelled beans ""Vigna spp., Phaseolus spp."", prepared or preserved otherwise than by vinegar ...",0,0,0,0,0,0,0,0,0,0,0,0,,,,,,,,,,,,,,,0,0,0,1,1,0,25,44,51,52,0,71
'200560,"Asparagus, prepared or preserved otherwise than by vinegar or acetic acid (excl. frozen)",0,0,0,0,0,0,0,0,0,0,0,0,,,,,,,,,,,,,,,0,0,0,8,0,0,0,0,0,0,0,3
'200791,"Citrus fruit jams, jellies, marmalades, purées or pastes, obtained by cooking, whether or not ...",0,0,0,0,0,0,0,0,0,0,0,0,,,,,,,,,,,,,,,4,2,7,2,0,2,2,2,6,12,4,10
'200893,"Cranberries ""Vaccinium macrocarpon, Vaccinium oxycoccos"" and lingonberries ""Vaccinium vitis-idaea"", ...",0,0,0,0,0,0,0,0,0,0,0,0,,,,,,,,,,,,,,,1255,1051,884,563,1688,2354,1343,525,1126,301,1278,1066
'200912,"Orange juice, unfermented, Brix value <= 20 at 20°C, whether or not containing added sugar ...",0,0,0,0,0,0,0,0,0,0,0,0,,,,,,,,,,,,,,,128,123,6,6,5,5,9,10,124,48,47,74
'200969,"Grape juice, incl. grape must, unfermented, Brix value > 30 at 20°C, whether or not containing ...",4,0,0,0,0,0,5,0,0,0,0,0,,,,,,,,,,,,,,,4,194,81,43,139,8,5,132,44,54,55,265
'220422,"Wine of fresh grapes, incl. fortified wines, and grape must whose fermentation has been arrested ...",0,0,0,0,0,0,0,0,0,0,0,0,,,,,,,,,,,,,,,206,3,1,1,15,37,12,9,1,13,1,0
'220710,"Undenatured ethyl alcohol, of actual alcoholic strength of >= 80%",0,0,0,0,0,0,0,0,0,0,0,0,,,,,,,,,,,,,,,332,415,486,448,391,253,263,331,382,297,282,358
'220820,Spirits obtained by distilling grape wine or grape marc,0,0,0,0,0,0,0,0,0,0,0,0,,,,,,,,,,,,,,,832,1210,458,1092,1338,900,1393,965,1546,1072,782,767
'220840,Rum and other spirits obtained by distilling fermented sugar-cane products,0,0,0,0,0,0,0,0,0,0,0,0,,,,,,,,,,,,,,,718,599,730,609,434,480,440,277,384,526,128,107
'230230,"Bran, sharps and other residues of wheat, whether or not in the form of pellets, derived from ...",0,0,0,0,0,0,0,0,0,0,0,0,,,,,,,,,,,,,,,657,526,739,106,696,305,497,251,348,415,581,216
'230800,"Acorns, horse-chestnuts, marc and other vegetable materials and vegetable waste, vegetable ...",0,44,97,88,0,109,44,40,14,0,0,0,,,,,,,,,,,,,,,62,138,150,499,204,331,111,255,134,170,36,180
'230910,"Dog or cat food, put up for retail sale",0,0,0,0,70,0,0,0,110,50,0,0,,,,,,,,,,,,,,,11480,12351,13784,13958,12574,9058,10685,10914,12121,10780,11303,11181
'240492,"Nicotine containing products intended for the intake of nicotine into the human body, for transdermal ...",0,0,0,0,0,0,0,0,0,0,0,0,,,,,,,,,,,,,,,0,0,0,0,0,0,0,0,0,0,0,0
'250300,"Sulphur of all kinds (excl. sublimed sulphur, precipitated sulphur and colloidal sulphur)",0,0,0,0,0,0,0,0,0,0,0,0,,,,,,,,,,,,,,,59001,27843,112429,27233,41120,72870,103844,43789,87372,125278,37577,51861
'250490,Natural graphite (excl. in powder or in flakes),0,0,0,0,0,0,0,0,0,0,0,0,,,,,,,,,,,,,,,11,138,363,0,101,0,234,280,2,55,2,303
'250830,Fireclay (excl. kaolin and other kaolinic clays and expanded clay),0,0,0,0,0,0,0,0,0,0,0,0,,,,,,,,,,,,,,,123,140,100,50,238,107,182,275,587,210,310,412
'250840,"Clays (excl. fireclay, bentonite, kaolin and other kaolinic clays and expanded clay)",0,0,0,0,0,0,0,0,0,0,0,0,,,,,,,,,,,,,,,1392,1760,2093,2188,1534,1699,1613,1533,1752,853,789,1572
'251320,"Emery; natural corundum, natural garnet and other natural abrasives, whether or not heat-treated",0,0,0,0,0,0,0,0,0,0,0,0,,,,,,,,,,,,,,,65,70,57,50,77,63,32,54,83,18,94,45
'251520,Ecaussine and other calcareous monumental or building stone of an apparent specific gravity ...,0,0,0,0,0,0,0,0,0,0,0,0,,,,,,,,,,,,,,,214,140,246,251,196,137,163,194,272,225,137,234
'251810,"Crude dolomite, not calcined or not sintered, incl. dolomite roughly trimmed or merely cut, ...",0,0,0,0,0,0,0,0,0,0,0,0,,,,,,,,,,,,,,,11882,8820,10890,9475,10963,9635,11108,12474,10474,9181,11899,12542
'251990,"Fused magnesia; dead-burned ""sintered"" magnesia, whether or not containing small quantities ...",0,0,0,0,0,0,0,0,0,0,0,0,,,,,,,,,,,,,,,12834,11604,18509,16822,23227,16164,18127,15107,16414,7302,17236,15682
'252020,"Plasters consisting of calcined gypsum or calcium sulphate, whether or not coloured, with or ...",0,0,0,0,0,0,0,0,0,0,0,0,,,,,,,,,,,,,,,4556,3962,3628,4076,6186,5402,6383,4298,3748,3807,2976,2412
'252329,"Portland cement (excl. white, whether or not artificially coloured)",0,0,0,0,0,0,0,0,0,0,0,0,,,,,,,,,,,,,,,4975,4265,4553,3955,3475,3392,3802,3793,3933,4336,4540,3613
'252330,Aluminous cement,0,0,0,0,0,0,0,0,0,0,0,0,,,,,,,,,,,,,,,230,205,254,394,139,158,161,181,84,88,202,90
'260600,Aluminium ores and concentrates,0,0,0,0,0,0,0,0,0,0,0,0,,,,,,,,,,,,,,,20753,70662,48528,65269,17083,73512,43000,43269,39569,27688,63302,61790
'260700,Lead ores and concentrates,0,0,0,0,0,0,0,0,0,0,0,0,,,,,,,,,,,,,,,739,264,522,641,105,355,472,108,1133,159,92,230
'262190,"Slag and ash, incl. seaweed ash ""kelp"" (excl. slag, incl. granulated, from the manufacture ...",0,0,0,0,0,0,0,0,0,0,0,0,,,,,,,,,,,,,,,0,0,0,0,0,0,0,0,0,0,0,0
'270119,"Coal, whether or not pulverised, non-agglomerated (excl. anthracite and bituminous coal)",0,0,0,0,0,0,0,0,0,0,0,0,,,,,,,,,,,,,,,2487046,2253537,2270817,1920477,1838869,2114287,2162021,2135642,2073612,2065405,2378430,2510168
'270120,"Briquettes, ovoids and similar solid fuels manufactured from coal",0,0,0,0,0,0,0,0,0,0,0,0,,,,,,,,,,,,,,,0,0,0,0,0,0,0,0,0,0,0,0
'270740,Naphthalene containing > 50% of naphthalene (excl. chemically defined),0,0,0,0,0,0,0,0,0,0,0,0,,,,,,,,,,,,,,,1456,776,1285,466,392,231,598,904,961,641,1162,585
'270791,Creosote oils (excl. chemically defined),0,0,0,0,0,0,0,0,0,0,0,0,,,,,,,,,,,,,,,0,0,0,0,0,0,0,0,26,0,0,0
'270810,Pitch obtained from coal tar or from other mineral tars,0,0,0,0,0,0,0,0,0,0,0,0,,,,,,,,,,,,,,,1252,319,1272,1449,522,4838,990,1406,2052,1179,563,793
'271111,"Natural gas, liquefied",0,0,0,0,0,0,0,0,0,0,0,0,,,,,,,,,,,,,,,1123845,1058663,1096322,1166815,1243921,1182566,982415,1129870,1176396,1043714,969872,1189471
'271112,"Propane, liquefied",0,0,0,0,0,0,0,0,0,0,0,0,,,,,,,,,,,,,,,548065,528771,600976,560655,556946,557897,642837,532426,545090,595175,308696,392214
'280450,Boron; tellurium,0,0,0,0,0,0,0,0,0,0,0,0,,,,,,,,,,,,,,,162,90,30,21,32,76,0,101,0,109,22,232
'280480,Arsenic,0,0,0,0,0,0,0,0,0,0,0,0,,,,,,,,,,,,,,,104,0,42,106,83,104,101,103,39,0,20,44
'280530,"Rare-earth metals, scandium and yttrium, whether or not intermixed or interalloyed",0,0,0,0,0,0,0,0,0,0,0,0,,,,,,,,,,,,,,,711,283,308,217,245,111,150,138,286,256,276,262
'280800,Nitric acid; sulphonitric acids,0,0,0,0,0,0,0,0,0,0,0,0,,,,,,,,,,,,,,,7055,1300,6727,56,3377,4049,6366,1841,1031,1877,2366,6017
'280910,Diphosphorus pentaoxide,0,0,0,0,0,0,0,0,0,0,0,0,,,,,,,,,,,,,,,1059,1150,448,879,1369,44,176,164,41,170,319,466
'281121,Carbon dioxide,0,0,53,0,26,26,28,0,28,0,0,0,,,,,,,,,,,,,,,1,22,58,3,33,33,30,14,42,6,4,3
'281211,"Carbonyl dichloride ""phosgene""",0,0,0,0,0,0,0,0,0,0,0,0,,,,,,,,,,,,,,,0,0,0,0,0,6,0,0,0,0,0,0
'281390,Sulphides of non-metals (excl. carbon disulphide); commercial phosphorus trisulphide,0,0,0,0,0,0,0,0,0,0,0,0,,,,,,,,,,,,,,,0,0,0,0,0,7,0,0,0,0,0,0
'281410,Anhydrous ammonia,0,61,0,0,0,0,0,0,0,0,0,0,,,,,,,,,,,,,,,75353,71740,81559,82509,56092,104827,132406,129067,122766,123623,47811,129893
'281530,Peroxides of sodium or potassium,0,0,0,0,0,0,0,0,0,0,0,0,,,,,,,,,,,,,,,28,3,36,41,5,17,41,17,13,20,13,0
'282490,"Lead oxides (excl. monoxide ""litharge, massicot"")",0,0,0,0,0,0,0,0,0,0,0,0,,,,,,,,,,,,,,,47,0,210,2,117,268,200,570,142,237,241,110
'282530,Vanadium oxides and hydroxides,0,0,248,239,1311,923,711,744,0,490,0,0,,,,,,,,,,,,,,,3101,3212,4111,3282,7482,2878,2007,5062,470,2728,1467,2824
'283660,Barium carbonate,0,0,0,0,0,0,0,0,0,0,0,0,,,,,,,,,,,,,,,5,8,0,1,2,0,3,0,1,0,0,0
'283711,Sodium cyanide,0,0,0,0,0,0,0,0,0,0,0,0,,,,,,,,,,,,,,,549,918,39,717,691,547,270,1354,305,409,0,242
'283990,"Silicates, incl. commercial alkali metal silicates (excl. sodium silicates)",0,2,0,31,0,0,0,0,31,0,0,0,,,,,,,,,,,,,,,811,461,985,576,666,394,448,490,558,267,321,220
'284180,"Tungstates ""wolframates""",0,0,0,0,0,0,0,0,0,0,0,0,,,,,,,,,,,,,,,72,0,30,0,0,0,1,1,9,2,8,192
'290110,Saturated acyclic hydrocarbons,0,0,0,0,0,0,0,0,0,0,0,0,,,,,,,,,,,,,,,69809,68391,67498,63813,51107,65920,43857,51881,70520,44314,44242,47031
'290121,Ethylene,0,0,0,0,0,0,0,0,0,0,0,0,,,,,,,,,,,,,,,3671,71,3518,22,11,8125,3603,109,7381,7367,4205,11711
'290124,"Buta-1,3-diene and isoprene",0,0,0,0,0,0,0,0,0,0,0,0,,,,,,,,,,,,,,,53,23,37,61,36,0,244,0,214,180,516,570
'290220,Benzene,0,0,0,0,0,0,0,0,0,0,0,0,,,,,,,,,,,,,,,0,9,104,5182,5,1,0,1,0,2,1,5
'290242,m-Xylene,0,0,0,0,0,0,0,0,0,0,0,0,,,,,,,,,,,,,,,1,31,0,0,5,33,161,0,0,1258,118,31
'290243,p-Xylene,0,0,0,0,0,0,0,0,0,0,0,0,,,,,,,,,,,,,,,76615,51861,73580,26962,69376,51657,51413,59362,57690,69381,78861,74126
'290312,"Dichloromethane ""methylene chloride""",0,0,0,0,0,0,0,0,0,0,0,0,,,,,,,,,,,,,,,422,48,720,139,879,318,658,307,744,477,377,364
'290362,"Ethylene dibromide ""ISO"" ""1,2-dibromoethane""",0,0,0,0,0,0,0,0,0,0,0,0,,,,,,,,,,,,,,,0,0,0,0,0,0,0,0,0,0,0,0
'290374,Chlorodifluoroethanes,0,0,0,0,0,0,0,0,0,0,0,0,,,,,,,,,,,,,,,1346,1595,1050,212,1230,1007,1006,1016,1006,0,0,611
'290434,Potassium perfluorooctane sulphonate,0,0,0,0,0,0,0,0,0,0,0,0,,,,,,,,,,,,,,,0,0,0,0,0,0,0,0,0,0,0,0
'290542,Pentaerythritol,0,0,0,0,0,0,0,0,0,0,0,0,,,,,,,,,,,,,,,2194,2618,4036,3856,2557,1728,2111,684,1023,461,519,571
'290543,Mannitol,0,0,0,0,0,0,0,0,0,0,0,0,,,,,,,,,,,,,,,7334,3194,4615,6116,4415,3884,3874,4159,3865,3129,2989,2850
'290619,"Cyclanic, cyclenic or cycloterpenic alcohols and their halogenated, sulphonated, nitrated or ...",0,0,0,0,0,0,0,0,0,0,0,0,,,,,,,,,,,,,,,4934,5308,8912,7064,6488,8092,8203,7286,6039,6950,9465,7506
'290719,"Monophenols (excl. phenol ""hydroxybenzene"" and its salts, cresols and their salts, octylphenol, ...",0,0,0,0,0,0,0,0,0,0,0,0,,,,,,,,,,,,,,,7808,5859,6833,4813,5173,3818,4074,3274,4836,4026,4063,5209
'290811,"Pentachlorophenol ""ISO""",0,0,0,0,0,0,0,0,0,0,0,0,,,,,,,,,,,,,,,0,0,0,0,1,0,0,0,0,0,0,0
'290960,"Alcohol peroxides, ether peroxides, acetal and hemiacetal peroxides, ketone peroxides and their ...",43,0,0,0,44,0,0,19,0,0,0,0,,,,,,,,,,,,,,,3732,3855,3162,4051,3138,3962,3720,3280,4099,4095,3382,4267
'291211,"Methanal ""formaldehyde""",0,0,0,0,0,0,0,0,0,0,0,0,,,,,,,,,,,,,,,7,2,5,5,3,10,1,13,1,10,9,5
'291462,"Coenzyme Q10 ""ubidecarenone ""INN""""",0,0,0,0,0,0,0,0,0,0,0,0,,,,,,,,,,,,,,,1059,1186,1385,1261,1624,832,1210,1977,1245,1947,1868,1430
'291471,"Chlordecone ""ISO""",0,0,0,0,0,0,0,0,0,0,0,0,,,,,,,,,,,,,,,0,0,0,0,0,0,0,0,0,0,0,0
'291513,Esters of formic acid,0,0,0,0,0,0,0,0,0,0,0,0,,,,,,,,,,,,,,,778,244,815,537,358,268,570,340,232,722,489,1175
'291539,"Esters of acetic acid (excl. ethyl, vinyl, n-butyl and dinoseb [ISO] acetates)",0,9,0,0,0,0,0,0,0,0,0,0,,,,,,,,,,,,,,,10907,5838,6671,7958,9131,7383,5670,7250,6403,7012,7880,10717
'291615,"Oleic, linoleic or linolenic acids, their salts and esters (excl. inorganic or organic compounds ...",0,0,0,0,0,0,0,0,0,0,0,0,,,,,,,,,,,,,,,239,444,108,370,131,391,209,100,419,50,210,333
'291720,"Cyclanic, cyclenic or cycloterpenic polycarboxylic acids, their anhydrides, halides, peroxides, ...",0,0,0,0,0,0,0,0,0,0,0,0,,,,,,,,,,,,,,,4067,4228,3641,3823,4071,3638,1973,2668,4200,2767,3992,4532
'291813,Salts and esters of tartaric acid,0,0,0,0,0,0,0,0,0,0,0,0,,,,,,,,,,,,,,,246,15,1352,291,350,200,987,152,353,66,166,323
'291814,Citric acid,0,0,0,0,0,0,0,0,0,0,0,0,,,,,,,,,,,,,,,12124,6974,3640,6127,9616,7062,5294,6309,13319,8077,10161,12879
'292011,"Parathion ""ISO"" and parathion-methyl ""ISO"" ""methyl-parathion""",0,0,0,0,0,0,0,0,0,0,0,0,,,,,,,,,,,,,,,0,0,0,0,0,0,0,0,0,0,13,0
'292211,Monoethanolamine and its salts,0,0,0,0,0,0,0,0,0,0,0,0,,,,,,,,,,,,,,,3593,2716,3481,2396,3130,1753,2481,2069,2544,2243,1972,1644
'292250,"Amino-alcohol-phenols, amino-acid-phenols and other amino-compounds with oxygen function (excl. ...",0,0,6,0,0,0,0,0,0,0,0,0,,,,,,,,,,,,,,,9680,8966,8531,7271,6217,7430,7087,7095,9658,9891,5688,8959
'292412,"Fluoroacetamide ""ISO"", monocrotophos ""ISO"" and phosphamidon ""ISO""",0,0,0,0,0,0,0,0,0,0,0,0,,,,,,,,,,,,,,,0,0,0,0,0,3,0,0,0,0,0,0
'292429,"Cyclic amides, incl. cyclic carbamates, and their derivatives; salts thereof (excl. ureines ...",0,0,0,0,0,0,0,0,0,0,0,0,,,,,,,,,,,,,,,16618,18051,19590,18325,18848,19881,16922,16816,17719,12673,12302,15590
'292640,alpha-Phenylacetoacetonitrile,0,0,0,0,0,0,0,0,0,0,0,0,,,,,,,,,,,,,,,130,5,20,18,12,0,0,0,0,0,0,0
'292700,"Diazo-, azo- or azoxy-compounds",0,22,16,0,0,0,0,0,36,7,0,0,,,,,,,,,,,,,,,3676,3602,3082,4137,3342,3356,4936,5252,2581,3435,2552,5776
'293020,Thiocarbamates and dithiocarbamates (excl. inorganic or organic compounds of mercury),0,0,0,0,0,0,0,0,0,0,0,0,,,,,,,,,,,,,,,16,221,474,238,599,114,37,93,232,585,88,20
'293070,Bis(2-hydroxyethyl)sulfide (thiodiglycol (INN)),0,0,0,0,0,0,0,0,0,0,0,0,,,,,,,,,,,,,,,68,14,0,0,8,14,0,0,13,0,0,37
'282749,Chloride oxides and chloride hydroxides (excl. copper and mercury),0,0,0,0,0,0,0,0,0,0,0,0,,,,,,,,,,,,,,,313,859,938,924,1469,508,3,273,467,1051,770,870
'282810,"Calcium hypochlorites, incl. commercial calcium hypochlorite",0,0,0,0,0,0,0,0,0,0,0,0,,,,,,,,,,,,,,,2,42,0,0,1,0,0,0,0,0,0,1
'283110,Dithionite and sulfoxylate of sodium,0,0,0,0,0,0,0,0,0,0,0,0,,,,,,,,,,,,,,,0,6,24,8,14,12,6,0,63,33,41,140
'283220,Sulphites (excl. sodium),0,0,0,0,0,0,0,0,0,0,0,0,,,,,,,,,,,,,,,82,23,55,0,42,126,96,2,76,48,0,60
'283319,Sodium sulphates (excl. disodium),0,0,0,0,0,0,0,0,0,0,0,0,,,,,,,,,,,,,,,15,24,26,29,12,19,11,8,15,9,0,26
'283322,Sulphate of aluminium,0,0,0,0,0,0,0,0,0,0,0,0,,,,,,,,,,,,,,,1,9,0,34,9,11,15,18,1,4,6,121
'283340,"Peroxosulphates ""persulphates""",0,0,0,0,0,0,0,0,0,0,0,0,,,,,,,,,,,,,,,313,477,440,252,422,416,243,274,284,230,282,170
'283525,"Calcium hydrogenorthophosphate ""dicalcium phosphate""",154,155,281,469,419,523,186,783,544,156,61,0,,,,,,,,,,,,,,,999,956,1424,1144,1708,918,701,1212,978,360,249,796
'293219,"Heterocyclic compounds with oxygen hetero-atom[s] only, containing an unfused furan ring, whether ...",0,0,0,0,0,0,0,0,0,0,0,0,,,,,,,,,,,,,,,5000,6584,4163,6350,5662,2547,4980,7491,5353,4069,4625,7029
'293331,Pyridine and its salts,0,0,0,0,0,0,0,0,0,0,0,0,,,,,,,,,,,,,,,1455,1905,5924,1943,1448,1079,884,1096,1206,739,1400,1575
'293332,Piperidine and its salts,0,0,0,0,0,0,0,0,0,0,0,0,,,,,,,,,,,,,,,638,716,939,240,439,209,64,490,690,195,56,581
'293341,"Levorphanol ""INN"" and its salts",0,0,0,0,0,0,0,0,0,0,0,0,,,,,,,,,,,,,,,0,0,0,0,28,0,0,0,0,0,0,0
'293420,"Heterocyclic compounds containing in the structure a benzothiazole ring-system, whether or ...",0,0,0,0,0,0,0,0,0,0,0,0,,,,,,,,,,,,,,,3511,1636,1923,2667,2522,2031,2553,2934,3869,2756,2337,3283
'293491,"Aminorex ""INN"", brotizolam ""INN"", clotiazepam ""INN"", cloxazolam ""INN"", dextromoramide ""INN"", ...",0,0,0,0,0,0,0,0,0,0,0,0,,,,,,,,,,,,,,,0,0,0,0,0,0,0,0,0,0,0,0
'293627,"Vitamin C and its derivatives, used primarily as vitamins",0,7,0,0,0,0,0,0,0,0,0,0,,,,,,,,,,,,,,,2334,2016,2528,3431,1435,3161,4482,3271,3195,2820,2486,3253
'293790,"Hormones, natural or reproduced by synthesis; derivatives and structural analogues thereof, ...",0,0,0,0,0,0,0,0,0,0,0,0,,,,,,,,,,,,,,,5505,5205,8857,7920,7140,3379,5578,7362,3400,4706,6039,4572
'293945,"Levometamfetamine, metamfetamine ""INN"", metamfetamine racemate and their salts",0,0,0,0,0,0,0,0,0,0,0,0,,,,,,,,,,,,,,,0,0,0,0,0,0,1,0,0,0,0,0
'293972,"Cocaine, ecgonine; salts, esters and other derivatives thereof",0,0,0,0,0,0,0,0,0,0,0,0,,,,,,,,,,,,,,,0,0,0,0,1,0,0,0,0,0,0,0
'294110,Penicillins and their derivatives with a penicillanic acid structure; salts thereof,0,0,0,0,0,0,0,0,0,0,0,0,,,,,,,,,,,,,,,57674,30237,54974,54943,50052,43249,53110,52978,51236,37355,43925,34230
'300190,"Dried glands and other organs for organo-therapeutic uses, whether or not powdered; heparin ...",0,0,0,0,0,0,0,0,0,0,0,0,,,,,,,,,,,,,,,2659,5578,8175,6904,10222,5846,2302,3065,5661,1556,2400,1930
'300390,Medicaments consisting of two or more constituents mixed together for therapeutic or prophylactic ...,0,0,0,0,0,0,0,0,0,0,0,0,,,,,,,,,,,,,,,5041,7110,8391,5690,13709,4346,3542,2435,8994,3911,3688,7296
'300610,"Sterile surgical catgut, similar sterile suture materials, incl. sterile absorbable surgical ...",0,0,0,0,0,0,0,0,0,0,0,0,,,,,,,,,,,,,,,1363,1502,2115,2133,1139,1257,1602,2245,650,1344,713,2151
'310221,"Ammonium sulphate (excl. that in tablets or similar forms, or in packages with a gross weight ...",0,0,0,0,0,0,0,0,0,0,0,0,,,,,,,,,,,,,,,370,9280,16237,16210,6703,17199,13829,20959,21743,21110,7863,36258
'310290,Mineral or chemical nitrogen fertilisers (excl. urea; ammonium sulphate; ammonium nitrate; ...,0,0,0,0,0,0,0,0,0,0,0,0,,,,,,,,,,,,,,,892,403,549,568,652,620,533,876,566,703,481,819
'310540,"Ammonium dihydrogenorthophosphate ""monoammonium phosphate"", whether or not mixed with diammonium ...",0,0,0,0,123,858,0,201,299,0,0,0,,,,,,,,,,,,,,,37518,4072,18150,7982,13051,16561,29582,14588,21128,15996,1884,2746
'310560,Mineral or chemical fertilisers containing the two fertilising elements phosphorus and potassium ...,0,0,0,0,0,0,0,0,0,0,0,0,,,,,,,,,,,,,,,6778,5466,8328,8200,12949,9000,5214,5608,4394,3099,5448,8785
'320412,"Synthetic organic acid dyes, whether or not metallised, and synthetic organic mordant dyes; ...",0,0,0,0,0,0,0,0,0,0,0,0,,,,,,,,,,,,,,,1100,887,692,899,775,538,1294,524,761,1248,765,732
'320415,"Synthetic organic vat dyes, incl. those usable in that state as pigments; preparations based ...",0,0,0,0,0,0,0,0,0,0,0,0,,,,,,,,,,,,,,,6149,4163,5258,2740,4412,6079,7661,4595,5291,7639,7226,7604
'320650,"Inorganic products of a kind used as luminophores, whether or not chemically defined",0,0,0,0,0,0,0,0,0,0,0,0,,,,,,,,,,,,,,,1100,1122,1256,1351,482,767,298,248,535,596,786,1008
'321290,"Pigments, incl. metallic powders and flakes, dispersed in non-aqueous media, in liquid or paste ...",6,0,0,10,7,0,0,0,0,0,0,0,,,,,,,,,,,,,,,3206,4676,4021,4616,4258,3455,3322,3873,4386,3279,3048,4994
'321310,"Sets of artist's, student's or signboard painter's colours, modifying tints, amusement colours ...",0,0,0,0,0,0,0,0,0,0,0,0,,,,,,,,,,,,,,,138,84,58,95,62,52,78,103,69,91,102,19
'321390,"Artist's, student's or signboard painter's colours, modifying tints, amusement colours and ...",0,0,0,0,0,0,0,0,0,0,0,0,,,,,,,,,,,,,,,310,261,301,264,461,218,409,230,377,351,113,94
'330420,Eye make-up preparations,0,0,0,0,0,0,0,0,0,0,0,0,,,,,,,,,,,,,,,3310,2821,4153,2527,3068,2730,3516,3777,2420,3733,2967,2933
'330491,"Make-up or skin care powders, incl. baby powders, whether or not compressed (excl. medicaments)",0,0,0,0,0,0,0,0,0,0,0,0,,,,,,,,,,,,,,,3352,2439,3859,2023,3264,2262,2456,3031,2179,3356,2790,3324
'340242,"Non-ionic organic surface-active agents, whether or not put up for retail sale (excl. soap)",0,0,0,0,10,3,35,2,0,3,8,0,,,,,,,,,,,,,,,14097,12882,15260,13179,11282,10531,10600,9985,9336,8010,9155,10931
'360410,Fireworks,0,0,0,0,0,0,0,0,0,0,0,0,,,,,,,,,,,,,,,0,0,0,0,0,0,0,0,0,0,0,0
'360610,Liquid or liquefied-gas fuels in containers of a kind used for filling or refilling cigarette ...,0,0,0,0,0,0,0,0,0,0,0,0,,,,,,,,,,,,,,,210,38,0,144,34,230,38,84,143,68,79,67
'370110,"Photographic plates and film in the flat, sensitised, unexposed, for X-ray (excl. of paper, ...",0,0,0,0,0,0,0,0,0,0,0,0,,,,,,,,,,,,,,,9585,9841,10410,9979,8479,9687,10404,10720,9176,6176,9889,7704
'370297,"Photographic film, sensitised, in rolls, unexposed, with perforations, for monochrome photography, ...",0,0,0,0,0,0,0,0,0,0,0,0,,,,,,,,,,,,,,,0,1,0,1,1,81,111,91,235,100,232,97
'380300,"Tall oil, whether or not refined",0,0,0,0,0,0,0,0,0,0,0,0,,,,,,,,,,,,,,,82,118,208,240,106,138,93,117,29,156,101,103
'380861,"Goods of heading 3808, containing alpha-cypermethrin ""ISO"", bendiocarb ""ISO"", bifenthrin ""ISO"", ...",0,0,0,0,0,0,0,0,0,0,0,0,,,,,,,,,,,,,,,0,0,0,0,0,0,0,0,0,0,0,0
'381119,Anti-knock preparations for motor fuels (excl. those based on lead compounds),0,0,0,0,0,0,0,0,0,0,0,0,,,,,,,,,,,,,,,626,164,588,289,561,320,440,517,345,237,100,701
'381300,Preparations and charges for fire-extinguishers; charged fire-extinguishing grenades (excl. ...,0,0,0,0,0,0,0,0,0,0,0,0,,,,,,,,,,,,,,,355,508,1038,522,522,662,662,622,444,526,229,469
'382211,"Diagnostic or laboratory reagents on a backing, prepared diagnostic or laboratory reagents ...",0,0,0,0,0,0,0,0,0,0,0,0,,,,,,,,,,,,,,,0,20,0,0,99,119,0,0,117,0,0,0
'382410,Prepared binders for foundry moulds or cores,0,0,0,0,0,0,0,0,0,0,0,0,,,,,,,,,,,,,,,2282,2311,1812,3135,2652,3583,2690,2296,1585,2804,2215,3221
'382569,"Wastes from chemical or allied industries (excl. wastes of metal pickling liquors, of hydraulic ...",0,0,0,0,0,0,0,0,0,0,0,0,,,,,,,,,,,,,,,0,0,0,0,0,0,0,0,0,0,0,0
'382751,"Mixtures containing trifluoromethane ""HFC-23"" (excl. containing chlorofluorocarbons ""CFCs"" ...",0,0,0,0,0,0,0,0,0,0,0,0,,,,,,,,,,,,,,,0,0,0,0,14,0,0,0,0,9,0,0
'382763,"Mixtures containing other hydrofluorocarbons ""HFCs"" than in subheadings of 3827 till 3827.59, ...",0,0,0,0,0,0,0,0,0,0,0,0,,,,,,,,,,,,,,,101,228,687,134,510,216,608,201,0,0,311,0
'180620,"Chocolate and other food preparations containing cocoa, in blocks, slabs or bars weighing > ...",0,0,0,0,0,0,0,0,0,0,0,0,,,,,,,,,,,,,,,3753,5064,1575,3962,3581,758,2824,3844,2150,2252,2314,2622
'210390,"Preparations for sauces and prepared sauces; mixed condiments and seasonings (excl. soya sauce, ...",0,0,0,3,3,1,61,0,0,0,0,0,,,,,,,,,,,,,,,2182,3155,4051,3455,3059,2419,3085,3080,3250,2467,2822,3021
'390599,"Polymers of vinyl esters and other vinyl polymers, in primary forms (excl. those of vinyl chloride ...",0,0,0,0,24,0,0,0,0,0,0,0,,,,,,,,,,,,,,,10713,8501,10358,7502,9432,10181,8859,7630,10985,6840,8862,9615
'390610,"Poly""methyl methacrylate"", in primary forms",0,0,0,0,0,0,0,0,0,0,0,0,,,,,,,,,,,,,,,8486,6257,8294,7667,7132,7626,7647,7663,8030,8338,7050,8563
'390710,"Polyacetals, in primary forms",0,0,0,0,0,0,0,0,0,0,0,0,,,,,,,,,,,,,,,12747,11825,12461,12125,12669,11664,11889,9125,8141,10361,9753,14246
'390940,"Phenolic resins, in primary forms",0,0,0,0,2,0,0,0,0,6,0,0,,,,,,,,,,,,,,,7308,5901,7765,5473,6673,6252,6538,5875,7109,5574,5803,7070
'391211,"Non-plasticised cellulose acetates, in primary forms",0,0,0,0,0,0,0,0,0,0,0,0,,,,,,,,,,,,,,,554,1435,1050,764,482,687,764,380,338,1051,363,703
'391310,"Alginic acid, its salts and esters, in primary forms",0,0,0,0,0,0,0,0,0,0,0,0,,,,,,,,,,,,,,,1089,1373,913,1771,1443,2193,1255,2055,995,728,1111,1850
'391723,"Rigid tubes, pipes and hoses, of polymers of vinyl chloride",0,0,2,1,2,2,3,0,3,1,0,0,,,,,,,,,,,,,,,555,884,657,1174,1260,461,604,712,2152,636,1125,865
'391731,"Flexible tubes, pipes and hoses, of plastics, burst pressure >= 27,6 MPa",0,0,2,0,0,0,0,0,0,0,0,0,,,,,,,,,,,,,,,1483,1196,1424,1054,1170,1350,1686,1385,1359,1093,1271,1128
'283531,"Sodium triphosphate ""sodium tripolyphosphate"", whether or not chemically defined",0,0,0,0,0,0,0,0,0,0,0,0,,,,,,,,,,,,,,,4278,2716,3336,4595,1647,3726,3774,3339,2999,4587,4898,4648
'392111,"Plates, sheets, film, foil and strip, of cellular polymers of styrene, unworked or merely surface-worked ...",0,0,0,0,0,0,14,0,2,0,0,0,,,,,,,,,,,,,,,515,673,653,467,553,722,501,725,402,362,677,173
'392210,"Baths, shower-baths, sinks and washbasins, of plastics",0,0,7,0,0,0,0,0,0,0,0,0,,,,,,,,,,,,,,,582,660,609,810,801,847,371,732,634,473,789,497
'400700,Vulcanised rubber thread and cord (excl. ungimped single thread with a diameter of > 5 mm and ...,0,0,0,0,0,0,0,0,30,0,0,0,,,,,,,,,,,,,,,588,809,573,650,736,698,703,680,424,716,487,545
'400941,"Tubes, pipes and hoses, of vulcanised rubber (excl. hard rubber), reinforced or otherwise combined ...",0,0,0,0,0,0,0,0,0,0,0,0,,,,,,,,,,,,,,,2632,1678,2948,1516,1985,1959,1409,3583,1495,1584,1438,1399
'401031,"Endless transmission belts of trapezoidal cross-section ""V-belts"", of vulcanised rubber, V-ribbed, ...",0,0,0,0,0,0,0,0,0,0,0,0,,,,,,,,,,,,,,,755,712,969,874,790,797,858,842,1090,645,1231,876
'401140,"New pneumatic tyres, of rubber, of a kind used for motorcycles",0,0,0,0,0,0,0,0,0,0,0,0,,,,,,,,,,,,,,,401,204,643,484,768,640,1274,790,632,258,150,654
'420321,"Specially designed gloves for use in sport, of leather or composition leather",0,0,14,0,25,0,0,3,1,7,0,0,,,,,,,,,,,,,,,138,136,73,304,126,102,190,212,103,153,211,82
'430220,"Heads, tails, paws and other pieces or cuttings of tanned or dressed furskins, not assembled",0,0,0,0,0,0,0,0,0,0,0,0,,,,,,,,,,,,,,,0,0,0,0,0,0,0,0,32,0,0,0
'440122,"Wood in chips or particles (excl. those of a kind used principally for dyeing or tanning purposes, ...",0,0,0,0,0,0,0,0,0,0,0,0,,,,,,,,,,,,,,,32,4318,0,15,0,0,16,14,25,0,13,55
'440341,"Dark red meranti, light red meranti and meranti bakau wood in the rough, whether or not stripped ...",0,0,0,0,0,0,0,0,0,0,0,0,,,,,,,,,,,,,,,2713,4214,4278,4836,10109,14151,5858,8107,6062,8490,6710,4338
'440719,"Coniferous wood sawn or chipped lengthwise, sliced or peeled, whether or not planed, sanded ...",0,0,0,0,0,0,0,0,0,0,0,0,,,,,,,,,,,,,,,836,216,672,295,262,180,448,1819,1125,144,162,319
'441192,"Fibreboard of wood or other ligneous materials, whether or not agglomerated with resins or ...",0,0,185,59,41,0,16,32,37,0,15,0,,,,,,,,,,,,,,,1574,1422,1857,2363,2344,2476,1922,1556,1614,1463,1710,1252
'441193,"Fibreboard of wood or other ligneous materials, whether or not agglomerated with resins or ...",0,0,0,0,0,0,0,0,0,0,0,0,,,,,,,,,,,,,,,111,56,17,138,61,38,93,77,88,73,97,80
'441811,"Windows, French windows and their frames, of tropical wood",0,0,0,0,0,0,0,0,0,0,0,0,,,,,,,,,,,,,,,0,0,0,0,0,12,0,0,0,0,26,0
'441821,"Doors and their frames and thresholds, of tropical wood",0,0,0,0,0,0,0,0,0,0,0,0,,,,,,,,,,,,,,,189,657,507,314,693,366,128,271,152,409,209,221
'441850,"Shingles and shakes, of wood",0,0,0,0,0,0,0,0,0,0,0,0,,,,,,,,,,,,,,,14,0,0,0,29,0,0,0,0,0,10,1
'441920,"Tableware and kitchenware, of tropical wood (excl. interior fittings, ornaments, coopers' products, ...",0,0,0,0,0,0,0,0,0,0,0,0,,,,,,,,,,,,,,,67,37,53,8,26,25,5,9,20,7,40,50
'460129,"Mats, matting and screens, of vegetable plaiting materials, flat-woven or bound together in ...",1,0,0,7,9,9,0,0,0,0,0,0,,,,,,,,,,,,,,,6,7,1,8,11,15,12,1,4,1,4,2
'470200,"Chemical wood pulp, dissolving grades",0,0,0,0,0,0,0,0,0,0,0,0,,,,,,,,,,,,,,,79185,48939,71179,77119,67986,76502,62023,48069,77756,43665,55042,65433
'410390,"Raw hides and skins, fresh, or salted, dried, limed, pickled or otherwise preserved, whether ...",0,0,0,0,0,0,0,0,0,0,0,0,,,,,,,,,,,,,,,199,149,225,139,180,92,92,106,304,134,565,210
'410621,"Hides and skins of goats or kids, in the wet state ""incl. wet-blue"", tanned, without wool on, ...",0,0,0,0,0,0,0,0,0,0,0,0,,,,,,,,,,,,,,,272,191,481,642,284,408,312,124,266,201,145,356
'420229,"Handbags, whether or not with shoulder strap, incl. those without handle, with outer surface ...",0,0,0,2,1,0,0,0,0,0,1,0,,,,,,,,,,,,,,,1283,1478,1579,1537,1979,1644,1061,1310,1435,2288,1170,910
'420231,"Wallets, purses, key-pouches, cigarette-cases, tobacco-pouches and similar articles carried ...",0,0,0,0,0,0,0,0,0,0,0,0,,,,,,,,,,,,,,,364,391,489,480,402,437,404,570,465,435,446,443
'480449,"Kraft paper and paperboard, uncoated, in rolls of a width > 36 cm or in square or rectangular ...",0,0,0,0,0,0,0,0,0,0,0,0,,,,,,,,,,,,,,,69,168,275,126,369,187,497,106,85,260,114,60
'480593,"Paper and paperboard, uncoated, in rolls of a width > 36 cm or in square or rectangular sheets ...",0,0,0,0,3,0,0,0,0,0,0,0,,,,,,,,,,,,,,,1931,1625,2059,2240,2234,2367,1866,2553,1972,1991,2162,2389
'480610,"Vegetable parchment, in rolls of a width > 36 cm or in square or rectangular sheets with one ...",0,0,0,0,0,0,0,0,0,0,0,0,,,,,,,,,,,,,,,392,378,1009,58,416,770,357,485,562,133,267,221
'480810,"Corrugated paper and paperboard ""with or without glued flat surface sheets"", whether or not ...",0,0,0,0,0,0,0,0,0,0,0,0,,,,,,,,,,,,,,,282,380,91,140,253,240,251,275,296,433,240,498
'481022,"Lightweight coated paper used for writing, printing or other graphic purposes, total weight ...",0,0,0,0,0,0,0,0,0,0,0,0,,,,,,,,,,,,,,,1816,1358,2096,1480,1456,1716,1363,1510,1227,874,447,956
'482020,Exercise books of paper or paperboard,0,0,0,0,0,0,0,0,0,0,0,0,,,,,,,,,,,,,,,298,24,44,26,84,107,64,60,25,131,588,744
'482050,"Albums for samples or collections, of paper or paperboard",0,0,0,0,0,0,0,0,0,0,0,0,,,,,,,,,,,,,,,14,37,14,16,9,11,36,16,11,45,39,6
'482361,"Trays, dishes, plates, cups and the like, of bamboo paper or bamboo paperboard",0,0,0,0,0,0,0,0,0,0,0,0,,,,,,,,,,,,,,,1,7,5,2,6,0,5,8,1,3,6,14
'491000,"Calendars of any kinds, printed, incl. calendars blocks",0,0,0,0,0,0,1,0,0,0,0,0,,,,,,,,,,,,,,,1,1,2,3,42,95,192,168,75,11,5,4
'510121,"Shorn wool, degreased, non-carbonised, neither carded nor combed",0,0,0,0,0,0,0,0,0,0,0,0,,,,,,,,,,,,,,,2359,3280,2533,3461,2377,3079,2617,2753,2911,1728,2824,3905
'510310,Noils of wool or of fine animal hair (excl. garnetted stock),0,0,0,0,0,0,0,0,0,0,0,0,,,,,,,,,,,,,,,0,15,0,0,0,0,124,0,0,0,0,111
'510710,Yarn of combed wool containing >= 85% wool by weight (excl. that put up for retail sale),0,0,0,0,0,0,0,0,0,0,0,0,,,,,,,,,,,,,,,304,90,94,124,35,81,100,0,167,56,4,148
'510820,Combed yarn of fine animal hair (excl. that of wool and that put up for retail sale),0,0,0,0,0,0,0,0,0,0,0,0,,,,,,,,,,,,,,,56,116,34,13,92,27,41,41,13,32,13,72
'510990,"Yarn containing predominantly, but < 85% wool or fine animal hair by weight, put up for retail ...",0,0,0,0,0,0,0,0,0,0,0,0,,,,,,,,,,,,,,,18,2,2,3,10,5,18,13,3,14,3,6
'520521,"Single cotton yarn, of combed fibres, containing >= 85% cotton by weight and with a linear ...",0,0,0,0,0,0,0,0,0,0,0,0,,,,,,,,,,,,,,,0,0,0,0,0,0,10,0,0,11,0,7
'520544,"Multiple ""folded"" or cabled cotton yarn, of combed fibres, containing >= 85% cotton by weight ...",77,0,49,31,8,0,73,27,10,0,0,0,,,,,,,,,,,,,,,77,0,117,151,8,0,73,27,45,0,0,0
'520621,"Single cotton yarn containing predominantly, but < 85% cotton by weight, of combed fibres and ...",0,0,0,0,0,0,0,0,0,0,0,0,,,,,,,,,,,,,,,0,0,0,0,0,0,0,1,0,0,0,0
'520624,"Single cotton yarn containing predominantly, but < 85% cotton by weight, of combed fibres and ...",0,1,42,0,71,71,7,7,100,3,0,0,,,,,,,,,,,,,,,0,1,42,0,71,71,7,28,100,3,0,0
'520812,"Plain woven fabrics of cotton, containing >= 85% cotton by weight and weighing > 100 g to 200 ...",0,0,0,0,0,0,0,0,0,0,0,0,,,,,,,,,,,,,,,62,50,111,193,63,0,90,114,47,507,61,203
'481720,"Letter cards, plain postcards and correspondence cards, of paper or paperboard (excl. those ...",0,0,0,0,0,0,0,0,0,0,0,0,,,,,,,,,,,,,,,1,2,2,11,3,2,2,3,2,0,1,5
'520851,"Plain woven fabrics of cotton, containing >= 85% cotton by weight and weighing <= 100 g/m_, ...",0,0,0,0,0,0,3,0,0,0,0,0,,,,,,,,,,,,,,,263,29,77,70,58,195,201,51,145,267,124,33
'521141,"Plain woven fabrics of cotton, containing predominantly, but < 85% cotton by weight, mixed ...",0,0,0,0,0,0,0,3,0,0,0,0,,,,,,,,,,,,,,,61,78,35,0,49,43,15,92,151,28,110,0
'521213,"Woven fabrics of cotton, containing predominantly, but < 85% cotton by weight, other than those ...",0,0,0,0,0,0,0,0,0,0,0,0,,,,,,,,,,,,,,,74,106,43,43,523,132,454,122,111,151,39,20
'530310,"Jute and other textile bast fibres, raw or retted (excl. flax, true hemp and ramie)",0,0,0,0,0,0,0,0,0,0,0,0,,,,,,,,,,,,,,,13988,6860,0,1485,2709,5898,1460,188,0,0,0,52
'530820,Hemp yarn,0,0,0,0,0,0,0,0,0,0,0,0,,,,,,,,,,,,,,,12,90,9,22,0,286,153,117,374,18,201,291
'530890,"Yarn of vegetable textile fibres (excl. flax yarn, yarn of jute or of other textile bast fibres ...",0,0,0,0,0,0,0,0,0,0,0,0,,,,,,,,,,,,,,,264,202,95,116,259,342,355,249,171,226,129,144
'540211,High-tenacity filament yarn of aramids (excl. sewing thread and yarn put up for retail sale),0,0,0,0,0,0,0,0,0,0,0,0,,,,,,,,,,,,,,,2132,2026,2596,2354,1957,2414,1787,2282,3502,2209,2241,2217
'540349,"Multiple ""folded"" or cabled artificial filament yarn, incl. artificial monofilament of < 67 ...",0,0,0,0,0,0,0,0,0,0,0,0,,,,,,,,,,,,,,,4285,2141,3735,2518,2977,2964,2377,4551,3962,2566,3929,3129
'540782,"Woven fabrics of yarn containing predominantly, but < 85% synthetic filament by weight, incl. ...",0,29,27,38,0,0,207,23,0,3,1,0,,,,,,,,,,,,,,,84,155,160,111,71,32,389,94,29,136,109,106
'550130,"Filament tow as specified in Note 1 to chapter 55, acrylic or modacrylic",0,0,0,0,0,0,0,0,0,0,0,0,,,,,,,,,,,,,,,1233,951,2899,1319,1121,333,1840,1778,1308,964,2101,2396
'550210,"Artificial filament tow as specified in Note 1 to chapter 55, of acetate",0,0,0,0,0,0,0,0,0,0,0,0,,,,,,,,,,,,,,,9386,10734,9283,8762,7977,8122,8437,7954,7489,5580,8385,4449
'550410,"Staple fibres of viscose rayon, not carded, combed or otherwise processed for spinning",0,0,0,0,0,0,0,0,0,0,0,0,,,,,,,,,,,,,,,11968,12474,11374,15279,15615,20479,21412,23146,22837,12497,14772,21511
'550690,"Synthetic staple fibres carded, combed or otherwise processed for spinning (excl. acrylic, ...",0,0,0,0,0,0,0,0,0,0,0,0,,,,,,,,,,,,,,,16,0,45,61,0,2,0,9,2,10,0,0
'550810,"Sewing thread of synthetic staple fibres, whether or not put up for retail sale",1,13,17,8,20,0,25,0,17,0,0,0,,,,,,,,,,,,,,,83,109,100,224,197,66,240,89,108,118,132,113
'550922,"Multiple ""folded"" or cabled yarn containing >= 85% polyester staple fibres by weight (excl. ...",0,0,0,0,0,0,0,0,6,0,0,0,,,,,,,,,,,,,,,854,837,866,588,754,811,655,1013,920,1175,1040,1089
'550999,"Yarn containing predominantly, but < 85% synthetic staple fibres by weight, other than that ...",0,0,0,0,0,0,0,0,0,0,0,0,,,,,,,,,,,,,,,434,652,633,582,487,276,398,280,407,169,121,237
'551229,"Woven fabrics containing >= 85% acrylic or modacrylic staple fibres by weight, dyed, made of ...",0,0,0,0,0,0,0,0,0,0,0,0,,,,,,,,,,,,,,,667,617,247,927,322,530,768,166,679,634,699,759
'551339,"Woven fabrics containing predominantly, but < 85% synthetic staple fibres by weight, mixed ...",0,0,0,0,0,0,0,0,0,0,111,0,,,,,,,,,,,,,,,1,5,1,13,7,5,2,1,0,0,124,1
'551511,"Woven fabrics containing predominantly, but < 85% polyester staple fibres by weight, mixed ...",0,0,0,0,0,0,0,0,0,0,0,0,,,,,,,,,,,,,,,3508,3060,4389,3648,2738,2674,1972,3329,3216,2077,1686,1393
'551521,"Woven fabrics containing predominantly, but < 85% acrylic or modacrylic staple fibres by weight, ...",0,0,0,0,0,0,0,0,0,0,0,0,,,,,,,,,,,,,,,8,2,151,105,7,72,12,31,9,236,2,99
'551529,"Woven fabrics containing predominantly, but < 85% acrylic or modacrylic staple fibres by weight, ...",0,0,0,0,0,0,0,0,0,0,0,0,,,,,,,,,,,,,,,23,67,32,77,144,2,311,178,17,117,0,87
'551591,"Woven fabrics containing predominantly, but < 85% synthetic staple fibres, mixed principally ...",0,0,0,0,0,0,0,0,0,0,0,0,,,,,,,,,,,,,,,33,15,0,34,0,7,0,22,8,0,0,86
'551612,"Woven fabrics containing >= 85% artificial staple fibres by weight, dyed",0,0,0,0,0,0,0,0,0,0,0,0,,,,,,,,,,,,,,,272,143,129,129,166,251,233,377,375,184,527,242
'551632,"Woven fabrics containing predominantly, but < 85% artificial staple fibres by weight, mixed ...",0,0,0,0,0,0,0,0,0,0,0,0,,,,,,,,,,,,,,,2,50,93,162,114,161,0,121,77,22,159,67
'551633,"Woven fabrics containing predominantly, but < 85% artificial staple fibres by weight, mixed ...",0,0,0,0,0,0,0,0,0,0,0,0,,,,,,,,,,,,,,,0,0,0,19,0,20,20,0,17,14,0,1
'551691,"Woven fabrics containing predominantly, but < 85% artificial staple fibres by weight, other ...",0,0,0,0,0,0,0,0,0,0,0,0,,,,,,,,,,,,,,,67,1,0,3,0,1,8,7,0,6,9,11
'551694,"Woven fabrics containing predominantly, but < 85% artificial staple fibres by weight, other ...",0,0,0,0,0,0,0,0,0,0,0,0,,,,,,,,,,,,,,,53,49,16,15,19,169,24,153,50,80,0,2
'560129,Wadding of textile materials and articles thereof (excl. of cotton or man-made fibres; sanitary ...,35,0,0,0,0,23,0,17,28,0,4,0,,,,,,,,,,,,,,,246,190,458,184,373,264,290,217,430,85,179,159
'560311,"Nonwovens, whether or not impregnated, coated, covered or laminated, n.e.s., of synthetic or ...",4,0,0,0,0,0,0,0,0,0,0,0,,,,,,,,,,,,,,,981,435,410,637,779,792,802,694,464,1041,910,800
'560500,"Metallised yarn, whether or not gimped, being textile yarn, or strip or the like of heading ...",0,0,0,0,0,0,0,0,0,0,0,0,,,,,,,,,,,,,,,502,354,210,436,391,476,183,538,554,268,221,375
'560790,"Twine, cordage, ropes and cables, whether or not plaited or braided and whether or not impregnated, ...",2,19,3,10,7,10,3,0,8,2,4,0,,,,,,,,,,,,,,,3166,2070,6180,2725,1885,4301,3525,3270,4604,5358,3026,4082
'560819,"Knotted netting of twine, cordage, ropes or cables, by the piece or metre; made-up nets, of ...",0,0,0,0,0,0,0,0,0,0,0,0,,,,,,,,,,,,,,,99,185,196,87,213,127,395,413,157,188,348,250
'570239,"Carpets and other floor coverings, of vegetable textile materials or coarse animal hair, woven, ...",0,0,0,0,0,0,0,0,0,0,0,0,,,,,,,,,,,,,,,0,8,0,5,26,0,0,12,7,0,5,1
'570241,"Carpets and other floor coverings, of wool or fine animal hair, woven, not tufted or flocked, ...",0,0,0,0,0,0,0,0,0,0,0,0,,,,,,,,,,,,,,,240,336,272,359,477,568,244,258,126,266,410,130
'570321,"Turf, of nylon or other polyamides, tufted ""needle punched""",0,0,0,0,0,0,0,0,0,37,0,0,,,,,,,,,,,,,,,188,107,147,180,191,243,133,171,181,208,173,178
'580110,"Woven pile fabrics and chenille fabrics, of wool or fine animal hair (excl. terry towelling ...",0,0,0,0,0,0,0,0,0,0,0,0,,,,,,,,,,,,,,,1,0,1,0,0,2,2,6,3,13,0,0
'580127,"Warp pile fabrics, of cotton (excl. terry towelling and similar woven terry fabrics, tufted ...",0,0,0,0,0,0,0,0,0,0,0,0,,,,,,,,,,,,,,,27,126,189,21,34,43,29,26,36,17,32,62
'580131,"Uncut weft pile fabrics, of man-made fibres (excl. terry towelling and similar woven terry ...",0,0,0,0,0,0,0,0,0,0,0,0,,,,,,,,,,,,,,,15,8,2,2,0,67,5,17,43,9,2,43
'580136,"Chenille fabrics, of man-made fibres (excl. terry towelling and similar woven terry fabrics, ...",0,0,0,0,0,0,0,0,0,7,30,0,,,,,,,,,,,,,,,1059,908,389,971,1072,1009,582,468,598,906,404,56
'580210,"Terry towelling and similar woven terry fabrics, of cotton (excl. narrow woven fabrics of heading ...",0,0,0,0,0,0,0,0,0,0,0,0,,,,,,,,,,,,,,,0,50,1,18,1,1,0,0,7,1,2,6
'581010,"Embroidery on a textile fabric ground without visible ground, in the piece, in strips or in ...",0,0,0,0,0,0,0,0,0,0,0,0,,,,,,,,,,,,,,,0,13,12,21,5,10,146,142,148,59,18,11
'590691,"Knitted or crocheted textile fabrics, rubberised, n.e.s.",0,54,197,0,0,214,0,0,218,106,547,0,,,,,,,,,,,,,,,249,343,546,260,359,518,83,602,466,517,617,601
'590800,"Textile wicks, woven, plaited or knitted, for lamps, stoves, lighters, candles or the like; ...",0,0,0,0,0,0,0,0,0,0,0,0,,,,,,,,,,,,,,,115,56,133,39,91,127,29,51,31,126,131,41
'590900,"Textile hosepiping and similar textile tubing, whether or not impregnated or coated, with or ...",0,0,0,0,0,0,0,0,0,0,0,0,,,,,,,,,,,,,,,751,564,803,614,628,549,642,428,560,560,495,317
'600542,"Dyed warp knit fabrics of artificial fibres ""incl. those made on galloon knitting machines"", ...",0,0,0,0,0,0,0,0,0,0,0,0,,,,,,,,,,,,,,,99,107,45,70,522,287,117,237,367,347,215,169
'600590,"Warp knit fabrics ""incl. those made on galloon knitting machines"", of a width of > 30 cm (excl. ...",0,0,0,0,0,0,0,0,0,0,0,0,,,,,,,,,,,,,,,117,124,87,172,126,96,39,46,26,6,9,120
'600641,"Unbleached or bleached fabrics, knitted or crocheted, of artificial fibres, of a width of > ...",0,0,0,0,0,0,0,0,0,0,0,0,,,,,,,,,,,,,,,0,112,5,26,33,80,12,18,59,1,439,18
'610290,"Women's or girls' overcoats, car coats, capes, cloaks, anoraks, incl. ski jackets, windcheaters, ...",0,0,32,0,0,0,0,0,0,0,0,0,,,,,,,,,,,,,,,13,7,49,99,123,25,6,22,8,8,3,1
'521021,"Plain woven fabrics of cotton, containing predominantly, but < 85% cotton by weight, mixed ...",0,1,0,0,0,0,0,0,0,0,0,0,,,,,,,,,,,,,,,67,57,66,49,62,15,132,94,46,31,28,87
'521032,"Woven fabrics of cotton, containing predominantly, but < 85% cotton by weight, mixed principally ...",0,0,0,0,0,0,0,0,0,0,0,0,,,,,,,,,,,,,,,32,1,44,54,19,40,71,28,68,35,41,9
'610459,"Women's or girls' skirts and divided skirts of textile materials, knitted or crocheted (excl. ...",35,0,0,0,12,0,0,6,7,0,0,0,,,,,,,,,,,,,,,49,16,42,62,72,58,24,28,35,43,50,27
'610721,"Men's or boys' nightshirts and pyjamas of cotton, knitted or crocheted (excl. vests and singlets)",0,0,0,0,0,0,0,1,0,3,0,0,,,,,,,,,,,,,,,31,80,58,175,74,133,69,53,103,122,145,142
'611090,"Jerseys, pullovers, cardigans, waistcoats and similar articles, of textile materials, knitted ...",0,0,0,0,0,0,0,0,0,0,0,0,,,,,,,,,,,,,,,184,151,215,523,496,1639,276,218,110,151,113,159
'611239,"Men's or boys' swimwear of textile materials, knitted or crocheted (excl. synthetic fibres)",0,0,0,17,0,0,0,0,342,21,0,0,,,,,,,,,,,,,,,4,1,3,17,9,2,19,19,362,30,2,0
'611710,"Shawls, scarves, mufflers, mantillas, veils and the like, knitted or crocheted",0,6,3,0,0,0,0,0,0,0,0,0,,,,,,,,,,,,,,,344,327,400,384,666,530,470,660,743,486,374,140
'620332,"Men's or boys' jackets and blazers of cotton (excl. knitted or crocheted, and wind-jackets ...",0,0,12,10,14,0,26,20,36,21,1,0,,,,,,,,,,,,,,,90,169,210,492,760,461,633,329,690,398,327,89
'620422,"Women's or girls' ensembles of cotton (excl. knitted or crocheted, ski overalls and swimwear)",0,0,0,0,0,0,0,0,0,0,0,0,,,,,,,,,,,,,,,65,36,82,46,25,12,52,43,123,51,73,43
'620620,"Women's or girls' blouses, shirts and shirt-blouses of wool or fine animal hair (excl. knitted ...",0,0,0,0,0,0,0,0,0,0,0,0,,,,,,,,,,,,,,,7,9,14,15,20,11,9,12,7,10,14,14
'620630,"Women's or girls' blouses, shirts and shirt-blouses of cotton (excl. knitted or crocheted and ...",5,8,23,21,2,1,0,6,10,9,0,0,,,,,,,,,,,,,,,1055,1047,1424,1173,1097,680,662,1011,1409,1334,1467,1224
'621020,"Garments of the type described in heading 6201, rubberised or impregnated, coated, covered ...",67,30,209,66,59,265,195,72,6,7,0,0,,,,,,,,,,,,,,,83,85,238,387,290,431,508,584,188,79,60,169
'621040,"Men's or boys' garments of textile fabrics, rubberised or impregnated, coated, covered or laminated ...",6,0,2,16,114,66,5,6,59,2,5,0,,,,,,,,,,,,,,,49,1310,34,81,179,290,194,374,74,74,149,135
'621050,"Women's or girls' garments of textile fabrics, rubberised or impregnated, coated, covered or ...",0,0,3,19,8,1,0,3,26,1,0,0,,,,,,,,,,,,,,,0,1,22,191,324,118,142,60,73,4,10,10
'621142,"Women's or girls' tracksuits and other garments, n.e.s. of cotton (excl. knitted or crocheted)",0,6,0,0,0,0,0,0,0,0,2,0,,,,,,,,,,,,,,,218,134,222,144,131,143,74,263,113,144,253,272
'621230,"Corselettes of all types of textile materials, whether or not elasticated, incl. knitted or ...",0,0,0,0,0,0,0,0,0,0,0,0,,,,,,,,,,,,,,,27,38,42,64,74,286,201,172,377,946,164,370
'630221,Printed bedlinen of cotton (excl. knitted or crocheted),0,0,0,0,0,0,0,0,0,0,0,0,,,,,,,,,,,,,,,488,116,56,62,75,101,57,93,41,80,45,128
'630299,"Toilet linen and kitchen linen of textile materials (excl. of cotton or man-made fibres, floorcloths, ...",0,0,0,0,0,0,0,0,0,0,0,0,,,,,,,,,,,,,,,32,16,79,34,48,64,29,50,116,44,8,17
'630399,"Curtains, incl. drapes, and interior blinds, curtain or bed valances of textile materials (excl. ...",0,0,0,0,0,0,0,0,0,0,0,0,,,,,,,,,,,,,,,377,351,556,429,314,458,367,345,486,396,573,421
'630690,"Camping goods of textile materials (excl. tents, awnings and sunblinds, sails, pneumatic mattresses, ...",0,0,0,0,0,0,0,0,2,0,0,0,,,,,,,,,,,,,,,40,76,27,48,67,25,92,21,111,83,9,24
'650699,"Headgear, whether or not lined or trimmed, n.e.s.",0,0,0,0,0,0,0,0,0,0,0,0,,,,,,,,,,,,,,,171,42,181,158,57,133,74,117,123,35,46,63
'650700,"Headbands, linings, covers, hat foundations, hat frames, peaks and chinstraps, for headgear ...",0,0,0,0,0,0,1,4,0,0,0,0,,,,,,,,,,,,,,,198,152,121,243,303,706,325,434,283,349,223,171
'660320,"Umbrella frames, incl. frames mounted on shafts ""sticks"", for umbrellas and sun umbrellas of ...",0,0,0,0,0,0,0,0,0,0,0,0,,,,,,,,,,,,,,,780,685,448,275,302,328,380,361,909,953,438,735
'700330,"Profiles of glass, whether or not having an absorbent, reflecting or non-reflecting layer, ...",0,0,0,0,0,0,0,0,0,0,0,0,,,,,,,,,,,,,,,53,38,32,58,22,72,57,50,42,40,29,43
'700420,"Sheets of glass, drawn or blown, coloured throughout the mass ""body tinted"" opacified, flashed ...",0,0,0,0,0,0,0,0,0,0,0,0,,,,,,,,,,,,,,,9,45,150,26,25,163,36,61,87,74,27,36
'700991,"Glass mirrors, unframed (excl. rear-view mirrors for vehicles, optical mirrors, optically worked, ...",0,0,0,0,0,0,0,1,0,0,0,0,,,,,,,,,,,,,,,1532,1542,1283,1277,1685,1512,1648,1394,1293,974,1233,1007
'700992,"Glass mirrors, framed (excl. rear-view mirrors for vehicles, optical mirrors, optically processed, ...",0,0,0,0,3,1,1,1,1,4,1,0,,,,,,,,,,,,,,,698,588,819,1029,816,645,560,678,689,780,662,571
'701120,"Glass envelopes, incl. bulbs and tubes, open, and glass parts thereof, without fittings, for ...",0,0,0,0,0,0,0,0,0,0,0,0,,,,,,,,,,,,,,,0,0,0,0,0,0,0,0,0,1,0,0
'701510,"Glasses for corrective spectacles, curved, bent, hollowed or the like, but not optically worked ...",0,0,0,0,0,0,0,0,0,0,0,0,,,,,,,,,,,,,,,336,218,360,318,331,420,140,82,247,405,401,386
'701912,Rovings of glass fibres,0,0,0,0,0,0,0,0,0,0,0,0,,,,,,,,,,,,,,,7039,8611,5676,8792,6073,6275,5106,5818,8495,8241,11204,8666
'670290,"Artificial flowers, foliage and fruit and parts thereof, and articles made of artificial flowers, ...",0,0,0,0,0,0,0,0,0,0,0,0,,,,,,,,,,,,,,,724,752,1380,947,1293,1245,879,804,1088,1085,921,333
'680300,"Worked slate and articles of slate or of agglomerated slate (excl. slate granules, chippings ...",0,0,0,0,0,0,0,0,0,0,0,0,,,,,,,,,,,,,,,1,10,2,0,0,12,0,1,10,0,15,3
'680423,"Millstones, grindstones, grinding wheels and the like, without frameworks, for sharpening, ...",14,0,0,0,18,0,0,0,0,12,0,0,,,,,,,,,,,,,,,678,606,648,597,383,713,557,490,569,680,598,573
'680790,"Articles of asphalt or of similar materials, e.g. petroleum bitumen or coal tar pitch (excl. ...",0,0,0,0,0,0,0,0,0,0,0,0,,,,,,,,,,,,,,,1222,1138,951,673,344,1190,849,653,1017,884,743,1091
'681181,"Corrugated sheets of cellulose fibre-cement or the like, not containing asbestos",0,0,0,0,0,0,0,0,0,0,0,0,,,,,,,,,,,,,,,0,0,0,0,1,0,0,0,0,0,0,0
'631090,"Used or new rags, scrap twine, cordage, rope and cables and worn-out articles thereof, of textile ...",0,0,0,0,0,0,0,0,0,0,0,0,,,,,,,,,,,,,,,12441,14728,16844,14232,13854,12916,14960,12024,12974,13412,8012,8974
'640110,"Waterproof footwear incorporating a protective metal toecap, with outer soles and uppers of ...",0,0,0,0,0,0,0,0,0,0,0,0,,,,,,,,,,,,,,,1,10,64,8,45,28,191,37,138,13,45,0
'701971,"Thin sheets ""veils"" of irregularly laminated glass fibres",0,0,0,0,0,0,0,0,0,0,0,0,,,,,,,,,,,,,,,1042,614,701,1381,779,1371,254,378,425,350,520,550
'701980,Glass wool and articles of glass wool,0,0,0,0,0,0,0,0,0,0,0,0,,,,,,,,,,,,,,,977,934,1375,1220,1642,1123,1725,2199,644,721,1014,1322
'710110,"Pearls, natural, whether or not worked or graded, but not strung, mounted or set, natural pearls, ...",0,0,0,0,0,0,0,0,0,0,0,0,,,,,,,,,,,,,,,313,222,428,690,1469,590,54,455,0,224,1184,946
'710122,"Cultured pearls, worked, whether or not graded, but not strung, mounted or set, worked cultured ...",0,0,0,0,0,0,0,0,0,0,0,0,,,,,,,,,,,,,,,563,606,542,465,477,1017,361,581,444,214,781,314
'710590,Dust and powder of natural or synthetic precious or semi-precious stones (excl. dust and powder ...,0,0,0,0,0,0,0,0,0,0,0,0,,,,,,,,,,,,,,,90,43,298,314,15,226,791,0,108,198,94,92
'710900,"Base metals or silver, clad with gold, not further worked than semi-manufactured",0,0,0,0,0,0,0,0,0,0,0,0,,,,,,,,,,,,,,,0,0,13,0,0,0,0,36,0,0,5,3
'711230,Ash containing precious metal or precious-metal compounds,0,0,0,0,0,0,0,0,0,0,0,0,,,,,,,,,,,,,,,0,0,0,0,0,0,0,0,0,0,0,0
'711292,"Waste and scrap of platinum, incl. metal clad with platinum, and other waste and scrap containing ...",0,0,0,0,0,0,0,0,0,0,0,0,,,,,,,,,,,,,,,0,0,0,0,0,0,0,0,0,0,0,0
'711610,"Articles of natural or cultured pearls, n.e.s.",0,0,0,0,0,0,0,0,0,0,0,0,,,,,,,,,,,,,,,7,65,34,0,146,37,0,60,0,0,118,0
'720110,"Non-alloy pig iron in pigs, blocks or other primary forms, containing, by weight, <= 0,5% of ...",0,0,0,0,0,0,0,0,0,0,0,0,,,,,,,,,,,,,,,827,768,7694,1766,16271,828,1772,494,261,1525,2913,627
'720429,"Waste and scrap of alloy steel (excl. stainless steel, and waste and scrap, radioactive, or ...",93,0,0,0,0,0,0,14,0,90,0,0,,,,,,,,,,,,,,,9603,10705,12956,9857,12123,12544,12908,10616,12331,13842,9942,8902
'720450,Remelting scrap ingots of iron or steel (excl. products whose chemical composition conforms ...,0,0,0,0,0,0,0,0,0,0,0,0,,,,,,,,,,,,,,,331,0,219,138,53,795,979,99,165,556,576,0
'720890,"Flat-rolled products of iron or steel, of a width >= 600 mm, hot-rolled and further worked, ...",0,0,0,0,0,0,0,0,0,0,0,0,,,,,,,,,,,,,,,0,1,22388,8866,2400,16074,0,0,0,0,12,1
'720916,"Flat-rolled products of iron or non-alloy steel, of a width of >= 600 mm, in coils, simply ...",0,0,0,0,0,0,0,24,0,0,0,0,,,,,,,,,,,,,,,1313,1397,988,886,2705,2550,1705,1131,1546,1386,1034,1490
'721049,"Flat-rolled products of iron or non-alloy steel, of a width of >= 600 mm, hot-rolled or cold-rolled ...",26,0,136,0,0,0,0,17,0,0,0,0,,,,,,,,,,,,,,,21652,20538,22096,37880,47099,29621,47351,40107,32851,44452,30265,31555
'721050,"Flat-rolled products of iron or non-alloy steel, of a width of >= 600 mm, hot-rolled or cold-rolled ...",0,0,0,0,0,0,0,0,0,0,0,0,,,,,,,,,,,,,,,422,0,214,203,121,0,207,0,644,339,831,1156
'721123,"Flat-rolled products of iron or non-alloy steel, of a width of < 600 mm, simply cold-rolled ...",0,0,0,0,0,0,0,0,0,0,0,0,,,,,,,,,,,,,,,1390,945,744,372,224,185,190,234,157,97,165,87
'721230,"Flat-rolled products of iron or non-alloy steel, of a width of < 600 mm, hot-rolled or cold-rolled ...",0,0,0,0,0,0,0,0,0,0,0,0,,,,,,,,,,,,,,,21,22,176,0,96,35,55,34,217,4,2,0
'721240,"Flat-rolled products of iron or non-alloy steel, of a width of < 600 mm, hot-rolled or cold-rolled ...",0,0,0,0,0,0,0,0,0,0,0,0,,,,,,,,,,,,,,,1489,812,1847,1685,1274,1646,843,706,1519,940,1906,1363
'721320,"Bars and rods, hot-rolled, in irregularly wound coils, of non-alloy free-cutting steel (excl. ...",0,0,0,0,0,0,0,0,0,0,0,0,,,,,,,,,,,,,,,0,0,3,26,0,5,0,2,0,0,74,49
'721391,"Bars and rods, hot-rolled, in irregularly wound coils, of iron or non-alloy steel, of circular ...",0,0,0,0,0,0,0,0,0,0,0,0,,,,,,,,,,,,,,,6190,2403,4549,2354,2565,1293,2356,805,1559,2121,1719,1734
'721499,"Bars and rods, of iron or non-alloy steel, only hot-rolled, only hot-drawn or only hot-extruded ...",0,0,0,0,0,0,0,0,0,0,0,0,,,,,,,,,,,,,,,3404,1141,2153,87,3638,2726,1783,1828,2029,1115,1474,2057
'721730,"Wire of iron or non-alloy steel, in coils, plated or coated with base metals (excl. plated ...",1,0,0,0,0,0,0,0,0,28,0,0,,,,,,,,,,,,,,,7151,4270,6489,1615,2567,3234,1709,2121,1290,2816,4195,2935
'721921,"Flat-rolled products of stainless steel, of a width of >= 600 mm, not further worked than hot-rolled, ...",0,52,0,0,0,0,0,0,0,0,0,0,,,,,,,,,,,,,,,4060,3205,1986,1224,4214,1756,4041,3241,4792,3450,1078,4318
'730210,"Rails of iron or steel, for railway or tramway track (excl. check-rails)",0,0,0,0,0,0,53,0,0,0,0,0,,,,,,,,,,,,,,,1651,2057,484,1219,9578,636,10205,8237,558,1178,324,466
'730240,"Fish-plates and sole plates of iron or steel, for railways or tramways",0,0,0,0,0,0,0,0,0,0,0,0,,,,,,,,,,,,,,,2,1,0,1573,747,0,1,0,0,6,1,187
'730424,"Casing and tubing, seamless, of a kind used for drilling for oil or gas, of stainless steel",0,0,0,0,0,0,0,0,0,0,0,0,,,,,,,,,,,,,,,59,69,1375,14,0,1812,2032,4,3645,345,2275,364
'730439,"Tubes, pipes and hollow profiles, seamless, of circular cross-section, of iron or non-alloy ...",0,0,0,0,0,0,0,0,0,0,0,0,,,,,,,,,,,,,,,23058,16702,17255,27214,19722,27487,18991,13280,13973,13278,12045,8847
'730512,"Line pipe of a kind used for oil or gas pipelines, having circular cross-sections and an external ...",0,0,0,0,0,0,0,0,0,0,0,0,,,,,,,,,,,,,,,0,0,24,0,0,0,0,0,0,0,0,6
'730519,"Line pipe of a kind used for oil or gas pipelines, having circular cross-sections and an external ...",0,0,0,0,0,0,0,0,0,0,0,0,,,,,,,,,,,,,,,106,236,151,10,2808,57,2786,18,41,9,56,21
'730690,"Tubes, pipes and hollow profiles ""e.g., open seam, riveted or similarly closed"", of iron or ...",0,0,0,0,0,0,0,0,0,0,0,0,,,,,,,,,,,,,,,1423,1577,1748,1728,1303,1475,1815,1871,2026,1365,1180,2269
'722511,"Flat-rolled products of silicon-electrical steel, of a width of >= 600 mm, grain-oriented",0,0,0,0,0,0,0,0,0,0,0,0,,,,,,,,,,,,,,,78543,66698,70210,64125,29524,63416,39304,57866,42120,34447,47232,50204
'722860,"Bars and rods of alloy steel other than stainless, cold-formed or cold-finished and further ...",0,0,0,0,0,0,0,0,0,0,0,0,,,,,,,,,,,,,,,2912,1952,2574,1974,1923,2792,1615,2443,4329,3168,4373,4235
'731414,"Woven cloth, incl. endless bands, of stainless steel wire (excl. woven products of metal fibres ...",0,0,0,0,0,0,0,0,0,0,0,0,,,,,,,,,,,,,,,1132,1607,1272,1791,1367,1333,1333,1367,1173,836,1672,1123
'731420,"Grill, netting and fencing, welded at the intersection, having a mesh size of >= 100 cm_, of ...",0,0,0,1,0,0,0,1,0,0,0,0,,,,,,,,,,,,,,,350,190,227,222,264,245,110,342,210,320,33,86
'731511,Roller chain of iron or steel,0,37,0,0,0,0,0,0,0,0,0,0,,,,,,,,,,,,,,,2143,1373,1060,1256,1188,1266,1087,1412,911,1608,1130,1560
'731813,"Screw hooks and screw rings, of iron or steel",0,0,0,0,0,0,0,0,0,0,0,0,,,,,,,,,,,,,,,211,108,107,65,208,257,105,83,394,164,181,148
'761490,"Stranded wires, cables, ropes and similar articles, of aluminium (other than with steel core ...",0,0,0,0,0,0,0,0,0,0,0,0,,,,,,,,,,,,,,,31,172,82,218,20,57,135,91,14,148,51,651
'761691,"Cloth, grill, netting and fencing, of aluminium wire (excl. cloth of metal fibres for clothing, ...",0,0,0,0,0,0,0,0,0,0,0,0,,,,,,,,,,,,,,,282,534,457,757,366,497,262,242,260,344,367,48
'780411,"Lead sheets, strip and foil, of a thickness ""excl. any backing"" of <= 0,2 mm",0,0,0,0,0,0,0,0,0,0,0,0,,,,,,,,,,,,,,,2,48,52,163,152,25,73,60,94,55,97,59
'780420,"Lead powders and flakes (excl. grains of lead, and spangles of heading 8308)",0,0,0,0,0,0,0,0,0,0,0,0,,,,,,,,,,,,,,,20,0,22,69,0,26,52,54,0,52,56,3
'790400,"Zinc bars, rods, profiles and wire, n.e.s.",0,0,0,0,0,0,0,0,0,0,0,0,,,,,,,,,,,,,,,429,156,305,337,0,166,422,670,192,8,9,136
'800110,"Unwrought tin, not alloyed",0,0,0,0,0,0,0,0,0,0,0,0,,,,,,,,,,,,,,,41310,33360,35328,27494,32376,46691,29190,45504,57453,38122,39670,56031
'800300,"Tin bars, rods, profiles and wire, n.e.s.",0,0,0,0,0,0,0,0,0,0,0,0,,,,,,,,,,,,,,,2300,2203,1920,881,624,2155,798,2206,1398,2680,1649,2138
'810196,Tungsten wire,0,0,0,0,0,0,0,0,0,0,0,0,,,,,,,,,,,,,,,652,3018,909,657,850,936,4593,1732,3667,1642,1298,5230
'810419,"Unwrought magnesium, containing < 99,8% by weight of magnesium",0,0,0,0,0,0,0,0,0,0,0,0,,,,,,,,,,,,,,,669,412,355,327,861,339,679,282,938,846,472,985
'810490,"Articles of magnesium, n.e.s.",0,0,0,0,0,0,0,0,0,0,0,0,,,,,,,,,,,,,,,1069,307,136,264,145,248,122,72,164,181,98,89
'810530,Cobalt waste and scrap (excl. ash and residues containing cobalt),0,0,0,0,0,0,0,0,0,0,0,0,,,,,,,,,,,,,,,0,0,0,0,0,0,311,0,2449,0,0,1633
'810820,Unwrought titanium; titanium powders,0,0,0,0,0,0,0,0,0,0,0,0,,,,,,,,,,,,,,,1891,4541,2761,3009,1439,2338,424,166,3073,2450,3887,536
'810929,"Unwrought zirconium and zirconium powders, containing => 1 part hafnium to 500 parts zirconium ...",0,0,0,0,0,0,0,0,0,0,0,0,,,,,,,,,,,,,,,0,0,0,0,0,0,0,0,0,0,0,0
'811090,"Articles of antimony, n.e.s.",0,0,0,0,0,0,0,0,0,0,0,0,,,,,,,,,,,,,,,109,0,124,0,0,0,54,180,103,0,0,156
'820150,"Secateurs and similar one-handed pruners and shears, incl. poultry shears, with working parts ...",0,0,0,0,0,0,0,0,0,0,0,0,,,,,,,,,,,,,,,294,137,104,147,422,187,199,191,176,191,191,132
'820220,Bandsaw blades of base metal,0,0,0,0,0,0,0,0,0,0,0,0,,,,,,,,,,,,,,,3074,2283,3632,1742,4391,3134,3229,2878,3280,3435,3118,1848
'820330,"Metal-cutting shears and similar hand tools, of base metal",0,0,0,0,0,0,0,0,0,0,0,0,,,,,,,,,,,,,,,138,100,136,94,148,105,109,107,187,131,74,164
'820340,"Pipe-cutters, bolt croppers, perforating punches and similar hand tools, of base metal",0,0,0,0,0,0,0,0,0,0,0,0,,,,,,,,,,,,,,,595,377,648,425,367,417,295,408,417,283,271,235
'820520,Hammers and sledge hammers with working parts of base metal,0,0,0,0,0,0,0,0,0,0,0,0,,,,,,,,,,,,,,,183,134,212,191,122,241,179,174,149,215,116,104
'820780,Interchangeable tools for turning,0,0,0,0,0,0,0,0,0,0,0,0,,,,,,,,,,,,,,,2319,2185,2751,2606,2598,2619,2646,2864,2598,3461,3377,3293
'820810,"Knives and cutting blades, of base metal, for machines or for mechanical appliances, for m ...",0,0,0,2,0,0,0,0,0,0,0,0,,,,,,,,,,,,,,,850,830,799,764,797,1090,705,642,819,685,984,1040
'820820,"Knives and cutting blades, of base metal, for machines or for mechanical appliances, for w ...",0,0,0,0,0,0,0,0,0,0,0,0,,,,,,,,,,,,,,,253,343,552,538,348,440,384,481,456,592,543,441
'820840,"Knives and cutting blades, of base metal, for agricultural, horticultural or forestry machines ...",0,0,0,0,0,0,0,0,0,0,0,0,,,,,,,,,,,,,,,595,628,310,155,291,526,418,156,623,365,371,169
'732181,"Stoves, heaters, grates, fires, wash boilers, braziers and similar appliances, of iron or steel, ...",0,0,0,0,0,0,0,0,0,0,0,0,,,,,,,,,,,,,,,0,1,2,9,59,79,100,16,1,0,1,0
'732211,"Radiators for central heating, non-electrically heated, and parts thereof, of iron or steel ...",0,0,0,0,0,0,0,0,0,0,0,0,,,,,,,,,,,,,,,0,0,0,0,1,0,0,0,1,0,0,0
'732391,"Table, kitchen or other household articles, and parts thereof, of cast iron, not enamelled ...",0,0,0,0,0,0,0,0,0,0,0,0,,,,,,,,,,,,,,,122,222,458,589,635,812,448,364,232,201,525,300
'732429,Baths of steel sheet,0,0,0,0,0,0,0,0,0,0,0,0,,,,,,,,,,,,,,,2123,2007,2201,1542,3144,1939,2349,1872,2585,1917,2010,3007
'732619,"Articles of iron or steel, forged or stamped, but not further worked, n.e.s. (excl. grinding ...",0,0,0,0,0,0,0,0,0,0,0,0,,,,,,,,,,,,,,,3159,2503,2487,2450,4197,2868,2082,2869,3694,2807,2083,2619
'740729,"Bars, rods and profiles of copper alloys, n.e.s. (excl. such articles of copper-zinc base alloys ...",9,0,7,0,6,0,18,0,10,0,0,0,,,,,,,,,,,,,,,1662,2200,2827,2637,1932,1262,1767,2135,3765,3174,2777,2318
'740819,"Wire of refined copper, with a maximum cross-sectional dimension of <= 6 mm",0,0,0,0,0,0,0,0,2,0,1,0,,,,,,,,,,,,,,,20941,25684,39463,30895,29089,38903,34997,23022,21871,36405,56317,56227
'740990,"Plates, sheets and strip, of copper alloys, of a thickness of > 0,15 mm (excl. copper-zinc ...",0,0,0,0,0,0,0,0,0,0,0,0,,,,,,,,,,,,,,,6189,6265,7142,8207,5918,9264,7158,8271,10243,5549,4694,7074
'750220,Unwrought nickel alloys,0,0,0,0,0,0,0,0,0,0,0,0,,,,,,,,,,,,,,,2141,4225,2700,843,4441,2501,990,3826,1786,3878,2424,1432
'760711,"Aluminium foil, not backed, rolled but not further worked, of a thickness of <= 0,2 mm (excl. ...",0,0,0,0,10,0,0,0,0,0,0,0,,,,,,,,,,,,,,,28296,23584,24524,22339,19768,22168,20265,21424,25375,19308,21835,18772
'821192,"Knives with fixed blades of base metal (excl. straw knives, machetes, knives and cutting blades ...",0,30,0,0,0,0,0,0,2,0,0,0,,,,,,,,,,,,,,,266,458,227,289,474,489,464,300,501,435,260,244
'821300,"Scissors, tailors' shears and similar shears, and blades therefor, of base metal (excl. hedge ...",0,3,0,0,67,0,0,0,0,0,0,0,,,,,,,,,,,,,,,1005,959,1208,1285,1636,1110,935,1091,1302,1364,899,750
'821520,"Sets consisting of one or more knives of heading 8211 and at least an equal number of spoons, ...",0,0,0,0,0,0,0,0,0,0,0,0,,,,,,,,,,,,,,,93,170,139,174,154,175,134,168,181,205,145,107
'830170,"Keys presented separately for padlocks, locks, clasps and frames with clasps incorporating ...",0,0,0,0,0,0,0,0,0,0,0,0,,,,,,,,,,,,,,,740,762,999,708,609,909,818,465,652,703,579,691
'830260,Automatic door closers of base metal,0,0,0,0,0,0,0,0,0,0,0,0,,,,,,,,,,,,,,,1977,924,1460,2129,1959,2229,2176,1944,1716,1803,1406,1930
'830790,"Flexible tubing of base metal other than iron or steel, with or without fittings",0,0,0,0,0,0,0,0,0,0,0,0,,,,,,,,,,,,,,,1309,441,731,906,469,1215,394,1466,791,702,1135,677
'831190,"Wire, rods, tubes, plates, electrodes and the like, of base metal or of metal carbides, coated ...",0,0,0,0,0,0,0,0,0,1,2,0,,,,,,,,,,,,,,,2096,2610,2607,3128,2223,2203,2531,3200,3563,3611,2945,3903
'840310,"Central heating boilers, non-electric (excl. vapour generating boilers and superheated water ...",0,0,0,0,0,0,0,0,0,0,0,0,,,,,,,,,,,,,,,33,138,51,18,101,26,74,133,207,39,374,84
'840420,Condensers for steam or other vapour power units,0,0,0,0,0,0,0,0,0,0,0,0,,,,,,,,,,,,,,,886,638,9,329,29,189,1494,201,549,1065,1824,1
'840490,Parts of auxiliary plant of heading 8402 or 8403 and condensers for steam or other vapour power ...,0,0,0,0,0,0,0,0,0,0,0,0,,,,,,,,,,,,,,,11,86,70,576,710,52,457,67,204,375,353,37
'840681,"Steam and other vapour turbines, of an output > 40 MW (excl. those for marine propulsion)",0,0,0,0,0,0,0,0,0,0,0,0,,,,,,,,,,,,,,,0,0,0,0,0,31,0,0,0,0,0,0
'840731,"Spark-ignition reciprocating piston engine, of a kind used for the propulsion of vehicles of ...",0,0,0,0,0,0,0,0,0,0,0,0,,,,,,,,,,,,,,,0,15,0,0,0,0,0,0,0,0,0,2
'840890,"Compression-ignition internal combustion piston engine ""diesel or semi-diesel engine"" (excl. ...",0,0,0,0,0,0,0,0,0,0,0,0,,,,,,,,,,,,,,,40262,32798,34183,34144,39058,32241,41873,34980,36803,32968,31674,44668
'841210,Reaction engines other than turbojets,0,0,0,0,0,0,0,0,0,0,0,0,,,,,,,,,,,,,,,97,59,82,206,151,37,20,92,32,61,19,71
'841319,"Pumps for liquids, fitted or designed to be fitted with a measuring device (excl. pumps for ...",0,0,1,0,0,0,0,0,0,0,0,0,,,,,,,,,,,,,,,2044,1921,1902,1735,2025,1907,2070,2016,1503,2511,1318,2299
'841382,Liquid elevators (excl. pumps),0,0,0,0,0,0,0,0,0,0,0,0,,,,,,,,,,,,,,,157,76,86,97,63,370,73,51,14,97,34,186
'841460,"Hoods incorporating a fan, whether or not fitted with filters, having a maximum horizontal ...",12,0,0,0,0,0,0,0,0,0,0,0,,,,,,,,,,,,,,,957,393,520,666,929,1266,246,374,794,797,1196,296
'841720,"Bakery ovens, incl. biscuit ovens, non-electric",0,0,0,0,0,0,0,0,0,0,0,0,,,,,,,,,,,,,,,1608,1209,1356,748,2559,775,1049,2973,1038,584,1066,1757
'841821,"Household refrigerators, compression-type",0,0,0,0,0,0,0,0,0,0,0,0,,,,,,,,,,,,,,,2300,2617,1450,3813,3184,2193,730,865,358,1009,1671,2167
'841960,Machinery for liquefying air or other gases,0,0,0,0,0,0,0,0,0,0,0,0,,,,,,,,,,,,,,,15200,7590,3451,9389,7996,1326,5216,8548,18209,12169,7038,1437
'841990,"Parts of machinery, plant and laboratory equipment, whether or not electrically heated, for ...",0,41,2,0,0,3,0,0,0,0,2,0,,,,,,,,,,,,,,,20010,22229,24268,18981,20096,13676,16995,14600,17089,18212,17050,16705
'842191,"Parts of centrifuges, incl. centrifugal dryers, n.e.s.",0,0,0,0,0,0,0,0,0,0,0,0,,,,,,,,,,,,,,,2589,2668,2833,2341,1489,1944,1120,1722,1678,6325,1525,1884
'842211,Dishwashing machines of the household type,0,0,0,0,0,0,0,0,0,0,0,0,,,,,,,,,,,,,,,76,63,425,2759,6152,6055,5014,5908,6456,10732,9535,2546
'842310,"Personal weighing machines, incl. baby scales; household scales",0,0,0,0,0,0,0,0,0,0,0,0,,,,,,,,,,,,,,,1695,1255,1433,1584,2056,2008,1398,1269,1385,1226,1422,489
'842539,"Winches and capstans, non-powered by electric motor",0,0,0,0,0,0,0,0,0,0,0,0,,,,,,,,,,,,,,,2286,2699,2186,1051,4337,2289,3141,2908,2403,1688,1789,2550
'842549,"Jacks and hoists of a kind used for raising vehicles, not hydraulic",0,0,0,0,0,0,0,182,0,105,4,0,,,,,,,,,,,,,,,1243,1059,1669,1364,1624,1195,1309,1685,1602,1703,1200,1334
'842831,"Continuous-action elevators and conveyors for goods or materials, for underground use (excl. ...",0,0,0,0,0,0,0,0,0,0,0,0,,,,,,,,,,,,,,,1002,252,273,308,579,334,325,1376,3,587,0,227
'842840,Escalators and moving walkways,0,0,0,0,0,0,0,0,0,0,0,0,,,,,,,,,,,,,,,3194,3884,2147,1565,7918,5486,2228,2155,4768,5199,1627,4093
'842911,"Self-propelled bulldozers and angledozers, track laying",0,0,0,0,0,0,0,0,0,0,0,0,,,,,,,,,,,,,,,3418,2514,1917,1399,735,3307,2176,2695,2503,3563,2521,847
'843010,"Pile-drivers and pile-extractors (excl. those mounted on railway wagons, motor vehicle chassis ...",0,0,0,0,0,0,0,0,0,0,0,0,,,,,,,,,,,,,,,171,1268,232,399,219,1112,1076,154,45,123,1849,136
'843041,Self-propelled boring or sinking machinery for boring earth or extracting minerals or ores ...,0,0,0,0,0,0,0,0,0,0,0,0,,,,,,,,,,,,,,,16934,17726,15620,13115,10630,18822,11745,26152,19370,19288,16259,11788
'843061,"Tamping or compacting machinery, not self-propelled (excl. hand-operated tools)",0,0,0,0,0,0,0,0,0,0,9,0,,,,,,,,,,,,,,,122,61,49,62,68,111,87,70,130,55,130,95
'843141,"Buckets, shovels, grabs and grips for machinery of heading 8426, 8429 and 8430",0,0,0,0,0,0,0,0,0,0,0,0,,,,,,,,,,,,,,,2181,1231,359,572,1757,3463,4744,1170,1620,1127,837,553
'843510,"Presses, crushers and similar machinery used in the manufacture of wine, cider, fruit juices ...",0,0,0,0,0,0,0,0,0,0,0,0,,,,,,,,,,,,,,,82,304,173,89,609,51,106,824,296,229,641,167
'845430,Casting machines of a kind used in metallurgy or in metal foundries,0,0,0,0,6,0,0,0,0,0,0,0,,,,,,,,,,,,,,,20123,16760,31630,24109,16569,18647,16508,22295,15094,19482,17260,15137
'845530,Rolls for metal-rolling mills,0,0,0,0,0,0,0,0,0,0,0,0,,,,,,,,,,,,,,,23392,20806,17254,19941,20884,18768,19592,17506,13749,15984,14400,14345
'845590,"Parts of metal-rolling mills, n.e.s.",465,0,0,0,0,0,0,0,0,0,0,0,,,,,,,,,,,,,,,27957,13619,21017,24322,30873,24942,18498,27246,36457,32277,35722,42117
'845612,"Machine tools for working any material by removal of material, operated by light or photon ...",0,0,85,0,0,3,0,0,0,0,0,0,,,,,,,,,,,,,,,8,0,89,7,36,69,176,184,0,0,4156,110
'845710,Machining centres for working metal,0,0,0,0,0,0,0,103,0,0,0,0,,,,,,,,,,,,,,,55735,67740,43129,49143,41570,43705,39584,44871,44990,29409,43467,43091
'845720,"Unit construction machines ""single station"", for working metal",0,0,0,0,0,0,0,0,0,0,0,0,,,,,,,,,,,,,,,1295,398,1344,873,33,2866,3202,16,2827,638,242,1021
'845899,"Lathes, incl. turning centres, for removing metal, not numerically controlled (excl. horizontal ...",0,0,0,0,32,74,0,0,0,0,5,0,,,,,,,,,,,,,,,1940,1359,1500,3127,3503,2842,1869,1703,3861,1891,2600,1815
'846120,"Shaping or slotting machines, for working metals, metal carbides or cermets",0,0,0,0,0,1,0,0,0,0,0,0,,,,,,,,,,,,,,,83,87,229,243,604,1771,170,209,175,1469,374,232
'846130,"Broaching machines, for working metals, metal carbides or cermets",0,0,0,0,0,0,0,0,0,0,0,0,,,,,,,,,,,,,,,89,81,31,449,1531,0,96,1086,799,202,1912,591
'846140,"Gear cutting, gear grinding or gear finishing machines, for working metals, metal carbides ...",12,0,0,0,0,0,0,0,0,0,0,0,,,,,,,,,,,,,,,10260,3951,8561,7113,4951,5607,6364,9204,13923,9209,5700,8312
'846211,Closed die forging machines,0,0,0,0,0,0,0,0,0,0,0,0,,,,,,,,,,,,,,,12213,5670,3948,3341,1959,10849,1512,686,1650,3040,3980,858
'846239,"Shearing machines, for flat products (excl. slitting lines, cut-to-length lines, presses, combined ...",0,0,0,75,0,0,64,0,0,17,0,0,,,,,,,,,,,,,,,1906,1089,5952,2565,1408,6777,4537,3041,1776,1774,5308,3350
'846249,"Punching, notching or nibbling machines for flat products incl. combined punching and shearing ...",27,59,0,0,0,0,0,0,0,13,0,0,,,,,,,,,,,,,,,4087,3368,3909,4748,4019,7595,3153,3758,5365,1941,3315,1760
'846299,"Presses, not hydraulic, for working metal (excluding forging, bending, folding, straightening ...",0,0,0,0,0,0,0,0,0,0,0,0,,,,,,,,,,,,,,,0,0,0,0,0,0,0,0,0,0,0,0
'846520,"Machining centres for working wood, cork, bone, hard rubber, hard plastics or similar hard ...",0,0,0,0,0,0,0,0,0,0,0,0,,,,,,,,,,,,,,,1358,240,518,0,0,1093,535,242,356,0,79,0
'846593,"Grinding, sanding or polishing machines for working wood, cork, bone, hard rubber, hard plastics ...",0,0,0,0,0,0,0,0,0,8,0,0,,,,,,,,,,,,,,,1327,1180,1691,752,1217,1579,1501,766,1171,1969,1096,1077
'846594,"Bending or assembling machines for working wood, cork, bone, hard rubber, hard plastics or ...",0,0,0,0,0,0,0,0,0,0,0,0,,,,,,,,,,,,,,,719,493,4118,453,811,1631,1453,2033,1044,890,1452,1334
'844519,"Machines for preparing textile fibres (excl. carding, combing, drawing or roving machines)",0,0,0,0,0,0,0,0,0,0,0,0,,,,,,,,,,,,,,,1599,2071,1927,661,1620,2549,2169,1301,440,606,676,783
'844520,Textile spinning machines (excl. extruding and drawing or roving machines),0,0,0,0,0,0,0,0,0,0,0,0,,,,,,,,,,,,,,,8053,5767,5850,3756,3838,5212,7864,9983,9275,6312,11203,3863
'844842,"Reeds for looms, healds and heald-frames",0,0,0,0,0,0,0,0,0,0,0,0,,,,,,,,,,,,,,,1072,652,871,811,1153,585,1468,1361,939,872,944,587
'847230,"Machines for sorting or folding mail or for inserting mail in envelopes or bands, machines ...",0,0,0,0,0,0,0,0,0,0,0,0,,,,,,,,,,,,,,,0,62,0,0,0,23,0,1,0,0,0,62
'847329,"Parts and accessories of non-electronic calculators for accounting machines, cash registers ...",0,65,0,1,0,0,0,0,0,1,0,0,,,,,,,,,,,,,,,1857,3240,3827,2546,3174,1699,732,594,694,983,1102,1166
'847420,Crushing or grinding machines for solid mineral substances,0,0,0,0,0,0,0,0,0,0,0,0,,,,,,,,,,,,,,,7165,6612,5372,4918,3577,5805,4470,7121,6674,3321,9628,6108
'847529,Machines for manufacturing or hot working glass or glassware (excl. machines for making optical ...,0,0,0,0,0,0,0,0,0,0,0,0,,,,,,,,,,,,,,,4817,15551,5454,13440,8486,13500,11244,14440,9445,1978,12963,19625
'843691,"Parts of poultry-keeping machinery or poultry incubators and brooders, n.e.s.",0,0,0,0,0,0,0,0,0,0,0,0,,,,,,,,,,,,,,,547,237,418,634,700,331,512,713,634,892,646,585
'844250,"Printing plates, cylinders and other printing components; plates, cylinders and lithographic ...",0,0,0,0,0,8,0,0,2,0,0,0,,,,,,,,,,,,,,,6151,4842,3805,3095,3995,3651,4244,5476,6134,5359,6048,5399
'847890,"Parts of machinery for preparing or making up tobacco, n.e.s.",0,0,0,0,0,0,0,0,0,0,0,0,,,,,,,,,,,,,,,100,200,344,90,223,152,154,92,111,883,153,271
'848010,Moulding boxes for metal foundry,0,0,0,0,0,0,0,0,0,0,0,0,,,,,,,,,,,,,,,1104,648,1895,1271,1402,1235,670,1712,466,617,1635,469
'848050,Moulds for glass (excl. moulds of graphite or other carbons and ceramic moulds),0,0,0,0,0,0,0,0,0,0,0,0,,,,,,,,,,,,,,,876,612,785,866,827,700,653,1359,940,1132,796,605
'850730,Nickel-cadmium accumulators (excl. spent),0,0,0,0,0,0,0,0,0,0,0,0,,,,,,,,,,,,,,,599,342,412,292,391,369,511,784,370,262,235,403
'850811,"Vacuum cleaners, incl. dry cleaners and wet vacuum cleaners, with self-contained electric motor, ...",0,0,0,0,0,0,0,0,0,845,357,0,,,,,,,,,,,,,,,492,634,1287,3766,6012,3825,4088,2483,4203,9540,4738,3120
'851010,"Shavers, electric",0,0,0,0,0,0,0,0,0,0,0,0,,,,,,,,,,,,,,,985,1538,1196,2452,1955,2351,1222,1737,443,3431,3178,336
'851150,Generators of a kind used for internal combustion engines (excl. magneto dynamos and dual purpose ...,0,0,0,0,0,0,0,0,0,0,0,0,,,,,,,,,,,,,,,8966,9776,7882,9540,5390,6090,6981,6884,7847,6364,6976,6024
'851310,Portable electrical lamps designed to function by their own source of energy,0,0,0,0,0,0,0,0,0,0,1,0,,,,,,,,,,,,,,,2012,2625,3605,1450,1158,1535,1200,958,1189,1414,1149,1056
'851390,"Parts of portable electrical lamps designed to function by their own source of energy, n.e.s.",0,0,0,0,0,0,0,0,0,0,0,0,,,,,,,,,,,,,,,225,287,361,501,524,506,473,660,575,551,885,371
'851432,Plasma and vacuum arc furnaces,0,0,0,0,0,0,0,0,0,0,0,0,,,,,,,,,,,,,,,13,29,0,0,0,685,386,315,2772,0,4,0
'848590,Parts of machines for additive manufacturing,0,0,0,0,0,0,0,0,0,0,0,0,,,,,,,,,,,,,,,643,531,601,923,1054,893,796,943,666,260,522,617
'848610,Machines and apparatus for the manufacture of boules or wafers,0,0,0,0,0,0,0,0,0,0,0,0,,,,,,,,,,,,,,,47089,73869,59474,24009,7186,898,14412,6437,15150,107,150,2032
'852791,"Radio-broadcast receivers, for mains operation only, combined with sound recording or reproducing ...",0,0,0,71,0,0,0,0,0,0,0,0,,,,,,,,,,,,,,,218,122,537,199,438,506,669,171,102,690,90,502
'852842,"Cathode-ray tube monitors ""CRT"" capable of directly connecting to and designed for use with ...",0,0,0,0,0,0,0,0,0,0,0,0,,,,,,,,,,,,,,,147,120,245,70,246,19,196,272,174,72,220,202
'852869,"Projectors (excl. with TV receiver, designed for computer use)",0,0,7,0,0,0,1,0,90,0,0,0,,,,,,,,,,,,,,,4459,4091,6473,5539,5729,5211,5633,6015,5331,4559,5646,4219
'852873,"Reception apparatus for television, black and white or other monochrome, whether or not incorporating ...",0,2,0,0,0,0,0,0,0,0,0,0,,,,,,,,,,,,,,,4859,3807,2499,2734,2986,2139,1994,2237,2890,2535,2073,1567
'852610,Radar apparatus,0,0,0,0,0,0,0,0,0,0,0,0,,,,,,,,,,,,,,,1780,3145,4026,8740,1379,33581,3268,4328,5144,9103,6140,5430
'853230,"Variable or adjustable ""pre-set"" electrical capacitors",0,0,0,0,0,0,0,0,0,0,0,0,,,,,,,,,,,,,,,821,736,486,576,599,923,470,507,524,1182,345,166
'853390,"Parts of electrical resistors, incl. rheostats and potentiometers, n.e.s.",0,0,0,0,0,0,0,0,0,0,0,0,,,,,,,,,,,,,,,565,712,823,954,803,956,909,487,514,801,773,568
'853530,"Isolating switches and make-and-break switches, for a voltage > 1.000 V",0,0,0,0,0,0,0,0,0,0,0,0,,,,,,,,,,,,,,,2578,2499,2499,3244,2002,2723,1155,2353,5602,2680,2535,2873
'853810,"Boards, panels, consoles, desks, cabinets and other bases for the goods of heading 8537, not ...",8,5,14,35,0,34,63,88,48,0,3,0,,,,,,,,,,,,,,,27096,24274,29900,27077,24934,23338,30995,27014,24895,24825,23375,21488
'853929,"Filament lamps, electric (excl. tungsten halogen lamps, lamps of a power <= 200 W and for a ...",0,0,0,0,0,0,0,0,0,0,0,0,,,,,,,,,,,,,,,2323,1887,2138,2119,2364,2039,2274,2094,2849,2248,1963,1969
'854012,"Cathode ray television picture tubes, incl. video monitor cathode ray tubes, black and white ...",0,0,0,0,0,0,0,0,0,0,0,0,,,,,,,,,,,,,,,0,0,0,0,0,0,0,0,0,0,0,0
'854310,"Electrical particle accelerators for electrons, protons, etc. (excl. ion implanters for doping ...",0,0,0,0,0,0,0,0,0,0,0,0,,,,,,,,,,,,,,,1029,186,3567,1148,149,1612,30,1604,1372,58,288,1523
'860120,Rail locomotives powered by electric accumulators,0,0,0,0,0,0,0,0,0,0,0,0,,,,,,,,,,,,,,,0,0,527,0,170,0,549,238,0,296,560,0
'860730,"Hooks and other coupling devices, buffers, and parts thereof, for railway or tramway locomotives ...",0,0,0,0,0,0,0,0,0,0,0,0,,,,,,,,,,,,,,,860,1124,2284,1690,1948,1097,838,742,900,956,970,1039
'870192,"Tractors, of an engine power > 18 kW but <= 37 kW (excl. those of heading 8709, pedestrian-controlled ...",0,0,0,0,0,0,0,0,0,0,0,0,,,,,,,,,,,,,,,228,405,0,730,383,698,165,672,998,0,282,13
'870193,"Tractors, of an engine power > 37 kW but <= 75 kW (excl. those of heading 8709, pedestrian-controlled ...",0,0,0,0,0,0,0,0,0,0,0,0,,,,,,,,,,,,,,,84,36,46,45,151,10,64,0,174,0,0,62
'870323,Motor cars and other motor vehicles principally designed for the transport of ...,0,0,0,0,0,0,0,0,0,0,0,0,,,,,,,,,,,,,,,19272,22897,18504,20225,16974,10585,8663,7124,39148,7164,32513,8487
'870331,Motor cars and other motor vehicles principally designed for the transport of ...,0,0,0,0,0,0,0,0,0,0,0,0,,,,,,,,,,,,,,,28,268,15,0,0,0,2,23,0,118,0,26
'870340,Motor cars and other motor vehicles principally designed for the transport of ...,0,0,0,0,0,0,0,0,0,0,12,0,,,,,,,,,,,,,,,8032,8694,14011,8622,17520,27663,19140,6039,783,370,5482,4477
'870410,Dumpers for off-highway use,0,0,0,0,0,0,0,0,0,0,0,0,,,,,,,,,,,,,,,1949,2327,3200,21278,3504,1613,6598,4033,1774,3604,12025,5276
'870423,"Motor vehicles for the transport of goods, with only compression-ignition internal combustion ...",0,0,0,0,0,0,0,0,0,0,0,0,,,,,,,,,,,,,,,84,171,75,0,421,52,147,131,24,126,74,470
'870530,Fire fighting vehicles (excl. vehicles for transporting persons),0,0,0,0,0,0,0,0,0,0,0,0,,,,,,,,,,,,,,,0,2764,506,0,4247,3333,11811,0,3355,532,0,8255
'880212,Helicopters of an unladen weight > 2.000 kg (excl. unmanned of heading 8806),0,0,0,0,0,0,0,0,0,0,0,0,,,,,,,,,,,,,,,0,16761,27708,20228,8000,40112,36277,48516,26105,17768,16106,0
'880694,"Unmanned aircraft, with maximum take-off weight > 25 kg but <= 150 kg (excl. for passenger ...",0,0,0,0,0,0,0,0,0,0,0,0,,,,,,,,,,,,,,,0,0,0,23,0,0,0,7607,0,0,0,0
'880720,"Under-carriages and parts thereof, for aircraft, n.e.s.",0,0,0,0,0,0,0,0,0,0,0,0,,,,,,,,,,,,,,,11363,8624,7027,5037,4665,5499,5808,5726,6119,3391,5192,9632
'890590,"Light-vessels, fire-floats, floating cranes and other vessels, the navigability of which is ...",0,0,0,0,0,0,0,0,0,0,0,0,,,,,,,,,,,,,,,19261,1,13145,22382,32692,47828,118956,62897,181898,128112,6510,10108
'890790,"Rafts, tanks, coffer-dams, landing stages, buoys, beacons and other floating structures (excl. ...",0,0,0,0,0,0,0,0,0,0,0,0,,,,,,,,,,,,,,,1276,261,998,913,183,756,990,431,650,185,602,271
'900219,"Objective lenses (excl. for cameras, projectors or photographic enlargers or reducers)",6,3,0,0,0,0,0,0,0,0,11,0,,,,,,,,,,,,,,,535,525,630,1689,591,736,666,1120,901,1273,1162,677
'900630,"Cameras specially designed for underwater use, for aerial survey or for medical or surgical ...",0,0,0,0,0,0,0,0,0,0,0,0,,,,,,,,,,,,,,,577,768,843,844,349,314,628,701,593,1396,707,651
'900653,Cameras for roll film of a width of 35 mm (excl. instant print cameras and special cameras ...,0,0,0,0,0,0,0,0,0,0,0,0,,,,,,,,,,,,,,,4,8,6,5,12,7,8,1,0,0,2,4
'900791,"Parts and accessories for cinematographic cameras, n.e.s.",0,0,0,0,0,0,0,0,0,0,0,0,,,,,,,,,,,,,,,39,150,44,400,1266,457,904,254,200,4899,191,52
'901110,Stereoscopic optical microscopes,0,0,0,0,0,0,0,0,0,0,0,0,,,,,,,,,,,,,,,84,854,128,275,995,67,863,83,90,540,222,1531
'901210,"Electron microscopes, proton microscopes and diffraction apparatus",0,0,0,0,0,0,0,0,1,0,0,0,,,,,,,,,,,,,,,4353,6356,4405,3919,2256,3981,3441,4020,6863,4344,3836,4210
'901580,"Instruments and appliances used in geodesy, topography, hydrography, oceanography, hydrology, ...",0,0,0,0,0,0,0,0,0,0,0,0,,,,,,,,,,,,,,,9182,10513,7444,8920,6869,8147,5029,7319,5255,18450,7950,12476
'901590,"Parts and accessories for instruments and appliances used in geodesy, topography, photogrammetrical ...",0,0,0,0,0,0,0,0,0,0,0,0,,,,,,,,,,,,,,,3410,2041,3903,3373,3769,4536,3109,3656,3855,7870,4684,2975
'901831,"Syringes, with or without needles, used in medical, surgical, dental or veterinary sciences",0,0,0,0,0,0,0,0,0,0,0,0,,,,,,,,,,,,,,,16466,15252,20071,13550,8083,14584,12960,15587,17387,12233,12142,13889
'902139,Artificial parts of the body (excl. artificial teeth and dental fittings and artificial joints),0,0,0,0,0,0,0,0,0,0,0,0,,,,,,,,,,,,,,,22685,19485,25006,26659,17004,22071,20785,26518,23607,26654,27536,25527
'902221,"Apparatus based on the use of alpha, beta, gamma or other ionising radiation, for medical, ...",0,0,0,0,0,0,0,0,0,0,0,0,,,,,,,,,,,,,,,378,1367,333,806,125,402,1357,192,3634,1085,2931,283
'902230,X-ray tubes,0,0,0,0,510,0,0,0,0,571,0,0,,,,,,,,,,,,,,,7991,7085,14058,47296,25667,8247,8314,9512,37430,47420,10773,12574
'870911,"Electrical vehicles not fitted with lifting or handling equipment, of the type used in factories, ...",0,0,0,0,0,0,0,81,0,0,93,0,,,,,,,,,,,,,,,372,195,247,115,1174,110,441,704,3878,8295,3683,5044
'871150,"Motorcycles, incl. mopeds, with reciprocating internal combustion piston engine of a cylinder ...",211,0,0,0,0,205,0,0,0,0,0,0,,,,,,,,,,,,,,,1391,2649,4553,3672,3346,5381,6108,2875,1860,1940,2061,2516
'903281,Hydraulic or pneumatic regulating or controlling instruments and apparatus (excl. manostats ...,0,0,0,0,2,0,0,0,0,0,0,0,,,,,,,,,,,,,,,1570,1663,1384,1591,1707,1137,1184,1243,2910,1550,5093,1497
'910521,"Wall clocks, electrically operated",0,0,0,0,0,0,0,0,0,0,0,0,,,,,,,,,,,,,,,202,105,71,247,87,202,65,73,100,128,121,57
'910610,Time registers and time recorders,0,0,0,0,0,0,0,0,0,0,0,0,,,,,,,,,,,,,,,305,448,411,132,15,8,32,10,1,19,20,7
'910820,"Watch movements, complete and assembled, with automatic winding",0,0,0,0,0,0,0,0,0,0,0,0,,,,,,,,,,,,,,,187,401,158,225,250,176,163,379,447,401,260,300
'911120,"Cases for wrist-watches, pocket-watches and other watches of heading 9101 or 9102, of base ...",0,0,0,0,0,0,0,0,0,0,0,0,,,,,,,,,,,,,,,1219,1146,1297,1237,1119,1139,1230,1073,890,1411,854,1634
'911310,"Watch straps, watch bands and watch bracelets, and parts thereof, of precious metal or of metal ...",0,0,0,0,0,0,0,0,0,0,0,0,,,,,,,,,,,,,,,1844,1772,2437,2323,1699,1535,1550,1601,1685,1681,1235,1610
'930200,Revolvers and pistols (excl. those of heading 9303 or 9304 and sub-machine guns for military ...,0,0,0,0,0,0,0,0,0,0,0,0,,,,,,,,,,,,,,,68,143,94,42,39,227,178,57,37,140,45,172
'930400,"Spring, air or gas guns and pistols, truncheons and other non-firearms (excl. swords, cutlasses, ...",0,0,0,0,0,0,0,0,0,0,0,0,,,,,,,,,,,,,,,1723,782,1267,1305,888,1529,2137,1953,203,898,1188,976
'930690,"Bombs, grenades, torpedos, mines, missiles, and other ammunition and projectiles, and parts ...",0,0,0,0,0,0,0,0,0,0,0,0,,,,,,,,,,,,,,,2304,1009,7095,2859,878,23435,172,3466,2176,537,1620,15337
'940139,"Swivel seats with variable height adjustments (excl. of wood, and medical, surgical, dental ...",11,20,30,3,138,325,23,0,31,0,0,0,,,,,,,,,,,,,,,1973,2490,3039,4337,4851,3780,3375,2861,3645,2200,1730,1393
'940149,"Seats, convertible into beds (excl. of wood, and garden seats and camping equipment, and medical, ...",0,0,0,0,0,0,0,0,41,0,0,0,,,,,,,,,,,,,,,210,83,116,190,125,105,221,113,272,108,64,40
'940191,"Parts of seats, of wood, n.e.s.",0,0,0,0,0,0,0,0,0,3,0,0,,,,,,,,,,,,,,,164,31,63,42,85,206,69,129,653,17,60,41
'940210,"Dentists', barbers' or similar chairs having rotating as well as both reclining and elevating ...",0,0,0,0,0,0,0,0,0,0,0,0,,,,,,,,,,,,,,,1126,999,1869,1512,1574,1428,1186,1587,787,1549,818,817
'940310,Metal furniture for offices (excl. seats),0,0,2,1,16,40,55,80,0,3,4,0,,,,,,,,,,,,,,,3797,2924,3412,3529,4381,4066,4823,2570,4288,4061,3042,4479
'940430,"Sleeping bags, whether or non-electrically heated",0,0,24,31,0,0,0,0,85,0,0,0,,,,,,,,,,,,,,,425,394,277,265,369,357,277,337,346,458,178,148
'950590,"Festival, carnival or other entertainment articles, incl. conjuring tricks and novelty jokes, ...",0,0,0,0,0,35,0,0,0,0,0,0,,,,,,,,,,,,,,,1363,1246,1519,1982,2916,2545,1724,1740,1851,1730,1148,781
'950621,Sailboards,0,0,0,0,0,0,0,0,0,0,0,0,,,,,,,,,,,,,,,0,1,31,6,2,1,6,2,0,3,0,12
'960340,"Paint, distemper, varnish or similar brushes, paint pads and rollers (excl. artists' and similar ...",0,0,0,3,0,0,0,0,1,0,0,0,,,,,,,,,,,,,,,294,292,203,174,454,388,428,299,394,218,238,214
'960630,Button moulds and other parts of buttons; button blanks,0,0,0,0,0,0,2,0,0,0,0,0,,,,,,,,,,,,,,,89,79,55,114,145,153,102,49,10,99,103,154
'960810,Ball-point pens,0,0,0,0,0,0,0,0,0,0,0,0,,,,,,,,,,,,,,,2073,2418,1883,2260,2597,1787,2219,2694,2176,1922,1758,1934
'960840,Propelling or sliding pencils,0,0,0,0,0,0,0,0,0,0,0,0,,,,,,,,,,,,,,,351,199,268,634,319,83,549,331,53,370,233,202
'961100,"Hand-operated date, sealing or numbering stamps, and the like; hand-operated composing sticks ...",0,0,0,0,0,0,0,0,4,3,0,0,,,,,,,,,,,,,,,300,204,250,169,181,217,182,364,118,231,107,186
'961210,"Typewriter or similar ribbons, inked or otherwise prepared for giving impressions, whether ...",0,7,1,16,0,21,17,2,8,17,0,0,,,,,,,,,,,,,,,4703,4474,5266,4109,4145,4447,4673,4138,4314,2326,3753,4607
'961511,"Combs, hair-slides and the like of hard rubber or plastics",0,0,0,0,0,0,0,0,0,0,0,0,,,,,,,,,,,,,,,486,600,586,436,542,560,441,635,688,705,380,294
'902789,"Instruments and apparatus for physical or chemical analysis, or for measuring or checking viscosity, ...",0,0,0,0,0,0,120,1,0,0,0,0,,,,,,,,,,,,,,,35919,25799,34021,35245,34932,32369,32118,36383,37437,34734,47267,35350
'970192,Mosaics (excl. over 100 years old),0,0,0,0,0,0,0,0,0,0,0,0,,,,,,,,,,,,,,,0,0,0,0,0,0,0,0,0,0,0,0
'970390,"Original sculptures and statuary, in any material (excl. over 100 years old)",1,0,0,0,0,2,0,7,0,2,0,0,,,,,,,,,,,,,,,1263,2148,1457,1277,2482,9243,2047,13914,4523,2286,6688,16902
'020210,Frozen bovine carcases and half-carcases,0,0,0,0,0,0,0,0,0,0,0,0,,,,,,,,,,,,,,,0,0,0,0,0,0,0,0,0,0,0,0
'030259,"Fresh or chilled fish of the families Bregmacerotidae, Euclichthyidae, Gadidae, Macrouridae, ...",0,0,0,0,0,0,0,0,0,0,0,0,,,,,,,,,,,,,,,0,0,0,0,0,0,0,0,0,0,0,0
'030274,"Fresh or chilled eels ""Anguilla spp.""",0,0,0,0,0,0,0,0,0,0,0,0,,,,,,,,,,,,,,,13,6,1,0,0,1,17,21,20,7,15,11
'030311,"Frozen sockeye salmon [red salmon] ""Oncorhynchus nerka""",0,0,0,0,0,0,0,0,0,0,0,0,,,,,,,,,,,,,,,0,0,0,0,0,0,0,3,0,0,3,0
'030324,"Frozen catfish ""Pangasius spp., Silurus spp., Clarias spp., Ictalurus spp.""",0,0,0,0,0,0,0,0,0,0,0,0,,,,,,,,,,,,,,,0,7,0,0,0,0,0,81,25,0,0,0
'030342,"Frozen yellowfin tunas ""Thunnus albacares""",0,0,0,0,0,0,0,0,0,0,0,0,,,,,,,,,,,,,,,5,0,0,112,0,0,0,0,0,0,2,0
'030357,"Frozen swordfish ""Xiphias gladius""",0,0,0,0,0,0,0,0,0,0,0,0,,,,,,,,,,,,,,,0,0,0,0,0,0,0,0,0,0,0,0
'030439,"Fresh or chilled fillets of carp ""Cyprinus spp., Carassius spp., Ctenopharyngodon idellus, ...",0,0,0,0,0,0,0,0,0,0,0,0,,,,,,,,,,,,,,,0,0,0,0,0,0,0,0,0,0,0,0
'030479,"Frozen fillets of fish of the families Bregmacerotidae, Euclichthyidae, Gadidae, Macrouridae, ...",0,0,0,0,0,0,0,0,0,0,0,0,,,,,,,,,,,,,,,31,0,0,0,0,32,0,0,4,0,46,0
'030484,"Frozen fillets of swordfish ""Xiphias gladius""",0,0,0,0,0,0,0,0,0,0,0,0,,,,,,,,,,,,,,,0,0,0,0,0,0,0,0,0,0,0,0
'030520,"Fish livers, roes and milt, dried, smoked, salted or in brine",0,0,0,0,0,0,0,0,0,0,0,0,,,,,,,,,,,,,,,0,0,0,0,0,0,0,0,0,0,0,0
'030541,"Smoked Pacific salmon ""Oncorhynchus nerka, Oncorhynchus gorbuscha, Oncorhynchus keta, Oncorhynchus ...",0,0,0,0,0,0,0,0,0,0,0,0,,,,,,,,,,,,,,,0,158,0,0,34,14,330,23,217,3,148,34
'030616,"Frozen cold-water shrimps and prawns ""Pandalus spp., Crangon crangon"", even smoked, whether ...",0,0,0,0,0,0,0,0,0,0,0,0,,,,,,,,,,,,,,,0,0,0,0,0,0,0,0,0,0,0,0
'030635,"Cold-water shrimps and prawns ""Pandalus spp., Crangon crangon"", whether in shell or not, live, ...",0,0,0,0,0,0,0,0,0,0,0,0,,,,,,,,,,,,,,,0,0,0,0,0,0,0,0,0,0,0,0
'030636,"Shrimps and prawns, whether in shell or not, live, fresh or chilled (excl. cold-water shrimps ...",0,0,0,0,0,0,0,0,0,0,0,0,,,,,,,,,,,,,,,1531,1958,2137,2121,1273,1371,3501,3947,1895,1969,1656,965
'030692,"Lobsters ""Homarus spp."", whether in shell or not, dried, salted, smoked or in brine, incl. ...",0,0,0,0,0,0,0,0,0,0,0,0,,,,,,,,,,,,,,,0,0,0,0,0,0,0,0,0,0,0,0
'030752,"Octopus ""Octopus spp."", frozen",86,0,0,0,0,0,0,0,0,0,0,0,,,,,,,,,,,,,,,89,0,0,7,1,0,0,0,0,7,0,0
'030759,"Octopus ""Octopus spp."", smoked, dried, salted or in brine",0,0,0,0,0,0,0,0,0,0,0,0,,,,,,,,,,,,,,,0,0,0,0,0,0,0,0,0,0,0,0
'030760,"Snails, live, fresh, chilled, frozen, salted, dried or in brine, even smoked, with or without ...",0,0,0,0,0,0,0,0,0,0,0,0,,,,,,,,,,,,,,,0,0,0,0,0,0,0,0,0,0,0,0
'030830,"Live, fresh, chilled, frozen, dried, salted or in brine, even smoked, jellyfish ""Rhopilema ...",0,0,0,0,0,0,0,0,0,0,0,0,,,,,,,,,,,,,,,0,0,0,0,0,0,0,0,0,0,0,0
'040390,"Buttermilk, curdled milk and cream, kephir and other fermented or acidified milk and cream, ...",0,0,0,0,0,0,0,0,0,0,0,0,,,,,,,,,,,,,,,0,0,0,0,0,0,0,0,0,0,0,0
'040520,"Dairy spreads of a fat content, by weight, of >= 39% but < 80%",0,0,0,0,0,0,0,0,0,0,0,0,,,,,,,,,,,,,,,0,0,0,0,0,0,0,0,0,0,0,0
'040900,Natural honey,0,0,0,0,0,0,0,0,0,0,0,0,,,,,,,,,,,,,,,336,26,291,190,84,365,101,1,28,55,125,163
'050510,"Feathers used for stuffing and down, not further worked than cleaned, disinfected or treated ...",0,0,0,0,0,0,0,0,0,0,0,0,,,,,,,,,,,,,,,54,0,21,0,0,18,81,6,75,76,37,68
'050610,Ossein and bones treated with acid,0,0,0,0,0,0,0,0,0,0,0,0,,,,,,,,,,,,,,,361,754,478,353,468,786,412,481,726,561,561,696
'060210,Unrooted cuttings and slips,0,0,0,0,0,0,0,0,0,0,0,0,,,,,,,,,,,,,,,9,54,8,10,0,0,16,2,1,18,16,0
'060319,"Fresh cut flowers and buds, of a kind suitable for bouquets or for ornamental purposes (excl. ...",0,0,0,0,0,0,0,0,0,0,0,0,,,,,,,,,,,,,,,34,19,28,43,45,48,105,104,53,91,50,195
'060490,"Foliage, branches and other parts of plants, without flowers or flower buds, and grasses, mosses ...",0,0,0,0,0,0,0,0,0,0,0,0,,,,,,,,,,,,,,,148,130,43,127,25,35,18,71,45,34,45,63
'070410,Fresh or chilled cauliflowers and broccoli,0,0,0,0,0,0,0,0,0,0,0,0,,,,,,,,,,,,,,,0,0,0,0,0,0,0,0,0,0,0,0
'070956,"Fresh or chilled truffles ""Tuber spp.""",0,0,0,0,0,0,0,0,0,0,0,0,,,,,,,,,,,,,,,0,0,0,0,0,0,0,0,0,0,0,0
'070992,Fresh or chilled olives,0,0,0,0,0,0,0,0,0,0,0,0,,,,,,,,,,,,,,,0,0,0,0,0,0,0,0,0,0,0,0
'070999,Fresh or chilled vegetables n.e.s.,0,0,0,0,0,0,0,0,0,0,0,0,,,,,,,,,,,,,,,14,15,14,18,12,21,7,17,17,21,13,25
'071029,"Leguminous vegetables, shelled or unshelled, uncooked or cooked by steaming or by boiling in ...",0,0,0,0,0,0,0,0,0,0,0,0,,,,,,,,,,,,,,,80,24,94,137,92,192,178,77,98,106,164,92
'071030,"Spinach, New Zealand spinach and orache spinach, uncooked or cooked by steaming or by boiling ...",0,0,0,0,0,0,0,0,0,0,0,0,,,,,,,,,,,,,,,11,0,0,0,0,0,0,0,0,0,0,0
'071120,"Olives, provisionally preserved, e.g. by sulphur dioxide gas, in brine, in sulphur water or ...",0,0,0,0,0,0,0,0,0,0,0,0,,,,,,,,,,,,,,,134,333,178,30,42,21,86,74,79,98,172,49
'071190,"Vegetables and mixtures of vegetables provisionally preserved, e.g. by sulphur dioxide gas, ...",0,0,0,0,0,0,0,0,0,0,0,0,,,,,,,,,,,,,,,516,134,474,218,177,143,289,467,303,162,96,253
'090832,"Cardamoms, crushed or ground",0,0,0,0,0,0,0,0,0,0,0,0,,,,,,,,,,,,,,,2,0,0,35,462,0,0,232,0,253,695,1240
'110311,Groats and meal of wheat,0,0,0,0,0,0,0,0,0,0,0,0,,,,,,,,,,,,,,,11,5,30,0,7,11,0,3,4,0,23,0
'110422,"Hulled, pearled, sliced, kibbled or otherwise worked oat grains (excl. rolled, flaked, pellets ...",0,0,0,0,0,0,0,0,0,0,0,0,,,,,,,,,,,,,,,435,2748,684,1409,1130,2388,2870,2931,1677,3513,2631,1900
'110510,"Flour, meal and powder of potatoes",0,0,0,0,0,0,0,0,0,0,0,0,,,,,,,,,,,,,,,0,0,0,0,0,0,0,0,53,4,0,0
'110520,"Flakes, granules and pellets of potatoes",0,0,0,0,0,0,0,0,0,0,0,0,,,,,,,,,,,,,,,21,127,131,666,127,118,440,281,65,288,169,226
'110620,"Flour, meal and powder of sago or of roots or tubers of manioc, arrowroot, salep, sweet potatoes ...",0,0,0,0,0,0,0,0,0,0,0,0,,,,,,,,,,,,,,,0,0,0,0,0,0,0,0,0,0,8,0
'110710,Malt (excl. roasted),0,0,0,0,0,0,0,0,0,0,0,0,,,,,,,,,,,,,,,156,122,302,88,271,172,81,124,157,277,46,200
'110812,Maize starch,0,0,0,0,0,0,0,0,0,0,0,0,,,,,,,,,,,,,,,514,892,859,692,865,385,415,759,138,386,491,384
'110900,"Wheat gluten, whether or not dried",0,0,0,0,0,0,0,0,0,0,0,0,,,,,,,,,,,,,,,1218,1787,1915,2334,1875,2234,3483,3045,3082,2349,1337,2114
'120190,"Soya beans, whether or not broken (excl. seed for sowing)",0,0,0,0,0,0,0,0,0,0,0,0,,,,,,,,,,,,,,,60,0,0,0,348,1172,4005,1105,12554,45899,78371,106968
'120242,"Groundnuts, shelled, whether or not broken (excl. seed for sowing, roasted or otherwise cooked)",0,0,0,0,0,0,82,1213,0,0,0,0,,,,,,,,,,,,,,,185,0,0,47,57,76,323,1471,459,495,240,21
'120710,Palm nuts and kernels,0,0,0,0,0,0,0,0,0,0,0,0,,,,,,,,,,,,,,,520,659,940,1619,1417,2114,2298,831,508,1061,923,212
'120921,Alfalfa seed for sowing,0,0,0,0,0,0,0,0,0,0,0,0,,,,,,,,,,,,,,,0,0,0,0,0,3,0,0,0,0,0,0
'120925,"Ryegrass ""Lolium multiflorum lam., Lolium perenne L."" seed, for sowing",0,0,0,0,0,0,0,0,0,0,0,0,,,,,,,,,,,,,,,2,0,0,137,1035,464,171,57,56,227,47,57
'120999,"Seeds, fruits and spores, for sowing (excl. leguminous vegetables and sweetcorn, coffee, tea, ...",0,3,0,0,0,0,0,0,0,0,0,0,,,,,,,,,,,,,,,107,4262,1475,67,922,931,1734,1050,1665,349,704,60
'121291,"Sugar beet, fresh, chilled, frozen or dried, whether or not ground",0,0,0,0,0,0,0,0,0,0,0,0,,,,,,,,,,,,,,,0,0,0,0,0,0,0,0,0,0,0,0
'130219,"Vegetable saps and extracts (excl. liquorice, hops, opium and ephedra)",0,0,0,0,0,0,0,0,0,29,0,0,,,,,,,,,,,,,,,4493,5014,8047,4652,4297,4051,5234,5362,5422,7420,4501,6753
'150290,"Fats of bovine animals, sheep or goats (excl. tallow, oleostearin and oleo-oil)",0,0,0,0,0,0,0,0,0,0,0,0,,,,,,,,,,,,,,,0,0,0,0,0,0,0,0,0,0,0,0
'150420,"Fats and oils of fish and their fractions, whether or not refined (excl. liver oils and chemically ...",0,0,0,0,0,0,0,0,0,0,0,0,,,,,,,,,,,,,,,1681,683,2036,1455,2150,1901,1555,784,2013,3015,452,788
'150500,"Wool grease and fatty substances derived therefrom, incl. lanolin",0,0,0,0,0,0,0,0,0,0,0,0,,,,,,,,,,,,,,,442,468,745,606,621,417,696,350,541,497,468,691
'151221,Crude cotton-seed oil,0,0,0,0,0,0,0,0,0,0,0,0,,,,,,,,,,,,,,,206,318,349,64,0,0,0,0,0,427,622,320
'151311,Crude coconut oil,0,0,0,0,0,0,0,0,0,0,0,0,,,,,,,,,,,,,,,0,0,0,0,0,0,0,0,0,10,0,0
'151499,"High erucic acid rape or colza oil ""fixed oil which has an erucic acid content of >= 2%"", and ...",0,0,0,0,0,0,0,0,0,0,0,0,,,,,,,,,,,,,,,55,0,35,3,39,0,20,107,174,152,328,215
'151519,"Linseed oil and fractions thereof, whether or not refined, but not chemically modified (excl. ...",0,0,0,0,0,0,0,0,0,0,0,0,,,,,,,,,,,,,,,460,653,44,306,271,787,545,534,327,292,478,598
'151560,"Microbial fats and oils and their fractions, whether or not refined, but not chemically modified",0,0,0,0,0,0,0,0,0,0,0,0,,,,,,,,,,,,,,,5,43,62,106,20,38,39,38,39,51,28,42
'151590,"Fixed vegetable fats and oils and their fractions, whether or not refined, but not chemically ...",0,0,0,0,0,0,15,0,0,24,0,0,,,,,,,,,,,,,,,347,430,590,435,7104,2374,1895,2700,4582,2046,10019,4029
'152110,"Vegetable waxes, whether or not refined or coloured (excl. triglycerides)",0,0,0,0,0,0,0,0,0,0,0,0,,,,,,,,,,,,,,,415,604,373,220,360,492,361,479,806,238,443,240
'160239,"Prepared or preserved meat or meat offal of ducks, geese and guinea fowl of the species domesticus ...",0,0,0,0,0,0,0,0,0,0,0,0,,,,,,,,,,,,,,,0,20,0,0,0,0,0,51,0,0,33,24
'160242,"Prepared or preserved shoulders and cuts thereof, of swine",0,0,0,0,0,0,0,0,0,0,0,0,,,,,,,,,,,,,,,0,30,0,6,23,0,0,6,0,11,0,0
'160250,"Prepared or preserved meat or offal of bovine animals (excl. sausages and similar products, ...",0,0,0,0,0,0,0,0,0,0,0,0,,,,,,,,,,,,,,,0,0,0,0,0,0,0,0,0,0,0,0
'160419,"Prepared or preserved fish, whole or in pieces (excl. minced, merely smoked, and salmon, herrings, ...",0,0,0,0,0,0,0,0,0,0,0,0,,,,,,,,,,,,,,,0,0,0,0,0,0,2,0,0,0,0,0
'160420,Prepared or preserved fish (excl. whole or in pieces),0,0,0,0,0,0,0,0,0,0,0,0,,,,,,,,,,,,,,,0,226,106,0,106,0,0,104,55,106,0,106
'160521,"Shrimps and prawns, prepared or preserved, not in airtight containers (excl. smoked)",0,0,0,0,0,0,0,0,0,0,0,0,,,,,,,,,,,,,,,0,52,0,0,0,0,0,0,0,0,0,0
'170219,"Lactose in solid form and lactose syrup, not containing added flavouring or colouring matter, ...",0,0,0,0,0,0,0,0,0,0,0,0,,,,,,,,,,,,,,,1466,2839,2720,2402,2326,2910,2911,4302,4157,2493,1326,1401
'200190,"Vegetables, fruit, nuts and other edible parts of plants, prepared or preserved by vinegar ...",0,0,0,0,0,0,0,0,0,0,0,0,,,,,,,,,,,,,,,167,44,42,156,95,68,74,122,241,171,195,216
'200580,"Sweetcorn ""Zea Mays var. Saccharata"", prepared or preserved otherwise than by vinegar or acetic ...",0,0,0,0,0,0,0,0,0,0,0,0,,,,,,,,,,,,,,,4,6,1,1,7,20,1,23,2,3,3,18
'200870,"Peaches, incl. nectarines, prepared or preserved, whether or not containing added sugar or ...",0,0,0,0,0,0,0,0,0,0,0,0,,,,,,,,,,,,,,,1,0,0,0,16,9,37,18,0,0,1,4
'200891,"Palm hearts, prepared or preserved, whether or not containing added sugar or other sweetening ...",0,0,0,0,0,0,0,0,0,0,0,0,,,,,,,,,,,,,,,0,0,0,0,62,0,0,0,0,0,0,0
'210320,Tomato ketchup and other tomato sauces,0,0,0,0,0,0,0,0,0,0,0,0,,,,,,,,,,,,,,,11,72,138,38,28,233,276,224,373,147,200,262
'220430,"Grape must, of an actual alcoholic strength of > 0,5% vol (excl. grape must whose fermentation ...",0,0,0,0,0,0,0,0,0,0,0,0,,,,,,,,,,,,,,,7,7,0,0,0,6,1,0,0,1,0,1
'220720,Denatured ethyl alcohol and other spirits of any strength,0,0,0,0,0,0,0,0,0,0,0,0,,,,,,,,,,,,,,,44327,39871,28917,19267,46875,24431,30914,22715,33340,49101,30239,49968
'230210,"Bran, sharps and other residues of maize ""corn"", whether or not in the form of pellets, derived ...",0,0,0,0,0,0,0,0,0,0,0,0,,,,,,,,,,,,,,,0,0,0,14,80,9,209,280,8,0,0,59
'230250,"Bran, sharps and other residues of leguminous plants, whether or not in the form of pellets, ...",0,0,0,0,0,0,0,0,0,0,0,0,,,,,,,,,,,,,,,0,13,8,436,242,5,9,12,145,30,0,81
'230500,"Oilcake and other solid residues, whether or not ground or in the form of pellets, resulting ...",0,0,0,0,0,0,0,0,0,0,0,0,,,,,,,,,,,,,,,0,0,0,0,0,0,0,0,0,0,0,0
'230620,"Oilcake and other solid residues, whether or not ground or in the form of pellets, resulting ...",0,0,0,0,0,0,0,0,0,0,0,0,,,,,,,,,,,,,,,0,0,0,0,0,0,0,3,0,0,0,0
'230649,"Oilcake and other solid residues, whether or not ground or in the form of pellets, resulting ...",0,0,0,0,0,0,0,0,0,0,0,0,,,,,,,,,,,,,,,0,0,0,0,11,36,0,0,0,0,0,0
'230690,"Oilcake and other solid residues, whether or not ground or in the form of pellets, resulting ...",0,0,14,15,7,7,12,0,0,0,0,0,,,,,,,,,,,,,,,1767,1813,1995,1699,1648,1659,2028,2427,2573,2717,2631,2445
'240220,"Cigarettes, containing tobacco",0,0,0,0,0,0,0,0,0,0,0,0,,,,,,,,,,,,,,,2642,2440,3987,1606,4360,7965,1889,3733,6491,1866,3340,1328
'240391,"Tobacco, ""homogenised"" or ""reconstituted"" from finely-chopped tobacco leaves, tobacco refuse ...",0,0,0,0,0,0,0,0,0,0,0,0,,,,,,,,,,,,,,,0,0,1089,0,741,0,0,773,0,0,0,0
'240411,"Products containing tobacco or reconstituted tobacco, intended for inhalation without combustion",0,0,0,0,0,0,0,0,0,0,0,0,,,,,,,,,,,,,,,0,0,0,0,0,0,0,0,0,0,0,7
'251720,"Macadam of slag, dross or similar industrial waste, whether or not incorporating pebbles, gravel, ...",0,0,0,0,0,0,0,0,0,0,0,0,,,,,,,,,,,,,,,0,0,0,0,0,33,0,100,231,100,0,0
'252520,Mica powder,0,0,0,0,0,0,0,0,0,0,0,0,,,,,,,,,,,,,,,148,61,136,200,219,183,235,140,164,56,156,122
'252922,Fluorspar containing by weight > 97% calcium fluoride,0,0,0,0,0,539,0,0,0,0,0,0,,,,,,,,,,,,,,,20400,10467,10411,21674,10770,9974,14621,15416,16999,4618,3872,20759
'270220,Agglomerated lignite (excl. jet),0,0,0,0,0,0,0,0,0,0,0,0,,,,,,,,,,,,,,,0,0,0,10,27,0,0,0,0,0,0,0
'270730,"Xylol ""xylenes"" containing > 50% of xylenes (excl. chemically defined)",0,0,0,0,0,0,0,0,0,0,0,0,,,,,,,,,,,,,,,0,1620,801,1377,2281,1842,3964,8141,9262,2328,12081,17715
'270900,"Petroleum oils and oils obtained from bituminous minerals, crude",0,0,0,0,0,0,0,0,0,0,0,0,,,,,,,,,,,,,,,11398295,10516527,12143563,9823988,10713344,11294183,10944362,11295385,10271057,9819802,9520056,15375543
'271091,"Waste oils containing polychlorinated biphenyls [PCBs], polychlorinated terphenyls [PCTs] or ...",0,0,0,0,0,0,0,0,0,0,0,0,,,,,,,,,,,,,,,0,17,3,1,8,0,0,2,6,0,0,0
'271220,"Paraffin wax containing < 0,75% by weight of oil",0,0,0,0,0,0,0,0,0,0,0,0,,,,,,,,,,,,,,,1838,1335,1632,2067,2350,1599,1067,930,1369,1643,3005,2537
'280512,Calcium,0,0,0,0,0,0,0,0,0,0,0,0,,,,,,,,,,,,,,,1952,2669,1140,1807,2515,2523,2683,1341,1942,2395,1664,1715
'281212,Phosphorus oxychloride,0,0,0,0,0,34,0,0,0,34,0,0,,,,,,,,,,,,,,,95,81,102,0,319,34,0,209,0,34,360,0
'281290,Halides and halide oxides of non-metals (excl. chlorides and chloride oxides),0,0,0,0,0,0,0,0,0,0,0,0,,,,,,,,,,,,,,,806,686,496,677,448,550,747,480,571,584,825,767
'282120,Earth colours containing >= 70% by weight of combined iron evaluated as Fe2O3,0,0,0,0,0,0,0,0,0,0,0,0,,,,,,,,,,,,,,,0,0,2,0,1,6,2,29,1,1,2,0
'282200,Cobalt oxides and hydroxides; commercial cobalt oxides,0,0,0,0,0,0,0,0,0,0,0,0,,,,,,,,,,,,,,,2071,1214,1828,0,2309,0,237,552,1102,980,0,50
'282520,Lithium oxide and hydroxide,0,0,0,0,0,0,0,0,0,0,0,0,,,,,,,,,,,,,,,2025,1542,3093,1228,2714,1535,1267,2605,2732,1336,4048,3933
'282580,Antimony oxides,114,127,209,0,0,0,0,0,0,0,0,0,,,,,,,,,,,,,,,4312,1900,16272,12777,9800,10125,3859,498,1865,1581,3133,3087
'282731,Magnesium chloride,0,0,0,0,0,0,0,0,0,0,0,0,,,,,,,,,,,,,,,94,205,135,199,317,473,269,270,395,228,455,152
'283325,Sulphates of copper,0,0,0,0,0,0,0,0,0,0,0,0,,,,,,,,,,,,,,,1,61,48,9,7,18,59,37,14,26,4,119
'283330,Alums,0,0,0,0,0,0,0,0,0,0,0,0,,,,,,,,,,,,,,,95,65,6,2,102,120,333,444,95,99,1,231
'283429,Nitrates (excl. of potassium and of mercury),0,0,0,0,0,0,0,0,0,0,0,0,,,,,,,,,,,,,,,441,506,583,273,479,197,389,642,521,376,252,739
'283630,"Sodium hydrogencarbonate ""sodium bicarbonate""",0,0,0,0,0,0,0,0,0,0,0,0,,,,,,,,,,,,,,,1281,1504,913,1044,1152,893,1782,884,1225,919,891,786
'284030,"Peroxoborates ""perborates""",0,0,0,0,0,0,0,0,0,0,0,0,,,,,,,,,,,,,,,167,249,51,102,95,116,7,170,90,145,90,93
'284130,Sodium dichromate,0,0,0,0,0,0,0,0,0,0,0,0,,,,,,,,,,,,,,,2203,1224,1017,986,1411,687,2208,1795,1634,2142,818,1161
'284169,"Manganites, manganates and permanganates (excl. potassium permanganate)",0,0,0,0,0,0,0,0,0,0,0,0,,,,,,,,,,,,,,,181,129,403,263,169,69,192,362,51,237,166,40
'284310,Colloidal precious metals,0,0,0,0,0,0,0,0,0,0,0,0,,,,,,,,,,,,,,,1043,589,765,849,698,1397,742,1427,774,999,521,1588
'284329,"Silver compounds, inorganic or organic, whether or not chemically defined (excl. of mercury ...",0,0,0,0,0,0,0,0,0,0,0,0,,,,,,,,,,,,,,,1868,1190,1218,596,999,390,1545,985,1767,177,14,633
'284444,Radioactive residues,0,0,0,0,0,0,0,0,0,0,0,0,,,,,,,,,,,,,,,0,0,0,0,0,0,0,0,0,0,0,0
'285000,"Hydrides, nitrides, azides, silicides and borides, whether or not chemically defined (excl. ...",0,0,0,0,0,0,0,0,0,0,0,0,,,,,,,,,,,,,,,7142,6905,8557,8614,6750,9080,6323,5525,7424,9483,6451,9178
'285290,"Compounds, inorganic or organic, of mercury, not chemically defined (excl. amalgams)",0,0,0,0,0,0,0,0,0,0,0,0,,,,,,,,,,,,,,,0,0,3,0,0,8,0,0,0,0,9,0
'285390,"Phosphides, whether or not chemically defined (excl. ferrophosphorus); inorganic compounds, ...",0,0,0,0,0,0,0,0,0,0,0,0,,,,,,,,,,,,,,,759,738,449,693,729,929,979,900,601,757,548,793
'290122,"Propene ""propylene""",0,0,0,0,0,0,0,0,0,0,0,0,,,,,,,,,,,,,,,8281,67,34,5462,19,25,0,71,1,12,61,82
'290311,"Chloromethane ""methyl chloride"" and chloroethane ""ethyl chloride""",0,0,0,0,0,0,0,0,0,0,0,0,,,,,,,,,,,,,,,0,0,147,0,22,27,72,69,0,55,27,0
'290341,"Trifluoromethane ""HFC-23""",0,0,0,0,0,0,0,0,0,0,0,0,,,,,,,,,,,,,,,0,0,0,0,37,0,0,0,0,54,73,0
'290372,Dichlorotrifluoroethanes,0,0,0,0,0,0,0,0,0,0,0,0,,,,,,,,,,,,,,,0,0,0,0,290,269,0,0,0,0,0,0
'290392,"Hexachlorobenzene (ISO) and DDT (ISO) (clofenotane (INN), 1,1,1-trichloro-2,2-bis(p-chloro ...",0,0,0,0,0,0,0,0,0,0,0,0,,,,,,,,,,,,,,,0,0,0,0,0,0,0,1,0,2,1,0
'290513,"Butan-1-ol ""n-butyl alcohol""",0,0,0,0,0,0,0,0,0,0,0,0,,,,,,,,,,,,,,,1180,1620,130,4831,6645,8050,4568,3370,5122,3325,4883,1438
'290539,"Diols (excl. ethylene glycol ""ethanediol"" and propylene glycol ""propane-1,2-diol"")",0,0,0,0,0,0,0,0,0,0,0,0,,,,,,,,,,,,,,,8668,12759,13324,13068,12566,12809,9643,6512,7846,4588,9624,6840
'290613,Sterols and inositols,0,0,0,0,0,0,0,0,0,0,0,0,,,,,,,,,,,,,,,753,743,510,1018,1156,754,1094,350,1701,946,151,668
'290891,"Dinoseb ""ISO"" and its salts",0,0,0,0,0,0,0,0,0,0,0,0,,,,,,,,,,,,,,,0,0,0,0,0,0,0,0,0,0,0,0
'290919,"Acyclic ethers and their halogenated, sulphonated, nitrated or nitrosated derivatives (excl. ...",0,0,0,0,0,0,0,0,0,0,0,0,,,,,,,,,,,,,,,4446,2989,3573,4048,2543,4454,3104,2668,1863,2792,2269,4478
'290944,Monoalkylethers of ethylene glycol or of diethylene glycol (excl. monobutyl ethers),0,0,0,0,0,0,0,0,0,0,0,0,,,,,,,,,,,,,,,1367,719,738,2041,1429,1577,1246,2137,3057,1614,558,326
'290950,"Ether-phenols, ether-alcohol-phenols and their halogenated, sulphonated, nitrated or nitrosated ...",0,0,0,0,0,0,0,0,0,0,0,0,,,,,,,,,,,,,,,1303,1159,1252,595,1423,2084,696,1630,1304,606,1532,1422
'291010,"Oxirane ""ethylene oxide""",0,0,0,0,0,0,0,0,0,0,0,0,,,,,,,,,,,,,,,181,285,376,82,148,41,16,136,126,195,136,91
'291030,"1-Chloro-2,3-epoxypropane ""epichlorohydrin""",0,0,0,0,0,0,0,0,0,0,0,0,,,,,,,,,,,,,,,12456,8638,7834,10381,6185,14761,11198,9708,6528,4677,6280,18190
'291212,"Ethanal ""acetaldehyde""",0,0,0,0,0,0,0,0,0,0,0,0,,,,,,,,,,,,,,,42,72,8,18,29,16,7,28,67,47,104,138
'291241,"Vanillin ""4-hydroxy-3-methoxybenzaldehyde""",0,0,0,0,0,0,0,0,0,0,0,0,,,,,,,,,,,,,,,1896,2075,1905,1681,1919,2550,1713,2153,1661,1374,1583,2362
'291300,"Halogenated, sulphonated, nitrated or nitrosated derivatives of cyclic polymers of aldehydes ...",0,0,0,0,0,0,0,0,0,0,0,0,,,,,,,,,,,,,,,1194,1017,2632,1719,2206,2539,2335,1755,2065,1224,1734,2233
'291422,Cyclohexanone and methylcyclohexanones,0,0,0,0,0,0,0,0,0,0,0,0,,,,,,,,,,,,,,,4113,3995,2680,5516,2547,3361,81,5764,6021,7130,2473,2427
'291429,"Cyclanic, cyclenic or cycloterpenic ketones, without other oxygen function (excl. cyclohexanone, ...",0,0,0,0,0,0,0,0,0,0,0,0,,,,,,,,,,,,,,,8669,10525,12177,10751,7038,8192,8630,9610,9595,8864,7258,9753
'291560,"Butanoic acids, pentanoic acids, their salts and esters",0,0,0,0,0,0,0,0,0,0,0,0,,,,,,,,,,,,,,,4502,10986,8145,10178,9001,5102,4425,5537,5808,4683,11070,2403
'291570,"Palmitic acid, stearic acid, their salts and esters",0,0,24,0,0,0,0,0,0,0,12,0,,,,,,,,,,,,,,,5804,5395,6418,6582,4670,3877,4630,4528,4077,3472,4890,3128
'291614,Esters of methacrylic acid,0,0,0,0,0,0,0,0,0,0,0,0,,,,,,,,,,,,,,,13028,14269,12972,15060,9534,9783,7468,11102,12314,18106,18124,12678
'291631,"Benzoic acid, its salts and esters (excl. inorganic or organic compounds of mercury)",0,0,0,0,0,0,0,0,0,0,0,0,,,,,,,,,,,,,,,4446,5799,3671,2551,5533,4808,3047,2748,5676,3768,4128,5960
'291719,"Acyclic polycarboxylic acids, their anhydrides, halides, peroxides, peroxyacids and their halogenated, ...",0,0,0,0,0,0,0,0,0,0,0,0,,,,,,,,,,,,,,,7014,5309,5328,5565,3880,4159,4114,4676,6298,4641,4700,6680
'291739,"Aromatic polycarboxylic acids, their anhydrides, halides, peroxides, peroxyacids and their ...",0,0,0,0,0,0,0,0,0,0,0,0,,,,,,,,,,,,,,,12357,13699,13346,9686,10334,8454,6894,6220,8793,8994,8215,9093
'291815,Salts and esters of citric acid (excl. inorganic or organic compounds of mercury),0,0,0,0,0,0,0,0,0,0,0,0,,,,,,,,,,,,,,,797,1045,1382,1734,1053,1140,1428,1022,1448,970,523,1215
'291822,"o-Acetylsalicylic acid, its salts and esters",0,0,0,0,0,0,0,0,0,0,0,0,,,,,,,,,,,,,,,27,3,97,241,0,1,0,86,13,144,106,86
'292114,"2-(N,N-Diisopropylamino)ethylchloride hydrochloride",0,0,0,0,0,0,0,0,0,0,0,0,,,,,,,,,,,,,,,0,0,0,0,0,0,0,0,0,0,0,0
'292141,Aniline and its salts (excl. inorganic or organic compounds of mercury),0,0,0,0,0,0,0,0,0,0,0,0,,,,,,,,,,,,,,,13619,25671,23701,29542,33076,51808,40240,19235,19162,20305,53515,16331
'292146,"Amfetamine ""INN"", benzfetamine ""INN"", dexamfetamine ""INN"", etilamfetamine ""INN"", fencamfamine ...",0,0,0,0,0,0,0,0,0,0,0,0,,,,,,,,,,,,,,,66,0,0,0,55,0,73,71,33,15,0,0
'292215,Triethanolamine,0,0,0,0,0,0,0,0,0,0,0,0,,,,,,,,,,,,,,,2054,1236,1775,2588,2139,1445,1733,1000,1311,1399,1048,700
'292231,"Amfepramone ""INN"", methadone ""INN"" and normethadone ""INN"", and salts thereof",0,0,0,0,0,0,0,0,0,0,0,0,,,,,,,,,,,,,,,0,0,0,0,0,1,0,0,0,0,0,0
'292330,Tetraethylammonium perfluorooctane sulphonate,0,0,0,0,0,0,0,0,0,0,0,0,,,,,,,,,,,,,,,107,73,22,33,50,21,32,0,0,2,2,6
'292425,"Alachlor ""ISO""",0,0,0,0,0,0,0,0,0,0,0,0,,,,,,,,,,,,,,,0,3,0,0,0,0,0,0,0,0,0,0
'292630,"Fenproporex ""INN"" and its salts; methadone ""INN""-intermediate ""4-cyano-2-dimethylamino-4,4 ...",0,0,0,0,0,0,0,0,0,0,0,0,,,,,,,,,,,,,,,807,137,0,0,0,0,0,0,0,0,0,0
'293110,Tetramethyl lead and tetraethyl lead,0,0,0,0,0,0,0,0,0,0,0,0,,,,,,,,,,,,,,,0,0,0,0,0,0,0,3,0,0,1,0
'293214,Sucralose,0,0,0,0,0,0,0,0,0,0,0,0,,,,,,,,,,,,,,,3409,3835,901,1445,1770,1172,996,810,3921,3215,3201,4172
'293299,Heterocyclic compounds with oxygen hetero-atom[s] only (excl. compounds containing unfused ...,0,0,0,0,0,0,0,0,0,0,0,0,,,,,,,,,,,,,,,27873,26359,23606,18291,24336,22973,26006,33333,19557,22828,22968,25106
'293319,"Heterocyclic compounds with nitrogen hetero-atom[s] only, containing an unfused pyrazole ring, ...",0,0,0,0,0,0,0,0,0,0,0,0,,,,,,,,,,,,,,,16105,9744,16940,14213,16311,11473,12000,13537,16421,10291,14340,11682
'293371,"6-Hexanelactam ""epsilon-caprolactam""",0,0,0,0,0,0,0,0,0,0,0,0,,,,,,,,,,,,,,,6725,6518,9209,5761,3338,6603,7473,6996,4163,2469,2316,4304
'293392,"Azinphos-methyl ""ISO""",0,0,0,0,0,0,0,0,0,0,0,0,,,,,,,,,,,,,,,0,0,0,0,0,0,0,0,0,0,0,0
'293399,Heterocyclic compounds with nitrogen hetero-atom[s] only (excl. those containing an unfused ...,0,0,0,0,0,0,0,0,0,0,0,0,,,,,,,,,,,,,,,66585,66326,77372,51529,66312,64133,59281,69674,67634,69875,59657,74238
'293625,"Vitamin B6 and its derivatives, used primarily as vitamins",0,0,0,0,0,0,0,0,0,0,0,0,,,,,,,,,,,,,,,768,320,2125,2111,573,1234,939,1467,869,1807,1209,1346
'293690,"Provitamins and mixtures of vitamins, of provitamins or of concentrates, whether or not in ...",0,0,0,0,0,0,0,0,0,0,0,0,,,,,,,,,,,,,,,72,315,30,410,34,174,425,222,146,290,130,265
'293721,"Cortisone, hydrocortisone, prednisone ""dehydrocortisone"" and prednisolone ""dehydrohydrocortisone""",0,0,0,0,0,0,0,0,0,0,0,0,,,,,,,,,,,,,,,3635,2230,3588,3450,2171,2674,2772,4480,2746,3513,1459,3652
'293919,"Alkaloids of opium and their derivatives, and salts thereof (excl. concentrates of poppy straw; ...",0,0,7,0,0,0,0,0,0,0,0,0,,,,,,,,,,,,,,,4306,7990,5596,4388,7282,3620,4014,13737,8928,4207,425,1884
'300213,"Immunological products, unmixed, not put up in measured doses or in forms or packings for retail ...",0,0,0,0,0,0,0,0,0,0,0,0,,,,,,,,,,,,,,,1653,187,580,114,730,798,1076,918,85,214,443,48
'080211,Fresh or dried almonds in shell,0,0,0,0,0,0,0,0,0,0,0,0,,,,,,,,,,,,,,,128111,127513,139037,122249,162937,96791,78423,102241,90733,109015,113140,122407
'080221,"Fresh or dried hazelnuts or filberts ""Corylus spp."", in shell",0,0,0,0,0,0,0,0,0,0,0,0,,,,,,,,,,,,,,,0,0,0,0,0,0,0,0,2,0,0,0
'080280,"Fresh or dried areca nuts, whether or not shelled or peeled",0,0,0,0,0,0,0,0,0,71,0,0,,,,,,,,,,,,,,,18493,18983,13779,15400,19481,23276,27559,8693,13107,21915,30213,24843
'080310,Fresh or dried plantains,0,0,0,0,0,0,0,0,0,0,0,0,,,,,,,,,,,,,,,0,0,0,0,0,0,0,0,0,0,0,0
'080590,"Fresh or dried citrus fruit (excl. oranges, lemons ""Citrus limon, Citrus limonum"", limes ""Citrus ...",0,0,0,0,0,0,0,0,0,0,0,0,,,,,,,,,,,,,,,0,0,0,9,0,0,0,0,0,0,0,0
'080930,"Fresh peaches, incl. nectarines",0,0,0,0,0,0,0,0,0,0,0,0,,,,,,,,,,,,,,,8,34,62,80,77,8,55,48,73,35,11,31
'090122,"Roasted, decaffeinated coffee",0,0,0,0,0,0,0,0,0,0,0,0,,,,,,,,,,,,,,,0,290,0,13,3,10,3,0,0,1,0,1
'090190,Coffee husks and skins; coffee substitutes containing coffee in any proportion,0,0,0,0,0,8,0,0,0,0,0,0,,,,,,,,,,,,,,,0,12,0,0,0,9,11,4,4,0,1,0
'090230,"Black fermented tea and partly fermented tea, whether or not flavoured, in immediate packings ...",0,0,0,0,0,0,0,0,0,0,0,0,,,,,,,,,,,,,,,28,1,88,11,23,36,93,13,43,59,267,0
'300693,"Placebos and blinded or double-blinded clinical trial kits for a recognised clinical trial, ...",0,0,0,0,0,0,0,0,0,0,0,0,,,,,,,,,,,,,,,1334,733,2087,1461,628,1238,2809,1849,693,1119,1304,2275
'310319,"Superphosphates (excl. such products containing by weight => 35 % of diphosphorus pentaoxide, ...",0,0,0,0,0,0,0,0,0,0,0,0,,,,,,,,,,,,,,,0,0,12,9987,0,14291,34104,0,0,30405,0,0
'310490,"Carnallite, sylvite and other crude natural potassium salts, potassium magnesium sulphate and ...",0,0,0,0,0,0,0,0,0,0,0,0,,,,,,,,,,,,,,,679,410,6401,166,518,274,4240,2789,7308,370,114,67
'320110,Quebracho extract,0,0,0,0,0,0,0,0,0,0,0,0,,,,,,,,,,,,,,,458,16,332,24,91,6,10,178,32,240,490,403
'320190,Tanning extracts of vegetable origin (excl. quebracho extract and wattle extract); tannins ...,0,0,0,0,0,0,0,0,0,0,0,0,,,,,,,,,,,,,,,4258,4651,4719,5016,6621,4999,5400,3726,3355,3226,3395,4627
'320210,Synthetic organic tanning substances,0,0,0,0,0,0,0,0,0,0,0,0,,,,,,,,,,,,,,,1232,761,1322,1168,1081,1052,678,537,937,813,415,906
'320419,Synthetic organic colouring matter and preparations of the kind used for colouring any materials ...,0,55,0,0,0,0,0,0,0,7,0,0,,,,,,,,,,,,,,,4946,3400,4960,3998,3559,3718,2450,2641,4785,4095,3719,4478
'320420,"Synthetic organic products of a kind used as fluorescent brightening agents, whether or not ...",0,0,0,0,0,0,0,0,0,0,0,0,,,,,,,,,,,,,,,1374,2123,1631,1860,2329,1957,1302,1249,1545,824,1109,2087
'081310,Dried apricots,0,0,0,0,0,0,0,0,0,0,0,0,,,,,,,,,,,,,,,298,211,783,717,2216,3149,2532,2838,1387,885,801,473
'081330,Dried apples,0,0,0,0,0,0,0,0,0,0,0,0,,,,,,,,,,,,,,,0,118,123,284,125,19,122,14,0,126,121,0
'190230,"Pasta, cooked or otherwise prepared (excl. stuffed)",0,0,0,0,0,9,0,0,0,0,0,0,,,,,,,,,,,,,,,2537,3217,3342,3467,3867,4188,3927,3475,4178,4828,4149,3868
'320730,"Liquid lustres and similar preparations of the kind used in the ceramic, enamelling or glass ...",0,0,0,0,0,0,0,0,0,0,0,0,,,,,,,,,,,,,,,849,372,287,477,608,605,609,1651,527,877,62,896
'330112,"Oils of sweet and bitter orange, whether or not terpeneless, incl. concretes and absolutes ...",0,0,0,0,0,0,0,0,0,0,0,0,,,,,,,,,,,,,,,2980,2320,1572,2398,1272,1548,2069,1932,2159,1312,1669,1874
'330119,"Essential oils of citrus fruit, whether or not terpeneless, incl. concretes and absolutes (excl. ...",0,0,0,0,0,0,0,0,0,0,0,0,,,,,,,,,,,,,,,1092,430,1410,539,668,1240,863,723,843,1063,1177,657
'330210,"Mixtures of odoriferous substances and mixtures, incl. alcoholic solutions, with a basis of ...",0,0,0,0,0,0,0,0,0,0,0,0,,,,,,,,,,,,,,,12906,9382,11673,7024,9324,7198,9345,9315,6847,10138,16785,9871
'340119,"Soap and organic surface-active products and preparations, in the form of bars, cakes, moulded ...",0,0,0,0,0,0,0,0,0,0,0,0,,,,,,,,,,,,,,,2880,6768,734,4830,3703,3832,5548,6690,2007,1815,5347,6950
'261590,"Niobium, tantalum or vanadium ores and concentrates",0,0,0,0,0,0,0,0,0,0,0,0,,,,,,,,,,,,,,,0,147,0,318,0,50,0,0,335,7,0,0
'262019,"Slag, ash and residues containing mainly zinc (excl. hard zinc spelter)",0,0,0,0,0,0,0,0,0,0,0,0,,,,,,,,,,,,,,,6574,8327,9562,9604,11445,9636,8908,8550,9013,8906,7403,9149
'340311,Textile lubricant preparations and preparations of a kind used for the oil or grease treatment ...,0,0,0,0,0,0,0,0,0,0,0,0,,,,,,,,,,,,,,,4714,4580,6666,2815,6916,5199,4449,3324,5923,4373,2841,2963
'340530,"Polishes and similar preparations for coachwork, whether or not in the form of paper, wadding, ...",0,0,0,0,0,0,0,0,0,0,0,0,,,,,,,,,,,,,,,665,643,832,436,488,639,559,706,576,604,289,550
'350300,"Gelatin, whether or not in square or rectangular sheets, whether or not surface-worked or coloured, ...",0,0,0,0,0,0,0,0,0,0,0,0,,,,,,,,,,,,,,,2971,4221,4024,4153,4099,3869,4172,2319,3006,2500,2676,3194
'350520,"Glues based on starches, dextrins or other modified starches (excl. those put up for retail ...",0,0,9,5,9,0,9,0,0,0,0,0,,,,,,,,,,,,,,,636,429,602,594,685,1012,1354,1408,2026,2279,763,1497
'360100,Propellent powders,0,0,0,0,0,0,0,0,0,0,0,0,,,,,,,,,,,,,,,1688,629,1004,630,257,962,688,698,1514,832,995,1893
'360490,"Signalling flares, rain rockets, fog signals and other pyrotechnic articles (excl. fireworks ...",0,0,0,0,0,0,0,0,0,0,0,0,,,,,,,,,,,,,,,88,30,29,128,49,0,11,1671,23,164,1010,79
'370500,"Photographic plates and film, exposed and developed (excl. products made of paper, paperboard ...",0,0,0,0,0,0,0,0,0,0,0,0,,,,,,,,,,,,,,,5,6,6,13,0,5,28,9,17,32,14,19
'380400,"Residual lyes from the manufacture of wood pulp, whether or not concentrated, desugared or ...",0,0,0,0,0,0,0,0,0,0,0,0,,,,,,,,,,,,,,,5815,4861,6588,4105,4619,5033,4763,3878,4716,3347,3721,6292
'381220,"Compound plasticisers for rubber or plastics, n.e.s.",0,0,73,0,0,0,0,0,1,0,0,0,,,,,,,,,,,,,,,1897,1173,1858,1618,1616,2276,1620,1500,1479,1230,1761,1468
'381512,"Supported catalysts with precious metal or a precious-metal compound as the active substance, ...",0,0,1,0,0,0,0,0,0,0,0,0,,,,,,,,,,,,,,,17202,9429,19838,45287,25761,31113,7625,15421,28918,27650,15566,30080
'381600,"Refractory cements, mortars, concretes and similar compositions, incl. dolomite ramming mix ...",0,0,0,0,0,0,0,0,0,0,0,0,,,,,,,,,,,,,,,11338,11847,14511,10281,11456,12804,13127,11099,12355,8824,9517,13011
'382312,"Oleic acid, industrial",0,0,0,0,0,0,0,0,0,0,0,0,,,,,,,,,,,,,,,2094,2675,2617,4094,4012,2351,1697,3109,2989,3341,3687,3986
'382483,"Mixtures and preparations containing tris""2,3-dibromopropyl"" phosphate",0,0,0,0,0,0,0,0,0,0,0,0,,,,,,,,,,,,,,,0,0,0,0,0,0,0,0,0,0,0,0
'382484,"Mixtures and preparations containing aldrin ""ISO"", camphechlor ""ISO"" ""toxaphene"", chlordane ...",0,0,0,0,0,0,0,0,0,0,0,0,,,,,,,,,,,,,,,0,0,0,0,0,1,0,0,0,0,0,0
'382765,"Mixtures containing other hydrofluorocarbons ""HFCs"" than in subheadings of 3827 till 3827.59, ...",0,0,0,0,0,0,0,0,0,0,0,0,,,,,,,,,,,,,,,0,0,0,39,0,0,0,17,219,0,0,0
'390319,"Polystyrene, in primary forms (excl. expansible)",1,2,0,0,0,5,0,0,0,0,3,0,,,,,,,,,,,,,,,8643,6748,7110,7202,6049,5393,5039,7843,9683,9464,7349,7979
'390469,"Fluoropolymers of vinyl chloride or of other halogenated olefins, in primary forms (excl. ...",0,0,0,0,0,0,0,0,0,0,0,0,,,,,,,,,,,,,,,6214,4810,6350,5685,5758,5084,4456,6092,6813,5848,3904,8877
'390490,"Polymers of vinyl chloride or other halogenated olefins, in primary forms (excl. poly""vinyl ...",0,0,2,0,0,0,0,0,0,0,0,0,,,,,,,,,,,,,,,20525,21557,31351,25927,27404,33029,27162,19646,13458,21039,27604,28621
'390512,"Poly""vinyl acetate"", in aqueous dispersion",0,0,0,0,0,9,0,0,0,0,0,0,,,,,,,,,,,,,,,170,171,330,377,87,374,225,187,77,182,194,185
'390591,"Copolymers of vinyl, in primary forms (excl. vinyl chloride-vinyl acetate copolymers and other ...",0,0,0,0,0,0,0,0,0,0,0,0,,,,,,,,,,,,,,,4284,5598,5716,3883,5049,5880,4108,4385,3018,4634,4270,5522
'391110,"Petroleum resins, coumarone, indene or coumarone-indene resins and polyterpenes, in primary ...",0,0,0,0,0,0,0,0,0,18,0,0,,,,,,,,,,,,,,,13437,8566,9187,8141,9829,9594,8835,10876,11132,11512,12568,10982
'391390,"Natural polymers and modified natural polymers, e.g. hardened proteins, chemical derivatives ...",0,0,0,0,0,0,0,0,0,0,0,0,,,,,,,,,,,,,,,11488,4462,9238,5656,17176,4671,5442,4760,6937,8244,5096,11259
'391520,"Waste, parings and scrap, of polymers of styrene",0,0,0,0,0,0,0,0,0,0,0,0,,,,,,,,,,,,,,,0,0,0,0,0,0,0,0,0,0,1,0
'392079,"Plates, sheets, film, foil and strip, of non-cellular cellulose derivatives, not reinforced, ...",0,0,0,0,15,0,0,0,28,0,27,0,,,,,,,,,,,,,,,1107,1272,1147,1155,1166,1543,956,1350,894,778,851,1017
'400219,"Styrene-butadiene rubber ""SBR""; carboxylated styrene-butadiene rubber ""XSBR"", in primary forms ...",0,0,0,0,0,0,0,0,0,0,0,0,,,,,,,,,,,,,,,42086,29400,36853,37428,32434,32911,28383,31943,30521,33798,36214,38210
'400231,"Isobutylene isoprene rubber ""IIR"", in primary forms or in plates, sheets or strip",0,0,0,0,0,0,0,0,0,0,0,0,,,,,,,,,,,,,,,2354,1122,2693,2596,3603,3845,2966,3441,2557,4832,4705,2281
'400251,"Latex of acrylonitrile-butadiene rubber ""NBR""",0,0,0,0,0,0,0,0,0,0,0,0,,,,,,,,,,,,,,,754,227,203,469,359,400,164,221,96,212,98,184
'400291,"Synthetic rubber and factice derived from oils, in primary forms or in plates, sheets or strip ...",0,0,0,0,0,0,0,0,0,0,0,0,,,,,,,,,,,,,,,217,266,106,131,101,275,1,130,190,107,264,98
'400591,"Compounded rubber, unvulcanised, in the form of plates, sheets or strip (excl. rubber compounded ...",2,0,0,0,0,0,0,0,0,0,0,0,,,,,,,,,,,,,,,2344,2114,2232,2022,2609,1948,2132,2634,2299,2085,1953,1755
'400610,"'Camel-back' strips of unvulcanised rubber, for retreading rubber tyres",0,0,0,0,0,0,0,0,0,0,0,0,,,,,,,,,,,,,,,0,0,0,5,0,0,0,0,22,0,0,0
'400821,"Plates, sheets and strip, of non-cellular rubber",0,0,0,0,0,5,0,0,0,0,0,0,,,,,,,,,,,,,,,1594,944,2787,2567,1752,1514,1185,1323,1383,2594,1303,1663
'401033,"Endless transmission belts of trapezoidal cross-section ""V-belts"", of vulcanised rubber, V-ribbed, ...",0,0,0,0,0,0,0,0,0,0,0,0,,,,,,,,,,,,,,,121,77,125,79,91,165,118,201,233,199,250,126
'401170,"New pneumatic tyres, of rubber, of a kind used on agricultural or forestry vehicles and machines",0,0,0,0,0,2,0,0,0,0,0,0,,,,,,,,,,,,,,,80,33,111,75,137,127,167,78,120,46,52,141
'401190,"New pneumatic tyres, of rubber (excl. of a kind used on agricultural, forestry, construction, ...",0,0,0,0,0,0,0,0,0,0,0,0,,,,,,,,,,,,,,,1221,1060,508,514,632,599,841,1476,657,279,922,591
'401220,Used pneumatic tyres of rubber,0,0,0,0,0,0,0,0,0,0,0,0,,,,,,,,,,,,,,,0,0,1,0,0,0,1,0,0,0,0,0
'401320,"Inner tubes, of rubber, of a kind used for bicycles",0,0,0,0,0,0,0,0,0,0,0,0,,,,,,,,,,,,,,,0,0,13,53,0,0,8,1,10,0,0,16
'401390,"Inner tubes, of rubber (excl. those of a kind used on motor cars, incl. station wagons and ...",0,0,0,0,0,0,0,0,0,0,0,0,,,,,,,,,,,,,,,96,36,101,65,46,10,39,118,47,13,39,73
'401695,"Inflatable mattresses and cushions and other inflatable articles, of vulcanised rubber (excl. ...",0,0,0,0,0,0,0,0,0,0,0,0,,,,,,,,,,,,,,,2642,1154,1342,683,1659,1344,966,1284,983,1295,1233,1318
'410631,"Hides and skins of swine, in the wet state (incl. wet-blue), tanned, without wool on, whether ...",0,0,0,0,0,0,0,0,0,0,0,0,,,,,,,,,,,,,,,0,0,0,0,0,0,0,0,0,0,0,0
'420600,"Articles of gut, goldbeater's skin, bladders or tendons (excl. silkworm gut, sterile catgut, ...",0,0,0,0,0,0,0,0,0,0,0,0,,,,,,,,,,,,,,,5,12,21,2,16,0,17,3,0,4,50,0
'440121,Coniferous wood in chips or particles (excl. those of a kind used principally for dyeing or ...,0,0,0,0,0,0,0,0,0,0,0,0,,,,,,,,,,,,,,,0,0,0,43,0,0,0,0,0,0,0,0
'440131,Wood pellets,0,0,0,0,0,0,0,0,0,0,0,0,,,,,,,,,,,,,,,9,13,20,14,8,0,5,12,11,0,13,18
'440323,"Fir ""Abies spp."" and spruce ""Picea spp."" in the rough, of which the smallest cross-sectional ...",0,0,0,0,0,0,0,0,0,0,0,0,,,,,,,,,,,,,,,151,129,145,127,151,136,110,0,81,0,33,240
'440420,"Hoopwood; split poles; piles, pickets and stakes of wood, pointed but not sawn lengthwise; ...",0,0,0,0,0,0,0,0,0,0,0,0,,,,,,,,,,,,,,,57,0,0,32,0,6,6,0,0,0,13,0
'440714,"Hem-fir (Western hemlock ""Tsuga heterophylla"" and fir ""Abies spp."") sawn or chipped lengthwise, ...",0,0,0,0,0,0,0,0,0,0,0,0,,,,,,,,,,,,,,,0,0,6,0,0,0,0,0,6,0,0,0
'440729,"Tropical wood, sawn or chipped lengthwise, sliced or peeled, whether or not planed, sanded ...",0,0,0,0,0,0,0,0,0,0,0,0,,,,,,,,,,,,,,,6201,6874,6126,7560,7127,7504,9074,7191,6255,5068,5337,5498
'440791,"Oak ""Quercus spp."", sawn or chipped lengthwise, sliced or peeled, whether or not planed, sanded ...",0,0,0,0,0,0,0,0,0,0,0,0,,,,,,,,,,,,,,,1373,1763,1397,1750,1385,1646,1055,1135,1243,710,863,1271
'440799,"Wood, sawn or chipped lengthwise, sliced or peeled, whether or not planed, sanded or end-jointed, ...",0,5,0,0,0,0,0,0,0,0,0,0,,,,,,,,,,,,,,,4330,4004,5549,3599,4669,5475,3559,4581,4491,2223,2520,4887
'440910,"Coniferous wood, incl. strips and friezes for parquet flooring, not assembled, continuously ...",0,0,0,0,0,0,0,0,0,0,0,0,,,,,,,,,,,,,,,89,214,316,79,122,164,301,102,308,105,200,18
'440929,"Wood, incl. strips and friezes for parquet flooring, not assembled, continuously shaped ""tongued, ...",15,0,0,0,0,0,0,0,0,0,0,0,,,,,,,,,,,,,,,3232,2303,2697,3427,2563,2929,3230,3765,2703,2052,2244,1362
'441012,"Oriented strand board ""OSB"", of wood",0,0,0,0,0,0,0,0,0,0,0,0,,,,,,,,,,,,,,,66,79,59,15,101,0,29,36,124,97,62,48
'441292,"Laminated wood with at least one outer ply of non-coniferous wood (excl. of bamboo, with an ...",0,0,0,0,0,0,0,0,0,0,0,0,,,,,,,,,,,,,,,0,5,1,0,0,3,0,56,35,22,103,57
'441874,"Flooring panels for mosaic floors, assembled, of wood other than bamboo",0,0,0,0,0,0,0,0,0,0,0,0,,,,,,,,,,,,,,,0,0,0,0,0,2,0,0,0,0,1,0
'441919,"Tableware and kitchenware, of bamboo (excl. chopsticks, bread boards, chopping boards and similar ...",0,0,0,0,0,0,0,0,0,0,0,0,,,,,,,,,,,,,,,267,222,188,268,247,253,150,197,298,303,137,212
'442011,"Statuettes and other ornaments, of tropical wood (excl. wood marquetry and inlaid wood)",0,0,0,0,0,0,0,0,0,0,0,0,,,,,,,,,,,,,,,18,1,0,0,0,19,2,1,0,1,1,1
'450310,"Corks and stoppers of all types, of natural cork, incl. round-edged blanks",0,0,0,0,0,0,0,0,0,0,0,0,,,,,,,,,,,,,,,2,12,109,61,35,48,71,98,41,147,143,25
'460194,"Plaits and similar products of vegetable plaiting materials, whether or not assembled into ...",0,0,0,0,0,0,0,0,0,0,0,0,,,,,,,,,,,,,,,0,0,0,0,0,0,0,0,0,0,0,0
'411420,Patent leather and patent laminated leather; metallised leather (excl. lacquered or metallised ...,0,0,0,0,0,0,0,0,0,0,0,0,,,,,,,,,,,,,,,87,14,2,45,0,14,60,42,26,41,10,11
'411520,"Parings and other waste of leather or of composition leather, not suitable for the manufacture ...",0,0,0,0,0,0,0,0,0,0,0,0,,,,,,,,,,,,,,,48,19,5,0,27,2,51,103,18,12,9,1
'470610,Pulp of cotton linters,0,0,0,0,0,0,0,0,0,0,0,0,,,,,,,,,,,,,,,439,789,407,463,964,750,949,275,1426,986,650,1193
'470720,"Recovered ""waste and scrap"" paper or paperboard made mainly of bleached chemical pulp, not ...",0,0,0,0,0,0,0,0,0,0,0,0,,,,,,,,,,,,,,,15141,16379,15346,14409,10913,11140,10714,9358,10265,10602,8922,7524
'470730,"Recovered ""waste and scrap"" paper or paperboard made mainly of mechanical pulp, e.g. newspapers, ...",0,0,0,0,0,0,0,0,0,0,0,0,,,,,,,,,,,,,,,2838,2270,1649,1482,1943,2234,2484,2572,3222,3358,2508,1894
'470790,"Recovered ""waste and scrap"" paper or paperboard, incl. unsorted waste and scrap (excl. waste ...",0,0,0,0,0,0,0,0,0,0,0,0,,,,,,,,,,,,,,,49362,45703,49109,52289,52068,63137,57387,48894,52350,41897,39353,47034
'480439,"Kraft paper and paperboard, uncoated, in rolls of a width > 36 cm or in square or rectangular ...",7,19,0,0,0,7,12,12,24,10,0,0,,,,,,,,,,,,,,,9804,8966,8923,9025,6525,7262,6920,6807,8034,6556,6073,8531
'481490,"Wallpaper and similar wallcoverings of paper, and window transparencies of paper (excl. wallcoverings ...",0,0,0,0,0,0,0,0,0,0,0,0,,,,,,,,,,,,,,,228,322,174,248,341,379,319,321,316,252,293,229
'481820,"Handkerchiefs, cleansing or facial tissues and towels, of paper pulp, paper, cellulose wadding ...",0,1,0,0,0,0,0,0,0,0,0,0,,,,,,,,,,,,,,,818,716,1134,753,1066,1129,1288,734,903,1256,1181,978
'481830,"Tablecloths and serviettes of paper pulp, paper, cellulose wadding or webs of cellulose fibres",0,0,0,0,0,0,0,0,0,0,0,0,,,,,,,,,,,,,,,107,80,103,31,36,48,93,60,208,112,155,77
'482010,"Registers, account books, notebooks, order books, receipt books, letter pads, memorandum pads, ...",0,0,0,0,0,0,7,11,0,0,0,0,,,,,,,,,,,,,,,893,661,713,705,925,1061,1358,1427,1076,810,702,535
'500100,Silkworm cocoons suitable for reeling,0,0,0,0,0,0,0,0,0,0,0,0,,,,,,,,,,,,,,,0,0,0,0,0,0,1,0,0,0,0,0
'500500,Yarn spun from silk waste (excl. that put up for retail sale),0,0,0,0,0,0,0,0,0,0,0,0,,,,,,,,,,,,,,,250,273,326,212,387,582,665,762,795,184,599,354
'500710,Woven fabrics of noil silk,0,0,0,0,0,0,0,0,0,0,0,0,,,,,,,,,,,,,,,0,5,0,6,0,1,21,16,4,0,0,7
'510130,"Carbonised wool, neither carded nor combed",0,0,0,0,0,0,0,0,0,0,0,0,,,,,,,,,,,,,,,0,0,232,139,132,52,56,0,0,66,0,411
'510521,"Wool, combed, in fragments ""open tops""",0,0,0,0,0,0,0,0,0,0,0,0,,,,,,,,,,,,,,,0,0,63,0,0,0,0,0,0,0,0,0
'511119,Woven fabrics containing >= 85% carded wool or carded fine animal hair by weight and weighing ...,0,0,0,0,0,0,0,0,0,0,0,0,,,,,,,,,,,,,,,138,114,29,88,280,36,137,201,57,33,54,438
'511220,"Woven fabrics containing predominantly, but < 85% combed wool or combed fine animal hair by ...",0,0,0,0,0,0,0,0,0,0,0,0,,,,,,,,,,,,,,,150,49,65,345,465,139,98,101,131,29,4,1
'520420,"Cotton sewing thread, put up for retail sale",0,0,0,0,0,0,0,0,0,0,0,0,,,,,,,,,,,,,,,6,2,8,6,23,16,7,21,12,11,52,4
'520514,"Single cotton yarn, of uncombed fibres, containing >= 85% cotton by weight and with a linear ...",124,121,236,162,168,166,111,0,0,52,52,0,,,,,,,,,,,,,,,124,121,236,162,168,166,111,0,0,52,52,0
'520527,"Single cotton yarn, of combed fibres, containing >= 85% cotton by weight and with a linear ...",0,0,0,0,2,0,0,0,0,0,0,0,,,,,,,,,,,,,,,113,0,0,0,2,0,65,0,0,0,0,31
'520531,"Multiple ""folded"" or cabled cotton yarn, of uncombed fibres, containing >= 85% cotton by weight ...",0,0,0,0,0,0,0,0,0,0,0,0,,,,,,,,,,,,,,,0,0,0,0,0,0,0,0,0,0,0,0
'520542,"Multiple ""folded"" or cabled cotton yarn, of combed fibres, containing >= 85% cotton by weight ...",0,0,0,0,0,0,0,0,0,0,0,0,,,,,,,,,,,,,,,0,16,56,0,1,2,69,13,3,1,2,27
'520547,"Multiple ""folded"" or cabled cotton yarn, of combed fibres, containing >= 85% cotton by weight ...",22,0,26,0,0,0,0,26,10,0,0,0,,,,,,,,,,,,,,,22,0,26,0,0,0,1,59,22,0,0,0
'520631,"Multiple ""folded"" or cabled cotton yarn containing predominantly, but < 85% cotton by weight, ...",0,0,0,0,0,0,0,0,0,0,0,0,,,,,,,,,,,,,,,0,0,0,0,0,0,0,0,0,0,0,0
'520710,"Cotton yarn containing >= 85% cotton by weight, put up for retail sale (excl. sewing thread)",0,0,0,0,0,0,0,0,0,0,0,0,,,,,,,,,,,,,,,0,0,0,1,0,0,2,0,3,69,4,0
'520912,"Woven fabrics of cotton, containing >= 85% cotton by weight and weighing > 200 g/m_, in three-thread ...",0,0,0,0,0,0,0,0,0,0,0,0,,,,,,,,,,,,,,,0,3,55,24,69,20,6,0,0,30,83,7
'520919,"Woven fabrics of cotton, containing >= 85% cotton by weight and weighing > 200 g/m_, unbleached ...",0,0,0,0,0,0,0,0,0,0,0,0,,,,,,,,,,,,,,,2,0,0,0,1,12,8,0,1,0,3,0
'520922,"Woven fabrics of cotton, containing >= 85% cotton by weight and weighing > 200 g/m_, in three-thread ...",0,0,1,0,0,0,0,0,0,0,0,0,,,,,,,,,,,,,,,22,13,825,18,0,5,27,29,0,14,0,11
'490191,"Dictionaries and encyclopaedias, and serial instalments thereof",0,0,0,0,0,0,0,0,0,0,0,0,,,,,,,,,,,,,,,15,12,9,10,7,20,125,16,11,4,36,50
'520941,"Plain woven fabrics of cotton, containing >= 85% cotton by weight and weighing > 200 g/m_, ...",0,0,5,14,19,0,8,52,29,22,1,0,,,,,,,,,,,,,,,41,3,43,78,49,28,53,104,117,89,92,31
'520952,"Woven fabrics of cotton, containing >= 85% cotton by weight and weighing > 200 g/m_, in three-thread ...",0,0,0,0,0,0,0,0,0,0,0,0,,,,,,,,,,,,,,,0,3,17,0,2,3,0,1,0,7,0,0
'521051,"Plain woven fabrics of cotton, containing predominantly, but < 85% cotton by weight, mixed ...",54,0,0,0,0,0,0,0,0,0,0,0,,,,,,,,,,,,,,,110,48,36,56,8,24,122,38,11,0,23,0
'521212,"Woven fabrics of cotton, containing predominantly, but < 85% cotton by weight, other than those ...",0,0,0,0,0,0,0,0,0,0,0,0,,,,,,,,,,,,,,,26,20,109,123,272,105,33,142,32,2,43,18
'530121,"Flax, broken or scutched",0,0,0,0,0,0,0,0,0,0,0,0,,,,,,,,,,,,,,,9958,8602,13263,13213,12061,7012,7398,13428,14328,10061,9018,10905
'530610,Single flax yarn,0,0,0,0,0,0,0,0,0,0,0,0,,,,,,,,,,,,,,,2901,3105,2833,2931,5158,2013,4850,8434,5507,6563,2848,4192
'530620,"Multiple ""folded"" or cabled flax yarn",0,0,0,0,0,0,0,0,0,0,0,0,,,,,,,,,,,,,,,2630,1680,896,2800,6386,3542,2054,2128,984,626,2,32
'531090,"Woven fabrics of jute or of other textile bast fibres of heading 5303, bleached, dyed, made ...",0,0,0,0,0,0,0,0,0,0,0,0,,,,,,,,,,,,,,,1,0,1,0,0,24,0,8,0,0,3,0
'531100,Woven fabrics of other vegetable textile fibres; woven fabrics of paper yarn (excl. those of ...,0,0,0,0,0,0,0,0,0,0,0,0,,,,,,,,,,,,,,,39,222,192,327,277,191,306,345,702,950,505,83
'540232,"Textured filament yarn of nylon or other polyamides, with a linear density of > 50 tex per ...",0,0,0,0,0,0,15,0,0,0,0,0,,,,,,,,,,,,,,,96,171,151,426,282,390,185,584,232,339,89,52
'540234,Textured synthetic filament yarn of polypropylene (excl. sewing thread and yarn put up for ...,0,0,0,0,0,0,0,0,0,0,0,0,,,,,,,,,,,,,,,61,59,70,649,258,434,357,211,313,175,80,138
'540239,"Textured synthetic filament yarn (excl. sewing thread, yarn put up for retail sale and textured ...",0,0,0,0,0,0,0,0,0,0,0,0,,,,,,,,,,,,,,,153,225,185,222,178,277,371,130,127,131,324,73
'540253,"Filament yarn of polypropylene, incl. monofilament of < 67 decitex, single, with a twist of ...",0,0,0,0,0,0,0,0,0,0,0,0,,,,,,,,,,,,,,,41,0,52,0,2,10,0,10,25,23,0,0
'540269,"Multiple ""folded"" or cabled synthetic filament yarn, incl. synthetic monofilament of < 67 decitex ...",0,0,0,0,0,0,0,0,0,0,0,0,,,,,,,,,,,,,,,757,799,626,532,732,784,938,1151,665,982,1410,1435
'540339,"Artificial filament yarn, incl. artificial monofilament of < 67 decitex, single (excl. sewing ...",0,0,0,0,0,0,0,0,0,0,0,0,,,,,,,,,,,,,,,0,50,0,8,232,27,209,302,41,210,603,233
'540781,"Woven fabrics of yarn containing predominantly, but < 85% synthetic filament by weight, incl. ...",0,0,0,0,0,0,0,0,0,0,0,0,,,,,,,,,,,,,,,2,1,12,8,20,35,54,4,0,0,2,0
'540793,"Woven fabrics of yarn containing predominantly, but < 85% synthetic filament by weight, incl. ...",0,0,0,0,0,0,0,0,0,0,0,0,,,,,,,,,,,,,,,224,144,257,174,183,107,205,231,128,183,59,164
'540824,"Woven fabrics of yarn containing >= 85% artificial filament by weight, incl. monofilament of ...",0,0,0,0,0,0,0,0,0,0,0,0,,,,,,,,,,,,,,,140,178,109,270,348,278,176,234,203,93,47,163
'550111,"Filament tow as specified in Note 1 to chapter 55, of aramids",0,0,0,0,0,0,0,0,0,0,0,0,,,,,,,,,,,,,,,11,0,23,11,0,49,0,0,9,3,11,27
'550330,"Acrylic or modacrylic staple fibres, not carded, combed or otherwise processed for spinning",0,0,0,0,0,0,0,0,0,0,0,0,,,,,,,,,,,,,,,2252,3104,3800,4372,3543,3082,2881,2273,3152,2860,3446,3523
'550510,"Waste of synthetic staple fibres, incl. noils, yarn waste and garnetted stock",0,0,0,0,0,0,0,0,0,0,0,0,,,,,,,,,,,,,,,867,629,549,807,467,605,591,381,737,920,374,592
'550820,"Sewing thread of artificial staple fibres, whether or not put up for retail sale",0,0,0,0,0,0,0,0,0,0,0,0,,,,,,,,,,,,,,,1,1,26,0,1,1,0,6,0,2,9,0
'550952,"Yarn containing > 50% to < 85% polyester staple fibres by weight, mixed principally or solely ...",0,0,0,0,0,0,0,0,0,0,0,0,,,,,,,,,,,,,,,111,19,50,48,51,23,72,49,75,43,55,25
'550961,"Yarn containing predominantly, but < 85% acrylic or modacrylic staple fibres by weight, mixed ...",0,0,0,0,0,0,0,0,0,0,0,0,,,,,,,,,,,,,,,101,0,127,48,136,83,28,16,0,0,79,77
'551090,"Yarn containing predominantly, but < 85% artificial staple fibres by weight, other than that ...",0,0,0,0,0,0,0,0,0,0,0,0,,,,,,,,,,,,,,,1513,3059,3069,1655,1182,690,857,310,602,901,1469,1542
'551312,"Woven fabrics containing predominantly, but < 85% polyester staple fibres by weight, mixed ...",0,13,7,0,0,0,0,27,53,46,0,0,,,,,,,,,,,,,,,5,13,7,0,0,0,0,32,62,46,1,0
'551421,"Plain woven fabrics containing predominantly, but < 85% polyester staple fibres by weight, ...",0,0,0,0,0,0,0,0,0,0,0,0,,,,,,,,,,,,,,,19,179,17,6,36,3,15,0,9,36,5,2
'551441,"Plain woven fabrics containing predominantly, but < 85% polyester staple fibres by weight, ...",0,0,0,0,0,0,0,0,0,0,0,0,,,,,,,,,,,,,,,0,0,0,0,0,0,0,0,0,0,3,0
'551611,"Woven fabrics containing >= 85% artificial staple fibres by weight, unbleached or bleached",0,0,0,0,0,0,0,0,0,0,0,0,,,,,,,,,,,,,,,0,0,0,0,46,0,0,0,0,166,269,0
'551614,"Woven fabrics containing >= 85% artificial staple fibres by weight, printed",0,0,0,0,0,0,0,0,0,0,0,0,,,,,,,,,,,,,,,174,170,194,73,394,394,328,172,220,853,565,164
'551631,"Woven fabrics containing predominantly, but < 85% artificial staple fibres by weight, mixed ...",0,0,0,0,0,0,0,0,0,0,0,0,,,,,,,,,,,,,,,0,3,8,0,0,0,0,11,8,0,4,14
'551641,"Woven fabrics containing predominantly, but < 85% artificial staple fibres by weight, mixed ...",0,0,0,0,0,0,0,0,0,0,0,0,,,,,,,,,,,,,,,187,93,261,45,43,9,64,20,94,411,78,45
'560290,"Felt, impregnated, coated, covered or laminated (excl. needleloom felt and stitch-bonded fibre ...",0,0,0,0,1,0,0,0,0,0,0,0,,,,,,,,,,,,,,,624,277,453,130,392,573,307,517,513,202,449,571
'560312,"Nonwovens, whether or not impregnated, coated, covered or laminated, n.e.s., of man-made filaments, ...",6,16,32,14,20,9,23,27,25,26,0,0,,,,,,,,,,,,,,,2785,1693,2684,2173,1907,2937,2691,2222,3141,1576,1825,1958
'560741,"Binder or baler twine, of polyethylene or polypropylene",0,0,0,0,41,42,20,0,0,0,0,0,,,,,,,,,,,,,,,11,8,1,2,41,59,29,2,0,1,0,0
'560890,"Knotted netting of twine, cordage, ropes or cables, by the piece or metre; made-up fishing ...",0,0,2,0,14,17,3,0,110,68,0,0,,,,,,,,,,,,,,,62,93,80,67,104,74,55,123,133,116,82,27
'570250,"Carpets and other textile floor coverings, woven, not tufted or flocked, not of pile construction, ...",0,0,0,0,0,0,0,0,0,0,0,0,,,,,,,,,,,,,,,9,2,39,16,17,8,129,1,13,22,78,94
'570299,"Carpets and other floor coverings, of vegetable textile materials or coarse animal hair, woven, ...",0,0,0,0,0,0,0,0,0,0,0,0,,,,,,,,,,,,,,,14,36,3,25,7,59,18,8,1,4,6,2
'570500,"Carpets and other textile floor coverings, whether or not made up (excl. knotted, woven or ...",0,0,0,0,3,0,0,4,1,0,0,0,,,,,,,,,,,,,,,841,690,517,660,533,680,485,601,730,832,757,706
'580132,"Cut corduroy, of man-made fibres (excl. terry towelling and similar woven terry fabrics, tufted ...",0,0,0,0,0,0,0,0,0,0,0,0,,,,,,,,,,,,,,,47,2,127,10,3,1,0,0,4,2,11,15
'580640,"Narrow fabrics consisting of warp without weft assembled by means of an adhesive ""bolducs"", ...",0,0,0,0,0,0,0,0,0,0,0,0,,,,,,,,,,,,,,,13,5,8,5,42,0,6,6,0,24,0,14
'581099,"Embroidery of materials other than cotton or man-made fibres, on a textile fabric base, in ...",0,0,0,0,0,0,0,0,0,0,0,0,,,,,,,,,,,,,,,92,64,89,96,91,88,122,121,102,160,76,55
'590490,"Floor coverings consisting of a coating or covering applied on a textile backing, whether or ...",0,0,0,0,0,0,0,0,0,0,0,0,,,,,,,,,,,,,,,0,0,0,0,0,0,0,0,0,0,0,0
'590700,"Impregnated, coated or covered textile fabrics; painted canvas being theatrical scenery, studio ...",70,0,0,65,0,0,0,0,0,0,0,0,,,,,,,,,,,,,,,2854,4048,5207,3874,4226,4328,3671,3650,4303,3983,4050,1902
'591120,"Bolting cloth, whether or not made up",0,0,0,0,0,0,0,0,0,0,0,0,,,,,,,,,,,,,,,752,643,780,704,991,748,959,740,875,489,1148,514
'591131,"Textile fabrics and felts, endless or fitted with linking devices, of a kind used in papermaking ...",0,0,1,0,0,0,0,0,0,0,0,0,,,,,,,,,,,,,,,317,330,389,275,311,170,252,337,314,122,167,312
'600310,"Knitted or crocheted fabrics of wool or fine animal hair, of a width of <= 30 cm (excl. those ...",0,0,0,0,0,0,0,0,0,0,0,0,,,,,,,,,,,,,,,0,0,0,0,0,0,0,0,0,0,0,0
'600330,"Knitted or crocheted fabrics of synthetic fibres, of a width of <= 30 cm (excl. those containing ...",0,5,5,0,2,6,1,3,0,0,5,0,,,,,,,,,,,,,,,12,20,55,18,24,27,34,22,11,41,33,46
'600690,"Fabrics, knitted or crocheted, of a width of > 30 cm (excl. of man-made fibres, cotton, wool ...",0,0,0,0,0,1,18,0,0,0,0,0,,,,,,,,,,,,,,,412,404,886,646,365,323,322,573,437,366,448,318
'610220,"Women's or girls' overcoats, car coats, capes, cloaks, anoraks, incl. ski jackets, windcheaters, ...",4,67,15,17,17,0,2,24,6,1,0,0,,,,,,,,,,,,,,,257,137,383,450,186,273,65,198,103,78,9,26
'540771,"Woven fabrics of yarn containing >= 85% synthetic filament by weight, incl. monofilament of ...",0,0,0,0,0,0,0,0,0,0,0,0,,,,,,,,,,,,,,,1,3,2,18,37,23,142,1,6,20,150,184
'610439,"Women's or girls' jackets and blazers of textile materials, knitted or crocheted (excl. of ...",0,0,0,0,0,0,0,0,7,0,0,0,,,,,,,,,,,,,,,6,22,29,95,34,81,42,24,15,20,3,4
'610719,"Men's or boys' underpants and briefs of other textile materials, knitted or crocheted (excl. ...",0,0,0,0,0,0,0,0,0,0,0,0,,,,,,,,,,,,,,,502,1,1529,2023,1731,1027,1584,1437,2996,3351,2233,978
'610791,"Men's or boys' bathrobes, dressing gowns and similar articles of cotton, knitted or crocheted",0,0,0,0,0,0,0,0,0,0,0,0,,,,,,,,,,,,,,,75,13,22,30,22,18,18,22,83,61,89,43
'610832,"Women's or girls' nightdresses and pyjamas of man-made fibres, knitted or crocheted (excl. ...",0,0,0,1,5,77,8,9,0,0,1,0,,,,,,,,,,,,,,,848,593,876,1205,1654,1609,1274,953,876,1175,803,834
'610899,"Women's or girls' négligés, bathrobes, dressing gowns, housejackets and similar articles of ...",0,0,0,0,0,0,0,0,0,0,0,0,,,,,,,,,,,,,,,20,17,37,37,14,27,35,26,68,28,64,4
'620719,Men's or boys' underpants and briefs of textile materials (excl. cotton and knitted or crocheted),0,0,0,0,0,0,0,0,0,0,0,0,,,,,,,,,,,,,,,0,0,1,1,1,1,1,1,0,0,1,0
'620729,"Men's or boys' nightshirts and pyjamas of textile materials (excl. of cotton or man-made fibres, ...",0,0,0,0,0,0,0,0,0,0,0,0,,,,,,,,,,,,,,,0,0,0,0,0,2,25,2,0,4,18,0
'620822,"Women's or girls' nightdresses and pyjamas of man-made fibres (excl. knitted or crocheted, ...",0,0,0,0,0,0,0,0,0,0,0,0,,,,,,,,,,,,,,,167,186,188,209,213,342,311,283,307,215,325,351
'620990,Babies' garments and clothing accessories of textile materials (excl. of cotton or synthetic ...,0,0,0,0,7,10,0,0,0,11,0,0,,,,,,,,,,,,,,,115,221,180,365,548,370,251,140,161,196,122,102
'621510,"Ties, bow ties and cravats of silk or silk waste (excl. knitted or crocheted)",0,0,0,0,0,0,0,0,0,0,0,0,,,,,,,,,,,,,,,28,79,77,49,27,44,61,112,50,57,55,41
'621790,"Parts of garments or clothing accessories, of all types of textile materials, n.e.s. (excl. ...",8,7,6,0,15,0,0,0,0,0,0,0,,,,,,,,,,,,,,,236,123,276,74,238,223,177,371,196,175,172,105
'630110,Electric blankets of all types of textile materials,0,0,0,64,0,0,0,0,0,0,0,0,,,,,,,,,,,,,,,5,0,7,107,128,211,123,11,9,4,0,0
'630140,"Blankets and travelling rugs of synthetic fibres (excl. electric, table covers, bedspreads ...",0,0,2,8,2,0,0,0,0,0,0,0,,,,,,,,,,,,,,,651,1445,2036,2384,2443,3361,2346,1786,297,555,228,296
'630232,"Bedlinen of man-made fibres (excl. printed, knitted or crocheted)",0,0,0,0,0,0,0,0,0,0,0,0,,,,,,,,,,,,,,,7,5,5,11,14,11,15,28,23,15,37,13
'630239,"Bedlinen of textile materials (excl. of cotton and man-made fibres, printed, knitted or crocheted)",0,0,0,0,0,0,0,0,0,0,0,0,,,,,,,,,,,,,,,27,3,6,11,11,0,9,2,1,0,11,1
'630253,Table linen of man-made fibres (excl. knitted or crocheted),0,0,0,0,0,0,0,0,0,0,0,0,,,,,,,,,,,,,,,6,6,24,6,3,6,7,4,19,11,4,4
'630312,"Curtains, incl. drapes, and interior blinds, curtain or bed valances of synthetic fibres, knitted ...",0,0,0,0,0,0,0,0,0,0,0,0,,,,,,,,,,,,,,,208,194,275,171,116,148,104,199,190,225,193,214
'630411,"Knitted or crocheted bedspreads (excl. bedlinen, quilts and eiderdowns)",0,0,0,0,0,0,0,0,0,0,0,0,,,,,,,,,,,,,,,2,2,0,1,17,9,20,19,22,19,12,19
'630492,"Articles for interior furnishing, of cotton (excl. knitted or crocheted, blankets and travelling ...",0,0,55,0,0,0,0,0,0,0,6,0,,,,,,,,,,,,,,,2858,2596,2639,2755,2830,3037,2875,2639,3463,2897,3090,1985
'630800,"Sets consisting of woven fabric and yarn, whether or not with accessories, for making up into ...",0,0,0,0,0,0,0,0,0,0,0,0,,,,,,,,,,,,,,,23,14,43,72,23,9,109,34,37,11,47,70
'640192,"Waterproof footwear covering the ankle, but not the knee, with outer soles and uppers of rubber ...",0,0,0,0,0,0,0,0,0,0,0,0,,,,,,,,,,,,,,,0,3,3,1,0,29,0,0,0,0,1,0
'640199,"Waterproof footwear covering neither the ankle nor the knee, with outer soles and uppers of ...",0,0,0,0,0,0,0,0,0,0,0,0,,,,,,,,,,,,,,,5,0,5,15,59,27,168,16,6,40,85,0
'640212,"Ski-boots, cross-country ski footwear and snowboard boots, with outer soles and uppers of rubber ...",0,0,0,0,0,0,0,0,0,0,0,0,,,,,,,,,,,,,,,0,6,1,0,3,0,0,6,6,0,0,146
'611012,"Jerseys, pullovers, cardigans, waistcoats and similar articles, of hair of Kashmir ""cashmere"" ...",0,0,63,148,28,38,7,12,0,0,0,0,,,,,,,,,,,,,,,57,47,188,241,147,257,91,130,96,74,15,35
'611211,"Track-suits of cotton, knitted or crocheted",0,0,0,0,0,0,3,0,0,0,0,0,,,,,,,,,,,,,,,6,38,16,13,16,9,10,17,14,4,4,11
'611220,"Ski-suits, knitted or crocheted",0,0,0,0,0,0,0,0,0,3,0,0,,,,,,,,,,,,,,,0,2,0,8,0,0,0,0,3,4,11,0
'620319,"Men's or boys' suits of textile materials (excl. of wool, fine animal hair or synthetic fibres, ...",0,0,0,0,0,0,0,0,0,0,0,0,,,,,,,,,,,,,,,14,3,5,7,32,6,12,46,8,142,80,21
'620331,"Men's or boys' jackets and blazers of wool or fine animal hair (excl. knitted or crocheted, ...",0,0,0,8,10,19,0,0,0,0,0,0,,,,,,,,,,,,,,,82,289,458,226,376,308,334,186,214,215,187,152
'620333,"Men's or boys' jackets and blazers of synthetic fibres (excl. knitted or crocheted, and wind-jackets ...",0,6,0,77,72,3,21,17,36,52,1,0,,,,,,,,,,,,,,,311,560,475,1738,5494,13089,6090,1441,1271,1024,417,334
'620419,"Women's or girls' suits of textile materials (excl. of wool, fine animal hair, cotton or synthetic ...",0,0,0,0,0,0,0,0,0,0,0,0,,,,,,,,,,,,,,,4,1,2,13,8,2,1,1,40,29,89,22
'681140,"Articles of asbestos-cement, cellulose fibre-cement or the like, containing asbestos",0,0,0,0,0,0,0,0,0,0,0,0,,,,,,,,,,,,,,,96,9,1,0,1,2,3,2,0,0,20,0
'681182,"Sheets, panels, paving, tiles and similar articles, of cellulose fibre-cement or the like, ...",0,0,0,8,0,0,182,92,0,0,5,0,,,,,,,,,,,,,,,305,924,212,459,736,650,398,214,50,94,90,630
'681320,"Friction material and articles thereof, e.g. sheets, rolls, strips, segments, discs, washers ...",0,0,0,0,0,0,0,0,0,0,0,0,,,,,,,,,,,,,,,72,62,87,63,51,41,37,11,18,58,70,80
'681381,"Brake linings and pads, with a basis of mineral substances or cellulose, whether or not combined ...",0,0,0,0,0,0,0,0,0,0,0,0,,,,,,,,,,,,,,,1504,581,1327,767,1012,1606,1283,981,1011,1045,477,1237
'690390,"Retorts, crucibles, mufflers, nozzles, plugs, supports, cupels, tubes, pipes, sheaths, rods, ...",0,0,0,0,0,0,0,3,7,0,0,0,,,,,,,,,,,,,,,4010,3312,4136,2851,3461,3329,3945,3567,4541,3024,4024,3829
'691200,"Tableware, kitchenware, other household articles and toilet articles, of ceramics other than ...",65,0,2,45,0,67,0,0,21,0,94,0,,,,,,,,,,,,,,,1351,1112,1425,2194,2231,1387,1041,1491,1694,1307,1476,1401
'700530,"Float glass and surface ground and polished glass, in sheets, whether or not having an absorbent, ...",0,0,0,0,0,0,0,0,0,0,0,0,,,,,,,,,,,,,,,4,13,9,5,10,9,48,58,0,0,31,88
'700721,"Laminated safety glass, of size and shape suitable for incorporation in motor vehicles, aircraft, ...",15,0,0,0,12,40,0,1,3,0,0,0,,,,,,,,,,,,,,,976,991,1076,1518,1117,1148,1258,990,1225,826,1219,1726
'720510,"Granules, of pig iron, spiegeleisen, iron or steel (excl. granules of ferro-alloys, turnings ...",0,0,0,0,0,0,0,0,0,0,0,0,,,,,,,,,,,,,,,2819,3374,4050,2685,2911,2891,3052,2604,2725,2375,2417,3043
'720610,"Ingots, of iron and non-alloy steel (excl. remelted scrap ingots, continuous cast products, ...",0,0,0,0,0,0,0,0,0,0,0,0,,,,,,,,,,,,,,,11,0,64,5,0,2130,1,8,0,1280,1462,0
'720720,"Semi-finished products of iron or non-alloy steel containing, by weight, >= 0,25% of carbon",792,0,0,0,153,0,9,289,0,0,0,0,,,,,,,,,,,,,,,1383,398,915,307,639,506,602,904,331,584,497,583
'720825,"Flat-rolled products of iron or non-alloy steel, of a width of >= 600 mm, in coils, simply ...",0,0,0,0,0,0,0,0,0,0,0,0,,,,,,,,,,,,,,,621,422,513,611,514,357,296,380,117,647,494,343
'720836,"Flat-rolled products of iron or non-alloy steel, of a width of >= 600 mm, in coils, simply ...",0,0,0,0,0,0,0,0,0,0,0,0,,,,,,,,,,,,,,,57,45,1938,2651,3681,3374,11477,30890,29448,18756,27760,69078
'720927,"Flat-rolled products of iron or non-alloy steel, of a width of >= 600 mm, not in coils, simply ...",0,0,0,0,0,0,0,0,0,0,0,0,,,,,,,,,,,,,,,0,0,0,0,0,0,0,41,0,105,0,0
'721119,"Flat-rolled products of iron or non-alloy steel, of a width < 600 mm, simply hot-rolled, not ...",0,0,0,0,0,0,0,0,0,0,0,0,,,,,,,,,,,,,,,297,3,465,0,5,75,6,0,4,15,1,1
'721129,"Flat-rolled products of iron or non-alloy steel, of a width of < 600 mm, simply cold-rolled ...",0,0,0,0,0,0,0,0,0,0,0,0,,,,,,,,,,,,,,,1899,2026,2124,2167,1548,2634,2603,1737,2082,2215,1889,2176
'721410,"Bars and rods, of iron or non-alloy steel, not further worked than forged (excl. in irregularly ...",0,0,0,0,0,0,0,0,0,0,0,0,,,,,,,,,,,,,,,358,569,768,0,19,0,0,0,25,11,36,2
'721430,"Bars and rods, of non-alloy free-cutting steel, not further worked than hot-rolled, hot-drawn ...",0,0,0,0,0,0,0,0,0,0,0,0,,,,,,,,,,,,,,,0,0,0,0,0,0,0,0,33,0,1,0
'721621,"L sections of iron or non-alloy steel, not further worked than hot-rolled, hot-drawn or extruded, ...",0,0,0,0,0,0,0,0,0,0,0,0,,,,,,,,,,,,,,,1,55,0,0,3,0,11,80,1,40,5,0
'721661,"Angles, shapes and sections, of iron or non-alloy steel, from flat-rolled products simply cold-formed ...",0,0,0,0,0,0,0,0,0,0,0,0,,,,,,,,,,,,,,,22,7,17,3,0,7,3,6,3,7,15,7
'721913,"Flat-rolled products of stainless steel, of a width of >= 600 mm, not further worked than hot-rolled, ...",0,0,0,0,0,0,660,0,0,0,0,0,,,,,,,,,,,,,,,8994,8274,11093,7046,12246,9402,26065,20367,16540,11119,3724,14284
'721931,"Flat-rolled products of stainless steel, of a width of >= 600 mm, not further worked than cold-rolled ...",0,0,0,0,0,0,0,0,0,0,0,0,,,,,,,,,,,,,,,895,750,592,318,89,994,398,397,545,454,368,171
'722592,"Flat-rolled products of alloy steel other than stainless, of a width of >= 600 mm, hot-rolled ...",0,0,0,0,0,0,0,0,0,0,0,0,,,,,,,,,,,,,,,7006,4276,18680,9996,17215,12436,15924,19268,13428,13934,16314,12108
'722699,"Flat-rolled products of alloy steel other than stainless, of a width of < 600 mm, hot-rolled ...",0,0,0,0,0,0,0,0,0,0,0,0,,,,,,,,,,,,,,,13276,14951,14817,14092,11779,14271,18897,9408,9945,10973,8586,9619
'730120,"Angles, shapes and sections, of iron or steel, welded",0,0,0,0,0,0,3,1,0,0,0,0,,,,,,,,,,,,,,,135,109,116,202,250,93,154,81,44,67,71,89
'701391,"Glassware, of lead crystal, of a kind used for toilet, office, indoor decoration or similar ...",0,0,0,0,0,0,0,0,0,0,0,0,,,,,,,,,,,,,,,63,69,9,38,39,172,8,71,13,32,34,5
'701790,"Laboratory, hygienic or pharmaceutical glassware, whether or not graduated or calibrated (excl. ...",0,0,0,0,0,63,0,0,0,64,0,0,,,,,,,,,,,,,,,1673,1478,1877,1512,2383,1773,1097,1512,1315,1461,1399,1354
'701890,"Glass eyes (excl. prosthetic articles); articles of glass beads, or of imitation pearls, imitation ...",0,0,0,0,0,0,0,0,0,0,0,0,,,,,,,,,,,,,,,431,362,373,434,722,597,388,491,517,540,297,497
'701914,Mechanically bonded mats of glass fibres,0,0,0,0,0,0,0,0,0,0,0,0,,,,,,,,,,,,,,,196,70,349,61,54,157,29,110,62,136,20,13
'710499,"Precious and semi-precious stones, synthetic or reconstructed, worked, whether or not graded ...",0,0,0,0,0,0,0,0,0,0,0,0,,,,,,,,,,,,,,,1329,1108,1449,1640,1448,1237,1258,1395,1648,2063,973,811
'711029,Palladium in semi-manufactured forms,0,0,0,0,0,0,0,0,0,0,0,0,,,,,,,,,,,,,,,18198,14423,11320,2175,899,368,4107,1080,467,864,1023,731
'711049,"Iridium, osmium and ruthenium, in semi-manufactured forms",0,0,0,0,0,0,0,0,0,0,0,0,,,,,,,,,,,,,,,22,187,751,134,0,96,74,100,0,45,213,0
'711311,"Articles of jewellery and parts thereof, of silver, whether or not plated or clad with other ...",0,0,0,0,0,0,0,0,0,0,0,0,,,,,,,,,,,,,,,86782,77311,148419,180189,170699,41322,39918,12579,13266,8343,12428,7465
'711620,"Articles of precious or semi-precious stones ""natural, synthetic or reconstructed"", n.e.s.",0,0,6,0,0,0,0,0,0,0,0,0,,,,,,,,,,,,,,,2063,1763,1393,1616,4027,2017,1080,1341,963,1429,5119,612
'711810,"Coin (excl. legal tender, gold coins, medals, jewellery made from coins, collectors' items ...",0,0,0,0,0,0,0,0,0,0,0,0,,,,,,,,,,,,,,,0,5,1,0,0,36,68,44,55,7,135,51
'620441,Women's or girls' dresses of wool or fine animal hair (excl. knitted or crocheted and petticoats),0,0,0,0,0,1,0,0,0,0,0,0,,,,,,,,,,,,,,,73,81,96,81,109,84,151,164,254,104,142,83
'640520,"Footwear with uppers of textile materials (excl. with outer soles of rubber, plastics, leather ...",0,0,0,0,0,1,0,2,0,0,0,0,,,,,,,,,,,,,,,15,15,21,42,36,19,28,32,20,9,5,13
'670490,"Wigs, false beards, eyebrows and eyelashes, switches and the like, of animal hair or textile ...",0,0,0,0,0,0,0,0,0,0,0,0,,,,,,,,,,,,,,,12,26,15,13,23,29,18,7,14,17,27,12
'680292,"Calcareous stone, in any form (excl. marble, travertine and alabaster, tiles, cubes and similar ...",0,0,0,0,0,0,0,0,0,0,0,0,,,,,,,,,,,,,,,35,116,20,49,136,1,1,3,20,74,61,117
'730792,"Threaded elbows, bends and sleeves, of stainless steel (excl. cast or stainless products)",0,0,0,0,0,0,0,0,2,4,0,0,,,,,,,,,,,,,,,1694,1476,1479,1415,1618,1197,1329,1347,1482,2112,2249,1769
'732112,"Appliances for baking, frying, grilling and cooking and plate warmers, for domestic use, of ...",0,0,0,0,0,0,0,0,0,0,0,0,,,,,,,,,,,,,,,6,50,111,231,44,7,66,153,9,10,6,102
'732190,"Parts of domestic appliances non-electrically heated of heading 7321, n.e.s.",0,0,0,0,0,0,0,2,0,0,0,0,,,,,,,,,,,,,,,1032,1044,1012,1184,858,736,915,1336,701,1570,1519,604
'732490,"Sanitary ware, incl. parts thereof (excl. cans, boxes and similar containers of heading 7310, ...",0,0,0,0,0,1,0,0,0,0,0,0,,,,,,,,,,,,,,,1567,1852,1907,1950,2110,1885,1793,2574,3192,2163,2143,1849
'740610,"Copper powders, of non-lamellar structure (excl. grains of copper)",0,0,0,0,0,0,0,0,0,0,0,0,,,,,,,,,,,,,,,1053,1773,1951,1165,1878,1253,1856,1334,1839,919,1481,1414
'740620,"Copper powders, of lamellar structure, and flakes of copper (excl. grains of copper and spangles ...",0,0,0,0,0,0,0,0,0,0,0,0,,,,,,,,,,,,,,,283,545,133,351,216,506,111,374,273,183,97,137
'731412,"Endless bands of stainless steel wire, for machinery",0,0,0,0,0,0,0,0,0,0,0,0,,,,,,,,,,,,,,,63,105,87,22,26,270,164,116,40,169,64,53
'780199,Unwrought lead (excl. refined lead and lead containing by weight antimony as the principal ...,104,619,0,0,253,0,0,0,0,0,411,0,,,,,,,,,,,,,,,44391,45103,35048,46640,42189,48856,42077,30113,35633,35341,35597,30303
'790700,"Articles of zinc, n.e.s.",0,0,0,0,3,1,1,7,12,3,0,0,,,,,,,,,,,,,,,1611,925,936,1055,903,701,825,921,1164,1212,1033,1438
'810197,Tungsten waste and scrap (excl. ash and residues containing tungsten),0,0,0,0,0,0,0,0,0,0,0,0,,,,,,,,,,,,,,,161,0,0,0,0,112,165,0,0,0,0,0
'810330,Tantalum waste and scrap (excl. ash and residues containing tantalum),0,0,0,0,0,0,0,0,0,0,0,0,,,,,,,,,,,,,,,0,0,0,0,0,0,0,0,0,0,0,0
'810391,Tantalum crucibles,0,0,0,0,0,0,0,0,0,0,0,0,,,,,,,,,,,,,,,0,0,0,0,0,0,0,0,6,1,0,0
'810420,"Magnesium waste and scrap (excl. ash and residues containing magnesium, and raspings, turnings ...",0,0,0,0,0,0,0,0,0,0,0,0,,,,,,,,,,,,,,,45,51,20,69,42,89,91,16,40,51,14,50
'810610,"Bismuth and articles thereof incl. waste and scrap, containing > 99,99 % of bismuth by weight, ...",0,0,0,0,0,0,0,0,0,0,0,0,,,,,,,,,,,,,,,0,2,20,2,0,910,143,7,0,0,0,480
'810830,Titanium waste and scrap (excl. ash and residues containing titanium),0,0,0,0,0,0,38,0,0,0,0,0,,,,,,,,,,,,,,,1665,2472,2556,2071,1899,1333,1095,822,1492,1680,1442,2487
'811010,Unwrought antimony; antimony powders,0,0,0,291,103,0,0,0,0,0,0,0,,,,,,,,,,,,,,,7406,4717,12648,6375,3730,1490,1507,1650,1517,5022,4209,3974
'811239,"Articles of hafnium, n.e.s.",0,0,0,0,0,0,0,0,0,0,0,0,,,,,,,,,,,,,,,0,0,0,0,0,0,0,0,0,0,0,5
'811269,"Cadmium and articles of cadmium, n.e.s.",0,0,0,0,0,0,0,0,0,0,0,0,,,,,,,,,,,,,,,3681,3259,2762,3351,3413,3318,3892,3327,2831,3563,2540,2639
'820190,"Scythes, sickles, hay knives, timber wedges and other hand tools of a kind used in agriculture, ...",0,0,0,0,0,0,0,0,0,0,0,0,,,,,,,,,,,,,,,272,515,481,706,512,500,398,575,280,394,449,552
'820210,"Handsaws, with working parts of base metal (excl. power-operated saws)",0,0,0,0,0,0,0,0,0,0,0,0,,,,,,,,,,,,,,,100,270,319,137,198,202,344,199,146,194,213,68
'820299,"Saw blades, incl. toothless saw blades, of base metal (excl. bandsaw blades, circular saw blades, ...",0,0,0,0,0,0,0,0,0,6,0,0,,,,,,,,,,,,,,,2424,1892,2776,2410,2632,2237,2657,2473,2941,2209,2291,2090
'830400,"Filing cabinets, card-index cabinets, paper trays, paper rests, pen trays, office-stamp stands ...",0,0,0,0,0,0,0,0,0,0,3,0,,,,,,,,,,,,,,,156,54,48,95,82,42,62,67,88,72,60,61
'830910,Crown corks of base metal,0,0,0,0,0,0,0,0,0,0,0,0,,,,,,,,,,,,,,,116,47,79,2,3,15,27,0,15,2,3,41
'840219,"Vapour generating boilers, incl. hybrid boilers (excl. central heating hot water boilers capable ...",0,0,0,0,0,0,0,0,0,0,0,0,,,,,,,,,,,,,,,710,761,1652,303,279,1528,11703,312,519,3264,665,2912
'840510,"Producer gas or water gas generators, with or without their purifiers; acetylene gas generators ...",0,0,0,0,0,0,0,0,0,0,0,0,,,,,,,,,,,,,,,1803,4472,5656,3375,2626,1814,3604,1139,1674,1271,1878,1747
'840710,"Spark-ignition reciprocating or rotary internal combustion piston engine, for aircraft",0,0,0,0,0,0,0,0,0,0,0,0,,,,,,,,,,,,,,,1879,3497,2039,402,1721,1953,2019,2779,1103,890,1880,253
'840810,"Compression-ignition internal combustion piston engine ""diesel or semi-diesel engine"", for ...",0,0,0,0,0,0,0,0,0,0,0,0,,,,,,,,,,,,,,,6126,3176,2288,3808,5532,4515,2552,3787,3467,4505,3033,1539
'841112,Turbojets of a thrust > 25 kN,0,0,0,0,0,0,0,0,0,0,0,0,,,,,,,,,,,,,,,209207,114396,391431,389271,287738,343265,232140,214893,202036,341727,394654,496433
'841340,Concrete pumps,0,0,0,0,0,0,0,0,0,0,0,0,,,,,,,,,,,,,,,297,1558,648,420,1165,717,599,1630,2021,1421,2399,899
'841360,"Rotary positive displacement pumps for liquids, power-driven (excl. those of subheading 8413.11 ...",0,0,0,0,0,0,0,0,0,0,0,0,,,,,,,,,,,,,,,10893,12404,13623,12476,11990,13883,14798,14851,13178,11763,13890,12672
'841392,"Parts of liquid elevators, n.e.s.",0,0,0,0,0,0,0,0,0,0,1,0,,,,,,,,,,,,,,,380,991,277,549,305,774,301,248,287,293,2999,371
'841520,"Air conditioning machines of a kind used for persons, in motor vehicles",1,0,1,0,0,18,25,0,0,0,0,0,,,,,,,,,,,,,,,1160,877,1010,1624,1756,1775,1065,772,1380,1302,1709,1200
'842111,Centrifugal cream separators,0,0,0,0,0,0,0,0,0,0,0,0,,,,,,,,,,,,,,,895,555,742,152,502,241,37,636,406,8,755,0
'842320,Scales for continuous weighing of goods on conveyors,0,0,0,0,0,0,0,0,0,0,0,0,,,,,,,,,,,,,,,495,121,356,169,140,240,545,364,265,203,463,348
'842382,Weighing machinery of a maximum weighing capacity > 30 kg but <= 5.000 kg (excl. personal weighing ...,0,0,0,0,0,0,0,0,0,0,0,0,,,,,,,,,,,,,,,77,664,233,168,245,155,299,162,128,246,321,178
'842410,"Fire extinguishers, whether or not charged",0,0,0,0,0,0,0,0,0,0,0,0,,,,,,,,,,,,,,,1647,1542,2274,2088,862,681,1355,1089,1014,833,1504,1170
'842420,"Spray guns and similar appliances (other than electrical machines, appliances and other devices ...",0,0,0,0,10,0,7,0,1,0,1,0,,,,,,,,,,,,,,,3759,2733,2841,1966,4136,2386,2576,2684,2623,3244,2796,1405
'842449,Agricultural or horticultural sprayers (excl. portable),0,0,0,0,0,0,0,0,0,0,0,0,,,,,,,,,,,,,,,6354,5285,5134,3326,1931,1640,1102,1156,1359,1278,1440,526
'842630,Portal or pedestal jib cranes,0,0,0,0,0,0,0,0,0,0,0,0,,,,,,,,,,,,,,,345,0,1222,17901,10291,175,92,6,6,1,324,1025
'842641,"Mobile cranes and works trucks fitted with a crane, self-propelled, on tyres (excl. wheel-mounted ...",0,0,0,0,0,0,0,0,0,0,0,0,,,,,,,,,,,,,,,29895,24257,24088,14735,38316,30872,42040,72863,30776,14059,14812,25567
'741810,"Table, kitchen or other household articles and parts thereof, and pot scourers and scouring ...",0,0,0,0,0,0,0,0,0,0,0,0,,,,,,,,,,,,,,,46,285,44,43,48,90,3,101,63,72,22,34
'750890,"Articles of nickel, n.e.s.",0,0,0,0,0,1,10,0,0,0,0,0,,,,,,,,,,,,,,,3394,5683,4969,4446,5596,3634,4243,3364,4639,4439,3850,4918
'760511,"Wire of non-alloy aluminium, with a maximum cross-sectional dimension of > 7 mm (excl. stranded ...",0,0,0,0,0,0,0,0,0,0,0,0,,,,,,,,,,,,,,,10167,21043,29620,33872,31452,22062,18108,45364,24996,19295,13111,15522
'820570,"Vices, clamps and the like (excl. accessories for and parts of machine tools or water-jet cutting ...",7,0,0,0,0,0,0,0,2,0,0,0,,,,,,,,,,,,,,,876,919,1312,577,942,822,635,891,1153,813,991,840
'820740,"Tools for tapping or threading, interchangeable",0,0,0,0,0,0,0,0,1,0,0,0,,,,,,,,,,,,,,,2578,2682,2573,2607,3017,2790,2625,2955,2637,2886,3186,2797
'820770,Interchangeable tools for milling,4,3,5,3,1,2,5,7,13,2,5,0,,,,,,,,,,,,,,,5426,5055,6053,5047,5330,4870,4878,5420,5405,5249,6498,6167
'821194,"Blades of base metal for table knives, pocket knives and other knives of heading 8211",0,233,31,0,0,253,47,0,212,0,53,0,,,,,,,,,,,,,,,397,557,449,168,328,619,305,314,699,89,320,309
'821490,"Hair clippers, butchers' or kitchen cleavers and other articles of cutlery of base metal, n.e.s.",0,0,0,0,0,0,0,0,0,0,0,0,,,,,,,,,,,,,,,96,285,209,177,104,188,246,172,200,227,145,90
'842930,Self-propelled scrapers,0,0,0,0,0,0,0,0,0,0,0,0,,,,,,,,,,,,,,,2361,1368,1700,1292,981,4474,328,1071,653,950,4541,1434
'843131,"Parts of lifts, skip hoists or escalators, n.e.s.",0,0,0,0,0,0,0,0,0,0,0,0,,,,,,,,,,,,,,,17266,17064,19846,15054,19221,23028,20445,19654,21551,17537,19700,18155
'843142,"Bulldozer or angledozer blades, n.e.s.",0,0,0,0,0,0,0,0,0,0,0,0,,,,,,,,,,,,,,,27,12,0,40,9,57,3,51,32,28,0,0
'843239,"Seeders, planters and transplanters (excl. no-till machines)",0,0,78,0,0,0,0,0,0,0,0,0,,,,,,,,,,,,,,,941,710,737,475,615,641,673,1073,630,593,706,697
'843280,"Agricultural, horticultural or forestry machinery for soil preparation or cultivation; lawn ...",29,0,0,0,0,0,0,0,53,0,0,0,,,,,,,,,,,,,,,406,336,624,1324,600,396,176,478,836,1191,607,344
'843319,"Mowers for lawns, parks or sports grounds, powered, with the cutting device rotating in a vertical ...",8,0,0,0,0,0,0,0,0,0,0,0,,,,,,,,,,,,,,,232,87,648,280,2804,1074,98,1867,260,1603,4195,951
'844190,"Parts of machinery for making up paper pulp, paper or paperboard, n.e.s.",0,0,0,0,0,0,0,0,0,0,0,0,,,,,,,,,,,,,,,2844,2418,2919,3210,3610,2441,3187,2379,2456,2859,2577,4363
'844313,"Offset printing machinery (excl. sheet fed offset printing machinery, sheet size <= 22 x 36 ...",0,0,0,64,78,53,95,0,165,0,0,0,,,,,,,,,,,,,,,17443,6446,22639,19712,11909,6875,12690,10865,9004,10355,9918,10993
'844317,Gravure printing machinery,0,0,0,0,0,0,0,0,0,0,0,0,,,,,,,,,,,,,,,68,1495,7399,571,2197,1169,1750,759,6058,9234,2588,766
'844512,Combing machines for preparing textile fibres,8,0,0,0,0,0,0,0,0,0,0,0,,,,,,,,,,,,,,,2141,1184,606,661,2186,576,17,237,358,263,395,803
'844630,"Weaving machines for weaving fabrics of a width > 30 cm, shuttleless type",0,0,43,177,111,70,170,38,0,0,0,0,,,,,,,,,,,,,,,72959,68494,128902,125923,112770,105413,100212,77783,90035,64680,62071,65266
'844819,"Auxiliary machinery for machines of heading 8444, 8445, 8446 or 8447 (excl. doobies and jacquards, ...",0,0,0,29,0,0,0,0,0,0,0,0,,,,,,,,,,,,,,,8572,12957,19732,20799,17323,10200,9442,8032,7400,5362,6075,3974
'845020,"Laundry-type washing machines, of a dry linen capacity > 10 kg",53,52,0,54,99,218,0,0,0,0,0,0,,,,,,,,,,,,,,,1168,2209,2102,1217,1842,2024,885,2940,1436,874,2296,970
'760810,Tubes and pipes of non-alloy aluminium (excl. hollow profiles),0,0,0,0,0,0,0,0,0,0,0,0,,,,,,,,,,,,,,,616,549,522,715,384,947,989,669,818,705,324,604
'761210,"Collapsible tubular containers, of aluminium",0,0,0,0,0,0,0,0,0,0,0,0,,,,,,,,,,,,,,,1770,1816,2291,1535,2736,1934,1052,1512,2125,885,390,771
'845110,Dry-cleaning machines for made-up textile articles,0,0,0,0,0,0,0,0,0,0,0,0,,,,,,,,,,,,,,,142,266,169,287,1189,205,204,63,128,156,122,112
'845180,"Machinery for dressing, finishing, coating or impregnating textile yarns, fabrics or other ...",0,0,0,0,0,0,0,0,56,0,0,0,,,,,,,,,,,,,,,8649,15444,14136,12720,9490,7803,8284,6913,10834,10566,5944,8810
'845221,"Automatic sewing machines, industrial type",0,0,0,0,0,0,0,0,2,0,0,0,,,,,,,,,,,,,,,3810,3400,6082,3399,4893,5013,3396,4625,5407,2701,4935,4620
'845380,"Machinery for making or repairing articles of hides, skins or leather (excl. footwear and sewing ...",16,0,0,3,2,0,27,0,0,0,0,0,,,,,,,,,,,,,,,577,3034,1447,619,1180,1771,1216,3209,1095,929,849,398
'845730,Multi-station transfer machines for working metal,0,0,0,0,0,0,0,0,0,0,0,0,,,,,,,,,,,,,,,2588,4083,1240,1289,2549,1906,4253,3453,3467,3118,3708,3025
'845921,"Drilling machines for working metal, numerically controlled (excl. way-type unit head machines)",0,0,0,0,0,0,0,0,0,0,0,0,,,,,,,,,,,,,,,2900,1374,4223,2405,576,3088,1563,1250,1741,2485,1915,866
'846024,"Grinding machines for finishing metal, numerically controlled (excl. flat-surface, cylindrical ...",0,0,0,0,0,0,0,0,0,0,0,0,,,,,,,,,,,,,,,1721,211,2706,4748,2222,3412,1095,2423,590,977,753,1555
'846150,"Sawing or cutting-off machines, for working metals, metal carbides or cermets (excl. machines ...",0,3,0,41,0,16,10,0,0,0,30,0,,,,,,,,,,,,,,,3180,3352,6474,6187,2908,3486,5176,3054,4457,4189,6447,3334
'846226,"Numerically controlled bending, folding, straightening or flattening machines for flat products ...",0,0,0,0,0,48,0,0,0,0,0,0,,,,,,,,,,,,,,,2251,7749,2691,2563,2072,4688,1462,404,2185,5566,6810,3636
'846242,"Punching, notching or nibbling machines for flat products incl. combined punching and shearing ...",0,0,0,0,0,0,0,0,0,0,0,0,,,,,,,,,,,,,,,3544,5430,3617,1680,3736,1065,1974,1671,4959,4657,3147,7696
'846262,Mechanical cold metal working presses,0,0,0,101,0,20,0,0,0,29,0,0,,,,,,,,,,,,,,,4810,3956,6187,9857,10636,13253,6591,5131,10582,9801,5785,7819
'846592,"Planing, milling or moulding -by cutting- machines, for working wood, cork, bone, hard rubber, ...",0,0,0,0,0,0,0,0,0,1,2,0,,,,,,,,,,,,,,,1093,718,2143,1039,1573,481,796,906,1544,518,961,628
'846599,"Machine tools for working wood, cork, bone, hard rubber, hard plastics or similar hard materials ...",0,0,0,0,0,5,1,74,11,29,0,0,,,,,,,,,,,,,,,5870,7392,6689,7510,6967,7474,6880,7549,7706,6157,8351,5336
'846792,"Parts of pneumatic tools for working in the hand, n.e.s.",0,0,0,0,0,0,0,0,0,0,0,0,,,,,,,,,,,,,,,1306,974,1595,997,1110,948,1279,979,828,937,661,830
'847050,Cash registers incorporating a calculating device,0,92,2,0,0,44,102,100,0,0,0,0,,,,,,,,,,,,,,,6373,6071,4455,7534,7033,5630,11464,8888,4118,8669,3245,6706
'847439,"Machinery for mixing or kneading solid mineral substances, incl. those in powder or paste form ...",0,0,0,0,0,0,0,0,0,0,0,0,,,,,,,,,,,,,,,899,596,1675,3274,845,1009,2132,2557,2988,1442,2364,449
'847629,"Automatic beverage-vending machines, without heating or refrigerating devices",0,0,0,0,0,0,0,0,0,0,0,0,,,,,,,,,,,,,,,265,294,144,448,144,345,135,201,415,144,341,155
'848049,"Moulds for metal or metal carbides (excl. moulds of graphite or other carbons, ceramic or glass ...",0,0,0,0,0,0,0,0,0,0,0,0,,,,,,,,,,,,,,,5661,5162,6517,5179,7006,7607,5372,7001,3969,4352,4572,2966
'848420,Mechanical seals,0,0,0,0,0,0,0,0,0,0,0,0,,,,,,,,,,,,,,,6876,6510,7887,7233,5704,5946,6036,6955,5916,7961,6791,7450
'850132,DC motors and DC generators of an output > 750 W but <= 75 kW (excl. photovoltaic generators),0,0,0,26,0,0,0,0,0,0,0,0,,,,,,,,,,,,,,,2113,2541,2028,2524,3218,3324,3040,2970,3144,3127,3518,2596
'850171,"Photovoltaic DC generators, of an output <= 50 W",0,0,0,0,0,0,0,0,0,0,0,0,,,,,,,,,,,,,,,6,2,6,0,3,3,16,1,1,8,3,1
'850212,"Generating sets with compression-ignition internal combustion piston engine ""diesel or semi-diesel ...",0,0,0,0,0,0,0,0,0,0,0,0,,,,,,,,,,,,,,,754,679,347,447,848,15,386,158,355,216,422,151
'850240,Electric rotary converters,0,0,0,0,0,0,0,0,0,0,0,0,,,,,,,,,,,,,,,2574,1738,3294,103,3372,716,2249,1282,1565,3185,7123,1149
'850421,"Liquid dielectric transformers, having a power handling capacity <= 650 kVA",0,0,0,0,0,0,0,0,0,0,1,0,,,,,,,,,,,,,,,521,873,1756,5672,546,839,898,2141,1040,770,391,798
'850520,"Electromagnetic couplings, clutches and brakes",0,0,0,1,0,0,0,0,2,0,0,0,,,,,,,,,,,,,,,1993,1681,2045,1798,1502,1708,1704,2456,1242,2025,1842,1639
'851419,"Industrial and laboratory furnaces and ovens, resistance heated (excl. hot isostatic presses, ...",0,0,0,0,0,0,427,0,0,0,0,0,,,,,,,,,,,,,,,8012,5877,5502,10273,7811,5555,5397,13778,13923,8650,6994,10754
'851621,"Electric storage heating radiators, for space-heating",0,0,0,0,0,0,0,0,0,0,0,0,,,,,,,,,,,,,,,0,10,0,0,0,0,0,1,1,1,2,0
'851633,Electric hand-drying apparatus,0,0,0,0,0,0,0,0,0,0,0,0,,,,,,,,,,,,,,,259,232,497,371,279,41,271,322,344,306,242,43
'851640,Electric smoothing irons,0,0,0,0,0,0,0,0,0,0,0,0,,,,,,,,,,,,,,,1028,475,274,110,814,236,149,281,851,346,172,119
'851920,"Sound recording or sound reproducing apparatus, operated by coins, banknotes, bank cards, tokens ...",0,0,0,0,0,0,0,0,0,0,0,0,,,,,,,,,,,,,,,249,0,96,154,435,100,0,752,549,0,95,468
'852110,"Magnetic tape-type video recording or reproducing apparatus, whether or not incorporating a ...",0,0,0,0,0,0,0,0,0,0,0,0,,,,,,,,,,,,,,,422,148,88,359,131,283,284,778,152,424,348,324
'852321,Cards incorporating a magnetic stripe for the recording of sound or of other phenomena,0,0,0,0,0,0,0,0,0,0,0,0,,,,,,,,,,,,,,,76,240,137,78,399,359,46,47,58,269,198,50
'853290,"Parts of electrical ""pre-set"" capacitors, fixed, variable or adjustable, n.e.s.",0,0,0,0,0,0,0,71,0,0,0,0,,,,,,,,,,,,,,,1795,1738,2220,1114,1442,836,1481,1441,1607,971,870,915
'853331,"Wirewound variable electrical resistors, incl. rheostats and potentiometers, for a power handling ...",0,0,0,0,0,0,0,0,0,0,0,0,,,,,,,,,,,,,,,300,114,269,401,263,407,257,271,194,203,499,223
'853521,"Automatic circuit breakers for a voltage > 1.000 V but < 72,5 kV",13,0,0,0,0,0,0,0,0,0,0,0,,,,,,,,,,,,,,,896,1331,1491,752,849,1698,1411,3077,2506,1265,1165,2124
'853630,Apparatus for protecting electrical circuits for a voltage <= 1.000 V (excl. fuses and automatic ...,0,0,0,0,0,0,0,3,0,4,0,0,,,,,,,,,,,,,,,8295,7644,7764,5687,6343,7678,6276,6031,7263,8401,8169,8332
'853649,Relays for a voltage > 60 V but <= 1.000 V,1,1,0,19,0,26,46,27,7,0,0,0,,,,,,,,,,,,,,,27246,20892,34473,35640,35067,28856,24224,24857,21860,26047,25314,24807
'854020,Television camera tubes; image converters and intensifiers; other photo cathode tubes (excl. ...,0,0,0,0,0,0,0,0,0,0,0,0,,,,,,,,,,,,,,,484,656,375,1029,78,340,358,393,326,1348,338,113
'854040,"Data/graphic display tubes, monochrome; data/graphic display tubes, colour, with a phosphor ...",0,0,0,0,0,0,0,0,0,0,0,0,,,,,,,,,,,,,,,0,1,0,0,0,1,6,2,0,0,0,2
'854079,"Microwave tubes, e.g. travelling wave tubes and carcinotrons (excl. magnetrons and grid-controlled ...",0,0,0,0,0,0,0,0,0,0,0,0,,,,,,,,,,,,,,,253,130,808,353,27,55,652,394,669,55,258,120
'854091,"Parts of cathode ray tubes, n.e.s.",0,0,0,0,0,0,0,0,0,0,0,0,,,,,,,,,,,,,,,20,12,2,14,2,3,0,10,4,0,0,6
'852380,"Media for the recording of sound or of other phenomena, whether or not recorded, incl. matrices ...",0,0,0,7,0,0,0,0,0,0,41,0,,,,,,,,,,,,,,,12756,12199,14483,13870,22544,15223,16621,16936,18183,27387,26073,19391
'854800,"Electrical parts of machinery or apparatus, n.e.s. in chapter 85",0,0,0,0,0,0,0,0,0,0,0,0,,,,,,,,,,,,,,,153,236,2255,195,118,139,239,171,102,234,530,318
'854929,"Electrical and electronic waste and scrap, of a kind used principally for the recovery of precious ...",0,0,0,0,0,0,0,0,0,0,0,0,,,,,,,,,,,,,,,1,5,0,0,1,0,0,0,0,0,0,0
'860210,Diesel-electric locomotives,0,0,0,0,0,0,0,0,0,0,0,0,,,,,,,,,,,,,,,0,0,0,0,0,0,2,0,0,0,0,0
'860390,"Self-propelled railway or tramway coaches, vans and trucks (excl. those powered from an external ...",0,0,0,0,0,0,0,0,0,0,0,0,,,,,,,,,,,,,,,0,0,0,0,0,0,0,0,0,0,0,0
'860711,Driving bogies and bissel-bogies for railway or tramway locomotives or rolling stock,0,0,0,0,0,0,0,0,0,0,0,0,,,,,,,,,,,,,,,0,0,41,67,7,80,0,0,0,57,236,0
'860712,Bogies and driving bissel-bogies for railway or tramway locomotives or rolling stock (excl. ...,0,0,0,0,0,0,0,0,0,0,0,0,,,,,,,,,,,,,,,1956,3,1307,0,0,0,0,0,29,0,8,459
'870122,"Road tractors for semi-trailers, with both compression-ignition internal combustion piston ...",0,0,0,0,0,0,0,0,0,0,0,0,,,,,,,,,,,,,,,0,0,0,0,0,0,0,0,0,0,0,0
'870194,"Tractors, of an engine power > 75 kW but <= 130 kW (excl. those of heading 8709, pedestrian-controlled ...",0,0,0,0,0,0,0,0,0,0,0,0,,,,,,,,,,,,,,,0,0,0,64,0,0,0,199,0,0,0,0
'870195,"Tractors, of an engine power > 130 kW (excl. those of heading 8709, pedestrian-controlled tractors, ...",0,0,0,0,0,0,0,0,0,0,0,0,,,,,,,,,,,,,,,0,0,608,1530,72,1013,4036,83,25,98,0,0
'870321,Motor cars and other motor vehicles principally designed for the transport of ...,0,0,0,0,0,0,0,0,0,0,0,0,,,,,,,,,,,,,,,299,9,8,198,32,7,75,56,18,7,18,25
'870333,Motor cars and other motor vehicles principally designed for the transport of ...,0,0,0,0,0,0,0,0,0,0,0,0,,,,,,,,,,,,,,,9536,9548,13570,8113,11049,9994,1191,0,7206,160,6006,5266
'870380,Motor cars and other motor vehicles principally designed for the transport of ...,628,2305,145,0,19,55,120,57,56,0,0,0,,,,,,,,,,,,,,,13779,26176,24651,20790,47780,17198,24405,43212,58468,35317,26035,46132
'870432,"Motor vehicles for the transport of goods, with only spark-ignition internal combustion piston ...",0,0,0,0,0,0,0,0,0,0,0,0,,,,,,,,,,,,,,,0,0,0,0,0,0,0,0,0,0,0,0
'870490,"Motor vehicles for the transport of goods, with engines other than internal combustion piston ...",0,0,0,0,0,0,0,0,0,0,0,0,,,,,,,,,,,,,,,109,23,296,5,1959,0,0,0,24,2180,2171,14
'870510,Crane lorries (excl. breakdown lorries),0,0,0,0,0,0,0,0,0,0,0,0,,,,,,,,,,,,,,,191,208,0,206,0,0,0,0,0,51,0,0
'870600,"Chassis fitted with engines, for tractors, motor vehicles for the transport of ten or more ...",0,0,0,0,0,0,0,0,0,0,0,0,,,,,,,,,,,,,,,4427,2783,3563,5322,976,231,0,5916,2121,2223,7680,6513
'870790,"Bodies for tractors, motor vehicles for the transport of ten or more persons, motor vehicles ...",0,0,0,0,0,0,39,0,0,0,0,0,,,,,,,,,,,,,,,3318,3040,2641,3551,3079,1008,1246,2062,1639,1029,483,1066
'880521,Air combat simulators and parts thereof,0,0,0,0,0,0,0,0,0,0,0,0,,,,,,,,,,,,,,,5,6,5,557,9,0,2,1,10,0,13,2
'880629,"Unmanned aircraft, for remote-controlled flight only, with maximum take-off weight > 150 kg ...",0,0,0,0,0,0,0,0,0,0,0,0,,,,,,,,,,,,,,,0,0,20,0,0,0,0,0,0,0,0,0
'880691,"Unmanned aircraft, with maximum take-off weight <= 250 g (excl. for remote-controlled flight ...",0,0,0,0,0,0,0,0,0,0,0,0,,,,,,,,,,,,,,,0,0,0,0,0,0,0,0,0,0,0,0
'890120,Tankers,0,0,0,0,0,0,0,0,0,0,0,0,,,,,,,,,,,,,,,118817,39008,117493,95756,0,94919,168720,117310,56450,21644,121920,139539
'900580,"Monoculars, astronomical and other optical telescopes and other astronomical instruments (excl. ...",0,0,0,0,0,0,0,0,0,0,0,0,,,,,,,,,,,,,,,197,440,931,283,127,271,280,452,296,202,502,111
'900669,Photographic flashlights and flashlight apparatus (excl. with electronic discharge lamps),0,0,0,0,0,0,0,0,0,0,0,0,,,,,,,,,,,,,,,96,166,108,202,131,282,140,48,246,239,188,189
'900691,"Parts and accessories for photographic cameras, n.e.s.",0,0,0,0,0,0,0,0,0,0,0,0,,,,,,,,,,,,,,,603,383,395,459,643,385,451,598,581,288,376,567
'900720,Cinematographic projectors,0,0,0,0,0,0,0,0,0,0,0,0,,,,,,,,,,,,,,,14,10,24,6,45,51,3,34,7,21,54,4
'900792,"Parts and accessories for cinematographic projectors, n.e.s.",0,0,0,0,0,0,0,0,0,0,0,0,,,,,,,,,,,,,,,168,65,354,41,46,440,96,22,13,8,148,41
'900850,"Image projectors, and photographic enlargers and reducers (excl. cinematographic and parts)",0,0,0,0,0,0,0,0,0,0,0,0,,,,,,,,,,,,,,,25,115,421,123,65,374,39,118,72,40,124,70
'901120,"Optical microscopes, for photomicrography, cinephotomicrography or microprojection (excl. stereoscopic ...",0,0,0,0,0,0,0,0,0,0,0,0,,,,,,,,,,,,,,,21,299,36,252,253,116,319,488,29,192,323,110
'901540,Photogrammetrical surveying instruments and appliances,0,0,0,0,0,0,0,0,0,0,0,0,,,,,,,,,,,,,,,314,1047,167,748,3021,780,127,129,914,2028,193,163
'901814,Scintigraphic apparatus,0,0,0,0,0,0,0,0,0,0,0,0,,,,,,,,,,,,,,,484,515,1118,1959,1887,448,439,836,90,658,698,385
'901819,"Electro-diagnostic apparatus, incl. apparatus for functional exploratory examination or for ...",0,0,0,0,0,0,0,0,0,0,0,0,,,,,,,,,,,,,,,8792,7863,11070,10617,7517,10241,8180,12744,7467,10008,7853,12164
'901820,"Ultraviolet or infra-red ray apparatus used in medical, surgical, dental or veterinary sciences",0,0,0,0,0,0,0,0,0,0,0,0,,,,,,,,,,,,,,,183,118,106,14,190,171,802,535,69,118,45,127
'903220,"Manostats (excl. taps, cocks and valves of heading 8481)",0,0,0,0,0,0,0,0,0,0,0,0,,,,,,,,,,,,,,,2711,2056,2282,1859,2363,1639,2717,2580,2103,2471,2301,2265
'910199,"Pocket-watches and the like, incl. stop-watches, of precious metal or of metal clad with precious ...",0,0,0,0,0,0,0,0,0,0,0,0,,,,,,,,,,,,,,,212,413,508,83,42,24,20,69,33,66,34,47
'910221,"Wrist-watches, whether or not incorporating a stop-watch facility, with automatic winding (excl. ...",0,0,0,0,0,0,0,0,0,0,0,0,,,,,,,,,,,,,,,13081,11152,12553,13943,16547,16686,19545,16043,16255,19075,21905,16283
'910291,"Pocket-watches and the like, incl. stop-watches, electrically operated (excl. of precious metal ...",0,0,0,0,0,0,0,0,0,0,0,0,,,,,,,,,,,,,,,143,105,374,182,169,71,501,49,218,14,325,20
'910310,"Clocks with watch movements, electrically operated (excl. wrist-watches, pocket-watches and ...",0,0,0,0,0,0,0,0,0,0,0,0,,,,,,,,,,,,,,,0,0,29,0,0,0,20,0,13,2,0,10
'910519,Alarm clocks (excl. electrically operated),0,0,0,0,0,0,0,0,0,0,0,0,,,,,,,,,,,,,,,33,37,16,32,45,48,54,39,64,71,71,15
'910700,Time switches with clock or watch movement or with synchronous motor,0,0,0,0,0,0,0,0,0,0,0,0,,,,,,,,,,,,,,,1278,1373,1901,2138,1061,1428,996,1484,1479,1097,1141,983
'910990,"Clock movements, complete and assembled (excl. electrically operated and watch movements)",0,0,0,0,0,0,0,0,0,0,0,0,,,,,,,,,,,,,,,145,394,262,475,20,105,171,161,355,370,264,188
'911180,"Cases for wrist-watches, pocket-watches and other watches of heading 9101 or 9102, of materials ...",0,0,0,0,0,0,0,0,0,0,0,0,,,,,,,,,,,,,,,466,750,1206,1004,695,841,1106,1000,1279,1144,640,607
'920210,Violins and other string instruments,0,0,0,0,0,0,0,0,0,0,0,0,,,,,,,,,,,,,,,36,65,73,47,9,32,105,26,87,91,60,59
'920600,"Percussion musical instruments, e.g. drums, xylophones, cymbals, castanets, maracas",0,0,0,0,0,0,0,0,0,0,0,0,,,,,,,,,,,,,,,570,521,478,427,572,364,664,311,516,275,607,228
'920992,"Parts and accessories for string musical instruments without keyboards, n.e.s. (excl. strings ...",0,0,0,0,0,0,0,0,0,0,0,0,,,,,,,,,,,,,,,238,140,245,294,448,321,360,303,346,422,296,267
'930310,"Muzzle-loading firearms, neither designed nor suitable for projecting cartridges",0,0,0,0,0,0,0,0,0,0,0,0,,,,,,,,,,,,,,,0,0,0,0,0,6,0,0,2,0,0,0
'930510,"Parts and accessories for revolvers or pistols, n.e.s.",0,0,0,0,0,0,0,0,0,0,0,0,,,,,,,,,,,,,,,0,24,55,58,110,0,19,4,3,8,10,2
'930700,"Swords, cutlasses, bayonets, lances and similar arms and parts thereof, and scabbards and sheaths ...",0,0,0,0,0,0,0,0,0,0,0,0,,,,,,,,,,,,,,,0,0,0,0,2,0,0,0,1,0,0,0
'871110,"Motorcycles, incl. mopeds, with reciprocating internal combustion piston engine of a cylinder ...",0,0,0,0,0,0,0,0,0,0,0,0,,,,,,,,,,,,,,,8,0,0,0,0,49,70,0,0,0,66,30
'871140,"Motorcycles, incl. mopeds, with reciprocating internal combustion piston engine of a cylinder ...",0,0,0,0,0,0,0,0,0,0,0,0,,,,,,,,,,,,,,,588,691,915,923,1445,443,346,19,690,8,603,430
'902720,Chromatographs and electrophoresis instruments,0,0,0,0,0,0,0,0,0,0,0,0,,,,,,,,,,,,,,,23338,22070,32260,20413,31174,31047,23394,35847,33958,28809,28389,27977
'902730,"Spectrometers, spectrophotometers and spectrographs using optical radiations, such as UV, visible, ...",0,0,0,0,0,0,0,2,0,0,0,0,,,,,,,,,,,,,,,15668,15270,16983,14067,18806,21940,14996,21834,19859,18014,22424,20370
'902750,"Instruments and apparatus for physical or chemical analysis, using UV, visible or IR optical ...",61,0,0,0,0,0,0,212,0,0,0,0,,,,,,,,,,,,,,,27182,26233,25733,31247,31996,31849,27113,33390,18674,31018,44608,35329
'902121,Artificial teeth,0,0,0,0,0,0,0,0,0,0,0,0,,,,,,,,,,,,,,,88,47,55,73,67,136,83,73,48,137,34,111
'903032,Multimeters with recording device,0,0,0,0,0,0,0,0,0,0,0,0,,,,,,,,,,,,,,,490,776,846,457,760,586,989,514,469,678,2090,1148
'940511,"Chandeliers and other electric ceiling or wall lighting fittings, solely for light-emitting ...",0,0,0,0,0,0,0,0,0,9,58,0,,,,,,,,,,,,,,,1622,1460,1902,1511,2413,1649,2113,2158,2494,2689,1973,1181
'940529,"Electric table, desk, bedside or floor-standing luminaires (excl. those solely for light-emitting ...",4,2,26,35,11,7,7,13,0,0,0,0,,,,,,,,,,,,,,,814,867,1121,1775,1408,1098,1165,836,764,1468,1261,504
'940550,"Non-electrical luminaires and lighting fittings, n.e.s.",0,0,0,1,1,0,0,0,0,0,1,0,,,,,,,,,,,,,,,765,1217,1191,1336,1555,1323,818,1455,948,1626,1748,562
'950450,Video game consoles and machines (excl. operated by any means of payment),0,0,0,0,0,0,0,0,0,0,0,0,,,,,,,,,,,,,,,5169,8250,8369,5985,8893,3134,4054,4350,5110,2757,2908,6214
'950629,"Water-skis, surfboards and other water-sport equipment (other than sailboards)",0,0,3,2,0,0,0,4,0,0,0,0,,,,,,,,,,,,,,,616,405,479,335,759,456,486,641,371,513,527,1002
'950640,Articles and equipment for table-tennis,0,0,0,0,0,0,0,0,0,0,0,0,,,,,,,,,,,,,,,385,173,453,451,390,309,502,303,227,310,427,250
'950651,"Tennis rackets, whether or not strung (excl. table-tennis bats)",0,0,0,0,0,0,0,0,0,0,0,0,,,,,,,,,,,,,,,523,296,375,340,470,193,436,339,307,357,447,441
'950810,Travelling circuses and travelling menageries,0,0,0,0,0,0,0,0,0,0,0,0,,,,,,,,,,,,,,,34,0,0,0,0,0,3,0,2,0,0,0
'950830,Fairground amusements,0,0,0,0,0,0,0,0,0,0,0,0,,,,,,,,,,,,,,,138,713,93,313,359,387,93,160,192,199,454,137
'960190,"Worked bone, tortoiseshell, horn, antlers, coral, mother-of-pearl and other animal carving ...",0,0,0,0,0,0,0,0,0,0,0,0,,,,,,,,,,,,,,,8,5,152,17,70,84,0,8,6,13,28,22
'960850,"Sets of articles from two or more of the following: ball-point pens, felt or fibre-tipped pens ...",0,0,0,0,0,0,0,0,0,0,0,0,,,,,,,,,,,,,,,4,0,60,35,34,3,24,34,133,13,2,3
'960920,"Pencil leads, black or coloured",0,0,0,0,0,0,0,0,0,0,0,0,,,,,,,,,,,,,,,386,375,400,416,404,473,172,413,500,321,451,156
'961320,"Pocket lighters, gas fuelled, refillable",0,0,0,0,0,0,0,0,0,0,0,0,,,,,,,,,,,,,,,2,9,5,449,2,1,2,6,2,0,2,1
'961590,"Hairpins, curling pins, curling grips, hair-curlers and the like, and parts thereof, n.e.s. ...",0,0,0,0,0,0,0,0,0,0,0,0,,,,,,,,,,,,,,,42,44,44,55,190,84,62,112,86,121,85,35
'961700,"Vacuum flasks and other vacuum vessels, and parts thereof (excl. glass inners)",0,0,0,0,0,0,0,0,0,0,0,0,,,,,,,,,,,,,,,536,353,595,416,880,699,209,1252,1022,1356,719,747
'961800,"Tailors' dummies and other lay figures, automata and other animated displays used for shop ...",0,0,0,0,0,0,0,0,0,0,0,0,,,,,,,,,,,,,,,358,550,375,418,583,225,350,431,404,340,474,230
'970191,"Paintings, e.g. oil paintings, watercolours and pastels, and drawings executed entirely by ...",0,0,0,0,0,0,0,0,0,0,0,0,,,,,,,,,,,,,,,4006,1414,3135,10699,566,4107,6929,7255,13711,5491,2053,3240
'970290,"Original engravings, prints and lithographs (excl. over 100 years old)",0,0,0,0,0,0,0,0,0,0,0,0,,,,,,,,,,,,,,,29,65,22,96,63,104,78,81,28,23,34,119
'970510,"Collections and collectors’ pieces of archaeological, ethnographic or historical interest",0,0,0,0,0,0,0,0,0,0,0,0,,,,,,,,,,,,,,,0,0,0,0,0,18,0,0,0,0,0,0
'970539,Collections and collectors’ pieces of numismatic interest (excl. over 100 years old),0,0,0,0,0,0,0,0,0,0,0,0,,,,,,,,,,,,,,,0,0,0,0,0,0,0,0,0,0,0,0
'970610,"Antiques, over 250 years old",0,0,0,0,0,0,0,0,0,0,0,0,,,,,,,,,,,,,,,42,0,85,35,0,52,361,6129,24,869,5178,0
'010239,Live buffalo (excl. pure-bred for breeding),0,0,0,0,0,0,0,0,0,0,0,0,,,,,,,,,,,,,,,0,0,0,0,0,0,0,0,0,0,0,0
'010612,"Live whales, dolphins and porpoises (mammals of the order Cetacea); manatees and dugongs (mammals ...",0,0,0,0,0,0,0,0,0,0,0,0,,,,,,,,,,,,,,,0,0,2,0,0,0,0,3,0,0,0,0
'010690,"Live animals (excl. mammals, reptiles, birds, insects, fish, crustaceans, molluscs and other ...",0,0,0,0,0,0,0,0,0,0,0,0,,,,,,,,,,,,,,,74,26,49,127,85,95,38,84,17,6,191,62
'020329,"Frozen meat of swine (excl. carcases and half-carcases, and hams, shoulders and cuts thereof, ...",0,0,0,0,0,0,0,0,0,0,0,0,,,,,,,,,,,,,,,890,382,122,319,307,292,429,98,319,312,334,277
'020714,Frozen cuts and edible offal of fowls of the species Gallus domesticus,0,0,0,0,0,0,0,0,0,0,0,0,,,,,,,,,,,,,,,0,0,0,0,0,0,0,0,0,0,0,0
'030229,"Fresh or chilled flat fish ""Pleuronectidae, Bothidae, Cynoglossidae, Soleidae, Scophthalmidae ...",0,0,0,0,0,0,0,0,0,0,0,0,,,,,,,,,,,,,,,0,0,0,0,0,0,0,0,0,0,0,0
'030323,"Frozen tilapia ""Oreochromis spp.""",0,0,0,0,0,0,0,1,0,0,0,0,,,,,,,,,,,,,,,167,0,0,42,0,0,29,1,0,0,0,0
'030353,"Frozen sardines ""Sardina pilchardus, Sardinops spp."", sardinella ""Sardinella spp."", brisling ...",0,0,0,0,0,0,0,0,0,0,0,0,,,,,,,,,,,,,,,128,35,17,70,76,144,71,43,0,130,40,0
'030356,"Frozen cobia ""Rachycentron canadum""",0,0,0,0,0,0,0,0,0,0,0,0,,,,,,,,,,,,,,,0,0,0,0,0,14,0,0,0,6,0,5
'030369,"Frozen fish of the families Bregmacerotidae, Euclichthyidae, Gadidae, Macrouridae, Melanonidae, ...",0,0,0,0,0,0,0,86,0,0,0,0,,,,,,,,,,,,,,,25,259,0,26,52,50,0,111,1,145,25,0
'030382,"Frozen rays and skates ""Rajidae""",0,0,0,0,0,0,0,0,0,0,0,0,,,,,,,,,,,,,,,0,0,0,0,0,0,0,0,0,0,0,0
'030445,"Fresh or chilled fillets of swordfish ""Xiphias gladius""",0,0,0,0,0,0,0,0,0,0,0,0,,,,,,,,,,,,,,,0,0,0,0,0,0,0,0,0,0,0,0
'030449,"Fresh or chilled fillets of fish, n.e.s.",0,0,0,0,0,0,0,0,0,0,0,0,,,,,,,,,,,,,,,33,0,0,22,0,0,72,0,0,76,0,0
'030461,"Frozen fillets of tilapia ""Oreochromis spp.""",0,0,0,0,0,0,0,0,0,0,0,0,,,,,,,,,,,,,,,0,0,0,0,0,0,134,64,0,0,0,0
'030569,"Fish, salted or in brine only (excl. fillets, offal, herring, cod, anchovies, tilapia, catfish, ...",0,0,0,0,0,0,0,0,0,0,0,0,,,,,,,,,,,,,,,0,0,0,0,0,0,0,0,0,0,0,0
'030612,"Frozen lobsters ""Homarus spp."", even smoked, whether in shell or not, incl. lobsters in shell, ...",0,0,0,0,0,0,0,0,0,0,0,0,,,,,,,,,,,,,,,0,0,0,0,0,12,0,0,0,0,0,0
'030615,"Frozen Norway lobsters ""Nephrops norvegicus"", even smoked, whether in shell or not, incl. lobsters ...",0,0,0,0,0,0,0,0,0,0,0,0,,,,,,,,,,,,,,,0,0,1121,351,311,710,46,749,257,41,0,60
'030632,"Lobsters ""Homarus spp."", whether in shell or not, live, fresh or chilled",0,0,0,0,0,0,0,0,0,0,0,0,,,,,,,,,,,,,,,0,0,0,0,0,0,0,0,0,0,0,0
'030691,"Rock lobster and other sea crawfish ""Palinurus spp., Panulirus spp. and Jasus spp."", whether ...",0,0,0,0,0,0,0,0,0,0,0,0,,,,,,,,,,,,,,,0,0,0,0,0,0,0,0,0,0,0,0
'030742,"Cuttle fish and squid, live, fresh or chilled, with or without shell",0,0,0,0,0,0,0,0,0,0,0,0,,,,,,,,,,,,,,,0,0,0,0,0,0,0,0,0,0,0,0
'030784,"Frozen, even in shell, stromboid conchs ""Strombus spp.""",0,0,0,0,0,0,0,0,0,0,0,0,,,,,,,,,,,,,,,0,0,0,0,0,0,0,0,0,0,0,0
'030799,"Molluscs, even in shell, smoked, dried, salted or in brine (excl. oysters, scallops of the ...",0,0,0,0,0,0,0,0,0,0,0,0,,,,,,,,,,,,,,,0,0,0,16,0,0,61,0,0,0,0,0
'040229,"Milk and cream in solid forms, of a fat content by weight of > 1,5%, sweetened",0,0,0,0,0,0,0,0,0,0,0,0,,,,,,,,,,,,,,,0,0,0,0,0,0,0,0,0,0,0,0
'040320,"Yogurt, whether or not flavoured or containing added sugar or other sweetening matter, fruit, ...",0,0,0,0,0,0,0,0,0,0,0,0,,,,,,,,,,,,,,,0,0,0,0,0,0,0,0,0,0,0,0
'040640,"Blue-veined cheese and other cheese containing veins produced by ""Penicillium roqueforti""",0,0,0,0,0,0,0,0,0,0,0,0,,,,,,,,,,,,,,,8,17,50,0,127,0,36,2,0,30,13,0
'040899,"Birds' eggs, not in shell, fresh, cooked by steaming or boiling in water, moulded, frozen or ...",0,0,0,0,0,0,0,0,0,0,0,0,,,,,,,,,,,,,,,0,0,0,0,0,0,0,100,0,0,0,0
'050100,"Human hair, unworked, whether or not washed or scoured; waste of human hair",0,0,5,0,2,0,0,14,0,0,53,0,,,,,,,,,,,,,,,0,0,5,0,2,0,0,14,0,0,53,0
'050690,"Bones and horn-cores and their powder and waste, unworked, defatted, degelatinised or simply ...",0,0,0,0,0,0,0,0,0,0,0,0,,,,,,,,,,,,,,,434,574,1312,402,943,812,515,630,777,513,438,582
'060220,"Edible fruit or nut trees, shrubs and bushes, whether or not grafted",0,0,0,0,0,0,0,0,0,0,0,0,,,,,,,,,,,,,,,5338,1190,698,11,103,54,44,103,2958,9302,10286,9686
'060240,"Roses, whether or not grafted",0,0,0,0,0,0,0,0,0,0,0,0,,,,,,,,,,,,,,,0,0,0,0,0,0,0,0,0,0,0,0
'070310,Fresh or chilled onions and shallots,0,0,0,0,0,0,0,0,0,0,0,0,,,,,,,,,,,,,,,0,0,0,0,0,0,0,0,0,0,0,0
'070490,"Fresh or chilled cabbages, kohlrabi, kale and similar edible brassicas (excl. cauliflowers, ...",0,0,0,0,0,0,0,0,0,0,0,0,,,,,,,,,,,,,,,0,3,188,511,254,115,15,0,3,0,3,0
'070700,"Cucumbers and gherkins, fresh or chilled",0,0,0,0,0,0,0,0,0,0,0,0,,,,,,,,,,,,,,,0,0,0,0,0,0,0,0,0,0,0,0
'070890,"Fresh or chilled leguminous vegetables, shelled or unshelled (excl. peas ""Pisum sativum"" and ...",0,0,0,0,0,0,0,0,0,0,0,0,,,,,,,,,,,,,,,0,0,0,0,0,0,0,0,0,0,0,0
'070959,"Fresh or chilled edible mushrooms and truffles (excl. Agaricus, Boletus, Cantharellus, shiitake, ...",0,0,0,0,0,0,0,0,0,0,0,0,,,,,,,,,,,,,,,0,0,0,6,0,2,5,4,2,8,5,2
'071010,"Potatoes, uncooked or cooked by steaming or by boiling in water, frozen",0,0,0,0,0,0,0,0,0,0,0,0,,,,,,,,,,,,,,,0,0,0,0,3,0,0,0,0,0,0,0
'071331,"Dried, shelled beans of species ""Vigna mungo [L.] Hepper or Vigna radiata [L.] Wilczek"", whether ...",0,0,0,0,0,0,0,0,0,0,0,0,,,,,,,,,,,,,,,49429,31800,30814,48377,96119,196065,97046,66767,52226,56413,67136,39547
'071410,"Fresh, chilled, frozen or dried roots and tubers of manioc ""cassava"", whether or not sliced ...",0,0,0,0,0,0,0,0,0,0,0,0,,,,,,,,,,,,,,,0,0,0,0,0,0,1,0,0,0,0,0
'080430,Fresh or dried pineapples,0,0,0,0,0,0,0,0,0,0,0,0,,,,,,,,,,,,,,,0,0,0,0,0,0,0,0,0,0,0,0
'080510,Fresh or dried oranges,0,0,0,0,0,0,0,0,0,0,0,0,,,,,,,,,,,,,,,9508,4300,2366,4628,8620,7189,701,339,1162,3324,3571,8600
'080610,Fresh grapes,0,0,0,0,0,0,0,0,0,0,0,0,,,,,,,,,,,,,,,1222,999,3212,4656,4269,6193,5031,3304,1839,423,55,727
'080910,Fresh apricots,0,0,0,0,0,0,0,0,0,0,0,0,,,,,,,,,,,,,,,1,1,214,318,172,9,2,19,15,0,0,10
'080940,Fresh plums and sloes,0,0,0,0,0,0,0,0,0,0,0,0,,,,,,,,,,,,,,,969,29,579,1229,1011,776,524,303,210,479,401,523
'081040,"Fresh cranberries, bilberries and other fruits of the genus Vaccinium",0,0,0,0,0,0,0,0,0,0,0,0,,,,,,,,,,,,,,,789,1358,2681,1562,2836,2230,1936,2523,2705,876,115,158
'100199,"Wheat and meslin (excl. seed for sowing, and durum wheat)",0,0,0,0,0,0,0,0,0,0,0,0,,,,,,,,,,,,,,,1800,2070,8542,2449,1340,822,1372,4914,1402,1312,180,449
'100410,Oats seed for sowing,0,0,0,0,0,0,0,0,0,0,0,0,,,,,,,,,,,,,,,0,0,0,0,0,0,0,0,0,0,0,0
'100829,"Millet (excl. grain sorghum, and seed for sowing)",0,0,0,0,0,0,0,0,0,0,0,0,,,,,,,,,,,,,,,0,0,0,0,32,21,16,23,0,0,5,0
'100830,Canary seed,0,0,0,0,0,0,0,0,0,0,0,0,,,,,,,,,,,,,,,0,0,62,0,0,0,0,0,0,0,0,0
'110290,"Cereal flours (excl. wheat, meslin and maize)",0,0,0,0,0,0,0,0,0,0,0,0,,,,,,,,,,,,,,,60,2,3,0,25,16,96,20,36,3,355,2
'110630,"Flour, meal and powder of produce of chapter 8 ""Edible fruit and nuts; peel of citrus fruits ...",0,0,0,33,0,0,0,0,0,0,0,0,,,,,,,,,,,,,,,2530,2172,4073,2805,2735,1741,3373,1616,1626,2176,886,1656
'120110,"Soya bean seed, for sowing",0,0,0,0,0,0,0,0,0,0,0,0,,,,,,,,,,,,,,,0,0,0,0,0,0,0,0,0,0,0,0
'120241,"Groundnuts, in shell (excl. seed for sowing, roasted or otherwise cooked)",0,0,0,0,0,0,0,0,0,0,0,0,,,,,,,,,,,,,,,1,14,27,0,0,0,0,0,0,0,0,0
'120729,Cotton seeds (excl. for sowing),0,0,0,0,0,0,0,36,0,0,0,0,,,,,,,,,,,,,,,0,0,0,0,0,0,0,36,0,0,0,0
'120791,"Poppy seeds, whether or not broken",0,0,0,0,0,0,0,0,0,0,0,0,,,,,,,,,,,,,,,0,0,0,0,0,0,0,0,0,0,0,0
'120910,"Sugar beet seed, for sowing",0,0,0,0,0,0,0,0,0,0,0,0,,,,,,,,,,,,,,,0,0,0,0,0,191,310,0,0,0,0,0
'120924,"Kentucky blue grass ""Poa pratensis L."" seed for sowing",0,0,0,0,0,0,0,0,0,0,0,0,,,,,,,,,,,,,,,0,0,0,0,0,0,0,0,0,0,0,0
'121221,"Seaweeds and other algae, fresh, chilled, frozen or dried, whether or not ground, fit for human ...",0,0,0,0,0,2,0,0,0,0,0,0,,,,,,,,,,,,,,,61,24,513,96,119,437,431,31,80,657,254,435
'121294,"Chicory roots, fresh, chilled, frozen or dried, whether or not ground",0,0,0,0,0,0,0,0,0,0,0,0,,,,,,,,,,,,,,,0,0,0,0,0,0,3,0,0,0,4,0
'130120,Natural gum Arabic,0,0,0,0,0,0,0,0,0,0,0,0,,,,,,,,,,,,,,,8268,11755,13696,5925,6759,5146,4321,3181,3457,3979,2624,3386
'130239,"Mucilages and thickeners derived from vegetable products, whether or not modified (excl. from ...",0,1,0,0,0,0,0,0,0,0,0,0,,,,,,,,,,,,,,,1593,736,1077,1126,658,433,944,1215,1079,671,905,1348
'150210,"Tallow of bovine animals, sheep or goats (excl. oil and oleostearin)",0,0,0,0,0,0,0,0,0,0,0,0,,,,,,,,,,,,,,,0,0,0,0,0,0,0,0,0,0,0,0
'151190,"Palm oil and its fractions, whether or not refined (excl. chemically modified and crude)",0,0,0,0,0,0,0,0,0,0,0,0,,,,,,,,,,,,,,,76668,153225,25725,18129,33544,22781,26176,4234,18443,38615,22254,9973
'151329,"Palm kernel and babassu oil and their fractions, whether or not refined, but not chemically ...",0,0,0,0,0,0,0,0,0,0,0,0,,,,,,,,,,,,,,,3363,4997,4541,2786,4125,1710,1953,909,2112,3659,2781,3266
'151710,Margarine (excl. liquid),0,0,0,0,0,0,0,0,0,0,0,0,,,,,,,,,,,,,,,0,14,0,0,43,0,44,0,48,12,18,0
'160290,"Prepared or preserved meat, offal, blood or insects (excl. meat or offal of poultry, swine ...",0,0,0,0,0,0,0,0,0,0,0,0,,,,,,,,,,,,,,,0,0,0,0,0,0,0,0,0,0,0,0
'160553,"Mussels, prepared or preserved (excl. smoked)",0,0,0,0,0,0,0,0,0,0,0,0,,,,,,,,,,,,,,,0,0,0,0,0,0,0,0,0,0,0,0
'160556,"Clams, cockles and arkshells, prepared or preserved (excl. smoked)",0,0,0,0,0,0,0,0,0,0,0,0,,,,,,,,,,,,,,,0,0,0,0,0,0,0,0,0,0,0,0
'160569,"Aquatic invertebrates, prepared or preserved (excl. smoked, crustaceans, molluscs, sea cucumbers, ...",0,0,0,0,0,0,0,0,0,0,0,0,,,,,,,,,,,,,,,0,0,0,0,0,0,271,0,0,148,0,0
'170191,"Refined cane or beet sugar, containing added flavouring or colouring, in solid form",0,0,0,0,0,0,0,0,0,0,0,0,,,,,,,,,,,,,,,0,0,0,0,0,0,0,0,0,0,0,0
'170260,"Fructose in solid form and fructose syrup, not containing added flavouring or colouring matter ...",0,0,0,0,0,0,0,0,0,0,0,0,,,,,,,,,,,,,,,373,269,120,113,411,176,165,298,570,198,0,0
'170310,Cane molasses resulting from the extraction or refining of sugar,0,0,0,0,0,0,0,0,0,0,0,0,,,,,,,,,,,,,,,60,72,88,209,126,81,12,0,55,93,85,192
'180310,Cocoa paste (excl. defatted),0,0,0,0,0,0,0,0,0,0,0,0,,,,,,,,,,,,,,,5287,8269,780,1193,1708,1929,1425,1341,869,2493,410,1670
'190240,"Couscous, whether or not prepared",0,0,0,0,0,6,11,0,0,0,0,0,,,,,,,,,,,,,,,253,227,517,136,362,484,180,162,375,550,392,176
'190420,Prepared foods obtained from unroasted cereal flakes or from mixtures of unroasted cereal flakes ...,0,0,0,0,0,0,0,0,0,0,0,0,,,,,,,,,,,,,,,25,23,0,7,1,0,5,0,4,0,0,1
'200110,"Cucumbers and gherkins, prepared or preserved by vinegar or acetic acid",0,0,0,0,0,0,0,0,0,0,0,0,,,,,,,,,,,,,,,0,3,2,2,61,0,1,0,1,13,0,0
'200520,"Potatoes, prepared or preserved otherwise than by vinegar or acetic acid (excl. frozen)",0,0,0,0,0,0,0,0,0,0,0,0,,,,,,,,,,,,,,,20,7,0,0,1,3,0,32,0,0,0,16
'282919,Chlorates (excl. sodium),0,0,0,0,0,0,0,0,0,0,0,0,,,,,,,,,,,,,,,7,2,3,13,2,68,1,19,0,69,3,0
'283190,Dithionites and sulfoxylates (excl. sodium),0,0,0,0,0,0,0,0,0,0,0,0,,,,,,,,,,,,,,,0,0,0,1,0,0,0,6,0,0,0,0
'283321,Sulphate of magnesium,0,0,0,0,0,0,0,0,0,0,0,0,,,,,,,,,,,,,,,562,149,253,570,95,148,294,152,334,109,152,174
'283324,Sulphates of nickel,0,0,0,0,0,0,0,0,0,0,0,0,,,,,,,,,,,,,,,1087,1999,2194,1564,722,2687,952,2122,1151,728,1,1321
'283524,Phosphates of potassium,0,0,0,0,0,0,0,0,0,0,0,0,,,,,,,,,,,,,,,619,418,481,243,265,437,403,842,217,382,219,349
'283640,Potassium carbonates,0,0,0,0,0,0,0,0,0,0,0,0,,,,,,,,,,,,,,,2703,1938,1568,2049,1016,2122,2697,2668,2181,2478,2742,2439
'283699,"Carbonates and peroxocarbonates ""percarbonates""; commercial ammonium carbonate containing ammonium ...",0,0,0,0,0,0,0,0,0,0,0,0,,,,,,,,,,,,,,,4099,5034,4440,3758,4265,4029,3758,5476,4349,2755,4576,3817
'284910,"Carbides of calcium, whether or not chemically defined",0,0,0,0,0,0,0,0,0,0,0,0,,,,,,,,,,,,,,,761,430,562,560,1013,1366,972,1192,1137,854,948,900
'290123,"Butene ""butylene"" and isomers thereof",0,0,0,0,0,0,0,0,0,0,0,0,,,,,,,,,,,,,,,0,41,23,0,1784,9,20,0,2,17,19,637
'290241,o-Xylene,0,0,0,0,0,0,0,0,0,0,0,0,,,,,,,,,,,,,,,37190,21780,17391,13590,19954,34420,21126,4590,17215,9970,5782,28940
'290244,Mixed xylene isomers,0,0,0,0,0,0,0,0,0,0,0,0,,,,,,,,,,,,,,,15,22,37,9,501,98,28,24,401,13,15,22
'290260,Ethylbenzene,0,0,0,0,0,0,0,0,0,0,0,0,,,,,,,,,,,,,,,127,155,150,185,151,62,122,99,185,24,156,120
'290315,"Ethylene dichloride ""ISO"" ""1,2 dichloroethane""",0,0,0,0,0,0,0,0,0,0,0,0,,,,,,,,,,,,,,,12197,6400,8235,15627,13461,8114,12095,15620,11351,10585,4703,4549
'290359,"Unsaturated fluorinated derivatives of acyclic hydrocarbons (excl. 2,3,3,3-tetrafluoropropene ...",0,0,0,0,0,0,0,0,0,0,0,0,,,,,,,,,,,,,,,2099,2276,2666,1897,2947,1124,838,1787,613,1323,696,2105
'290361,"Methyl bromide ""bromomethane""",0,0,0,0,0,0,0,0,0,0,0,0,,,,,,,,,,,,,,,0,0,0,0,0,0,0,0,0,0,0,0
'290375,Dichloropentafluoropropanes,0,0,0,0,0,0,0,0,0,0,0,0,,,,,,,,,,,,,,,0,0,0,0,0,0,0,0,0,0,0,0
'290381,"1,2,3,4,5,6-Hexachlorocyclohexane (HCH (ISO)), including lindane (ISO, INN)",0,0,0,0,0,0,0,0,0,0,0,0,,,,,,,,,,,,,,,0,0,0,0,0,0,0,0,0,0,0,0
'290491,"Trichloronitromethane ""chloropicrin""",0,0,0,0,0,0,0,0,0,0,0,0,,,,,,,,,,,,,,,0,0,0,210,0,0,0,0,0,126,0,0
'290519,"Saturated monohydric acyclic alcohols (excl. methanol ""methyl alcohol"", propan-1-ol ""propyl ...",0,0,0,0,0,0,0,0,0,0,0,0,,,,,,,,,,,,,,,15012,12312,17005,26063,13226,21531,8385,20430,13168,10834,11002,18862
'290522,Acyclic terpene alcohols,0,0,0,0,0,0,0,0,0,0,0,0,,,,,,,,,,,,,,,4380,6503,5610,8015,8664,6214,4033,5603,5800,2844,4252,5850
'290541,"2-Ethyl-2-""hydroxymethyl"" propane-1,3-diol ""trimethylolpropane""",0,0,0,0,0,0,0,0,0,0,0,0,,,,,,,,,,,,,,,755,441,630,668,601,395,450,540,593,712,458,1093
'290544,"D-glucitol ""sorbitol""",0,0,0,0,0,0,0,0,0,0,0,0,,,,,,,,,,,,,,,987,748,855,1151,950,841,860,1203,772,803,482,954
'290559,"Halogenated, sulphonated, nitrated or nitrosated derivatives or acyclic alcohols (excl. ethchlorvynol ...",0,0,0,0,0,0,0,0,0,0,0,0,,,,,,,,,,,,,,,1208,891,1612,945,2268,2385,1007,1246,828,1175,1330,2249
'290930,"Aromatic ethers and their halogenated, sulphonated, nitrated or nitrosated derivatives",0,0,0,0,0,0,0,0,0,0,0,0,,,,,,,,,,,,,,,3044,1787,1558,1859,1200,966,1451,2122,1975,1419,1981,2178
'291219,"Acyclic aldehydes, without other oxygen function (excl. methanal [formaldehyde] and ethanal ...",0,0,0,0,0,0,0,0,0,0,0,0,,,,,,,,,,,,,,,7985,6300,6496,7020,5850,6055,5016,6460,5939,4344,5245,6013
'291221,Benzaldehyde,0,0,0,0,0,0,0,0,0,0,0,0,,,,,,,,,,,,,,,2814,2308,2990,1667,1374,211,232,308,1217,1036,1624,759
'291242,"Ethylvanillin ""3-ethoxy-4-hydroxybenzaldehyde""",0,0,0,0,0,0,0,0,0,0,0,0,,,,,,,,,,,,,,,926,596,806,367,923,992,639,1156,567,801,1149,1627
'291419,"Acyclic ketones, without other oxygen function (excl. acetone, butanone ""methyl ethyl ketone"" ...",0,0,0,0,0,0,0,0,0,0,0,0,,,,,,,,,,,,,,,4240,2595,3291,4886,4171,2968,3196,3596,3328,2489,3139,4975
'291461,Anthraquinone,0,0,0,0,0,0,0,0,0,0,0,0,,,,,,,,,,,,,,,305,1586,403,501,704,363,292,268,661,795,427,396
'291512,Salts of formic acid,0,0,0,0,0,0,0,0,0,0,0,0,,,,,,,,,,,,,,,1956,2255,1992,2183,2927,2746,1552,2107,1774,1080,1569,1924
'291524,Acetic anhydride,0,0,0,0,0,0,0,0,0,0,0,0,,,,,,,,,,,,,,,1276,177,1064,64,48,179,228,870,713,729,0,0
'291536,"Dinoseb acetate ""ISO""",0,0,0,0,0,0,0,0,0,0,0,0,,,,,,,,,,,,,,,25,0,0,0,0,0,0,0,0,0,0,0
'291540,"Mono- di- or trichloroacetic acids, their salts and esters",0,0,0,0,0,0,0,0,0,0,0,0,,,,,,,,,,,,,,,99,84,7,67,451,303,92,19,24,1,1,89
'291550,"Propionic acid, its salts and esters",0,0,0,0,0,0,0,0,0,0,0,0,,,,,,,,,,,,,,,2875,3055,2138,3274,4275,3749,1379,3448,1316,1728,2181,2911
'291620,"Cyclanic, cyclenic or cycloterpenic monocarboxylic acids, their anhydrides, halides, peroxides, ...",0,0,0,0,0,0,0,0,0,0,0,0,,,,,,,,,,,,,,,4236,3708,3802,3955,3250,4693,3591,2370,548,2435,1640,2780
'291634,Phenylacetic acid and its salts,0,0,0,0,0,0,0,0,0,0,0,0,,,,,,,,,,,,,,,0,0,0,0,1496,0,0,0,0,0,6,0
'291811,"Lactic acid, its salts and esters (excl. inorganic or organic compounds of mercury)",0,0,0,0,0,0,0,0,0,0,0,0,,,,,,,,,,,,,,,877,548,915,963,897,986,2263,611,1122,489,1700,1208
'291812,Tartaric acid,0,0,0,0,0,0,0,0,0,0,0,0,,,,,,,,,,,,,,,2035,2068,1177,1985,1317,1157,1354,1329,1751,1876,1515,1321
'291821,Salicylic acid and its salts (excl. inorganic or organic compounds of mercury),0,0,0,0,0,0,0,0,0,0,0,0,,,,,,,,,,,,,,,2655,1689,3804,2757,2084,3167,3821,2300,1755,3897,2665,3816
'292129,"Acyclic polyamines and their derivatives; salts thereof (excl. ethylenediamine and hexamethylenediamine, ...",0,0,0,0,0,0,0,0,0,0,0,0,,,,,,,,,,,,,,,12902,7994,12949,8197,9240,10417,6241,9515,7770,7178,10090,9071
'292212,Diethanolamine and its salts,0,0,0,0,0,0,0,0,0,0,0,0,,,,,,,,,,,,,,,1296,678,745,589,1887,879,1252,1195,1010,1702,849,322
'292310,Choline and its salts,0,0,0,0,0,0,0,0,0,0,0,0,,,,,,,,,,,,,,,257,97,80,89,382,132,420,157,29,51,96,13
'292320,"Lecithins and other phosphoaminolipids, whether or not chemically defined",0,0,0,0,0,0,0,0,0,0,0,0,,,,,,,,,,,,,,,5068,4678,5672,5533,4988,4844,3678,3908,4913,4544,5555,6540
'292411,"Meprobamate ""INN""",0,0,0,0,0,0,0,0,0,0,0,0,,,,,,,,,,,,,,,81,0,0,292,216,0,0,218,1,291,0,0
'292529,Imines and their derivatives; salts thereof (excl. chlordimeform [ISO]),0,0,0,0,0,0,0,0,0,0,0,0,,,,,,,,,,,,,,,5443,4084,4979,3632,3612,5258,4869,3335,4391,3053,4439,6063
'293040,Methionine,0,0,0,0,0,0,0,0,0,0,0,0,,,,,,,,,,,,,,,10269,13508,15897,13594,12847,14367,15612,12184,15682,15662,16554,19185
'293141,Dimethyl methylphosphonate,0,0,0,0,0,0,0,0,0,0,0,0,,,,,,,,,,,,,,,0,0,0,0,0,0,0,0,0,6,8,0
'293142,Dimethyl propylphosphonate,0,0,0,0,0,0,0,0,0,0,0,0,,,,,,,,,,,,,,,0,31,0,0,0,0,0,0,0,0,0,0
'293333,"Alfentanil ""INN"", anileridine ""INN"", bezitramide ""INN"", bromazepam ""INN"", carfentanil ""INN"", ...",0,0,0,0,0,0,0,0,0,0,0,0,,,,,,,,,,,,,,,0,0,0,55,0,0,0,9,56,0,0,0
'293334,"Fentanyls and their derivatives, with nitrogen hetero-atom[s] only, containing an unfused pyridine ...",0,0,0,0,0,0,0,0,0,0,0,0,,,,,,,,,,,,,,,0,0,0,0,0,0,0,1,0,0,0,0
'293354,"Derivatives of malonylurea ""barbituric acid"" and salts thereof (excl. salts of malonylurea)",0,0,0,0,0,0,0,0,0,0,0,0,,,,,,,,,,,,,,,333,0,0,41,198,5,189,0,70,151,0,0
'293379,"Lactams (excl. 6-hexanelactam ""epsilon-caprolactam"", clobazam ""INN"", methyprylon ""INN"", and ...",0,0,0,0,0,0,0,0,0,0,0,0,,,,,,,,,,,,,,,4976,3601,5220,5007,5168,7883,4788,5174,3664,3819,2987,3971
'293492,"Fentanyls and their derivatives (excl. with nitrogen hetero-atom[s] only, and products of 2934.91)",0,0,0,0,0,0,0,0,0,0,0,0,,,,,,,,,,,,,,,63,72,48,0,77,68,0,32,0,32,0,34
'293550,"Perfluorooctane sulphonamides (excl. N-Methylperfluorooctane sulphonamide, N-Ethylperfluorooctane ...",0,0,0,0,0,0,0,0,0,0,0,0,,,,,,,,,,,,,,,2,269,14,456,12,163,0,6,0,0,4,15
'200911,"Frozen orange juice, unfermented, whether or not containing added sugar or other sweetening ...",0,0,0,0,0,0,0,0,0,0,0,0,,,,,,,,,,,,,,,814,1108,752,681,323,0,651,811,803,1216,681,786
'200929,"Grapefruit juice, unfermented, Brix value > 20 at 20°C, whether or not containing added sugar ...",0,0,0,0,0,0,0,0,0,0,0,0,,,,,,,,,,,,,,,9,0,0,23,0,0,23,0,2,19,0,0
'200941,"Pineapple juice, unfermented, Brix value <= 20 at 20°C, whether or not containing added sugar ...",0,0,0,0,0,0,0,0,0,0,0,0,,,,,,,,,,,,,,,0,0,0,0,0,0,0,0,0,0,0,0
'200971,"Apple juice, unfermented, Brix value <= 20 at 20°C, whether or not containing added sugar or ...",0,0,0,0,0,0,0,0,0,0,0,0,,,,,,,,,,,,,,,0,0,1,0,0,1,1,1,1,6,0,1
'200990,"Mixtures of fruit juices, incl. grape must, and vegetable juices, unfermented, whether or not ...",15,0,1,0,0,0,16,0,0,0,0,0,,,,,,,,,,,,,,,66,42,41,1,10,26,24,2,50,83,29,17
'220421,"Wine of fresh grapes, incl. fortified wines, and grape must whose fermentation has been arrested ...",0,0,0,0,0,0,0,0,0,0,0,0,,,,,,,,,,,,,,,834,881,1314,1085,1966,1293,1473,2329,1490,1976,1503,1204
'220600,"Cider, perry, mead, saké and other fermented beverages and mixtures of fermented beverages ...",0,0,0,0,0,0,0,0,0,0,0,0,,,,,,,,,,,,,,,1,9,6,35,20,2,33,12,30,0,59,0
'220870,Liqueurs and cordials,0,0,0,0,0,0,0,0,0,0,0,0,,,,,,,,,,,,,,,1178,1959,1359,2326,2085,1943,2036,2129,3802,1237,293,2211
'220890,"Ethyl alcohol of an alcoholic strength of < 80% vol, not denatured; spirits and other spirituous ...",0,0,0,0,0,0,0,0,0,0,0,0,,,,,,,,,,,,,,,11116,9930,11158,14803,11652,12505,8152,6359,3262,3832,2812,2155
'230120,"Flours, meals and pellets of fish or crustaceans, molluscs or other aquatic invertebrates, ...",0,0,0,0,0,0,0,0,0,0,0,0,,,,,,,,,,,,,,,29,1387,987,1077,599,2884,768,1832,3220,3951,2764,637
'240499,Nicotine containing products intended for the intake of nicotine into the human body (excl. ...,0,0,0,0,0,0,0,0,0,0,0,0,,,,,,,,,,,,,,,0,0,0,0,0,0,0,0,0,0,0,0
'260120,Roasted iron pyrites,0,0,0,0,0,0,0,0,0,0,0,0,,,,,,,,,,,,,,,4,0,0,0,0,0,0,0,0,0,0,0
'260500,Cobalt ores and concentrates,0,0,0,0,0,0,0,0,0,0,0,0,,,,,,,,,,,,,,,9,45,0,0,0,57,77,4,0,82,0,11
'261690,Precious-metal ores and concentrates (excl. silver ores and oncentrates),0,0,0,0,0,0,0,0,0,0,0,0,,,,,,,,,,,,,,,21071,8616,17256,27351,10586,3195,7768,34940,21311,22709,20559,128629
'262029,"Slag, ash and residues containing mainly lead (excl. leaded gasoline sludges and leaded anti-knock ...",0,0,0,0,0,0,0,0,0,0,0,0,,,,,,,,,,,,,,,131,29,41,31,99,0,0,0,0,23,3,0
'270210,"Lignite, whether or not pulverised, non-agglomerated (excl. jet)",0,0,0,0,0,0,0,0,0,0,0,0,,,,,,,,,,,,,,,86,34,0,0,20,60,27,48,45,24,23,38
'271020,Petroleum oils and oils obtained from bituminous minerals (other than crude) and preparations ...,0,0,0,0,0,0,0,0,0,0,0,0,,,,,,,,,,,,,,,106,47,29,65,247,179,0,71,142,0,26,0
'271113,"Butanes, liquefied (excl. of a purity of >= 95% of N-butane or isobutane)",0,0,0,0,0,0,0,0,0,0,0,0,,,,,,,,,,,,,,,555620,568046,653420,535829,527347,528249,648939,536597,504127,630309,285272,426343
'271114,"Ethylene, propylene, butylene and butadiene, liquefied (excl. ethylene of a purity of >= 95% ...",0,0,0,0,0,0,0,0,0,0,0,0,,,,,,,,,,,,,,,0,0,0,124,0,164,0,0,1329,0,22,75
'271129,"Hydrocarbons in gaseous state, n.e.s. (excl. natural gas)",0,0,0,0,0,0,0,0,0,0,0,0,,,,,,,,,,,,,,,4,21,31,35,67,10,0,0,58,17,0,3
'271290,"Paraffin wax, microcrystalline petroleum wax, slack wax, ozokerite, lignite wax, peat wax, ...",0,0,0,0,0,0,0,0,0,0,0,0,,,,,,,,,,,,,,,9502,10287,11832,11654,14764,10655,11902,11161,11251,8052,10799,9632
'271312,"Petroleum coke, calcined",0,0,0,0,0,0,0,0,0,0,0,0,,,,,,,,,,,,,,,15134,19728,25073,43090,24660,32284,13190,24221,23583,13710,36557,24247
'280130,Fluorine; bromine,0,0,0,0,0,0,0,0,0,0,0,0,,,,,,,,,,,,,,,2272,1324,2061,1805,1993,4040,2274,2279,4245,2320,2500,4686
'280511,Sodium,0,0,0,0,0,0,0,0,0,0,0,0,,,,,,,,,,,,,,,1002,1141,1485,1414,831,1419,970,950,1480,1858,1471,1349
'281119,"Inorganic acids (excl. hydrogen chloride ""hydrochloric acid"", chlorosulphuric acid, sulphuric ...",0,0,0,0,0,0,0,0,0,0,0,0,,,,,,,,,,,,,,,3630,1645,5136,3853,1141,3753,1415,5576,3710,1876,2795,1747
'293719,"Polypeptide hormones, protein hormones and glycoprotein hormones, their derivatives and structural ...",0,0,0,0,0,0,0,0,0,0,0,0,,,,,,,,,,,,,,,2716,5274,12365,4377,3234,2385,5926,4223,2601,7601,8986,4685
'293722,Halogenated derivatives of corticosteroidal hormones,0,0,0,0,0,0,0,0,0,0,0,0,,,,,,,,,,,,,,,2525,1835,1439,2430,2418,1224,2266,3271,1345,3438,3430,2716
'293944,Norephedrine and its salts,0,0,0,0,0,0,0,0,0,0,0,0,,,,,,,,,,,,,,,0,0,14,0,0,0,0,0,0,0,0,0
'293969,"Alkaloids of rye ergot and their derivatives; salts thereof (excl. lysergic acid, ergotamine ...",0,0,0,0,0,0,0,0,0,0,0,0,,,,,,,,,,,,,,,48,263,261,0,387,0,23,375,237,654,629,254
'294000,"Sugars, chemically pure (excl. sucrose, lactose, maltose, glucose and fructose); sugar ethers, ...",0,0,0,0,0,0,0,0,0,0,0,0,,,,,,,,,,,,,,,4871,4774,7087,5217,4901,4408,3367,6235,5533,4878,4371,8231
'294130,Tetracyclines and their derivatives; salts thereof,0,0,0,0,0,0,0,0,0,0,0,0,,,,,,,,,,,,,,,8015,4688,6774,5938,3566,5248,5273,7138,5871,6643,4575,7016
'294200,"Separate chemically defined organic compounds, n.e.s.",0,0,0,0,0,0,0,0,0,0,0,0,,,,,,,,,,,,,,,36327,27435,33964,29441,28159,29931,34526,34560,28139,24306,32731,29588
'300212,Antisera and other blood fractions,0,0,559,0,0,709,0,0,554,0,0,0,,,,,,,,,,,,,,,15033,33017,31515,13086,21329,14735,20193,31850,18699,19687,11047,7725
'300259,"Cell cultures, whether or not modified (excl. cell therapy products)",0,0,0,0,0,0,0,0,0,0,0,0,,,,,,,,,,,,,,,167,109,225,113,95,167,116,158,151,132,182,174
'300339,"Medicaments containing hormones or steroids used as hormones, not containing antibiotics, not ...",0,0,0,0,0,0,0,0,0,0,0,0,,,,,,,,,,,,,,,2886,2962,1413,3375,2471,3727,1363,3617,3345,2018,785,1626
'300439,"Medicaments containing hormones or steroids used as hormones but not antibiotics, put up in ...",0,0,0,0,0,0,0,0,0,0,0,0,,,,,,,,,,,,,,,16545,3721,10936,24717,6831,34261,32809,18910,42246,40998,16196,8936
'300441,"Medicaments containing ephedrine or its salts, not containing hormones, steroids used as hormones ...",0,0,0,0,0,0,0,0,0,0,0,0,,,,,,,,,,,,,,,0,0,0,0,0,0,0,0,0,0,0,0
'300442,"Medicaments containing pseudoephedrine ""INN"" or its salts, not containing hormones, steroids ...",0,0,0,0,0,0,0,0,0,0,0,0,,,,,,,,,,,,,,,0,0,0,0,0,198,0,0,0,0,0,0
'300650,First-aid boxes and kits,0,0,0,0,0,0,0,0,0,0,0,0,,,,,,,,,,,,,,,59,10,34,11,27,75,23,3,41,13,5,0
'320290,"Inorganic tanning substances; tanning preparations, whether or not containing natural tanning ...",0,0,0,0,0,0,0,0,0,0,0,0,,,,,,,,,,,,,,,493,443,497,558,401,365,298,502,310,188,417,268
'320413,Basic synthetic organic dyes; preparations based on basic synthetic organic dyes of a kind ...,0,0,0,0,0,0,0,0,0,0,0,0,,,,,,,,,,,,,,,246,605,467,728,601,684,380,342,312,681,360,252
'320414,Direct synthetic organic dyes; preparations based on direct synthetic organic dyes of a kind ...,0,0,0,0,0,0,0,0,0,0,0,0,,,,,,,,,,,,,,,33,51,156,126,70,66,26,39,42,1,56,5
'281216,Sulphur dichloride,0,0,0,0,0,0,0,0,0,0,0,0,,,,,,,,,,,,,,,0,0,0,0,0,0,0,0,0,0,0,0
'281217,Thionyl chloride,0,0,0,0,0,0,0,0,0,0,0,0,,,,,,,,,,,,,,,0,1,39,0,0,0,0,0,0,0,0,0
'281310,Carbon disulphide,0,0,0,0,0,0,0,0,0,0,0,0,,,,,,,,,,,,,,,1199,1743,1729,2042,886,860,1281,1279,1050,665,1842,1774
'281511,"Sodium hydroxide ""caustic soda"" solid",0,0,0,0,0,0,0,0,0,0,0,0,,,,,,,,,,,,,,,692,315,809,554,392,31,106,242,318,627,878,1225
'281512,"Sodium hydroxide ""caustic soda"" in aqueous solution ""soda lye or liquid soda""",0,0,0,0,0,0,0,0,0,0,0,0,,,,,,,,,,,,,,,45,4585,3942,8328,118,107,83,88,11286,28,73,1024
'282110,Iron oxides and hydroxides,0,0,0,0,0,0,0,0,0,0,0,0,,,,,,,,,,,,,,,3085,2784,2954,3281,3243,2863,3135,2523,3511,2384,2779,3344
'282560,Germanium oxides and zirconium dioxide,0,0,0,0,0,0,0,0,0,0,0,0,,,,,,,,,,,,,,,3097,3527,4722,4583,3439,2774,3123,3831,3269,3239,3798,5469
'250590,"Natural sands of all kinds, whether or not coloured (excl. silica sands, quartz sands, gold- ...",0,0,0,0,0,0,0,0,0,0,0,0,,,,,,,,,,,,,,,9,1,3,39,31,8,12,4,0,0,32,11
'250620,"Quartzite, merely cut, by sawing or otherwise, in blocks or slabs of a square or rectangular ...",0,0,0,0,0,0,0,0,0,0,0,0,,,,,,,,,,,,,,,737,855,932,1122,850,1191,893,1553,1093,1246,1084,1106
'251310,Pumice stone,0,0,0,0,0,0,0,0,0,0,0,0,,,,,,,,,,,,,,,59,43,56,23,31,70,43,20,18,21,84,50
'252010,Gypsum; anhydrite,0,0,0,0,0,0,0,0,0,0,0,0,,,,,,,,,,,,,,,12549,16718,13131,10047,14101,15669,9355,11007,17323,15619,10569,15441
'320710,"Prepared pigments, prepared opacifiers, prepared colours and similar preparations of a kind ...",0,0,0,13,17,0,0,0,0,0,0,0,,,,,,,,,,,,,,,9554,13195,13217,9686,12254,15620,11420,10834,12254,10636,8047,7215
'320740,"Glass frit and other glass in the form of powder, granules or flakes",0,0,0,0,0,0,0,0,0,0,0,0,,,,,,,,,,,,,,,2810,3102,3561,3461,4035,3474,3361,2645,3113,2426,2580,2730
'330113,"Oils of lemon, whether or not terpeneless, incl. concretes and absolutes",0,0,0,0,0,0,0,0,0,0,0,0,,,,,,,,,,,,,,,902,254,316,758,322,172,240,215,567,329,415,1339
'330130,Resinoids,0,0,0,0,0,0,0,0,0,0,0,0,,,,,,,,,,,,,,,161,176,257,474,159,330,382,645,329,149,354,132
'330290,"Mixtures of odoriferous substances and mixtures, incl. alcoholic solutions, based on one or ...",0,0,0,0,0,0,0,0,2,0,0,0,,,,,,,,,,,,,,,12251,11420,14556,10488,14641,13125,11532,11787,12103,11114,11150,12148
'330530,Hair lacquers,0,0,0,0,0,0,0,0,0,0,0,0,,,,,,,,,,,,,,,137,171,325,86,60,63,161,154,250,188,243,251
'330610,"Dentifrices, incl. those used by dental practitioners",59,0,0,115,0,0,0,0,0,0,0,0,,,,,,,,,,,,,,,686,731,601,810,722,743,945,551,633,397,476,528
'340510,"Polishes, creams and similar preparations, for footwear or leather, whether or not in the form ...",0,0,0,0,0,0,0,0,0,0,0,0,,,,,,,,,,,,,,,244,380,427,529,354,562,106,189,597,458,377,246
'350219,"Egg albumin (excl. dried [e.g. in sheets, scales, flakes, powder])",0,0,0,0,0,0,0,0,0,0,0,0,,,,,,,,,,,,,,,4,0,37,0,0,0,0,6,0,0,0,0
'360320,Detonating cords,0,0,0,0,0,0,0,0,0,0,0,0,,,,,,,,,,,,,,,0,0,55,2,0,23,39,22,0,0,34,52
'370239,"Photographic film ""incl. instant print film"", sensitised, in rolls, unexposed, without perforations, ...",0,0,0,0,0,0,0,0,0,0,0,0,,,,,,,,,,,,,,,190,72,214,417,100,274,9,100,129,173,75,129
'370254,"Photographic film, sensitised, in rolls, unexposed, with perforations, for colour photography ...",0,0,0,0,0,0,0,0,0,0,0,0,,,,,,,,,,,,,,,2,0,0,7,0,0,9,0,2,0,0,0
'370296,"Photographic film, sensitised, in rolls, unexposed, with perforations, for monochrome photography, ...",0,0,0,0,0,0,0,0,0,0,0,0,,,,,,,,,,,,,,,0,0,0,5,2,0,2,0,3,2,0,20
'380130,Carbonaceous pastes for electrodes and similar pastes for furnace linings,0,0,0,0,0,0,0,0,0,0,0,0,,,,,,,,,,,,,,,2546,2311,4062,2524,2417,3491,1060,1470,597,3435,1895,1415
'380210,"Activated carbon (excl. medicaments or deodorant products for fridges, vehicles etc., put up ...",0,0,0,17,0,0,0,0,0,0,0,0,,,,,,,,,,,,,,,6197,5795,6065,5762,6733,8116,7191,6136,6541,4978,5674,5452
'380700,Wood tar; wood tar oils; wood creosote; wood naphtha; vegetable pitch; brewer's pitch and similar ...,0,0,0,0,0,0,0,0,0,6,0,0,,,,,,,,,,,,,,,63,31,222,86,191,116,33,78,78,151,194,123
'381511,"Supported catalysts with nickel or a nickel compound as the active substance, n.e.s.",0,0,0,0,0,0,0,0,0,0,1,0,,,,,,,,,,,,,,,10457,2730,381,6396,4558,13752,12132,10045,6711,1666,510,4163
'382212,"Diagnostic or laboratory reagents on a backing, prepared diagnostic or laboratory reagents ...",0,0,0,0,0,0,0,0,0,0,0,0,,,,,,,,,,,,,,,160,361,102,578,253,128,26,4,4,1,6,19
'382487,"Mixtures and preparations containing perfluorooctane sulphonic acid, its salts, perfluorooctane ...",0,0,0,0,0,0,0,0,0,0,0,0,,,,,,,,,,,,,,,0,0,3,0,0,0,0,0,0,0,0,0
'382761,"Mixtures containing other hydrofluorocarbons ""HFCs"" than in subheadings of 3827 till 3827.59, ...",0,0,0,0,0,0,0,0,0,0,0,0,,,,,,,,,,,,,,,1441,1789,2326,396,687,1224,1482,4172,5838,745,1544,2255
'390290,"Polymers of propylene or of other olefins, in primary forms (excl. polypropylene, polyisobutylene ...",0,54,2,0,0,0,0,0,0,0,0,0,,,,,,,,,,,,,,,10995,10780,10112,11237,10782,8227,10227,9876,8648,9475,7548,14343
'390450,"Vinylidene chloride polymers, in primary forms",0,0,0,0,0,0,0,0,0,0,0,0,,,,,,,,,,,,,,,4590,3146,3231,4086,3767,4224,2737,2593,4978,1717,4113,4627
'390750,"Alkyd resins, in primary forms",0,0,0,0,0,0,0,0,0,0,0,0,,,,,,,,,,,,,,,785,802,616,1744,826,1071,1652,554,1035,906,1005,469
'391212,"Plasticised cellulose acetates, in primary forms",0,0,0,0,0,0,0,0,0,0,0,0,,,,,,,,,,,,,,,12,19,88,19,77,68,32,8,15,8,64,15
'391220,"Cellulose nitrates, incl. collodions, in primary forms",0,0,0,0,0,0,0,0,0,0,0,0,,,,,,,,,,,,,,,1306,1544,1664,1758,792,1859,1043,2012,1120,1584,1511,2382
'391239,"Cellulose ethers, in primary forms (excl. carboxymethylcellulose and its salts)",0,0,0,0,0,0,0,0,0,0,0,0,,,,,,,,,,,,,,,32569,36500,36331,35486,40085,39810,31989,27413,31526,26628,30207,40668
'391290,"Cellulose and chemical derivatives thereof, n.e.s., in primary forms (excl. cellulose acetates, ...",0,0,0,0,0,0,0,0,0,0,0,0,,,,,,,,,,,,,,,9515,13989,14183,9634,16223,13900,9604,8891,7556,10964,11128,11294
'391530,"Waste, parings and scrap, of polymers of vinyl chloride",0,0,0,0,0,0,0,0,0,0,0,0,,,,,,,,,,,,,,,0,0,0,0,0,0,0,0,0,0,0,16
'392510,"Reservoirs, tanks, vats and similar containers, of plastics, with a capacity of > 300 l",0,0,0,0,0,0,0,0,1,0,0,0,,,,,,,,,,,,,,,48,88,226,266,195,253,269,393,96,104,142,492
'400211,"Styrene-butadiene rubber latex ""SBR""; carboxylated styrene-butadiene rubber latex ""XSBR""",0,0,0,0,0,0,0,0,0,0,0,0,,,,,,,,,,,,,,,1001,1323,1351,1453,1101,455,1105,1685,579,1440,1385,1295
'400942,"Tubes, pipes and hoses, of vulcanised rubber (excl. hard rubber), reinforced or otherwise combined ...",0,0,0,0,0,0,0,13,0,1,0,0,,,,,,,,,,,,,,,2080,1860,2386,2326,3713,5752,2635,2477,5526,2286,7267,3219
'401019,"Conveyor belts or belting, of vulcanised rubber (excl. reinforced only with metal or only with ...",1,0,0,0,0,0,0,1,1,0,0,0,,,,,,,,,,,,,,,759,400,374,411,561,343,681,522,314,391,340,417
'401032,"Endless transmission belts of trapezoidal cross-section ""V-belts"", of vulcanised rubber, of ...",0,0,0,0,0,0,0,0,0,0,0,0,,,,,,,,,,,,,,,1174,685,1149,980,924,999,990,961,759,912,1113,863
'401130,"New pneumatic tyres, of rubber, of a kind used for aircraft",0,0,0,0,0,0,0,0,0,0,0,0,,,,,,,,,,,,,,,3232,2156,3077,1148,1713,2184,2688,1622,3373,2218,2787,2099
'401219,"Retreaded pneumatic tyres, of rubber (excl. of a kind used on motor cars, station wagons, racing ...",0,0,0,0,0,0,0,0,0,0,0,0,,,,,,,,,,,,,,,0,0,0,0,0,5,0,0,0,0,0,4
'401310,"Inner tubes, of rubber, of a kind used on motor cars, incl. station wagons and racing cars, ...",0,0,0,0,0,0,0,0,0,0,0,0,,,,,,,,,,,,,,,21,0,1,0,2,1,0,0,12,0,9,1
'391722,"Rigid tubes, pipes and hoses of polymers of propylene",0,0,0,0,0,0,0,0,0,0,0,0,,,,,,,,,,,,,,,280,337,317,347,435,472,391,317,222,569,766,1291
'392073,"Plates, sheets, film, foil and strip, of non-cellular cellulose acetates, not reinforced, laminated, ...",0,0,0,0,0,0,0,0,0,0,0,0,,,,,,,,,,,,,,,267,484,302,242,273,326,295,342,1026,468,253,264
'410530,"Skins of sheep or lambs, in the dry state ""crust"", without wool on, whether or not split (excl. ...",0,0,0,0,0,0,0,0,0,0,0,0,,,,,,,,,,,,,,,67,70,173,112,77,63,155,70,46,82,64,63
'410622,"Hides and skins of goats or kids, in the dry state ""crust"", without wool on, whether or not ...",0,0,0,0,0,0,0,0,0,0,0,0,,,,,,,,,,,,,,,0,0,2,14,5,15,57,6,3,20,5,21
'430130,"Raw furskins of the following types of lamb: Astrakhan, Caracul, Persian, Broadtail and similar, ...",0,0,0,0,0,0,0,0,0,0,0,0,,,,,,,,,,,,,,,176,17,0,0,0,0,0,0,0,0,4,1
'430310,"Articles of apparel and clothing accessories of furskin (excl. gloves made of leather and furskin, ...",0,0,0,0,0,0,0,0,0,0,0,0,,,,,,,,,,,,,,,0,0,6,16,1,10,19,37,11,12,3,14
'440210,"Bamboo charcoal, incl. shell or nut charcoal, whether or not agglomerated (excl. used as a ...",0,0,0,0,0,0,0,0,0,0,0,0,,,,,,,,,,,,,,,93,119,12,55,85,173,142,70,50,12,22,72
'440290,"Wood charcoal, whether or not agglomerated (excl. of bamboo or shell or nut, charcoal used ...",0,0,0,0,0,0,0,0,0,0,0,0,,,,,,,,,,,,,,,127,111,226,87,316,273,159,157,282,259,197,392
'441194,"Fibreboard of wood or other ligneous materials, whether or not agglomerated with resins or ...",0,0,0,0,0,0,0,0,0,0,0,0,,,,,,,,,,,,,,,413,551,510,514,618,679,553,507,504,312,647,235
'441210,"Plywood, veneered panel and similar laminated wood, of bamboo, not containing particle board ...",0,0,0,0,0,0,0,0,0,0,0,0,,,,,,,,,,,,,,,0,0,0,0,51,0,14,0,3,0,0,0
'441490,"Wooden frames for paintings, photographs, mirrors or similar objects (excl. of tropical wood)",0,0,0,0,0,0,0,0,0,0,0,0,,,,,,,,,,,,,,,158,113,144,96,147,157,196,120,88,108,102,96
'441840,Wooden shuttering for concrete constructional work (excl. plywood boarding),0,0,0,0,0,0,0,0,0,0,0,0,,,,,,,,,,,,,,,572,6,67,72,142,0,77,289,54,0,957,218
'441875,"Flooring panels, multilayer, assembled, of wood other than bamboo (excl. for mosaic floors)",0,0,0,0,0,0,0,0,0,0,0,0,,,,,,,,,,,,,,,183,323,341,331,267,439,361,574,581,435,448,249
'441889,Engineered structural timber products (excl. glue-laminated or cross-laminated timber and I ...,0,0,0,0,0,1,0,0,0,0,0,0,,,,,,,,,,,,,,,0,2,67,0,60,54,2,137,100,0,242,0
'442110,Clothes hangers of wood,0,0,0,0,0,0,0,0,0,0,0,0,,,,,,,,,,,,,,,252,107,233,202,292,156,230,174,282,295,219,110
'450190,"Cork waste; crushed, powdered or ground cork",0,0,0,0,0,0,0,0,0,0,0,0,,,,,,,,,,,,,,,250,170,505,472,660,683,388,709,484,476,429,418
'470429,"Semi-bleached or bleached non-coniferous chemical wood pulp, sulphite (excl. dissolving grades)",0,0,0,0,0,0,0,0,0,0,0,0,,,,,,,,,,,,,,,736,1238,934,70,19,107,117,156,88,23,0,0
'470630,Pulps of fibrous cellulosic bamboo material,0,0,0,0,0,0,0,0,0,0,0,0,,,,,,,,,,,,,,,178,21,0,51,165,104,0,0,0,17,0,0
'470691,"Mechanical pulp of fibrous cellulosic material (excl. that of bamboo, wood, cotton linters ...",0,0,0,0,0,0,0,0,0,0,0,0,,,,,,,,,,,,,,,97,64,13,31,65,48,123,42,41,42,28,151
'480100,"Newsprint as specified in Note 4 to chapter 48, in rolls of a width > 28 cm or in square or ...",0,0,0,0,0,0,0,0,0,0,0,0,,,,,,,,,,,,,,,30118,19294,35351,31316,25830,31265,25239,25746,18179,16209,23831,20333
'480255,"Uncoated paper and paperboard, of a kind used for writing, printing or other graphic purposes, ...",0,1,0,0,0,0,0,0,0,0,0,0,,,,,,,,,,,,,,,4985,3993,4187,4484,6360,9599,8604,10037,7677,8073,10891,7821
'480269,"Uncoated paper and paperboard, of a kind used for writing, printing or other graphic purposes, ...",0,0,0,0,0,0,0,0,0,0,0,0,,,,,,,,,,,,,,,53,27,21,325,362,431,80,17,1,4,53,37
'480421,"Unbleached sack kraft paper, uncoated, in rolls of a width > 36 cm (excl. goods of heading ...",0,0,0,0,0,0,0,0,0,0,0,0,,,,,,,,,,,,,,,574,1237,1696,1889,1674,1624,1177,1330,579,570,933,1307
'480550,"Felt paper and paperboard, in rolls of a width > 36 cm or in square or rectangular sheets with ...",0,0,0,0,0,0,0,0,0,0,0,0,,,,,,,,,,,,,,,7,0,0,10,0,0,0,0,10,0,59,0
'481013,"Paper and paperboard used for writing, printing or other graphic purposes, not containing fibres ...",0,0,0,0,0,0,0,0,0,0,0,0,,,,,,,,,,,,,,,15406,21896,23660,18603,14320,15803,19377,15606,16312,16160,14081,13424
'481039,"Kraft paper and paperboard, coated on one or both sides with kaolin or other inorganic substances, ...",0,0,0,0,183,10,105,0,0,120,0,0,,,,,,,,,,,,,,,4074,2419,3457,3367,3510,3167,4311,2615,3934,2879,2695,1807
'481190,"Paper, paperboard, cellulose wadding and webs of soft cellulose, coated, impregnated, covered, ...",14,30,115,40,40,1,109,2,72,0,3,0,,,,,,,,,,,,,,,14993,18365,24219,16962,18965,20775,20423,19293,21717,15886,16334,16884
'481850,"Articles of apparel and clothing accessories, of paper pulp, paper, cellulose wadding or webs ...",0,0,0,0,0,0,0,0,0,0,0,0,,,,,,,,,,,,,,,14,0,12,8,11,3,9,20,26,3,25,0
'490290,"Newspapers, journals and periodicals, whether or not illustrated or containing advertising ...",0,0,0,0,0,0,0,0,0,0,0,0,,,,,,,,,,,,,,,248,269,255,312,196,361,268,230,212,318,272,263
'510531,"Hair of Kashmir ""cashmere"" goats, carded or combed",0,0,0,0,0,0,0,0,0,0,0,0,,,,,,,,,,,,,,,99,80,89,64,57,0,162,123,0,66,143,56
'510610,Carded wool yarn containing >= 85% wool by weight (excl. that put up for retail sale),0,0,0,0,0,0,0,0,0,0,0,0,,,,,,,,,,,,,,,184,119,159,116,116,225,64,68,65,147,72,132
'511130,"Woven fabrics containing predominantly, but < 85% carded wool or carded fine animal hair by ...",0,0,0,0,0,0,0,0,0,0,0,0,,,,,,,,,,,,,,,954,1176,2082,1110,1703,810,1228,584,1519,576,289,632
'511219,Woven fabrics containing >= 85% combed wool or combed fine animal hair by weight and weighing ...,0,0,0,0,0,0,0,0,0,0,0,0,,,,,,,,,,,,,,,648,1661,1389,1277,923,925,510,768,379,603,893,899
'511230,"Woven fabrics containing predominantly, but < 85% combed wool or combed fine animal hair by ...",0,0,0,0,0,0,0,0,0,0,0,0,,,,,,,,,,,,,,,273,391,1360,592,1086,985,171,714,1127,859,302,1902
'511290,"Woven fabrics containing predominantly, but < 85% combed wool or combed fine animal hair by ...",0,0,0,0,0,0,0,0,0,0,0,0,,,,,,,,,,,,,,,133,59,68,94,153,185,147,81,148,344,351,323
'520299,"Cotton waste (excl. yarn waste, thread waste and garnetted stock)",0,0,0,0,27,0,0,0,0,0,0,0,,,,,,,,,,,,,,,706,300,1291,1618,1088,1685,1023,1237,1434,1135,900,1231
'520534,"Multiple ""folded"" or cabled cotton yarn, of uncombed fibres, containing >= 85% cotton by weight ...",0,0,0,0,0,0,0,0,0,0,0,0,,,,,,,,,,,,,,,0,0,0,0,0,0,0,0,0,0,0,0
'520535,"Multiple ""folded"" or cabled cotton yarn, of uncombed fibres, containing >= 85% cotton by weight ...",0,0,0,0,0,0,0,0,0,0,0,0,,,,,,,,,,,,,,,0,0,0,0,0,0,0,0,0,0,0,0
'520546,"Multiple ""folded"" or cabled cotton yarn, of combed fibres, containing >= 85% cotton by weight ...",0,0,0,0,0,0,0,0,0,0,0,0,,,,,,,,,,,,,,,0,0,0,0,117,0,0,0,69,0,0,0
'520623,"Single cotton yarn containing predominantly, but < 85% cotton by weight, of combed fibres and ...",0,0,29,0,0,6,2,0,14,20,0,0,,,,,,,,,,,,,,,0,0,118,0,0,9,3,0,17,41,11,35
'520811,"Plain woven fabrics of cotton, containing >= 85% cotton by weight and weighing <= 100 g/m_, ...",0,0,3,1,0,0,0,0,0,0,0,0,,,,,,,,,,,,,,,636,543,2542,2754,2443,2659,2037,1256,2574,1854,1616,852
'520921,"Plain woven fabrics of cotton, containing >= 85% cotton by weight and weighing > 200 g/m_, ...",9,15,0,0,0,0,8,16,0,1,0,0,,,,,,,,,,,,,,,32,87,15,38,34,11,63,28,23,1,5,1
'521119,"Woven fabrics of cotton, containing predominantly, but < 85% cotton by weight, mixed principally ...",0,0,0,0,0,0,0,0,0,0,0,0,,,,,,,,,,,,,,,31,0,32,120,74,16,0,0,0,0,82,31
'521132,"Woven fabrics of cotton, containing predominantly, but < 85% cotton by weight, mixed principally ...",0,0,0,10,0,0,0,0,0,0,0,0,,,,,,,,,,,,,,,121,226,58,34,147,109,140,38,127,7,282,811
'521142,"Denim, containing predominantly, but < 85% cotton by weight, mixed principally or solely with ...",15,33,0,0,0,0,0,0,0,0,0,0,,,,,,,,,,,,,,,1897,1383,2461,1305,1494,998,912,776,1863,1396,1703,348
'521143,"Woven fabrics of cotton, containing predominantly, but < 85% cotton by weight, mixed principally ...",0,0,0,0,0,0,0,0,0,0,0,0,,,,,,,,,,,,,,,0,38,51,0,0,0,3,0,0,1,16,0
'521159,"Woven fabrics of cotton, containing predominantly, but < 85% cotton by weight, mixed principally ...",0,0,0,0,0,0,0,0,0,0,0,0,,,,,,,,,,,,,,,65,23,37,79,151,3,116,68,0,46,19,0
'530911,"Woven fabrics of flax, containing >= 85% flax by weight, unbleached or bleached",0,0,0,0,0,1,23,0,13,14,0,0,,,,,,,,,,,,,,,15,40,23,600,845,641,70,86,98,53,6,10
'540411,Elastomeric monofilament of >= 67 decitex and with a cross sectional dimension of <= 1 mm,0,0,0,0,0,0,0,0,0,0,0,0,,,,,,,,,,,,,,,115,41,132,32,188,77,45,42,74,79,5,19
'540730,"Woven fabrics of synthetic filament yarn, incl. monofilament of >= 67 decitex and with a cross ...",0,2,0,0,0,0,0,0,0,0,0,0,,,,,,,,,,,,,,,4,17,13,32,3,202,38,124,20,105,60,0
'540743,Woven fabrics of yarn containing >= 85% by weight of filaments of nylon or other polyamides ...,0,0,0,0,0,0,0,0,77,75,52,0,,,,,,,,,,,,,,,84,85,96,46,74,48,26,127,211,167,177,16
'540783,"Woven fabrics of yarn containing predominantly, but < 85% synthetic filament by weight, incl. ...",0,0,0,0,0,0,0,0,0,0,0,0,,,,,,,,,,,,,,,54,44,55,58,63,53,135,8,18,7,17,15
'540784,"Woven fabrics of yarn containing predominantly, but < 85% synthetic filament by weight, incl. ...",0,0,0,0,0,0,0,0,0,0,0,0,,,,,,,,,,,,,,,8,13,9,5,5,12,7,2,15,6,0,2
'550290,"Artificial filament tow, as specified in Note 1 to chapter 55 (excl. of acetate)",0,0,0,0,0,0,0,0,0,0,0,0,,,,,,,,,,,,,,,62,130,151,193,77,93,60,122,107,66,57,38
'550390,"Synthetic staple fibres, not carded, combed or otherwise processed for spinning (excl. those ...",0,0,0,0,0,0,0,0,0,0,0,0,,,,,,,,,,,,,,,1703,2485,2810,3333,3997,2509,2842,1635,2874,2968,1751,2327
'550700,"Artificial staple fibres, carded, combed or otherwise processed for spinning",0,0,0,0,0,0,0,0,0,0,0,0,,,,,,,,,,,,,,,118,180,24,106,0,144,182,152,145,182,108,20
'551341,"Plain woven fabrics containing predominantly, but < 85% polyester staple fibres by weight, ...",0,0,0,0,0,0,0,0,0,0,0,0,,,,,,,,,,,,,,,0,0,0,0,1,0,1,0,0,0,0,0
'551512,"Woven fabrics containing predominantly, but < 85% polyester staple fibres by weight, mixed ...",0,0,0,0,0,0,0,0,0,0,0,0,,,,,,,,,,,,,,,997,1802,3098,2574,1370,1363,1539,1485,1688,1796,829,713
'551513,"Woven fabrics containing predominantly, but < 85% polyester staple fibres by weight, mixed ...",0,0,0,0,0,0,0,0,0,0,0,0,,,,,,,,,,,,,,,1093,188,319,94,413,428,324,148,122,188,418,323
'551522,"Woven fabrics containing predominantly, but < 85% acrylic or modacrylic staple fibres by weight, ...",0,0,0,0,0,0,0,0,0,0,0,0,,,,,,,,,,,,,,,0,0,0,7,0,66,0,0,0,0,8,5
'551634,"Woven fabrics containing predominantly, but < 85% artificial staple fibres by weight, mixed ...",0,0,0,0,0,0,0,0,0,0,0,0,,,,,,,,,,,,,,,0,1,0,0,0,0,0,0,0,0,0,0
'551030,"Yarn containing predominantly, but < 85% artificial staple fibres by weight, mixed principally ...",4,0,10,0,1,1,2,1,2,0,1,0,,,,,,,,,,,,,,,499,589,418,428,49,808,753,1087,159,1468,1379,1416
'560721,"Binder or baler twine, of sisal or other textile fibres of the genus Agave",0,0,0,0,0,0,0,0,0,0,0,0,,,,,,,,,,,,,,,7,0,3,0,0,3,1,0,1,0,0,0
'560900,"Articles of yarn, strip or the like of heading 5404 or 5405, or of twine, cordage, ropes or ...",0,0,0,0,0,0,0,0,1,0,1,0,,,,,,,,,,,,,,,352,314,450,384,431,303,254,227,298,213,253,161
'570210,"Kelem, Schumacks, Karamanie and similar hand-woven rugs, whether or not made up",0,0,0,0,0,0,0,0,0,0,0,0,,,,,,,,,,,,,,,1,0,7,11,1,8,1,2,0,1,8,4
'570410,"Floor tiles, of felt, not tufted or flocked, with an area of <= 0,3 m_",0,0,0,0,0,0,0,0,0,0,0,0,,,,,,,,,,,,,,,0,0,0,19,0,0,0,0,9,0,0,0
'570490,"Carpets and other floor coverings, of felt, not tufted or flocked, whether or not made up (excl. ...",0,0,0,0,0,0,0,0,0,0,0,0,,,,,,,,,,,,,,,12,123,84,65,103,59,61,121,90,85,60,106
'580133,"Cut weft pile fabrics, of man-made fibres (excl. terry towelling and similar woven terry fabrics, ...",0,0,0,0,0,0,0,0,0,0,0,0,,,,,,,,,,,,,,,80,72,37,79,140,17,26,31,26,51,22,96
'590190,Tracing cloth; prepared painting canvas; buckram and similar stiffened textile fabrics of a ...,0,0,0,0,0,0,0,0,0,0,0,0,,,,,,,,,,,,,,,400,315,792,550,448,495,725,692,811,998,1116,558
'600121,"Looped pile fabrics of cotton, knitted or crocheted",45,9,0,0,0,0,0,0,0,0,0,0,,,,,,,,,,,,,,,45,42,44,5,34,0,7,0,0,20,16,4
'600191,"Pile fabrics of cotton, knitted or crocheted (excl. ""long pile"" fabrics)",0,20,0,0,0,0,0,0,142,3,0,0,,,,,,,,,,,,,,,1275,564,656,433,597,472,257,349,413,1056,1864,1413
'600543,"Warp knit fabrics of artificial fibres, of yarns of different colours ""incl. those made on ...",0,0,0,0,0,0,0,0,0,0,0,0,,,,,,,,,,,,,,,0,59,107,75,43,55,64,0,77,0,0,0
'600644,"Printed fabrics, knitted or crocheted, of artificial fibres, of a width of > 30 cm (excl. warp ...",0,0,0,0,0,0,0,0,0,0,0,0,,,,,,,,,,,,,,,36,24,294,154,3,0,65,90,78,11,40,20
'610210,"Women's or girls' overcoats, car coats, capes, cloaks, anoraks, incl. ski jackets, windcheaters, ...",0,0,0,0,0,0,0,0,0,0,0,0,,,,,,,,,,,,,,,1,3,15,8,8,14,9,14,1,22,11,6
'610329,"Men's or boys' ensembles of textile materials (excl. wool, fine animal hair, cotton or synthetic ...",19,0,0,0,0,5,0,8,4,3,0,0,,,,,,,,,,,,,,,19,3,0,2,1,9,0,8,18,3,0,0
'610341,"Men's or boys' trousers, bib and brace overalls, breeches and shorts of wool or fine animal ...",0,0,0,0,0,0,0,0,0,0,0,0,,,,,,,,,,,,,,,0,15,12,2,43,178,8,2,0,10,0,2
'610413,"Women's or girls' suits of synthetic fibres, knitted or crocheted (excl. ski overalls and swimwear)",0,0,0,0,0,0,0,0,0,0,0,0,,,,,,,,,,,,,,,5,6,31,25,45,43,27,12,6,26,13,6
'610461,"Women's or girls' trousers, bib and brace overalls, breeches and shorts of wool or fine animal ...",0,0,0,0,0,0,0,0,0,0,0,0,,,,,,,,,,,,,,,4,1,5,5,7,6,10,4,7,6,0,25
'610819,"Women's or girls' slips and petticoats of textile materials, knitted or crocheted (excl. man-made ...",0,0,0,0,0,0,0,0,0,0,0,0,,,,,,,,,,,,,,,13,14,7,3,20,7,26,0,2,0,3,4
'611490,"Special garments for professional, sporting or other purposes, n.e.s., of textile materials, ...",0,0,0,0,0,0,0,0,0,0,6,0,,,,,,,,,,,,,,,27,24,80,34,54,274,65,56,47,41,71,60
'611529,"Pantyhose and tights of textile materials, knitted or crocheted (excl. graduated compression ...",67,0,53,9,61,20,120,134,32,0,0,0,,,,,,,,,,,,,,,314,277,455,391,670,795,684,731,447,400,385,183
'611610,"Gloves, mittens and mitts, impregnated, coated, covered or laminated with plastics or rubber, ...",0,67,78,42,25,33,42,26,37,37,36,0,,,,,,,,,,,,,,,1415,2186,2504,2022,2344,2364,2405,2053,2159,1858,2621,1615
'620323,"Men's or boys' ensembles of synthetic fibres (excl. knitted or crocheted, ski ensembles and ...",0,0,0,0,0,0,0,0,0,0,0,0,,,,,,,,,,,,,,,0,0,1,1,5,12,18,2,34,1,3,2
'620341,"Men's or boys' trousers, bib and brace overalls, breeches and shorts, of wool or fine animal ...",0,0,0,0,10,0,0,16,0,0,0,0,,,,,,,,,,,,,,,32,109,169,120,122,152,131,140,122,96,106,77
'620421,"Women's or girls' ensembles of wool or fine animal hair (excl. knitted or crocheted, ski overalls ...",0,0,0,0,0,0,0,0,0,0,0,0,,,,,,,,,,,,,,,0,0,0,0,0,0,0,0,0,6,1,2
'621390,"Handkerchiefs of textile materials, of which no side exceeds 60 cm (excl. of cotton, and knitted ...",0,0,0,0,0,0,0,0,0,0,0,0,,,,,,,,,,,,,,,15,22,55,23,9,19,23,31,15,19,32,17
'621410,"Shawls, scarves, mufflers, mantillas, veils and similar articles of silk or silk waste (excl. ...",0,0,0,0,0,0,0,0,0,0,0,0,,,,,,,,,,,,,,,123,94,132,111,112,129,118,218,146,144,121,128
'621590,"Ties, bow ties and cravats of textile materials (excl. of silk, silk waste or man-made fibres, ...",0,1,0,0,0,0,0,0,0,0,0,0,,,,,,,,,,,,,,,4,143,34,6,74,7,82,18,13,2,11,7
'630130,"Blankets and travelling rugs of cotton (excl. electric, table covers, bedspreads and articles ...",0,0,0,0,0,0,0,0,0,0,0,0,,,,,,,,,,,,,,,18,38,45,121,44,33,77,42,200,39,38,18
'630240,"Table linen, knitted or crocheted",0,0,0,0,0,0,0,0,0,0,0,0,,,,,,,,,,,,,,,1,2,0,9,0,131,206,0,0,0,5,0
'630259,"Table linen of textile materials (excl. of cotton or man-made fibres, knitted or crocheted)",0,0,0,0,0,0,0,0,0,0,0,0,,,,,,,,,,,,,,,2,1,1,3,0,0,8,1,2,0,0,0
'620722,"Men's or boys' nightshirts and pyjamas of man-made fibres (excl. knitted or crocheted, vests, ...",0,0,0,0,0,0,0,0,0,0,0,0,,,,,,,,,,,,,,,4,0,0,1,0,0,0,0,0,131,0,0
'620821,"Women's or girls' nightdresses and pyjamas of cotton (excl. knitted or crocheted, vests and ...",0,0,0,0,0,0,0,0,0,0,0,0,,,,,,,,,,,,,,,35,105,53,47,39,69,93,68,65,219,56,124
'630622,Tents of synthetic fibres (excl. umbrella and play tents),5,6,19,11,2,27,2,8,63,0,0,0,,,,,,,,,,,,,,,372,218,348,338,633,338,679,234,284,231,854,280
'630640,Pneumatic mattresses of textile materials,0,0,0,0,0,0,0,0,0,0,0,0,,,,,,,,,,,,,,,4,0,0,0,2,0,3,0,1,7,15,3
'680100,"Setts, curbstones and flagstones, of natural stone (excl. slate)",0,0,0,0,0,0,0,0,0,0,0,0,,,,,,,,,,,,,,,42,22,0,17,7,18,33,8,11,10,13,2
'680990,Articles of plaster or of compositions based on plaster (excl. plaster bandages for straightening ...,0,0,0,0,0,0,0,0,0,0,0,0,,,,,,,,,,,,,,,171,482,189,15,220,183,26,66,177,105,286,132
'681019,"Tiles, flagstones, bricks and similar articles, of cement, concrete or artificial stone (excl. ...",4,0,0,0,0,0,0,0,0,0,0,0,,,,,,,,,,,,,,,791,826,87,91,160,154,36,111,240,107,56,65
'681291,"Clothing, clothing accessories, footwear and headgear of asbestos or of mixtures with a basis ...",0,0,0,0,0,0,0,4,0,0,0,0,,,,,,,,,,,,,,,0,0,2,0,0,0,2,4,0,2,0,2
'681591,"Articles of stone or other mineral substances, n.e.s. containing magnesite, magnesia in the ...",0,84,0,8,0,0,0,0,0,0,0,0,,,,,,,,,,,,,,,3251,3851,7034,3535,5987,4984,5633,4629,3626,2976,5511,5668
'690320,"Retorts, crucibles, mufflers, nozzles, plugs, supports, cupels, tubes, pipes, sheaths, rods ...",0,0,15,0,0,0,0,27,0,0,0,0,,,,,,,,,,,,,,,2910,2795,2822,2590,2713,3390,3365,3099,3410,3204,2819,3481
'690590,"Ceramic chimney pots, cowls, chimney liners, architectural ornaments and other ceramic constructional ...",0,0,0,0,0,0,0,0,0,0,0,0,,,,,,,,,,,,,,,0,214,221,14,20,19,20,113,46,29,13,2
'690721,"Ceramic flags and paving, hearth or wall tiles, of a water absorption coefficient by weight ...",22,0,2,0,0,0,11,0,56,0,0,0,,,,,,,,,,,,,,,1728,3155,2266,2059,2554,1598,1642,1075,2832,1779,1696,1475
'690919,"Ceramic wares for chemical or other technical uses (excl. of porcelain or china, articles having ...",0,0,0,0,0,0,0,0,0,0,0,0,,,,,,,,,,,,,,,28076,20550,32568,24764,21437,22982,18758,20474,30569,28478,35675,33851
'700232,Tubes of glass having a linear coefficient of expansion <= 5 x 10-6 per kelvin within a temperature ...,0,0,0,0,0,0,0,0,0,0,0,0,,,,,,,,,,,,,,,991,632,959,895,872,891,762,726,837,451,656,637
'700312,"Cast glass and rolled glass, in non-wired sheets, coloured throughout the mass ""body tinted"", ...",0,0,0,0,0,0,0,0,0,0,0,0,,,,,,,,,,,,,,,9,150,0,8,157,1,14,11,4,85,48,10
'701710,"Laboratory, hygienic or pharmaceutical glassware, whether or not graduated or calibrated, of ...",0,0,0,0,0,0,0,0,0,0,0,0,,,,,,,,,,,,,,,256,159,201,276,145,184,128,238,187,140,211,389
'701913,"Yarn and slivers of glass fibres (excl. in chopped strands of a length of <= 50 mm, and rovings)",0,0,0,0,2,10,0,0,0,0,0,0,,,,,,,,,,,,,,,400,564,1248,306,812,560,670,601,830,1002,803,669
'701969,"Mechanically bonded fabrics of glass fibres (excl. closed fabrics of rovings, and woven fabrics)",0,0,0,0,0,0,0,0,0,0,0,0,,,,,,,,,,,,,,,3452,3051,4103,3529,4031,5207,4804,5326,4258,3683,5087,7833
'710121,"Cultured pearls, unworked, whether or not graded",0,0,0,0,0,0,0,0,0,0,0,0,,,,,,,,,,,,,,,160,791,1076,222,482,1267,765,1456,1097,1297,366,591
'710610,"Powder of silver, incl. silver plated with gold or platinum",0,0,0,0,0,0,0,0,0,0,0,0,,,,,,,,,,,,,,,547,1070,387,1127,1198,0,37,1083,621,692,718,880
'711011,"Platinum, unwrought or in powder form",0,0,0,0,0,0,0,0,0,0,0,0,,,,,,,,,,,,,,,4850,9578,6613,7879,5672,5519,8570,5374,8113,19071,6440,8327
'711039,Rhodium in semi-manufactured forms,0,0,0,0,0,0,0,0,0,0,0,0,,,,,,,,,,,,,,,0,0,0,0,1,0,0,23,0,0,330,0
'711291,"Waste and scrap of gold, incl. metal clad with gold, and other waste and scrap containing gold ...",0,0,0,0,0,0,0,0,0,0,0,0,,,,,,,,,,,,,,,0,0,0,0,0,0,0,0,0,0,0,0
'711420,"Articles of goldsmiths' or silversmiths' wares and parts thereof, of base metal clad with precious ...",0,0,0,0,0,0,0,0,0,0,0,0,,,,,,,,,,,,,,,174,213,326,511,525,252,169,80,418,180,183,75
'720211,"Ferro-manganese, containing by weight > 2% of carbon",0,0,0,0,0,0,0,0,0,0,0,0,,,,,,,,,,,,,,,0,0,0,25,0,0,0,0,0,0,0,0
'720229,"Ferro-silicon, containing by weight <= 55% silicon",0,0,0,0,2,0,0,0,0,6,0,0,,,,,,,,,,,,,,,1262,1158,326,1339,963,950,1013,342,1496,1680,545,1173
'720241,"Ferro-chromium, containing by weight > 4% of carbon",0,0,0,0,0,0,0,0,0,0,0,0,,,,,,,,,,,,,,,61,0,630,0,659,416,306,2372,1072,614,1046,1112
'720410,"Waste and scrap, of cast iron (excl. radioactive)",0,0,0,0,0,0,0,0,0,0,0,0,,,,,,,,,,,,,,,4623,5084,6228,4574,4372,5097,4896,5076,5210,3977,2814,4030
'720430,"Waste and scrap of tinned iron or steel (excl. radioactive, and waste and scrap of batteries ...",0,0,0,0,0,0,0,0,0,0,0,0,,,,,,,,,,,,,,,115,27,247,192,411,657,128,177,214,76,125,0
'720719,"Semi-finished products of iron or non-alloy steel containing, by weight, < 0,25% of carbon, ...",0,0,0,0,0,0,0,0,0,0,0,0,,,,,,,,,,,,,,,2440,2270,2479,5451,5014,2121,1885,2619,2510,2492,2235,2146
'720915,"Flat-rolled products of iron or non-alloy steel, of a width of >= 600 mm, in coils, simply ...",0,0,0,0,0,0,0,0,0,0,0,0,,,,,,,,,,,,,,,95,0,13,0,43,36,30,44,100,0,83,9
'721069,"Flat-rolled products of iron or non-alloy steel, of a width of >= 600 mm, hot-rolled or cold-rolled ...",0,0,0,0,0,0,0,0,0,0,0,0,,,,,,,,,,,,,,,5607,5142,5237,7166,6551,2855,4794,3960,4123,3145,3673,4654
'721922,"Flat-rolled products of stainless steel, of a width of >= 600 mm, not further worked than hot-rolled, ...",0,0,0,0,0,0,0,0,0,0,0,0,,,,,,,,,,,,,,,5965,1641,1857,2670,1135,1712,2393,2142,2727,1139,728,1811
'740319,"Copper, refined, unwrought (excl. copper in the form of billets, wire-bars, cathodes and sections ...",0,0,0,0,0,0,0,0,0,0,0,0,,,,,,,,,,,,,,,1681,1104,2463,4278,1083,772,1402,898,2861,2334,3401,713
'740322,"Copper-tin base alloys ""bronze"" unwrought",0,0,0,0,0,0,0,0,0,0,0,0,,,,,,,,,,,,,,,80,102,209,166,102,183,380,233,160,99,409,204
'740822,"Wire of copper-nickel alloys ""cupro-nickel"" or copper-nickel-zinc alloys ""nickel silver""",0,0,0,0,0,0,0,0,0,0,0,0,,,,,,,,,,,,,,,3145,1955,3689,2591,2214,1784,2780,2509,2438,1913,1645,3061
'740911,"Plates, sheets and strip, of refined copper, in coils, of a thickness of > 0,15 mm (excl. expanded ...",0,0,0,0,0,0,0,0,0,0,0,0,,,,,,,,,,,,,,,7518,8104,8567,11712,10085,15477,11084,14296,12686,11882,12733,9527
'740939,"Plates, sheets and strip, of copper-tin base alloys ""bronze"", of a thickness of > 0,15 mm, ...",0,0,0,0,0,0,0,0,0,0,0,0,,,,,,,,,,,,,,,155,143,304,139,225,173,643,130,151,212,267,226
'740940,"Plates, sheets and strip, of copper-nickel base alloys ""cupro-nickel"" or copper-nickel-zinc ...",0,0,0,0,0,0,0,0,0,0,0,0,,,,,,,,,,,,,,,938,931,1055,704,1478,1112,1128,1163,998,1512,1054,1623
'741121,"Tubes and pipes of copper-zinc base alloys ""brass""",0,0,0,0,0,0,0,0,0,0,0,0,,,,,,,,,,,,,,,907,918,1004,1136,802,874,1044,955,1100,1493,565,1070
'760120,Unwrought aluminium alloys,0,0,0,47,0,0,0,0,0,0,0,0,,,,,,,,,,,,,,,68440,62728,86878,89633,87650,76931,69545,70048,90479,70538,62830,53569
'760410,"Bars, rods and profiles, of non-alloy aluminium, n.e.s.",12,0,0,0,0,0,0,0,0,0,0,0,,,,,,,,,,,,,,,1306,1170,1886,1702,1516,1691,1214,1416,1329,1660,2478,3975
'760611,"Plates, sheets and strip, of non-alloy aluminium, of a thickness of > 0,2 mm, square or rectangular ...",0,0,0,0,0,0,0,0,0,0,0,0,,,,,,,,,,,,,,,7543,8757,10717,6846,9371,6190,8283,8810,10483,7104,8702,10465
'761520,"Sanitary ware and parts thereof, of aluminium (excl. cans, boxes and similar containers of ...",0,0,0,0,0,0,0,0,0,0,0,0,,,,,,,,,,,,,,,309,202,275,341,255,397,136,260,241,145,198,163
'780191,"Unwrought lead, containing by weight antimony as the principal other element",0,0,27,297,0,0,0,0,0,0,0,0,,,,,,,,,,,,,,,11049,6511,9946,10859,11384,9664,9678,8117,6988,5445,3082,2846
'790112,"Unwrought zinc, not alloyed, containing by weight < 99,99% of zinc",0,0,0,0,0,0,0,0,0,0,0,0,,,,,,,,,,,,,,,7612,6518,10261,8819,10580,13273,6603,7892,11878,2663,4565,8712
'790310,Zinc dust,130,0,0,0,0,0,0,0,0,20,0,0,,,,,,,,,,,,,,,550,383,205,79,264,235,213,583,479,527,499,518
'800700,"Articles of tin, n.e.s.",0,0,0,0,0,0,0,0,0,0,0,0,,,,,,,,,,,,,,,341,526,657,686,769,375,464,583,390,695,611,691
'810194,"Unwrought tungsten, incl. bars and rods of tungsten obtained simply by sintering",0,0,0,0,0,0,0,0,0,0,0,0,,,,,,,,,,,,,,,235,475,133,1002,220,90,278,1220,545,1619,486,834
'810320,"Unwrought tantalum, incl. bars and rods of tantalum obtained simply by sintering; tantalum ...",0,0,0,0,0,0,0,0,0,0,0,0,,,,,,,,,,,,,,,1,0,0,0,43,8,243,4,287,0,0,22
'810690,"Bismuth and articles thereof incl. waste and scrap, containing <= 99,99 % of bismuth by weight, ...",0,0,0,0,0,0,0,0,26,0,0,0,,,,,,,,,,,,,,,42,7,99,0,80,95,53,100,140,113,146,178
'810999,"Articles of zirconium, containing => 1 part hafnium to 500 parts zirconium by weight, n.e.s.",0,0,0,0,0,0,0,0,0,0,0,0,,,,,,,,,,,,,,,266,36,81,94,49,64,110,78,161,15,37,187
'811299,"Articles of niobium ""columbium"", gallium, indium, vanadium and germanium, n.e.s.",0,0,0,0,0,0,0,0,0,0,0,0,,,,,,,,,,,,,,,2340,1012,1533,869,630,1459,917,1289,1307,830,2034,1077
'820110,"Spades and shovels, with working parts of base metal",0,0,0,0,0,0,0,0,0,0,0,0,,,,,,,,,,,,,,,495,600,691,471,575,559,500,448,604,749,850,376
'722011,"Flat-rolled products of stainless steel, of a width of < 600 mm, not further worked than hot-rolled, ...",0,0,0,0,0,0,0,0,0,0,0,0,,,,,,,,,,,,,,,651,138,447,332,476,515,387,282,242,288,308,368
'722012,"Flat-rolled products of stainless steel, of a width of < 600 mm, not further worked than hot-rolled, ...",0,0,0,0,0,0,0,0,0,0,0,0,,,,,,,,,,,,,,,286,36,7,3,8,15,109,58,4,56,154,133
'722211,"Bars and rods of stainless steel, only hot-rolled, only hot-drawn or only hot-extruded, of ...",0,0,0,0,0,0,0,0,0,0,0,0,,,,,,,,,,,,,,,1730,575,1425,1614,1679,1566,2406,2265,2079,2688,1593,2104
'722810,"Bars and rods of high-speed steel (excl. semi-finished products, flat-rolled products and hot-rolled ...",0,0,0,0,0,0,0,0,0,0,0,0,,,,,,,,,,,,,,,1193,1794,1496,1535,1189,1529,1067,1787,2201,1344,2017,1459
'722870,"Angles, shapes and sections of alloy steel other than stainless, n.e.s.",0,0,0,0,0,0,0,0,0,0,0,0,,,,,,,,,,,,,,,374,159,396,220,116,116,110,23,167,28,370,124
'730110,"Sheet piling of iron or steel, whether or not drilled, punched or made from assembled elements",0,0,0,0,0,0,0,0,0,0,0,0,,,,,,,,,,,,,,,860,3,0,0,0,0,0,235,10,0,6790,812
'730423,"Drill pipe, seamless, of a kind used in drilling for oil or gas, of iron or steel (excl. products ...",0,0,0,0,0,0,0,0,0,0,0,0,,,,,,,,,,,,,,,4098,4327,312,1181,2349,1438,3259,2805,1280,197,337,758
'730520,"Casing of a kind used in drilling for oil or gas, having circular cross-sections and an external ...",0,0,0,0,0,0,0,0,0,0,0,0,,,,,,,,,,,,,,,0,0,0,0,0,0,8,0,0,0,0,0
'730630,"Tubes, pipes and hollow profiles, welded, of circular cross-section, of iron or non-alloy steel ...",0,0,0,0,0,0,0,0,0,0,0,0,,,,,,,,,,,,,,,3023,3297,3896,3009,2704,3394,2197,2392,3311,2078,3830,3345
'730650,"Tubes, pipes and hollow profiles, welded, of circular cross-section, of alloy steel other than ...",0,0,0,0,0,0,0,0,0,0,0,0,,,,,,,,,,,,,,,819,1051,628,1086,861,823,642,772,762,654,495,303
'730719,Cast tube or pipe fittings of iron or steel (excl. products of non-malleable cast iron),0,0,0,0,0,0,0,2,0,7,0,0,,,,,,,,,,,,,,,1106,824,1186,1039,813,1385,1428,1377,1116,3080,1534,1131
'730810,"Bridges and bridge-sections, of iron or steel",0,0,0,0,0,0,0,0,0,0,0,0,,,,,,,,,,,,,,,1,6,175,10,2,1,10,16,52,91,1,0
'731581,Stud-link of iron or steel,0,0,0,0,0,0,0,0,0,0,0,0,,,,,,,,,,,,,,,585,61,165,344,185,147,386,80,457,281,178,233
'820240,Chainsaw blades of base metal,0,0,0,0,0,0,0,0,0,0,0,0,,,,,,,,,,,,,,,1852,1340,1429,965,2454,484,490,1056,1620,1263,219,992
'820412,"Hand-operated spanners and wrenches, incl. torque meter wrenches, of base metal, adjustable ...",0,0,0,0,0,0,0,0,0,0,0,0,,,,,,,,,,,,,,,598,531,859,836,1042,2329,649,660,816,564,757,458
'820420,"Interchangeable spanner sockets, with or without handles, of base metal",0,0,0,0,0,0,24,0,0,0,0,0,,,,,,,,,,,,,,,1593,951,1404,1651,1814,1842,1758,1845,1844,1292,1360,1975
'820760,Interchangeable tools for boring or broaching,0,0,0,0,0,0,0,0,0,0,0,0,,,,,,,,,,,,,,,728,1004,1126,707,727,984,947,724,645,724,1125,1607
'820830,"Knives and cutting blades, of base metal, for kitchen appliances or for machines used by the ...",0,0,0,0,0,0,0,0,0,0,0,0,,,,,,,,,,,,,,,230,131,237,215,116,188,409,161,347,273,178,334
'820900,"Plates, sticks, tips and the like for tools, unmounted, of sintered metal carbides or cermets",0,0,0,0,0,0,0,0,6,0,0,0,,,,,,,,,,,,,,,23474,22838,26727,24562,26124,27617,26087,32980,32238,38226,35894,45116
'821193,"Knives having other than fixed blades, incl. pruning knives, of base metal (excl. razors)",0,51,14,0,0,46,0,0,35,0,0,0,,,,,,,,,,,,,,,728,591,594,509,524,381,434,375,545,447,251,243
'821420,"Manicure or pedicure sets and instruments, incl. nail files, of base metal (excl. ordinary ...",2,0,5,0,0,0,2,0,0,0,0,0,,,,,,,,,,,,,,,896,977,1026,1466,1117,806,835,926,912,1031,861,727
'821591,"Spoons, forks, ladles, skimmers, cake-servers, fish-knives, butter-knives, sugar tongs and ...",0,0,0,0,0,0,0,0,0,0,0,0,,,,,,,,,,,,,,,19,20,9,10,22,5,9,0,6,2,23,10
'830130,"Locks used for furniture, of base metal",2,0,0,0,0,0,0,0,0,0,0,0,,,,,,,,,,,,,,,876,1020,1631,1767,1636,1955,1303,1345,1316,1201,1422,1013
'650100,"Hat-forms, hat bodies and hoods of felt, neither blocked to shape nor with made brims; plateaux ...",0,0,0,0,0,0,0,0,0,0,0,0,,,,,,,,,,,,,,,279,287,457,389,515,778,464,491,314,324,282,313
'701328,"Drinking glasses, stemware (excl. of glass ceramics or of lead crystal)",0,0,0,0,0,0,0,0,0,0,0,0,,,,,,,,,,,,,,,443,279,519,612,392,792,584,1026,536,736,548,226
'701333,Drinking glasses of lead crystal (excl. stemware),0,0,0,0,0,0,0,0,0,0,0,0,,,,,,,,,,,,,,,2,5,5,1,2,0,3,6,0,1,4,4
'732111,"Appliances for baking, frying, grilling and cooking and plate warmers, for domestic use, of ...",0,0,0,0,0,0,0,0,0,0,0,0,,,,,,,,,,,,,,,1331,1136,1633,2103,2607,1007,2993,4404,196,376,653,421
'732591,"Grinding balls and similar articles for mills, cast (excl. such articles of non-malleable cast ...",0,0,0,0,0,0,0,0,0,0,0,0,,,,,,,,,,,,,,,31,0,0,14,0,166,23,0,0,1,0,0
'840120,"Machinery and apparatus for isotopic separation and parts thereof, n.e.s. [Euratom]",0,0,0,0,0,0,0,0,0,0,0,0,,,,,,,,,,,,,,,0,0,0,0,0,0,0,0,0,0,0,0
'840130,"Fuel elements ""cartridges"", non-irradiated, in casing with handling fixtures, for nuclear reactors ...",0,0,0,0,0,0,0,0,0,0,0,0,,,,,,,,,,,,,,,0,0,0,0,0,0,0,153082,0,0,0,0
'840220,Superheated water boilers,0,0,0,0,0,0,0,0,0,0,0,0,,,,,,,,,,,,,,,0,2,12,5,26,0,0,10,0,2,6,0
'840682,"Steam and other vapour turbines, of an output <= 40 MW (excl. those for marine propulsion)",0,0,0,0,0,0,0,0,0,0,0,0,,,,,,,,,,,,,,,0,0,5,0,4852,3326,10412,0,0,1007,1,191
'840732,"Spark-ignition reciprocating piston engine, of a kind used for the propulsion of vehicles of ...",0,0,0,0,0,0,0,0,0,0,0,0,,,,,,,,,,,,,,,41,77,1,7,3,0,42,0,0,51,1,133
'841191,"Parts of turbojets or turbopropellers, n.e.s.",0,0,0,0,0,0,0,1,0,0,0,0,,,,,,,,,,,,,,,25963,34003,23465,23375,19049,24660,20060,24741,27192,15938,15018,19713
'841290,"Parts of non-electrical engines and motors, n.e.s.",0,1,3,0,1,0,0,0,0,0,4,0,,,,,,,,,,,,,,,14453,16422,20803,17505,15229,23218,34501,25302,21214,19519,18499,20736
'841381,"Pumps for liquids, power-driven (excl. those of subheading 8413.11 and 8413.19, fuel, lubricating ...",4,0,21,7,1,0,0,3,0,1,3,0,,,,,,,,,,,,,,,7175,6106,6647,6944,7789,6595,6269,9277,6483,7315,9412,10866
'841690,"Parts of furnace burners such as mechanical stokers, incl. their mechanical grates, mechanical ...",0,0,0,0,2,34,250,20,0,0,58,0,,,,,,,,,,,,,,,2449,4076,5651,1222,1549,2352,5903,1465,1895,1581,2364,4132
'842441,"Agricultural or horticultural sprayers, portable",0,0,0,0,0,0,0,0,0,0,0,0,,,,,,,,,,,,,,,3174,4285,4288,2726,2049,1741,1537,1159,1362,1379,900,1746
'842832,"Continuous-action elevators and conveyors for goods or materials, bucket type (excl. for underground ...",0,0,0,0,0,11,0,3,0,0,0,0,,,,,,,,,,,,,,,1510,1807,245,433,1938,897,223,270,1860,470,634,60
'842959,"Self-propelled mechanical shovels, excavators and shovel loaders (excl. self-propelled mechanical ...",0,0,0,0,0,0,0,0,0,0,0,0,,,,,,,,,,,,,,,2575,61,323,3298,3797,4320,4652,2093,1191,1908,3906,2609
'843110,"Parts of pulley tackles and hoists (other than skip hoists), winches, capstans and jacks, n.e.s.",0,0,0,0,0,0,0,0,0,0,0,0,,,,,,,,,,,,,,,2412,2724,2653,3279,2094,3879,2407,2285,1452,1379,1721,1422
'843242,Fertiliser distributors (excl. sprayers and manure spreaders),0,0,0,0,0,0,0,0,0,0,0,0,,,,,,,,,,,,,,,21,24,6,13,41,96,135,4,21,62,19,13
'843351,Combine harvester-threshers,48,0,0,0,0,0,0,0,0,0,0,0,,,,,,,,,,,,,,,21922,21574,11041,16204,30510,60824,33405,19871,30074,59578,72364,29958
'843490,"Parts of milking machines and dairy machinery, n.e.s.",0,0,0,0,0,0,0,0,0,0,0,0,,,,,,,,,,,,,,,263,363,188,514,482,819,506,703,510,430,1568,311
'843850,Machinery for the industrial preparation of meat or poultry (excl. cooking and other heating ...,0,0,0,0,0,0,0,0,0,0,0,0,,,,,,,,,,,,,,,5284,1030,3530,6189,2543,254,3268,2167,4086,2324,3395,1647
'843991,"Parts of machinery for making pulp of fibrous cellulosic material, n.e.s.",0,0,0,0,0,0,0,0,0,0,0,0,,,,,,,,,,,,,,,753,1839,3782,1410,1555,2008,1013,974,1353,3564,1391,1760
'844110,"Cutting machines for making up paper pulp, paper or paperboard (excl. bookbinding machinery ...",0,5,0,0,20,0,0,0,0,0,0,0,,,,,,,,,,,,,,,4924,5245,7986,4560,4626,11843,4710,6073,11360,4803,3834,4488
'844851,"Sinkers, needles and other articles used in forming stitches, for machines of heading 8447",0,0,0,0,0,0,0,0,0,0,0,0,,,,,,,,,,,,,,,2830,2422,3877,2362,2657,2986,2146,2685,2743,2694,2588,3422
'845941,"Boring machines for metals, numerically controlled (excl. way-type unit head machines and boring-milling ...",0,0,0,0,0,0,0,0,0,0,0,0,,,,,,,,,,,,,,,2220,346,260,570,1001,222,474,658,789,992,461,358
'845961,"Milling machines for metals, numerically controlled (excl. way-type unit head machines, boring-milling ...",0,0,0,0,0,0,0,0,0,0,0,0,,,,,,,,,,,,,,,1689,519,1785,1554,6284,3739,3918,2173,5221,1866,2154,2879
'846031,"Sharpening ""tool or cutter grinding"" machines, numerically controlled",0,0,0,0,0,0,0,0,0,0,0,0,,,,,,,,,,,,,,,2431,655,1007,1431,1591,1819,1685,708,2177,26,1878,2313
'846040,"Honing or lapping machines, for working metals, metal carbides or cermets (excl. gear cutting, ...",0,0,0,0,0,0,0,0,0,0,0,0,,,,,,,,,,,,,,,1452,2026,1781,1401,814,667,349,3332,1655,745,1630,1562
'846222,"Profile forming machines, for flat products",0,0,0,0,0,0,0,0,0,0,0,0,,,,,,,,,,,,,,,258,4951,985,134,550,2125,347,1951,2750,1968,1206,767
'846223,Numerically controlled press brakes,0,0,0,0,0,0,0,0,0,0,0,0,,,,,,,,,,,,,,,3843,1836,3280,2392,1704,2338,2071,2356,2982,2448,1790,1839
'846229,"Bending, folding, straightening or flattening machines for flat products (excl. numerically ...",2,0,60,48,138,0,0,60,57,23,60,0,,,,,,,,,,,,,,,7860,6182,5716,8932,12977,6156,8127,8327,9026,7521,12034,9332
'845410,Converters of a kind used in metallurgy or in metal foundries,0,0,0,0,0,0,0,0,0,0,0,0,,,,,,,,,,,,,,,72,206,41,91,85,7,17,335,743,479,1302,1
'845620,"Machine tools for working any material by removal of material, operated by ultrasonic processes ...",0,0,0,0,0,0,0,0,0,0,0,0,,,,,,,,,,,,,,,425,360,312,2263,3011,820,151,460,131,1251,129,92
'846729,"Electromechanical tools for working in the hand, with self-contained electric motor (excl. ...",4,0,0,0,0,23,0,0,0,0,0,0,,,,,,,,,,,,,,,14291,16476,17304,16109,14872,17311,14585,18496,16917,14087,14474,12638
'846781,"Chainsaws for working in the hand, with self-contained non-electric motor",0,0,0,0,0,0,0,0,0,0,0,0,,,,,,,,,,,,,,,2647,2303,2439,1374,2144,2470,1894,2809,4266,2541,1962,1266
'846791,"Parts of chainsaws, for working in the hand, with self-contained electric or non-electric motor, ...",0,0,0,0,0,0,0,0,0,0,0,0,,,,,,,,,,,,,,,1588,2929,2761,2819,1687,4037,2322,3956,3130,1500,2064,690
'847290,"Office machines, n.e.s.",214,946,1182,1316,527,1960,529,953,1697,412,98,0,,,,,,,,,,,,,,,3883,4414,5203,5314,4203,5903,3370,5182,7841,6397,4432,2923
'847621,Automatic beverage-vending machines incorporating heating or refrigerating devices,0,0,0,0,0,0,0,0,0,0,0,0,,,,,,,,,,,,,,,15,155,0,158,490,132,41,140,75,59,100,0
'847740,Vacuum-moulding machines and other thermoforming machines for working rubber or plastics,0,0,0,0,0,0,0,0,0,0,0,0,,,,,,,,,,,,,,,4620,1765,2059,2255,1590,1252,3621,4520,2636,1660,2750,2525
'847780,"Machinery for working rubber or plastics or for the manufacture of products from these materials, ...",137,0,9,48,0,0,0,0,32,0,0,0,,,,,,,,,,,,,,,37665,43912,45488,59762,61267,101870,67317,50939,91440,70232,66993,50739
'847910,"Machinery for public works, building or the like, n.e.s.",0,0,0,0,0,0,0,0,0,1,0,0,,,,,,,,,,,,,,,3470,3080,4982,2409,3285,1450,6526,8666,5650,5321,5833,6326
'847930,Presses for the manufacture of particle board or fibre building board of wood or other ligneous ...,0,0,0,0,0,0,0,0,0,0,0,0,,,,,,,,,,,,,,,14557,1938,3027,3572,4961,12916,12666,5546,12447,9149,13307,7777
'847950,"Industrial robots, n.e.s.",4,8,0,0,0,14,398,2,0,0,0,0,,,,,,,,,,,,,,,20136,15996,19408,25767,18023,19414,18296,26143,19982,12307,15864,18223
'848071,Injection or compression-type moulds for rubber or plastics,60,0,49,0,0,55,170,48,4,53,3,0,,,,,,,,,,,,,,,33566,43300,33269,55867,50995,43183,32933,46070,38512,37925,41516,40331
'846390,"Machine tools for working metal, sintered metal carbides or cermets, without removing metal ...",0,0,0,0,0,0,0,0,23,0,0,0,,,,,,,,,,,,,,,3963,5535,9034,5623,7110,4861,7641,6405,7947,9603,11543,3785
'846490,"Machine tools for working stones, concrete, asbestos cement or similar mineral substances or ...",0,0,0,227,0,0,0,0,0,0,0,0,,,,,,,,,,,,,,,3434,2680,5070,6955,3103,6415,6105,5202,14462,7752,11311,4734
'846595,"Drilling or mortising machines for working wood, cork, bone, hard rubber, hard plastics or ...",0,0,0,0,0,2,0,0,0,0,0,0,,,,,,,,,,,,,,,940,1836,696,469,908,452,700,428,487,385,2621,211
'846596,"Splitting, slicing or paring machines, for working wood (excl. machining centres)",0,0,0,0,0,0,0,0,0,0,0,0,,,,,,,,,,,,,,,774,602,537,702,451,573,753,613,372,972,674,473
'846610,"Tool holders, incl. tool holders for any type of tool for working in the hand, and self-opening ...",0,0,0,0,0,0,0,0,0,0,0,0,,,,,,,,,,,,,,,4715,4460,5584,3925,3756,4687,4742,4758,4636,3930,4134,4614
'846691,"Parts and accessories for machine tools for working stone, ceramics, concrete, asbestos-cement ...",0,0,0,0,0,0,0,0,0,0,0,0,,,,,,,,,,,,,,,2117,1159,1859,1572,1513,1747,1397,1491,1142,1526,1538,1283
'846711,"Tools for working in the hand, pneumatic, rotary type, incl. combined rotary-percussion",2,0,0,0,0,0,0,0,0,0,0,0,,,,,,,,,,,,,,,3665,3436,5288,3534,4119,4086,4107,4321,5127,4893,3594,3301
'848230,Spherical roller bearings,0,0,0,0,0,0,0,0,0,0,0,0,,,,,,,,,,,,,,,15541,16922,17284,16176,17087,20088,19248,20846,19237,13756,14456,12384
'848250,"Cylindrical roller bearings, incl. cage and roller assemblies (excl. bearings of 8482 10 to ...",0,0,0,0,0,0,0,0,0,0,0,0,,,,,,,,,,,,,,,8842,8345,8240,6488,8664,9547,11018,9513,9753,9256,10123,8267
'848580,"Machines for additive manufacturing (excl. by metal, plastics, rubber, plaster, cement, ceramics ...",0,0,0,0,0,0,0,0,0,0,0,0,,,,,,,,,,,,,,,601,1986,446,434,1557,1012,387,1710,1343,571,712,214
'848710,Ships' or boats' propellers and blades therefor,0,0,0,0,0,0,0,0,0,0,0,0,,,,,,,,,,,,,,,3136,2114,457,469,403,133,433,1182,88,993,2284,564
'850164,"AC generators ""alternators"", of an output > 750 kVA (excl. photovoltaic generators)",0,0,0,0,0,0,0,0,0,0,0,0,,,,,,,,,,,,,,,3104,4896,4892,6656,4476,12910,10786,6214,9196,6319,3473,7979
'850231,"Generating sets, wind-powered",0,0,0,0,0,0,0,0,0,0,0,0,,,,,,,,,,,,,,,0,403,17308,7,2,8,42,4,204,13,5,4
'850650,Lithium cells and batteries (excl. spent),0,0,0,35,0,0,0,0,0,0,0,0,,,,,,,,,,,,,,,3538,3424,3315,4354,5428,3685,4872,4160,3663,4230,3100,3824
'850860,"Vacuum cleaners, incl. dry cleaners and wet vacuum cleaners (excl. with self-contained electric ...",0,24,10,0,0,0,0,0,0,0,0,0,,,,,,,,,,,,,,,1575,2880,4175,9093,11426,4760,5577,7883,5368,1827,4132,575
'850990,"Parts of electromechanical domestic appliances, with self-contained electric motor, n.e.s. ...",0,0,0,0,0,0,0,0,0,0,2,0,,,,,,,,,,,,,,,1129,1110,1083,1283,1255,948,1049,1140,1198,1046,1431,850
'851240,"Electrical windscreen wipers, defrosters and demisters, for motor vehicles",5,22,8,1,23,23,0,6,0,0,0,0,,,,,,,,,,,,,,,1768,1474,1537,995,764,580,523,542,443,682,1079,1324
'851431,Electron beam furnaces,0,0,0,0,0,0,0,0,0,0,0,0,,,,,,,,,,,,,,,20,19,52,40,7,8,10,22,43,0,98,1
'851580,"Electric machines and apparatus for laser or other light or photon beam, ultrasonic, electron ...",25,1271,1382,6,0,52,0,335,0,0,0,0,,,,,,,,,,,,,,,10371,12552,10180,9955,19460,6823,10083,13535,9520,10644,9877,8296
'851981,"Sound recording or sound reproducing apparatus, using magnetic, optical or semiconductor media ...",0,0,0,0,0,0,0,0,0,0,0,0,,,,,,,,,,,,,,,28,22,20,178,591,259,542,49,266,577,240,139
'852349,Optical media for the recording of sound or of other phenomena (excl. unrecorded and goods ...,0,0,0,0,0,0,0,0,0,0,0,0,,,,,,,,,,,,,,,1025,1992,916,1642,2079,1330,1549,1417,678,1110,3169,1321
'853010,"Electrical signalling, safety or traffic control equipment for railways or tramways (excl. ...",0,0,0,0,0,0,0,0,0,0,0,0,,,,,,,,,,,,,,,1892,1175,1791,1944,2034,1063,938,1231,1095,2082,1561,1114
'853221,"Fixed electrical capacitors, tantalum (excl. power capacitors)",0,0,0,0,0,0,0,0,0,0,0,0,,,,,,,,,,,,,,,885,871,1241,1307,1173,1882,1794,1646,1726,849,1194,1428
'853529,"Automatic circuit breakers for a voltage >= 72,5 kV",0,0,0,0,0,0,0,0,0,0,0,0,,,,,,,,,,,,,,,4845,561,2015,1771,472,31,2349,252,1071,506,444,570
'853720,"Boards, cabinets and similar combinations of apparatus for electric control or the distribution ...",0,0,0,0,0,0,0,0,0,0,1222,0,,,,,,,,,,,,,,,7175,9540,7885,4832,3326,5691,5290,8041,7543,3635,11031,4345
'854060,"Cathoderay tubes (excl. television and video-monitor cathoderay tubes, television camera tubes, ...",0,0,0,0,0,0,0,0,0,0,0,0,,,,,,,,,,,,,,,0,15,28,0,44,18,19,3,10,23,19,14
'854099,"Parts of thermionic, cold cathode or photo cathode valves and tubes, n.e.s. (excl. parts of ...",0,0,0,0,0,0,0,0,0,0,0,0,,,,,,,,,,,,,,,313,351,572,122,482,569,325,315,94,315,407,477
'854511,"Electrodes of graphite or other carbon, for electric furnaces",0,0,0,0,0,0,0,0,0,0,0,0,,,,,,,,,,,,,,,1211,1143,2021,2837,3589,2592,2100,543,546,2470,3674,3222
'854790,"Insulating fittings for electrical purposes, of materials other than ceramics or plastics; ...",0,0,0,1,0,0,14,22,0,47,54,0,,,,,,,,,,,,,,,4746,4657,4240,3980,4393,4924,4625,4633,4942,4846,4585,4618
'854919,"Primary cells, primary batteries and electric accumulators: spent goods and waste and scrap, ...",0,0,0,0,0,0,0,0,0,0,0,0,,,,,,,,,,,,,,,0,3,0,0,134,66,29,0,0,0,0,10
'854931,"Waste and scrap of electrical and electronic assemblies and printed circuit boards, containing ...",0,0,0,0,0,0,0,0,0,0,0,0,,,,,,,,,,,,,,,0,0,0,0,0,0,0,1,0,0,0,0
'860729,"Brakes (other than air brakes), and parts thereof, for railway or tramway locomotives or rolling ...",0,0,0,0,0,0,0,0,0,0,0,0,,,,,,,,,,,,,,,587,984,226,243,174,227,392,304,331,598,0,261
'870110,Pedestrian-controlled agricultural tractors and similar tractors for industry (excl. tractor ...,0,0,0,0,0,0,0,0,0,0,0,0,,,,,,,,,,,,,,,0,0,20,0,0,26,0,0,0,0,0,0
'870130,Track-laying tractors (excl. pedestrian-controlled),0,0,0,0,0,0,0,0,0,0,0,0,,,,,,,,,,,,,,,36,0,75,0,0,10,0,0,0,76,0,3
'870191,"Tractors, of an engine power <= 18 kW (excl. those of heading 8709, pedestrian-controlled tractors, ...",0,0,0,0,0,0,0,0,0,0,0,0,,,,,,,,,,,,,,,21,0,23,45,11,33,2,32,0,20,32,0
'870240,"Motor vehicles for the transport of >= 10 persons, incl. driver, with only electric motor for ...",0,0,0,0,0,0,0,0,0,0,0,0,,,,,,,,,,,,,,,0,0,0,0,0,0,0,298,0,0,0,0
'870310,Vehicles for the transport of,0,0,0,0,0,0,0,0,0,0,0,0,,,,,,,,,,,,,,,458,1573,701,525,896,809,723,1428,704,177,753,631
'870322,Motor cars and other motor vehicles principally designed for the transport of ...,50,0,16,0,0,0,0,0,0,0,0,0,,,,,,,,,,,,,,,307,449,140,693,48,143,194,34,96,743,166,266
'870360,Motor cars and other motor vehicles principally designed for the transport of ...,0,0,0,0,0,0,0,0,0,0,0,0,,,,,,,,,,,,,,,1243,6364,3567,386,1759,2013,310,1269,5524,2075,2534,1043
'870422,"Motor vehicles for the transport of goods, with only compression-ignition internal combustion ...",0,0,0,0,0,0,0,0,0,0,0,0,,,,,,,,,,,,,,,72,0,282,0,0,870,0,693,998,1491,791,397
'870460,"Motor vehicles for the transport of goods, with only electric motor as motor for propulsion ...",0,0,0,0,0,0,0,0,0,0,0,0,,,,,,,,,,,,,,,192,0,0,4022,399,2036,0,1945,10,0,152,127
'871120,"Motorcycles, incl. mopeds, with reciprocating internal combustion piston engine of a cylinder ...",0,0,0,0,0,6,0,0,0,0,0,0,,,,,,,,,,,,,,,73,24,78,166,65,193,215,215,533,53,206,558
'871640,"Trailers and semi-trailers, not designed for running on rails (excl. trailers and semi-trailers ...",0,0,0,0,0,0,0,0,0,0,0,0,,,,,,,,,,,,,,,14,22,73,0,40,1361,4087,22,2560,0,2,2469
'880211,Helicopters of an unladen weight <= 2.000 kg (excl. unmanned of heading 8806),0,0,0,0,0,0,0,0,0,0,0,0,,,,,,,,,,,,,,,3572,0,14332,0,1976,26586,11594,10377,0,7096,3335,3230
'880693,"Unmanned aircraft, with maximum take-off weight > 7 kg but <= 25 kg (excl. for passenger carriage ...",0,0,0,0,0,0,0,0,0,0,0,0,,,,,,,,,,,,,,,0,0,0,0,0,0,0,46,0,0,0,0
'890110,"Cruise ships, excursion boats and similar vessels principally designed for the transport of ...",0,0,0,0,0,0,0,0,0,0,0,0,,,,,,,,,,,,,,,617,0,0,58645,3,1313,7490,2,5264,3782,3088,535
'890311,"Inflatable ""incl. rigid hull inflatable"" boats, for pleasure or sports, fitted or designed ...",0,0,0,0,0,0,0,0,0,0,0,0,,,,,,,,,,,,,,,0,0,8,8,9,8,9,0,10,3,0,0
'890610,Warships of all kinds,0,0,0,0,0,0,0,0,0,0,0,0,,,,,,,,,,,,,,,0,0,0,0,0,0,0,0,0,0,0,0
'900290,"Lenses, prisms, mirrors and other optical elements, mounted, of any material, being parts of ...",0,3,0,0,0,2,0,0,0,0,0,0,,,,,,,,,,,,,,,1254,1051,1425,3158,1998,3481,2023,3055,2685,3650,2680,2841
'900490,"Spectacles, goggles and the like, corrective, protective or other (excl. spectacles for testing ...",8,9,6,0,1,0,2,20,2,0,13,0,,,,,,,,,,,,,,,1405,1359,909,1230,2908,899,1446,1303,1262,1498,1150,1046
'900699,"Parts and accessories for photographic flashlights and flashlight apparatus, n.e.s.",0,57,0,0,0,0,0,0,0,0,3,0,,,,,,,,,,,,,,,466,339,541,442,399,521,418,604,830,745,494,932
'901060,Projection screens,0,0,0,0,0,0,0,0,0,0,0,0,,,,,,,,,,,,,,,794,321,564,1460,763,727,504,658,472,439,371,292
'901420,Instruments and appliances for aeronautical or space navigation (excl. compasses and radio ...,0,0,0,0,0,0,0,0,0,0,0,0,,,,,,,,,,,,,,,4086,4894,5223,6751,5219,6820,6602,9016,7344,7343,6018,6471
'901730,"Micrometers, callipers and gauges (excl. gauges without adjustable devices of subheading 9031.80)",0,2,0,0,0,1,0,0,0,0,0,0,,,,,,,,,,,,,,,961,3381,2218,2779,2940,2657,2834,1650,2548,2143,4470,3483
'902490,Parts and accessories for machines and appliances for testing the mechanical properties of ...,0,0,0,0,0,0,0,0,4,4,0,0,,,,,,,,,,,,,,,1134,1124,1485,1196,1258,1050,1324,2234,1660,2037,2230,1874
'902519,"Thermometers and pyrometers, not combined with other instruments (excl. liquid-filled thermometers ...",0,7,13,32,1,0,33,22,96,98,0,0,,,,,,,,,,,,,,,5823,5040,5752,4750,6049,5650,5703,5252,4731,6684,7418,6926
'902820,"Liquid meters, incl. calibrating meters therefor",0,0,0,0,0,0,0,0,0,0,0,0,,,,,,,,,,,,,,,720,1184,1794,241,1157,972,483,492,391,237,707,390
'903031,"Multimeters for voltage, current, resistance or electrical power, without recording device",0,0,0,0,0,0,0,0,0,0,0,0,,,,,,,,,,,,,,,5041,2063,1847,1574,2531,2219,2183,2736,3195,1529,2918,1804
'903082,"Instruments and apparatus for measuring or checking semiconductor wafers or devices, incl. ...",0,0,0,0,0,0,0,0,0,0,0,0,,,,,,,,,,,,,,,14939,4983,10084,11525,5039,14530,6132,10543,6445,8759,11500,12664
'903089,"Instruments and apparatus for measuring or checking electrical quantities, without recording ...",0,20,0,0,0,0,68,2,0,0,0,0,,,,,,,,,,,,,,,9194,8640,21507,8654,8214,9127,7655,9312,9485,9256,24143,9932
'911440,Plates and bridges for clocks or watches,0,0,0,0,0,0,0,0,0,0,0,0,,,,,,,,,,,,,,,13,47,8,58,16,11,8,26,3,15,18,7
'920710,"Keyboard instruments, the sound of which is produced, or must be amplified, electrically (excl. ...",0,0,0,0,14,0,9,0,1,0,0,0,,,,,,,,,,,,,,,2386,1954,1570,1847,3322,3627,2681,2114,1358,1405,1866,1552
'920810,Musical boxes,0,0,0,0,0,0,0,0,0,0,0,0,,,,,,,,,,,,,,,4,14,8,10,5,3,3,30,6,3,9,3
'930390,"Firearms and similar devices which operate by the firing of an explosive charge (excl. sporting, ...",0,0,0,0,0,0,0,0,0,0,0,0,,,,,,,,,,,,,,,5,3,0,0,0,5,9,0,0,36,0,0
'930629,Parts of cartridges for smooth-barrelled shotguns; lead shot for air rifles and pistols,0,0,0,0,0,0,0,0,0,0,0,0,,,,,,,,,,,,,,,114,251,328,249,623,238,380,141,321,239,168,477
'940110,Seats for aircraft,0,0,0,0,0,0,0,0,0,0,0,0,,,,,,,,,,,,,,,6673,5564,3422,1144,5078,5053,5875,1753,6664,1606,1415,1045
'940152,Seats of bamboo,0,0,0,0,0,0,0,0,0,0,0,0,,,,,,,,,,,,,,,0,0,0,0,0,0,0,0,0,0,0,0
'940153,Seats of rattan,0,0,0,0,0,0,0,0,0,0,0,0,,,,,,,,,,,,,,,2,5,21,1,3,9,0,4,0,0,0,0
'940330,Wooden furniture for offices (excl. seats),0,0,0,0,48,23,0,0,0,0,0,0,,,,,,,,,,,,,,,504,1221,688,1308,1477,2813,2506,1413,1708,1057,471,400
'940539,Electric lighting strings of a kind used for Christmas trees (excl. those solely for light-emitting ...,0,0,0,0,0,0,0,0,0,0,0,0,,,,,,,,,,,,,,,310,351,498,600,469,247,215,260,279,262,240,358
'940549,"Electric luminaires and lighting fittings, n.e.s.",0,19,1,1,5,0,0,3,2,0,10,0,,,,,,,,,,,,,,,10443,10780,13979,12862,14585,10601,10636,12282,13011,11768,12798,6740
'950440,Playing cards,0,0,0,0,0,0,0,0,0,0,0,0,,,,,,,,,,,,,,,257,252,288,303,326,294,362,271,249,447,166,307
'960200,Worked vegetable or mineral carving material and articles of these materials n.e.s; moulded ...,0,0,0,0,0,0,5,0,0,0,0,0,,,,,,,,,,,,,,,442,826,816,1396,510,958,756,633,1078,1374,700,701
'960310,"Brooms and brushes, consisting of twigs or other vegetable materials bound together, with or ...",12,0,13,25,41,28,24,44,51,0,14,0,,,,,,,,,,,,,,,916,1136,1719,966,3043,2438,1613,2059,1452,1243,1429,1766
'960329,"Shaving brushes, hair brushes, nail brushes, eyelash brushes and other brushes for use on the ...",0,0,0,0,0,0,0,0,0,0,0,0,,,,,,,,,,,,,,,911,1013,1591,1469,1462,1435,967,1155,1234,1422,1105,1028
'960629,"Buttons (excl. of plastics or base metal, not covered with textile material, press-fasteners, ...",0,0,0,0,0,0,0,3,0,0,0,0,,,,,,,,,,,,,,,49,28,67,40,92,35,53,111,62,33,23,26
'970521,"Human specimens and parts thereof, as collections or collectors’ pieces of anatomical interest",0,0,0,0,0,0,0,0,0,0,0,0,,,,,,,,,,,,,,,0,0,0,0,0,0,0,0,0,0,0,0
'910111,"Wrist-watches of precious metal or of metal clad with precious metal, whether or not incorporating ...",0,0,0,0,0,0,0,0,0,0,0,0,,,,,,,,,,,,,,,687,106,328,96,225,288,249,412,477,434,145,327
'910299,"Pocket-watches and the like, incl. stop-watches, with hand or automatic winding (excl. of precious ...",0,0,0,0,0,0,0,0,0,0,0,0,,,,,,,,,,,,,,,3315,2211,3743,1187,1376,1794,335,334,422,279,284,180
'910390,"Clocks with watch movements (excl. electrically operated, wrist-watches, pocket-watches and ...",0,0,0,0,0,0,0,0,0,0,0,0,,,,,,,,,,,,,,,2,15,7,17,33,5,12,2,18,32,31,7
'910591,"Clocks, electrically operated (excl. wrist-watches, pocket-watches and other watches of heading ...",0,0,0,0,0,0,0,0,0,0,0,0,,,,,,,,,,,,,,,21,10,21,90,52,46,23,46,90,175,11,19
'911220,"Clock and watch cases (excl. for wrist-watches, pocket-watches and other watches of heading ...",0,0,0,0,0,0,0,0,0,0,0,0,,,,,,,,,,,,,,,0,0,15,5,0,0,0,1,2,0,0,0
'010221,Pure-bred cattle for breeding,0,0,0,0,0,0,0,0,0,0,0,0,,,,,,,,,,,,,,,0,0,0,0,0,242,0,0,1056,0,0,0
'010391,"Live pure-bred swine, weighing < 50 kg (excl. pure-bred for breeding)",0,0,0,0,0,0,0,0,0,0,0,0,,,,,,,,,,,,,,,0,0,0,0,0,77,43,0,0,279,0,0
'010410,Live sheep,0,0,0,0,0,0,0,0,0,0,0,0,,,,,,,,,,,,,,,1341,791,0,0,471,0,0,0,0,0,48,0
'010420,Live goats,0,0,0,0,0,0,0,0,0,0,0,0,,,,,,,,,,,,,,,0,0,0,0,0,0,0,0,0,0,0,0
'010613,Live camels and other camelids [Camelidae],0,0,0,0,0,0,0,0,0,0,0,0,,,,,,,,,,,,,,,0,0,0,21,0,0,0,0,0,0,69,0
'020441,Frozen sheep carcases and half-carcases (excl. lambs),0,0,0,0,0,0,0,0,0,0,0,0,,,,,,,,,,,,,,,0,0,0,0,0,0,0,0,0,0,0,0
'020622,Frozen edible bovine livers,0,0,0,0,0,0,0,0,0,0,0,0,,,,,,,,,,,,,,,0,0,0,0,0,0,0,0,0,0,0,0
'020713,Fresh or chilled cuts and edible offal of fowls of the species Gallus domesticus,0,0,0,0,0,0,0,0,0,0,0,0,,,,,,,,,,,,,,,0,0,0,0,0,0,0,0,0,0,0,0
'030111,Live ornamental freshwater fish,0,0,0,0,0,0,0,0,0,0,0,0,,,,,,,,,,,,,,,192,157,88,104,103,96,95,53,22,164,15,174
'030193,"Live carp ""Cyprinus spp., Carassius spp., Ctenopharyngodon idellus, Hypophthalmichthys spp., ...",0,0,0,0,0,0,0,0,0,0,0,0,,,,,,,,,,,,,,,0,0,0,0,0,0,0,0,0,0,0,0
'030243,"Fresh or chilled sardines ""Sardina pilchardus, Sardinops spp."", sardinella ""Sardinella spp."", ...",0,0,0,0,0,0,0,0,0,0,0,0,,,,,,,,,,,,,,,0,0,0,0,0,0,0,0,0,0,0,0
'030291,"Fresh or chilled fish livers, roes and milt",0,0,0,0,0,0,0,0,0,0,0,0,,,,,,,,,,,,,,,0,0,0,0,0,0,0,0,0,0,0,0
'030325,"Frozen carp ""Cyprinus spp., Carassius spp., Ctenopharyngodon idellus, Hypophthalmichthys spp., ...",0,0,0,0,0,0,0,17,0,0,0,0,,,,,,,,,,,,,,,0,34,27,175,27,23,60,278,0,63,162,31
'030391,"Frozen fish livers, roes and milt",0,0,0,0,0,0,0,0,0,0,0,0,,,,,,,,,,,,,,,0,9,0,0,0,0,0,0,0,0,0,0
'030463,"Frozen fillets of Nile perch ""Lates niloticus""",0,0,0,0,0,0,0,0,0,0,0,0,,,,,,,,,,,,,,,0,0,0,0,1,0,0,0,0,0,0,0
'030471,"Frozen fillets of cod ""Gadus morhua, Gadus ogac, Gadus macrocephalus""",0,0,0,0,0,0,0,0,0,0,0,0,,,,,,,,,,,,,,,0,0,0,0,1,0,0,0,28,0,0,0
'030559,"Fish, dried, even salted but not smoked, n.e.s. (excl. fillets and offal)",0,0,0,0,0,0,0,0,0,0,0,0,,,,,,,,,,,,,,,130,22,64,47,49,44,312,1625,1556,1527,845,302
'030572,"Fish heads, tails and maws, smoked, dried, salted or in brine",0,0,0,0,0,0,0,0,0,0,0,0,,,,,,,,,,,,,,,0,0,0,0,0,0,0,0,0,0,0,0
'030693,"Crabs, whether in shell or not, dried, salted, smoked or in brine, incl. crabs in shell, cooked ...",0,0,0,0,0,0,0,0,0,0,0,0,,,,,,,,,,,,,,,0,0,0,2,0,0,0,22,43,37,0,0
'030695,"Shrimps and prawns, whether in shell or not, dried, salted, smoked or in brine, incl. ones ...",0,0,0,0,0,0,0,0,0,0,0,0,,,,,,,,,,,,,,,0,0,0,0,0,0,0,0,0,0,0,0
'030712,"Oysters, even in shell, frozen",0,0,0,0,0,0,0,0,0,0,0,0,,,,,,,,,,,,,,,0,1,0,0,0,24,0,0,0,0,0,0
'030722,"Scallops and other molluscs of the family Pectinidae, frozen, even in shell",0,0,0,0,0,0,0,0,0,0,0,0,,,,,,,,,,,,,,,12,29,0,25,0,17,64,0,0,0,0,0
'030749,"Cuttle fish and squid, smoked, dried, salted or in brine, with or without shell",0,0,0,0,0,0,0,0,0,0,0,0,,,,,,,,,,,,,,,0,0,0,0,63,0,0,0,0,0,353,0
'030771,"Live, fresh or chilled, even in shell, clams, cockles and ark shells ""families Arcidae, Arcticidae, ...",0,0,0,0,0,0,0,0,0,0,0,0,,,,,,,,,,,,,,,0,0,0,0,0,0,0,0,0,0,0,0
'040140,"Milk and cream of a fat content by weight of > 6% but <= 10%, not concentrated nor containing ...",0,0,0,0,0,0,0,0,0,0,0,0,,,,,,,,,,,,,,,0,0,0,0,0,0,0,0,0,0,0,0
'040291,"Milk and cream, concentrated but unsweetened (excl. in solid forms)",0,0,0,0,0,0,0,0,0,0,0,0,,,,,,,,,,,,,,,0,0,0,0,0,0,0,0,0,0,0,0
'040610,"Fresh cheese ""unripened or uncured cheese"", incl. whey cheese, and curd",0,0,0,0,0,0,0,0,0,0,0,0,,,,,,,,,,,,,,,164,529,517,57,608,191,540,305,57,83,430,46
'040620,"Grated or powdered cheese, of all kinds",0,0,0,0,0,0,0,0,0,0,0,0,,,,,,,,,,,,,,,18,0,19,41,0,0,27,0,0,28,0,0
'040711,"Fertilised eggs for incubation, of domestic fowls",0,0,0,0,0,0,0,0,0,0,0,0,,,,,,,,,,,,,,,2,0,2,5,27,0,26,0,9,19,11,28
'040790,"Birds' eggs, in shell, preserved or cooked",0,0,0,0,0,0,0,0,0,0,0,0,,,,,,,,,,,,,,,0,0,0,0,0,357,0,0,0,0,0,0
'050210,"Pigs', hogs' or boars' bristles and waste of such bristles",0,0,0,0,0,0,0,0,0,0,0,0,,,,,,,,,,,,,,,57,38,14,101,34,36,161,57,13,55,50,52
'050290,Badger and other brush making hair and waste thereof,0,0,0,0,0,0,0,0,0,0,0,0,,,,,,,,,,,,,,,8,20,9,33,1,12,19,20,22,17,55,22
'051191,"Products of fish or crustaceans, molluscs or other aquatic invertebrates; dead fish, crustaceans, ...",0,0,0,0,0,0,0,0,0,0,0,0,,,,,,,,,,,,,,,1672,970,2078,793,3276,515,2482,1553,1855,3568,1181,3968
'060311,"Fresh cut roses and buds, of a kind suitable for bouquets or for ornamental purposes",0,0,0,0,0,0,0,0,0,0,0,0,,,,,,,,,,,,,,,0,0,0,0,0,0,0,0,0,0,0,0
'060313,"Fresh cut orchids and buds, of a kind suitable for bouquets or for ornamental purposes",0,0,0,0,0,0,0,0,0,0,0,0,,,,,,,,,,,,,,,92,59,96,335,207,185,257,213,195,149,112,0
'070519,Fresh or chilled lettuce (excl. cabbage lettuce),0,0,0,0,0,0,0,0,0,0,0,0,,,,,,,,,,,,,,,0,0,0,0,0,0,0,0,0,0,0,0
'070820,"Fresh or chilled beans ""Vigna spp., Phaseolus spp."", shelled or unshelled",0,0,0,0,0,0,0,0,0,0,0,0,,,,,,,,,,,,,,,0,0,0,0,0,0,0,0,0,0,0,0
'070993,"Fresh or chilled pumpkins, squash and gourds ""Cucurbita spp.""",0,0,0,0,0,0,0,0,0,0,0,0,,,,,,,,,,,,,,,0,0,0,0,0,0,0,0,0,0,23,45
'071159,"Mushrooms and truffles, provisionally preserved, e.g., by sulphur dioxide gas, in brine, in ...",0,0,0,0,0,0,0,0,0,0,0,0,,,,,,,,,,,,,,,56,0,0,0,41,42,0,0,0,0,20,0
'071234,"Dried shiitake ""Lentinus edodes"", whole, cut, sliced, broken or in powder, but not further ...",0,0,0,0,0,0,0,0,0,0,0,0,,,,,,,,,,,,,,,0,0,0,0,0,0,0,3,0,1,0,0
'071290,"Dried vegetables and mixtures of vegetables, whole, cut, sliced, broken or in powder, but not ...",0,0,0,0,0,0,0,0,0,0,0,0,,,,,,,,,,,,,,,705,567,542,426,299,357,389,548,674,457,576,565
'080111,Desiccated coconuts,0,0,0,254,169,249,169,0,0,0,0,0,,,,,,,,,,,,,,,1479,1209,3230,2565,2417,2460,1862,833,1351,1750,2020,1511
'080252,"Fresh or dried pistachios, shelled",0,0,0,0,0,0,0,0,0,0,0,0,,,,,,,,,,,,,,,5796,4336,4028,4780,3507,6230,9231,9918,17375,13428,11084,6752
'080262,"Fresh or dried macadamia nuts, shelled",0,0,0,0,0,0,0,0,0,0,0,0,,,,,,,,,,,,,,,0,0,5,0,125,0,68,41,1,0,0,0
'080390,Fresh or dried bananas (excl. plantains),0,0,0,0,0,0,0,0,0,0,0,0,,,,,,,,,,,,,,,0,0,0,0,0,0,0,0,0,0,0,0
'080810,Fresh apples,0,0,0,0,0,0,0,0,0,0,0,0,,,,,,,,,,,,,,,51173,47496,25781,8799,3319,6370,17903,28534,34413,26734,28981,52443
'081120,"Frozen raspberries, blackberries, mulberries, loganberries, black-, white- or red currants ...",0,0,0,0,0,0,0,0,0,0,0,0,,,,,,,,,,,,,,,33,133,67,168,110,38,55,157,70,59,0,169
'081400,"Peel of citrus fruit or melons, incl. watermelons, fresh, frozen, dried or provisionally preserved ...",0,0,0,0,0,0,0,0,0,0,0,0,,,,,,,,,,,,,,,1,0,1,24,34,0,0,8,2,3,5,5
'090300,Mate,0,0,0,0,0,0,0,0,0,0,0,0,,,,,,,,,,,,,,,0,0,0,0,0,0,0,0,0,0,0,0
'090620,Crushed or ground cinnamon and cinnamon-tree flowers,102,143,355,24,17,0,0,0,31,122,22,0,,,,,,,,,,,,,,,214,145,356,132,20,0,54,79,41,187,37,0
'091091,Mixtures of different types of spices,0,0,0,0,0,0,0,0,0,0,0,0,,,,,,,,,,,,,,,419,533,785,162,164,53,329,178,348,876,266,482
'100191,"Seed of wheat and meslin, for sowing (excl. durum)",0,0,0,0,0,0,0,0,0,0,0,0,,,,,,,,,,,,,,,0,0,0,0,0,0,0,0,0,0,0,0
'100290,Rye (excl. seed for sowing),0,0,0,0,0,0,0,0,0,0,0,0,,,,,,,,,,,,,,,0,0,0,0,0,0,0,0,0,0,0,0
'100490,Oats (excl. seed for sowing),0,0,0,0,0,0,0,0,0,0,0,0,,,,,,,,,,,,,,,3361,2148,886,2467,2619,2040,3954,3472,2253,1999,1075,2365
'100510,Maize seed for sowing,0,0,0,0,0,0,0,0,0,0,0,0,,,,,,,,,,,,,,,212,179,1,0,254,2,206,187,211,0,0,1
'110319,Groats and meal of cereals (excl. wheat and maize),0,0,0,0,0,0,0,0,0,0,0,0,,,,,,,,,,,,,,,0,0,0,11,0,0,0,0,0,0,0,0
'110320,Cereal pellets,0,0,0,0,0,0,0,0,0,0,0,0,,,,,,,,,,,,,,,0,0,0,0,0,0,0,0,0,0,0,0
'110814,Manioc starch,43,100,29,0,0,0,0,0,0,0,0,0,,,,,,,,,,,,,,,50,108,46,11,3,5,16,1,7,8,15,22
'120750,"Mustard seeds, whether or not broken",0,0,0,0,0,0,0,0,0,0,0,0,,,,,,,,,,,,,,,169,79,176,50,49,227,90,203,175,439,146,335
'120810,Soya bean flour and meal,0,0,0,0,0,0,0,0,0,0,0,0,,,,,,,,,,,,,,,0,0,16,0,0,0,0,0,0,0,0,0
'151419,"Low erucic acid rape or colza oil ""fixed oil which has an erucic acid content of < 2%"" and ...",0,0,0,0,0,0,0,0,0,0,0,0,,,,,,,,,,,,,,,672,1291,202,227,83,58,33,261,75,97,80,53
'151491,"High erucic acid rape or colza oil ""fixed oil which has an erucic acid content of >= 2%"" and ...",0,0,0,0,0,0,0,0,0,0,0,0,,,,,,,,,,,,,,,1159,1190,1577,589,606,865,788,277,1012,1216,494,564
'151511,Crude linseed oil,0,0,0,0,0,0,0,0,0,0,0,0,,,,,,,,,,,,,,,0,0,0,0,0,0,0,0,0,133,267,1133
'151620,"Vegetable fats and oils and their fractions, partly or wholly hydrogenated, inter-esterified, ...",0,0,0,0,0,0,0,0,0,0,0,0,,,,,,,,,,,,,,,6677,6117,6044,8135,7048,6783,6507,5634,5780,7102,5507,6162
'152000,"Glycerol, crude; glycerol waters and glycerol lyes",0,0,0,0,0,0,0,0,0,0,0,0,,,,,,,,,,,,,,,15148,12325,12923,11294,6016,13761,14924,20390,18757,14484,9514,4677
'160231,"Meat or offal of turkeys ""Gallus domesticus"", prepared or preserved (excl. sausages and similar ...",0,0,0,0,0,0,0,0,0,0,0,0,,,,,,,,,,,,,,,0,84,0,0,0,0,0,0,0,0,0,0
'160232,"Meat or offal of fowls of the species ""Gallus domesticus"", prepared or preserved (excl. sausages ...",0,0,0,0,0,0,0,0,0,0,0,0,,,,,,,,,,,,,,,0,0,0,0,0,0,0,0,0,0,0,0
'160411,"Prepared or preserved salmon, whole or in pieces (excl. minced)",0,0,0,0,0,0,0,0,0,0,0,0,,,,,,,,,,,,,,,5,0,0,1,0,0,12,0,0,3,0,0
'160416,"Prepared or preserved anchovies, whole or in pieces (excl. minced)",0,0,0,0,0,0,0,0,0,0,0,0,,,,,,,,,,,,,,,1,0,0,0,0,2,0,16,8,14,2,0
'160432,Caviar substitutes prepared from fish eggs,0,0,0,0,0,0,0,0,0,0,0,0,,,,,,,,,,,,,,,18,0,8,35,0,0,1,0,20,8,92,42
'160529,"Shrimps and prawns, prepared or preserved, in airtight containers (excl. smoked)",0,0,0,0,0,0,0,0,0,0,0,0,,,,,,,,,,,,,,,840,526,591,373,326,0,138,113,480,0,0,0
'160558,"Snails, prepared or preserved (excl. smoked and sea snails)",0,0,0,0,0,0,0,0,0,0,0,0,,,,,,,,,,,,,,,0,0,0,0,0,0,0,0,0,0,0,0
'170211,"Lactose in solid form and lactose syrup, not containing added flavouring or colouring matter, ...",0,0,0,0,0,0,0,0,0,0,0,0,,,,,,,,,,,,,,,9821,10120,13464,7445,7883,7866,7949,7286,5902,4916,7408,6666
'121292,"Locust beans ""carob"", fresh, chilled, frozen or dried, whether or not ground",0,0,0,0,0,0,0,0,0,0,0,0,,,,,,,,,,,,,,,7,0,1,0,6,0,16,0,0,0,0,0
'121490,"Swedes, mangolds, fodder roots, hay, lucerne ""alfalfa"", clover, sainfoin, forage kale, lupines, ...",0,0,0,0,0,0,0,0,0,0,0,0,,,,,,,,,,,,,,,108,40,89,63,123,157,177,83,126,42,80,52
'130220,"Pectic substances, pectinates and pectates",0,0,0,0,0,0,0,0,0,0,0,0,,,,,,,,,,,,,,,2923,1610,2133,2105,940,1903,2160,1405,2619,1957,2193,1867
'190219,"Uncooked pasta, not stuffed or otherwise prepared, not containing eggs",0,0,0,0,0,0,0,0,0,0,0,0,,,,,,,,,,,,,,,162,116,207,268,341,104,441,283,239,172,180,181
'190220,"Pasta, stuffed with meat or other substances, whether or not cooked or otherwise prepared",0,0,0,0,0,0,0,0,0,0,0,0,,,,,,,,,,,,,,,147,137,167,198,105,188,127,120,91,257,86,159
'190410,"Prepared foods obtained by swelling or roasting cereals or cereal products, e.g. corn flakes",0,0,0,0,0,0,0,0,0,0,0,0,,,,,,,,,,,,,,,11,64,67,71,95,128,23,37,30,11,24,11
'190540,"Rusks, toasted bread and similar toasted products",0,0,0,11,0,0,0,0,0,0,0,0,,,,,,,,,,,,,,,1072,847,1393,1485,1338,1152,1498,1329,1326,1079,1024,946
'200820,"Pineapples, prepared or preserved, whether or not containing added sugar or other sweetening ...",0,0,0,0,0,0,0,0,0,0,0,0,,,,,,,,,,,,,,,153,370,595,471,604,275,33,275,287,97,156,51
'200830,"Citrus fruit, prepared or preserved, whether or not containing added sugar or other sweetening ...",0,0,0,0,0,0,0,0,0,0,0,0,,,,,,,,,,,,,,,282,315,120,444,186,42,224,32,84,142,281,402
'200897,"Mixtures of fruits, nuts and other edible parts of plants, prepared or preserved, whether or ...",0,0,0,0,0,0,0,0,0,0,0,0,,,,,,,,,,,,,,,0,12,23,0,25,9,0,0,22,0,6,0
'200919,"Orange juice, unfermented, whether or not containing added sugar or other sweetening matter ...",7,0,0,0,0,0,3,0,0,0,0,0,,,,,,,,,,,,,,,113,0,162,72,0,74,6,3,229,301,84,132
'200949,"Pineapple juice, unfermented, Brix value > 20 at 20°C, whether or not containing added sugar ...",0,0,0,0,0,0,0,0,0,0,0,0,,,,,,,,,,,,,,,1,0,1,0,0,0,1,0,35,354,0,0
'200950,"Tomato juice, unfermented, whether or not containing added sugar or other sweetening matter ...",0,0,0,0,0,0,0,0,0,0,0,0,,,,,,,,,,,,,,,0,0,1,1,1,1,1,2,0,1,1,2
'210210,Active yeasts,0,0,0,0,0,0,0,0,0,0,0,0,,,,,,,,,,,,,,,1848,3641,4876,3022,4928,3297,4178,5582,4846,4347,4308,4283
'210230,Prepared baking powders,0,0,0,0,0,0,0,0,0,0,0,0,,,,,,,,,,,,,,,1,3,0,0,0,3,1,0,0,0,3,0
'290377,"Halogenated derivatives of acyclic hydrocarbons containing two or more different halogens, ...",0,0,0,0,0,0,0,0,0,0,0,0,,,,,,,,,,,,,,,0,0,0,0,7,0,0,0,0,0,0,0
'290379,Halogenated derivatives of acyclic hydrocarbons containing two or more different halogens (excl. ...,0,0,0,0,0,0,0,0,0,0,0,0,,,,,,,,,,,,,,,1,67,312,134,624,2588,347,538,1153,232,300,33
'290549,"Tri- and other polyhydric acyclic alcohols (excl. 2-ethyl-2-""hydroxymethyl"" propane-1,3-diol ...",0,0,0,0,0,0,0,0,0,0,0,0,,,,,,,,,,,,,,,487,561,977,1075,443,571,1252,997,872,727,852,774
'290629,"Aromatic cyclic alcohols and their halogenated, sulphonated, nitrated or nitrosated derivatives ...",0,0,0,0,0,0,0,0,0,0,0,0,,,,,,,,,,,,,,,6122,5966,8503,4660,5586,5116,5325,7479,6264,4409,4234,2883
'290713,"Octylphenol, nonylphenol and their isomers; salts thereof",0,0,0,0,0,0,0,0,0,0,0,0,,,,,,,,,,,,,,,839,1543,1391,2860,1246,1426,566,845,1288,458,486,1305
'290715,Naphthols and their salts,0,0,0,0,0,0,0,0,0,0,0,0,,,,,,,,,,,,,,,4316,2666,4306,3303,3119,5313,3393,3687,3142,5302,2672,4721
'290723,"4,4'-Isopropylidenediphenol ""bisphenol A, diphenylolpropane"" and its salts",0,0,0,0,0,0,0,0,0,0,0,0,,,,,,,,,,,,,,,16127,12430,18542,13316,12019,16172,14751,11818,10185,11535,14203,17864
'290911,Diethyl ether,0,0,0,0,0,0,0,0,0,0,0,0,,,,,,,,,,,,,,,0,0,0,70,68,40,0,0,142,94,0,0
'291411,Acetone,0,0,0,0,0,0,0,0,0,0,0,0,,,,,,,,,,,,,,,6284,13212,13742,12913,6977,4961,4681,4842,6836,2591,4806,12390
'291413,"4-Methylpentan-2-one ""methyl isobutyl ketone""",0,0,0,0,0,0,0,0,0,0,0,0,,,,,,,,,,,,,,,1023,5985,5221,7574,1812,242,2976,4213,2148,1977,4274,4355
'291423,Ionones and methylionones,0,0,0,0,0,0,0,0,0,0,0,0,,,,,,,,,,,,,,,2541,1872,1924,1799,2606,2210,2131,1212,2201,614,1019,1111
'291439,"Ketones, aromatic, without other oxygen function (excl. phenylacetone [phenylpropan-2-one])",0,0,0,0,0,0,0,0,0,0,0,0,,,,,,,,,,,,,,,3048,2142,3776,2739,3008,2761,2922,2666,2799,1915,1625,3872
'291440,Ketone-alcohols and ketone-aldehydes,0,0,0,0,0,0,0,0,0,0,0,0,,,,,,,,,,,,,,,323,464,628,477,521,454,415,359,201,379,249,473
'291532,Vinyl acetate,0,0,0,0,0,0,0,0,0,0,0,0,,,,,,,,,,,,,,,13155,14411,17148,12809,25088,7608,10541,12324,17331,13755,9680,25444
'291590,"Saturated acyclic monocarboxylic acids, their anhydrides, halides, peroxides and peroxyacids; ...",0,0,0,0,0,0,0,0,0,2,0,0,,,,,,,,,,,,,,,23781,22816,29228,28743,25893,35158,22856,19942,23738,19959,26063,30600
'291632,Benzoyl peroxide and benzoyl chloride,0,0,0,0,0,0,0,0,0,0,0,0,,,,,,,,,,,,,,,913,458,146,654,497,594,559,719,755,881,417,465
'291714,Maleic anhydride,0,0,0,0,0,0,0,0,0,0,0,0,,,,,,,,,,,,,,,7665,9522,10255,9984,8120,6222,4154,5266,6650,8722,6550,5420
'291736,Terephthalic acid and its salts,0,0,0,0,0,0,0,0,0,0,0,0,,,,,,,,,,,,,,,121625,104094,120975,176019,44151,173369,124076,117527,209799,80371,93855,123842
'291823,"Esters of salicylic acid and their salts (excl. o-acetylsalicylic acid, its salts and esters)",0,0,0,0,0,0,0,0,0,0,0,0,,,,,,,,,,,,,,,409,504,230,458,619,353,602,108,698,630,275,236
'291891,"2,4,5-T ""ISO"" ""2,4,5-trichlorophenoxyacetic acid"", its salts and esters",0,0,0,0,0,0,0,0,0,0,0,0,,,,,,,,,,,,,,,0,0,0,0,0,0,0,0,0,0,0,0
'292022,Diethyl phosphite,0,0,0,0,0,0,0,0,0,0,0,0,,,,,,,,,,,,,,,0,0,0,0,0,0,0,0,0,0,0,253
'292143,Toluidines and their derivatives; salts thereof,0,0,0,0,0,0,0,0,0,0,0,0,,,,,,,,,,,,,,,2426,2006,2346,1312,1597,1511,1616,1864,1670,2122,2745,1789
'292218,"2-""N,N-Diisopropylamino""ethanol",0,0,0,0,0,0,0,0,0,0,0,0,,,,,,,,,,,,,,,0,0,0,0,0,0,0,0,0,0,0,0
'292241,Lysine and its esters; salts thereof,0,0,0,0,0,0,0,0,0,0,0,0,,,,,,,,,,,,,,,8612,7812,11766,7277,9196,8692,9526,8870,8000,5183,8582,9618
'292800,Organic derivatives of hydrazine or of hydroxylamine,0,0,0,0,0,0,0,0,0,0,0,0,,,,,,,,,,,,,,,2995,2782,6798,7337,4473,3429,3373,3116,2595,3779,2770,2611
'292990,Compounds with nitrogen function (excl. amine-function compounds; oxygen-function amino-compounds; ...,0,0,0,0,0,0,0,0,0,0,0,0,,,,,,,,,,,,,,,893,578,788,437,494,524,500,437,900,499,250,924
'293159,"Separate chemically defined halogenated organo-phosphorous derivatives, n.e.s.",0,0,0,0,0,0,0,0,0,0,0,0,,,,,,,,,,,,,,,72,150,1,30,78,163,199,70,162,209,88,686
'293321,Hydantoin and its derivatives,0,0,0,0,0,0,0,0,0,0,0,0,,,,,,,,,,,,,,,321,155,429,409,508,208,370,254,382,209,404,340
'293336,"4-Anilino-N-phenethylpiperidine ""ANPP""",0,0,0,0,0,0,0,0,0,0,0,0,,,,,,,,,,,,,,,0,0,0,0,20,0,0,1,0,0,0,0
'293369,"Heterocyclic compounds with nitrogen hetero-atom[s] only, containing an unfused triazine ring, ...",0,0,0,0,0,0,0,0,0,0,0,0,,,,,,,,,,,,,,,16794,16400,17754,17685,18879,18892,14169,14419,15100,16074,17583,14389
'293510,N-Methylperfluorooctane sulphonamide,0,0,0,0,0,0,0,0,0,0,0,0,,,,,,,,,,,,,,,0,0,0,0,0,0,0,24,0,0,0,0
'293622,"Vitamin B1 and its derivatives, used primarily as vitamins",0,0,0,0,0,0,0,0,0,0,0,0,,,,,,,,,,,,,,,3587,2730,3317,911,1336,1909,3203,2092,1842,2263,971,834
'293624,"D-Pantothenic or DL-pantothenic acid ""Vitamin B3 or B5"" and their derivatives, used primarily ...",0,0,0,0,0,0,0,0,0,0,0,0,,,,,,,,,,,,,,,691,1086,907,714,795,1831,2134,385,706,634,328,1200
'293629,"Vitamins and their derivatives, used primarily as vitamins, unmixed (excl. vitamins A, B1, ...",0,0,0,81,0,0,0,0,0,0,0,0,,,,,,,,,,,,,,,3700,3486,2659,4174,3598,4713,3316,2574,2185,3048,2181,3422
'293750,"Prostaglandins, thromboxanes and leukotrienes, their derivatives and structural analogues, ...",0,0,0,0,0,0,0,0,0,0,0,0,,,,,,,,,,,,,,,80,135,16,21,48,1018,530,224,1048,1381,1729,14
'293810,"Rutoside ""rutin"" and its derivatives",0,0,0,0,0,0,0,0,0,0,0,0,,,,,,,,,,,,,,,501,70,132,1500,516,76,56,453,348,364,227,1044
'293949,"Alkaloids of ephedra and their derivatives; salts thereof (excl. ephedrine, pseudoephedrine ...",0,0,0,0,0,0,0,0,0,0,0,0,,,,,,,,,,,,,,,135,127,0,130,132,0,0,133,0,0,74,33
'293959,"Theophylline and aminophylline ""theophylline-ethylenediamine"" and their derivatives, and salts ...",0,0,0,0,0,0,0,0,0,0,0,0,,,,,,,,,,,,,,,284,1120,920,378,182,228,110,723,500,386,1275,306
'293962,"Ergotamine ""INN"" and its salts",0,0,0,0,0,0,0,0,0,0,0,0,,,,,,,,,,,,,,,0,0,0,0,0,0,0,0,0,0,521,617
'294120,Streptomycins and their derivatives; salts thereof,0,0,0,0,0,0,0,0,0,0,0,0,,,,,,,,,,,,,,,243,271,568,919,341,711,783,1080,232,651,206,342
'294140,Chloramphenicol and its derivatives; salts thereof,0,0,0,0,0,0,0,0,0,0,0,0,,,,,,,,,,,,,,,1,44,60,11,55,0,39,169,102,191,88,24
'300310,"Medicaments containing penicillins or derivatives thereof with a penicillanic acid structure, ...",0,0,0,0,0,0,0,0,0,0,0,0,,,,,,,,,,,,,,,0,21,0,0,0,0,0,0,0,0,0,0
'300420,"Medicaments containing antibiotics, put up in measured doses ""incl. those for transdermal administration"" ...",0,0,0,0,0,0,0,0,0,0,0,0,,,,,,,,,,,,,,,5823,4648,3069,1719,4507,5636,5271,2608,1925,3136,3784,3953
'300460,"Medicaments containing any of the following antimalarial active principles: artemisinin ""INN"" ...",0,0,0,0,0,0,0,0,0,0,0,0,,,,,,,,,,,,,,,0,0,0,0,68,0,0,0,0,0,0,0
'250870,Chamotte or dinas earths,0,0,0,0,0,0,0,0,0,0,0,0,,,,,,,,,,,,,,,65,78,150,37,0,38,78,31,78,51,22,68
'251200,"Siliceous fossil meals, e.g. kieselguhr, tripolite and diatomite, and similar siliceous earths, ...",0,0,0,0,0,0,0,0,0,0,0,0,,,,,,,,,,,,,,,110,178,265,933,239,363,117,186,192,279,277,156
'251400,"Slate, whether or not roughly trimmed or merely cut, by sawing or otherwise, into blocks or ...",0,0,0,0,0,0,0,0,0,0,0,0,,,,,,,,,,,,,,,0,0,0,0,10,0,0,0,0,0,10,0
'251620,"Sandstone, whether or not roughly trimmed or merely cut, by sawing or otherwise, into blocks ...",0,0,0,0,0,0,0,0,0,0,0,0,,,,,,,,,,,,,,,0,0,0,0,0,0,0,0,0,0,0,0
'252210,Quicklime,0,0,0,0,0,0,0,0,0,0,0,0,,,,,,,,,,,,,,,8080,8924,9623,9158,7525,9542,9274,8347,8442,8770,8009,3809
'252490,Asbestos (excl. crocidolite and products made from asbestos),0,0,0,0,0,0,0,0,0,0,0,0,,,,,,,,,,,,,,,21788,12597,23731,20198,14596,20014,22113,19529,17226,16115,12787,13631
'252610,"Natural steatite, whether or not roughly trimmed or merely cut, by sawing or otherwise, into ...",0,0,0,0,0,0,0,0,0,0,0,0,,,,,,,,,,,,,,,62,29,8,140,70,78,72,177,139,173,59,68
'260900,Tin ores and concentrates,0,0,0,0,0,0,0,0,0,0,0,0,,,,,,,,,,,,,,,0,0,2,0,0,0,14,0,0,0,12,16
'261000,Chromium ores and concentrates,0,0,0,0,0,0,0,0,0,0,0,0,,,,,,,,,,,,,,,7177,9642,7334,4364,5609,5110,8014,5664,8470,6831,6509,7832
'261390,Molybdenum ores and concentrates (excl. roasted),0,0,0,0,0,0,0,0,0,0,0,0,,,,,,,,,,,,,,,3153,0,644,384,3805,429,448,0,455,394,1537,0
'261710,Antimony ores and concentrates,0,0,0,0,0,0,0,0,0,0,0,0,,,,,,,,,,,,,,,3768,8612,4642,20932,6808,9975,770,4873,2604,145,3370,209
'261900,"Slag, dross, scalings and other waste from the manufacture of iron or steel (excl. granulated ...",0,0,0,0,0,0,0,0,0,0,0,0,,,,,,,,,,,,,,,0,0,0,0,0,0,0,0,3320,0,0,0
'262091,"Slag, ash and residues, containing antimony, beryllium, cadmium, chromium or their mixtures ...",0,0,0,0,0,0,0,0,0,0,0,0,,,,,,,,,,,,,,,0,0,0,0,0,0,0,0,0,0,0,0
'262110,Ash and residues from the incineration of municipal waste,0,0,0,0,0,0,0,0,0,0,0,0,,,,,,,,,,,,,,,0,0,0,0,0,0,0,0,0,0,0,0
'270710,"Benzol ""benzene"" containing > 50% of benzene (excl. chemically defined)",0,0,0,0,0,0,0,0,0,0,0,0,,,,,,,,,,,,,,,0,0,0,0,0,0,0,0,0,0,0,0
'271099,Waste oils containing mainly petroleum or bituminous minerals (excl. those containing polychlorinated ...,0,0,0,0,0,0,0,0,1,0,0,0,,,,,,,,,,,,,,,158,2365,295,179,212,261,177,224,143,175,223,165
'271210,Petroleum jelly,0,0,0,0,0,0,0,0,0,0,0,0,,,,,,,,,,,,,,,412,34,525,284,246,101,510,439,86,483,123,483
'271490,"Bitumen and asphalt, natural; asphaltites and asphaltic rocks",0,0,0,0,0,0,0,0,0,0,0,0,,,,,,,,,,,,,,,300,430,236,384,222,280,521,151,218,172,222,96
'282735,Nickel chloride,0,0,0,0,0,0,0,0,0,0,0,0,,,,,,,,,,,,,,,120,0,0,47,177,184,110,149,81,118,11,6
'282911,Chlorate of sodium,0,0,0,0,0,0,0,0,0,0,0,0,,,,,,,,,,,,,,,930,844,2126,1131,2027,869,1218,1254,1692,1005,654,1124
'282990,Perchlorates; bromates and perbromates; iodates and periodates (excl. inorganic or organic ...,0,0,0,0,0,0,0,0,0,0,0,0,,,,,,,,,,,,,,,25,34,27,121,29,84,64,21,83,396,85,90
'283522,Mono- or disodium phosphate,0,0,0,0,0,0,0,0,0,0,0,0,,,,,,,,,,,,,,,366,219,651,222,481,171,364,495,319,398,590,438
'283529,"Phosphates (excl. phosphates of monosodium, disodium, potassium, calcium and mercury)",0,0,0,0,0,0,0,0,0,0,0,0,,,,,,,,,,,,,,,1415,1607,1509,1760,642,1156,1382,1269,1437,413,1206,1565
'283911,"Metasilicates of sodium, incl. commercial metasilicates",0,0,0,0,0,0,0,0,0,0,0,0,,,,,,,,,,,,,,,41,62,42,11,22,19,53,40,0,22,23,3
'284019,"Disodium tetraborate ""refined borax"" (excl. anhydrous)",0,70,0,0,0,0,0,0,0,0,0,0,,,,,,,,,,,,,,,2716,3695,7784,7221,8148,11579,9050,11517,10150,12381,10407,10437
'284210,"Double or complex silicates of inorganic acids or peroxoacids, incl. aluminosilicates whether ...",0,0,0,7,0,0,0,0,0,0,8,0,,,,,,,,,,,,,,,5189,4777,3773,2500,1996,3778,3468,3421,3146,3494,3269,4059
'284330,"Gold compounds, inorganic or organic, whether or not chemically defined",0,0,0,0,0,0,0,0,0,0,0,0,,,,,,,,,,,,,,,2412074,552053,3484,4828,4480,7059,18209,6931,4548,6657,3681,4527
'284590,"Non-radioactive isotopes; inorganic or organic compounds of such isotopes, whether or not chemically ...",0,0,0,0,0,0,0,0,0,0,0,0,,,,,,,,,,,,,,,0,0,0,0,0,0,0,0,0,0,0,0
'321100,Prepared driers,1,0,0,0,0,0,0,0,0,0,0,0,,,,,,,,,,,,,,,588,564,644,316,596,266,276,311,430,64,577,557
'330124,"Oils of peppermint ""Mentha piperita"", whether or not terpeneless, incl. concretes and absolutes",0,0,0,0,0,0,0,0,0,0,0,0,,,,,,,,,,,,,,,635,100,493,129,813,1,488,108,91,401,824,142
'330300,"Perfumes and toilet waters (excl. aftershave lotions, personal deodorants and hair lotions)",0,0,0,0,0,0,0,0,0,0,0,0,,,,,,,,,,,,,,,14687,15826,14553,13084,21690,16021,20025,23329,15615,17297,16588,16968
'330430,Manicure or pedicure preparations,0,0,0,0,0,0,0,0,0,0,0,0,,,,,,,,,,,,,,,92,54,39,58,123,123,24,148,160,19,82,20
'330520,Preparations for permanent waving or straightening,0,0,0,0,0,0,0,0,0,0,0,0,,,,,,,,,,,,,,,460,269,340,144,134,421,253,184,55,311,71,61
'330620,"Yarn used to clean between the teeth ""dental floss"", in individual retail packages",0,0,0,0,0,0,0,0,0,0,0,0,,,,,,,,,,,,,,,61,3,81,103,44,66,133,20,2,160,95,103
'330690,"Preparations for oral or dental hygiene, incl. denture fixative pastes and powders (excl. dentifrices ...",0,0,0,0,0,0,0,0,0,0,0,0,,,,,,,,,,,,,,,103,323,463,361,373,297,217,204,85,355,297,876
'310250,"Sodium nitrate (excl. that in tablets or similar forms, or in packages with a gross weight ...",0,0,0,0,0,0,0,0,0,0,0,0,,,,,,,,,,,,,,,7,0,0,34,0,0,0,0,0,0,0,0
'310430,"Potassium sulphate (excl. that in tablets or similar forms, or in packages with a gross weight ...",0,0,37,53,0,0,0,0,0,52,0,0,,,,,,,,,,,,,,,2654,2517,3255,2562,4256,5775,4935,2544,2297,1286,1875,7842
'310530,"Diammonium hydrogenorthophosphate ""diammonium phosphate"" (excl. that in tablets or similar ...",0,0,0,0,0,0,0,0,0,0,0,0,,,,,,,,,,,,,,,161853,286016,722242,782790,757501,717410,725712,252003,99332,114110,20254,33852
'320411,Synthetic organic disperse dyes; preparations based on synthetic organic disperse dyes of a ...,0,0,5,0,0,0,0,0,0,0,0,0,,,,,,,,,,,,,,,2054,1842,2428,1573,1130,1644,1261,1418,1612,1140,1426,1480
'150810,Crude groundnut oil,0,0,0,0,0,0,0,0,0,0,0,0,,,,,,,,,,,,,,,0,0,0,0,0,331,338,0,0,0,0,0
'151229,"Cotton-seed oil and its fractions, whether or not refined, but not chemically modified (excl. ...",0,0,0,0,0,0,0,0,0,0,0,0,,,,,,,,,,,,,,,0,70,70,0,181,89,0,313,0,0,0,0
'330730,Perfumed bath salts and other bath and shower preparations,0,0,0,0,0,0,0,0,0,0,0,0,,,,,,,,,,,,,,,321,617,569,283,447,173,196,265,84,112,121,143
'350110,Casein,0,0,0,0,0,0,0,0,0,0,0,0,,,,,,,,,,,,,,,108,2370,295,354,12,15,21,110,229,96,0,189
'350220,"Milk albumin ""lactalbumin"", incl. concentrates of two or more whey proteins containing by weight ...",0,0,0,0,0,0,0,0,0,0,0,0,,,,,,,,,,,,,,,29806,31810,28420,20064,21735,23884,21421,21784,26090,29882,28303,30445
'360330,Percussion caps (excl. cartridge cases with percussion caps),0,0,0,0,0,0,0,0,0,0,0,0,,,,,,,,,,,,,,,77,0,0,457,259,0,53,0,0,0,0,0
'370120,"Instant print film in the flat, sensitised, unexposed, whether or not in packs",0,0,0,0,0,0,0,0,0,0,0,0,,,,,,,,,,,,,,,1092,721,140,617,661,61,505,334,735,8,1037,661
'370298,"Photographic film, sensitised, in rolls, unexposed, with perforations, for monochrome photography, ...",0,0,0,0,0,0,0,0,0,0,0,0,,,,,,,,,,,,,,,182,327,125,158,142,249,215,98,200,122,184,320
'370320,"Photographic paper, paperboard and textiles, sensitised, unexposed, for colour photography ...",0,0,0,0,0,0,0,0,0,0,0,0,,,,,,,,,,,,,,,2076,2490,1721,1320,865,1162,1059,891,759,874,707,815
'370710,"Sensitising emulsions ""for photographic uses""",0,0,0,0,0,0,0,0,0,0,0,0,,,,,,,,,,,,,,,61,51,27,15,72,29,95,78,67,28,52,77
'380110,"Artificial graphite (excl. retort graphite, retort carbon and goods of artificial graphite, ...",0,0,395,0,0,211,44,158,0,34,0,0,,,,,,,,,,,,,,,6742,6253,6326,5696,5386,7393,5338,5324,5872,4867,6113,4792
'380891,"Insecticides, put up in forms or packings for retail sale or as preparations or articles (excl. ...",0,0,0,0,0,0,0,47,0,0,0,0,,,,,,,,,,,,,,,91328,49805,57426,56334,49629,24487,27470,7909,32826,37838,27120,68125
'380992,"Finishing agents, dye carriers to accelerate the dyeing or fixing of dyestuffs, and other products ...",0,0,3,0,0,1,0,0,0,0,0,0,,,,,,,,,,,,,,,1287,1061,865,1348,1164,1537,1420,1040,1576,1236,1231,1232
'381700,Mixed alkylbenzenes and mixed alkylnaphthalenes produced by the alkylation of benzene and naphthalene ...,0,0,0,0,0,0,0,0,0,0,0,0,,,,,,,,,,,,,,,39392,41601,23849,36962,40443,55412,31417,41167,31243,32614,49827,68110
'382213,"Diagnostic or laboratory reagents on a backing, prepared diagnostic or laboratory reagents ...",0,0,0,0,0,0,0,0,0,0,0,0,,,,,,,,,,,,,,,736,625,879,1135,820,1193,571,938,766,1418,886,902
'382510,Municipal waste,0,0,0,0,0,0,0,0,0,0,0,0,,,,,,,,,,,,,,,0,0,3,0,0,0,0,0,0,0,0,0
'382764,"Mixtures containing other hydrofluorocarbons ""HFCs"" than in subheadings of 3827 till 3827.59, ...",0,0,0,0,0,0,0,0,0,0,0,0,,,,,,,,,,,,,,,187,0,0,106,105,107,0,0,0,0,0,0
'390461,"Polytetrafluoroethylene, in primary forms",46,0,0,56,0,48,0,0,0,0,0,0,,,,,,,,,,,,,,,3638,2495,3905,4306,3901,3827,2597,2554,3883,2191,3379,3089
'390770,"Poly""lactic acid"", in primary forms",0,0,0,0,0,0,0,0,0,23,0,0,,,,,,,,,,,,,,,1455,1422,1906,723,1010,1685,1546,1524,1748,739,1018,1426
'390890,"Polyamides, in primary forms (excl. polyamides-6, -11, -12, -6,6, -6,9, -6,10 and -6,12)",0,0,0,0,0,0,0,0,0,0,0,0,,,,,,,,,,,,,,,9963,9181,9288,8336,9197,9503,7677,7685,9377,8604,11594,11923
'391120,"Poly(1,3-phenylene methylphosphonate), in primary forms",0,0,0,0,0,0,0,0,0,0,0,0,,,,,,,,,,,,,,,0,0,0,0,0,0,0,0,2,0,0,0
'391610,"Monofilament of which any cross-sectional dimension > 1 mm, rods, sticks and profile shapes, ...",0,0,0,0,0,0,0,0,0,0,0,0,,,,,,,,,,,,,,,608,401,458,263,238,258,179,277,135,342,183,504
'392610,"Office or school supplies, of plastics, n.e.s.",0,0,0,0,0,1,24,0,0,0,0,0,,,,,,,,,,,,,,,1561,1387,1993,1447,1271,1816,1400,1431,2015,1583,1442,1155
'400299,"Synthetic rubber and factice derived from oils, in primary forms or in plates, sheets or strip ...",0,0,0,0,0,5,0,0,0,44,0,0,,,,,,,,,,,,,,,6729,4740,6984,7497,5970,6712,6373,6254,6849,5710,8729,8733
'400599,"Compounded, unvulcanised rubber in primary forms (excl. solutions and dispersions, those containing ...",0,0,0,0,0,0,0,0,0,0,0,0,,,,,,,,,,,,,,,3038,2283,3096,3769,2193,3264,2201,3362,2735,2630,2143,2748
'400819,"Rods and profile shapes, of cellular rubber",0,0,0,1,0,0,0,0,0,0,0,0,,,,,,,,,,,,,,,169,249,192,542,243,183,232,249,231,321,501,267
'401034,"Endless transmission belts of trapezoidal cross-section ""V-belts"", of vulcanised rubber, of ...",0,0,0,0,0,0,0,0,0,0,0,0,,,,,,,,,,,,,,,158,67,100,82,79,85,73,53,68,52,51,67
'401036,"Endless synchronous belts, of vulcanised rubber, of an outside circumference > 150 cm but <= ...",0,0,0,0,0,0,0,0,0,0,0,0,,,,,,,,,,,,,,,114,65,118,96,121,70,204,120,80,94,122,108
'410449,"Hides and skins of bovine ""incl. buffalo"" or equine animals, in the dry state ""crust"", without ...",76,0,0,0,14,0,0,0,0,0,0,0,,,,,,,,,,,,,,,2813,2239,2420,2895,3161,2158,1546,2292,3212,2973,3237,1991
'410719,"Leather ""incl. parchment-dressed leather"" of the whole hides and skins of bovine ""incl. buffalo"" ...",56,30,0,26,0,1,37,2,57,0,0,0,,,,,,,,,,,,,,,949,824,446,476,494,509,793,482,699,840,539,446
'411310,"Leather further prepared after tanning or crusting ""incl. parchment-dressed leather"", of goats ...",14,8,9,3,0,3,0,0,0,0,0,0,,,,,,,,,,,,,,,216,218,320,94,96,166,137,171,54,80,124,82
'430219,"Tanned or dressed furskins, whole, with or without heads, tails or paws, not assembled (excl. ...",0,0,0,0,0,0,0,0,0,0,0,0,,,,,,,,,,,,,,,967,449,638,917,299,396,219,455,247,400,326,658
'430390,"Articles of furskin (excl. articles of apparel, clothing accessories and goods of chapter 95, ...",0,0,0,0,0,0,0,0,0,0,0,0,,,,,,,,,,,,,,,4,2,24,10,1,5,11,9,18,4,16,4
'440132,Wood briquettes,0,0,0,0,0,0,0,0,0,0,0,0,,,,,,,,,,,,,,,0,0,0,0,0,0,0,0,0,0,0,1
'440139,"Sawdust and wood waste and scrap, agglomerated in logs or similar forms (excl. pellets and ...",7,0,0,0,7,0,0,0,0,0,0,0,,,,,,,,,,,,,,,103,34,73,46,112,10,30,10,78,31,20,11
'440325,"Coniferous wood in the rough, of which the smallest cross-sectional dimension is =>15 cm, whether ...",0,0,0,0,0,0,0,0,0,0,0,0,,,,,,,,,,,,,,,0,0,59,0,0,0,0,22,0,0,0,0
'440397,"Poplar and aspen ""Populus spp."" in the rough, whether or not stripped of bark or sapwood, or ...",0,0,0,0,0,0,0,0,0,0,0,0,,,,,,,,,,,,,,,557,844,672,811,775,760,657,736,805,569,544,648
'440399,"Wood in the rough, whether or not stripped of bark or sapwood, or roughly squared (excl. rough-cut ...",0,0,0,0,0,0,0,0,0,0,0,0,,,,,,,,,,,,,,,7252,9958,5198,4798,7781,15273,10945,8353,10718,6764,5046,4901
'440723,"Teak, sawn or chipped lengthwise, sliced or peeled, of a thickness of > 6 mm, sanded, or end-jointed, ...",142,20,38,0,50,87,27,17,54,17,33,0,,,,,,,,,,,,,,,10214,6896,8484,6425,7948,9334,11781,9207,10030,7748,6575,5668
'440797,"Poplar and aspen ""Populus spp."", sawn or chipped lengthwise, sliced or peeled, whether or not ...",0,0,0,0,0,0,0,0,0,0,0,0,,,,,,,,,,,,,,,43,0,0,13,36,0,0,0,33,0,0,0
'441113,"Medium density fibreboard ""MDF"" of wood, of a thickness > 5 mm but <= 9 mm",0,0,0,0,0,0,0,0,0,0,0,0,,,,,,,,,,,,,,,470,429,487,306,352,494,260,394,510,221,503,251
'441251,"Blockboard, laminboard and battenboard, with at least one outer ply of tropical wood (excl. ...",0,0,0,0,0,0,0,0,0,0,0,0,,,,,,,,,,,,,,,0,19,0,0,0,14,0,0,43,0,0,20
'441410,"Wooden frames for paintings, photographs, mirrors or similar objects, of tropical wood",0,0,0,0,0,0,0,0,0,0,0,0,,,,,,,,,,,,,,,1,0,39,13,11,38,3,60,9,55,5,12
'441600,"Casks, barrels, vats, tubs and other coopers' products parts thereof, of wood, incl. staves",0,0,0,0,0,0,0,0,0,0,0,0,,,,,,,,,,,,,,,1166,954,2025,1170,519,735,1856,2646,1224,1711,707,1363
'441873,"Flooring panels, assembled, of bamboo or with at least the top wear layer of bamboo",0,0,0,0,0,0,0,0,0,0,0,0,,,,,,,,,,,,,,,27,0,0,26,20,0,0,33,20,0,9,0
'442019,"Statuettes and other ornaments, of wood (excl. of tropical wood, and wood marquetry and inlaid ...",4,0,7,0,0,0,0,0,0,2,0,0,,,,,,,,,,,,,,,32,51,79,103,92,184,91,97,81,141,115,53
'450200,"Natural cork, debacked or roughly squared, or in square or rectangular blocks, plates, sheets ...",0,0,0,0,0,0,0,0,0,0,0,0,,,,,,,,,,,,,,,1,0,1,0,0,0,0,0,0,0,0,0
'470692,"Chemical pulp of fibrous cellulosic material (excl. that of bamboo, wood, cotton linters and ...",8,0,0,0,0,0,0,0,0,0,0,0,,,,,,,,,,,,,,,117,198,87,312,84,59,255,61,109,28,0,62
'480411,"Unbleached kraftliner, uncoated, in rolls of a width > 36 cm",0,0,0,0,0,0,0,0,0,0,0,0,,,,,,,,,,,,,,,3515,4468,5581,5474,6260,5816,6884,4080,2888,2975,2004,3229
'480442,"Kraft paper and paperboard, uncoated, in rolls of a width > 36 cm or in square or rectangular ...",0,0,0,0,0,0,0,0,0,0,0,0,,,,,,,,,,,,,,,201,35,3,13,46,86,43,0,305,85,62,245
'480459,"Kraft paper and paperboard, uncoated, in rolls of a width > 36 cm or in square or rectangular ...",0,6,0,0,0,0,0,0,0,0,0,0,,,,,,,,,,,,,,,2515,2676,2508,2074,2441,1855,1837,1153,2133,1513,1634,2093
'480540,"Filter paper and paperboard, in rolls of a width > 36 cm or in square or rectangular sheets ...",0,0,0,0,0,0,0,0,0,0,0,0,,,,,,,,,,,,,,,758,1257,1697,1247,942,784,593,1287,1242,890,1555,602
'480640,"Glassine and other glazed transparent or translucent papers, in rolls of a width > 36 cm or ...",0,0,0,0,0,0,0,0,0,0,0,0,,,,,,,,,,,,,,,8046,6724,9298,12043,5858,9885,9523,7416,9672,9713,7293,10711
'481730,"Boxes, pouches, wallets and writing compendiums, of paper or paperboard, containing an assortment ...",0,0,0,0,0,0,0,0,0,0,0,0,,,,,,,,,,,,,,,14,9,22,30,14,25,10,9,6,18,14,3
'490210,"Newspapers, journals and periodicals, whether or not illustrated or containing advertising ...",0,0,0,0,0,0,0,0,0,0,0,0,,,,,,,,,,,,,,,15,13,17,16,17,16,14,13,13,12,15,12
'490700,"Unused postage, revenue or similar stamps of current or new issue in the country in which they ...",0,0,0,0,0,0,0,0,0,0,0,0,,,,,,,,,,,,,,,2204,4564,1702,1509,1771,1695,1304,3161,1301,3204,2706,3428
'490810,"Transfers ""decalcomanias"", vitrifiable",0,0,7,11,0,6,0,2,7,0,0,0,,,,,,,,,,,,,,,154,255,203,230,157,133,187,199,151,167,156,163
'511111,Woven fabrics containing >= 85% carded wool or carded fine animal hair by weight and weighing ...,0,0,0,0,0,0,0,0,0,0,0,0,,,,,,,,,,,,,,,222,551,118,81,744,831,923,507,298,203,293,506
'520210,"Cotton yarn waste, incl. thread waste",0,0,0,0,0,0,0,0,0,0,0,0,,,,,,,,,,,,,,,888,488,718,777,641,1056,885,974,705,1007,605,880
'520419,"Sewing thread, containing predominantly, but < 85% cotton by weight (excl. that put up for ...",0,0,0,0,0,0,0,0,0,0,0,0,,,,,,,,,,,,,,,0,0,0,0,0,0,0,0,0,0,0,0
'520532,"Multiple ""folded"" or cabled cotton yarn, of uncombed fibres, containing >= 85% cotton by weight ...",0,0,0,0,0,0,0,0,0,0,0,0,,,,,,,,,,,,,,,80,120,0,2,0,8,50,0,0,73,65,76
'520541,"Multiple ""folded"" or cabled cotton yarn, of combed fibres, containing >= 85% cotton by weight ...",0,0,0,0,0,0,0,0,0,0,0,0,,,,,,,,,,,,,,,1,83,0,114,76,423,2,269,227,116,76,218
'520548,"Multiple ""folded"" or cabled cotton yarn, of combed fibres, containing >= 85% cotton by weight ...",0,0,15,0,0,0,1,48,67,51,0,0,,,,,,,,,,,,,,,126,30,26,495,1570,1043,1499,1640,1828,1673,502,712
'520614,"Single cotton yarn containing predominantly, but < 85% cotton by weight, of uncombed fibres ...",0,0,0,0,0,0,0,0,0,0,0,0,,,,,,,,,,,,,,,0,0,0,0,0,0,0,0,1,0,0,0
'520625,"Single cotton yarn containing predominantly, but < 85% cotton by weight, of combed fibres and ...",0,0,0,0,0,0,0,0,0,0,0,0,,,,,,,,,,,,,,,0,0,0,0,0,0,0,4,0,0,0,0
'520959,"Woven fabrics of cotton, containing >= 85% cotton by weight and weighing > 200 g/m_, printed ...",0,14,16,0,0,7,0,0,0,0,0,0,,,,,,,,,,,,,,,109,88,85,34,45,102,46,295,99,33,65,15
'521011,"Plain woven fabrics of cotton, containing predominantly, but < 85% cotton by weight, mixed ...",0,0,0,0,0,0,0,0,0,0,0,0,,,,,,,,,,,,,,,19,9,12,31,3,101,15,34,22,11,0,46
'521112,"Woven fabrics of cotton, containing predominantly, but < 85% cotton by weight, mixed principally ...",0,0,0,0,0,0,0,0,0,0,0,0,,,,,,,,,,,,,,,0,0,0,0,0,0,1,0,11,0,13,0
'521224,"Woven fabrics of cotton, containing predominantly, but < 85% cotton by weight, other than those ...",0,0,0,0,0,0,0,0,0,0,0,0,,,,,,,,,,,,,,,1,3,13,40,19,35,45,11,4,1,6,2
'530130,"Flax tow and waste, incl. yarn waste and garnetted stock",0,0,0,0,0,0,0,0,0,0,0,0,,,,,,,,,,,,,,,450,645,555,286,237,208,601,219,205,0,451,0
'530210,"True hemp ""Cannabis sativa L."", raw or retted",0,0,0,0,0,0,0,0,0,0,0,0,,,,,,,,,,,,,,,0,0,0,0,0,0,20,0,0,0,0,0
'530720,"Multiple ""folded"" or cabled yarn of jute or of other textile bast fibres of heading 5303",0,0,0,0,0,0,0,0,0,0,0,0,,,,,,,,,,,,,,,3402,2129,389,682,1069,2937,2729,2607,3350,5268,3004,3077
'530810,"Coconut ""coir"" yarn",0,0,0,0,0,0,0,0,0,0,0,0,,,,,,,,,,,,,,,7,0,17,0,2,0,6,2,0,6,1,5
'540753,"Woven fabrics of yarn containing >= 85% by weight of textured polyester filaments, incl. monofilament ...",26,0,0,0,0,0,0,0,0,0,0,0,,,,,,,,,,,,,,,644,329,231,651,730,517,530,903,570,430,421,499
'540822,"Woven fabrics of yarn containing >= 85% artificial filament by weight, incl. monofilament of ...",0,0,6,0,0,0,0,0,0,0,0,0,,,,,,,,,,,,,,,294,258,388,318,736,558,289,571,260,372,373,260
'540831,"Woven fabrics of yarn containing predominantly, but < 85% artificial filament by weight, incl. ...",0,0,0,0,0,0,0,0,0,0,0,0,,,,,,,,,,,,,,,0,0,0,0,0,0,1,4,0,0,0,0
'550140,"Synthetic filament tow as specified in Note 1 to chapter 55, of polypropylene",0,0,0,0,0,0,0,0,0,0,0,0,,,,,,,,,,,,,,,0,0,38,0,37,0,43,0,43,0,0,0
'550620,"Staple fibres of polyesters, carded, combed or otherwise processed for spinning",0,1,0,0,0,1,0,2,0,14,0,0,,,,,,,,,,,,,,,68,259,122,126,112,195,245,384,172,192,271,154
'550932,"Multiple ""folded"" or cabled yarn containing >= 85% acrylic or modacrylic staple fibres by weight ...",0,0,0,0,0,0,0,0,0,0,0,0,,,,,,,,,,,,,,,409,655,649,610,559,699,304,669,519,588,640,384
'550942,"Multiple ""folded"" or cabled yarn containing >= 85% synthetic staple fibres by weight (excl. ...",0,0,68,0,0,0,0,0,0,0,0,0,,,,,,,,,,,,,,,467,283,162,159,145,304,83,48,183,228,92,350
'550969,"Yarn containing predominantly, but < 85% acrylic or modacrylic staple fibres by weight, other ...",0,0,0,0,9,0,0,0,0,0,0,0,,,,,,,,,,,,,,,2159,2721,3375,2264,1628,1764,1104,580,287,2258,2715,2368
'551012,"Multiple ""folded"" or cabled yarn containing >= 85% artificial staple fibres by weight (excl. ...",0,0,0,0,0,0,0,0,0,0,0,0,,,,,,,,,,,,,,,291,254,403,531,330,365,352,293,211,496,218,237
'551329,"Woven fabrics containing predominantly, but < 85% synthetic staple fibres by weight, mixed ...",5,0,0,0,0,0,0,0,0,0,0,0,,,,,,,,,,,,,,,70,195,28,42,69,153,8,38,179,20,48,36
'551429,"Woven fabrics containing predominantly, but < 85% synthetic staple fibres by weight, mixed ...",0,0,0,0,0,0,0,0,0,0,0,0,,,,,,,,,,,,,,,67,35,102,61,55,19,210,0,36,18,57,51
'551442,"Woven fabrics containing predominantly, but < 85% polyester staple fibres by weight, mixed ...",0,0,0,0,0,0,0,0,0,0,0,0,,,,,,,,,,,,,,,0,8,50,0,39,17,45,0,24,0,0,2
'551443,"Woven fabrics containing predominantly, but < 85% polyester staple fibres by weight, mixed ...",0,0,0,0,0,0,0,0,0,0,0,0,,,,,,,,,,,,,,,0,1,0,1,0,3,1,0,0,0,0,0
'551613,"Woven fabrics containing >= 85% artificial staple fibres by weight, made of yarn of different ...",0,0,0,0,0,0,0,0,0,0,0,0,,,,,,,,,,,,,,,138,365,557,288,351,143,564,57,200,133,188,126
'551642,"Woven fabrics containing predominantly, but < 85% artificial staple fibres by weight, mixed ...",0,0,0,0,0,0,0,0,0,0,0,0,,,,,,,,,,,,,,,18,87,60,33,12,64,33,19,382,46,128,41
'551644,"Woven fabrics containing predominantly, but < 85% artificial staple fibres by weight, mixed ...",0,0,0,0,0,0,0,0,0,0,0,0,,,,,,,,,,,,,,,0,0,10,0,0,0,0,8,182,0,6,0
'560313,"Nonwovens, whether or not impregnated, coated, covered or laminated, n.e.s., of man-made filaments, ...",0,0,0,17,0,0,0,36,0,2,0,0,,,,,,,,,,,,,,,3716,3167,4094,3109,3662,3952,2779,2234,3377,2594,2550,3129
'482090,"Blotting pads and similar articles of stationery, of paper and paperboard, and book covers ...",0,0,0,0,0,0,0,0,0,0,0,0,,,,,,,,,,,,,,,128,147,224,93,182,96,135,132,116,155,101,74
'482290,"Bobbins, spools, cops and similar supports of paper pulp, paper or paperboard, whether or not ...",0,0,0,0,0,0,0,0,0,0,1,0,,,,,,,,,,,,,,,175,242,528,231,285,692,421,537,439,338,422,458
'540248,"Filament yarn of polypropylene, incl. monofilament of < 67 decitex, single, untwisted or with ...",0,0,0,0,0,0,0,0,0,0,0,0,,,,,,,,,,,,,,,798,671,811,685,376,604,369,578,290,573,317,324
'540261,"Multiple ""folded"" or cabled filament yarn of nylon or other polyamides, incl. monofilament ...",0,0,0,0,0,0,0,0,0,0,0,0,,,,,,,,,,,,,,,135,17,79,66,190,93,234,399,75,98,40,109
'540333,"Filament yarn of cellulose acetate, incl. monofilament of < 67 decitex, single (excl. sewing ...",0,0,0,0,0,0,0,0,0,0,0,0,,,,,,,,,,,,,,,7,397,217,982,9,205,35,383,541,578,176,276
'540341,"Multiple ""folded"" or cabled filament yarn of viscose rayon, incl. monofilament of < 67 decitex ...",0,0,0,0,0,0,0,0,0,0,0,0,,,,,,,,,,,,,,,990,1100,623,953,1333,1034,947,773,663,541,318,426
'570110,"Carpets and other textile floor coverings, of wool or fine animal hair, knotted, whether or ...",0,0,0,0,0,0,0,0,0,0,0,0,,,,,,,,,,,,,,,94,101,183,41,80,86,61,318,32,106,47,15
'570232,"Carpets and other floor coverings, of man-made textile materials, woven, not tufted or flocked, ...",0,0,0,0,0,0,0,0,0,0,0,0,,,,,,,,,,,,,,,7,1,19,16,50,1,45,118,23,2,20,105
'570242,"Carpets and other floor coverings, of man-made textile materials, woven, not tufted or flocked, ...",0,0,0,0,0,0,0,0,0,0,0,0,,,,,,,,,,,,,,,597,700,926,1955,1476,1088,742,997,1181,1046,1186,982
'580500,"Hand-woven tapestries of the type Gobelin, Flanders, Aubusson, Beauvais and the like, and needle-worked ...",0,0,0,0,0,0,0,0,0,0,0,0,,,,,,,,,,,,,,,7,0,2,1,0,0,0,0,0,0,2,0
'600539,"Printed warp knit fabrics of synthetic fibres ""incl. those made on galloon knitting machines"", ...",0,0,0,0,0,0,0,9,98,0,0,0,,,,,,,,,,,,,,,4153,5230,6255,4413,3456,3097,4205,3146,3063,3026,3251,1912
'600541,"Unbleached or bleached warp knit fabrics of artificial fibres ""incl. those made on galloon ...",0,0,0,0,0,0,0,0,0,0,0,0,,,,,,,,,,,,,,,6,15,0,15,11,1,2,0,6,2,0,0
'610310,"Men's or boys' suits of textile materials, knitted or crocheted (excl. tracksuits, ski suits ...",0,0,0,0,0,31,0,0,0,0,0,0,,,,,,,,,,,,,,,5,3,5,22,155,42,3,6,9,4,85,7
'610322,"Men's or boys' ensembles of cotton, knitted or crocheted (excl. ski ensembles and swimwear)",0,0,15,0,0,0,2,0,0,0,0,0,,,,,,,,,,,,,,,38,35,52,49,68,116,249,99,65,51,75,47
'610339,"Men's or boys' jackets and blazers of textile materials (excl. of wool, fine animal hair, cotton ...",0,0,0,47,0,0,0,0,94,0,0,0,,,,,,,,,,,,,,,7,5,26,89,70,305,105,68,106,7,12,12
'610441,"Women's or girls' dresses of wool or fine animal hair, knitted or crocheted (excl. petticoats)",0,0,0,3,0,0,0,0,0,0,0,0,,,,,,,,,,,,,,,9,1,3,22,8,10,1,6,1,2,3,2
'610729,"Men's or boys' nightshirts and pyjamas of textile materials, knitted or crocheted (excl. of ...",0,0,0,0,0,0,0,0,0,0,0,0,,,,,,,,,,,,,,,2,1,0,0,51,1,0,0,0,19,2,1
'610799,"Men's or boys' bathrobes, dressing gowns and similar articles of textile materials, knitted ...",0,0,0,0,0,0,0,0,0,0,0,0,,,,,,,,,,,,,,,12,3,6,10,9,11,18,22,6,1,10,12
'611219,"Track-suits of textile materials, knitted or crocheted (excl. cotton or synthetic fibres)",0,0,0,0,0,0,0,0,0,0,0,0,,,,,,,,,,,,,,,1,29,2,3,43,49,3,2,8,3,1,0
'611594,"Full-length or knee-length stockings, socks and other hosiery, incl. footwear without applied ...",0,0,0,0,0,0,0,0,0,0,0,0,,,,,,,,,,,,,,,5,13,62,8,2,7,7,4,39,3,1,9
'620411,"Women's or girls' suits of wool or fine animal hair (excl. knitted or crocheted, ski overalls ...",0,0,0,0,0,0,0,0,0,0,0,0,,,,,,,,,,,,,,,0,0,0,1,0,1,0,0,0,0,1,0
'620449,"Women's or girls' dresses of textile materials (excl. of wool, fine animal hair, cotton or ...",69,0,0,0,14,0,0,0,0,0,0,0,,,,,,,,,,,,,,,676,390,548,443,88,178,186,350,308,939,238,991
'620451,Women's or girls' skirts and divided skirts of wool or fine animal hair (excl. knitted or crocheted ...,0,0,0,0,0,0,0,0,0,0,0,0,,,,,,,,,,,,,,,5,9,3,10,11,29,5,11,14,6,5,7
'620311,"Men's or boys' suits of wool or fine animal hair (excl. knitted or crocheted, tracksuits, ski ...",0,0,0,0,0,0,0,0,0,0,0,0,,,,,,,,,,,,,,,32,265,351,177,137,126,242,150,233,184,137,87
'620322,"Men's or boys' ensembles of cotton (excl. knitted or crocheted, ski ensembles and swimwear)",0,0,0,0,0,0,0,0,0,0,0,0,,,,,,,,,,,,,,,11,6,9,9,15,9,6,9,14,14,40,30
'621132,"Men's or boys' tracksuits and other garments, n.e.s. of cotton (excl. knitted or crocheted)",0,0,0,1,32,0,0,0,0,0,0,0,,,,,,,,,,,,,,,28,50,60,59,41,31,5,16,9,9,4,22
'621430,"Shawls, scarves, mufflers, mantillas, veils and similar articles of synthetic fibres (excl. ...",1,0,0,0,0,0,0,0,0,0,0,0,,,,,,,,,,,,,,,238,240,209,400,353,406,374,399,337,282,290,92
'621440,"Shawls, scarves, mufflers, mantillas, veils and similar articles of artificial fibres (excl. ...",0,0,0,0,0,0,0,0,0,0,0,0,,,,,,,,,,,,,,,2,3,65,11,22,26,18,102,19,17,37,15
'621520,"Ties, bow ties and cravats of man-made fibres (excl. knitted or crocheted)",0,0,0,0,0,0,0,0,0,0,0,0,,,,,,,,,,,,,,,5,12,85,1,76,2,8,14,7,9,25,3
'621710,"Made-up clothing accessories, of all types of textile materials, n.e.s. (excl. knitted or ...",0,0,0,1,0,2,26,27,63,0,0,0,,,,,,,,,,,,,,,278,479,1096,538,643,698,410,715,519,522,531,426
'630231,"Bedlinen of cotton (excl. printed, knitted or crocheted)",0,0,0,0,0,0,0,0,0,0,0,0,,,,,,,,,,,,,,,1974,100,62,77,231,296,162,200,177,67,154,114
'630293,"Toilet linen and kitchen linen of man-made fibres (excl. floorcloths, polishing cloths, dishcloths ...",0,0,0,0,0,0,0,0,0,2,0,0,,,,,,,,,,,,,,,1592,1247,1284,1489,1676,1514,1806,1691,1827,2230,1975,1656
'630419,"Bedspreads of all types of textile materials (excl. knitted or crocheted, bedlinen, quilts ...",0,0,0,0,0,0,0,0,0,0,0,0,,,,,,,,,,,,,,,2616,2246,2599,4298,5882,4680,5042,2685,1964,3299,2621,2337
'630420,"Bed nets, warp knit, antimalarial",0,0,0,0,0,0,0,0,0,0,0,0,,,,,,,,,,,,,,,0,0,0,0,0,0,0,0,1,1,2,0
'630491,"Articles for interior furnishing, knitted or crocheted (excl. blankets and travelling rugs, ...",0,0,0,0,0,0,0,0,0,0,0,0,,,,,,,,,,,,,,,168,162,44,61,50,84,147,2,15,237,92,4
'630493,"Articles for interior furnishing, of synthetic fibres (excl. knitted or crocheted, blankets ...",0,0,0,0,0,40,15,0,0,0,0,0,,,,,,,,,,,,,,,120,133,322,116,247,280,348,248,503,649,433,182
'630619,"Tarpaulins, awnings and sunblinds of textile materials (excl. of synthetic fibres and flat ...",0,0,0,0,0,0,0,0,0,0,0,0,,,,,,,,,,,,,,,355,124,156,101,106,193,113,156,477,723,561,345
'640320,"Footwear with outer soles of leather, and uppers which consist of leather straps across the ...",0,0,0,0,0,0,0,0,0,0,0,0,,,,,,,,,,,,,,,52,71,113,57,35,130,115,36,7,0,2,0
'650200,"Hat-shapes, plaited or made by assembling strips of any material (excl. blocked to shape, with ...",0,0,0,0,0,0,0,0,0,0,0,0,,,,,,,,,,,,,,,6,7,2,9,19,34,29,38,7,7,2,7
'670100,"Skins and other parts of birds with their feathers or down, feathers, parts of feathers, down ...",0,0,0,0,0,0,0,0,0,0,0,0,,,,,,,,,,,,,,,0,0,44,0,373,283,0,0,0,0,1,10
'670420,"Wigs, false beards, eyebrows and eyelashes, switches and the like, of human hair, and articles ...",0,0,0,0,0,0,0,0,0,0,0,0,,,,,,,,,,,,,,,178,319,297,276,67,69,206,131,115,104,216,80
'680919,"Boards, sheets, panels, tiles and similar articles, of plaster or compositions based on plaster ...",0,0,0,0,0,0,0,0,0,0,0,0,,,,,,,,,,,,,,,2513,2420,1969,1496,1211,1983,1433,1561,1936,895,1402,1330
'681512,"Fabrics of carbon fibres, for non-electrical purposes",0,0,0,0,0,0,0,0,0,0,0,0,,,,,,,,,,,,,,,250,656,308,710,566,319,427,557,666,879,1098,712
'690310,"Retorts, crucibles, mufflers, nozzles, plugs, supports, cupels, tubes, pipes, sheaths, rods, ...",0,0,0,0,0,0,0,0,0,0,0,0,,,,,,,,,,,,,,,135,98,50,192,138,139,0,19,21,19,145,106
'701965,"Open woven fabrics of glass fibres, of a width <= 30 cm",0,0,0,0,0,0,0,0,0,0,0,0,,,,,,,,,,,,,,,0,8,34,13,43,43,12,19,50,39,58,14
'710210,"Diamonds, unsorted",0,0,0,0,0,0,0,0,0,0,0,0,,,,,,,,,,,,,,,20195,13079,8531,5459,16319,7549,4663,6046,7261,7034,9936,7952
'710221,"Industrial diamonds unworked or simply sawn, cleaved or bruted",0,0,0,0,0,0,0,0,0,0,0,0,,,,,,,,,,,,,,,16806,9436,19618,6620,5203,4997,16808,11391,5218,6286,9267,8969
'710231,"Non-industrial diamonds unworked or simply sawn, cleaved or bruted (excl. industrial diamonds)",0,0,0,0,0,0,0,0,0,0,0,0,,,,,,,,,,,,,,,1031676,890123,1117722,821553,879927,367033,938992,896619,646141,783469,719456,802929
'710491,"Diamonds, synthetic or reconstructed, worked, whether or not graded but not strung, mounted ...",0,0,0,3,0,0,0,0,0,0,0,0,,,,,,,,,,,,,,,4496,8475,11684,4370,13437,13596,11217,5061,4130,3275,27858,6246
'710691,"Silver, incl. silver plated with gold or platinum, unwrought (excl. silver in powder form)",0,0,0,0,0,0,0,0,0,0,0,0,,,,,,,,,,,,,,,54270,41188,23229,29656,125745,346197,119486,73199,73222,20386,12784,13949
'710813,"Gold, incl. gold plated with platinum, in semi-manufactured forms, for non-monetary purposes",0,0,0,0,0,0,0,0,0,0,0,0,,,,,,,,,,,,,,,17948,20517,30712,38726,15199,21052,14275,11926,15730,17822,21906,23148
'711021,"Palladium, unwrought or in powder form",0,0,0,0,0,0,0,0,0,0,0,0,,,,,,,,,,,,,,,730,6312,2964,2154,1720,2412,571,6363,5087,1255,12272,21600
'711041,"Iridium, osmium and ruthenium, unwrought or in powder form",0,0,0,0,0,0,0,0,0,0,0,0,,,,,,,,,,,,,,,1798,292,616,295,1359,940,92,470,47,240,236,0
'711299,"Waste and scrap of silver, incl. metal clad with silver, and other waste and scrap containing ...",0,0,0,0,0,0,0,0,0,0,0,0,,,,,,,,,,,,,,,0,5428,6314,2733,16189,1853,1403,1486,1727,0,0,46479
'711319,"Articles of jewellery and parts thereof, of precious metal other than silver, whether or not ...",0,57,85,11,0,0,0,188,0,0,0,0,,,,,,,,,,,,,,,101352,191604,109788,93319,177311,360558,910335,385418,149200,263779,1230328,505043
'720529,"Powders, of pig iron, spiegeleisen, iron or non-alloy steel (excl. powders of ferro-alloys ...",0,0,0,0,0,0,0,0,0,0,0,0,,,,,,,,,,,,,,,4003,3304,3845,3076,3467,2487,4664,2283,2895,2492,2790,3166
'720840,"Flat-rolled products of iron or non-alloy steel, of a width of >= 600 mm, not in coils, simply ...",0,0,0,0,0,0,0,0,0,0,0,0,,,,,,,,,,,,,,,16,0,0,43,0,0,108,0,6,2,0,0
'720851,"Flat-rolled products of iron or non-alloy steel, of a width >= 600 mm, not in coils, simply ...",0,0,0,0,0,0,0,0,0,0,0,0,,,,,,,,,,,,,,,29134,27837,36044,55342,49778,32293,66544,70158,34135,51288,17343,26344
'720852,"Flat-rolled products of iron or non-alloy steel, of a width of >= 600 mm, not in coils, simply ...",0,0,0,0,0,0,0,0,0,0,0,0,,,,,,,,,,,,,,,4932,577,274,10950,799,2297,616,2368,536,109,36,240
'720854,"Flat-rolled products of iron or non-alloy steel, of a width of >= 600 mm, not in coils, simply ...",0,0,0,0,0,0,0,0,0,0,0,0,,,,,,,,,,,,,,,1,0,239,23,0,386,2,61,0,121,17,3
'721011,"Flat-rolled products of iron or non-alloy steel, of a width of >= 600 mm, hot-rolled or cold-rolled ...",0,0,0,0,0,0,0,0,0,0,0,0,,,,,,,,,,,,,,,0,0,0,2,9,34,0,12,0,0,0,0
'721090,"Flat-rolled products of iron or non-alloy steel, of a width of >= 600 mm, hot-rolled or cold-rolled ...",0,0,0,0,0,0,0,0,0,0,0,0,,,,,,,,,,,,,,,4793,3942,9701,3739,2933,1332,2583,4250,3693,2968,1529,5810
'721250,"Flat-rolled products of iron or non-alloy steel, of a width of < 600 mm, hot-rolled or cold-rolled ...",0,0,0,0,0,9,0,0,0,0,0,0,,,,,,,,,,,,,,,4061,2290,3790,5520,2875,3373,3067,2775,2475,2746,4467,3070
'721260,"Flat-rolled products of iron or non-alloy steel, of a width of < 600 mm, hot-rolled or cold-rolled ...",0,0,0,0,0,0,0,0,0,0,0,0,,,,,,,,,,,,,,,3776,1901,4521,4830,3824,3684,3202,2947,3902,1258,3009,3977
'721590,"Bars or rods, of iron or non-alloy steel, cold-formed or cold-finished and further worked or ...",0,0,0,0,0,0,0,0,0,0,0,0,,,,,,,,,,,,,,,574,137,548,525,245,546,230,389,385,409,402,304
'721622,"T sections of iron or non-alloy steel, not further worked than hot-rolled, hot-drawn or extruded, ...",0,0,0,0,0,0,0,0,0,0,0,0,,,,,,,,,,,,,,,0,0,0,17,0,0,0,0,0,0,0,0
'721631,"U sections of iron or non-alloy steel, not further worked than hot-rolled, hot-drawn or hot-extruded, ...",0,0,0,0,0,0,0,0,0,0,0,0,,,,,,,,,,,,,,,655,56,496,338,1385,293,549,122,45,177,65,0
'721650,"Sections of iron or non-alloy steel, not further worked than hot-rolled, hot-drawn or hot-extruded ...",0,0,0,0,0,0,0,0,0,0,0,0,,,,,,,,,,,,,,,911,21,20,587,534,93,53,71,42,216,25,21
'721699,"Angles, shapes and sections, of iron or non-alloy steel, cold-formed or cold-finished and further ...",0,0,0,0,0,0,0,0,0,0,0,0,,,,,,,,,,,,,,,63,10,21,303,101,54,164,237,203,75,13,139
'721710,"Wire of iron or non-alloy steel, in coils, not plated or coated, whether or not polished (excl. ...",0,20,0,0,0,0,0,20,0,19,0,0,,,,,,,,,,,,,,,1484,945,682,621,1059,665,1150,1571,1152,405,744,1325
'721720,"Wire of iron or non-alloy steel, in coils, plated or coated with zinc (excl. bars and rods)",0,0,0,0,0,0,0,0,0,0,0,0,,,,,,,,,,,,,,,5050,1196,1175,796,4422,751,114,2985,414,445,499,1081
'721899,Semi-finished products of stainless steel (excl. of rectangular [other than square] cross-section),0,0,0,0,299,157,317,0,0,0,0,0,,,,,,,,,,,,,,,2227,6106,5219,25637,10002,2779,29129,5753,29417,35393,2991,7285
'721914,"Flat-rolled products of stainless steel, of a width of >= 600 mm, not further worked than hot-rolled, ...",0,0,0,0,0,0,0,0,0,0,0,0,,,,,,,,,,,,,,,1838,1151,3272,1366,3489,1501,4579,5304,2814,307,262,384
'721924,"Flat-rolled products of stainless steel, of a width of >= 600 mm, not further worked than hot-rolled, ...",0,0,0,0,0,0,0,0,0,0,0,0,,,,,,,,,,,,,,,123,683,398,669,41,242,34,38,174,307,84,91
'722300,"Wire of stainless steel, in coils (excl. bars and rods)",0,0,0,0,0,0,0,0,0,0,0,0,,,,,,,,,,,,,,,2957,3852,3986,2302,1806,2926,2903,3104,4357,3675,3631,3363
'690723,"Ceramic flags and paving, hearth or wall tiles, of a water absorption coefficient by weight ...",0,0,0,0,0,0,0,0,0,0,0,0,,,,,,,,,,,,,,,323,316,418,292,219,201,233,359,304,206,246,282
'700320,"Cast glass and rolled glass, in wired sheets, whether or not with absorbent, reflecting or ...",0,0,0,0,0,0,0,0,0,0,0,0,,,,,,,,,,,,,,,0,24,29,46,0,40,0,2,0,19,39,40
'701190,"Glass envelopes, incl. bulbs and tubes, open, and glass parts thereof, without fittings, for ...",0,0,0,0,0,0,0,0,0,0,0,0,,,,,,,,,,,,,,,179,105,130,83,149,154,128,101,119,131,116,84
'701310,"Glassware of glass ceramics, of a kind used for table, kitchen, toilet, office, indoor decoration ...",0,0,0,0,0,0,0,0,0,0,0,0,,,,,,,,,,,,,,,94,223,115,212,160,89,147,82,268,119,97,246
'711890,Coin of legal tender,0,0,0,0,0,0,0,0,0,0,0,0,,,,,,,,,,,,,,,0,0,0,0,0,0,0,0,0,10,0,0
'720150,"Alloy pig iron and spiegeleisen, in pigs, blocks or other primary forms",0,0,0,0,0,0,0,0,0,0,0,0,,,,,,,,,,,,,,,7803,4818,846,1753,8539,2757,185,189,143,895,293,0
'720291,Ferro-titanium and ferro-silico-titanium,0,0,0,0,0,0,0,0,0,0,0,0,,,,,,,,,,,,,,,93,368,1111,2822,1033,921,1616,1708,446,483,25,1
'720293,Ferro-niobium,0,0,0,0,0,0,0,0,0,0,0,0,,,,,,,,,,,,,,,24237,20323,16032,13598,22024,14770,13530,20911,19095,10557,14760,11313
'722530,"Flat-rolled products of alloy steel other than stainless, of a width of >= 600 mm, not further ...",0,0,0,0,0,0,0,0,0,0,0,0,,,,,,,,,,,,,,,14837,13862,14356,16458,24428,13626,16020,31289,17660,28327,12028,16818
'722540,"Flat-rolled products of alloy steel other than stainless, of a width of >= 600 mm, not further ...",0,0,0,0,0,0,0,0,0,0,0,0,,,,,,,,,,,,,,,10790,25230,11241,10165,8800,9694,10954,9583,12936,13227,14265,29014
'722611,"Flat-rolled products of silicon-electrical steel, of a width of < 600 mm, hot-rolled or cold-rolled ...",0,0,0,0,0,0,0,0,0,0,0,0,,,,,,,,,,,,,,,594,1138,428,987,1464,1292,1107,471,1364,1029,698,977
'730300,"Tubes, pipes and hollow profiles, of cast iron",0,0,0,0,0,0,0,0,0,0,0,0,,,,,,,,,,,,,,,822,108,461,48,9,8,5,19,25,18,6,123
'730419,"Line pipe of a kind used for oil or gas pipelines, seamless, of iron or steel (excl. products ...",0,0,0,0,0,0,0,0,0,0,0,0,,,,,,,,,,,,,,,3021,1212,866,1984,1665,3577,4296,4868,3571,3411,2633,1508
'730449,"Tubes, pipes and hollow profiles, seamless, of circular cross-section, of stainless steel, ...",0,0,0,0,0,0,0,0,0,0,4,0,,,,,,,,,,,,,,,1463,1259,850,3517,1871,2074,2693,2500,4259,1216,1201,2296
'730539,"Tubes and pipes having circular cross-sections and an external diameter of > 406,4 mm, of iron ...",0,0,0,0,0,0,0,0,0,0,0,0,,,,,,,,,,,,,,,0,2,0,0,0,188,1,0,0,4,0,2971
'730619,"Line pipe of a kind used for oil or gas pipelines, welded, of flat-rolled products of iron ...",0,0,0,0,0,0,0,0,0,0,0,0,,,,,,,,,,,,,,,118,104,641,177,134,414,222,221,219,279,205,160
'731290,"Plaited bands, slings and the like, of iron or steel (excl. electrically insulated products)",436,903,913,780,471,751,95,0,0,23,0,0,,,,,,,,,,,,,,,7534,9236,9048,6663,7874,6465,2334,2440,3969,2264,2754,3251
'731512,Articulated link chain of iron or steel (excl. roller chain),0,0,0,0,0,0,0,0,0,0,0,0,,,,,,,,,,,,,,,1517,1600,2094,1947,1196,1710,1921,1750,1820,1714,1174,1560
'731520,"Skid chain for motor vehicles, of iron or steel",0,0,0,0,0,0,0,0,0,0,0,0,,,,,,,,,,,,,,,5,14,17,0,3,16,0,4,2,0,18,10
'731600,"Anchors, grapnels and parts thereof, of iron or steel",0,0,0,0,0,0,0,0,0,0,0,0,,,,,,,,,,,,,,,116,101,318,279,285,279,116,191,355,526,314,104
'732290,"Air heaters and hot-air distributors, incl. distributors which can also distribute fresh or ...",0,0,0,0,0,0,0,3,0,0,0,0,,,,,,,,,,,,,,,114,51,247,35,10,379,122,220,1,75,26,57
'740313,"Copper, refined, in the form of billets",0,0,0,0,0,0,0,0,0,0,0,0,,,,,,,,,,,,,,,989,1542,1894,2473,1678,2624,1488,2387,2747,2282,1278,2065
'740400,"Waste and scrap, of copper (excl. ingots or other similar unwrought shapes, of remelted copper ...",0,0,0,0,0,0,0,0,0,0,0,0,,,,,,,,,,,,,,,209679,263749,321725,297904,308798,329582,284807,282695,352662,315320,259860,319533
'741021,"Refined copper foil, backed, of a thickness ""excl. any backing"" of <= 0,15 mm (excl. stamping ...",7,0,0,0,0,0,0,0,0,0,0,0,,,,,,,,,,,,,,,5823,5955,8994,6405,6631,8642,7352,7821,9401,9226,9960,7416
'741529,"Rivets, cotters, cotter pins and the like, not threaded, of copper (excl. spring washers and ...",0,0,0,0,0,0,0,0,0,0,0,0,,,,,,,,,,,,,,,1073,599,483,973,650,1059,1053,866,659,615,553,547
'750300,"Waste and scrap, of nickel (excl. ingots or other similar unwrought shapes, of remelted nickel ...",0,0,0,0,0,0,0,0,0,0,0,0,,,,,,,,,,,,,,,3572,4472,4140,4527,3706,4230,5648,4361,3061,3557,2498,2663
'750620,"Plates, sheets, strip and foil, of nickel alloys (excl. expanded plates, sheets or strip)",0,0,0,0,0,0,0,0,0,0,0,0,,,,,,,,,,,,,,,7364,12669,11024,10552,11281,13267,12368,12665,10921,7355,7527,11742
'750711,Tubes and pipes of non-alloy nickel,0,0,0,0,0,0,0,0,0,0,0,0,,,,,,,,,,,,,,,165,2659,0,216,0,197,213,149,795,20,23,155
'760421,"Hollow profiles of aluminium alloys, n.e.s.",0,0,0,0,0,0,0,0,0,0,0,0,,,,,,,,,,,,,,,6095,6561,6900,7386,6275,7746,4821,5293,6549,5564,6887,5941
'760900,"Aluminium tube or pipe fittings ""e.g., couplings, elbows, sleeves""",0,0,0,0,0,0,0,0,0,0,0,0,,,,,,,,,,,,,,,1491,1857,1104,1535,1017,1808,1389,1146,940,1796,1626,1588
'761300,Aluminium containers for compressed or liquefied gas,0,0,0,0,0,0,0,0,0,0,0,0,,,,,,,,,,,,,,,1784,2841,1286,2443,187219,2169,2557,1546,2103,802,706,1189
'761410,"Stranded wire, cables, plaited bands and the like, of aluminium, with steel core (excl. such ...",0,0,0,0,0,0,0,0,0,0,0,0,,,,,,,,,,,,,,,1,1,0,1,1,0,1,1,0,185,0,0
'810199,"Articles of tungsten, n.e.s.",0,0,0,0,0,0,0,0,0,0,0,0,,,,,,,,,,,,,,,1134,1011,1234,1139,1345,866,1391,1143,2206,1977,2093,2396
'810299,"Articles of molybdenum, n.e.s.",0,0,0,0,0,0,0,0,0,0,0,0,,,,,,,,,,,,,,,509,107,649,492,250,460,206,142,651,667,332,232
'810399,"Articles of tantalum, n.e.s.",0,0,0,0,0,0,0,0,0,0,0,0,,,,,,,,,,,,,,,142,42,97,153,129,120,41,103,59,328,257,312
'810520,Cobalt mattes and other intermediate products of cobalt metallurgy; unwrought cobalt; cobalt ...,0,0,0,0,0,15,0,0,0,0,0,0,,,,,,,,,,,,,,,5659,3008,3887,3805,4557,3815,7237,6621,5251,3463,3136,3209
'811221,Unwrought chromium; chromium powders,0,0,0,0,0,0,0,0,0,0,0,0,,,,,,,,,,,,,,,2805,1201,3450,2256,1931,2659,1996,4014,1919,1906,2362,1784
'811292,"Unwrought niobium ""columbium"", gallium, indium, vanadium and germanium; powders and waste and ...",0,0,0,0,0,0,0,0,0,0,0,0,,,,,,,,,,,,,,,0,20,0,0,0,0,0,0,0,0,0,0
'820231,"Circular saw blades, incl. slitting or slotting saw blades, of base metal, with working parts ...",0,0,0,0,0,0,0,0,0,0,0,0,,,,,,,,,,,,,,,1713,807,1698,1307,2041,1405,1109,932,1410,1300,837,953
'730840,"Equipment for scaffolding, shuttering, propping or pit-propping (excl. composite sheetpiling ...",0,0,0,0,0,0,6,0,0,0,0,0,,,,,,,,,,,,,,,4018,3836,4120,4157,4681,3922,3258,2003,2145,2045,2519,2669
'731010,"Tanks, casks, drums, cans, boxes and similar containers, of iron or steel, for any material, ...",0,0,31,0,0,0,0,0,0,0,0,0,,,,,,,,,,,,,,,948,529,508,395,494,508,1362,991,537,640,1371,1093
'820560,Blowlamps and the like (excl. gas-powered blowlamps),0,0,0,0,0,0,0,0,0,0,0,0,,,,,,,,,,,,,,,1,2,9,5,2,1,3,19,1,10,0,4
'820719,"Rock-drilling or earth-boring tools, interchangeable, and parts therefor, with working parts ...",0,0,0,0,0,0,0,0,0,0,0,0,,,,,,,,,,,,,,,4107,5456,4384,3592,4436,4587,5791,3796,6094,5841,3071,3849
'820750,"Tools for drilling, interchangeable (excl. rock-drilling or earth-boring tools and tools for ...",60,0,0,0,0,0,74,0,48,96,0,0,,,,,,,,,,,,,,,6039,5921,7079,6221,7049,6525,7081,7025,7218,6006,7663,5477
'820890,"Knives and cutting blades, of base metal, for machines or for mechanical appliances (excl. ...",0,0,10,0,0,0,0,0,0,0,0,0,,,,,,,,,,,,,,,2996,3618,3909,3647,4659,4840,7594,3543,3170,3342,3477,3754
'821110,Sets of assorted articles of knives of heading 8211; sets in which there is a higher number ...,0,0,0,0,0,0,0,0,0,0,0,0,,,,,,,,,,,,,,,68,51,188,83,163,80,68,50,34,30,145,22
'821195,"Handles of base metal for table knives, pocket knives and other knives of heading 8211",0,0,0,0,0,0,0,0,0,0,0,0,,,,,,,,,,,,,,,113,61,174,121,24,9,34,64,35,66,9,2
'841581,Air conditioning machines incorporating a refrigerating unit and a valve for reversal of the ...,0,0,0,0,0,0,0,0,0,0,0,0,,,,,,,,,,,,,,,372,597,889,592,400,1285,1209,843,2729,2124,2550,3152
'841583,"Air conditioning machines comprising a motor-driven fan, not incorporating a refrigerating ...",0,0,0,0,0,0,0,0,0,0,0,0,,,,,,,,,,,,,,,4859,5838,2511,3435,1892,2532,3058,2455,3684,4592,5144,2643
'841610,Furnace burners for liquid fuel,0,0,1,0,0,0,0,0,0,0,0,0,,,,,,,,,,,,,,,77,297,650,155,695,957,398,554,995,366,230,760
'841710,"Industrial or laboratory furnaces and ovens, non-electric, for the roasting, melting or other ...",0,0,0,0,0,0,0,0,81,0,0,0,,,,,,,,,,,,,,,35157,11293,18505,20867,13494,30647,9024,27983,29933,22714,30156,4977
'841912,Solar water heaters,0,0,0,0,0,0,0,0,0,0,0,0,,,,,,,,,,,,,,,0,0,7,0,0,0,0,0,0,0,0,0
'841919,"Instantaneous or storage water heaters, non-electric (excl. instantaneous gas water heaters, ...",0,0,0,0,0,0,0,0,0,0,0,0,,,,,,,,,,,,,,,100,2,63,218,27,138,124,24,75,37,43,27
'841939,"Dryers (excl. lyophilisation apparatus, freeze drying units, spray dryers, dryers for agricultural ...",22,0,0,15,0,5,0,0,0,0,0,0,,,,,,,,,,,,,,,6248,3957,11433,4586,3260,8809,6340,6567,20517,11126,8215,7557
'841940,Distilling or rectifying plant,0,0,0,0,0,0,0,0,0,0,0,0,,,,,,,,,,,,,,,1785,899,8049,914,1572,8525,6311,1255,1289,7546,9041,5437
'842123,Oil or petrol-filters for internal combustion engines,0,0,0,0,0,0,0,0,0,0,1,0,,,,,,,,,,,,,,,12384,10545,12881,11011,11742,9580,10527,11089,8878,10794,10143,11303
'842129,Machinery and apparatus for filtering or purifying liquids (excl. such machinery and apparatus ...,0,0,0,0,0,8,34,0,0,0,2,0,,,,,,,,,,,,,,,29642,20604,25355,20271,23009,28930,28881,30674,22381,25651,29958,29293
'840729,"Spark-ignition reciprocating or rotary engines, for marine propulsion (excl. outboard motors)",0,0,0,0,0,0,0,0,0,0,0,0,,,,,,,,,,,,,,,7984,300,925,0,6,64,14,108,0,0,15,12
'841011,"Hydraulic turbines and water wheels, of a power <= 1.000 kW (excl. hydraulic power engines ...",0,0,0,0,0,0,0,0,0,0,0,0,,,,,,,,,,,,,,,0,0,0,3,0,0,0,0,1,0,0,0
'841111,Turbojets of a thrust <= 25 kN,0,0,0,0,0,57,0,0,0,0,0,0,,,,,,,,,,,,,,,246,685,682,868,1132,426,203,198,1235,598,9122,1270
'841311,"Pumps fitted or designed to be fitted with a measuring device, for dispensing fuel or lubricants, ...",0,0,0,0,0,11,0,0,0,0,0,0,,,,,,,,,,,,,,,556,286,554,500,420,458,320,313,375,204,291,338
'821510,"Sets of spoons, forks or other articles of heading 8215, which may also contain up to an equivalent ...",0,0,0,0,0,0,0,0,0,0,0,0,,,,,,,,,,,,,,,12,20,16,16,31,32,20,66,21,22,9,11
'842381,Weighing machinery having a maximum weighing capacity <= 30 kg (excl. balances of a sensitivity ...,1,0,0,0,0,0,0,0,0,0,0,0,,,,,,,,,,,,,,,350,262,332,315,276,447,294,603,467,497,382,223
'842649,"Mobile cranes and works trucks fitted with a crane, self-propelled (excl. those on tyres and ...",0,0,1670,0,0,0,0,0,0,0,3406,0,,,,,,,,,,,,,,,66213,32378,22924,7899,25716,20556,36900,35957,19189,17813,19340,22816
'842952,"Self-propelled mechanical shovels, excavators and shovel loaders, with a 360° revolving su ...",0,0,0,0,0,0,0,0,0,0,0,0,,,,,,,,,,,,,,,14423,16644,11250,5771,12307,17606,28022,31542,12962,15030,31039,16880
'843139,"Parts of machinery of heading 8428, n.e.s.",4,21,1,7,3,0,12,2,0,0,115,0,,,,,,,,,,,,,,,29486,29382,32731,24275,29877,29865,29763,27602,21918,29798,23417,23433
'843210,"Ploughs for use in agriculture, horticulture or forestry",0,0,0,0,0,0,0,0,0,0,0,0,,,,,,,,,,,,,,,703,861,1328,1417,571,1042,630,693,1149,587,160,508
'843229,"Harrows, scarifiers, cultivators, weeders and hoes for use in agriculture, horticulture or ...",0,0,0,0,0,0,0,0,0,0,0,0,,,,,,,,,,,,,,,8026,7644,8120,7022,6728,6378,5731,5567,7661,6917,7082,4680
'843241,Manure spreaders (excl. sprayers),0,0,0,0,0,0,0,0,0,0,0,0,,,,,,,,,,,,,,,27,0,0,22,0,10,27,10,4,0,11,3
'843330,Haymaking machinery (excl. mowers),0,0,0,0,0,0,0,0,0,0,0,0,,,,,,,,,,,,,,,86,185,501,349,1085,460,261,411,310,85,281,135
'843590,"Parts of presses, crushers and similar machinery used in the manufacture of wine, cider, fruit ...",0,0,0,0,0,0,0,0,0,0,0,0,,,,,,,,,,,,,,,35,35,6,31,40,35,10,26,4,0,27,9
'845650,Water-jet cutting machines,0,0,0,0,0,0,0,0,0,0,0,0,,,,,,,,,,,,,,,277,248,445,729,386,128,79,1565,418,219,599,84
'845819,"Horizontal lathes, incl. turning centres, for removing metal, not numerically controlled",19,0,0,0,139,0,5,0,0,0,0,0,,,,,,,,,,,,,,,1102,1824,2146,1566,2444,8948,1329,2289,1275,2333,1592,1305
'845951,"Milling machines for metals, knee-type, numerically controlled",6,0,0,0,0,0,5,0,0,0,93,0,,,,,,,,,,,,,,,911,266,1042,6572,163,492,2138,1004,671,248,1639,140
'845969,"Milling machines for metals, not numerically controlled (excl. way-type unit head machines, ...",0,0,0,0,0,0,0,0,0,0,0,0,,,,,,,,,,,,,,,6798,1648,1748,1027,1371,1112,609,965,2520,1233,1050,3548
'846290,"Machine tools, incl. presses, for working metal by forging, hammering or die forging (excl. ...",0,0,0,96,0,0,0,10,0,1118,53,0,,,,,,,,,,,,,,,31389,11045,6975,14973,11672,9024,11642,9120,12820,13303,7105,10533
'846310,"Draw-benches for metal bars, tubes, profiles, wire or the like",0,0,0,0,0,0,0,0,0,0,0,0,,,,,,,,,,,,,,,4008,11192,7009,4864,3144,2950,3917,2807,6455,2412,3448,2637
'846320,"Thread rolling machines, for working metal",0,0,0,0,0,0,0,0,9,0,0,0,,,,,,,,,,,,,,,684,533,2456,1140,1029,1374,486,1055,1164,1115,1145,1127
'844621,"Power looms for weaving fabrics of a width > 30 cm, shuttle type",0,0,0,0,0,0,0,0,0,0,0,0,,,,,,,,,,,,,,,53,48,19,72,82,20,405,0,1792,22,724,0
'844900,"Machinery for the manufacture or finishing of felt or nonwovens in the piece or in shapes, ...",0,0,0,0,0,0,0,0,0,112,0,0,,,,,,,,,,,,,,,5155,4122,5619,5514,3752,8356,3893,8556,3498,14262,7352,3801
'845012,"Household or laundry-type washing machines, with built-in centrifugal drier (excl. fully-automatic ...",0,0,0,0,0,0,0,0,0,0,0,0,,,,,,,,,,,,,,,0,2,2,0,5,2,11,0,0,7,0,14
'843930,Machinery for finishing paper or paperboard (excl. calenders),0,0,127,0,0,0,0,0,0,0,0,0,,,,,,,,,,,,,,,1164,2396,2326,1790,2217,1478,1477,2579,1877,2045,2729,593
'846810,"Hand-held blow pipes, gas-operated, for soldering, brazing or welding",0,0,0,0,0,0,0,0,0,0,0,0,,,,,,,,,,,,,,,148,140,75,158,146,130,117,139,110,106,129,170
'846820,"Gas-operated machinery and apparatus for soldering, brazing, welding or surface tempering (excl. ...",84,0,0,1,51,0,0,0,0,0,0,0,,,,,,,,,,,,,,,1676,1193,2138,718,1949,899,1336,1394,1179,802,1318,1460
'847210,"Duplicating machines ""hectograph or stencil"" (excl. printing machines and photocopying or thermo-copying ...",0,0,0,0,0,0,0,0,0,0,0,0,,,,,,,,,,,,,,,0,0,52,39,40,0,0,1,140,0,0,0
'847480,"Machinery for agglomerating, shaping or moulding solid mineral fuels, ceramic paste, unhardened ...",0,0,0,0,0,0,0,0,0,0,0,0,,,,,,,,,,,,,,,17103,20457,26076,47284,27511,49939,20769,22014,22906,19892,15973,18662
'847710,Injection-moulding machines for working rubber or plastics,0,0,63,0,0,60,0,17,0,0,0,0,,,,,,,,,,,,,,,21279,19485,21013,18272,23073,23183,21000,23737,28011,23514,24418,30485
'847810,"Machinery for preparing or making up tobacco (excl. dryers and other heating equipment, centrifuges ...",0,0,0,0,0,0,0,0,0,0,0,0,,,,,,,,,,,,,,,297,600,1680,907,257,728,361,1996,297,3412,1280,1237
'847960,"Evaporative air coolers, n.e.s.",0,0,0,0,0,0,0,0,0,0,0,0,,,,,,,,,,,,,,,801,436,224,159,420,224,219,502,232,657,481,2162
'848030,Moulding patterns (excl. moulds of graphite or other carbons and ceramic or glass moulds),0,0,0,0,0,0,0,0,0,0,0,0,,,,,,,,,,,,,,,468,492,645,887,350,584,595,732,609,668,1068,419
'848041,Injection or compression-type moulds for metal or metal carbides (excl. moulds of graphite ...,0,0,0,0,0,0,0,16,31,0,0,0,,,,,,,,,,,,,,,1900,1560,1489,2323,2297,2917,2349,1794,4407,1446,3589,1627
'848620,Machines and apparatus for the manufacture of semiconductor devices or of electronic integrated ...,104,0,49,0,0,628,0,0,0,0,0,0,,,,,,,,,,,,,,,38109,6975,14842,20758,27075,28302,16493,20169,34495,24745,131112,81916
'850133,DC motors and DC generators of an output > 75 kW but <= 375 kW (excl. photovoltaic generators),0,0,0,0,0,0,0,0,0,0,0,0,,,,,,,,,,,,,,,12841,9786,7387,9209,1485,6850,7262,8474,8624,7806,8608,9147
'850162,"AC generators ""alternators"", of an output > 75 kVA but <= 375 kVA (excl. photovoltaic generators)",0,0,0,0,0,0,0,0,0,0,0,0,,,,,,,,,,,,,,,1188,1296,2002,1151,1902,2399,5117,1713,196,1214,853,305
'850213,"Generating sets with compression-ignition internal combustion piston engine ""diesel or semi-diesel ...",1195,0,0,0,0,161,0,157,159,0,0,0,,,,,,,,,,,,,,,13311,18661,18165,1311,8761,2822,25110,22810,6391,9286,3353,15202
'850220,Generating sets with spark-ignition internal combustion piston engine,0,0,0,0,0,0,0,0,0,0,0,0,,,,,,,,,,,,,,,996,1830,428,918,4437,683,2321,1186,667,464,514,1620
'850410,Ballasts for discharge lamps or tubes,0,0,0,0,0,0,0,0,0,0,0,0,,,,,,,,,,,,,,,427,494,677,971,467,1007,434,855,949,402,691,520
'850434,Transformers having a power handling capacity > 500 kVA (excl. liquid dielectric transformers),0,0,0,0,0,0,0,0,807,0,0,0,,,,,,,,,,,,,,,2218,3691,1592,1375,7285,1438,2703,1797,3144,2762,1420,1719
'850660,Air-zinc cells and batteries (excl. spent),0,1,0,0,0,0,0,0,0,0,0,0,,,,,,,,,,,,,,,171,304,561,184,302,111,628,56,165,107,186,222
'850940,"Domestic food grinders and mixers and fruit or vegetable juice extractors, with self-contained ...",0,0,0,0,0,0,0,0,0,0,0,0,,,,,,,,,,,,,,,697,1103,2703,2450,3707,2072,1980,1872,1922,3719,7423,725
'851210,Electric lighting or visual signalling equipment of a kind used for bicycles (other than lamps ...,0,0,0,0,0,0,0,0,0,0,0,0,,,,,,,,,,,,,,,46,57,113,78,91,161,108,132,197,90,69,47
'851631,Electric hairdryers,0,0,0,0,0,0,0,0,0,0,0,0,,,,,,,,,,,,,,,360,249,674,1107,1226,953,2968,535,694,441,927,238
'851660,"Electric ovens, cookers, cooking plates and boiling rings, electric grillers and roasters, ...",117,35,0,0,110,46,70,0,0,522,2883,0,,,,,,,,,,,,,,,5035,5243,3118,3377,6854,5434,4015,4134,4785,7524,9502,2782
'851690,"Parts of electric water heaters, immersion heaters, space-heating apparatus and soil-heating ...",12,304,267,793,687,1009,869,728,330,53,19,0,,,,,,,,,,,,,,,10051,10282,14619,16639,17010,15912,12258,14175,12841,13554,13694,14083
'851761,"Base stations of apparatus for the transmission or reception of voice, images or other data",0,0,0,0,0,0,0,0,0,0,0,0,,,,,,,,,,,,,,,121,479,3402,119,266,178,281,302,56,125,357,47
'852712,"Pocket-size radiocassette players [dimensions <= 170 mm x 100 mm x 45 mm], with built-in amplifier, ...",0,0,0,0,0,0,0,0,0,0,0,0,,,,,,,,,,,,,,,14,12,17,0,3,10,9,6,1,2,3,6
'852719,"Radio-broadcast receivers capable of operating without an external source of power, not combined ...",0,0,0,0,0,0,0,0,0,0,0,0,,,,,,,,,,,,,,,84,124,100,94,111,173,177,57,92,148,48,41
'852792,"Radio-broadcast receivers, for mains operation only, not combined with sound recording or reproducing ...",0,0,0,0,0,0,0,0,0,0,0,0,,,,,,,,,,,,,,,14,0,0,0,14,28,53,53,0,42,0,0
'852862,Projectors capable of directly connecting to and designed for use with an automatic data processing ...,90,164,118,286,217,161,16,110,652,0,0,0,,,,,,,,,,,,,,,5414,3058,2868,4480,4012,4496,3719,9798,4838,2504,3161,4362
'853210,Fixed capacitors designed for use in 50/60 Hz circuits and having a reactive power-handling ...,0,0,0,0,0,0,0,0,0,0,0,0,,,,,,,,,,,,,,,1909,1408,1272,1423,1431,1156,2631,1633,2457,3498,1804,2228
'853223,"Fixed electrical capacitors, ceramic dielectric, single layer (excl. power capacitors)",0,0,0,0,0,0,0,0,0,0,0,0,,,,,,,,,,,,,,,1224,975,1539,1291,1177,1277,1405,1062,1265,1501,1006,1373
'853225,"Fixed electrical capacitors, dielectric of paper or plastics (excl. power capacitors)",0,0,0,0,0,0,0,0,0,0,0,0,,,,,,,,,,,,,,,2211,1710,3639,2025,2891,1934,2045,2694,1797,2871,2335,2303
'852329,Magnetic media for the recording of sound or of other phenomena (excl. cards incorporating ...,0,0,0,0,0,0,0,0,0,0,0,0,,,,,,,,,,,,,,,1236,912,788,789,610,846,995,267,389,1006,976,716
'852550,"Transmission apparatus for radio-broadcasting or television, not incorporating reception apparatus",0,0,0,0,0,0,0,0,0,0,0,0,,,,,,,,,,,,,,,2564,689,3563,5639,3661,3757,1749,3154,1855,1518,2976,1299
'852582,"Television cameras, digital cameras and video camera recorders, radiation-hardened or radiation-tolerant ...",0,0,0,0,0,0,0,0,0,0,0,0,,,,,,,,,,,,,,,18,14,351,14,23,8,0,19,0,6,965,0
'853339,"Wirewound variable electrical resistors, incl. rheostats and potentiometers, for a power handling ...",0,0,0,0,0,0,0,0,0,0,0,0,,,,,,,,,,,,,,,948,951,1122,807,936,1036,1075,1152,1127,1313,967,1539
'853670,"Connectors for optical fibres, optical fibre bundles or cables",1,17,0,2,3,0,1,3,0,0,0,0,,,,,,,,,,,,,,,6688,4780,7473,6384,8056,6728,5516,6573,7007,7719,8189,8848
'853932,Mercury or sodium vapour lamps; metal halide lamps,0,0,0,0,0,0,0,0,0,0,0,0,,,,,,,,,,,,,,,182,256,598,147,730,491,718,218,251,337,235,438
'853941,Arc lamps,0,0,0,0,0,0,0,0,0,0,0,0,,,,,,,,,,,,,,,388,191,414,498,134,2306,943,299,226,85,250,231
'853990,"Parts of electric filament or discharge lamps, sealed beam lamp units, ultraviolet or infra-red ...",0,0,0,0,0,0,0,0,0,0,0,0,,,,,,,,,,,,,,,2699,3180,3591,2679,3012,3424,4018,2950,4256,3672,3251,3300
'854089,"Electronic valves and tubes (excl. receiver or amplifier valves and tubes, microwave tubes, ...",0,0,0,0,0,0,0,0,0,0,0,0,,,,,,,,,,,,,,,267,357,522,416,259,326,215,503,427,212,464,303
'860310,"Self-propelled railway or tramway coaches, vans and trucks, powered from an external source ...",0,0,0,0,0,0,0,0,0,0,0,0,,,,,,,,,,,,,,,36981,0,0,0,19201,0,0,0,0,0,0,0
'860630,Railway or tramway self-discharging goods vans and wagons (excl. tank wagons and the like and ...,0,0,0,0,0,0,0,0,0,0,0,0,,,,,,,,,,,,,,,0,0,0,0,0,0,0,0,0,0,0,0
'860692,"Railway or tramway goods vans and wagons, open, with non-removable sides of a height > 60 cm ...",0,0,0,0,0,0,0,0,0,0,0,0,,,,,,,,,,,,,,,0,0,0,1,0,0,0,0,18,0,44,0
'870290,"Motor vehicles for the transport of >= 10 persons, incl. driver (excl. with diesel engine or ...",0,0,0,0,0,0,0,0,0,0,0,0,,,,,,,,,,,,,,,0,1029,0,0,1503,0,535,0,79,0,0,0
'870324,Motor cars and other motor vehicles principally designed for the transport of ...,0,0,0,0,0,0,0,0,0,0,0,0,,,,,,,,,,,,,,,16596,9401,14292,4096,19887,8663,4378,4929,21603,5983,9627,7768
'870332,Motor cars and other motor vehicles principally designed for the transport of ...,0,0,0,0,0,0,241,11,0,0,0,0,,,,,,,,,,,,,,,0,159,0,62,65,32,273,312,96,28,2128,44
'870431,"Motor vehicles for the transport of goods, with only spark-ignition internal combustion piston ...",0,0,0,0,0,0,0,0,0,0,0,0,,,,,,,,,,,,,,,0,369,16,8,80,0,0,0,0,502,849,505
'870442,"Motor vehicles for the transport of goods, with both compression-ignition internal combustion ...",0,0,0,0,0,0,0,0,0,0,0,0,,,,,,,,,,,,,,,0,0,0,0,0,0,0,0,0,0,0,0
'854290,"Parts of electronic integrated circuits, n.e.s.",0,0,0,0,0,0,0,0,0,18,0,0,,,,,,,,,,,,,,,6592,8676,5975,4766,4899,2483,5085,3100,7888,3331,3594,6302
'854519,"Electrodes of graphite or other carbon, for electrical purposes (excl. those used for furnaces)",0,0,0,0,0,0,0,0,0,0,0,0,,,,,,,,,,,,,,,23030,10914,14200,15171,17148,20463,6350,9680,8133,19969,15256,4111
'871500,"Baby carriages and parts thereof, n.e.s.",0,0,0,0,0,0,0,0,0,0,0,0,,,,,,,,,,,,,,,854,902,970,1162,1312,1364,1333,859,958,976,1268,428
'880621,"Unmanned aircraft, for remote-controlled flight only, with maximum take-off weight <= 250 g",0,0,0,0,0,0,0,0,0,0,0,0,,,,,,,,,,,,,,,0,0,0,0,0,0,0,0,0,0,0,0
'880699,"Unmanned aircraft, with maximum take-off weight > 150 kg (excl. for passenger carriage or for ...",0,0,0,0,0,0,0,0,0,0,0,0,,,,,,,,,,,,,,,5,0,29,43,23,0,6,4,0,0,0,0
'900130,Contact lenses,0,0,0,0,0,0,0,0,0,0,0,0,,,,,,,,,,,,,,,2215,2638,2869,2278,2367,3152,2620,3656,2390,2297,3555,2670
'900510,Binoculars,0,0,0,0,0,0,0,0,0,0,0,0,,,,,,,,,,,,,,,276,301,139,367,187,217,285,240,174,204,162,200
'901010,Apparatus and equipment for automatically developing photographic or cinematographic film or ...,0,0,0,0,0,0,0,0,0,0,0,0,,,,,,,,,,,,,,,94,1,32,33,14,123,8,32,2,15,38,16
'901380,"Optical appliances and instruments, n.e.s. in chapter 90",0,0,0,0,0,0,0,0,0,0,0,0,,,,,,,,,,,,,,,1686,792,1103,2229,976,2302,1621,822,1572,1043,979,510
'901410,Direction finding compasses,0,0,0,0,0,0,0,0,0,0,0,0,,,,,,,,,,,,,,,168,58,279,140,336,93,197,102,403,390,415,221
'902110,Orthopaedic or fracture appliances,9,38,0,79,32,85,191,33,87,24,6,0,,,,,,,,,,,,,,,4914,6238,6090,6510,6344,6112,5546,6795,7584,6975,6802,6980
'902129,Dental fittings (excl. artificial teeth),0,0,0,0,0,0,0,0,0,0,0,0,,,,,,,,,,,,,,,3454,4290,5381,4880,4962,4109,4857,6770,3791,6664,5571,4537
'902511,"Thermometers, liquid-filled, for direct reading, not combined with other instruments",0,0,0,0,0,0,0,0,0,0,0,0,,,,,,,,,,,,,,,245,293,190,188,571,191,110,363,210,161,270,221
'903040,"Instruments and apparatus for measuring or checking electrical quantities, specifically for ...",0,0,20,0,0,0,82,0,0,0,0,0,,,,,,,,,,,,,,,20745,21364,20053,14397,13478,20054,17793,15829,15127,22980,19643,21493
'910191,"Pocket-watches and the like, incl. stop-watches, of precious metal or of metal clad with precious ...",0,0,0,0,0,0,0,0,0,0,0,0,,,,,,,,,,,,,,,1,0,0,0,1,0,0,1,0,1,0,0
'910219,"Wrist-watches, whether or not incorporating a stop-watch facility, electrically operated, with ...",0,0,0,0,0,0,0,0,0,0,0,0,,,,,,,,,,,,,,,4154,4168,5372,3821,4158,3039,2804,2007,1375,2373,2043,1484
'911490,"Clock or watch parts, n.e.s.",0,0,0,0,0,0,0,0,0,0,0,0,,,,,,,,,,,,,,,1568,1764,3280,1445,1588,958,1480,1784,2009,2133,950,1696
'920930,Musical instrument strings,0,0,0,0,0,0,0,0,0,0,0,0,,,,,,,,,,,,,,,50,88,41,45,87,64,63,97,67,47,98,247
'930630,"Cartridges for smooth-barrelled shotguns, revolvers and pistols and cartridges for riveting ...",0,0,0,0,0,0,0,0,0,0,0,0,,,,,,,,,,,,,,,2231,2194,506,558,832,785,1139,1999,140,1351,1214,320
'940340,Wooden furniture for kitchens (excl. seats),0,0,0,0,3,1,7,0,31,3,0,0,,,,,,,,,,,,,,,492,768,742,961,1189,1173,1710,973,1069,1413,391,311
'940429,"Mattresses, fitted with springs or stuffed or internally filled with any material (excl. cellular ...",26,9,32,0,19,0,0,0,0,2,0,0,,,,,,,,,,,,,,,832,671,969,995,2178,2296,1140,1390,556,1053,2073,1739
'940519,Chandeliers and other electric ceiling or wall lighting fittings (excl. for lighting public ...,13,30,5,7,0,0,0,12,0,0,0,0,,,,,,,,,,,,,,,1594,1629,1946,2329,2369,1648,1929,2198,1795,1741,2049,997
'940531,"Lighting strings of a kind used for Christmas trees, solely for light-emitting diode ""LED"" ...",0,0,0,0,0,0,0,0,0,0,0,0,,,,,,,,,,,,,,,752,982,2135,1858,2191,905,450,554,486,771,535,118
'940569,"Illuminated signs, illuminated nameplates and the like, with a permanently fixed light source ...",0,2,0,0,0,0,0,0,0,0,0,0,,,,,,,,,,,,,,,426,604,611,556,1478,442,773,559,930,784,346,577
'950510,"Christmas articles (excl. candles and electric lighting sets, natural Christmas trees and Christmas ...",0,0,0,0,0,12,41,0,0,0,0,0,,,,,,,,,,,,,,,26,72,157,312,545,1428,1103,181,72,56,40,64
'950632,Golf balls,0,0,0,0,0,0,0,0,0,10,0,0,,,,,,,,,,,,,,,264,83,53,216,138,206,260,204,86,108,171,108
'902890,"Parts and accessories for gas, liquid or electricity supply or production meters, n.e.s.",0,0,0,0,0,0,0,0,0,0,0,0,,,,,,,,,,,,,,,718,1069,1011,1480,1325,1456,1445,1002,1024,1491,1207,1047
'950669,"Balls (excl. inflatable, tennis balls, golf balls, and table-tennis balls)",0,0,0,0,0,0,0,0,0,0,2,0,,,,,,,,,,,,,,,325,332,339,290,478,337,411,342,284,468,551,180
'950699,Articles and equipment for sport and outdoor games n.e.s; swimming and paddling pools,0,15,0,0,2,3,2,8,3,0,2,0,,,,,,,,,,,,,,,4023,3456,3857,4381,6533,4358,4042,3968,4485,5563,4481,4294
'960110,"Worked ivory and articles of ivory, n.e.s.",0,0,0,0,0,0,0,0,0,0,0,0,,,,,,,,,,,,,,,0,0,0,0,0,0,0,0,0,0,0,0
'961000,"Slates and boards, with writing or drawing surfaces, whether or not framed",0,0,0,0,0,0,0,0,0,0,0,0,,,,,,,,,,,,,,,462,513,355,387,852,451,454,429,686,585,326,269
'961400,"Smoking pipes, incl. pipe bowls, cigar or cigarette holders, and parts thereof, n.e.s.",0,0,0,0,0,0,0,0,0,0,0,0,,,,,,,,,,,,,,,171,195,149,78,152,88,78,74,76,50,114,91
'970199,"Collages and similar decorative plaques (excl. over 100 years old, and mosaics)",0,0,0,0,0,0,0,0,0,0,0,0,,,,,,,,,,,,,,,3359,753,3017,20775,4256,20881,8259,23738,10966,4990,26878,5542
'999999,Commodities not elsewhere specified,0,2,0,2,0,0,25,0,0,0,0,0,,,,,,,,,,,,,,,153355,150270,44348,32457,231290,58844,155423,56843,110137,37199,38283,201952
'010129,Live horses (excl. pure-bred for breeding),0,0,0,0,0,0,0,0,0,0,0,0,,,,,,,,,,,,,,,0,172,0,32,401,78,25,27,2,28,0,12
'010619,"Live mammals (excl. primates, whales, dolphins and porpoises, manatees and dugongs, seals, ...",0,0,0,0,0,0,0,0,0,0,0,0,,,,,,,,,,,,,,,441,461,527,593,394,444,351,338,295,459,609,432
'020130,"Fresh or chilled bovine meat, boneless",0,0,0,0,0,0,0,0,0,0,0,0,,,,,,,,,,,,,,,0,0,0,0,0,0,0,0,0,0,0,0
'020322,"Frozen hams, shoulders and cuts thereof of swine, with bone in",0,0,0,0,0,0,0,0,0,0,0,0,,,,,,,,,,,,,,,61,112,164,135,14,15,54,0,84,172,4,16
'020443,Frozen boneless cuts of sheep,0,0,0,0,0,0,0,0,0,0,0,0,,,,,,,,,,,,,,,317,180,520,137,0,254,617,53,30,28,24,103
'020745,Frozen cuts and edible offal of domestic ducks,0,0,0,0,0,0,0,0,0,0,0,0,,,,,,,,,,,,,,,0,27,0,0,0,18,0,39,0,0,3,12
'021099,"Meat and edible offal, salted, in brine, dried or smoked, and edible flours and meals of meat ...",0,0,0,0,0,0,0,0,0,0,0,0,,,,,,,,,,,,,,,0,0,0,0,0,0,0,0,0,0,0,0
'030211,"Fresh or chilled trout ""Salmo trutta, Oncorhynchus mykiss, Oncorhynchus clarki, Oncorhynchus ...",0,0,0,0,0,0,0,0,0,0,0,0,,,,,,,,,,,,,,,0,0,0,0,1,0,17,0,11,4,0,10
'030247,"Fresh or chilled swordfish ""Xiphias gladius""",0,0,0,0,0,0,0,0,0,0,0,0,,,,,,,,,,,,,,,0,0,0,0,0,0,0,0,0,0,0,0
'030249,"Fresh or chilled Indian mackerels ""Rastrelliger spp."", seerfishes ""Scomberomorus spp."", jacks, ...",0,0,0,0,0,0,0,0,0,0,0,0,,,,,,,,,,,,,,,0,0,0,0,0,0,0,0,0,0,0,0
'030272,"Fresh or chilled catfish ""Pangasius spp., Silurus spp., Clarias spp., Ictalurus spp.""",0,0,0,0,0,0,0,0,0,0,0,0,,,,,,,,,,,,,,,5037,2866,2794,3205,3097,3166,4584,5100,4674,4174,4286,3631
'030284,"Fresh or chilled sea bass ""Dicentrarchus spp.""",0,0,0,0,0,0,0,0,0,0,0,0,,,,,,,,,,,,,,,0,0,0,0,0,0,0,0,0,0,0,0
'030289,"Fresh or chilled fish, n.e.s.",0,0,0,0,0,0,0,0,0,0,0,0,,,,,,,,,,,,,,,258,348,81,43,2105,1694,2071,1600,2627,1774,949,307
'030313,"Frozen, Atlantic salmon ""Salmo salar"" and Danube salmon ""Hucho hucho""",0,0,0,0,0,0,0,0,0,0,0,0,,,,,,,,,,,,,,,888,0,0,38,7,0,45,0,304,210,70,228
'030319,"Frozen salmonidae (excl. trout and Pacific, Atlantic and Danube salmon)",0,0,0,0,0,0,0,0,0,0,0,0,,,,,,,,,,,,,,,0,0,0,0,0,0,0,0,0,0,0,0
'030329,"Frozen, Nile perch (Lates niloticus) and snakeheads (Channa spp.)",0,0,0,0,0,0,0,0,0,0,0,0,,,,,,,,,,,,,,,0,0,0,0,0,0,0,0,0,0,0,0
'030346,"Frozen Southern bluefin tunas ""Thunnus maccoyii""",0,0,0,0,0,0,0,0,0,0,0,0,,,,,,,,,,,,,,,11,0,0,0,0,0,0,0,0,0,0,0
'030363,"Frozen cod ""Gadus morhua, Gadus ogac, Gadus macrocephalus""",0,0,0,0,0,0,0,0,0,0,0,0,,,,,,,,,,,,,,,142,724,2017,54,0,0,653,0,0,34,356,1589
'030482,"Frozen fillets of trout ""Salmo trutta, Oncorhynchus mykiss, Oncorhynchus clarki, Oncorhynchus ...",0,0,0,0,0,0,0,0,0,0,0,0,,,,,,,,,,,,,,,0,0,0,0,1,0,0,0,0,0,0,0
'030499,Frozen fish meat n.e.s. (excl. fillets),0,0,0,0,0,0,0,0,0,0,0,0,,,,,,,,,,,,,,,2458,1248,819,385,4799,1752,4741,3990,2523,502,910,2096
'030631,"Rock lobster and other sea crawfish ""Palinurus spp., Panulirus spp. and Jasus spp."", whether ...",0,0,0,0,0,0,0,0,0,0,0,0,,,,,,,,,,,,,,,0,0,0,0,0,0,0,0,0,0,0,0
'030731,"Live, fresh or chilled, not smoked, mussels ""Mytilus spp., Perna spp."", with or without shell",0,0,0,0,0,0,0,0,0,0,0,0,,,,,,,,,,,,,,,0,0,0,0,0,0,0,0,0,0,0,0
'030791,"Live, fresh or chilled molluscs, even in shell (excl. oysters, scallops of the genera Pecten, ...",0,0,0,0,0,0,0,0,0,0,0,0,,,,,,,,,,,,,,,0,0,0,0,0,0,0,0,0,0,0,0
'030910,"Flours, meals and pellets of fish, fit for human consumption",0,0,0,0,0,0,0,0,0,0,0,0,,,,,,,,,,,,,,,0,0,0,0,0,0,0,0,0,0,0,0
'040510,Butter (excl. dehydrated butter and ghee),0,0,0,0,0,0,0,0,0,0,0,0,,,,,,,,,,,,,,,324,528,536,130,0,276,321,177,35,459,396,182
'040811,"Dried egg yolks, whether or not sweetened",0,0,0,0,0,0,0,0,0,0,0,0,,,,,,,,,,,,,,,259,389,258,384,127,0,132,262,132,377,128,127
'060315,"Fresh cut lilies ""Lilium spp."" and buds, of a kind suitable for bouquets or for ornamental ...",0,0,0,0,0,0,0,0,0,0,0,0,,,,,,,,,,,,,,,0,0,0,0,0,0,0,0,0,0,0,0
'060390,"Dried, dyed, bleached, impregnated or otherwise prepared cut flowers and buds, of a kind suitable ...",0,0,0,0,0,0,0,0,0,0,0,0,,,,,,,,,,,,,,,1,2,10,8,14,2,5,0,8,1,1,1
'070320,"Garlic, fresh or chilled",0,0,0,0,0,0,0,0,0,0,0,0,,,,,,,,,,,,,,,0,7,81,124,173,93,86,229,560,0,0,0
'070940,Fresh or chilled celery (excl. celeriac),0,0,0,0,0,0,0,0,0,0,0,0,,,,,,,,,,,,,,,0,0,0,0,1,0,1,1,0,2,0,0
'070951,"Fresh or chilled mushrooms of the genus ""Agaricus""",0,0,0,0,0,0,0,0,0,0,0,0,,,,,,,,,,,,,,,0,0,0,0,0,0,0,0,0,0,0,0
'070960,Fresh or chilled fruits of the genus Capsicum or Pimenta,0,0,0,0,0,0,0,0,0,0,0,0,,,,,,,,,,,,,,,0,0,0,0,0,0,0,0,0,0,0,0
'071040,"Sweetcorn, uncooked or cooked by steaming or by boiling in water, frozen",0,0,0,0,0,0,0,0,0,0,0,0,,,,,,,,,,,,,,,0,0,0,0,0,0,6,2,2,0,0,0
'071350,"Dried, shelled broad beans ""Vicia faba var. major"" and horse beans ""Vicia faba var. equina ...",0,0,0,0,0,0,0,0,0,0,0,0,,,,,,,,,,,,,,,0,0,0,0,19,11,196,263,469,301,463,750
'071390,"Dried, shelled leguminous vegetables, whether or not skinned or split (excl. peas, chickpeas, ...",0,0,0,0,0,0,0,0,0,0,0,0,,,,,,,,,,,,,,,279,8,1305,0,66,20,106,197,8,8,64,321
'071490,"Arrowroot, salep, Jerusalem artichokes and similar roots and tubers with high starch or inulin ...",0,0,0,0,0,0,0,0,0,0,0,0,,,,,,,,,,,,,,,0,0,0,0,0,0,2,0,8,2,0,0
'080299,"Nuts, fresh or dried, whether or not shelled or peeled (excl. coconuts, Brazil nuts, cashew ...",0,0,0,0,0,0,0,0,0,0,0,0,,,,,,,,,,,,,,,0,154,0,0,0,102,0,30,0,0,2,0
'081010,Fresh strawberries,0,0,0,0,0,0,0,0,0,0,0,0,,,,,,,,,,,,,,,65,0,0,0,24,0,0,0,0,0,0,26
'081050,Fresh kiwifruit,0,0,0,0,0,0,0,0,0,0,0,0,,,,,,,,,,,,,,,4807,9714,14237,12039,8026,7473,3729,3563,3057,3152,1534,1614
'090520,"Vanilla, crushed or ground",0,0,0,0,0,0,0,0,0,0,0,0,,,,,,,,,,,,,,,0,0,0,0,0,0,0,0,0,0,0,0
'090710,"Cloves, whole fruit, cloves and stems, neither crushed nor ground",0,0,0,0,0,0,0,0,0,0,0,0,,,,,,,,,,,,,,,14891,14327,8212,7514,5228,11542,12023,20011,32147,19209,12461,17889
'090720,"Cloves, whole fruit, cloves and stems, crushed or ground",0,0,0,0,0,0,0,0,0,0,0,0,,,,,,,,,,,,,,,0,0,0,0,0,0,0,0,0,0,0,0
'100821,Millet seed for sowing (excl. grain sorghum),0,0,0,0,0,0,0,0,0,0,0,0,,,,,,,,,,,,,,,0,0,0,0,0,0,0,12,0,0,0,0
'100890,"Cereals (excl. wheat and meslin, rye, barley, oats, maize, rice, grain sorghum, buckwheat, ...",0,0,0,0,0,0,0,0,0,0,0,0,,,,,,,,,,,,,,,0,0,0,0,0,0,0,0,0,0,0,0
'110429,"Grains of cereals, hulled, pearled, sliced, kibbled or otherwise worked (excl. rolled, flaked, ...",0,0,0,0,0,0,0,0,0,0,0,0,,,,,,,,,,,,,,,16,20,1,10,18,1,0,7,6,1,0,12
'110430,"Germ of cereals, whole, rolled, flaked or ground",0,0,0,0,0,0,0,0,0,0,0,0,,,,,,,,,,,,,,,0,0,0,56,0,0,0,8,0,0,0,0
'120300,Copra,0,0,0,0,0,0,0,0,0,0,0,0,,,,,,,,,,,,,,,0,1,657,645,1144,1715,2380,2907,1847,1366,1934,957
'120400,"Linseed, whether or not broken",0,0,0,0,0,0,0,0,0,0,0,0,,,,,,,,,,,,,,,0,33,0,0,0,150,79,140,140,0,1,0
'120740,"Sesamum seeds, whether or not broken",0,0,0,0,0,0,0,0,0,0,0,0,,,,,,,,,,,,,,,4451,3959,5761,2366,7983,22579,27505,26233,39077,26759,9456,10190
'121140,"Poppy straw, fresh, chilled, frozen or dried, whether or not cut, crushed or powdered",0,0,0,0,0,0,0,0,0,0,0,0,,,,,,,,,,,,,,,0,0,0,0,0,0,0,0,0,0,0,0
'121229,"Seaweeds and other algae, fresh, chilled, frozen or dried, whether or not ground, unfit for ...",0,0,0,0,0,0,0,0,0,0,0,0,,,,,,,,,,,,,,,179,93,362,160,206,355,84,183,144,106,52,52
'140110,Bamboos,869,415,620,541,352,355,209,252,105,64,25,0,,,,,,,,,,,,,,,7556,6157,6688,6328,8022,6594,6594,6969,7841,5199,4687,4982
'150890,"Groundnut oil and its fractions, whether or not refined (excl. chemically modified and crude)",0,0,0,0,0,0,0,0,0,0,0,0,,,,,,,,,,,,,,,29,0,0,13,0,45,0,0,23,2,0,70
'150920,"Extra virgin olive oil ""EU cat. 1"" obtained from the fruit of the olive tree solely by mechanical ...",0,0,0,0,0,0,0,0,0,0,0,0,,,,,,,,,,,,,,,1152,1658,1293,1565,966,1202,1344,905,817,605,945,1053
'150990,"Olive oil ""EU cat. 4 and 5"" and fractions obtained from the fruit of the olive tree solely ...",0,0,0,0,0,0,0,0,0,0,0,0,,,,,,,,,,,,,,,2339,2751,2078,1733,1753,2242,1849,1824,1599,773,1208,2571
'151211,Crude sunflower-seed or safflower oil,0,0,0,0,0,0,0,0,0,0,0,0,,,,,,,,,,,,,,,195138,255391,260293,320530,298067,288624,186518,437140,332631,176035,252698,566604
'151610,"Animal fats and oils and their fractions, partly or wholly hydrogenated, inter-esterified, ...",0,0,0,0,0,0,0,0,0,0,0,0,,,,,,,,,,,,,,,0,0,0,0,0,0,0,0,0,0,0,0
'151630,"Microbial fats and oils and their fractions, partly or wholly hydrogenated, inter-esterified, ...",0,0,0,0,0,0,0,0,0,0,0,0,,,,,,,,,,,,,,,5,0,0,0,7,0,0,11,0,3,0,12
'160249,"Prepared or preserved meat and offal of swine, incl. mixtures (excl. hams, shoulders and cuts ...",0,0,0,0,0,0,0,0,0,0,0,0,,,,,,,,,,,,,,,53,144,123,0,59,0,16,0,58,71,51,125
'160300,"Extracts and juices of meat, fish or crustaceans, molluscs and other aquatic invertebrates",0,0,0,0,0,0,0,0,0,0,0,0,,,,,,,,,,,,,,,23,14,10,63,86,6,6,59,0,13,142,31
'160412,"Prepared or preserved herrings, whole or in pieces (excl. minced)",0,0,0,0,0,0,0,0,0,0,0,0,,,,,,,,,,,,,,,0,0,0,0,0,0,0,0,0,0,0,0
'160414,"Prepared or preserved tunas, skipjack and Atlantic bonito, whole or in pieces (excl. minced)",0,0,0,0,0,0,0,0,0,0,0,0,,,,,,,,,,,,,,,45,0,0,46,0,3,43,10,0,35,2,0
'160431,Caviar,0,0,0,0,0,0,0,0,0,0,0,0,,,,,,,,,,,,,,,0,2,0,6,2,6,7,0,6,0,3,0
'170112,Raw beet sugar (excl. added flavouring or colouring),0,0,0,0,0,0,0,0,0,0,0,0,,,,,,,,,,,,,,,0,0,0,25,0,0,0,22,0,0,0,0
'170199,"Cane or beet sugar and chemically pure sucrose, in solid form (excl. cane and beet sugar containing ...",0,0,0,0,0,0,0,0,0,0,0,0,,,,,,,,,,,,,,,2506,568,1804,1248,3378,1224,2143,2595,2855,490,831,831
'180400,"Cocoa butter, fat and oil",0,0,0,0,0,0,0,0,0,0,0,0,,,,,,,,,,,,,,,49189,16774,6229,68038,53655,50405,19369,24262,32798,23954,23933,25360
'180610,"Cocoa powder, sweetened",0,0,0,0,0,0,0,0,0,0,0,0,,,,,,,,,,,,,,,31,76,0,81,149,24,1,29,23,94,27,41
'180631,"Chocolate and other preparations containing cocoa, in blocks, slabs or bars of <= 2 kg, filled",0,0,0,0,0,0,0,0,0,0,0,0,,,,,,,,,,,,,,,470,1272,861,410,812,446,1182,826,889,391,280,658
'200290,"Tomatoes, prepared or preserved otherwise than by vinegar or acetic acid (excl. whole or in ...",0,0,0,0,0,0,0,0,0,0,0,0,,,,,,,,,,,,,,,1107,997,822,658,1379,875,560,502,1599,761,341,929
'200310,"Mushrooms of the genus ""Agaricus"", prepared or preserved otherwise than by vinegar or acetic ...",0,0,0,0,0,0,0,0,0,0,0,0,,,,,,,,,,,,,,,87,24,0,21,39,18,10,24,23,94,45,59
'200510,"Homogenised vegetables put up for retail sale as infant food or for dietetic purposes, in containers ...",0,0,0,0,0,0,0,0,0,0,0,0,,,,,,,,,,,,,,,0,0,0,0,0,0,0,0,0,0,0,0
'200570,"Olives, prepared or preserved otherwise than by vinegar or acetic acid (excl. frozen)",0,0,0,0,0,0,0,0,0,0,0,0,,,,,,,,,,,,,,,1412,852,1178,1466,923,582,850,610,678,920,584,679
'200599,"Vegetables and mixtures of vegetables, prepared or preserved otherwise than by vinegar, non-frozen ...",0,0,0,0,0,0,0,0,0,0,0,0,,,,,,,,,,,,,,,121,107,13,90,135,45,122,132,39,74,48,142
'200840,"Pears, prepared or preserved, whether or not containing added sugar or other sweetening matter ...",0,0,0,0,0,0,0,0,0,0,0,0,,,,,,,,,,,,,,,0,0,0,0,0,8,1,0,0,0,1,0
'200931,"Single citrus fruit juice, unfermented, Brix value <= 20 at 20°C, whether or not containing ...",0,0,0,0,0,0,0,0,0,0,0,0,,,,,,,,,,,,,,,2,109,45,22,131,75,71,272,94,61,122,79
'210112,"Preparations with a basis of extracts, essences or concentrates of coffee or with a basis of ...",0,0,0,0,0,0,0,0,0,0,0,0,,,,,,,,,,,,,,,27,14,13,32,16,15,178,7,12,53,30,15
'220190,"Ordinary natural water, not containing added sugar, other sweetening matter or flavoured; ice ...",0,0,0,0,0,0,0,0,0,0,0,0,,,,,,,,,,,,,,,15,21,8,35,1,14,20,16,18,36,9,10
'220410,Sparkling wine of fresh grapes,0,0,0,0,0,0,0,0,0,0,0,0,,,,,,,,,,,,,,,556,464,963,505,839,295,652,1235,813,565,605,551
'220850,Gin and Geneva,0,0,0,0,0,0,0,0,0,0,0,0,,,,,,,,,,,,,,,703,927,1852,924,1779,1528,1756,1077,1077,1009,641,1202
'220900,"Vinegar, fermented vinegar and substitutes for vinegar obtained from acetic acid",0,0,0,0,0,0,0,0,0,0,0,0,,,,,,,,,,,,,,,168,220,224,352,214,85,217,149,111,141,87,210
'230240,"Bran, sharps and other residues of cereals, whether or not in the form of pellets, derived ...",0,0,0,0,0,0,0,0,0,0,0,0,,,,,,,,,,,,,,,592,403,460,619,551,397,445,880,1035,2020,959,1192
'230310,Residues of starch manufacture and similar residues,0,0,0,0,0,0,0,0,0,0,0,0,,,,,,,,,,,,,,,93,0,122,70,37,0,37,0,1,167,101,44
'283410,Nitrites,0,0,0,0,0,0,0,0,0,0,0,0,,,,,,,,,,,,,,,863,984,429,485,558,313,831,499,591,986,517,1450
'283691,Lithium carbonates,0,0,0,0,0,0,0,0,0,0,0,0,,,,,,,,,,,,,,,806,1509,65,566,367,368,434,1986,657,4090,944,1657
'283720,Complex cyanides (excl. inorganic or organic compounds of mercury),0,0,0,0,0,0,0,0,0,0,0,0,,,,,,,,,,,,,,,312,247,281,305,352,114,236,324,284,380,309,119
'284700,"Hydrogen peroxide, whether or not solidified with urea",0,0,0,0,0,0,0,0,0,0,0,0,,,,,,,,,,,,,,,2237,1158,1287,1407,1338,1078,1275,1182,1210,813,1853,1850
'290270,Cumene,0,0,0,0,0,0,0,0,0,0,0,0,,,,,,,,,,,,,,,217,307,5892,8004,5535,285,5444,5059,20,5227,212,166
'290290,"Cyclic hydrocarbons (excl. cyclanes, cyclenes, benzene, toluene, xylenes, styrene, ethylbenzene ...",0,0,0,0,0,0,0,0,0,0,0,0,,,,,,,,,,,,,,,9997,9858,7485,7082,5372,6806,5025,5721,5190,5175,5540,6576
'290322,Trichloroethylene,0,0,0,0,0,0,0,0,0,0,0,0,,,,,,,,,,,,,,,682,419,970,1165,1466,1095,642,633,1340,911,676,1139
'290345,"1,1,1,2-Tetrafluoroethane ""HFC-134a"" and 1,1,2,2-tetrafluoroethane ""HFC-134""",0,0,0,0,0,0,0,0,0,0,0,0,,,,,,,,,,,,,,,4038,5422,3620,3723,4034,2375,2141,4590,3471,3619,3284,7340
'290347,"1,1,1,3,3-Pentafluoropropane ""HFC-245fa"" and 1,1,2,2,3-pentafluoropropane ""HFC-245ca""",0,0,0,0,0,0,0,0,0,0,0,0,,,,,,,,,,,,,,,129,928,284,0,0,386,398,0,255,0,373,241
'290369,"Brominated or iodinated derivatives of acyclic hydrocarbons (excl. methyl bromide ""bromomethane"" ...",0,0,0,0,0,0,0,0,0,0,0,0,,,,,,,,,,,,,,,957,1410,2095,3121,1359,2210,2032,1443,2448,1199,3676,2088
'290511,"Methanol ""methyl alcohol""",0,0,0,0,0,0,0,0,0,0,0,0,,,,,,,,,,,,,,,108082,100856,127879,42976,60537,87148,109364,105143,95867,85895,85521,86240
'290517,"Dodecan-1-ol ""lauryl alcohol"", hexadecan-1-ol ""cetyl alcohol"" and octadecan-1-ol ""stearyl alcohol""",0,0,0,0,0,0,0,0,0,0,0,0,,,,,,,,,,,,,,,1016,426,1150,1530,1169,791,546,1232,866,857,1174,617
'290529,Unsaturated monohydric acyclic alcohols (excl. acyclic terpene alcohols),0,0,0,0,0,0,0,0,0,0,0,0,,,,,,,,,,,,,,,1712,2340,1967,1436,2855,1957,1604,1728,1643,2202,1288,2796
'290532,"Propylene glycol ""propane-1,2-diol""",0,0,0,0,0,0,0,0,0,0,0,0,,,,,,,,,,,,,,,8067,7514,7077,10097,9170,8354,5994,5518,6615,11245,9315,6284
'290611,Menthol,0,0,0,0,0,0,0,0,0,0,0,0,,,,,,,,,,,,,,,12126,21525,12190,7770,13955,11760,15155,11682,9737,11395,12236,15171
'290621,Benzyl alcohol,0,0,0,0,9,0,0,0,0,0,0,0,,,,,,,,,,,,,,,336,151,197,42,174,470,281,153,146,212,67,154
'290711,"Phenol ""hydroxybenzene"" and its salts",0,0,0,0,0,0,0,0,0,0,0,0,,,,,,,,,,,,,,,11678,17302,22330,38534,21654,24746,15118,20311,29794,17595,7448,13319
'290721,Resorcinol and its salts,0,0,0,0,0,0,0,0,0,0,0,0,,,,,,,,,,,,,,,924,500,1532,2549,2875,1675,5343,3240,912,1,1317,976
'290729,"Polyphenols and phenol-alcohols (excl. resorcinol and hydroquinone ""quinol"" and their salts, ...",0,0,0,0,0,0,0,0,0,0,0,0,,,,,,,,,,,,,,,1258,853,1476,1431,1594,1493,770,1829,1070,957,505,1346
'290819,"Derivatives containing only halogen substituents and their salts, of phenols or phenol-alcohols ...",0,0,0,0,0,0,0,0,0,0,0,0,,,,,,,,,,,,,,,936,1894,1425,1159,1120,1167,2075,711,915,1148,926,941
'290920,"Cyclanic, cyclenic or cycloterpenic ethers and their halogenated, sulphonated, nitrated or ...",0,0,0,0,0,0,0,0,0,0,0,0,,,,,,,,,,,,,,,482,1032,836,549,334,553,544,397,335,149,384,365
'291020,"Methyloxirane ""propylene oxide""",0,0,0,0,0,0,0,0,0,0,0,0,,,,,,,,,,,,,,,886,6171,750,5883,3503,2884,556,3285,4532,2414,7261,1315
'291040,"Dieldrin ""ISO"" ""INN""",0,0,0,0,0,0,0,0,0,0,0,0,,,,,,,,,,,,,,,0,0,0,0,0,0,0,0,0,0,0,0
'291229,"Cyclic aldehydes, without other oxygen function (excl. benzaldehyde)",0,0,0,0,0,0,0,0,4,6,0,0,,,,,,,,,,,,,,,3676,3507,7807,5065,7194,5194,3677,2936,5908,4101,5328,7431
'291250,Cyclic polymers of aldehydes,0,0,0,0,0,0,0,0,0,0,0,0,,,,,,,,,,,,,,,0,61,0,0,0,0,38,37,0,13,2,0
'291450,Ketone-phenols and ketones with other oxygen function,0,0,0,0,0,0,0,0,0,0,0,0,,,,,,,,,,,,,,,786,719,1393,750,809,694,956,784,1616,607,780,1394
'291469,"Quinones (excl. anthraquinone and coenzyme Q10 ""ubidecarenone ""INN"""")",0,0,0,0,0,0,0,0,0,0,0,0,,,,,,,,,,,,,,,3476,2436,2155,1657,1897,1606,1046,2630,1567,1495,1578,2724
'291612,Esters of acrylic acid,0,0,0,0,0,0,0,0,0,0,0,0,,,,,,,,,,,,,,,33337,28670,30220,40371,26431,24988,20634,17464,23029,37284,26273,29273
'291712,"Adipic acid, its salts and esters",0,0,0,0,0,0,0,0,0,0,0,0,,,,,,,,,,,,,,,6656,5517,5647,6737,5737,5885,5464,7677,6762,5002,4731,8112
'291732,Dioctyl orthophthalates,122,120,0,0,0,0,0,0,0,0,0,0,,,,,,,,,,,,,,,1441,2194,1960,2172,1322,1251,1967,1756,1050,1157,1053,412
'291734,"Esters of orthophthalic acid (excl. dioctyl, dinonyl or didecyl orthophthalates)",0,0,0,0,0,0,0,0,0,0,0,0,,,,,,,,,,,,,,,6,131,68,449,169,110,111,154,75,91,96,104
'291819,"Carboxylic acids with additional oxygen function and their anhydrides, halides, peroxides and ...",0,0,0,0,0,0,0,0,0,0,0,0,,,,,,,,,,,,,,,16476,16575,9160,7380,7375,9591,10556,10529,6419,17476,17957,9131
'291829,"Carboxylic acids with phenol function but without other oxygen function, their anhydrides, ...",0,0,0,0,0,0,0,0,0,0,0,0,,,,,,,,,,,,,,,5449,5354,4394,3665,4613,5390,4055,4965,3966,5555,4639,5837
'291830,"Carboxylic acids with aldehyde or ketone function but without other oxygen function, their ...",0,0,0,0,0,0,0,0,0,0,0,0,,,,,,,,,,,,,,,4691,4071,7324,4428,5660,4431,6035,6240,5286,6197,7824,4510
'292024,Triethyl phosphite,0,0,0,0,0,0,0,0,0,0,0,0,,,,,,,,,,,,,,,31,0,8,0,2,0,0,0,0,0,0,67
'292112,"2-""N,N-Dimethylamino""ethylchloride hydrochloride",0,0,0,0,0,0,0,0,0,0,0,0,,,,,,,,,,,,,,,0,0,0,0,0,0,0,0,0,0,0,0
'292122,Hexamethylenediamine and its salts,0,0,0,0,0,0,0,0,0,0,0,0,,,,,,,,,,,,,,,352,287,154,212,348,407,790,201,154,318,429,257
'292145,"1-Naphthylamine ""alpha-naphthylamine"", 2-naphthylamine ""beta-naphthylamine"" and their derivatives; ...",0,0,0,0,0,0,0,0,0,0,0,0,,,,,,,,,,,,,,,2557,1954,1575,1614,1721,2973,2692,1684,3620,3508,2835,3124
'292239,"Amino-aldehydes, amino-ketones and amino-quinones; salts thereof (excl. those containing > ...",0,0,0,0,0,0,0,0,0,0,0,0,,,,,,,,,,,,,,,963,1088,382,787,331,650,1246,1958,2253,1652,1447,1128
'292243,Anthranilic acid and its salts,0,0,0,0,0,0,0,0,0,0,0,0,,,,,,,,,,,,,,,0,0,138,0,0,0,0,0,0,0,0,0
'293010,"2-(N,N-Dimethylamino) ethanethiol",0,0,0,0,0,0,0,0,0,0,0,0,,,,,,,,,,,,,,,0,0,0,0,0,0,0,0,0,0,0,0
'293149,"Separate chemically defined non-halogenated organo-phosphorous derivatives, n.e.s.",0,0,0,0,0,0,0,0,0,0,0,0,,,,,,,,,,,,,,,677,378,383,773,628,253,674,525,489,616,2131,714
'293220,Lactones,0,0,0,0,0,0,0,0,0,0,0,0,,,,,,,,,,,,,,,6709,7656,8046,11099,7122,6458,6352,8967,5195,6709,6041,7155
'293293,Piperonal,0,0,0,0,0,0,0,0,0,0,0,0,,,,,,,,,,,,,,,228,118,0,112,140,58,47,66,52,221,235,0
'293349,"Heterocyclic compounds with nitrogen hetero-atom[s] only, containing in the structure a quinoline ...",0,0,0,0,0,0,0,0,0,0,0,0,,,,,,,,,,,,,,,4662,2598,7376,5415,5549,4358,8562,3981,6902,8489,4695,3854
'293352,"Malonylurea ""barbituric acid"" and its salts",0,0,0,0,0,0,0,0,0,0,0,0,,,,,,,,,,,,,,,580,764,680,509,386,418,416,273,74,311,623,719
'293590,Sulphonamides (excl. perfluorooctane sulphonamides),0,0,0,0,0,0,0,0,0,0,0,0,,,,,,,,,,,,,,,8642,7318,12266,5643,7276,8171,6903,8400,9083,6693,10226,11912
'293711,"Somatropin, its derivatives and structural analogues, used primarily as hormones",0,0,0,0,0,0,0,0,0,0,0,0,,,,,,,,,,,,,,,0,0,0,0,0,0,0,0,0,0,0,0
'300215,"Immunological products, put up in measured doses or in forms or packings for retail sale (excl. ...",0,0,0,0,0,0,0,0,0,0,0,0,,,,,,,,,,,,,,,50661,52697,34142,60634,59305,79846,67079,60510,49362,96636,37502,56347
'300290,"Human blood; animal blood prepared for therapeutic, prophylactic or diagnostic uses",0,0,0,0,0,0,0,0,0,0,0,0,,,,,,,,,,,,,,,1801,1933,1655,2505,3927,1001,3948,2348,212,740,4991,6530
'300320,"Medicaments containing antibiotics, not in measured doses or put up for retail sale (excl. ...",0,0,0,0,0,0,0,0,0,0,0,0,,,,,,,,,,,,,,,1053,1369,749,279,1659,293,276,914,1585,486,1441,2243
'300630,Opacifying preparations for x-ray examinations; diagnostic reagents for administration to patients,0,0,0,0,0,0,0,0,0,0,0,0,,,,,,,,,,,,,,,7197,6119,4674,5002,6546,6063,9108,8849,3082,3140,10654,1591
'300640,Dental cements and other dental fillings; bone reconstruction cements,0,0,0,0,0,0,0,0,0,0,0,0,,,,,,,,,,,,,,,3153,2337,4803,3473,4539,2885,3703,4318,4035,4505,3574,3334
'310229,Double salts and mixtures of ammonium sulphate and ammonium nitrate (excl. goods of this chapter ...,0,0,0,0,0,0,0,0,0,0,0,0,,,,,,,,,,,,,,,0,0,0,15,5,0,0,13,0,0,38,13
'240491,"Nicotine containing products intended for the intake of nicotine into the human body, for oral ...",0,0,0,0,0,0,0,0,0,0,0,0,,,,,,,,,,,,,,,0,0,2,13,0,25,8,0,10,2,0,0
'250410,Natural graphite in powder or in flakes,0,0,0,0,0,0,0,0,0,0,0,0,,,,,,,,,,,,,,,3001,2226,4775,3248,2858,3884,4163,3906,3493,2186,4358,3808
'250860,Mullite,0,0,0,0,0,0,0,0,0,0,0,0,,,,,,,,,,,,,,,744,830,179,451,430,372,98,154,162,62,81,273
'251110,"Natural barium sulphate ""barytes""",0,0,0,0,0,0,0,0,0,0,0,0,,,,,,,,,,,,,,,1455,785,1003,618,769,444,635,424,603,528,926,472
'251511,"Marble and travertine, crude or roughly trimmed",0,0,0,0,0,0,0,0,0,0,0,0,,,,,,,,,,,,,,,0,0,13,11,0,48,0,10,0,21,0,14
'251612,"Granite, merely cut, by sawing or otherwise, into blocks or slabs of a square or rectangular ...",0,0,12,0,0,0,0,0,0,0,0,0,,,,,,,,,,,,,,,117,24,63,361,190,330,160,193,263,69,118,46
'251710,"Pebbles, gravel, broken or crushed stone, for concrete aggregates, for road metalling or for ...",0,0,0,0,0,0,9,0,1,2,0,0,,,,,,,,,,,,,,,2174,2277,2205,2127,1624,1915,1751,1783,2006,2274,2277,2085
'251730,Tarred macadam,0,0,0,0,0,0,0,0,0,0,0,0,,,,,,,,,,,,,,,0,0,0,0,0,0,0,0,0,0,0,0
'251910,"Natural magnesium carbonate ""magnesite""",0,0,0,0,0,0,0,0,0,0,0,0,,,,,,,,,,,,,,,4,15,52,111,176,156,221,92,115,112,38,21
'260400,Nickel ores and concentrates,0,0,0,0,0,0,0,0,0,0,0,0,,,,,,,,,,,,,,,0,0,0,0,0,0,0,0,0,0,0,0
'261610,Silver ores and concentrates,0,0,0,0,0,0,0,0,0,0,0,0,,,,,,,,,,,,,,,0,0,0,0,0,0,0,0,0,0,0,0
'261790,"Ores and concentrates (excl. iron, manganese, copper, nickel, cobalt, aluminium, lead, zinc, ...",0,0,0,0,0,0,0,0,0,0,0,0,,,,,,,,,,,,,,,33,0,0,0,0,0,0,0,0,0,0,0
'261800,"Granulated slag ""slag sand"" from the manufacture of iron or steel",0,0,0,0,0,0,0,0,0,0,0,0,,,,,,,,,,,,,,,0,0,1099,1891,0,1252,0,1007,712,2256,1362,0
'270600,"Tar distilled from coal, from lignite or from peat, and other mineral tars, whether or not ...",0,0,0,0,0,0,0,0,0,0,0,0,,,,,,,,,,,,,,,50,0,9,178,0,33,203,0,211,0,0,115
'270720,"Toluol ""toluene"" containing > 50% of toluene (excl. chemically defined)",0,0,0,0,0,0,0,0,0,0,0,0,,,,,,,,,,,,,,,0,0,0,1,0,0,0,0,0,0,0,0
'270750,"Aromatic hydrocarbon mixtures of which >= 65% by volume, incl. losses, distils at 250°C by ...",0,0,0,0,0,0,0,0,0,0,0,0,,,,,,,,,,,,,,,15637,31798,30392,35667,33217,19349,22355,7311,15002,12286,51229,48697
'280519,Alkali or alkaline-earth metals (excl. sodium and calcium),0,0,0,0,0,0,0,0,0,0,0,0,,,,,,,,,,,,,,,1640,663,2083,1235,1034,1927,1184,3085,2351,2153,987,998
'280620,Chlorosulphuric acid,0,0,0,0,0,0,0,0,0,0,0,0,,,,,,,,,,,,,,,43,0,0,0,0,0,0,0,0,0,27,0
'281111,"Hydrogen fluoride ""hydrofluoric acid""",0,0,0,0,0,0,0,0,55,29,0,0,,,,,,,,,,,,,,,1570,1520,1170,1021,2353,1099,1486,1657,1272,1248,1477,2277
'281219,"Chlorides and chloride oxides (excl. carbonyl dichloride ""phosgene"", phosphorus oxy-, tri- ...",0,0,0,0,0,0,0,0,0,0,0,0,,,,,,,,,,,,,,,299,745,125,158,686,596,98,1212,656,0,555,205
'281420,Ammonia in aqueous solution,0,0,0,0,0,0,0,0,0,0,0,0,,,,,,,,,,,,,,,31,10,42,94,35,11,217,87,77,20,23,37
'281990,Chromium oxides and hydroxides (excl. chromium trioxide),0,0,0,0,0,0,0,0,0,0,0,0,,,,,,,,,,,,,,,520,343,414,1010,230,1451,374,91,521,224,502,178
'282612,Fluoride of aluminium,0,0,0,0,0,0,0,0,0,0,0,0,,,,,,,,,,,,,,,10744,3559,4235,3836,5541,5847,3363,14667,6176,11658,5659,7779
'282739,"Chlorides (excl. ammonium, calcium, magnesium, aluminium, nickel and mercury chloride)",0,0,0,0,0,0,0,0,20,0,0,0,,,,,,,,,,,,,,,3483,2593,3693,6092,5573,4904,3258,2863,5893,3412,3043,3102
'283010,Sodium sulphides,0,0,0,0,0,0,0,0,0,0,0,0,,,,,,,,,,,,,,,0,2,5,0,3,1,2,2,8,3,15,16
'283090,"Sulphides (excl. sodium); polysulphides, whether or not chemically defined (excl. inorganic ...",0,0,0,0,0,0,0,0,0,0,0,0,,,,,,,,,,,,,,,893,1444,1090,2682,1993,979,491,488,1012,1298,670,1414
'283230,Thiosulphates,0,0,0,0,0,0,0,0,0,0,0,0,,,,,,,,,,,,,,,38,26,52,98,74,8,45,240,77,39,12,139
'310420,"Potassium chloride for use as fertiliser (excl. that in tablets or similar forms, or in packages ...",0,0,0,0,0,0,0,0,0,0,0,0,,,,,,,,,,,,,,,31717,33561,56641,149427,176170,173635,181084,113887,146375,119029,64329,98236
'310510,"Mineral or chemical fertilisers of animal or vegetable origin, in tablets or similar forms, ...",0,0,0,0,0,0,0,0,0,0,0,0,,,,,,,,,,,,,,,154,255,216,98,447,54,203,407,222,90,83,66
'310551,Mineral or chemical fertilisers containing nitrates and phosphates (excl. ammonium dihydrogenorthophosphate ...,0,0,0,0,0,0,0,0,0,0,0,0,,,,,,,,,,,,,,,189,133,96,218,25369,164,281,130,8,3,97,35
'320300,"Colouring matter of vegetable or animal origin, incl. dye extracts (excl. animal black), whether ...",0,0,0,0,0,0,0,0,0,0,0,0,,,,,,,,,,,,,,,1023,1046,1184,931,843,1094,1101,1113,680,984,746,1945
'320500,Colour lakes (other than Chinese or Japanese lacquer and paints); preparations based on colour ...,0,0,0,0,0,0,0,0,0,0,0,0,,,,,,,,,,,,,,,551,669,413,378,1147,871,277,362,503,250,131,1361
'320641,Ultramarine and preparations based thereon of a kind used for colouring any material or produce ...,0,0,0,0,0,0,0,0,0,0,0,0,,,,,,,,,,,,,,,138,145,114,89,116,240,45,188,14,80,163,153
'330190,"Extracted oleoresins; concentrates of essential oils in fats, fixed oils, waxes and the like, ...",5,0,0,0,0,0,0,0,0,0,0,0,,,,,,,,,,,,,,,16122,11444,14834,11599,12207,14532,11283,8908,17967,12899,19560,8411
'330410,Lip make-up preparations,0,0,0,0,0,0,0,0,0,0,0,0,,,,,,,,,,,,,,,6246,4772,6323,5562,5980,6738,6454,6345,4488,6582,6786,5875
'330499,"Beauty or make-up preparations and preparations for the care of the skin (other than medicaments), ...",0,7,5,0,17,28,0,0,0,0,0,0,,,,,,,,,,,,,,,28978,27079,30786,26329,31901,27527,25793,29484,26234,26099,28003,30616
'330749,"Preparations for perfuming or deodorising rooms, incl. odoriferous preparations used during ...",4,2,1,8,7,2,9,0,2,2,1,0,,,,,,,,,,,,,,,1529,969,1491,1112,1737,1433,1199,823,1065,574,769,834
'381190,"Oxidation inhibitors, gum inhibitors, viscosity improvers, anti-corrosive preparations and ...",0,0,0,0,0,0,0,0,0,1,0,0,,,,,,,,,,,,,,,2844,3331,2726,5519,4966,5178,5719,3698,3616,2715,2854,2323
'381231,"Mixtures of oligomers of 2,2,4-trimethyl-1,2-dihydroquinoline ""TMQ""",0,91,26,45,79,23,101,7,23,0,22,0,,,,,,,,,,,,,,,1130,569,1157,956,1102,696,816,644,743,900,748,955
'381800,"Chemical elements and compounds doped for use in electronics, in the form of discs, wafers, ...",0,0,0,0,0,0,0,0,0,0,0,0,,,,,,,,,,,,,,,22684,22855,30638,32782,37803,37204,40860,47316,34892,24410,38155,94066
'382219,"Diagnostic or laboratory reagents on a backing, prepared diagnostic or laboratory reagents ...",0,0,0,0,0,0,0,0,0,0,0,0,,,,,,,,,,,,,,,59733,60976,65953,59210,59349,60033,61210,68089,49646,58359,73416,71331
'382319,"Fatty acids, industrial, monocarboxylic; acid oils from refining (excl. stearic acid, oleic ...",67,0,113,0,258,158,0,0,196,0,38,0,,,,,,,,,,,,,,,49701,55210,69522,58010,53778,34895,39549,30485,48770,34202,38241,37190
'382450,Non-refractory mortars and concretes,0,0,0,0,0,0,26,0,0,0,0,0,,,,,,,,,,,,,,,1160,1143,1639,1413,1590,1535,1071,2003,1065,1475,1632,521
'382489,Mixtures and preparations containing short-chain chlorinated paraffins,0,0,0,0,0,0,0,0,0,0,0,0,,,,,,,,,,,,,,,6,0,3,0,74,0,1,2,0,0,11,0
'382492,Polyglycol esters of methylphosphonic acid,0,0,0,0,0,0,0,0,0,0,0,0,,,,,,,,,,,,,,,47,289,12,150,66,35,83,188,15,0,72,32
'382561,"Wastes from chemical or allied industries, mainly containing organic constituents (excl. anti-freeze ...",0,0,0,0,0,0,0,0,0,0,0,0,,,,,,,,,,,,,,,0,0,0,0,0,0,0,0,0,0,0,0
'382768,"Mixtures containing other hydrofluorocarbons ""HFCs"" than in subheadings of 3827 till 3827.59, ...",0,0,0,0,0,0,0,0,0,0,0,0,,,,,,,,,,,,,,,419,3,310,22,413,962,89,2775,36,0,32,28
'390220,"Polyisobutylene, in primary forms",0,0,0,0,0,0,0,0,0,0,0,0,,,,,,,,,,,,,,,3802,4064,3630,3280,3683,2766,1346,2675,3442,2963,2706,3568
'390440,"Vinyl chloride copolymers, in primary forms (excl. vinyl chloride-vinyl acetate copolymers)",0,0,0,32,0,0,0,0,0,0,0,0,,,,,,,,,,,,,,,467,414,1251,527,439,665,156,458,993,347,187,388
'390519,"Poly""vinyl acetate"", in primary forms (excl. in aqueous dispersion)",0,0,0,0,0,0,0,0,0,0,0,0,,,,,,,,,,,,,,,86,166,132,177,120,260,51,240,152,39,103,93
'390529,"Vinyl acetate copolymers, in primary forms (excl. in aqueous dispersion)",0,0,0,0,0,0,0,0,0,0,0,0,,,,,,,,,,,,,,,12326,10387,13784,11700,10706,10574,6490,9240,9814,6279,11763,8590
'390939,"Amino-resins, in primary forms (excl. urea, thiourea and melamine resins and MDI)",0,0,0,0,0,0,0,3,0,0,0,0,,,,,,,,,,,,,,,4498,4533,3768,2569,4369,4530,3651,3532,3194,3207,4021,4071
'391400,"Ion-exchangers based on polymers of heading 3901 to 3913, in primary forms",0,0,0,0,27,0,0,0,0,0,0,0,,,,,,,,,,,,,,,4241,7173,5672,9462,5518,4795,9415,7814,5638,4928,5914,4060
'391620,"Monofilament with any cross-sectional dimension of > 1 mm, rods, sticks and profile shapes, ...",0,0,0,0,0,0,0,0,0,0,0,0,,,,,,,,,,,,,,,11647,10060,11708,9926,11255,10305,9676,9757,10711,8806,11790,10679
'391710,"Artificial guts ""sausage casings"" of hardened protein or cellulose materials",0,0,0,0,0,0,0,0,0,0,0,0,,,,,,,,,,,,,,,95,137,63,192,196,181,41,332,257,74,495,121
'340520,"Polishes, creams and similar preparations, for the maintenance of wooden furniture, floors ...",0,0,0,0,0,0,0,0,0,0,0,0,,,,,,,,,,,,,,,4,13,39,11,25,11,5,28,15,15,9,3
'340700,"Modelling pastes, incl. those put up for children's amusement; preparations known as ""dental ...",0,0,0,0,0,0,0,0,0,0,0,0,,,,,,,,,,,,,,,848,579,895,927,985,1145,961,1289,1124,946,936,750
'350790,"Enzymes and prepared enzymes, n.e.s. (excl. rennet and concentrates thereof)",0,0,0,0,0,6,1,0,12,8,20,0,,,,,,,,,,,,,,,21061,17707,21900,13246,18978,25323,16961,19165,18601,17819,23407,21275
'360340,Detonating caps,0,0,0,0,0,0,0,0,0,0,0,0,,,,,,,,,,,,,,,0,0,0,0,0,0,0,0,0,0,0,0
'370130,"Photographic plates and film in the flat, sensitised, unexposed, with any side > 255 mm",0,0,0,0,0,0,0,0,0,0,0,0,,,,,,,,,,,,,,,4468,3726,5402,3278,4386,4536,4081,4143,4531,3637,3422,3146
'370243,"Photographic film ""incl. instant print film"", sensitised, in rolls, unexposed, without perforations, ...",0,0,0,0,0,0,0,0,0,0,0,0,,,,,,,,,,,,,,,8,24,638,385,10,463,6,27,113,23,6,17
'370610,"Cinematographic film, exposed and developed, whether or not incorporating soundtrack or consisting ...",0,0,0,0,0,0,0,0,0,0,0,0,,,,,,,,,,,,,,,0,0,0,18,0,0,0,0,0,0,0,0
'370790,"Preparation of chemicals for photographic uses, incl. unmixed products put up in measured portions ...",0,0,0,0,0,0,174,0,0,0,0,0,,,,,,,,,,,,,,,2283,1674,1792,2237,2067,2106,1788,1795,2123,1688,1679,1993
'380859,Goods of heading 3808 containing one or more of the following substances: alachlor (ISO); aldicarb ...,0,0,0,0,0,0,0,0,0,0,0,0,,,,,,,,,,,,,,,9,1245,0,41,55,10,0,0,7,0,2,0
'380869,"Goods of heading 3808, containing alpha-cypermethrin ""ISO"", bendiocarb ""ISO"", bifenthrin ""ISO"", ...",0,0,0,86,0,0,0,0,0,0,0,0,,,,,,,,,,,,,,,6372,3274,8168,1541,1402,4220,97,1144,2008,1865,993,1256
'392059,"Plates, sheets, film, foil and strip, of non-cellular acrylic polymers, not reinforced, laminated, ...",0,0,0,0,0,0,0,0,0,56,0,0,,,,,,,,,,,,,,,1245,712,779,1340,1588,1035,956,745,984,1194,537,601
'400220,"Butadiene rubber ""BR"", in primary forms or in plates, sheets or strip",0,0,0,0,0,0,0,0,7,0,3,0,,,,,,,,,,,,,,,27161,23038,27673,26458,23728,25973,20677,21124,27256,23386,24102,29894
'400239,"Halo-isobutene-isoprene rubber ""CIIR"" or ""BIIR"", in primary forms or in plates, sheets or strip",23,0,0,0,0,0,0,0,0,0,0,0,,,,,,,,,,,,,,,6632,7011,12948,11364,11381,11082,10371,9823,8838,8482,9516,9458
'400260,"Isoprene rubber ""IR"", in primary forms or in plates, sheets or strip",0,0,0,0,0,0,0,0,0,0,0,0,,,,,,,,,,,,,,,6175,891,11090,2498,3358,6806,7246,3640,5221,6757,2202,3966
'400300,"Reclaimed rubber in primary forms or in plates, sheets or strip",23,0,0,0,0,0,0,0,0,0,0,0,,,,,,,,,,,,,,,100,97,73,91,52,119,68,240,58,90,120,389
'400520,"Compounded rubber, unvulcanised, in the form of solutions or dispersions (excl. rubber compounded ...",0,0,0,0,0,0,0,0,0,0,0,0,,,,,,,,,,,,,,,526,202,301,354,193,322,295,220,170,148,236,298
'400912,"Tubes, pipes and hoses, of vulcanised rubber (excl. hard rubber), not reinforced or otherwise ...",0,0,0,0,0,0,0,0,0,0,0,0,,,,,,,,,,,,,,,493,248,397,329,296,1260,415,380,466,5942,265,280
'400921,"Tubes, pipes and hoses, of vulcanised rubber (excl. hard rubber), reinforced or otherwise combined ...",0,0,0,0,0,0,0,0,0,0,0,0,,,,,,,,,,,,,,,3725,3895,3399,3462,3372,3511,3109,3012,3421,2265,3240,3103
'401211,"Retreaded pneumatic tyres, of rubber, of a kind used on motor cars ""incl. station wagons and ...",0,0,0,0,0,0,0,0,0,0,0,0,,,,,,,,,,,,,,,0,0,0,0,0,0,0,0,0,0,0,0
'401213,"Retreaded pneumatic tyres, of rubber, of a kind used on aircraft",0,0,0,0,0,0,0,0,0,0,0,0,,,,,,,,,,,,,,,1030,390,876,1291,951,552,815,935,471,1129,759,954
'401410,"Sheath contraceptives, of vulcanised rubber (excl. hard rubber)",0,0,0,0,0,0,0,0,0,0,0,0,,,,,,,,,,,,,,,555,308,507,158,792,182,795,622,206,324,529,556
'401490,"Hygienic or pharmaceutical articles, incl. teats, of vulcanised rubber (excl. hard rubber), ...",0,0,0,0,0,0,0,0,0,0,0,0,,,,,,,,,,,,,,,1621,833,1656,722,1387,1894,1523,1477,1097,945,1152,1300
'401691,"Floor coverings and mats, of vulcanised rubber (excl. hard rubber), with chamfered sides, rounded ...",0,0,0,0,0,0,0,0,0,0,0,0,,,,,,,,,,,,,,,845,796,973,1075,1136,988,980,1052,1203,993,1052,1187
'410150,"Whole raw hides and skins of bovine ""incl. buffalo"" or equine animals, whether or not dehaired ...",0,0,0,0,0,0,0,0,8,0,0,0,,,,,,,,,,,,,,,1327,1053,1554,2012,1170,1293,1173,966,1031,833,743,460
'410510,"Skins of sheep or lambs, in the wet state ""incl. wet-blue"", tanned, without wool on, whether ...",0,0,0,0,0,0,0,0,0,0,0,0,,,,,,,,,,,,,,,3693,2976,3311,4235,3854,3160,2929,2630,3535,3197,2411,1842
'410692,"Hides and skins of antelopes, deer, elks, elephants and other animals, incl. sea animals, without ...",0,0,0,0,0,0,0,0,0,0,0,0,,,,,,,,,,,,,,,21,0,8,2,1,1,6,0,0,0,0,0
'411320,"Leather further prepared after tanning or crusting ""incl. parchment-dressed leather"", of pigs, ...",0,0,0,0,0,0,0,0,0,0,0,0,,,,,,,,,,,,,,,108,20,80,184,35,29,0,83,28,26,11,134
'420211,"Trunks, suitcases, vanity cases, executive-cases, briefcases, school satchels and similar containers, ...",0,0,0,0,0,0,0,0,0,0,0,0,,,,,,,,,,,,,,,170,198,145,164,176,352,106,297,221,127,198,92
'420221,"Handbags, whether or not with shoulder straps, incl. those without handles, with outer surface ...",0,0,0,0,0,0,0,0,0,0,0,0,,,,,,,,,,,,,,,2593,2609,3069,2505,3013,2556,2459,3112,2759,2742,3154,2787
'420310,"Articles of apparel, of leather or composition leather (excl. clothing accessories, footware ...",29,0,0,0,0,46,0,0,0,0,0,0,,,,,,,,,,,,,,,137,73,227,146,271,241,208,274,288,291,226,230
'420330,"Belts and bandoliers, of leather or composition leather",0,0,0,0,0,0,0,1,2,0,0,0,,,,,,,,,,,,,,,440,618,651,477,428,751,574,724,643,656,505,435
'430400,"Artificial fur and articles thereof (excl. gloves made of leather and artificial fur, footware ...",0,0,0,0,0,0,0,0,0,0,0,0,,,,,,,,,,,,,,,61,113,116,69,77,58,29,34,52,69,29,28
'440112,"Fuel wood, in logs, billets, twigs, faggots or similar forms, non-coniferous",0,0,0,0,0,0,0,0,0,0,0,0,,,,,,,,,,,,,,,0,0,0,0,0,0,0,0,0,0,0,10
'440149,"Wood waste and scrap, not agglomerated (excl. sawdust)",0,0,0,0,0,0,0,0,0,0,0,0,,,,,,,,,,,,,,,28,40,38,8,109,58,46,9,26,15,33,24
'440321,"Pine ""Pinus spp."" in the rough, of which the smallest cross-sectional dimension is =>15 cm, ...",0,0,0,0,0,0,0,0,0,0,0,0,,,,,,,,,,,,,,,30497,26152,37675,22342,29526,31886,39059,30505,53903,34512,27142,32926
'440349,"Tropical wood in the rough, whether or not stripped of bark or sapwood, or roughly squared ...",0,0,0,0,0,0,0,0,0,0,0,0,,,,,,,,,,,,,,,69,141,58,25,206,38,14,0,3,1,47,9
'440391,"Oak ""Quercus spp."" in the rough, whether or not stripped of bark or sapwood, or roughly squared ...",0,0,0,0,0,0,0,0,0,0,0,0,,,,,,,,,,,,,,,25,187,239,104,97,112,41,33,74,33,93,133
'440393,"Beech ""Fagus spp."" in the rough, of which any cross-sectional dimension is =>15 cm, whether ...",0,0,0,0,0,0,0,0,0,0,0,0,,,,,,,,,,,,,,,1414,1937,893,331,662,414,524,710,919,112,271,445
'440395,"Birch ""Betula spp."" in the rough, of which any cross-sectional dimension is =>15 cm, whether ...",0,0,0,0,0,0,0,0,0,0,0,0,,,,,,,,,,,,,,,0,0,6,0,0,0,8,0,0,0,0,0
'440711,"Pine ""Pinus spp."" sawn or chipped lengthwise, sliced or peeled, whether or not planed, sanded ...",0,0,0,0,0,0,0,0,0,0,0,0,,,,,,,,,,,,,,,11284,11732,9607,13056,11803,17799,15283,14476,12395,6747,6321,6430
'440725,"Dark red meranti, light red meranti and meranti bakau, sawn or chipped lengthwise, sliced or ...",0,0,0,0,0,0,0,0,0,0,0,0,,,,,,,,,,,,,,,101,204,129,460,188,152,449,122,51,385,201,117
'440727,"Sapelli, sawn or chipped lengthwise, sliced or peeled, whether or not planed, sanded or end-jointed, ...",0,0,0,0,0,0,0,0,0,0,0,0,,,,,,,,,,,,,,,0,19,0,0,0,0,0,0,39,0,0,0
'440793,"Maple ""Acer spp."", sawn or chipped lengthwise, sliced or peeled, whether or not planed, sanded ...",0,0,0,0,0,0,0,0,0,0,0,0,,,,,,,,,,,,,,,287,430,289,206,262,143,262,239,193,57,180,104
'440795,"Ash ""Fraxinus spp."", sawn or chipped lengthwise, sliced or peeled, whether or not planed, sanded ...",0,0,0,0,0,0,0,0,0,0,0,0,,,,,,,,,,,,,,,248,417,325,373,564,196,412,287,838,230,160,169
'441233,"Plywood consisting solely of sheets of wood <= 6 mm thick, with at least one outer ply of non-coniferous ...",13,0,34,0,0,0,0,0,0,0,0,0,,,,,,,,,,,,,,,740,318,417,349,693,228,1087,590,756,660,665,482
'441300,"Metallised wood and other densified wood in blocks, plates, strips or profile shapes",0,0,0,8,1,0,8,0,8,0,9,0,,,,,,,,,,,,,,,641,753,720,1168,633,716,564,921,1233,267,452,478
'441830,"Posts and beams, of wood (excl. products of 4418.81 to 4418.89)",0,0,0,0,0,0,0,0,0,0,0,0,,,,,,,,,,,,,,,83,0,0,0,123,190,2,0,163,122,200,118
'441892,Cellular wood panels,0,0,0,0,0,0,0,0,0,0,0,0,,,,,,,,,,,,,,,1,6,0,0,0,0,0,0,0,0,1,0
'450390,"Articles of natural cork (excl. cork in square or rectangular blocks, plates, sheets or strips; ...",0,0,0,0,0,0,0,0,0,0,0,0,,,,,,,,,,,,,,,33,17,0,6,20,45,42,52,8,14,2,0
'460121,"Mats, matting and screens of bamboo plaiting materials, flat-woven or bound together in parallel",0,0,0,0,0,0,0,0,0,0,0,0,,,,,,,,,,,,,,,48,41,41,38,89,51,14,3,46,24,20,0
'460199,"Plaiting materials, plaits and similar products of non-vegetable plaiting materials, flat-woven ...",0,0,0,0,0,0,0,0,0,0,0,0,,,,,,,,,,,,,,,101,76,87,99,135,84,89,91,65,101,96,27
'470100,"Mechanical wood pulp, not chemically treated",0,0,0,0,0,0,0,0,0,0,0,0,,,,,,,,,,,,,,,93,451,332,481,337,15,164,32,112,149,347,29
'470500,Wood pulp obtained by a combination of mechanical and chemical pulping processes,0,0,0,0,0,0,0,0,0,0,0,0,,,,,,,,,,,,,,,26733,28721,32704,16661,22401,21444,27655,35265,31224,27257,18195,14662
'480210,Handmade paper and paperboard of any size or shape,0,0,0,0,0,0,0,0,0,0,0,0,,,,,,,,,,,,,,,174,8,43,38,12,76,18,42,36,37,16,3
'480262,"Uncoated paper and paperboard, of a kind used for writing, printing or other graphic purposes, ...",0,0,0,0,0,0,0,0,0,0,0,0,,,,,,,,,,,,,,,0,16,36,32,61,14,14,37,10,83,5,83
'480429,"Sack kraft paper, uncoated, in rolls of a width > 36 cm (excl. unbleached, and goods of heading ...",0,0,0,0,0,0,0,0,0,0,0,0,,,,,,,,,,,,,,,256,642,424,654,776,1001,163,891,227,419,687,817
'480452,"Kraft paper and paperboard, uncoated, in rolls of a width > 36 cm or in square or rectangular ...",0,0,0,0,0,0,0,0,0,0,0,0,,,,,,,,,,,,,,,160,279,167,254,417,40,217,182,70,34,86,86
'510220,"Coarse animal hair, neither carded nor combed (excl. wool, hair and bristles used in the manufacture ...",0,0,0,0,0,0,0,0,0,0,0,0,,,,,,,,,,,,,,,603,301,634,196,105,723,567,209,968,563,0,17
'511120,"Woven fabrics containing predominantly, but < 85% carded wool or carded fine animal hair by ...",0,0,0,0,0,0,0,0,0,0,0,0,,,,,,,,,,,,,,,2,58,2,105,27,2,2,11,25,0,45,25
'511211,Woven fabrics containing >= 85% combed wool or combed fine animal hair by weight and weighing ...,0,0,0,0,0,0,0,0,0,0,0,0,,,,,,,,,,,,,,,557,873,1518,1442,1951,1785,1877,1022,782,1017,1189,845
'520612,"Single cotton yarn containing predominantly, but < 85% cotton by weight, of uncombed fibres ...",0,0,0,0,0,0,0,0,83,129,167,0,,,,,,,,,,,,,,,86,62,87,217,43,442,170,188,210,163,167,0
'520633,"Multiple ""folded"" or cabled cotton yarn containing predominantly, but < 85% cotton by weight, ...",0,0,0,0,0,0,0,0,0,0,0,0,,,,,,,,,,,,,,,0,0,0,0,0,0,1,0,0,0,0,0
'520641,"Multiple ""folded"" or cabled cotton yarn containing predominantly, but < 85% cotton by weight, ...",0,0,0,0,0,0,0,0,0,0,0,0,,,,,,,,,,,,,,,0,0,0,0,0,0,0,0,0,0,0,0
'520643,"Multiple ""folded"" or cabled cotton yarn containing predominantly, but < 85% cotton by weight, ...",0,0,0,0,0,0,14,0,0,0,0,0,,,,,,,,,,,,,,,0,0,0,0,0,0,14,0,0,0,0,0
'520790,"Cotton yarn containing predominantly, but < 85% cotton by weight, put up for retail sale (excl. ...",0,0,0,0,0,0,0,0,0,0,0,0,,,,,,,,,,,,,,,1,2,5,0,54,11,15,12,10,9,15,12
'520859,"Woven fabrics of cotton, containing >= 85% cotton by weight and weighing <= 200 g/m_, printed ...",0,0,0,0,0,0,0,0,0,0,0,0,,,,,,,,,,,,,,,53,250,118,3,134,52,16,170,196,108,34,31
'520929,"Woven fabrics of cotton, containing >= 85% cotton by weight and weighing > 200 g/m_, bleached ...",0,20,0,0,0,0,0,3,0,0,0,0,,,,,,,,,,,,,,,2,74,1,158,0,37,1,77,3,1,27,1
'521039,"Woven fabrics of cotton, containing predominantly, but < 85% cotton by weight, mixed principally ...",0,0,0,27,0,0,0,0,0,0,0,0,,,,,,,,,,,,,,,9,8,46,38,43,37,95,38,53,45,58,27
'521111,"Plain woven fabrics of cotton, containing predominantly, but < 85% cotton by weight, mixed ...",0,0,0,0,0,0,0,0,0,0,0,0,,,,,,,,,,,,,,,56,37,37,130,2,33,0,53,0,13,0,24
'521152,"Woven fabrics of cotton, containing predominantly, but < 85% cotton by weight, mixed principally ...",0,0,0,0,0,0,0,0,0,0,0,0,,,,,,,,,,,,,,,0,0,0,0,0,0,0,1,0,2,0,0
'521211,"Woven fabrics of cotton, containing predominantly, but < 85% cotton by weight, other than those ...",0,0,0,0,0,0,0,0,0,0,0,0,,,,,,,,,,,,,,,2,31,27,11,17,27,0,20,2,6,19,9
'521221,"Woven fabrics of cotton, containing predominantly, but < 85% cotton by weight, other than those ...",0,0,0,0,0,0,0,0,0,0,0,0,,,,,,,,,,,,,,,0,0,0,0,0,0,2,0,0,0,0,0
'521222,"Woven fabrics of cotton, containing predominantly, but < 85% cotton by weight, other than those ...",0,0,0,0,0,0,0,0,0,0,0,0,,,,,,,,,,,,,,,0,0,0,0,0,0,0,3,0,0,0,0
'480530,"Sulphite wrapping paper, uncoated, in rolls of a width > 36 cm or in square or rectangular ...",0,0,0,0,0,0,0,0,0,0,0,0,,,,,,,,,,,,,,,4,2,0,0,5,0,0,3,0,0,1,0
'481019,"Paper and paperboard used for writing, printing or other graphic purposes, not containing fibres ...",0,0,0,0,0,0,0,0,0,0,0,0,,,,,,,,,,,,,,,15986,12255,14469,13365,12926,11973,14879,13166,11450,10337,12774,12109
'481029,"Paper and paperboard used for writing, printing or other graphic purposes, of which > 10% by ...",0,0,0,0,0,0,0,0,1,0,0,0,,,,,,,,,,,,,,,10455,6790,8468,8386,6755,8020,12789,7889,7301,7315,9059,9030
'481031,"Kraft paper and paperboard, bleached uniformly throughout the mass and containing > 95% chemically ...",0,0,0,0,0,1,0,0,0,0,0,0,,,,,,,,,,,,,,,665,712,1092,386,745,449,653,544,509,441,472,387
'482030,"Binders (other than book covers), folders and file covers, of paper or paperboard",0,0,0,0,0,8,0,0,8,0,0,0,,,,,,,,,,,,,,,68,19,60,58,110,37,44,18,43,51,43,65
'482040,"Manifold business forms and interleaved carbon sets, of paper or paperboard",0,0,0,0,0,0,0,0,0,0,0,0,,,,,,,,,,,,,,,0,0,0,1,0,0,0,0,1,0,0,0
'540310,High-tenacity yarn of viscose rayon filament (excl. sewing thread and yarn put up for retail ...,0,0,0,0,0,0,0,0,0,0,0,0,,,,,,,,,,,,,,,4,0,5,14,5,49,21,2,0,97,37,19
'540332,"Yarn of viscose rayon filament, incl. monofilament of < 67 decitex, single, with a twist of ...",0,0,0,0,0,0,0,0,0,0,0,0,,,,,,,,,,,,,,,0,2,0,0,0,0,0,0,0,0,0,0
'540720,"Woven fabrics of strip or the like, of synthetic filament, incl. monofilament of >= 67 decitex ...",0,0,0,1,0,0,0,0,0,0,0,0,,,,,,,,,,,,,,,242,124,440,336,365,420,230,584,586,374,313,616
'540751,"Woven fabrics of yarn containing >= 85% by weight of textured polyester filaments, incl. monofilament ...",0,0,0,42,31,6,0,7,1,0,0,0,,,,,,,,,,,,,,,910,424,535,1059,787,897,953,691,868,1003,636,634
'540774,"Woven fabrics of yarn containing >= 85% synthetic filament by weight, incl. monofilament of ...",0,0,0,0,0,0,0,0,0,0,0,0,,,,,,,,,,,,,,,116,50,5,5,12,1,12,10,3,43,0,9
'540833,"Woven fabrics of yarn containing predominantly, but < 85% artificial filament by weight, incl. ...",0,0,0,0,0,0,0,0,0,0,0,0,,,,,,,,,,,,,,,9,2,51,26,26,41,19,134,74,25,18,57
'550119,"Filament tow as specified in Note 1 to chapter 55, of nylon or other polyamides (excl. of aramids)",0,0,0,0,0,0,0,0,0,0,0,0,,,,,,,,,,,,,,,40,26,0,0,18,38,0,37,3,58,10,24
'550120,"Filament tow as specified in Note 1 to chapter 55, of polyesters",0,0,0,0,0,0,0,0,0,0,0,0,,,,,,,,,,,,,,,143,81,77,116,66,293,180,99,112,77,99,87
'550630,"Acrylic or modacrylic staple fibres, carded, combed or otherwise processed for spinning",0,0,0,0,0,0,0,0,0,0,0,0,,,,,,,,,,,,,,,43,29,6,0,60,5,80,37,0,117,10,64
'550911,Single yarn containing >= 85% nylon or other polyamide staple fibres by weight (excl. sewing ...,0,0,0,0,0,0,0,0,0,0,0,0,,,,,,,,,,,,,,,169,31,272,67,170,312,125,57,134,130,124,25
'550991,"Yarn containing predominantly, but < 85% synthetic staple fibres by weight, mixed principally ...",0,0,0,0,0,0,0,0,0,0,0,0,,,,,,,,,,,,,,,0,16,0,0,0,0,0,0,0,0,43,0
'551020,"Yarn containing predominantly, but < 85% artificial staple fibres by weight, mixed principally ...",0,0,0,0,0,0,0,0,0,0,0,0,,,,,,,,,,,,,,,0,0,0,0,7,0,0,0,42,2,0,0
'551120,"Yarn containing predominantly, but < 85% synthetic staple fibres by weight, put up for retail ...",0,0,0,0,0,0,0,0,0,0,0,0,,,,,,,,,,,,,,,1,7,0,1,1,0,0,0,0,0,0,0
'551211,"Woven fabrics containing >= 85% polyester staple fibres by weight, unbleached or bleached",0,0,0,0,0,0,0,0,0,0,0,0,,,,,,,,,,,,,,,456,403,402,594,347,621,815,608,729,528,689,212
'551430,"Woven fabrics containing predominantly, but < 85% synthetic staple fibres by weight, mixed ...",0,0,0,0,0,0,0,0,0,0,0,0,,,,,,,,,,,,,,,26,76,24,34,22,33,11,12,24,28,3,17
'551623,"Woven fabrics containing predominantly, but < 85% artificial staple fibres, mixed principally ...",0,0,0,0,0,0,0,0,0,0,0,0,,,,,,,,,,,,,,,23,44,17,8,35,16,32,26,8,128,4,31
'560121,"Wadding of cotton and articles thereof (excl. sanitary towels and tampons, napkins and napkin ...",0,23,0,0,27,17,0,0,0,39,26,0,,,,,,,,,,,,,,,279,325,260,298,316,370,191,264,423,351,342,212
'560729,"Twine, cordage, ropes and cables, of sisal or other textile fibres of the genus Agave, whether ...",0,0,0,0,0,0,0,0,0,0,5,0,,,,,,,,,,,,,,,75,1,34,11,20,31,56,124,45,8,45,14
'570220,"Floor coverings of coconut fibres ""coir"", woven, whether or not made up",0,0,0,0,0,0,0,0,0,0,0,0,,,,,,,,,,,,,,,141,47,108,23,91,0,2,13,0,15,0,37
'570249,"Carpets and other floor coverings, of vegetable textile materials or coarse animal hair, woven, ...",0,0,0,1,0,0,0,0,0,0,0,0,,,,,,,,,,,,,,,352,308,328,428,409,321,527,490,628,380,408,317
'570291,"Carpets and other floor coverings, of wool or fine animal hair, woven, not tufted or flocked, ...",0,0,0,0,0,0,0,0,0,0,0,0,,,,,,,,,,,,,,,0,1,0,0,0,2,3,0,1,0,23,0
'570329,"Carpets and other floor coverings, of nylon or other polyamides, tufted ""needle punched"", whether ...",0,0,0,0,0,0,0,0,0,0,0,0,,,,,,,,,,,,,,,5099,4511,4784,5186,6121,5948,4746,5220,6334,4230,5246,5633
'581091,"Embroidery of cotton on a textile fabric ground, in the piece, in strips or in motifs (excl. ...",0,0,0,0,0,0,0,0,0,0,0,0,,,,,,,,,,,,,,,21,339,528,228,100,447,401,498,247,58,277,196
'590110,"Textile fabrics coated with gum or amylaceous substances, of a kind used for the outer covers ...",0,0,0,0,0,0,0,0,0,0,0,0,,,,,,,,,,,,,,,297,182,250,127,130,204,156,113,166,163,167,146
'590699,"Rubberised textile fabrics (excl. knitted or crocheted textile fabrics, adhesive tape of a ...",0,0,0,0,0,0,0,0,0,0,3,0,,,,,,,,,,,,,,,3681,2605,3144,2621,3342,2590,2626,2367,2203,1789,2178,2006
'600199,"Pile fabrics, knitted or crocheted (excl. cotton or man-made fibres and ""long pile"" fabrics)",0,0,0,0,0,0,0,0,0,0,0,0,,,,,,,,,,,,,,,49,65,422,265,179,111,117,187,264,97,90,503
'600390,"Knitted or crocheted fabrics of a width of <= 30 cm (excl. of cotton, man-made fibres, wool ...",0,0,0,0,0,0,0,0,0,0,0,0,,,,,,,,,,,,,,,8,19,8,26,0,1,7,1,0,4,8,31
'600521,"Unbleached or bleached cotton warp knit fabrics ""incl. those made on galloon knitting machines"", ...",0,0,0,0,0,0,0,0,0,0,0,0,,,,,,,,,,,,,,,47,58,209,54,48,12,16,0,3,0,0,2
'600523,"Cotton warp knit fabrics of yarns of different colours ""incl. those made on galloon knitting ...",0,0,0,0,0,0,0,0,0,0,0,0,,,,,,,,,,,,,,,0,0,0,0,0,0,28,0,0,0,13,0
'600535,"Warp knit fabrics of synthetic fibres, antimalarial, of a width of > 30 cm",0,0,0,0,0,0,0,0,0,0,0,0,,,,,,,,,,,,,,,9,19,0,17,20,57,77,12,184,46,135,210
'580122,"Cut corduroy, of cotton (excl. terry towelling and similar woven terry fabrics, tufted textile ...",0,12,0,0,0,0,0,0,0,0,0,0,,,,,,,,,,,,,,,704,531,281,202,240,89,86,49,80,296,348,212
'580190,"Woven pile fabrics and chenille fabrics (excl. those of man-made fibres, wool or fine animal ...",0,0,0,0,0,0,0,0,0,0,0,0,,,,,,,,,,,,,,,45,121,289,168,185,66,77,62,50,24,57,2
'580220,"Terry towelling and similar woven terry fabrics (excl. those of cotton, narrow woven fabrics ...",0,0,0,0,0,0,0,0,0,0,0,0,,,,,,,,,,,,,,,0,48,91,93,49,44,0,19,12,21,4,70
'600610,"Fabrics, knitted or crocheted, of a width of > 30 cm, of wool or fine animal hair (excl. warp ...",0,0,0,0,22,0,0,0,19,0,0,0,,,,,,,,,,,,,,,21,73,36,34,22,2,3,28,28,8,68,92
'600631,"Unbleached or bleached fabrics, knitted or crocheted, of synthetic fibres, of a width of > ...",0,0,0,0,0,0,0,0,0,0,0,0,,,,,,,,,,,,,,,414,621,356,225,326,364,190,84,211,790,348,189
'600633,"Fabrics, knitted or crocheted, of synthetic fibres, of yarns of different colours, of a width ...",8,6,0,0,157,166,20,0,11,1,2,0,,,,,,,,,,,,,,,507,845,1627,2085,1252,716,617,622,734,564,340,278
'610331,"Men's or boys' jackets and blazers of wool or fine animal hair, knitted or crocheted (excl. ...",0,0,0,0,0,0,0,0,0,0,0,0,,,,,,,,,,,,,,,0,20,6,80,17,12,38,1,3,6,2,0
'610349,"Men's or boys' trousers, bib and brace overalls, breeches and shorts of textile materials, ...",0,0,0,0,0,0,0,0,0,3,26,0,,,,,,,,,,,,,,,221,193,178,180,473,434,545,313,314,453,366,122
'610423,"Women's or girls' ensembles of synthetic fibres, knitted or crocheted (excl. ski ensembles ...",15,0,0,0,0,0,0,0,0,0,0,0,,,,,,,,,,,,,,,232,235,353,278,281,328,792,950,673,288,307,308
'610722,"Men's or boys' nightshirts and pyjamas of man-made fibres, knitted or crocheted (excl. vests ...",0,0,0,0,0,0,0,0,0,0,0,0,,,,,,,,,,,,,,,2,37,48,31,69,87,44,22,13,18,2,1
'610892,"Women's or girls' négligés, bathrobes, dressing gowns, housejackets and similar articles of ...",0,0,0,0,0,0,0,0,0,0,0,0,,,,,,,,,,,,,,,27,27,30,63,49,92,41,43,43,31,31,19
'611019,"Jerseys, pullovers, cardigans, waistcoats and similar articles, of fine animal hair, knitted ...",5,0,0,0,0,0,0,0,0,0,0,0,,,,,,,,,,,,,,,6,34,55,57,101,121,42,34,12,7,2,6
'611522,"Pantyhose and tights of synthetic fibres, knitted or crocheted, measuring per single yarn >= ...",0,8,156,0,0,199,81,514,105,0,0,0,,,,,,,,,,,,,,,7,19,297,16,16,392,215,543,111,66,3,62
'620220,"Women's or girls' overcoats, car-coats, capes, cloaks, anoraks, incl. ski jackets, wind-cheaters, ...",0,0,5,0,0,0,15,0,0,0,0,0,,,,,,,,,,,,,,,70,79,138,103,249,164,241,154,113,45,41,53
'621112,Women's or girls' swimwear (excl. knitted or crocheted),0,3,0,0,0,0,0,0,0,0,1,0,,,,,,,,,,,,,,,47,62,49,19,14,24,29,30,23,8,36,35
'630120,"Blankets and travelling rugs of wool or fine animal hair (excl. electric, table covers, bedspreads ...",0,0,0,0,0,0,0,0,0,0,0,0,,,,,,,,,,,,,,,23,9,21,26,18,31,54,80,47,26,41,30
'630190,"Blankets and travelling rugs of textile materials (excl. of wool or fine animal hair, cotton ...",0,0,0,2,3,0,1,0,0,0,0,0,,,,,,,,,,,,,,,265,145,165,239,368,493,319,248,228,190,169,141
'630251,Table linen of cotton (excl. knitted or crocheted),0,0,0,0,0,0,0,0,0,0,0,0,,,,,,,,,,,,,,,4,8,10,19,11,7,12,16,34,7,11,9
'630291,"Toilet linen and kitchen linen of cotton (excl. of terry fabrics, floorcloths, polishing cloths, ...",0,0,0,0,0,0,0,0,0,0,0,0,,,,,,,,,,,,,,,5,2,17,15,7,19,6,26,12,1,29,2
'630319,"Curtains, incl. drapes, and interior blinds, curtain or bed valances, knitted or crocheted ...",0,0,0,0,0,0,0,0,0,0,0,0,,,,,,,,,,,,,,,1,0,0,25,1,0,1,17,1,1,9,2
'630391,"Curtains, incl. drapes, and interior blinds, curtain or bed valances of cotton (excl. knitted ...",0,0,0,0,0,0,0,0,0,0,0,0,,,,,,,,,,,,,,,6,8,3,10,3,9,6,4,30,7,2,1
'630539,"Sacks and bags, for the packing of goods, of man-made textile materials (excl. of polyethylene ...",9,29,32,33,28,7,0,7,0,0,0,0,,,,,,,,,,,,,,,175,73,208,304,254,256,378,322,96,197,204,245
'630720,"Life jackets and life belts, of all types of textile materials",0,0,0,0,9,0,0,0,0,0,0,0,,,,,,,,,,,,,,,317,158,270,548,328,145,310,303,140,173,194,164
'620461,"Women's or girls' trousers, bib and brace overalls, breeches and shorts of wool or fine animal ...",0,0,0,0,0,0,0,11,0,0,0,0,,,,,,,,,,,,,,,19,17,10,23,42,49,32,27,34,22,31,31
'620829,Women's or girls' nightdresses and pyjamas of textile materials (excl. cotton and man-made ...,0,0,0,0,0,0,0,0,0,0,0,0,,,,,,,,,,,,,,,88,84,108,123,166,296,146,99,55,65,43,82
'620891,"Women's or girls' singlets and other vests, briefs, panties, négligés, bathrobes, dressing ...",0,0,0,0,7,17,0,0,0,0,0,0,,,,,,,,,,,,,,,23,20,24,9,19,27,21,18,17,8,60,27
'640220,"Footwear with outer soles and uppers of rubber or plastics, with upper straps or thongs assembled ...",0,45,50,88,144,127,267,244,50,113,51,0,,,,,,,,,,,,,,,6,45,72,88,160,221,328,303,307,215,184,138
'640312,"Ski-boots, cross-country ski footwear and snowboard boots, with outer soles of rubber, plastics, ...",0,0,0,0,0,0,0,0,0,0,0,0,,,,,,,,,,,,,,,0,0,0,0,0,0,9,18,8,0,2,0
'640351,"Footwear with outer soles and uppers of leather, covering the ankle (excl. incorporating a ...",0,0,0,0,0,0,0,0,0,0,0,0,,,,,,,,,,,,,,,1,0,3,0,10,83,179,14,18,6,8,20
'680690,"Mixtures and articles of heat-insulating, sound-insulating or sound absorbing mineral materials ...",0,0,1,2,24,19,12,8,0,0,5,0,,,,,,,,,,,,,,,6099,5315,5621,3723,3924,4224,4935,5010,3787,3604,4667,4209
'681599,"Articles of stone or of other mineral substances, n.e.s.",0,54,0,0,0,0,1,1,0,1,0,0,,,,,,,,,,,,,,,3951,9180,5296,3445,3926,4626,4117,3486,4321,3942,4123,4496
'690911,"Ceramic wares for laboratory, chemical or other technical uses, of porcelain or china (excl. ...",0,0,0,0,0,0,0,0,0,0,0,0,,,,,,,,,,,,,,,534,219,530,626,171,380,448,292,928,113,168,359
'691190,"Household and toilet articles, of porcelain or china (excl. tableware and kitchenware, baths, ...",0,0,0,0,0,0,0,0,0,3,0,0,,,,,,,,,,,,,,,177,78,62,188,205,156,245,262,239,153,210,175
'691310,"Statuettes and other ornamental articles of porcelain or china, n.e.s.",0,0,0,0,0,0,0,0,0,0,0,0,,,,,,,,,,,,,,,226,263,246,500,858,668,360,331,384,333,285,406
'700220,"Rods of glass, unworked",0,0,0,0,0,0,0,0,0,0,0,0,,,,,,,,,,,,,,,11581,7398,11079,10049,14819,9661,10818,13315,12709,6178,13722,15737
'701110,"Glass envelopes, incl. bulbs and tubes, open, and glass parts thereof, without fittings, for ...",0,0,0,0,0,0,0,0,0,0,0,0,,,,,,,,,,,,,,,131,66,67,140,157,118,119,12,166,98,148,71
'701322,"Drinking glasses, stemware, of lead crystal",0,0,0,0,0,0,0,0,0,0,0,0,,,,,,,,,,,,,,,2,15,0,2,0,25,20,4,8,3,12,1
'701610,"Glass cubes and other glass smallwares, whether or not on a backing, for mosaics or similar ...",0,0,0,0,1,0,0,0,0,0,0,0,,,,,,,,,,,,,,,653,569,739,538,439,1561,631,679,705,755,794,884
'701720,"Laboratory, hygienic or pharmaceutical glassware, whether or not graduated or calibrated, having ...",0,0,0,0,0,0,0,0,0,0,0,0,,,,,,,,,,,,,,,1011,847,996,749,1010,1106,535,1071,808,1116,1136,864
'701820,Glass microspheres <= 1 mm in diameter,0,0,0,0,0,0,0,0,0,0,0,0,,,,,,,,,,,,,,,1756,1922,1800,1038,788,992,1577,758,2187,1942,1662,1365
'701961,Closed woven fabrics of rovings of glass fibres,0,0,0,0,0,0,0,0,0,0,0,0,,,,,,,,,,,,,,,678,297,572,329,495,364,610,760,460,423,339,676
'701963,"Closed woven fabrics, plain weave, of glass fibre yarns (excl. coated or laminated)",0,0,0,0,0,0,0,0,0,0,0,0,,,,,,,,,,,,,,,588,646,799,361,551,439,353,218,482,592,549,297
'710812,"Gold, incl. gold plated with platinum, unwrought, for non-monetary purposes (excl. gold in ...",0,0,0,0,0,0,0,0,0,0,0,0,,,,,,,,,,,,,,,2530137,1817548,3941324,5398020,9601729,14703088,4005528,4125159,12050992,7426125,3035171,5605483
'711031,"Rhodium, unwrought or in powder form",0,0,0,0,0,0,0,0,0,0,0,0,,,,,,,,,,,,,,,0,0,382,208,1849,0,131,1184,0,966,5800,2115
'711100,"Base metals, silver or gold, clad with platinum, not further worked than semi-manufactured",0,0,0,0,0,0,0,0,0,0,0,0,,,,,,,,,,,,,,,75,51,62,0,0,29,24,14,0,53,0,0
'720249,"Ferro-chromium, containing by weight <= 4% of carbon",0,0,0,0,0,0,0,0,0,0,0,0,,,,,,,,,,,,,,,194,170,157,80,75,379,465,71,425,158,206,375
'720390,"Spongy ferrous products, obtained from molten pig iron by atomisation, iron of a purity of ...",0,0,0,0,0,0,0,0,0,0,0,0,,,,,,,,,,,,,,,5062,9342,5675,5948,665,16648,3205,1464,7879,0,0,0
'720810,"Flat-rolled products of iron or non-alloy steel, of a width of >= 600 mm, in coils, simply ...",0,0,0,0,0,0,0,0,0,0,0,0,,,,,,,,,,,,,,,16,5,3,0,0,0,0,0,0,0,19,0
'720827,"Flat-rolled products of iron or non-alloy steel, of a width of >= 600 mm, in coils, simply ...",0,0,0,0,0,0,0,0,0,0,0,0,,,,,,,,,,,,,,,3624,4185,2671,3033,3375,3226,3692,3589,2619,4056,1848,2674
'720838,"Flat-rolled products of iron or non-alloy steel, of a width of >= 600 mm, in coils, simply ...",0,0,0,0,0,0,0,0,0,0,0,0,,,,,,,,,,,,,,,34251,34533,58447,46027,50427,31998,34867,20642,37759,34589,28885,40633
'720925,"Flat-rolled products of iron or non-alloy steel, of a width of >= 600 mm, not in coils, simply ...",0,0,0,0,0,0,0,0,0,0,0,0,,,,,,,,,,,,,,,6,0,7,34,0,1,0,0,0,0,0,20
'721061,"Flat-rolled products of iron or non-alloy steel, of a width of >= 600 mm, hot-rolled or cold-rolled ...",0,0,0,0,0,0,0,0,0,0,0,0,,,,,,,,,,,,,,,10217,7857,2183,6160,8029,3900,1996,9019,2711,813,1052,4290
'721113,"Flat-rolled products of iron or non-alloy steel, simply hot-rolled on four faces or in a closed ...",0,0,0,0,0,0,0,0,0,0,0,0,,,,,,,,,,,,,,,0,0,0,0,0,0,0,0,0,0,0,0
'721210,"Flat-rolled products of iron or non-alloy steel, of a width of < 600 mm, hot-rolled or cold-rolled ...",0,0,0,0,0,0,0,0,0,0,0,0,,,,,,,,,,,,,,,13,121,44,0,86,16,1,8,9,28,9,25
'721399,"Bars and rods, hot-rolled, in irregularly wound coils, of iron or non-alloy steel (excl. products ...",0,0,0,0,0,0,0,0,0,0,0,0,,,,,,,,,,,,,,,191,457,508,799,732,665,664,844,517,1046,871,1064
'721491,"Bars and rods, of iron or non-alloy steel, not further worked than hot-rolled, hot-drawn or ...",0,0,0,0,0,0,0,0,0,0,0,0,,,,,,,,,,,,,,,8,16,19,25,1,27,0,298,0,0,0,0
'721510,"Bars and rods, of non-alloy free-cutting steel, not further worked than cold-formed or col ...",0,0,0,0,0,0,0,0,0,0,0,0,,,,,,,,,,,,,,,157,83,143,244,76,115,36,106,126,63,141,45
'721633,"H sections of iron or non-alloy steel, not further worked than hot-rolled, hot-drawn or hot-extruded, ...",0,0,0,0,0,0,0,0,0,0,0,0,,,,,,,,,,,,,,,488,610,2106,1154,958,214,838,746,837,234,288,19
'721669,"Angles, shapes and sections, of iron or non-alloy steel, not further worked than cold-formed ...",0,0,0,0,0,0,0,0,0,0,0,0,,,,,,,,,,,,,,,41,80,13,0,0,71,37,3,77,76,6,15
'721891,"Semi-finished products of stainless steel, of rectangular ""other than square"" cross-section",0,0,0,0,0,0,0,0,0,0,0,0,,,,,,,,,,,,,,,144899,62525,104104,173034,102479,68586,197107,94647,99629,49644,100686,54330
'721911,"Flat-rolled products of stainless steel, of a width of >= 600 mm, not further worked than hot-rolled, ...",0,0,0,0,0,0,0,0,0,0,0,0,,,,,,,,,,,,,,,2685,290,476,530,162,243,744,305,544,255,552,128
'722100,"Bars and rods of stainless steel, hot-rolled, in irregularly wound coils",0,0,0,0,0,0,0,0,0,0,0,0,,,,,,,,,,,,,,,4648,723,3828,2868,1818,2566,1782,3100,1860,1217,1338,2238
'722219,"Bars and rods of stainless steel, only hot-rolled, only hot-drawn or only extruded (excl. of ...",0,0,0,0,0,0,0,0,0,0,0,0,,,,,,,,,,,,,,,1568,1084,818,3418,1685,1901,1984,851,2478,1905,2828,2636
'722230,"Other bars and rods of stainless steel, cold-formed or cold-finished and further worked, or ...",0,0,0,0,0,0,0,0,0,0,0,0,,,,,,,,,,,,,,,2711,1508,1621,2443,1619,2903,2958,2029,3107,2057,1562,2489
'722490,Semi-finished products of alloy steel other than stainless,0,0,0,0,0,0,0,0,0,0,0,0,,,,,,,,,,,,,,,1340,2228,3028,1224,1524,2130,897,718,1668,844,1189,890
'722620,"Flat-rolled products of high-speed steel, of a width of <= 600 mm, hot-rolled or cold-rolled ...",0,0,0,0,0,0,0,0,0,0,0,0,,,,,,,,,,,,,,,181,361,368,126,191,118,102,111,207,131,346,145
'722692,"Flat-rolled products of alloy steel other than stainless, of a width of < 600 mm, not further ...",0,0,0,0,0,0,0,2,0,0,0,0,,,,,,,,,,,,,,,1307,1930,1653,1299,1687,511,1275,1095,1206,798,1105,1368
'722710,"Bars and rods of high-speed steel, hot-rolled, in irregularly wound coils",0,0,0,0,0,0,0,0,0,0,0,0,,,,,,,,,,,,,,,134,199,0,3,23,10,50,0,58,315,83,442
'722830,"Bars and rods of alloy steel other than stainless, not further worked than hot-rolled, hot-drawn ...",0,0,0,0,0,0,0,0,0,0,0,0,,,,,,,,,,,,,,,16008,9107,12226,11175,11956,10946,10966,12178,9735,8150,10086,13830
'730441,"Tubes, pipes and hollow profiles, seamless, of circular cross-section, of stainless steel, ...",84,0,0,0,0,0,95,0,0,0,0,0,,,,,,,,,,,,,,,5580,6236,8806,2710,8135,4833,10139,5580,6310,4977,7236,8755
'730451,"Tubes, pipes and hollow profiles, seamless, of circular cross-section, of alloy steel other ...",0,0,0,0,0,0,0,0,0,0,0,0,,,,,,,,,,,,,,,5177,2100,1879,2989,2489,6427,4174,6389,4821,8893,6626,8287
'730711,Tube or pipe fittings of non-malleable cast iron,0,0,24,24,24,0,24,0,0,24,24,0,,,,,,,,,,,,,,,824,733,948,1241,631,1138,1185,742,1049,543,793,597
'730722,"Threaded elbows, bends and sleeves of stainless steel (excl. cast products)",0,0,0,0,0,0,0,0,0,0,0,0,,,,,,,,,,,,,,,7956,5281,4557,3448,4051,4316,4678,7826,4382,5956,5482,4528
'730820,"Towers and lattice masts, of iron or steel",0,0,0,0,0,68,0,0,0,0,0,0,,,,,,,,,,,,,,,13,171,663,265,93,81,86,277,177,385,340,103
'740919,"Plates, sheets and strip, of refined copper, not in coils, of a thickness of > 0,15 mm (excl. ...",0,0,0,0,0,0,0,0,0,0,0,0,,,,,,,,,,,,,,,8425,5381,6803,4924,7601,5515,3909,7568,4892,6677,8744,5664
'740931,"Plates, sheets and strip, of copper-tin base alloys ""bronze"", of a thickness of > 0,15 mm, ...",0,0,0,0,0,1,0,0,0,0,0,0,,,,,,,,,,,,,,,7767,7956,6200,7175,13758,8641,10585,9121,12306,14075,16712,13554
'741129,"Tubes and pipes of copper alloys (excl. copper-zinc base alloys ""brass"", copper-nickel base ...",0,0,2,0,0,0,0,0,0,0,0,0,,,,,,,,,,,,,,,509,363,540,310,444,323,370,932,461,372,432,551
'750512,"Bars, rods, profiles and wire, of nickel alloys, n.e.s. (excl. electrically insulated products)",0,0,0,0,0,0,0,0,0,0,0,0,,,,,,,,,,,,,,,15629,14441,20230,12131,14840,14548,11934,14450,14260,15122,9056,16427
'760200,"Waste and scrap, of aluminium (excl. slags, scale and the like from iron and steel production, ...",121,0,55,97,51,45,0,0,0,0,0,0,,,,,,,,,,,,,,,331321,351429,420182,425020,432571,464833,425302,382565,395277,332453,293452,329792
'760720,"Aluminium foil, backed, of a thickness (excl. any backing) of <= 0,2 mm (excl. stamping foils ...",0,0,0,1,61,0,3,0,1,343,0,0,,,,,,,,,,,,,,,6779,6931,6470,6642,6867,8140,6385,8945,8308,6939,8587,6140
'761010,"Doors, windows and their frames and thresholds for door, of aluminium (excl. door furniture)",0,0,3,1,0,0,0,0,0,0,0,0,,,,,,,,,,,,,,,2135,2411,1907,2071,2782,2026,1742,2897,1898,2363,2474,1534
'761100,"Reservoirs, tanks, vats and similar containers, of aluminium, for any material (other than ...",0,0,0,0,0,0,0,0,0,0,0,0,,,,,,,,,,,,,,,4180,2569,28,224,11,114,114,4634,4212,306,15,53
'780419,"Lead plates; lead sheets, strip and foil, of a thickness ""excl. any backing"" of > 0,2 mm",0,0,0,0,0,0,0,0,0,0,0,0,,,,,,,,,,,,,,,60,164,42,67,35,8,32,78,43,2,38,59
'790111,"Unwrought zinc, not alloyed, containing by weight >= 99,99% of zinc",0,0,0,0,0,0,0,0,0,0,0,0,,,,,,,,,,,,,,,44864,33304,69298,57883,61784,38486,34436,52364,64480,48576,61213,65314
'790390,"Zinc powders and flakes (excl. grains of zinc, and spangles of heading 8308, and zinc dust)",0,0,0,0,0,0,0,0,0,0,0,0,,,,,,,,,,,,,,,206,714,456,621,802,611,870,445,654,779,655,140
'790500,"Zinc plates, sheets, strip and foil",0,0,0,0,0,0,0,0,0,0,0,0,,,,,,,,,,,,,,,928,1985,1487,2144,1312,3206,333,900,1890,1972,2100,2412
'810110,Tungsten powders,0,0,0,0,0,0,0,0,0,0,0,0,,,,,,,,,,,,,,,808,988,658,1140,698,765,513,773,593,814,1305,1959
'810295,"Molybdenum bars and rods (other than those obtained simply by sintering), profiles, plates, ...",0,0,0,0,0,0,0,0,0,0,0,0,,,,,,,,,,,,,,,786,742,822,938,778,732,482,825,330,595,849,825
'810297,Molybdenum waste and scrap (excl. ash and residues containing molybdenum),0,0,0,0,0,0,0,0,0,0,0,0,,,,,,,,,,,,,,,0,0,0,0,0,0,0,0,0,0,0,0
'810411,"Unwrought magnesium, containing >= 99,8% by weight of magnesium",0,0,0,0,0,0,0,0,0,0,0,0,,,,,,,,,,,,,,,5849,3146,7865,4530,6629,9485,3951,3463,5198,7029,6806,3894
'810921,"Unwrought zirconium and zirconium powders, containing < 1 part hafnium to 500 parts zirconium ...",0,0,0,0,0,0,0,0,0,0,0,0,,,,,,,,,,,,,,,0,280,143,0,0,6,0,0,0,6,0,0
'811241,"Unwrought rhenium and rhenium waste, scrap and powders (excl. ashes and residues)",0,0,0,0,0,0,0,0,0,0,0,0,,,,,,,,,,,,,,,0,0,0,0,0,0,0,0,0,0,0,0
'820140,"Axes, billhooks and similar hewing tools, with working parts of base metal (excl. ice axes)",0,0,0,0,0,0,0,0,0,0,0,0,,,,,,,,,,,,,,,26,15,19,18,12,26,16,16,47,39,44,12
'731300,"Barbed wire of iron or steel; twisted hoop or single flat wire, barbed or not, and loosely ...",0,0,0,0,0,0,0,0,0,0,0,0,,,,,,,,,,,,,,,314,70,766,131,65,33,34,9,62,0,13,123
'731431,"Grill, netting and fencing, of iron or steel wire, welded at the intersection, plated or coated ...",0,0,0,0,0,0,0,0,0,0,0,0,,,,,,,,,,,,,,,351,475,1175,676,1114,932,662,820,884,198,487,165
'731441,"Grill, netting and fencing, of iron or steel wire, not welded at the intersection, plated or ...",0,0,0,0,0,0,0,0,0,0,0,0,,,,,,,,,,,,,,,160,550,339,369,109,520,510,484,57,208,83,174
'731450,"Expanded metal, of iron or steel",0,0,0,0,0,0,0,0,0,0,0,0,,,,,,,,,,,,,,,176,92,284,63,31,88,133,122,113,215,248,187
'731519,"Parts of articulated link chain, of iron or steel",0,0,0,0,0,0,0,0,0,0,0,0,,,,,,,,,,,,,,,1373,1188,1331,894,1257,883,1265,1139,994,926,976,1490
'731582,"Welded link chain of iron or steel (excl. articulated link chain, skid chain and stud-link ...",0,0,0,0,0,0,0,0,0,0,0,0,,,,,,,,,,,,,,,332,166,420,381,297,623,458,365,466,907,655,435
'731821,"Spring washers and other lock washers, of iron or steel",0,0,3,0,0,3,0,0,0,0,3,0,,,,,,,,,,,,,,,1548,1324,1815,1301,1401,1670,1370,1483,1808,1810,1655,1878
'731823,Rivets of iron or steel (excl. tubular and bifurcated rivets for particular uses),0,0,0,3,0,3,0,0,0,0,2,0,,,,,,,,,,,,,,,2499,2371,2218,1914,2632,2457,2461,2307,2431,2420,2225,2212
'732219,"Radiators for central heating, non-electrically heated, and parts thereof, of iron other than ...",0,0,0,0,0,0,0,0,0,0,0,0,,,,,,,,,,,,,,,114,83,147,77,84,41,27,133,9,2,74,104
'732399,"Table, kitchen or other household articles, and parts thereof, of iron other than cast iron ...",0,0,2,2,1,1,1,0,0,0,0,0,,,,,,,,,,,,,,,1506,1637,1677,1605,2300,2248,2319,1671,2266,2753,2160,1651
'732421,"Baths of cast iron, whether or not enamelled",0,0,0,0,0,0,0,0,0,0,0,0,,,,,,,,,,,,,,,11,20,74,56,135,62,2,44,1,0,62,73
'732599,"Cast articles of iron or steel, n.e.s. (excl. articles of non-malleable cast iron, and grinding ...",6,0,0,0,0,0,35,0,1,0,0,0,,,,,,,,,,,,,,,6671,6157,7480,5690,4541,7212,6380,4271,8058,7386,6644,5950
'732611,"Grinding balls and similar articles for mills, of iron or steel, forged or stamped, but not ...",0,0,0,0,0,0,0,0,0,0,0,0,,,,,,,,,,,,,,,104,61,37,16,57,26,95,237,117,80,64,196
'740811,"Wire of refined copper, with a maximum cross-sectional dimension of > 6 mm",0,0,0,0,1,0,0,283,0,0,0,0,,,,,,,,,,,,,,,114015,119387,149926,125521,108364,115244,90700,115303,149986,136652,37911,35235
'830300,"Armoured or reinforced safes, strongboxes and doors and safe deposit lockers for strongrooms, ...",0,0,28,2,3,27,0,9,0,20,13,0,,,,,,,,,,,,,,,1209,735,1798,1393,1563,837,935,944,710,825,677,806
'830610,"Bells, gongs and the like, non-electric, of base metal (excl. musical instruments)",0,0,0,0,0,0,0,1,0,0,0,0,,,,,,,,,,,,,,,42,65,48,42,43,55,53,54,48,34,22,24
'841013,"Hydraulic turbines and water wheels, of a power > 10.000 kW (excl. hydraulic power engines ...",0,0,0,0,0,0,0,0,0,0,0,0,,,,,,,,,,,,,,,0,0,0,0,0,0,0,0,1042,1054,0,0
'841121,Turbopropellers of a power <= 1.100 kW,0,0,0,0,0,0,0,0,0,0,0,0,,,,,,,,,,,,,,,252,173,59,0,6,1785,586,1087,1563,2059,2187,1018
'841182,Gas turbines of a power > 5.000 kW (excl. turbojets and turbopropellers),0,0,0,0,0,0,0,0,0,0,0,0,,,,,,,,,,,,,,,3370,2235,15,2706,0,3655,2231,2319,3932,5717,1429,3615
'841239,Pneumatic power engines and motors (excl. linear acting),0,0,0,0,0,9,0,11,0,0,12,0,,,,,,,,,,,,,,,2281,2328,2448,2416,2983,3005,5123,4291,3064,2715,2732,2841
'841280,"Engines and motors (excl. steam turbines, internal combustion piston engine, hydraulic turbines, ...",0,0,0,0,0,0,0,0,0,0,0,0,,,,,,,,,,,,,,,472,470,937,619,781,521,529,765,495,585,1190,1979
'841330,"Fuel, lubricating or cooling medium pumps for internal combustion piston engine",0,1,1,0,0,0,0,0,0,1,1,0,,,,,,,,,,,,,,,36628,29648,36380,34424,32443,30595,29837,31746,28895,30872,33582,36200
'841430,Compressors for refrigerating equipment,0,0,5,3,5,1,5,1,1,23,0,0,,,,,,,,,,,,,,,38000,26310,27229,25469,22970,24476,21574,38329,51621,51624,52171,59610
'831110,"Coated electrodes of base metal, for electric arc-welding",0,0,0,0,0,0,0,0,0,0,0,0,,,,,,,,,,,,,,,2120,1411,1415,1102,986,889,1324,883,1724,1081,1095,1710
'840140,"Parts of nuclear reactors, n.e.s. [Euratom]",0,0,0,0,0,0,0,0,0,0,0,0,,,,,,,,,,,,,,,6289,7389,0,0,4836,403,404,10293,450,0,0,0
'840690,"Parts of steam and other vapour turbines, n.e.s.",0,0,0,0,0,0,406,0,0,0,0,0,,,,,,,,,,,,,,,4365,4945,3242,10884,6784,8237,7754,14969,17459,6745,17879,9657
'841470,Gas-tight biological safety cabinets,0,0,0,0,0,0,0,0,0,0,0,0,,,,,,,,,,,,,,,4,129,8,75,117,284,93,231,23,46,146,15
'841790,"Parts of industrial or laboratory furnaces, non-electric, incl. incinerators, n.e.s.",0,0,0,0,0,0,0,0,0,0,0,0,,,,,,,,,,,,,,,17945,10915,14100,6284,16017,12198,8843,12688,11636,11249,21061,10808
'841861,Heat pumps (excl. air conditioning machines of heading 8415),0,0,0,0,0,0,0,0,0,0,0,0,,,,,,,,,,,,,,,1350,1189,2485,1942,2088,4659,2633,4141,2844,4596,3325,552
'841891,Furniture designed to receive refrigerating or freezing equipment,0,0,0,0,0,0,0,0,0,0,0,0,,,,,,,,,,,,,,,83,236,330,139,188,355,389,294,926,1299,857,362
'841934,"Dryers, for agricultural products (excl. lyophilisation apparatus, freeze drying units and ...",0,0,8,15,0,0,0,0,0,0,0,0,,,,,,,,,,,,,,,19,2,35,19,29,132,158,1017,490,31,123,29
'842091,Cylinders for calendering or other rolling machines (other than for metals or glass),0,0,0,0,0,3,0,0,0,0,2,0,,,,,,,,,,,,,,,367,434,398,453,787,359,364,302,428,721,604,940
'842219,Dishwashing machines (excl. those of the household type),0,0,0,0,0,0,0,0,0,0,0,0,,,,,,,,,,,,,,,1023,1317,1829,1321,1777,1400,1419,1953,2115,2290,2908,1764
'842230,"Machinery for filling, closing, sealing or labelling bottles, cans, boxes, bags or other containers; ...",0,0,0,0,0,0,0,0,0,0,0,0,,,,,,,,,,,,,,,34165,28278,22217,24257,48308,37030,27764,42716,31837,42629,39931,41868
'842430,"Steam or sand blasting machines and similar jet projecting machines, incl. water cleaning appliances ...",22,0,0,23,0,46,0,0,23,0,0,0,,,,,,,,,,,,,,,1538,1376,2473,2586,4756,4949,3062,3522,5977,2703,3639,4456
'842482,"Agricultural or horticultural mechanical appliances, whether or not hand-operated, for projecting ...",0,0,0,0,0,0,0,0,0,0,0,0,,,,,,,,,,,,,,,11327,12814,11420,7339,4698,4478,3074,3385,3705,3715,2890,4106
'842531,Winches and capstans powered by electric motor,0,0,0,0,0,0,46,0,0,0,0,0,,,,,,,,,,,,,,,521,984,807,1384,1410,2332,934,838,1159,2239,885,1727
'842541,Built-in jacking systems of a type used in garages,0,0,0,0,0,0,0,0,0,0,0,0,,,,,,,,,,,,,,,82,142,56,123,61,144,82,37,86,194,101,68
'842620,Tower cranes,0,0,0,0,0,0,0,0,0,0,0,0,,,,,,,,,,,,,,,1206,1872,2782,3054,1592,4966,1984,1646,3985,4720,3509,6383
'842710,"Self-propelled trucks fitted with lifting or handling equipment, powered by an electric motor",0,0,0,0,0,0,0,0,0,0,0,0,,,,,,,,,,,,,,,14047,10110,15968,14981,11467,16593,15452,10654,14229,11572,10316,12890
'842870,Industrial robots,0,2,0,0,0,0,0,6,0,0,0,0,,,,,,,,,,,,,,,293,1508,2067,648,6032,1592,2493,2505,2722,965,577,4625
'842919,"Self-propelled bulldozers and angledozers, on wheels",0,0,0,0,0,0,0,0,0,0,0,0,,,,,,,,,,,,,,,1408,3453,5184,2424,816,4877,827,1869,4127,4523,10240,11114
'843031,Self-propelled coal or rock cutters and tunnelling machinery (excl. hydraulically operated ...,0,0,0,0,0,0,0,0,0,0,0,0,,,,,,,,,,,,,,,3949,4554,390,11646,15361,10720,7338,13713,803,12652,63888,6433
'843120,"Parts of fork-lift trucks and other works trucks fitted with lifting or handling equipment, ...",0,2,0,1,0,0,0,2,0,0,0,0,,,,,,,,,,,,,,,6567,5729,5013,5721,3937,4383,3486,4578,4604,4431,4810,5384
'843320,"Mowers, incl. cutter bars for tractor mounting (excl. mowers for lawns, parks or sports grounds)",0,0,0,0,0,0,0,0,0,0,0,0,,,,,,,,,,,,,,,114,195,123,296,275,233,129,74,85,44,76,194
'843340,"Straw or fodder balers, incl. pick-up balers",0,0,0,0,0,0,0,0,0,0,0,0,,,,,,,,,,,,,,,0,185,510,5151,2847,2552,851,348,51,90,138,175
'843352,Threshing machinery (excl. combine harvester-threshers),0,0,0,0,0,0,0,0,0,0,0,0,,,,,,,,,,,,,,,156,169,156,303,311,343,243,130,342,111,127,184
'843680,"Agricultural, horticultural, forestry or bee-keeping machinery, n.e.s.",0,0,0,0,0,0,1,0,0,0,0,0,,,,,,,,,,,,,,,1011,1749,1378,597,648,1410,253,467,2337,1086,2763,1003
'843790,Parts of machinery used in the milling industry or for the working of cereals or dried leguminous ...,1,55,0,0,12,0,24,54,0,0,0,0,,,,,,,,,,,,,,,1839,1160,2339,2533,1628,2598,2252,2971,2606,2964,1731,1398
'843840,"Brewery machinery (excl. centrifuges and filtering, heating or refrigerating equipment)",0,0,0,0,0,0,0,0,0,0,0,0,,,,,,,,,,,,,,,208,63,520,27,435,9,14,19,23,29,19,278
'843910,"Machinery for making pulp of fibrous cellulosic material (excl. autoclaves, boilers and other ...",0,0,0,0,0,0,0,0,0,0,0,0,,,,,,,,,,,,,,,453,3019,1574,4791,1550,69,77,51,464,8594,334,372
'843999,"Parts of machinery for making or finishing paper or paperboard, n.e.s.",0,0,19,0,0,0,0,0,0,0,0,0,,,,,,,,,,,,,,,2886,2858,4201,7146,7297,13259,10474,8403,10243,6483,2791,2236
'844010,"Bookbinding machinery, incl. book-sewing machines (excl. machinery of heading 8441, general-purpose ...",0,0,0,0,0,0,0,0,0,0,0,0,,,,,,,,,,,,,,,2930,823,913,728,514,2195,459,1056,6903,824,845,322
'844140,"Machines for moulding articles in paper pulp, paper or paperboard (excl. drying equipment)",0,0,0,0,0,0,0,0,0,0,0,0,,,,,,,,,,,,,,,1971,842,2276,546,2765,2260,1864,729,1688,1612,1686,3064
'844311,"Offset printing machinery, reel fed",0,0,0,0,0,0,0,0,0,0,0,0,,,,,,,,,,,,,,,1055,0,665,115,109,373,79,13,654,15,472,416
'844400,"Machines for extruding, drawing, texturing or cutting man-made textile materials",0,0,0,0,0,0,0,0,0,0,0,0,,,,,,,,,,,,,,,5979,8208,10540,6431,13876,16302,31591,6294,20900,8683,21162,8551
'844530,Textile doubling or twisting machines,0,0,0,0,0,0,0,0,0,0,0,0,,,,,,,,,,,,,,,304,1074,705,303,1,1389,290,565,429,248,420,88
'844590,Machines for producing textile yarns and machines for preparing textile yarns for use on machines ...,0,0,0,0,0,0,0,0,0,0,0,0,,,,,,,,,,,,,,,2210,4079,9074,3641,5549,4296,5337,4288,7472,6260,5541,4430
'844711,"Circular knitting machines, with cylinder diameter <= 165 mm",0,0,0,0,37,0,0,0,0,0,0,0,,,,,,,,,,,,,,,1950,2145,3901,1043,1680,2233,1337,432,1436,1151,902,744
'844820,"Parts and accessories of machines for extruding, drawing, texturing or cutting man-made textile ...",0,0,0,0,0,0,0,0,0,0,0,0,,,,,,,,,,,,,,,3191,2553,2959,3132,2919,3454,2034,3047,2532,2371,1937,2334
'845420,"Ingot moulds and ladles, of a kind used in metallurgy or in metal foundries",0,0,0,0,0,0,0,0,0,0,0,0,,,,,,,,,,,,,,,545,257,312,883,745,734,422,439,413,313,192,1622
'845510,Mills for rolling metal tubes,0,0,0,0,0,0,0,0,0,0,0,0,,,,,,,,,,,,,,,6307,2854,4546,4082,4267,5397,5237,4524,2078,3755,3833,2292
'845522,Cold-rolling mills for metal (excl. tube mills),0,0,0,0,45,0,0,0,0,0,0,0,,,,,,,,,,,,,,,21536,8656,25178,3705,13515,16873,6575,29096,28982,7754,14089,41153
'845949,"Boring machines for metals, not numerically controlled (excl. way-type unit head machines and ...",0,0,0,0,0,0,0,0,0,0,0,0,,,,,,,,,,,,,,,412,543,1023,696,1032,601,669,885,808,510,1057,161
'846019,"Flat-surface grinding machines for finishing metal, not numerically controlled",0,0,0,0,0,0,2,0,0,0,0,0,,,,,,,,,,,,,,,1561,778,1104,1870,727,611,698,743,666,1051,1035,540
'846022,"Centreless grinding machines for finishing metal, numerically controlled (other than gear finishing ...",0,0,0,0,0,0,0,0,0,0,0,0,,,,,,,,,,,,,,,2266,1027,111,939,780,473,187,3896,86,383,978,1082
'846090,"Machines for deburring, polishing or otherwise finishing metal or cermets (excl. grinding, ...",5,0,0,0,1,0,0,1,8,0,0,0,,,,,,,,,,,,,,,3427,2877,3054,6079,4547,5113,5494,3607,3282,9654,3853,3421
'846210,"Forging or die-stamping machines, incl. presses, and hammers",0,0,0,0,0,0,0,0,0,0,0,0,,,,,,,,,,,,,,,0,0,0,0,0,0,0,0,0,0,0,0
'846233,"Numerically controlled shearing machines, for flat products (excl. presses, and combined punching ...",0,0,0,0,0,0,0,0,0,0,0,0,,,,,,,,,,,,,,,61,17,146,78,1685,28,212,1501,1458,213,401,418
'846420,"Grinding or polishing machines, for working stone, ceramics, concrete, asbestos-cement or like ...",0,0,0,0,0,0,0,26,0,6,0,0,,,,,,,,,,,,,,,3051,3767,2454,2417,2864,5473,1961,8603,9201,6011,3337,5046
'846721,"Drills of all kinds for working in the hand, with self-contained electric motor",0,0,0,2,0,0,0,0,0,0,0,0,,,,,,,,,,,,,,,5244,5395,6544,5269,4874,7649,4826,6681,5726,4985,5128,5015
'846789,"Tools for working in the hand, hydraulic or with self-contained non-electric motor (excl. chainsaws ...",0,0,0,0,0,0,10,0,0,0,1,0,,,,,,,,,,,,,,,5637,7358,6655,5509,8135,7609,6814,6276,6890,5913,7449,4028
'847010,Electronic calculators capable of operation without an external source of electric power and ...,0,0,0,0,0,0,0,0,0,0,0,0,,,,,,,,,,,,,,,2438,4184,3695,4278,3647,1520,3414,2998,1609,3409,2162,774
'847090,"Accounting machines, postage-franking machines, ticket-issuing machines and similar machines, ...",0,0,0,0,0,0,0,0,0,41,0,0,,,,,,,,,,,,,,,1804,938,688,1217,686,1079,472,1360,1404,1011,1021,1278
'847149,"Data-processing machines, automatic, presented in the form of systems ""comprising at least ...",0,0,0,0,0,0,0,0,0,0,0,0,,,,,,,,,,,,,,,6738,8832,18001,5249,9965,13890,7031,11798,13466,5798,242622,13434
'847730,Blow-moulding machines for working rubber or plastics,0,0,0,0,0,0,0,0,0,0,0,0,,,,,,,,,,,,,,,5416,11812,5826,12661,8416,9269,4538,15781,13608,16292,22391,4896
'847759,Machinery for moulding or otherwise forming products from rubber or plastics (excl. injection-moulding ...,0,0,0,0,0,0,0,0,0,0,0,0,,,,,,,,,,,,,,,3237,7116,11486,6701,8086,5094,6832,6830,7294,8430,5750,3321
'847982,"Mixing, kneading, crushing, grinding, screening, sifting, homogenising, emulsifying or stirring ...",14,0,0,0,17,0,0,0,0,100,0,0,,,,,,,,,,,,,,,23473,17281,17810,19232,11442,18078,20654,20985,21667,26819,21191,19069
'848020,"Mould bases (other than of graphite or other carbon, ceramic meterials or glass)",0,0,0,0,0,0,0,0,0,0,0,0,,,,,,,,,,,,,,,1674,3675,1935,4386,2533,3068,2778,1751,1523,975,529,485
'847590,"Parts of machines for assembling electric or electronic lamps, tubes or valves or flashbulbs, ...",0,0,0,0,0,0,0,0,0,0,0,0,,,,,,,,,,,,,,,2887,4486,5131,8951,7421,7367,3974,4550,4473,7239,5215,5502
'848140,Safety or relief valves,0,0,0,0,0,1,0,0,0,0,2,0,,,,,,,,,,,,,,,5218,5893,4002,5631,3018,5786,7167,3249,3860,4976,3752,4234
'848360,"Clutches and shaft couplings, incl. universal joints, for machinery",0,1,0,0,0,0,1,0,3,0,2,0,,,,,,,,,,,,,,,14336,29746,15649,12382,12675,12046,27855,13505,12870,12426,11677,13115
'848790,"Parts of machinery of chapter 84, not intended for a specific purpose, n.e.s.",0,1,3,0,0,0,0,0,0,0,0,0,,,,,,,,,,,,,,,8193,6964,11289,8587,7901,8859,8567,9853,7386,9688,8224,11430
'850120,"Universal AC-DC motors of an output > 37,5 W",0,9,64,6,0,0,0,0,0,0,0,0,,,,,,,,,,,,,,,3230,2531,3634,3680,3354,3631,3838,5663,5001,4452,4546,2722
'850239,Generating sets (excl. wind-powered and powered by spark-ignition internal combustion piston ...,0,0,0,0,0,0,0,0,0,0,0,0,,,,,,,,,,,,,,,345,2450,2853,3959,641,4144,492,3711,982,1786,3010,2820
'850432,"Transformers, having a power handling capacity > 1 kVA but <= 16 kVA (excl. liquid dielectric ...",0,0,1,0,0,0,0,0,0,0,0,0,,,,,,,,,,,,,,,2170,1563,1632,1610,2158,1854,1568,2259,2257,3868,2613,2650
'850750,Nickel-metal hydride accumulators (excl. spent),0,0,0,0,0,0,0,0,0,0,0,0,,,,,,,,,,,,,,,7127,6091,8125,4813,7816,7663,6299,5894,6556,6963,7021,2977
'850819,"Vacuum cleaners, incl. dry cleaners and wet vacuum cleaners, with self-contained electric motor ...",0,0,0,0,0,0,0,0,0,0,0,0,,,,,,,,,,,,,,,605,814,1070,1182,1401,900,1044,970,877,1238,1220,655
'851090,"Parts of electric shavers, hair clippers and hair-removing appliances, with self-contained ...",0,0,0,0,0,0,0,0,0,0,0,0,,,,,,,,,,,,,,,475,528,1017,1434,1482,2113,1739,1182,1557,1583,1240,1733
'851439,"Electric industrial or laboratory furnaces and ovens (excl. resistance heated, induction, dielectric, ...",0,0,0,0,0,0,0,0,0,0,0,0,,,,,,,,,,,,,,,6007,6886,7249,6306,3590,4449,3420,3304,12006,2204,6422,5143
'851440,Equipment for the heat treatment of materials by induction or dielectric loss (excl. ovens ...,0,0,0,0,0,0,0,0,0,73,0,0,,,,,,,,,,,,,,,1354,1580,3777,2207,3919,2305,2941,1123,1580,2395,10502,5092
'851521,Fully or partly automatic machines for resistance welding of metals,0,0,0,0,0,0,0,0,0,0,0,0,,,,,,,,,,,,,,,12631,6621,3984,6013,11115,3274,9364,11018,6189,5383,6785,6323
'851539,"Machines for arc welding of metals, incl. plasma arc welding, neither fully nor partly automatic",0,0,0,0,0,0,0,0,309,0,0,0,,,,,,,,,,,,,,,8301,5657,8638,6963,7733,7432,5760,6796,9009,9821,8260,6476
'851650,Microwave ovens,0,0,0,0,0,0,0,0,0,0,0,0,,,,,,,,,,,,,,,5639,5621,6980,9741,8362,6941,3442,4558,3814,6485,4252,5520
'851679,"Electro-thermic appliances, for domestic use (excl. hairdressing appliances and hand dryers, ...",1,58,48,0,0,133,34,0,20,300,73,0,,,,,,,,,,,,,,,2647,2499,4088,3668,6182,4564,3882,2775,4035,4685,3389,1887
'851840,Audio-frequency electric amplifiers,218,0,291,0,308,300,52,0,19,20,0,0,,,,,,,,,,,,,,,6798,4293,7133,6461,8414,7649,6953,8422,5786,7119,7295,7508
'851989,"Sound recording or sound reproducing apparatus (excl. using magnetic, optical or semiconductor ...",0,0,66,0,0,0,63,0,0,94,0,0,,,,,,,,,,,,,,,745,1019,901,1171,1207,1090,1703,978,1145,1276,1413,1219
'852580,"Television cameras, digital cameras and video camera recorders",0,0,0,0,0,0,0,0,0,0,0,0,,,,,,,,,,,,,,,2269,64,16,0,0,0,0,0,20,0,0,0
'852849,"Cathode-ray tube monitors ""CRT"" (excl. computer monitors, with TV receiver)",0,0,0,0,0,0,0,0,0,0,1,0,,,,,,,,,,,,,,,232,731,298,467,371,211,170,178,132,433,277,133
'853921,Tungsten halogen filament lamps (excl. sealed beam lamp units),0,0,0,0,0,0,0,0,0,0,0,0,,,,,,,,,,,,,,,2177,2865,2989,2019,2549,2540,2500,2620,2060,2118,2289,2249
'853952,"Light-emitting diode ""LED"" lamps",0,0,0,0,0,0,0,0,0,0,0,0,,,,,,,,,,,,,,,1180,1081,1531,1147,1298,2000,1754,1877,1590,2070,1843,1068
'854151,Semiconductor-based transducers (excl. photosensitive),0,0,0,0,0,0,0,0,0,0,0,0,,,,,,,,,,,,,,,276,284,591,415,241,265,285,395,407,388,278,339
'854419,"Winding wire for electrical purposes, of material other than copper, insulated",31,41,0,9,18,1,0,1,0,1,14,0,,,,,,,,,,,,,,,7616,5252,5887,5021,4722,4817,4463,5582,5829,4772,6164,3992
'870123,"Road tractors for semi-trailers, with both spark-ignition internal combustion piston engine ...",0,0,0,0,0,0,0,0,0,0,0,0,,,,,,,,,,,,,,,0,0,0,0,0,0,0,0,0,0,0,0
'870230,"Motor vehicles for the transport of >= 10 persons, incl. driver, with both spark-ignition internal ...",0,0,0,0,0,0,0,0,0,0,0,0,,,,,,,,,,,,,,,0,87,0,0,45,0,45,0,95,0,0,0
'870390,Motor cars and other vehicles principally designed for the transport of ...,0,0,0,0,0,0,0,0,510,0,0,0,,,,,,,,,,,,,,,26,0,115,8,2,0,0,283,599,745,0,0
'870520,Mobile drilling derricks,0,0,0,0,0,0,0,0,0,0,0,0,,,,,,,,,,,,,,,0,0,0,0,0,0,0,0,0,99,0,0
'870821,Safety seat belts for motor vehicles,1,2,29,9,0,1,1,4,0,0,45,0,,,,,,,,,,,,,,,3211,2929,3063,2296,3187,1801,2447,3369,3322,2445,3630,3456
'870850,"Drive-axles with differential, whether or not provided with other transmission components, ...",2,0,68,25,32,24,7,3,0,0,0,0,,,,,,,,,,,,,,,27608,25291,27044,24586,24017,29746,26228,28155,27238,25103,34378,37738
'871130,"Motorcycles, incl. mopeds, with reciprocating internal combustion piston engine of a cylinder ...",0,0,0,0,0,0,0,0,0,0,0,0,,,,,,,,,,,,,,,0,985,266,292,659,634,122,34,282,58,209,273
'871310,"Carriages for disabled persons, not mechanically propelled",0,0,0,0,0,0,0,0,0,0,0,0,,,,,,,,,,,,,,,682,833,934,722,863,862,631,721,846,815,882,477
'854911,Waste and scrap of lead-acid accumulators; spent lead-acid accumulators,0,28,0,0,0,0,0,0,0,0,0,0,,,,,,,,,,,,,,,41631,33311,43075,44711,42446,58511,57615,50807,54788,40524,37096,37100
'854939,Waste and scrap of electrical and electronic assemblies and printed circuit boards (excl. for ...,0,0,0,0,0,0,0,0,0,0,0,0,,,,,,,,,,,,,,,0,0,0,0,0,0,0,0,0,0,0,0
'860721,"Air brakes and parts thereof for railway or tramway locomotives or rolling stock, n.e.s.",0,0,0,0,0,0,0,0,0,0,0,0,,,,,,,,,,,,,,,7788,6468,8099,6111,5409,7056,7140,4659,7718,9687,9676,9794
'871493,Hubs and free-wheel sprocket-wheels for cycles (excl. for motorcycles and coaster braking hubs ...,0,0,0,0,0,0,0,0,0,0,0,0,,,,,,,,,,,,,,,249,292,288,449,376,391,344,402,414,210,395,324
'871610,"Trailers and semi-trailers of the caravan type, for housing or camping",0,0,0,0,0,0,0,0,0,0,0,0,,,,,,,,,,,,,,,0,0,0,37,0,0,2,0,0,0,129,62
'880220,"Aeroplanes and other powered aircraft of an unladen weight <= 2.000 kg (excl. helicopters, ...",0,0,0,0,0,0,0,0,0,0,0,0,,,,,,,,,,,,,,,2008,4895,2251,765,7072,5294,1537,8339,6582,0,11746,0
'880260,"Spacecraft, incl. satellites, and suborbital and spacecraft launch vehicles",0,0,0,0,0,0,0,0,0,0,0,0,,,,,,,,,,,,,,,0,0,0,0,0,23536,5,0,0,0,0,73
'880510,"Aircraft launching gear and parts thereof, n.e.s. (excl. motor winches for launching gliders); ...",0,0,0,0,0,0,0,0,0,0,0,0,,,,,,,,,,,,,,,334,100,541,46,15,199,0,0,1,2,0,1848
'880623,"Unmanned aircraft, for remote-controlled flight only, with maximum take-off weight > 7 kg but ...",0,0,0,0,0,0,0,0,0,0,0,0,,,,,,,,,,,,,,,0,0,0,80,7,0,0,0,0,0,0,0
'900659,Cameras for roll film of a width other than 35 mm or for film in the flat (excl. instant print ...,0,0,0,0,0,0,0,0,0,0,0,0,,,,,,,,,,,,,,,36,47,7,30,105,61,102,82,43,61,294,78
'901050,"Apparatus and equipment for photographic or cinematographic laboratories, n.e.s.; negatoscopes",0,0,0,0,0,0,0,0,0,0,0,0,,,,,,,,,,,,,,,171,57,151,63,50,14,100,41,881,77,1737,111
'901090,"Parts and accessories for apparatus and equipment for photographic or cinematographic laboratories, ...",0,0,0,0,0,0,0,0,0,0,0,0,,,,,,,,,,,,,,,53,24,37,94,61,31,62,23,25,69,71,4
'901190,"Parts and accessories for compound optical microscopes, n.e.s.",0,0,0,0,0,0,0,0,0,0,0,0,,,,,,,,,,,,,,,1807,1686,1906,2223,1699,1941,1908,3701,1632,3377,3286,1978
'901310,"Telescopic sights for fitting to arms; periscopes; telescopes designed to form parts of machines, ...",0,0,0,0,0,0,0,0,0,0,0,0,,,,,,,,,,,,,,,515,218,143,77,151,1207,295,507,118,349,360,52
'901600,"Balances of a sensitivity of 50 mg or better, with or without weights",0,0,0,0,0,0,0,0,0,0,0,0,,,,,,,,,,,,,,,3322,2521,2971,2047,2688,2398,1948,3236,2572,4695,2947,2144
'901841,"Dental drill engines, whether or not combined on a single base with other dental equipment",0,0,0,0,0,0,0,0,0,0,0,0,,,,,,,,,,,,,,,111,104,124,241,103,3,110,32,248,173,172,191
'902131,Artificial joints for orthopaedic purposes,0,0,0,0,0,0,0,0,0,0,0,0,,,,,,,,,,,,,,,18971,16629,20845,18994,16993,14756,15646,19075,16323,21216,19982,24904
'902213,Apparatus based on the use of X-rays for dental uses,0,0,0,0,0,0,0,0,0,0,0,0,,,,,,,,,,,,,,,2116,1101,1608,1039,989,819,1405,2566,1720,2662,2185,1019
'902480,Machines and appliances for testing the mechanical properties of materials (excl. metals),31,0,0,0,43,0,164,0,0,0,0,0,,,,,,,,,,,,,,,6331,4895,6145,5222,9796,9482,5335,10930,5059,7840,5965,6726
'902580,"Hydrometers, areometers and similar floating instruments, barometers, hygrometers and psychrometers, ...",0,8,101,0,101,41,73,1,98,148,55,0,,,,,,,,,,,,,,,2689,2161,2953,2416,2274,3187,2689,3185,1983,2356,2989,2185
'880790,"Parts of aircraft and spacecraft, n.e.s.",0,0,0,0,0,0,0,0,0,0,0,0,,,,,,,,,,,,,,,3598,5239,4125,5765,5330,6317,6774,6430,4952,5155,7997,7125
'890190,Vessels for the transport of goods and vessels for the transport of both persons and goods ...,0,0,0,0,0,0,0,0,0,0,0,0,,,,,,,,,,,,,,,46658,14968,0,48891,0,0,68618,0,0,6566,7238,32132
'890322,"Sailboats, with or without auxiliary motor, of a length > 7,5 m but <= 24 m (excl. inflatable)",0,0,0,0,0,0,0,0,0,0,0,0,,,,,,,,,,,,,,,0,0,0,0,0,0,1,0,0,0,0,0
'890510,Dredgers,0,0,0,0,0,0,0,0,0,0,0,0,,,,,,,,,,,,,,,17416,183256,120285,1409,3301,5650,213340,35151,147969,63940,0,0
'900220,"Filters, optical, being parts of or fittings for instruments, apparatus and appliances, framed ...",0,0,0,0,0,0,0,0,0,0,0,0,,,,,,,,,,,,,,,343,275,638,320,322,294,495,498,555,453,437,691
'902781,Mass spectrometers,0,0,0,0,0,0,0,0,0,0,0,0,,,,,,,,,,,,,,,7218,13767,7852,7203,11290,5154,7773,16668,9045,9407,14997,6561
'902830,"Electricity supply or production meters, incl. calibrating meters therefor",0,15,0,0,0,0,0,0,0,0,0,0,,,,,,,,,,,,,,,657,547,666,447,544,1303,836,864,738,423,830,1649
'903039,"Instruments and apparatus for measuring or checking voltage, current, resistance or electrical ...",0,0,0,0,0,0,0,0,0,0,0,0,,,,,,,,,,,,,,,3540,3449,2364,3636,2276,3598,5437,6664,1428,6401,5761,5196
'910599,"Clocks (excl. electrically operated, wrist-watches, pocket-watches and other watches of heading ...",0,0,0,0,0,0,0,0,0,0,0,0,,,,,,,,,,,,,,,136,155,124,107,143,162,248,570,139,89,111,127
'910910,"Clock movements, complete and assembled, electrically operated (excl. watch movements)",0,0,0,0,0,0,0,0,0,0,0,0,,,,,,,,,,,,,,,75,70,17,16,32,7,9,42,41,17,6,30
'911290,"Parts of clock and watch cases, n.e.s. (excl. for wrist-watches, pocket-watches and other watches ...",0,0,0,0,0,0,0,0,0,0,0,0,,,,,,,,,,,,,,,0,0,0,0,2,15,0,1,0,1,1,0
'911320,"Watch straps, watch bands and watch bracelets, and parts thereof, of base metal, whether or ...",0,0,0,0,0,0,0,0,0,0,0,0,,,,,,,,,,,,,,,951,870,843,1281,794,1045,1479,1403,1862,1685,987,1228
'911430,Dials for clocks or watches,0,0,0,0,0,0,0,0,0,0,0,0,,,,,,,,,,,,,,,1002,1189,1386,1148,932,789,962,853,1081,1273,561,1110
'920110,Upright pianos,0,0,0,0,7,0,0,0,0,0,0,0,,,,,,,,,,,,,,,36,176,45,18,101,129,27,72,171,62,50,158
'920120,Grand pianos,0,0,0,0,0,0,0,0,0,0,0,0,,,,,,,,,,,,,,,137,309,43,108,103,222,106,319,525,30,14,111
'920994,"Parts and accessories for musical instruments, the sound of which is produced, or must be amplified, ...",0,0,0,0,2,0,0,0,0,0,0,0,,,,,,,,,,,,,,,1235,1139,874,1183,1328,1520,1076,1482,1285,1288,1355,1339
'940131,"Swivel seats with variable height adjustments, of wood (excl. medical, surgical, dental or ...",0,0,0,0,0,0,1,0,0,0,0,0,,,,,,,,,,,,,,,13,19,9,16,117,154,44,49,6,0,2,9
'940383,"Furniture of rattan (excl. seats and medical, surgical, dental or veterinary furniture)",0,0,0,0,0,0,0,0,0,0,0,0,,,,,,,,,,,,,,,6,0,0,1,0,16,1,0,0,0,1,12
'940541,"Photovoltaic luminaires and lighting fittings, solely for light-emitting diode ""LED"" light ...",0,1,0,0,0,0,0,0,0,0,0,0,,,,,,,,,,,,,,,361,149,234,162,614,191,1246,205,178,463,257,380
'950612,Ski bindings,0,0,0,0,0,0,0,0,0,0,0,0,,,,,,,,,,,,,,,0,0,0,1,8,0,0,2,24,1,0,18
'950661,Tennis balls (excl. table tennis balls),0,0,0,0,0,0,0,0,0,0,0,0,,,,,,,,,,,,,,,379,228,507,392,334,487,146,520,279,640,67,167
'950821,Roller coasters,0,0,0,0,0,0,0,0,0,0,0,0,,,,,,,,,,,,,,,190,0,0,0,0,0,0,832,94,0,26,51
'950823,Dodge’em cars,0,0,0,0,0,0,0,0,0,0,0,0,,,,,,,,,,,,,,,230,73,15,0,0,55,0,0,0,111,14,225
'960321,"Tooth brushes, incl. dental-plate brushes",0,0,0,0,0,0,0,0,0,0,0,0,,,,,,,,,,,,,,,740,859,1213,835,915,1348,618,1060,1109,1256,851,1156
'960400,Hand sieves and hand riddles (excl. colanders),0,0,0,0,0,0,0,0,0,0,0,0,,,,,,,,,,,,,,,0,7,8,24,14,10,8,27,18,25,11,22
'960500,"Travel sets for personal toilet, sewing or shoe or clothes cleaning (excl. manicure sets)",0,0,0,0,0,0,0,0,0,0,3,0,,,,,,,,,,,,,,,96,88,384,41,121,80,47,117,144,115,76,50
'960830,"Fountain pens, stylograph pens and other pens",0,0,0,0,0,0,0,0,0,0,0,0,,,,,,,,,,,,,,,611,834,621,725,541,735,514,649,348,594,565,538
'960891,Pen nibs and nib points,0,0,0,0,0,33,0,0,0,0,0,0,,,,,,,,,,,,,,,963,1097,1320,1576,1044,1763,1691,1882,1468,1603,1741,2326
'961380,"Lighters (excl. gas fuelled pocket lighters, and fuses and primers for propellent powders and ...",0,0,0,0,0,0,0,0,0,0,0,0,,,,,,,,,,,,,,,65,245,75,94,386,112,89,147,307,210,286,249
'970310,"Original sculptures and statuary, in any material, over 100 years old",0,0,0,0,0,0,0,0,0,0,0,0,,,,,,,,,,,,,,,18,66,14,16,31,55,77,19,90,48,14,125
'620433,"Women's or girls' jackets and blazers of synthetic fibres (excl. knitted or crocheted, wind-jackets ...",0,30,15,106,99,61,59,182,69,14,9,1,,,,,,,,,,,,,,,126,213,494,967,1286,1328,1674,1684,1079,530,378,276
'611249,"Women's or girls' swimwear of textile materials, knitted or crocheted (excl. synthetic fibres)",1,0,0,103,0,0,0,0,299,23,0,1,,,,,,,,,,,,,,,25,15,9,127,6,10,19,129,385,66,38,66
'611420,"Special garments for professional, sporting or other purposes, n.e.s., of cotton, knitted or ...",5,0,0,0,1,1,0,0,1,0,0,1,,,,,,,,,,,,,,,224,93,168,118,96,110,91,140,80,152,113,279
'520819,"Woven fabrics of cotton, containing >= 85% cotton by weight and weighing <= 200 g/m_, unbleached ...",0,0,0,0,0,0,0,0,0,0,1,1,,,,,,,,,,,,,,,26,1,2,0,0,5,29,7,1,18,1,14
'961519,"Combs, hair-slides and the like (excl. of hard rubber or plastics)",0,0,0,1,0,0,1,0,0,2,1,1,,,,,,,,,,,,,,,2856,2828,2953,2854,3259,2936,2427,3408,3596,3338,2749,1485
'847690,"Parts of automatic goods-vending machines, incl. money changing machines, n.e.s.",0,0,0,0,0,0,0,0,0,0,0,1,,,,,,,,,,,,,,,297,264,513,108,157,187,292,908,251,180,199,269
'620690,"Women's or girls' blouses, shirts and shirt-blouses of textile materials (excl. of silk, silk ...",20,0,0,0,0,0,0,0,0,176,8,1,,,,,,,,,,,,,,,1089,571,903,739,331,387,268,359,534,996,1440,1358
'490199,"Printed books, brochures and similar printed matter (excl. those in single sheets; dictionaries, ...",1,35,2,6,3,1,6,71,0,0,4,1,,,,,,,,,,,,,,,1220,961,2309,1083,1200,2064,2070,2489,972,921,1077,874
'382311,"Stearic acid, industrial",0,0,0,0,0,0,0,0,1,0,0,1,,,,,,,,,,,,,,,6674,6912,6267,6768,4824,4007,5700,4555,5871,3175,4680,3938
'190532,Waffles and wafers,1,0,12,0,2,0,1,0,0,0,0,1,,,,,,,,,,,,,,,585,1372,1445,1108,1246,1497,1148,1276,1551,849,476,817
'960899,"Parts of ball-point pens, felt-tipped and other porous-tipped pens and markers, fountain pens ...",0,0,0,0,0,0,0,0,0,0,0,1,,,,,,,,,,,,,,,1632,1785,2372,2061,2138,1488,2109,1737,1494,1872,1425,1704
'853620,Automatic circuit breakers for a voltage <= 1.000 V,0,3,0,0,0,0,0,1,0,8,1,1,,,,,,,,,,,,,,,22065,13504,19892,16526,21375,17138,14508,17522,15868,16936,18700,22463
'640319,"Sports footwear, with outer soles of rubber, plastics, leather or composition leather and uppers ...",0,0,0,0,0,0,0,0,0,0,0,1,,,,,,,,,,,,,,,7,14,21,5,37,11,19,11,11,7,17,66
'610821,"Women's or girls' briefs and panties of cotton, knitted or crocheted",7,10,15,8,10,12,15,6,9,4,3,1,,,,,,,,,,,,,,,336,382,462,653,411,629,996,340,719,488,459,303
'520622,"Single cotton yarn containing predominantly, but < 85% cotton by weight, of combed fibres and ...",0,0,0,0,0,0,0,0,0,0,0,1,,,,,,,,,,,,,,,0,0,0,1,0,0,0,0,0,0,0,1
'480592,"Paper and paperboard, uncoated, in rolls of a width > 36 cm or in square or rectangular sheets ...",0,0,0,0,0,0,0,0,0,0,0,1,,,,,,,,,,,,,,,3540,3780,3782,5041,5479,4783,4983,4776,5300,3876,6719,3857
'252910,Feldspar,0,0,0,0,0,0,0,0,0,1,0,1,,,,,,,,,,,,,,,182,61,13,176,292,106,105,66,77,214,71,213
'731811,Coach screws of iron or steel,0,0,0,0,0,0,2,0,0,1,1,1,,,,,,,,,,,,,,,1835,1474,2356,2130,1876,1726,1648,1432,1530,1601,1162,1472
'730721,Flanges of stainless steel (excl. cast products),1,45,19,0,6,16,0,0,0,0,0,1,,,,,,,,,,,,,,,1423,727,945,841,772,3340,4931,2509,1200,1281,1333,1033
'340600,"Candles, tapers and the like",6,9,7,25,11,8,23,4,10,12,4,1,,,,,,,,,,,,,,,272,392,453,570,819,396,267,344,393,328,321,368
'190531,Sweet biscuits,0,0,2,0,0,3,15,20,7,4,16,1,,,,,,,,,,,,,,,788,920,1011,1232,1324,1236,1029,1107,1456,1111,827,740
'940141,"Seats, convertible into beds, of wood (excl. garden seats and camping equipment, and medical, ...",2,1,1,2,0,3,1,1,9,0,1,1,,,,,,,,,,,,,,,66,122,143,187,224,209,168,50,107,194,82,180
'611430,"Special garments for professional, sporting or other purposes, n.e.s., of man-made fibres, ...",1,1,14,10,25,6,11,6,34,19,10,1,,,,,,,,,,,,,,,440,570,796,641,616,793,788,846,598,713,659,771
'611011,"Jerseys, pullovers, cardigans, waistcoats and similar articles, of wool, knitted or crocheted ...",14,15,117,33,46,63,80,71,1,0,0,1,,,,,,,,,,,,,,,137,379,528,849,982,1123,1339,931,677,271,74,72
'560490,"Textile yarn, strip and the like of heading 5404 and 5405, impregnated, coated, covered or ...",9,0,0,0,15,0,0,14,0,0,0,1,,,,,,,,,,,,,,,377,276,203,266,353,327,395,319,461,445,487,229
'560391,"Nonwovens, whether or not impregnated, coated, covered or laminated, n.e.s., weighing <= 25 ...",26,7,24,3,5,1,0,0,0,20,0,1,,,,,,,,,,,,,,,888,1294,463,964,874,882,831,1142,903,1104,1107,1053
'520943,"Woven fabrics of cotton, containing >= 85% cotton by weight and weighing > 200 g/m_, in three-thread ...",29,0,0,0,0,0,0,0,0,8,47,1,,,,,,,,,,,,,,,134,57,59,37,49,50,24,127,12,40,99,16
'845210,Sewing machines of the household type,0,0,0,0,0,1038,32,64,47,43,0,1,,,,,,,,,,,,,,,81,101,121,97,250,4069,1418,715,2285,2066,68,1883
'842490,"Parts of fire extinguishers, spray guns and similar appliances, steam or sand blasting machines ...",465,309,197,2,0,3,79,0,11,2,0,1,,,,,,,,,,,,,,,14457,11917,18399,14239,15063,11580,20619,14046,12440,12206,14611,14601
'392030,"Plates, sheets, foil, film and strip, of non-cellular polymers of styrene, not reinforced, ...",190,0,231,185,498,258,331,444,285,0,349,1,,,,,,,,,,,,,,,1961,1681,2053,1914,2027,2234,1801,1859,1715,1209,1542,1282
'320417,Synthetic organic pigments; preparations based on synthetic organic pigments of a kind used ...,32,43,0,2,1,0,0,0,0,0,1,1,,,,,,,,,,,,,,,8717,7804,9318,7653,6562,7233,5618,7042,7586,6387,7650,9386
'900190,"Lenses, prisms, mirrors and other optical elements, of any material, unmounted (excl. such ...",1,14,0,0,0,0,0,0,0,0,0,1,,,,,,,,,,,,,,,2154,1309,2075,1907,1212,2110,1739,7427,2070,1523,2172,2209
'841829,"Household refrigerators, absorption-type",0,0,0,0,0,0,0,0,0,0,0,1,,,,,,,,,,,,,,,111,155,212,64,246,221,99,107,100,147,87,108
'741510,"Nails, tacks, drawing pins, staples and similar articles, of copper or with shafts of iron ...",0,0,0,0,0,0,0,0,0,0,0,1,,,,,,,,,,,,,,,225,128,216,159,117,179,105,130,92,202,182,220
'620610,"Women's or girls' blouses, shirts and shirt-blouses of silk or silk waste (excl. knitted or ...",0,0,0,5,0,0,0,0,0,0,0,1,,,,,,,,,,,,,,,86,98,55,62,40,50,47,41,83,61,75,73
'610711,"Men's or boys' underpants and briefs of cotton, knitted or crocheted",4,0,34,14,3,1,16,7,8,15,5,1,,,,,,,,,,,,,,,210,244,327,584,366,312,763,570,363,426,342,307
'521059,"Woven fabrics of cotton, containing predominantly, but < 85% cotton by weight, mixed principally ...",0,0,0,0,0,0,0,0,0,0,0,1,,,,,,,,,,,,,,,5,34,3,10,26,0,26,9,28,8,10,36
'400922,"Tubes, pipes and hoses, of vulcanised rubber (excl. hard rubber), reinforced or otherwise combined ...",1,0,0,0,1,0,0,0,0,0,0,1,,,,,,,,,,,,,,,1985,1631,1612,1966,1645,2609,1936,1911,2163,1566,2105,1768
'843143,"Parts for boring or sinking machinery of subheading 8430.41 or 8430.49, n.e.s.",0,0,0,0,0,3,0,0,0,4,0,1,,,,,,,,,,,,,,,21640,22698,24393,36464,15535,24364,26835,41033,22534,17775,17369,14893
'830230,"Base metal mountings, fittings and similar articles suitable for motor vehicles (excl. hinges ...",0,1,7,5,0,8,3,12,4,2,1,1,,,,,,,,,,,,,,,3971,4066,3815,3047,2885,3073,2470,2794,3147,3023,3019,2954
'820291,"Straight saw blades, of base metal, for working metal",0,0,0,0,0,0,0,0,0,0,0,1,,,,,,,,,,,,,,,219,51,142,123,217,74,118,156,126,116,117,34
'610120,"Overcoats, car coats, capes, cloaks, anoraks, incl. ski jackets, windcheaters, wind-jackets ...",70,143,94,188,14,3,0,2,11,3,0,1,,,,,,,,,,,,,,,707,882,867,521,494,261,144,193,79,113,32,63
'620799,"Men's or boys' singlets and other vests, bathrobes and dressing gowns of textile materials ...",0,0,0,0,0,0,0,0,0,3,0,1,,,,,,,,,,,,,,,0,3,6,7,1,0,1,9,9,6,5,1
'620429,"Women's or girls' ensembles of textile materials (excl. of wool, fine animal hair, cotton or ...",0,0,0,0,0,0,0,0,0,0,0,1,,,,,,,,,,,,,,,43,2,24,2,19,20,2,1,7,15,26,13
'600536,"Unbleached or bleached warp knit fabrics of synthetic fibres ""incl. those made on galloon knitting ...",0,0,0,0,0,0,0,167,74,8,75,1,,,,,,,,,,,,,,,5460,6058,5593,5253,5414,3876,2846,2951,3628,2920,3017,2811
'600240,"Knitted or crocheted fabrics, of a width of <= 30 cm, containing >= 5% by weight elastomeric ...",0,0,0,0,0,0,0,0,1,0,0,1,,,,,,,,,,,,,,,86,144,55,85,19,128,39,201,231,177,576,51
'411200,"Leather further prepared after tanning or crusting ""incl. parchment-dressed leather"", of sheep ...",0,0,3,0,0,14,0,0,0,0,0,1,,,,,,,,,,,,,,,1044,835,824,966,707,536,594,384,333,627,815,1270
'392290,"Bidets, lavatory pans, flushing cisterns and similar sanitary ware, of plastics (excl. baths, ...",6,0,24,33,3,44,7,8,0,0,19,1,,,,,,,,,,,,,,,5595,5603,8861,7288,7573,8158,5997,9487,8124,7405,6341,6382
'292910,Isocyanates,0,0,0,0,0,0,0,0,0,36,0,1,,,,,,,,,,,,,,,30889,22869,28595,26947,28342,25701,18677,25554,23458,25359,38981,33820
'390799,"Saturated polyesters in primary forms (excl. polycarbonates, alkyd resins, poly""ethylene terephthalate"" ...",0,37,82,242,172,132,140,99,77,154,294,2,,,,,,,,,,,,,,,24477,24265,26171,22680,24597,24830,25114,26015,22221,25431,24722,25814
'350400,"Peptones and their derivatives; other protein substances and their derivatives, n.e.s.; hide ...",0,0,0,0,0,0,0,0,0,0,0,2,,,,,,,,,,,,,,,9847,9557,8394,9143,6902,8005,7271,6979,8154,8295,8053,12253
'853610,Fuses for a voltage <= 1.000 V,1,2,0,3,2,0,7,2,2,0,0,2,,,,,,,,,,,,,,,8591,7085,8742,8373,7639,6841,8489,9030,8325,8230,8453,10563
'848690,Parts and accessories for machines and apparatus of a kind used solely or principally for the ...,2,28,2,0,0,0,0,0,0,282,0,2,,,,,,,,,,,,,,,6606,2211,7488,9276,2910,5368,11369,10406,6773,11928,10851,7971
'920991,"Parts and accessories for pianos, n.e.s.",0,0,0,0,0,0,0,0,0,0,0,2,,,,,,,,,,,,,,,1,1,43,5,1,2,3,2,34,10,1,5
'870893,"Clutches and parts thereof, for tractors, motor vehicles for the transport of ten or more persons, ...",0,5,0,6,5,5,3,3,3,3,0,2,,,,,,,,,,,,,,,27820,19074,25582,15558,23503,18582,19753,16671,17595,16693,21538,20689
'420222,"Handbags, whether or not with shoulder straps, incl. those without handles, with outer surface ...",38,13,14,344,6,226,197,230,56,14,18,2,,,,,,,,,,,,,,,13799,10474,14320,15999,14736,13408,14552,14901,14440,13980,12958,10490
'390130,"Ethylene-vinyl acetate copolymers, in primary forms",0,2,3,0,9,3,5,0,11,0,9,2,,,,,,,,,,,,,,,39438,30863,35277,51262,43574,31058,31471,30725,41263,38519,38141,50343
'620892,"Women's or girls' singlets and other vests, briefs, panties, négligés, bathrobes, dressing ...",4,0,0,0,0,0,0,0,2,4,15,2,,,,,,,,,,,,,,,29,31,27,30,37,93,42,57,61,52,54,37
'831000,"Sign-plates, nameplates, address-plates and similar plates, numbers, letters and other symbols, ...",0,0,0,0,0,0,0,2,0,1,0,2,,,,,,,,,,,,,,,1207,1416,982,927,1883,815,853,936,1043,872,822,906
'731824,"Cotters and cotter pins, of iron or steel",2,0,3,0,3,1,0,0,2,2,1,2,,,,,,,,,,,,,,,1453,1425,1495,1201,1211,1459,1783,1788,1372,2112,1514,1935
'621220,"Girdles and panty girdles of all types of textile materials, whether or not elasticated, incl. ...",11,0,0,5,0,5,3,3,2,6,2,2,,,,,,,,,,,,,,,20,40,51,71,36,93,84,73,51,150,41,53
'960820,Felt-tipped and other porous-tipped pens and markers,0,0,0,2,0,12,5,0,0,23,0,2,,,,,,,,,,,,,,,799,876,738,785,920,841,1418,730,964,1085,494,897
'521214,"Woven fabrics of cotton, containing predominantly, but < 85% cotton by weight, other than those ...",0,0,0,0,0,0,0,0,0,0,0,2,,,,,,,,,,,,,,,14,34,20,83,29,85,208,43,37,20,18,90
'844831,Card clothing for machines for preparing textile fibres,0,0,0,0,0,0,0,0,0,0,1,2,,,,,,,,,,,,,,,1733,911,1835,1201,2050,1396,1313,1997,978,1141,1629,1002
'420219,"Trunks, suitcases, vanity cases, executive-cases, briefcases, school satchels and similar containers ...",0,0,0,0,0,0,0,0,0,0,10,2,,,,,,,,,,,,,,,269,223,522,327,283,346,598,290,604,463,448,231
'391890,"Floor coverings of plastics, whether or not self-adhesive, in rolls or in the form of tiles, ...",1,0,26,14,2,50,119,0,22,0,5,2,,,,,,,,,,,,,,,1800,1807,2718,3059,3399,4513,3086,2144,2111,1893,2083,1818
'080450,"Fresh or dried guavas, mangoes and mangosteens",0,0,0,0,0,0,0,0,0,0,0,2,,,,,,,,,,,,,,,69,29,56,47,32,72,188,360,352,424,159,37
'670210,"Artificial flowers, foliage and fruit and parts thereof, and articles made of artificial flowers, ...",0,0,0,0,0,7,0,0,0,8,0,2,,,,,,,,,,,,,,,1702,1756,2115,1805,2307,2061,1505,1686,1842,1793,1509,939
'620920,"Babies' garments and clothing accessories of cotton (excl. knitted or crocheted and hats, napkins ...",6,15,0,2,6,18,0,0,11,1,10,2,,,,,,,,,,,,,,,201,326,586,373,388,567,694,441,530,626,639,408
'821191,"Table knives having fixed blades of base metal, incl. handles (excl. butter knives and fish ...",21,24,0,0,17,21,11,0,0,20,11,2,,,,,,,,,,,,,,,65,102,248,174,88,88,178,91,70,112,51,122
'902590,"Parts and accessories for hydrometers, areometers and similar floating instruments, thermometers, ...",0,0,0,0,0,2,0,0,3,0,0,2,,,,,,,,,,,,,,,2540,1774,2668,3639,2384,2930,3280,2458,2362,2207,2718,2522
'960610,"Press-fasteners, snap-fasteners and press studs and parts therefor",0,0,1,0,9,0,6,1,4,3,0,2,,,,,,,,,,,,,,,2395,2061,2492,2858,2462,2119,2123,2402,2515,2214,1586,2639
'491199,"Printed matter, n.e.s.",1,0,0,0,3,0,0,8,0,1,15,2,,,,,,,,,,,,,,,6233,5249,3436,8166,2543,10548,2844,8195,1678,2590,2948,4403
'741220,"Copper alloy tube or pipe fittings ""e.g., couplings, elbows, sleeves""",1,0,0,0,2,15,1,3,0,1,0,2,,,,,,,,,,,,,,,2625,2207,3123,2642,2306,2970,2797,3202,2900,2806,3359,3066
'610452,"Women's or girls' skirts and divided skirts of cotton, knitted or crocheted (excl. petticoats)",0,2,0,0,0,0,1,7,7,18,0,2,,,,,,,,,,,,,,,68,51,72,42,27,36,53,102,57,80,67,76
'880400,"Parachutes, incl. dirigible parachutes and paragliders, and rotochutes; parts thereof and accessories ...",0,14,0,8,0,0,0,0,0,9,0,2,,,,,,,,,,,,,,,29,184,37,25,84,90,99,4,41,150,58,1901
'551693,"Woven fabrics containing predominantly, but < 85% artificial staple fibres by weight, other ...",0,0,0,63,12,0,0,0,0,0,0,2,,,,,,,,,,,,,,,13,108,22,153,44,5,81,63,124,66,40,2
'190190,"Malt extract; food preparations of flour, groats, meal, starch or malt extract, not containing ...",0,0,0,6,0,0,2,0,0,0,0,2,,,,,,,,,,,,,,,911,999,716,954,1088,732,1748,1386,1451,1673,821,1363
'580639,"Narrow woven fabrics of textile materials other than cotton or man-made fibres, with a width ...",28,10,38,14,9,10,1,2,4,3,3,2,,,,,,,,,,,,,,,447,323,724,503,327,516,441,247,175,215,170,134
'854460,"Electric conductors, for a voltage > 1.000 V, insulated, n.e.s.",0,0,0,0,0,0,2,0,0,1,1,2,,,,,,,,,,,,,,,8155,8969,7435,5222,8441,9773,10936,5868,6813,6620,6118,4742
'871491,"Frames and forks, and parts thereof, for cycles, n.e.s. (excl. for motorcycles)",0,87,0,1,0,34,0,0,18,11,1,3,,,,,,,,,,,,,,,528,833,666,980,1230,1097,809,1139,1327,922,1669,571
'820559,"Hand tools, incl. glaziers' diamonds, of base metal, n.e.s.",9,1,9,0,0,1,0,0,1,8,0,3,,,,,,,,,,,,,,,2756,3389,3462,2780,3804,3314,3307,3458,2895,2715,3109,2764
'701342,Glassware for table or kitchen purposes of glass having a linear coefficient of expansion <= ...,1,0,0,16,2,0,0,1,0,18,0,3,,,,,,,,,,,,,,,379,327,532,633,830,654,312,517,344,288,475,400
'610130,"Overcoats, car coats, capes, cloaks, anoraks, incl. ski jackets, windcheaters, wind-jackets ...",23,85,62,247,320,266,59,146,67,58,19,3,,,,,,,,,,,,,,,142,773,325,1325,2191,1884,958,1386,697,372,196,88
'850140,"AC motors, single-phase, of an output > 37,5 W",163,58,12,53,58,66,35,18,91,30,52,3,,,,,,,,,,,,,,,15752,14993,12319,13662,10175,11572,8122,13031,12605,14709,13709,10415
'940350,Wooden furniture for bedrooms (excl. seats),6,2,13,89,3,18,61,9,31,6,11,3,,,,,,,,,,,,,,,1401,1743,2150,2884,3606,5705,6319,2556,2599,1473,1384,1190
'630533,"Sacks and bags, for the packing of goods, of polyethylene or polypropylene strip or the like ...",0,0,0,0,0,0,0,0,0,0,0,3,,,,,,,,,,,,,,,4,5,10,39,37,20,98,111,39,89,96,5
'701349,Glassware for table or kitchen purposes (excl. glass having a linear coefficient of expansion ...,0,0,0,0,0,0,0,16,0,0,0,3,,,,,,,,,,,,,,,2981,3738,3175,4107,3741,3813,2346,2640,3338,3124,2647,3652
'820551,"Household hand tools, non-mechanical, with working parts of base metal, n.e.s.",0,0,0,0,0,0,0,0,0,0,0,3,,,,,,,,,,,,,,,452,499,468,451,630,476,319,452,519,589,436,259
'520932,"Woven fabrics of cotton, containing >= 85% cotton by weight and weighing > 200 g/m_, in three-thread ...",4,6,0,0,3,0,20,0,3,0,0,3,,,,,,,,,,,,,,,455,721,630,461,1224,520,385,538,754,370,388,164
'851718,Telephone sets (excl. line telephone sets with cordless handsets and telephones for cellular ...,0,0,21,0,0,0,5,0,0,10,0,3,,,,,,,,,,,,,,,888,1507,1052,923,1057,1464,1477,2075,1582,3176,1201,1162
'910690,"Time of day recording apparatus and apparatus for measuring, recording or otherwise indicating ...",0,0,0,0,0,0,0,0,0,0,0,3,,,,,,,,,,,,,,,426,195,80,678,666,271,356,391,855,645,502,344
'848280,"Roller bearings, incl. combined ball-roller bearings (excl. ball bearings, tapered roller bearings, ...",7,6,9,7,8,7,8,7,10,3,8,3,,,,,,,,,,,,,,,11148,9624,9749,7944,8515,9161,8485,9368,8753,7748,8018,8096
'845390,"Parts of machinery for preparing, tanning or working hides, skins or leather or for making ...",18,30,10,15,0,2,7,14,0,8,5,3,,,,,,,,,,,,,,,1926,1509,1374,1308,1060,994,1110,904,1298,852,1203,695
'940490,"Articles of bedding and similar furnishing, fitted with springs or stuffed or internally filled ...",1,3,5,3,10,7,2,8,8,4,4,3,,,,,,,,,,,,,,,276,421,322,385,368,303,379,331,319,502,322,223
'854710,"Insulating fittings for electrical purposes, of ceramics",23,163,132,0,42,0,46,37,87,136,33,3,,,,,,,,,,,,,,,500,1160,1160,1554,810,663,1169,1194,1268,1138,1388,775
'560749,"Twine, cordage, ropes and cables of polyethylene or polypropylene, whether or not plaited or ...",0,1,1,5,7,2,1,0,11,0,3,3,,,,,,,,,,,,,,,121,185,316,672,311,535,652,524,438,679,510,225
'590290,"Tyre cord fabric of high-tenacity viscose rayon yarn, whether or not dipped in rubber or plastic",0,7,8,45,32,88,0,88,0,44,0,3,,,,,,,,,,,,,,,20,45,9,79,35,105,60,132,42,53,9,18
'732393,"Table, kitchen or other household articles, and parts thereof, of stainless steel (excl. cans, ...",115,3,0,0,0,49,0,0,19,0,1,3,,,,,,,,,,,,,,,1753,1118,1261,1512,1687,2217,2772,2117,3076,6331,3741,2727
'730793,"Butt welding fittings of iron or steel (excl. cast iron or stainless steel products, and flanges)",15,5,2,0,0,0,0,7,9,0,6,3,,,,,,,,,,,,,,,6371,4808,4873,5491,5706,7713,8236,3182,6685,3926,7014,5770
'846890,"Parts of machinery and apparatus for soldering, brazing, welding or surface tempering, non-electric, ...",0,0,0,0,0,0,0,0,0,0,0,3,,,,,,,,,,,,,,,1082,1177,999,1120,1702,1271,1606,1307,1072,1903,1182,1526
'700490,"Sheets of glass, drawn or blown, but not otherwise worked (excl. glass coloured throughout ...",0,0,0,0,0,0,0,0,0,0,0,4,,,,,,,,,,,,,,,867,578,592,838,970,1016,752,690,646,995,783,892
'741012,"Copper alloy foil, not backed, of a thickness of <= 0,15 mm (excl. stamping foils of heading ...",2,9,0,3,2,2,1,3,1,2,4,4,,,,,,,,,,,,,,,118,248,133,95,162,75,301,138,94,165,195,212
'381590,"Reaction initiators, reaction accelerators and catalytic preparations, n.e.s. (excl. rubber ...",7,2,6,0,6,19,7,12,2,10,2,4,,,,,,,,,,,,,,,21956,19978,20732,20465,21011,25638,20208,23330,22278,33995,34651,14715
'852871,"Reception apparatus for television, whether or not incorporating radio-broadcast receivers ...",1113,1279,1061,1525,958,48,73,79,160,19,0,4,,,,,,,,,,,,,,,1477,1414,1222,1847,1162,379,425,1037,347,282,204,118
'846799,"Parts of pneumatic tools for working in the hand, hydraulic or with self-contained electric ...",0,0,0,0,2,1,1,0,0,2,0,4,,,,,,,,,,,,,,,8103,7777,13580,9675,8390,7473,7445,8843,7752,8029,7527,6088
'731822,Washers of iron or steel (excl. spring washers and other lock washers),34,5,13,9,7,8,11,7,8,3,11,4,,,,,,,,,,,,,,,5400,4887,5264,4991,5506,5070,5016,5215,6119,4593,5356,5444
'845490,"Parts of converters, ladles, ingot moulds and casting machines of a kind used in metallurgy ...",0,0,0,43,0,6,1,1,0,23,0,4,,,,,,,,,,,,,,,9655,8705,7542,5409,6468,11249,5692,16232,5692,9428,7609,8944
'410120,"Whole raw hides and skins of bovine ""incl. buffalo"" or equine animals, whether or not dehaired, ...",0,0,0,0,0,0,0,0,0,0,0,4,,,,,,,,,,,,,,,377,276,125,283,258,184,205,152,464,316,238,111
'853340,"Electrical variable resistors, incl. rheostats and potentiometers (excl. wirewound variable ...",6,0,0,0,0,0,0,0,0,0,0,4,,,,,,,,,,,,,,,18167,15283,21030,17505,18009,17350,17676,20440,19945,17691,18012,18907
'611780,"Ties, bow ties, cravats and other made-up clothing accessories, knitted or crocheted, n.e.s. ...",6,6,13,2,14,11,0,2,3,15,3,4,,,,,,,,,,,,,,,425,263,426,327,495,584,808,941,852,719,433,240
'551299,"Woven fabrics containing >= 85% synthetic staple fibres by weight, dyed, made of yarn of different ...",0,0,35,26,125,0,16,0,0,0,0,4,,,,,,,,,,,,,,,140,129,351,276,274,308,135,262,170,165,191,200
'380993,"Finishing agents, dye carriers to accelerate the dyeing or fixing of dyestuffs, and other products ...",28,0,0,0,7,0,0,0,4,0,0,4,,,,,,,,,,,,,,,2894,2337,2716,2965,2501,1518,1638,2114,2076,1773,1176,2069
'621600,"Gloves, mittens and mitts, of all types of textile materials (excl. knitted or crocheted and ...",1,1,32,35,44,24,34,8,3,0,0,4,,,,,,,,,,,,,,,238,201,474,224,707,320,182,358,862,466,388,807
'611130,"Babies' garments and clothing accessories of synthetic fibres, knitted or crocheted (excl. ...",29,5,0,6,50,29,12,12,1,9,2,4,,,,,,,,,,,,,,,636,584,1089,1100,1907,1398,1020,1025,793,922,437,543
'848330,"Bearing housings for machinery, not incorporating ball or roller bearings; plain shaft bearings ...",7,6,182,1,418,233,123,377,7,9,160,4,,,,,,,,,,,,,,,22367,22699,23726,20340,22452,21402,21204,24100,20992,18560,24482,24154
'940169,"Seats, with wooden frames (excl. upholstered)",0,0,5,9,3,9,1,27,10,3,0,4,,,,,,,,,,,,,,,570,478,635,821,871,1971,1023,616,822,901,626,377
'660390,"Parts, trimmings and accessories for umbrellas and sun umbrellas of heading 6601 or for walking ...",0,8,0,16,0,0,0,0,0,0,0,4,,,,,,,,,,,,,,,990,618,539,847,970,1124,1155,2034,2421,2255,1034,805
'841981,"Machinery, plant and equipment for making hot drinks or for cooking or heating food (excl. ...",57,17,172,90,2,10,5,2,1,35,41,4,,,,,,,,,,,,,,,6432,4368,5047,7028,8339,7798,6469,7582,8833,8501,6209,7074
'620530,"Men's or boys' shirts of man-made fibres (excl. knitted or crocheted, nightshirts, singlets ...",11,22,1,7,0,0,0,4,68,67,4,4,,,,,,,,,,,,,,,819,621,1414,1632,1224,1534,742,1122,1779,1537,1693,1492
'846722,"Saws for working in the hand, with self-contained electric motor",0,0,0,0,0,0,0,0,0,0,0,4,,,,,,,,,,,,,,,2367,1791,2109,2668,1705,1521,2917,2136,2612,908,1215,720
'843231,"No-till direct seeders, planters and transplanters",0,0,5,0,0,0,0,0,0,0,0,4,,,,,,,,,,,,,,,1715,1516,978,749,878,1500,1094,1185,770,1406,700,1389
'392350,"Stoppers, lids, caps and other closures, of plastics",1,5,12,0,1,2,7,0,1,0,1,5,,,,,,,,,,,,,,,7622,9856,10157,7817,8031,6815,8188,8393,9877,6237,7331,8260
'551331,"Plain woven fabrics containing predominantly, but < 85% polyester staple fibres by weight, ...",0,15,0,2,0,10,2,0,14,0,0,5,,,,,,,,,,,,,,,7,43,20,6,1,19,6,20,24,53,59,14
'940690,"Prefabricated buildings, whether or not complete or already assembled (excl. of wood, and modular ...",401,0,10,0,0,0,0,0,0,0,0,5,,,,,,,,,,,,,,,3578,2192,4830,4168,3385,6465,3202,3546,9187,6596,8682,4567
'920999,"Parts and accessories for musical instruments ""e.g. mechanisms for musical boxes, cards, discs ...",0,0,0,0,34,0,1,0,2,0,0,5,,,,,,,,,,,,,,,673,320,263,223,341,245,414,259,246,194,271,494
'170230,"Glucose in solid form and glucose syrup, not containing added flavouring or colouring matter ...",4,0,17,0,5,0,0,0,0,0,0,5,,,,,,,,,,,,,,,222,192,332,305,153,225,106,177,221,169,221,115
'848350,"Flywheels and pulleys, incl. pulley blocks",20,13,3,3,16,7,14,1,2,1,6,5,,,,,,,,,,,,,,,9577,8378,9775,9421,10121,9575,8613,9945,10505,8864,9755,12192
'830520,"Staples in strips, of base metal",0,0,3,5,0,0,5,0,4,0,0,5,,,,,,,,,,,,,,,196,296,737,533,310,351,266,240,306,281,155,88
'847681,Automatic goods-vending machines incorporating heating or refrigerating devices (excl. automatic ...,0,0,0,0,0,0,0,0,0,0,0,5,,,,,,,,,,,,,,,87,0,73,69,326,174,43,19,74,0,114,5
'871499,"Parts and accessories, for bicycles, n.e.s.",0,0,12,40,92,49,0,48,67,0,65,5,,,,,,,,,,,,,,,2724,2675,3219,3116,3758,3848,2644,3045,3572,3059,5052,1913
'390421,"Non-plasticised poly""vinyl chloride"", in primary forms, mixed with other substances",114,144,38,0,0,0,5,0,0,0,0,5,,,,,,,,,,,,,,,425,835,679,605,641,303,322,454,477,435,383,447
'520841,"Plain woven fabrics of cotton, containing >= 85% cotton by weight and weighing <= 100 g/m_, ...",0,0,6,0,2,69,7,3,0,1,6,5,,,,,,,,,,,,,,,33,12,35,11,52,121,107,214,329,196,326,366
'600490,"Knitted or crocheted fabrics, of a width of > 30 cm, containing >= 5% by weight elastomeric ...",21,12,15,98,716,339,0,0,13,21,14,5,,,,,,,,,,,,,,,3108,1893,2514,1643,2742,1821,1491,1209,1044,1201,1682,691
'320990,"Paints and varnishes, incl. enamels and lacquers, based on synthetic or chemically modified ...",0,0,0,0,0,49,5,0,3,0,32,5,,,,,,,,,,,,,,,4912,3700,5024,4423,4697,4657,4364,4930,5579,3921,3692,7077
'460193,"Plaits and similar products, of rattan plaiting materials, whether or not assembled into strips; ...",0,0,0,8,0,0,0,0,0,0,0,5,,,,,,,,,,,,,,,32,131,86,94,24,69,134,56,45,162,44,5
'611699,"Gloves, mittens and mitts, of textile materials, knitted or crocheted (excl. of wool, fine ...",0,2,36,9,34,1,36,9,6,14,6,5,,,,,,,,,,,,,,,624,696,695,986,892,860,732,449,419,516,437,280
'821290,Parts of non-electric razors of base metal (excl. safety razor blades and razor blade blanks ...,11,375,218,6,7,202,9,3,14,13,291,5,,,,,,,,,,,,,,,294,460,483,264,360,354,289,323,453,22,670,275
'851629,Electric space-heating and soil-heating apparatus (excl. storage heating radiators),0,0,0,0,0,8,1,0,2,1,4,5,,,,,,,,,,,,,,,1788,1802,2687,2355,4343,3658,2692,2900,2014,1590,2996,1369
'902290,"X-ray generators other than X-ray tubes, high tension generators, control panels and desks, ...",0,0,0,0,0,0,0,0,0,0,0,5,,,,,,,,,,,,,,,30129,28578,35838,31641,25782,35681,36194,36673,31921,32503,38607,35341
'843820,"Machinery for the industrial preparation or manufacture of confectionery, cocoa or chocolate ...",0,0,42,0,0,0,0,0,0,0,0,6,,,,,,,,,,,,,,,1924,861,7215,1084,2032,8999,539,1898,3100,772,798,2424
'321410,"Glaziers' putty, grafting putty, resin cements, caulking compounds and other mastics; painters' ...",0,0,2,0,0,0,5,21,0,0,0,6,,,,,,,,,,,,,,,12925,10333,12561,13476,10289,12732,11978,13063,12719,11407,10604,11980
'321511,"Black printing ink, whether or not concentrated or solid",0,5,22,0,0,3,9,1,10,3,0,6,,,,,,,,,,,,,,,5944,3983,6485,6246,5353,5457,4125,5006,5234,3740,6797,5908
'400911,"Tubes, pipes and hoses, of vulcanised rubber (excl. hard rubber), not reinforced or otherwise ...",0,8,0,6,8,8,3,4,2,0,1,6,,,,,,,,,,,,,,,1550,1231,1440,1485,1310,1143,943,1557,1551,831,1109,1377
'854190,"Parts of diodes, transistors and similar semiconductor devices; photosensitive semiconductor ...",26,0,58,0,40,20,11,0,7,37,2,6,,,,,,,,,,,,,,,1178,905,1685,895,1841,1401,1244,2629,990,2759,921,2281
'851020,Hair clippers with self-contained electric motor,61,2,0,108,5,109,1,58,96,56,0,6,,,,,,,,,,,,,,,1574,1705,1849,2546,3898,2521,1241,2378,1857,5599,6938,499
'391740,"Fittings, e.g. joints, elbows, flanges, of plastics, for tubes, pipes and hoses",0,22,2,10,0,0,1,3,8,1,17,6,,,,,,,,,,,,,,,7182,6362,7289,6879,6313,8464,8096,7942,7600,8619,7246,9683
'730791,Flanges of iron or steel (excl. cast or stainless products),0,9,23,0,0,0,0,0,0,0,0,6,,,,,,,,,,,,,,,4841,5145,4231,5624,5985,1695,4421,5954,5784,3839,4667,3932
'621111,Men's or boys' swimwear (excl. knitted or crocheted),28,13,9,13,8,1,6,3,35,4,1,6,,,,,,,,,,,,,,,253,131,84,56,46,32,27,27,133,214,186,117
'846694,"Parts and accessories for machine tools for working metal without removing material, n.e.s.",12,3,1,6,2,7,8,4,4,3,4,6,,,,,,,,,,,,,,,12807,12957,11227,7542,8332,12282,9146,20536,20857,12085,10745,11309
'640590,"Footwear with outer soles of rubber or plastics, with uppers other than rubber, plastics, leather ...",6,0,29,0,11,10,0,0,0,0,1,6,,,,,,,,,,,,,,,45,121,63,30,39,51,17,27,24,106,51,62
'700910,"Rear-view mirrors, whether or not framed, for vehicles",14,28,44,9,5,7,0,2,11,43,0,6,,,,,,,,,,,,,,,4760,5204,5480,4413,4729,5143,4038,4796,5724,5085,5568,5153
'620439,"Women's or girls' jackets and blazers of textile materials (excl. of wool, fine animal hair, ...",7,5,3,24,5,2,6,44,33,55,4,6,,,,,,,,,,,,,,,172,106,150,195,204,141,88,188,404,239,260,299
'761290,"Casks, drums, cans, boxes and similar containers, incl. rigid tubular containers, of aluminium, ...",0,0,0,0,0,10,0,0,18,10,14,6,,,,,,,,,,,,,,,9004,6794,8514,7438,8237,10862,9187,9335,10393,13317,9995,12232
'902910,"Revolution counters, production counters, taximeters, milometers, pedometers and the like (excl. ...",26,0,15,0,0,11,28,9,0,3,6,6,,,,,,,,,,,,,,,705,754,768,542,849,707,682,560,601,719,993,626
'620130,"Men's or boys' overcoats, car-coats, capes, cloaks, anoraks, incl. ski jackets, wind-cheaters, ...",0,19,7,42,34,0,0,19,99,12,20,6,,,,,,,,,,,,,,,171,261,351,620,722,1035,556,541,325,266,179,261
'620930,Babies' garments and clothing accessories of synthetic fibres (excl. knitted or crocheted and ...,2,16,0,2,48,58,0,27,8,0,30,6,,,,,,,,,,,,,,,140,149,370,345,736,651,286,166,330,773,209,195
'620453,Women's or girls' skirts and divided skirts of synthetic fibres (excl. knitted or crocheted ...,25,21,27,11,9,25,1,2,26,59,2,6,,,,,,,,,,,,,,,475,339,609,614,592,732,595,721,659,585,507,495
'340130,"Organic surface-active products and preparations for washing the skin, in the form of liquid ...",12,0,38,0,6,0,1,3,0,4,0,6,,,,,,,,,,,,,,,1641,2214,2168,1956,2956,3118,3536,2583,2618,2452,1891,3437
'680291,"Marble, travertine and alabaster, in any form (excl. tiles, cubes and similar articles of subheading ...",11,0,0,0,1,0,0,0,0,7,1,6,,,,,,,,,,,,,,,184,187,414,508,159,506,179,354,145,139,188,21
'950662,Inflatable balls,47,43,27,18,26,32,12,0,13,8,9,6,,,,,,,,,,,,,,,519,350,652,609,562,317,591,609,613,419,622,441
'392340,"Spools, cops, bobbins and similar supports, of plastics",29,1,21,0,3,10,8,6,14,2,24,7,,,,,,,,,,,,,,,956,933,1135,940,1055,1233,1343,1034,868,1035,999,906
'853590,"Electrical apparatus for switching or protecting electrical circuits, or for making connections ...",60,45,6,7,2,1,3,4,9,3,9,7,,,,,,,,,,,,,,,22321,20428,20021,20584,23436,31186,27173,26275,22599,28790,27129,27662
'920510,Brass-wind instruments,0,0,0,0,0,0,0,0,0,0,0,7,,,,,,,,,,,,,,,4,0,0,34,14,7,3,17,46,3,41,41
'611190,"Babies' garments and clothing accessories of textile materials, knitted or crocheted (excl. ...",0,0,0,0,0,0,0,10,11,0,0,7,,,,,,,,,,,,,,,615,781,1083,1248,1674,1444,823,467,542,692,791,266
'520942,"Denim, containing >= 85% cotton by weight and weighing > 200 g/m_, made of yarn of different ...",8,0,81,0,15,5,12,14,1,43,0,7,,,,,,,,,,,,,,,445,323,757,1557,1682,1765,655,415,216,175,296,247
'293626,"Vitamin B12 and its derivatives, used primarily as vitamins",0,0,0,0,0,0,0,0,0,0,0,7,,,,,,,,,,,,,,,3261,2276,3460,4179,3181,3106,1256,3440,3327,2438,3606,5169
'340111,"Soap and organic surface-active products and preparations, in the form of bars, cakes, moulded ...",6,0,6,9,0,0,5,12,0,10,0,7,,,,,,,,,,,,,,,793,844,505,1352,1714,1362,1409,1005,691,544,811,1106
'731829,"Non-threaded articles, of iron or steel",21,1,13,22,9,29,15,19,7,20,23,7,,,,,,,,,,,,,,,13027,7792,9860,8329,7912,7981,10376,9356,8917,13065,8965,8987
'220110,"Mineral waters and aerated waters, not containing added sugar, other sweetening matter or flavoured",0,0,0,0,0,0,0,0,7,0,0,7,,,,,,,,,,,,,,,642,250,204,281,379,444,183,615,732,770,214,550
'381210,Prepared rubber accelerators,53,23,15,85,29,43,41,10,9,30,68,7,,,,,,,,,,,,,,,9250,9647,10216,6704,6717,8091,7002,6997,7435,6463,7501,8732
'940389,"Furniture of other materials, including cane, osier or similar materials (excl. of bamboo, ...",1,2,57,2,24,18,62,6,39,4,23,7,,,,,,,,,,,,,,,219,327,666,440,623,676,669,440,499,614,112,251
'962000,"Monopods, bipods, tripods and similar articles",0,21,7,7,10,0,0,2,109,10,0,7,,,,,,,,,,,,,,,1939,1717,2571,4321,2679,3172,3926,2627,3401,5398,2111,2916
'847981,"Machinery for treating metal, incl. electric wire coil-winders, n.e.s. (excl. industrial robots, ...",0,0,0,48,0,0,0,0,0,0,0,7,,,,,,,,,,,,,,,6920,4991,10764,10941,12661,14049,11760,11265,12357,8092,7713,8383
'852692,Radio remote control apparatus,0,8,7,35,40,1,32,99,2,23,29,7,,,,,,,,,,,,,,,1102,970,1775,1907,1148,1202,2159,3041,2434,4312,1714,2420
'732020,"Helical springs, of iron or steel (excl. flat spiral springs, clock and watch springs, springs ...",18,9,7,11,7,6,3,12,7,7,8,7,,,,,,,,,,,,,,,4904,4049,4877,4576,4494,4902,4438,4753,5361,6286,6508,7218
'392061,"Plates, sheets, film, foil and strip, of non-cellular polycarbonates, not reinforced, laminated, ...",1,5,6,5,3,0,2,0,0,0,3,7,,,,,,,,,,,,,,,6325,5578,5814,4041,4175,3739,4504,3650,5364,3347,4083,5166
'520831,"Plain woven fabrics of cotton, containing >= 85% cotton by weight and weighing <= 100 g/m_, ...",0,36,13,9,1,0,0,0,0,0,0,7,,,,,,,,,,,,,,,216,193,325,211,318,208,403,219,578,815,277,111
'540110,"Sewing thread of synthetic filaments, whether or not put up for retail sale",185,15,20,10,20,42,1,59,39,12,15,9,,,,,,,,,,,,,,,1293,898,691,715,1044,835,1076,909,817,880,1004,993
'401610,"Articles of cellular rubber, n.e.s.",0,0,2,1,1,8,6,0,4,6,5,9,,,,,,,,,,,,,,,892,664,1035,748,821,1008,689,1014,1083,750,721,922
'460211,"Basketwork, wickerwork and other articles, made directly to shape from bamboo plaiting materials ...",0,14,16,8,23,0,7,0,6,0,18,9,,,,,,,,,,,,,,,39,52,57,88,155,68,30,61,78,41,48,48
'830810,"Hooks, eyes and eyelets, of base metal, of a kind used for clothing, footwear, awnings, handbags, ...",81,41,123,2,12,81,39,81,46,1,8,9,,,,,,,,,,,,,,,1816,1488,1792,1372,1614,1950,1467,2057,1622,1853,1114,1411
'831130,"Coated rods and cored wire, of base metal, for soldering, brazing or welding by flame (excl. ...",0,0,0,0,0,9,0,0,0,3,4,9,,,,,,,,,,,,,,,1653,941,1326,1880,931,1804,1291,1624,1988,1809,1263,1691
'392049,"Plates, sheets, film, foil and strip, of non-cellular polymers of vinyl chloride, containing ...",104,90,123,156,119,184,138,73,44,10,1,9,,,,,,,,,,,,,,,12688,13875,14851,13130,14921,14734,12545,11633,13965,12450,11817,9542
'730799,"Tube or pipe fittings, of iron or steel (excl. cast iron or stainless steel products; flanges; ...",2,2,9,2,0,1,6,4,1,0,16,9,,,,,,,,,,,,,,,7855,8609,9438,9632,7499,8593,7992,7267,6237,17207,7688,12389
'844849,"Parts and accessories of weaving machines ""looms"" and their auxiliary machinery, n.e.s.",0,0,0,0,0,0,0,0,0,0,0,9,,,,,,,,,,,,,,,4918,5485,4952,5813,5255,4603,25954,5213,4659,4979,5054,3951
'830242,"Base metal mountings, fittings and similar articles suitable for furniture (excl. locks with ...",29,3,0,1,0,0,0,0,6,11,23,9,,,,,,,,,,,,,,,9763,10104,11660,9976,11487,13967,12722,11897,15089,11115,11079,8258
'741820,"Sanitary ware and parts thereof, of copper (excl. cans, boxes and similar containers of heading ...",12,1,2,3,1,0,0,2,0,4,0,9,,,,,,,,,,,,,,,2350,2364,3077,2699,1727,2002,1497,1952,2200,2749,2521,2035
'460219,"Basketwork, wickerwork and other articles, made directly to shape from vegetable plaiting materials ...",7,14,2,8,12,10,9,16,14,6,12,9,,,,,,,,,,,,,,,184,194,100,169,181,119,240,150,166,115,90,91
'320720,"Vitrifiable enamels and glazes, engobes ""slips"" and similar preparations of the kind used in ...",0,0,0,0,0,0,0,0,0,0,0,9,,,,,,,,,,,,,,,1575,1687,2651,2702,1747,2323,2131,1981,1674,1425,1486,1425
'540246,"Filament yarn of polyester, incl. monofilament of < 67 decitex, single, untwisted or with a ...",0,0,0,0,0,0,0,0,37,20,10,9,,,,,,,,,,,,,,,2478,3837,6433,3123,3573,6092,3634,3331,14498,18234,25117,8845
'830220,Castors with mountings of base metal,0,0,0,0,0,0,0,0,0,0,4,9,,,,,,,,,,,,,,,849,985,1034,1098,910,1215,994,1047,978,1022,1262,1085
'853661,Lamp holders for a voltage <= 1.000 V,2,0,12,21,12,14,12,10,13,3,9,9,,,,,,,,,,,,,,,2227,1789,2046,1789,1641,1893,2120,1691,1360,1383,1553,1260
'842139,Machinery and apparatus for filtering or purifying gases (excl. isotope separators and intake ...,5,0,1,45,2,23,254,322,21,431,0,10,,,,,,,,,,,,,,,30790,30188,33493,58043,33838,28555,44865,37156,53055,59223,56712,37088
'611231,"Men's or boys' swimwear of synthetic fibres, knitted or crocheted",0,0,1,1,0,0,0,0,2,33,15,10,,,,,,,,,,,,,,,147,154,39,33,65,26,62,114,181,237,109,82
'640359,"Footwear with outer soles and uppers of leather (excl. covering the ankle, incorporating a ...",0,0,0,0,0,0,0,0,0,0,0,10,,,,,,,,,,,,,,,170,335,542,160,71,469,266,422,301,291,458,324
'851714,Telephones for cellular networks or for other wireless networks (excl. line telephone sets ...,23,2,6,23,0,0,0,11,52,0,0,10,,,,,,,,,,,,,,,158,504,431,812,366,286,213,457,851,537,518,380
'420232,"Wallets, purses, key-pouches, cigarette-cases, tobacco-pouches and similar articles carried ...",12,0,0,33,10,14,15,37,0,2,0,10,,,,,,,,,,,,,,,2227,1929,2242,2018,3796,2902,2368,2800,2139,2870,1667,1531
'080119,"Fresh coconuts, whether or not shelled or peeled (excl. in the inner shell ""endocarp"")",0,0,0,0,0,0,0,0,0,0,0,10,,,,,,,,,,,,,,,12,0,0,0,0,1,75,6,6,0,0,10
'847790,Parts of machinery for working rubber or plastics or for the manufacture of products from these ...,28,5,10,6,11,6,11,13,7,4,12,10,,,,,,,,,,,,,,,27249,25960,25525,39916,25177,29170,26098,32464,23013,61623,23996,24420
'741011,"Refined copper foil, not backed, of a thickness of <= 0,15 mm (excl. stamping foils of heading ...",47,17,32,26,65,25,74,24,31,54,32,10,,,,,,,,,,,,,,,1019,1302,1249,1075,1571,1088,841,721,596,1232,555,1428
'820590,Anvils; portable forges; hand- or pedal-operated grinding wheels with frameworks; sets of articles ...,20,10,9,6,0,0,0,2,8,11,46,10,,,,,,,,,,,,,,,862,882,995,990,1156,1285,889,1997,1832,2477,937,1169
'621030,"Garments of the type described in heading 6202, rubberised or impregnated, coated, covered ...",0,3,0,114,92,93,86,0,7,8,12,10,,,,,,,,,,,,,,,49,112,28,386,383,319,412,355,135,99,52,22
'870870,"Road wheels and parts and accessories thereof, for tractors, motor vehicles for the transport ...",4,0,57,23,8,32,82,123,7,10,4,11,,,,,,,,,,,,,,,5532,5272,5482,4898,3623,4434,3799,4964,5062,3542,5754,5762
'610822,"Women's or girls' briefs and panties of man-made fibres, knitted or crocheted",19,19,8,14,9,24,14,19,26,33,23,11,,,,,,,,,,,,,,,553,258,595,692,822,1047,683,470,472,773,573,577
'841370,"Centrifugal pumps, power-driven (excl. those of subheading 8413.11 and 8413.19, fuel, lubricating ...",0,0,3,0,0,1,18,13,0,0,1,11,,,,,,,,,,,,,,,18916,15963,23667,14595,18356,16694,22969,17633,20610,16629,19531,12262
'480519,"Fluting paper, uncoated, in rolls of a width > 36 cm or in square or rectangular sheets with ...",0,0,0,0,0,0,1,0,0,11,0,11,,,,,,,,,,,,,,,136,213,186,223,314,425,236,359,235,117,213,469
'830210,"Hinges of all kinds, of base metal",1,7,29,3,2,77,7,149,81,540,255,11,,,,,,,,,,,,,,,8699,17554,13776,5462,5237,5356,5150,3309,5305,5165,5178,4882
'340399,"Lubricant preparations, incl. cutting-oil preparations, bolt or nut release preparations, anti-rust ...",15,0,3,2,32,5,1,0,31,39,3,11,,,,,,,,,,,,,,,19635,17096,19517,19532,17870,18404,17261,19821,18529,18067,16892,20840
'690210,"Refractory bricks, blocks, tiles and similar refractory ceramic constructional goods containing, ...",29,29,0,0,0,0,0,0,0,0,0,11,,,,,,,,,,,,,,,11403,12207,13931,10124,12963,8144,9019,9182,10124,8974,7250,6730
'760820,Tubes and pipes of aluminium alloys (excl. hollow profiles),4,0,5,0,17,0,20,12,0,0,4,11,,,,,,,,,,,,,,,7062,6299,6697,7308,7701,7349,6117,6094,8065,6879,8066,7118
'843610,Machinery for preparing animal feedingstuffs in agricultural holdings and similar undertakings ...,0,0,0,0,0,0,0,0,0,0,0,11,,,,,,,,,,,,,,,2761,3556,7221,3562,3749,1445,2415,2059,7955,2228,1341,2395
'250510,"Silica sands and quartz sands, whether or not coloured",0,0,0,10,0,0,10,11,11,0,0,11,,,,,,,,,,,,,,,2788,656,1476,1102,822,819,932,1241,1203,641,1261,1223
'611120,"Babies' garments and clothing accessories of cotton, knitted or crocheted (excl. hats)",29,49,30,24,82,54,30,54,61,41,3,11,,,,,,,,,,,,,,,653,771,1070,935,1291,1188,924,909,1188,1241,883,753
'660110,Garden or similar umbrellas (excl. beach tents),0,16,0,18,0,0,0,0,0,0,0,11,,,,,,,,,,,,,,,60,99,80,108,49,183,137,80,135,286,148,146
'680530,"Natural or artificial abrasive powder or grain, on a base of materials other than woven textile ...",0,0,0,0,0,27,0,0,1,17,0,11,,,,,,,,,,,,,,,2818,2751,3166,2746,3002,3377,3320,3617,2995,3524,4149,4138
'610712,"Men's or boys' underpants and briefs of man-made fibres, knitted or crocheted",128,50,238,55,63,86,20,80,94,120,11,11,,,,,,,,,,,,,,,664,243,1056,658,394,489,365,985,661,697,499,582
'731819,"Threaded articles, of iron or steel, n.e.s.",2,3,9,15,0,1,18,23,4,11,0,11,,,,,,,,,,,,,,,13224,12615,15544,11653,14890,11476,10773,10120,9296,10272,9311,10791
'960622,"Buttons of base metal, not covered with textile material (excl. press-fasteners, snap-fasteners, ...",0,0,0,0,5,0,5,7,1,1,4,11,,,,,,,,,,,,,,,1764,1607,1610,1536,1752,1786,1772,1690,1363,1697,1343,1498
'732620,"Articles of iron or steel wire, n.e.s.",0,0,0,0,0,0,0,0,1,1,0,12,,,,,,,,,,,,,,,2162,1971,2095,1646,1770,1995,2239,1576,1613,2057,2426,1993
'551319,"Woven fabrics containing predominantly, but < 85% synthetic staple fibres by weight, mixed ...",0,0,15,11,0,21,15,13,28,0,0,12,,,,,,,,,,,,,,,0,0,19,11,0,21,15,13,28,0,32,12
'610230,"Women's or girls' overcoats, car coats, capes, cloaks, anoraks, incl. ski jackets, windcheaters, ...",34,29,67,260,54,71,123,110,12,3,0,12,,,,,,,,,,,,,,,143,292,442,1160,1413,1346,1245,1808,923,442,210,112
'270111,"Anthracite, whether or not pulverised, non-agglomerated",2370,0,0,0,0,0,48,24,12,12,0,12,,,,,,,,,,,,,,,22797,34170,16554,34853,11711,18177,16902,13044,4803,23287,13532,24075
'391690,"Monofilament of which any cross-sectional dimension > 1 mm, rods, sticks and profile shapes, ...",12,6,0,0,14,1,0,0,8,0,6,12,,,,,,,,,,,,,,,1722,2015,1931,2291,1949,1622,2356,1737,2335,2237,1904,2339
'940171,"Upholstered seats, with metal frames (excl. seats for aircraft or motor vehicles, swivel seats ...",45,225,31,67,37,94,3,69,23,110,58,12,,,,,,,,,,,,,,,1326,1506,1663,1497,1810,1965,2160,2021,2987,1946,952,906
'847490,"Parts of machinery for working mineral substances of heading 8474, n.e.s.",5,0,0,17,0,0,0,0,10,0,1,12,,,,,,,,,,,,,,,22221,23255,24894,16023,14755,14230,18494,18198,19945,15545,21626,22004
'940159,"Seats of cane, osier or similar materials (excl. of bamboo or rattan)",0,0,0,0,0,0,0,0,0,0,0,12,,,,,,,,,,,,,,,0,0,1,0,5,5,0,0,7,0,0,24
'620452,Women's or girls' skirts and divided skirts of cotton (excl. knitted or crocheted and petticoats),0,6,5,2,2,0,1,0,0,0,5,12,,,,,,,,,,,,,,,423,428,387,407,250,347,223,318,422,508,474,574
'610469,"Women's or girls' trousers, bib and brace overalls, breeches and shorts of textile materials, ...",145,1,21,67,0,8,144,143,0,1,8,13,,,,,,,,,,,,,,,779,219,694,408,708,694,934,503,768,837,1233,585
'620432,"Women's or girls' jackets and blazers of cotton (excl. knitted or crocheted, wind-jackets and ...",4,0,0,0,0,1,6,0,0,0,0,13,,,,,,,,,,,,,,,111,97,118,274,392,307,179,160,184,231,117,172
'411510,"Composition leather based on leather or leather fibre, in slabs, sheets or strip, whether or ...",0,1,8,1,0,0,0,2,39,0,0,13,,,,,,,,,,,,,,,760,612,662,739,456,456,107,588,460,545,347,402
'441241,"Laminated veneered lumber ""LVL"", with at least one outer ply of tropical wood (excl. of bamboo, ...",0,24,118,135,20,12,153,7,13,40,265,13,,,,,,,,,,,,,,,0,24,161,135,20,12,214,38,32,72,297,13
'880730,"Parts of aeroplanes, helicopters or unmanned aircraft, n.e.s. (excl. those for gliders)",0,0,0,429,51,140,38,78,123,12,10,13,,,,,,,,,,,,,,,57894,40663,72471,57295,33319,41309,71009,39473,31547,80365,39637,43233
'611212,"Track-suits of synthetic fibres, knitted or crocheted",0,54,88,41,70,37,3,0,24,4,1,13,,,,,,,,,,,,,,,40,308,182,110,139,273,82,49,153,130,13,43
'870892,"Silencers ""mufflers"" and exhaust pipes, and parts thereof, for tractors, motor vehicles for ...",0,0,0,0,0,0,0,0,0,0,0,13,,,,,,,,,,,,,,,5735,6002,5555,4736,5176,4275,3831,4793,4264,2951,4365,5312
'854520,Carbon brushes for electrical purposes,19,12,26,22,19,19,29,28,30,15,34,14,,,,,,,,,,,,,,,3054,2356,3773,3633,3672,3909,2834,3686,3304,3720,3035,2742
'732189,"Stoves, heaters, grates, fires, wash boilers, braziers and similar domestic appliances, of ...",0,0,8,0,0,0,0,8,0,0,0,14,,,,,,,,,,,,,,,33,0,30,43,12,36,275,73,50,23,53,16
'611596,"Full-length or knee-length stockings, socks and other hosiery, incl. footwear without applied ...",31,127,284,18,78,92,108,89,170,77,25,14,,,,,,,,,,,,,,,1294,1177,1430,1345,1584,1517,939,1144,1113,977,759,478
'560392,"Nonwovens, whether or not impregnated, coated, covered or laminated, n.e.s., weighing > 25 ...",66,57,87,7,53,103,16,31,35,79,16,14,,,,,,,,,,,,,,,4738,3985,4497,5253,4789,2246,2313,2616,3911,1518,4591,4254
'848130,"Check ""non-return"" valves for pipes, boiler shells, tanks, vats or the like",8,27,0,27,70,16,0,97,0,0,84,14,,,,,,,,,,,,,,,3917,4172,4423,3747,4867,5096,4182,3510,5890,4127,5277,4461
'340241,"Cationic organic surface-active agents, whether or not put up for retail sale",0,0,0,0,0,0,0,0,0,0,8,14,,,,,,,,,,,,,,,947,1109,2204,1465,2436,1718,1524,954,1448,1552,1136,1428
'620443,Women's or girls' dresses of synthetic fibres (excl. knitted or crocheted and petticoats),2,8,5,0,63,69,1,52,29,32,12,14,,,,,,,,,,,,,,,1722,1202,2190,2514,2624,3249,1984,1957,2132,1945,2210,2648
'842121,Machinery and apparatus for filtering or purifying water,0,0,3,0,0,0,2,0,0,3,0,14,,,,,,,,,,,,,,,12106,13831,20832,9337,30970,17502,14728,12546,12039,17363,17384,12689
'620230,"Women's or girls' overcoats, car-coats, capes, cloaks, anoraks, incl. ski jackets, wind-cheaters, ...",0,35,13,0,29,64,20,94,48,31,2,14,,,,,,,,,,,,,,,106,172,233,300,301,232,262,448,295,215,155,229
'841590,"Parts of air conditioning machines, comprising a motor-driven fan and elements for changing ...",1,7,15,5,0,9,2,18,1,2,9,14,,,,,,,,,,,,,,,57209,44758,48980,45028,34805,38860,39095,43014,51549,63982,61051,52740
'391190,"Polysulphides, polysulphones and other polymers and prepolymers produced by chemical synthesis, ...",18,26,26,8,10,8,10,0,46,41,0,14,,,,,,,,,,,,,,,12820,9550,13266,9478,12036,10713,10749,10981,10502,10545,8955,15958
'420299,"Travelling-bags, shopping or tool bags, jewellery boxes, cutlery cases and similar, with outer ...",19,3,9,7,11,6,6,2,4,232,168,14,,,,,,,,,,,,,,,2753,2007,2776,1931,2086,2099,2028,1886,2498,2378,2359,1757
'580710,"Labels, badges and similar articles, of textile materials, in the piece, in strips or cut to ...",11,2,22,31,14,21,20,12,30,21,10,14,,,,,,,,,,,,,,,1438,1343,2138,2194,2172,2287,2019,1821,2473,2061,1967,1960
'847190,"Magnetic or optical readers, machines for transcribing data onto data media in coded form and ...",80,30,75,34,15,25,17,23,6,0,11,15,,,,,,,,,,,,,,,5748,3979,5837,4432,5818,4707,5386,6243,6032,5521,4147,4670
'330510,Shampoos,0,0,8,5,8,18,8,0,6,0,0,15,,,,,,,,,,,,,,,2988,3222,3229,3175,4000,4101,3032,3926,3113,2647,3452,3106
'843710,"Machines for cleaning, sorting or grading seed, grain or dried leguminous vegetables",66,0,9,47,23,0,44,0,0,29,39,15,,,,,,,,,,,,,,,9027,5744,8148,8238,11646,11327,8585,10385,10159,8553,11753,6326
'853222,"Fixed electrical capacitors, aluminium electrolytic (excl. power capacitors)",0,0,14,0,22,0,1,0,96,0,5,15,,,,,,,,,,,,,,,15338,12192,16470,17117,14916,13906,13674,14854,16131,14182,12392,14336
'901920,"Ozone therapy, oxygen therapy, aerosol therapy, artificial respiration or other therapeutic ...",23,119,185,360,450,413,410,349,88,235,15,15,,,,,,,,,,,,,,,16848,20457,24324,24075,18797,19738,21891,22714,17795,18465,22010,24672
'760429,"Bars, rods and solid profiles, of aluminium alloys, n.e.s.",16,16,0,17,0,0,6,0,0,0,10,15,,,,,,,,,,,,,,,8080,8382,9021,9222,8321,6892,6748,7737,7168,9369,9700,7966
'080112,"Fresh coconuts in the inner shell ""endocarp""",0,0,26,0,0,0,0,0,0,0,0,15,,,,,,,,,,,,,,,0,0,26,0,0,0,25,108,78,2,0,15
'870880,"Suspension systems and parts thereof, incl. shock-absorbers, for tractors, motor vehicles for ...",8,0,116,78,10,23,19,8,6,20,10,15,,,,,,,,,,,,,,,23056,17101,23682,21270,21330,20079,17943,18637,22905,17959,23676,21722
'321590,"Ink, whether or not concentrated or solid (excl. printing ink)",121,30,5,6,62,38,0,53,23,25,99,16,,,,,,,,,,,,,,,6900,6393,6353,6156,8140,6457,6231,6404,7894,7816,4626,5789
'820239,"Circular saw blades, incl. slitting or slotting saw blades, and parts thereof, of base metal, ...",2,9,0,18,25,0,14,0,0,11,0,16,,,,,,,,,,,,,,,9108,8168,9488,7588,9227,11515,9901,8740,10914,8657,11111,7479
'731816,Nuts of iron or steel,4,1,12,11,29,10,21,2,15,15,8,16,,,,,,,,,,,,,,,15053,14722,16857,15292,14974,16852,13616,16488,17145,17316,15428,15115
'200899,"Fruit and other edible parts of plants, prepared or preserved, whether or not containing added ...",0,0,140,89,194,61,19,64,43,58,67,16,,,,,,,,,,,,,,,995,1005,1992,1384,1449,733,1222,844,970,490,803,823
'711719,"Imitation jewellery, of base metal, whether or not plated with precious metal (excl. cuff links ...",18,15,7,25,10,21,28,26,14,28,25,16,,,,,,,,,,,,,,,1280,1160,1988,1472,1400,1519,1290,1392,1308,1297,1396,1126
'610590,"Men's or boys' shirts of textile materials, knitted or crocheted (excl. of cotton or man-made ...",18,0,0,2,0,0,0,0,0,0,0,16,,,,,,,,,,,,,,,224,175,153,280,213,300,455,312,226,112,743,1770
'560410,Textile-covered rubber thread and cord,68,12,22,2,12,8,8,28,25,10,6,16,,,,,,,,,,,,,,,333,316,318,227,257,216,349,303,258,267,188,314
'902410,Machines and appliances for testing metals,0,0,0,0,0,0,0,0,0,0,0,16,,,,,,,,,,,,,,,1827,1610,2742,2265,1780,1459,724,2733,1551,3183,4532,1695
'392410,"Tableware and kitchenware, of plastics",1,1,5,8,23,2,5,1,2,4,0,16,,,,,,,,,,,,,,,3071,3013,3220,3156,4200,3353,2654,3136,3880,4431,3184,1918
'903290,"Parts and accessories for regulating or controlling instruments and apparatus, n.e.s.",239,23,218,319,0,0,0,0,8,0,0,17,,,,,,,,,,,,,,,17037,17258,20053,18402,19130,18589,17839,22293,17013,16026,19977,15383
'460122,"Mats, matting and screens, of rattan plaiting materials, flat-woven or bound together in parallel",47,63,29,29,43,69,28,11,25,22,25,17,,,,,,,,,,,,,,,49,361,188,49,228,70,342,141,230,286,176,42
'200600,"Vegetables, fruit, nuts, fruit-peel and other edible parts of plants, preserved by sugar ""drained, ...",0,0,0,0,35,35,0,0,17,0,17,17,,,,,,,,,,,,,,,256,436,402,323,677,469,315,247,396,303,393,148
'392020,"Plates, sheets, film, foil and strip, of non-cellular polymers of ethylene, not reinforced, ...",205,175,0,262,197,12,45,0,0,1,1,17,,,,,,,,,,,,,,,10794,12217,24927,27432,21996,14427,13240,10057,11758,10134,11780,12979
'283329,"Sulphates (excl. of sodium, magnesium, aluminium, nickel, copper, barium and mercury)",0,0,0,0,0,0,0,0,0,0,0,17,,,,,,,,,,,,,,,1175,877,779,1190,876,1150,639,488,907,295,833,1341
'540772,"Woven fabrics of yarn containing >= 85% synthetic filament by weight, incl. monofilament of ...",0,0,0,0,0,0,0,0,0,0,0,18,,,,,,,,,,,,,,,324,887,1199,938,459,222,589,703,330,165,421,340
'480257,"Uncoated paper and paperboard, of a kind used for writing, printing or other graphic purposes, ...",1,0,0,5,0,1,6,4,3,2,8,18,,,,,,,,,,,,,,,3509,3719,3238,4361,5626,6890,4968,4475,2987,3531,2315,2233
'870830,"Brakes and servo-brakes and their parts, for tractors, motor vehicles for the transport of ...",7,8,92,126,1,45,53,37,34,28,10,18,,,,,,,,,,,,,,,29967,29217,32566,29539,28932,28729,22189,25896,31294,30962,29754,32358
'610433,"Women's or girls' jackets and blazers of synthetic fibres, knitted or crocheted (excl. wind-jackets ...",0,0,57,23,37,18,21,21,26,117,5,18,,,,,,,,,,,,,,,79,85,342,451,878,983,567,354,243,216,216,111
'854121,Transistors with a dissipation rate < 1 W (excl. photosensitive transistors),0,21,20,7,2,2,0,0,4,3,8,18,,,,,,,,,,,,,,,2261,1965,2681,2258,2469,1970,1799,1953,1548,1537,1646,1595
'591110,"Textile fabrics, felt and felt-lined woven fabrics, coated, covered or laminated with rubber, ...",0,0,0,0,0,0,0,33,21,30,3,18,,,,,,,,,,,,,,,461,935,779,917,520,869,793,959,851,635,665,653
'210120,"Extracts, essences and concentrates, of tea or mate, and preparations with a basis of these ...",25,14,29,0,11,37,18,31,13,21,18,18,,,,,,,,,,,,,,,1524,916,1250,1172,1168,760,1064,823,903,382,407,345
'293190,"Separate chemically defined organo-inorganic compounds (excl. organo-sulphur, mercury, tetramethyl ...",0,0,0,0,0,0,0,0,0,0,0,18,,,,,,,,,,,,,,,20276,20934,19831,15879,12059,12170,10373,13988,17860,13789,15030,21351
'521049,"Woven fabrics of cotton, containing predominantly, but < 85% cotton by weight, mixed principally ...",26,28,19,0,5,8,0,2,37,17,0,18,,,,,,,,,,,,,,,591,193,104,158,349,159,222,208,704,163,331,776
'611595,"Full-length or knee-length stockings, socks and other hosiery, incl. footwear without applied ...",28,90,29,29,6,23,47,36,45,61,18,18,,,,,,,,,,,,,,,414,311,434,428,243,364,428,485,554,499,555,321
'490890,"Transfers ""decalcomanias"" (excl. vitrifiable)",0,3,1,0,0,0,0,0,4,0,9,18,,,,,,,,,,,,,,,1224,1031,1438,1534,1274,1357,1316,1163,1079,1278,1386,1261
'821599,"Spoons, forks, ladles, skimmers, cake-servers, fish-knives, butter-knives, sugar tongs and ...",16,64,0,0,103,1,68,0,0,88,39,19,,,,,,,,,,,,,,,926,966,912,943,1344,1126,987,1130,1175,1320,998,607
'392620,Articles of apparel and clothing accessories produced by the stitching or sticking together ...,5,0,10,17,0,15,0,2,6,21,20,19,,,,,,,,,,,,,,,1205,894,987,806,1187,1022,1058,1283,1180,1098,1265,816
'610831,"Women's or girls' nightdresses and pyjamas of cotton, knitted or crocheted (excl. T-shirts, ...",5,0,0,0,0,0,21,29,0,61,14,19,,,,,,,,,,,,,,,252,104,268,436,132,299,226,117,135,269,150,138
'620590,"Men's or boys' shirts of textile materials (excl. of cotton or man-made fibres, knitted or ...",0,0,0,0,10,0,0,0,21,0,12,19,,,,,,,,,,,,,,,2049,946,1781,1238,863,1159,1029,1165,2454,2683,2795,2387
'560750,"Twine, cordage, ropes and cables, of synthetic fibres, whether or not plaited or braided and ...",77,15,57,99,77,31,109,18,14,0,0,20,,,,,,,,,,,,,,,2534,1829,2143,1548,1862,1473,2113,1155,1813,1318,1486,1836
'610620,"Women's or girls' blouses, shirts and shirt-blouses of man-made fibres, knitted or crocheted ...",22,19,0,0,22,17,0,6,6,8,15,20,,,,,,,,,,,,,,,1750,1425,2519,2028,2193,1932,1976,2177,2246,1939,2751,2203
'621143,"Women's or girls' tracksuits and other garments, n.e.s. of man-made fibres (excl. knitted or ...",12,8,1,40,8,12,20,61,41,62,6,20,,,,,,,,,,,,,,,545,439,852,725,511,467,467,809,456,455,684,648
'621133,"Men's or boys' tracksuits and other garments, n.e.s. of man-made fibres (excl. knitted or ...",4,48,87,10,54,83,115,18,107,132,6,20,,,,,,,,,,,,,,,43,192,433,116,104,175,167,129,314,300,55,196
'610442,"Women's or girls' dresses of cotton, knitted or crocheted (excl. petticoats)",11,5,12,1,26,9,35,39,58,47,14,20,,,,,,,,,,,,,,,550,368,571,546,468,500,540,570,586,596,431,630
'901850,"Ophthalmic instruments and appliances, n.e.s.",18,17,15,16,14,12,18,19,15,19,24,20,,,,,,,,,,,,,,,18800,21094,20254,23841,17095,23320,27332,27356,19347,25654,26286,27131
'521029,"Woven fabrics of cotton, containing predominantly, but < 85% cotton by weight, mixed principally ...",0,31,0,0,0,14,0,0,0,0,0,20,,,,,,,,,,,,,,,43,69,81,1,97,138,19,39,43,128,27,124
'540741,"Woven fabrics of yarn containing >= 85% by weight of filaments of nylon or other polyamides, ...",203,15,66,46,68,58,37,174,90,39,0,21,,,,,,,,,,,,,,,677,461,766,466,422,448,616,860,626,742,697,615
'283526,"Phosphates of calcium (excl. calcium hydrogenorthophosphate ""dicalcium phosphate"")",0,0,0,0,0,0,0,0,0,0,0,21,,,,,,,,,,,,,,,7017,3031,4252,4840,6460,5519,6446,3572,4853,5551,8586,6389
'520522,"Single cotton yarn, of combed fibres, containing >= 85% cotton by weight and with a linear ...",1,0,2,130,242,83,236,143,238,106,239,21,,,,,,,,,,,,,,,1,6,6,154,242,132,243,200,238,106,264,21
'854411,"Winding wire for electrical purposes, of copper, insulated",15,9,49,19,110,60,20,119,206,1,28,21,,,,,,,,,,,,,,,11139,14234,12511,13834,11660,12760,12699,13358,15614,13516,15645,20762
'846219,"Hot forming machines for forging, die forging incl. presses, and hot hammers (excl. closed ...",0,0,0,0,0,0,0,4,0,0,0,21,,,,,,,,,,,,,,,38011,7878,15170,12589,15822,7301,5560,3445,10328,11811,8343,19120
'441510,"Cases, boxes, crates, drums and similar packings, of wood; cable-drums of wood",0,20,0,0,20,19,0,0,20,0,0,21,,,,,,,,,,,,,,,154,151,622,941,390,665,205,126,215,231,994,235
'611790,"Parts of garments or clothing accessories, knitted or crocheted, n.e.s.",0,56,41,0,1,0,15,47,0,0,15,21,,,,,,,,,,,,,,,449,265,276,196,195,288,431,357,283,571,331,515
'741539,"Screw hooks, screw rings and the like, threaded, of copper (excl. standard screws and bolts ...",39,87,14,49,33,21,26,29,52,149,110,21,,,,,,,,,,,,,,,1792,1574,1366,1648,1703,1160,1177,1307,1929,1984,1649,1780
'854129,Transistors with a dissipation rate >= 1 W (excl. photosensitive transistors),199,3,333,7,7,7,16,28,30,36,37,21,,,,,,,,,,,,,,,67625,64835,69171,61392,63497,66477,72134,72050,80549,68283,69920,77429
'630532,"Flexible intermediate bulk containers, for the packing of goods, of synthetic or man-made textile ...",0,40,0,58,0,0,0,40,0,0,39,22,,,,,,,,,,,,,,,187,429,494,282,639,554,260,733,600,487,513,451
'830249,"Base metal mountings, fittings and similar articles (excl. locks with keys, clasps and frames ...",35,27,16,7,1,8,14,14,15,4,9,22,,,,,,,,,,,,,,,10907,9640,11201,8844,8568,10095,10099,11136,9264,10270,8876,7313
'391721,"Rigid tubes, pipes and hoses, of polymers of ethylene",0,0,0,0,0,2,0,0,0,0,0,22,,,,,,,,,,,,,,,1762,1638,2840,1305,2487,2047,1659,1899,2147,2407,1701,2405
'551323,"Woven fabrics containing predominantly, but < 85% polyester staple fibres by weight, mixed ...",23,14,0,0,0,0,46,21,0,1,51,22,,,,,,,,,,,,,,,61,109,86,29,80,50,68,56,128,37,58,65
'853951,"Light-emitting diode ""LED"" light source modules",33,19,27,24,15,38,15,31,21,29,25,24,,,,,,,,,,,,,,,1072,1321,1255,1094,836,1079,1351,1343,1308,1232,1247,1032
'390140,"Ethylene-alpha-olefin copolymers, having a specific gravity of < 0,94 , in primary forms",120,0,0,0,0,0,15,0,30,0,0,24,,,,,,,,,,,,,,,79024,63657,88247,82779,64629,67955,77012,79951,78512,57160,52409,64935
'392220,"Lavatory seats and covers, of plastics",0,9,26,5,61,0,68,47,20,0,0,24,,,,,,,,,,,,,,,584,904,1346,1228,1127,955,1376,1387,1132,920,888,784
'600623,"Cotton fabrics, knitted or crocheted, of yarns of different colours, of a width of > 30 cm ...",0,55,432,0,307,201,62,0,75,95,108,25,,,,,,,,,,,,,,,1872,2118,2793,1159,2453,1677,1322,1877,1940,2375,1604,511
'610342,"Men's or boys' trousers, bib and brace overalls, breeches and shorts of cotton, knitted or ...",35,126,93,106,77,35,38,40,81,140,27,25,,,,,,,,,,,,,,,1238,1437,1988,1471,1334,1453,853,1543,1454,1799,949,1001
'830820,"Tubular or bifurcated rivets, of base metal",2,12,56,11,7,10,3,9,17,6,10,25,,,,,,,,,,,,,,,975,803,746,948,884,849,870,810,879,835,875,962
'381090,"Fluxes and other auxiliary preparations for soldering, brazing or welding; preparations of ...",40,8,8,8,9,25,25,11,8,0,2,25,,,,,,,,,,,,,,,3984,3495,3262,3247,3721,3739,3554,4062,3817,3722,3490,3871
'620442,Women's or girls' dresses of cotton (excl. knitted or crocheted and petticoats),8,19,1,5,9,5,0,7,2,72,23,25,,,,,,,,,,,,,,,1188,572,894,795,505,458,296,646,914,961,1065,1128
'291733,Dinonyl or didecyl orthophthalates,0,119,504,0,0,0,225,335,475,111,88,25,,,,,,,,,,,,,,,4459,3586,3288,3474,1816,3621,3808,3238,6806,3472,2870,1260
'580790,"Labels, badges and similar articles, of textile materials, in the piece, in strips or cut to ...",7,20,0,2,1,11,5,8,2,9,3,26,,,,,,,,,,,,,,,615,479,636,708,859,610,720,715,730,703,575,556
'690722,"Ceramic flags and paving, hearth or wall tiles, of a water absorption coefficient by weight ...",0,130,66,110,266,243,23,7,7,159,71,26,,,,,,,,,,,,,,,167,392,291,514,725,524,222,177,305,355,270,242
'611693,"Gloves, mittens and mitts, of synthetic fibres, knitted or crocheted (excl. impregnated, coated, ...",20,8,63,51,152,67,91,33,26,3,33,26,,,,,,,,,,,,,,,172,239,270,353,751,529,371,448,450,324,469,429
'848110,Pressure-reducing valves,0,0,0,1,0,0,0,8,10,24,15,26,,,,,,,,,,,,,,,4722,4920,5742,4379,3540,4689,3751,4534,4404,3445,4537,5931
'940360,"Wooden furniture (excl. for offices, kitchens and bedrooms, and seats)",33,13,34,43,70,83,80,93,63,57,46,27,,,,,,,,,,,,,,,3045,3104,3871,5718,10570,11309,13354,4872,5345,6165,2038,1173
'851529,"Machines for resistance welding of metals, neither fully nor partly automatic",0,0,0,0,0,0,0,0,0,0,0,27,,,,,,,,,,,,,,,1788,706,778,622,804,593,448,477,587,548,1177,643
'960711,Slide fasteners fitted with chain scoops of base metal,27,0,1,1,0,0,9,4,1,1,0,27,,,,,,,,,,,,,,,1674,1639,1642,1405,1239,1407,1160,1406,1351,1381,1147,1479
'731449,"Grill, netting and fencing, of iron or steel wire, not welded at the intersection (excl. plated ...",14,12,12,6,2,5,11,6,6,0,12,27,,,,,,,,,,,,,,,488,354,388,658,499,443,464,243,1236,730,1085,533
'610453,"Women's or girls' skirts and divided skirts of synthetic fibres, knitted or crocheted (excl. ...",0,0,0,29,31,2,8,2,19,19,1,27,,,,,,,,,,,,,,,236,211,294,312,283,546,421,345,303,337,308,303
'390120,"Polyethylene with a specific gravity of >= 0,94, in primary forms",0,79,144,0,0,0,0,0,0,58,0,27,,,,,,,,,,,,,,,81525,76551,89200,100541,79909,74213,73871,77975,77587,78290,54095,41986
'570390,"Carpet tiles of vegetable textile materials or coarse animal hair, tufted ""needle punched"", ...",0,0,0,0,0,0,0,0,0,0,0,27,,,,,,,,,,,,,,,263,284,287,291,291,265,302,270,629,183,679,261
'282710,Ammonium chloride,0,0,0,0,0,0,0,0,0,0,0,28,,,,,,,,,,,,,,,245,126,511,498,334,388,46,118,183,12,142,275
'040490,"Products consisting of natural milk constituents, whether or not sweetened, n.e.s.",0,0,0,0,0,0,0,0,0,0,0,28,,,,,,,,,,,,,,,46,193,50,341,662,403,470,249,262,865,325,1012
'841350,"Reciprocating positive displacement pumps for liquids, power-driven (excl. those of subheading ...",0,1,0,0,1,0,0,0,0,0,0,28,,,,,,,,,,,,,,,28884,22681,28025,19292,25353,23169,26373,28143,41980,20958,23757,22989
'847180,"Units for automatic data-processing machines (excl. processing units, input or output units ...",0,0,0,10,93,31,16,7,76,26,9,28,,,,,,,,,,,,,,,18114,13148,16555,9694,17943,19101,12907,29160,26123,20976,43155,19013
'390190,"Polymers of ethylene, in primary forms (excl. polyethylene and ethylene-vinyl acetate copolymers)",11,0,1,6,0,11,17,0,14,0,9,28,,,,,,,,,,,,,,,26616,23552,29024,21450,22070,19584,21771,22167,21649,21200,23185,23422
'390320,"Styrene-acrylonitrile copolymers ""SAN"", in primary forms",0,0,0,0,0,0,7,0,0,0,16,28,,,,,,,,,,,,,,,4594,6530,5138,5378,5134,5619,4039,5435,6805,5621,6484,5780
'853310,"Fixed carbon resistors, composition or film types (excl. heating resistors)",2,9,15,15,27,23,9,1,24,4,11,28,,,,,,,,,,,,,,,5139,4591,6051,5587,5554,4879,5889,6656,6505,5816,6347,5529
'950730,Fishing reels,22,20,0,13,11,0,1,0,0,3,0,28,,,,,,,,,,,,,,,212,69,118,111,138,95,116,46,98,121,78,111
'391910,"Self-adhesive plates, sheets, film, foil, tape, strip and other flat shapes, of plastics, in ...",57,57,43,33,28,61,26,58,48,2,28,29,,,,,,,,,,,,,,,5598,5142,6101,5833,5424,5527,5243,5741,5034,5764,5277,5637
'848390,"Toothed wheels, chain sprockets and other transmission elements presented separately; parts ...",299,136,652,152,114,43,62,43,66,85,124,29,,,,,,,,,,,,,,,44464,39966,44758,35700,37929,46654,49249,54707,55179,54507,47396,47112
'482320,"Filter paper and paperboard, in strips or rolls of a width <= 36 cm, in rectangular or square ...",7,16,0,18,32,0,32,0,0,19,0,29,,,,,,,,,,,,,,,5200,5524,6740,5846,4550,4491,4288,4171,3630,3910,4215,5048
'854110,"Diodes (excl. photosensitive or light emitting diodes ""LED"")",0,24,20,251,27,33,78,20,58,32,296,29,,,,,,,,,,,,,,,39869,35993,46479,37854,41594,37356,47103,42586,45998,38501,42396,43247
'481890,"Paper, cellulose wadding or webs of cellulose fibres, of a kind used for household or sanitary ...",0,0,0,1,2,0,0,0,0,1,5,30,,,,,,,,,,,,,,,494,620,460,702,499,746,558,661,629,680,752,505
'400259,"Acrylonitrile-butadiene rubber ""NBR"", in primary forms or in plates, sheets or strip (excl. ...",23,5,6,15,0,188,5,2,84,2,2,30,,,,,,,,,,,,,,,7952,9029,11778,10894,12007,10804,11210,8447,8131,10486,11668,10572
'441239,"Plywood consisting solely of sheets of wood <= 6 mm thick, with both outer plies of coniferous ...",0,0,0,0,0,0,0,0,0,0,0,30,,,,,,,,,,,,,,,66,343,139,118,164,163,53,59,78,218,228,207
'621290,"Corsets, braces, garters, suspenders and similar articles and parts thereof, incl. parts of ...",0,0,0,0,0,0,0,0,0,72,23,30,,,,,,,,,,,,,,,126,673,407,249,275,433,386,489,597,889,672,300
'843149,"Parts of machinery of heading 8426, 8429 and 8430, n.e.s.",11,0,7,1,0,0,1,0,0,1,0,30,,,,,,,,,,,,,,,88695,84475,89711,80288,76127,79819,98280,79474,89624,86628,84598,79799
'190590,"Bread, pastry, cakes, biscuits and other bakers' wares, whether or not containing cocoa; communion ...",22,71,162,135,183,176,141,29,119,133,50,30,,,,,,,,,,,,,,,5810,6119,6643,7980,8201,8409,10274,9202,7803,9985,10556,7889
'854690,Electrical insulators (excl. those of glass or ceramics and insulating fittings),128,131,301,114,301,21,217,137,194,127,69,30,,,,,,,,,,,,,,,11813,9281,12132,10378,11452,11441,12051,12702,14106,10768,10373,11297
'392640,"Statuettes and other ornamental articles, of plastics",14,0,15,10,10,2,0,11,0,11,14,31,,,,,,,,,,,,,,,5550,5293,5736,5289,6720,6053,5414,5097,6536,5413,5104,3852
'902610,Instruments and apparatus for measuring or checking the flow or level of liquids (excl. meters ...,137,72,1,13,20,1,1,21,18,3,1,31,,,,,,,,,,,,,,,13644,12710,13122,12520,12163,11199,13962,14036,11732,17540,16403,19616
'520822,"Plain woven fabrics of cotton, containing >= 85% cotton by weight and weighing > 100 g to 200 ...",56,122,49,30,31,102,81,8,119,36,31,31,,,,,,,,,,,,,,,366,458,323,121,92,206,305,186,370,209,139,237
'580631,"Narrow woven fabrics of cotton, with a width of <= 30 cm, n.e.s.",11,14,0,47,5,0,16,17,2,20,13,31,,,,,,,,,,,,,,,136,106,154,240,154,200,125,255,258,153,270,245
'850511,Permanent magnets of metal and articles intended to become permanent magnets after magnetization ...,469,169,649,556,523,48,233,311,31,327,48,32,,,,,,,,,,,,,,,13886,13071,16769,25102,17531,20493,20024,21200,18920,18034,18897,19367
'520833,"Woven fabrics of cotton, containing >= 85% cotton by weight and weighing <= 200 g/m_, in three-thread ...",0,0,5,34,0,0,19,17,22,34,29,32,,,,,,,,,,,,,,,432,806,613,1176,1111,858,547,721,1206,1157,1128,604
'481950,"Packing containers, incl. record sleeves, of paper, paperboard, cellulose wadding or webs of ...",384,133,133,73,46,55,0,4,0,0,20,32,,,,,,,,,,,,,,,1905,2230,1797,4021,2689,593,322,392,445,452,809,863
'340420,"Poly""oxyethylene"" [polyethylene glycol] waxes",0,86,23,15,17,0,0,17,17,67,59,32,,,,,,,,,,,,,,,6372,4817,8120,5652,8073,8225,7298,8337,7500,7767,5188,3569
'401110,"New pneumatic tyres, of rubber, of a kind used for motor cars, incl. station wagons and racing ...",35,0,0,0,0,16,15,1,0,1,33,32,,,,,,,,,,,,,,,4357,3397,4946,5921,6759,5097,3806,4521,6649,2790,3997,4278
'845290,"Furniture, bases and covers for sewing machines and parts thereof; other parts of sewing machines",0,2,0,1,33,1,1,0,64,80,0,33,,,,,,,,,,,,,,,3011,1921,2164,2074,3420,3092,3337,3044,3617,3687,2950,2323
'401519,"Gloves, mittens and mitts, of vulcanised rubber (excl. of a kind used for medical, surgical, ...",137,44,118,101,159,29,358,420,58,239,313,33,,,,,,,,,,,,,,,5044,5109,5562,6917,3963,5339,5002,4447,3751,2726,3154,4038
'420500,Articles of leather or composition leather (excl. saddlery and harness bags; cases and similar ...,20,3,0,2,19,17,0,6,0,20,3,33,,,,,,,,,,,,,,,923,522,532,487,490,559,355,252,366,303,367,520
'620444,Women's or girls' dresses of artificial fibres (excl. knitted or crocheted and petticoats),29,14,7,3,0,0,0,0,10,19,22,33,,,,,,,,,,,,,,,1018,602,991,701,379,310,319,610,674,918,1271,1074
'731100,"Containers of iron or steel, for compressed or liquefied gas (excl. containers specifically ...",45,178,10,0,19,60,41,21,10,24,41,33,,,,,,,,,,,,,,,4947,5911,6447,5974,8774,9370,3142,7109,8711,6179,5140,6152
'611241,"Women's or girls' swimwear of synthetic fibres, knitted or crocheted",25,26,5,58,11,2,3,29,50,83,82,34,,,,,,,,,,,,,,,576,468,236,238,334,138,182,295,663,814,676,525
'251820,"Calcined or sintered dolomite (excl. broken or crushed dolomite for concrete aggregates, road ...",0,13,9,5,0,9,10,10,0,0,0,34,,,,,,,,,,,,,,,770,789,936,1180,780,785,960,718,696,857,733,328
'848240,"Needle roller bearings, incl. cage and needle roller assemblies",38,16,84,7,39,55,39,32,40,23,39,34,,,,,,,,,,,,,,,4580,3851,3992,3687,4327,4430,4283,4549,4214,3805,3875,4135
'680422,"Millstones, grindstones, grinding wheels and the like, without frameworks, for sharpening, ...",0,0,35,0,71,0,0,0,0,68,0,34,,,,,,,,,,,,,,,20008,20319,22027,18952,19680,21739,17345,20980,20382,20019,20093,24735
'620339,"Men's or boys' jackets and blazers of textile materials (excl. of wool, fine animal hair, cotton ...",25,20,34,42,44,32,51,42,9,11,8,35,,,,,,,,,,,,,,,264,264,258,589,658,475,504,253,259,368,328,456
'940180,"Seats, n.e.s.",46,8,122,282,35,109,25,16,73,59,92,35,,,,,,,,,,,,,,,3867,4262,4991,4983,7171,5894,4463,6239,5512,5970,5529,2224
'903033,"Instruments and apparatus for measuring or checking voltage, current, resistance or electrical ...",45,0,93,40,0,7,7,20,45,1,15,36,,,,,,,,,,,,,,,10966,10506,11633,10868,11451,11057,9759,10590,9245,9940,10611,11369
'282890,"Hypochlorites, chlorites and hypobromites (excl. calcium hypochlorites)",0,0,0,0,0,0,0,0,0,0,0,36,,,,,,,,,,,,,,,1853,1742,2658,1719,1939,2090,1805,1902,3334,1485,1618,539
'680421,"Millstones, grindstones, grinding wheels and the like, without frameworks, for sharpening, ...",0,22,21,39,45,5,17,26,46,25,31,36,,,,,,,,,,,,,,,2957,4400,3551,2953,3580,4380,3435,3226,2792,2885,2841,5200
'845130,"Ironing machines and presses, incl. fusing presses (excl. calenders)",11,59,120,35,132,105,0,0,137,0,6,36,,,,,,,,,,,,,,,1432,1703,1682,1900,2075,1674,1318,1618,2102,1448,1407,744
'854720,"Insulating fittings for electrical purposes, of plastics",50,51,106,82,57,53,77,52,23,121,51,36,,,,,,,,,,,,,,,18860,18408,19855,20616,18774,18479,19647,21834,22982,19395,21023,22251
'440141,"Sawdust, not agglomerated",68,79,43,42,89,50,77,81,77,65,28,37,,,,,,,,,,,,,,,93,104,70,70,116,75,129,127,116,95,73,150
'482390,"Paper, paperboard, cellulose wadding and webs of cellulose fibres, in strips or rolls of a ...",297,43,26,18,42,52,59,22,41,241,124,37,,,,,,,,,,,,,,,6303,5536,6196,7191,5508,8099,5021,6479,5564,6412,6659,5614
'720449,"Waste and scrap of iron or steel (excl. slag, scale and other waste of the production of iron ...",0,0,0,0,0,0,0,44,53,0,0,38,,,,,,,,,,,,,,,227100,245827,257620,213813,174062,190299,175965,162701,170134,154298,123025,126211
'380893,"Herbicides, anti-sprouting products and plant-growth regulators, put up in forms or packings ...",0,0,130,429,0,231,25,0,929,34,93,38,,,,,,,,,,,,,,,51394,44761,42097,34365,27667,18113,9426,13689,23153,33105,51400,77275
'551219,"Woven fabrics containing >= 85% polyester staple fibres by weight, dyed, made of yarn of different ...",8,10,38,38,0,8,8,1,96,136,42,38,,,,,,,,,,,,,,,1381,1187,1501,1240,1074,1185,739,851,1033,602,633,402
'902190,"Articles and appliances, which are worn or carried, or implanted in the body, to compensate ...",39,41,24,62,114,112,90,64,43,22,41,38,,,,,,,,,,,,,,,24805,17892,23726,21775,24016,28004,20684,25538,26955,26848,23806,21605
'320820,"Paints and varnishes, incl. enamels and lacquers, based on acrylic or vinyl polymers, dispersed ...",0,0,0,0,35,0,12,23,1,0,42,38,,,,,,,,,,,,,,,7856,5188,6574,7942,6797,6344,5101,6596,7524,6700,4839,6436
'950300,"Tricycles, scooters, pedal cars and similar wheeled toys; dolls' carriages; dolls; other toys; ...",0,124,12,210,322,1078,705,753,192,1114,185,38,,,,,,,,,,,,,,,6798,7619,8254,8214,7073,8418,6552,8690,9647,9742,9501,6055
'620640,"Women's or girls' blouses, shirts and shirt-blouses of man-made fibres (excl. knitted or crocheted ...",9,1,1,11,14,51,6,76,48,52,22,38,,,,,,,,,,,,,,,2487,1552,3104,3402,2610,3045,2047,2764,3268,3153,3530,3096
'391739,"Flexible tubes, pipes and hoses, of plastics, reinforced or otherwise combined with other materials ...",35,36,43,95,76,16,84,66,51,61,13,38,,,,,,,,,,,,,,,5334,5807,6592,5348,4727,5099,5503,5765,5196,5669,6155,6174
'090220,Green tea in immediate packings of > 3 kg,60,27,0,17,0,0,0,0,33,0,0,38,,,,,,,,,,,,,,,306,221,168,397,350,334,565,218,369,314,298,197
'845320,"Machinery for making or repairing footwear of hides, skins or leather (excl. sewing machines)",0,1,7,0,2,0,0,0,0,0,0,40,,,,,,,,,,,,,,,4501,3784,4216,5666,3326,5724,4622,4111,5857,3071,3697,2231
'540247,"Filament yarn of polyester, incl. monofilament of < 67 decitex, single, untwisted or with a ...",0,0,0,0,0,0,0,0,0,0,0,40,,,,,,,,,,,,,,,7461,5894,6384,12532,8270,8343,5964,9405,41025,37152,34992,25137
'560393,"Nonwovens, whether or not impregnated, coated, covered or laminated, n.e.s., weighing > 70 ...",80,2,56,5,17,41,73,118,10,93,75,40,,,,,,,,,,,,,,,2088,1784,1750,1520,1789,1651,1611,1878,1972,1978,1749,1577
'843890,"Parts of machinery for the industrial preparation or manufacture of food or drink, n.e.s.",33,30,111,11,16,10,10,40,105,25,5,40,,,,,,,,,,,,,,,3845,3025,4705,2613,2919,3646,3303,4011,4157,3280,2795,2942
'382000,Anti-freezing preparations and prepared de-icing fluids (excl. prepared additives for mineral ...,2,0,56,0,0,0,29,30,145,175,0,41,,,,,,,,,,,,,,,630,1143,1076,950,1028,1450,984,874,1009,1879,1613,828
'691490,"Ceramic articles, n.e.s. (excl. of porcelain or china)",66,49,71,46,48,115,47,2,44,29,102,41,,,,,,,,,,,,,,,4645,3431,6044,4169,3421,2762,3844,4054,4312,4282,4847,5613
'441242,"Laminated veneered lumber ""LVL"", with at least one outer ply of non-coniferous wood (excl. ...",36,52,0,19,55,54,111,0,50,110,14,41,,,,,,,,,,,,,,,36,52,0,19,55,54,111,0,50,110,14,41
'380899,Rodenticides and other plant protection products put up for retail sale or as preparations ...,0,27,0,0,0,0,0,0,0,0,0,41,,,,,,,,,,,,,,,38550,24178,18173,9476,5366,9028,4090,3733,5048,4526,8595,10124
'610610,"Women's or girls' blouses, shirts and shirt-blouses of cotton, knitted or crocheted (excl. ...",7,33,16,5,12,1,27,41,70,26,58,41,,,,,,,,,,,,,,,319,128,493,216,171,1513,658,297,286,355,218,302
'190120,"Mixes and doughs of flour, groats, meal, starch or malt extract, not containing cocoa or containing ...",47,10,0,0,0,0,51,0,0,0,9,41,,,,,,,,,,,,,,,211,263,388,201,370,335,958,319,349,84,235,197
'180500,"Cocoa powder, not containing added sugar or other sweetening matter",0,0,0,0,0,0,0,12,32,0,0,42,,,,,,,,,,,,,,,28756,22667,29699,30705,28069,29633,30835,19605,26727,20543,23195,28503
'854159,"Semiconductor devices, n.e.s.",40,55,35,65,87,100,33,8,61,19,26,42,,,,,,,,,,,,,,,4698,2797,4935,4104,3399,3548,3907,3729,3283,3383,2468,2742
'902990,"Parts and accessories for revolution counters, production counters, taximeters, milometers, ...",22,65,52,29,50,35,34,38,26,58,40,42,,,,,,,,,,,,,,,1089,1166,1410,1470,1591,1410,1573,1536,1100,1386,1275,1486
'261400,Titanium ores and concentrates,153,0,27,26,19,25,87,26,86,42,209,42,,,,,,,,,,,,,,,2693,2830,4039,3134,2197,2320,12413,3682,3267,4913,3352,4184
'580429,"Mechanically made lace in the piece, in strips or in motifs (excl. that of man-made fibres, ...",11,23,34,17,1,7,2,1,9,0,9,42,,,,,,,,,,,,,,,1116,557,497,561,384,632,727,771,1556,799,178,683
'520832,"Plain woven fabrics of cotton, containing >= 85% cotton by weight and weighing > 100 g to 200 ...",63,102,77,72,96,21,91,28,98,100,80,42,,,,,,,,,,,,,,,2282,1693,1924,1703,2281,2385,2150,2139,3173,1978,1492,1056
'130231,"Agar-agar, whether or not modified",0,0,0,97,0,0,0,149,0,0,22,43,,,,,,,,,,,,,,,1060,667,1322,1108,519,776,1058,706,1600,812,1254,1193
'551692,"Woven fabrics containing predominantly, but < 85% artificial staple fibres by weight, other ...",0,0,0,0,0,0,24,0,0,0,0,43,,,,,,,,,,,,,,,253,208,197,222,564,1164,2024,809,716,268,79,155
'842820,Pneumatic elevators and conveyors,103,158,786,0,0,0,3,0,0,0,39,43,,,,,,,,,,,,,,,6086,2808,6102,6831,9756,4293,7274,5333,3767,3217,3736,5368
'902920,"Speed indicators and tachometers, stroboscopes",67,0,16,0,14,10,74,50,0,78,71,43,,,,,,,,,,,,,,,3185,2700,3770,3639,3096,2590,2346,2785,1471,1795,2323,2515
'854149,Photosensitive semiconductor devices (excl. photovoltaic generators and cells),269,349,266,259,326,121,52,320,313,260,237,43,,,,,,,,,,,,,,,2563,2528,1753,3438,1487,1270,10419,2390,2089,2762,1499,2395
'080550,"Fresh or dried lemons ""Citrus limon, Citrus limonum"" and limes ""Citrus aurantifolia, Citrus ...",0,0,0,0,0,0,0,0,0,0,0,43,,,,,,,,,,,,,,,12,40,51,5,0,8,11,20,81,17,8,67
'560600,"Gimped yarn, gimped strip and the like of heading 5404 or 5405; chenille yarn, incl. flock ...",0,59,0,0,50,20,20,21,1,40,22,44,,,,,,,,,,,,,,,3606,3029,5961,3223,3330,1879,3827,1014,2627,3781,2967,1932
'760529,"Wire, of aluminium alloys, having a maximum cross-sectional dimension of <= 7 mm (other than ...",9,0,0,0,11,0,0,0,0,0,42,44,,,,,,,,,,,,,,,928,535,688,911,1122,814,904,786,1145,513,535,729
'842699,"Ships' derricks; cranes, incl. cable cranes (excl. overhead travelling cranes, transporter ...",0,0,0,0,0,0,46,0,46,0,0,44,,,,,,,,,,,,,,,469,835,5361,1604,1491,3744,1892,708,248,1763,323,7695
'520852,"Plain woven fabrics of cotton, containing >= 85% cotton by weight and weighing > 100 g to 200 ...",0,0,1,0,1,1,8,0,29,14,44,44,,,,,,,,,,,,,,,283,263,245,441,226,383,414,308,233,340,96,78
'390931,"Poly""methylene phenyl isocyanate"" ""crude MDI, polymeric MDI"", in primary forms",11,7,6,5,0,7,8,8,0,8,2,44,,,,,,,,,,,,,,,43572,31691,35974,34940,28801,28526,22151,23962,23465,28447,33743,29886
'871690,"Parts of trailers and semi-trailers and other vehicles not mechanically propelled, n.e.s.",0,0,2,19,0,19,0,0,0,0,74,45,,,,,,,,,,,,,,,4028,3397,4848,4302,5252,4832,3611,3869,5175,5195,4474,5458
'847431,Concrete or mortar mixers (excl. those mounted on railway wagons or lorry chassis),50,15,58,56,0,64,21,29,0,0,94,45,,,,,,,,,,,,,,,595,591,650,2446,266,1344,945,676,606,819,711,1343
'848340,"Gears and gearing for machinery (excl. toothed wheels, chain sprockets and other transmission ...",12,22,7,26,25,62,39,34,48,15,32,45,,,,,,,,,,,,,,,50152,55243,60106,66082,69258,69540,95406,77327,124264,69148,89837,48715
'691110,"Tableware and kitchenware, of porcelain or china (excl. ornamental articles, pots, jars, carboys ...",94,76,71,129,24,187,30,141,109,96,57,45,,,,,,,,,,,,,,,1762,1508,2594,3590,3551,2633,1174,2388,2603,1486,2165,2516
'330741,"""Agarbatti"" and other odoriferous preparations which operate by burning",26,70,20,0,0,0,7,0,0,118,0,45,,,,,,,,,,,,,,,26,70,66,0,0,0,78,0,0,120,17,103
'600634,"Printed fabrics, knitted or crocheted, of synthetic fibres, of a width of > 30 cm (excl. warp ...",32,38,0,0,12,25,5,1,0,26,130,45,,,,,,,,,,,,,,,3899,2170,2578,1387,818,1294,1896,2591,2324,2336,2526,2185
'820720,Interchangeable dies for drawing or extruding metal,0,3,0,1,0,0,0,0,1,0,0,47,,,,,,,,,,,,,,,1493,2645,3917,3252,2170,2782,2911,4132,6787,2017,1792,4933
'621010,"Garments made up of felt or nonwovens, whether or not impregnated, coated, covered or laminated ...",357,244,364,200,549,573,205,338,602,320,79,47,,,,,,,,,,,,,,,583,1402,515,472,942,813,601,780,820,795,594,422
'480524,"Testliner ""recycled liner board"", uncoated, in rolls of a width > 36 cm or in square or rectangular ...",0,34,6,47,0,0,0,0,0,17,15,47,,,,,,,,,,,,,,,605,690,289,517,1021,1175,1008,585,593,627,824,1148
'392590,"Building elements for the manufacture of floors, walls, partition walls, ceilings, roofs, etc., ...",148,83,159,86,129,103,73,73,149,248,84,47,,,,,,,,,,,,,,,7636,6829,9005,8348,10245,10621,11335,10910,11214,11613,10939,7264
'381010,"Pickling preparations for metal surfaces; soldering, brazing or welding pastes and powders ...",0,0,0,0,7,0,0,0,7,9,51,47,,,,,,,,,,,,,,,5352,6228,7025,8289,4780,6844,6299,6964,6830,6907,6350,10548
'441899,"Builders' joinery and carpentry, of wood (excl. of bamboo, windows, French windows and their ...",0,0,67,0,45,23,21,0,22,0,22,48,,,,,,,,,,,,,,,1005,1168,1444,1409,1688,2008,1562,1342,1672,769,1358,663
'321519,"Printing ink, whether or not concentrated or solid (excl. black ink)",28,3,48,1,14,10,38,38,34,7,8,49,,,,,,,,,,,,,,,10394,7872,11935,11676,11044,13035,9433,9918,11208,7023,12126,10251
'731990,"Knitting needles, bodkins, crochet hooks, embroidery stilettos and similar articles, for use ...",90,92,84,69,87,90,81,96,63,43,71,50,,,,,,,,,,,,,,,1719,1552,1536,1474,1448,1666,1352,1400,1399,1539,1726,1439
'610520,"Men's or boys' shirts of man-made fibres, knitted or crocheted (excl. nightshirts, T-shirts, ...",56,77,128,122,23,7,57,89,159,89,53,50,,,,,,,,,,,,,,,1287,830,2526,1817,1310,3103,936,1697,5263,3199,4111,1718
'382100,"Prepared culture media for the development or maintenance of micro-organisms ""incl. viruses ...",4,43,36,9,22,34,33,20,56,24,37,50,,,,,,,,,,,,,,,14440,12252,18993,7134,21789,10928,12149,24778,9910,11896,13346,16263
'340290,"Surface-active preparations, washing preparations, incl. auxiliary washing preparations and ...",435,534,436,264,260,503,273,6,35,18,43,51,,,,,,,,,,,,,,,19432,18681,20399,20600,19902,17405,17607,20221,17188,21129,15576,28242
'843360,"Machines for cleaning, sorting or grading eggs, fruit or other agricultural produce (excl. ...",455,0,122,91,0,0,45,0,0,0,151,51,,,,,,,,,,,,,,,989,535,1837,1146,2259,785,895,2099,5181,3565,1783,3598
'960621,"Buttons of plastics, not covered with textile material (excl. press-fasteners, snap-fasteners, ...",23,5,14,50,7,10,6,10,31,44,57,52,,,,,,,,,,,,,,,1953,1637,2032,2184,2086,2247,1864,2166,2075,2009,1545,1802
'852352,"Cards incorporating one or more electronic integrated circuits ""smart cards""",31,28,44,31,23,118,0,2,9,42,0,52,,,,,,,,,,,,,,,6849,4785,6560,8407,9043,6472,8489,9104,10543,14370,13009,19818
'960719,Slide fasteners (excl. fitted with chain scoops of base metal),395,171,317,87,95,66,65,34,37,91,101,52,,,,,,,,,,,,,,,2588,2254,2206,1998,1850,1798,1612,1954,2001,2361,1754,2167
'848310,"Transmission shafts, incl. cam shafts and crank shafts, and cranks",81,155,84,75,53,106,115,109,91,126,42,52,,,,,,,,,,,,,,,34107,24395,40058,30749,32236,40403,29745,26596,30515,27925,25501,28626
'121299,"Fruit stones and kernels and other vegetable products, incl. unroasted chicory roots of the ...",0,0,0,0,0,44,43,0,0,0,0,52,,,,,,,,,,,,,,,165,216,168,155,148,200,232,70,198,173,363,154
'441299,"Laminated wood with both outer plies of coniferous wood (excl. of bamboo, with an outer ply ...",522,230,189,119,114,106,204,271,141,59,212,53,,,,,,,,,,,,,,,3165,2294,2602,962,1839,1618,2505,3086,2407,2952,2604,2333
'902620,Instruments and apparatus for measuring or checking pressure of liquids or gases (excl. regulators),12,78,56,0,25,40,61,93,34,96,152,53,,,,,,,,,,,,,,,21401,18343,22767,20018,19550,21774,22110,24655,24887,25854,26738,28483
'702000,"Articles of glass, n.e.s.",94,50,82,35,94,53,77,53,35,115,94,53,,,,,,,,,,,,,,,2858,2827,3351,3256,2467,2809,2442,3392,2320,2141,2413,2397
'732090,"Springs and leaves for springs, of iron or steel, incl. flat spiral springs (excl. helical ...",4,6,59,47,22,1,48,2,28,24,27,55,,,,,,,,,,,,,,,10137,7947,8660,8087,8356,8489,8414,9424,7683,9124,8635,9140
'701915,Chemically bonded mats of glass fibres,0,0,0,0,0,0,287,167,70,96,141,55,,,,,,,,,,,,,,,2566,3003,2227,3281,2498,3272,3794,2799,3130,3392,3752,3555
'392630,"Fittings for furniture, coachwork and the like, of plastics (excl. building components for ...",6,15,75,25,14,61,108,37,52,28,107,55,,,,,,,,,,,,,,,1072,1264,1278,1237,1423,1439,1785,1933,1900,1508,1864,1805
'560394,"Nonwovens, whether or not impregnated, coated, covered or laminated, n.e.s., weighing > than ...",46,134,296,37,68,95,39,92,140,145,53,56,,,,,,,,,,,,,,,3403,3216,4450,2835,3298,2323,2360,3007,2739,2853,2463,3906
'540251,"Filament yarn of nylon or other polyamides, incl. monofilament of < 67 decitex, single, with ...",18,0,17,0,0,11,37,0,15,21,0,57,,,,,,,,,,,,,,,232,143,461,196,335,365,544,255,493,160,228,331
'920590,Wind musical instruments (excl. brass-wind instruments),0,0,0,0,0,0,0,0,0,0,0,57,,,,,,,,,,,,,,,99,42,27,123,143,35,36,203,129,175,101,114
'460212,"Basketwork, wickerwork and other articles, made directly to shape from rattan plaiting materials ...",31,21,93,41,75,23,101,29,77,34,87,57,,,,,,,,,,,,,,,45,48,127,75,129,71,115,86,94,65,118,86
'520823,"Woven fabrics of cotton, containing >= 85% cotton by weight and weighing <= 200 g/m_, in three-thread ...",28,3,46,13,8,11,9,8,3,11,9,57,,,,,,,,,,,,,,,86,72,88,65,18,61,18,37,41,84,82,99
'310590,Mineral or chemical fertilisers containing the two fertilising elements nitrogen and potassium ...,0,0,0,0,14,0,0,0,0,7,0,57,,,,,,,,,,,,,,,5754,7318,10228,8987,11744,7803,10353,3038,4443,4937,3052,5579
'960390,Mops and leather dusters; prepared knots and tufts for broom or brush making; squeegees of ...,25,0,22,1,2,16,1,21,14,2,57,59,,,,,,,,,,,,,,,2998,3062,3924,3549,3679,3273,2576,2745,2755,3663,2464,3018
'903149,"Optical instruments, appliances and machines for measuring or checking, not elsewhere specified ...",162,304,15,152,9,48,186,100,24,58,57,59,,,,,,,,,,,,,,,18137,18589,29080,25735,25086,16004,20023,20701,15841,23721,25387,22797
'320611,Pigments and preparations based on titanium dioxide of a kind used for colouring any material ...,0,0,45,0,41,107,285,217,525,472,343,59,,,,,,,,,,,,,,,54832,39260,75186,67079,64066,77080,74538,74892,114453,111348,84993,89925
'701337,Drinking glasses (excl. glasses of glass ceramics or of lead crystal and stemware),0,0,0,0,0,0,0,0,34,0,0,59,,,,,,,,,,,,,,,3200,3344,2993,5078,3651,3013,2288,2693,2899,4113,3018,3178
'390690,"Acrylic polymers, in primary forms (excl. poly""methyl methacrylate"")",94,48,30,2,32,29,51,28,30,29,2,59,,,,,,,,,,,,,,,56207,56177,62125,70418,62558,60324,56520,64575,59572,50770,56138,64117
'841451,"Table, floor, wall, window, ceiling or roof fans, with a self-contained electric motor of an ...",0,0,0,0,0,0,222,337,74,90,183,59,,,,,,,,,,,,,,,3315,2410,2088,2175,1717,1557,1480,1904,2116,3030,3462,1762
'847350,Parts and accessories equally suitable for use with machines of two or more of the headings ...,0,0,0,0,0,0,0,0,0,32,11,60,,,,,,,,,,,,,,,2100,1716,2930,3038,1814,1746,2018,1958,4037,1841,1937,3203
'741022,"Copper alloy foil, backed, of a thickness ""excl. any backing"" of <= 0,15 mm (excl. stamping ...",43,19,34,70,43,1,7,8,13,1,0,60,,,,,,,,,,,,,,,477,768,549,666,696,576,509,800,983,723,591,968
'392321,"Sacks and bags, incl. cones, of polymers of ethylene",74,148,65,129,50,40,97,102,70,67,31,60,,,,,,,,,,,,,,,2283,2129,1835,2189,1898,1289,1593,1707,1646,1723,1514,2038
'630790,"Made-up articles of textile materials, incl. dress patterns, n.e.s.",80,94,96,83,14,107,74,83,86,40,24,60,,,,,,,,,,,,,,,4851,3575,4146,3000,3914,5211,4568,5981,5954,5310,4512,4126
'090611,"Cinnamon ""Cinnamomum zeylanicum Blume"" (excl. crushed and ground)",68,57,109,144,117,79,15,188,78,123,118,61,,,,,,,,,,,,,,,578,1394,1306,937,1037,715,842,664,1009,946,570,817
'381239,Anti-oxidising preparations and other compound stabilisers for rubber or plastics (excl. mixtures ...,39,15,13,5,77,29,55,37,20,19,42,61,,,,,,,,,,,,,,,22134,16038,19710,15923,21721,18476,14761,16896,22748,20521,20004,19745
'392051,"Plates, sheets, film, foil and strip, of non-cellular poly""methyl methacrylate"", not reinforced, ...",221,62,100,289,190,258,100,169,142,47,45,61,,,,,,,,,,,,,,,18026,17436,19755,17933,18491,19342,16514,16169,17331,14663,14970,13827
'560122,"Wadding of man-made fibres and articles thereof (excl. sanitary towels and tampons, napkins ...",262,135,208,63,65,235,25,21,31,2,5,61,,,,,,,,,,,,,,,3086,2610,3454,2244,2054,2086,2760,2519,2550,2961,2436,2906
'320890,"Paints and varnishes based, incl. enamels and lacquers, on synthetic polymers or chemically ...",46,0,92,89,72,129,36,83,87,29,141,62,,,,,,,,,,,,,,,15483,16361,17537,17250,15336,16476,15387,16359,15847,11772,13633,16798
'844832,"Parts and accessories of machines for preparing textile fibres, n.e.s. (other than card clothing)",0,180,290,85,1,0,158,0,7,0,0,63,,,,,,,,,,,,,,,3875,3101,3193,3772,2807,3166,12176,1909,1531,1872,1749,2169
'220210,"Waters, incl. mineral and aerated, with added sugar, sweetener or flavour, for direct consumption ...",25,21,50,21,24,40,65,43,33,12,51,63,,,,,,,,,,,,,,,2140,2094,2848,2581,1812,2825,2036,4703,3742,4124,2842,4628
'851850,Electric sound amplifier sets,0,0,0,0,46,0,0,66,9,0,0,63,,,,,,,,,,,,,,,2844,3413,3582,3153,5010,2917,3687,2703,2874,3962,2647,1972
'842290,"Parts of dishwashing machines, packing or wrapping machinery and other machinery and apparatus ...",0,0,0,0,0,0,1,0,0,0,0,64,,,,,,,,,,,,,,,8999,7706,12599,11214,11733,10055,11067,14112,10901,10164,10269,10814
'841391,"Parts of pumps for liquids, n.e.s.",79,74,78,78,68,10,65,57,67,68,62,64,,,,,,,,,,,,,,,31900,32778,36143,29443,32091,33704,33979,38874,34643,29498,33592,37818
'292242,Glutamic acid and its salts,33,0,0,0,65,0,65,98,0,64,0,64,,,,,,,,,,,,,,,7954,5537,6933,5366,5363,8035,4350,5571,8851,7304,9312,5626
'480700,"Composite paper and paperboard ""made by sticking flat layers of paper or paperboard together ...",31,5,7,32,0,28,6,2,81,8,28,65,,,,,,,,,,,,,,,1117,830,1308,1768,788,476,696,1132,1079,1372,1047,1056
'530919,"Woven fabrics of flax, containing >= 85% flax by weight, dyed, made of yarn of different colours, ...",70,0,10,7,67,242,245,104,23,12,13,65,,,,,,,,,,,,,,,899,757,629,791,3183,4121,3711,3798,2212,2407,1084,483
'481092,"Multi-ply paper and paperboard, coated on one or both sides with kaolin or other inorganic ...",0,0,0,0,25,0,0,0,0,0,0,66,,,,,,,,,,,,,,,14971,15952,18430,19916,18705,20222,14526,9658,7676,7586,7992,9930
'580890,"Ornamental trimmings of textile materials, in the piece, not embroidered, other than knitted ...",27,14,20,25,29,14,18,26,177,98,61,66,,,,,,,,,,,,,,,541,479,630,601,600,442,541,650,1131,862,557,327
'722090,"Flat-rolled products of stainless steel, of a width of < 600 mm, hot-rolled or cold-rolled ...",0,344,168,55,32,0,554,728,728,476,433,66,,,,,,,,,,,,,,,4136,5815,4166,4152,2283,4369,4693,4192,5209,4554,3265,4086
'620721,"Men's or boys' nightshirts and pyjamas of cotton (excl. knitted or crocheted, vests, singlets ...",0,0,0,15,26,16,0,0,0,0,0,67,,,,,,,,,,,,,,,12,3,15,87,72,115,25,9,12,26,39,90
'610462,"Women's or girls' trousers, bib and brace overalls, breeches and shorts of cotton, knitted ...",114,184,137,55,68,68,138,66,162,47,65,67,,,,,,,,,,,,,,,1172,896,1158,877,1231,1501,772,821,818,905,1595,825
'381400,"Organic composite solvents and thinners, n.e.s.; prepared paint or varnish removers (excl. ...",18,8,2,14,2,9,6,17,13,14,9,67,,,,,,,,,,,,,,,3144,3769,2129,2162,1977,2563,2081,2245,1965,1822,2108,2347
'960720,Parts of slide fasteners,48,74,130,48,34,104,89,60,76,58,46,68,,,,,,,,,,,,,,,2201,1777,3508,2388,2313,2795,2738,2457,2517,2012,2176,2609
'841850,"Furniture ""chests, cabinets, display counters, show-cases and the like"" for storage and display, ...",42,42,135,37,53,119,35,177,159,202,87,68,,,,,,,,,,,,,,,5054,1964,2650,3738,2856,5230,4669,6594,5563,5032,4986,4656
'844839,"Parts and accessories of machines of heading 8445, n.e.s.",134,152,103,139,347,50,146,211,150,153,104,68,,,,,,,,,,,,,,,5504,5535,6674,6854,5095,5122,4151,6007,3530,4050,4408,4620
'854233,Electronic integrated circuits as amplifiers,567,367,737,396,1068,585,737,561,43,26,39,68,,,,,,,,,,,,,,,49702,56796,57837,54456,63609,41045,35392,38162,34749,33284,35195,37553
'844790,"Machines for making gimped yarn, tulle, lace, embroidery, trimmings, braid or net and machines ...",95,0,0,0,0,21,11,38,17,19,0,70,,,,,,,,,,,,,,,49281,48719,68362,63501,56779,63213,67568,70836,71168,50730,47978,49787
'392092,"Plates, sheets, film, foil and strip, of non-cellular polyamides, not reinforced, laminated, ...",99,85,0,87,0,71,0,0,119,52,40,70,,,,,,,,,,,,,,,3777,4196,4783,4099,3972,3744,3120,3505,3346,3381,3506,4304
'730900,"Reservoirs, tanks, vats and similar containers, of iron or steel, for any material ""other than ...",13,12,22,17,22,7,38,27,20,12,19,71,,,,,,,,,,,,,,,4394,4968,1206,2286,3861,1983,1495,2412,2455,5334,2930,3366
'940399,"Parts of furniture, not of wood, n.e.s. (excl. of seats or medical, surgical, dental or veterinary ...",150,69,86,22,59,132,57,230,186,13,124,71,,,,,,,,,,,,,,,12111,11020,14475,13944,15396,17226,14043,13343,19417,10599,11298,10807
'392329,"Sacks and bags, incl. cones, of plastics (excl. those of polymers of ethylene)",2,56,125,63,44,54,53,90,62,68,83,73,,,,,,,,,,,,,,,4265,3634,3558,3167,4680,2775,3527,5394,3327,3898,3547,4550
'700529,"Float glass and surface ground and polished glass, in sheets, but not otherwise worked (excl. ...",0,0,0,55,0,10,0,0,0,144,609,73,,,,,,,,,,,,,,,7053,8442,8718,9884,8105,5235,7465,9725,13429,7892,7544,8596
'620459,"Women's or girls' skirts and divided skirts of textile materials (excl. of wool, fine animal ...",52,20,1,8,0,5,0,7,19,94,10,73,,,,,,,,,,,,,,,320,192,241,194,146,136,119,160,185,277,255,364
'391729,"Rigid tubes, pipes and hoses, of plastics (excl. those of polymers of ethylene, propylene and ...",27,0,0,17,26,55,56,27,53,53,26,73,,,,,,,,,,,,,,,4088,3755,3841,5117,3424,4709,4003,4770,4436,3591,3629,3497
'900319,"Frames and mountings for spectacles, goggles or the like (excl. of plastics)",0,0,0,7,18,20,10,108,142,0,96,74,,,,,,,,,,,,,,,9033,6375,6313,6102,6300,5974,6463,6616,5918,6497,6484,5928
'846620,Work holders for machine tools,0,0,0,0,0,0,0,0,0,0,1,75,,,,,,,,,,,,,,,2874,2027,2196,2916,3563,2293,2477,2658,2522,3293,2591,2927
'853329,Fixed electrical resistors for a power handling capacity > 20 W (excl. heating resistors),40,64,84,113,111,123,0,47,15,62,73,75,,,,,,,,,,,,,,,7198,5956,7906,6556,5479,6058,5241,7292,6129,6893,6501,7411
'591190,"Textile products and articles, for technical purposes, specified in Note 7 to chapter 59, n.e.s.",189,180,133,190,234,95,20,78,276,240,165,75,,,,,,,,,,,,,,,5230,5052,5458,5412,5365,4624,4196,4975,4500,4547,5034,5350
'903090,Parts and accessories for instruments and apparatus for measuring or checking electrical quantities ...,11,20,128,477,19,0,135,153,22,101,8,76,,,,,,,,,,,,,,,13353,12454,19383,28709,13681,17013,14375,18439,12926,25906,18056,22183
'390110,"Polyethylene with a specific gravity of < 0,94, in primary forms",22,65,23,58,46,75,88,118,43,53,0,76,,,,,,,,,,,,,,,90719,82464,89356,91164,85410,78800,73883,86000,86437,83103,64427,67147
'540761,"Woven fabrics of yarn containing >= 85% by weight of non-textured polyester filaments, incl. ...",72,56,0,129,102,124,2,14,0,10,10,78,,,,,,,,,,,,,,,6060,6160,5483,4591,4070,4376,3201,2875,3193,2860,2772,2277
'840999,Parts suitable for use solely or principally with compression-ignition internal combustion ...,131,88,150,62,60,69,142,106,29,3,122,78,,,,,,,,,,,,,,,102351,83104,98634,80987,84462,78174,70122,102452,80642,76614,81534,107502
'843880,"Machinery for the industrial preparation or manufacture of food or drink, n.e.s.",16,0,30,171,14,0,44,18,101,235,23,78,,,,,,,,,,,,,,,8384,8445,4244,5974,9078,3551,7956,7778,8599,7974,5036,3605
'040630,"Processed cheese, not grated or powdered",46,91,91,46,44,45,44,43,132,136,0,79,,,,,,,,,,,,,,,46,91,91,103,44,45,44,43,168,136,0,101
'282619,Fluorides (excl. of aluminium and mercury),0,0,0,0,2,0,0,0,0,4,0,79,,,,,,,,,,,,,,,527,371,128,379,442,840,116,237,96,257,1041,321
'520523,"Single cotton yarn, of combed fibres, containing >= 85% cotton by weight and with a linear ...",28,6,14,72,34,40,269,501,243,578,126,79,,,,,,,,,,,,,,,79,6,14,72,34,40,269,565,251,578,126,79
'830250,"Hat-racks, hat-pegs, brackets and similar fixtures of base metal",9,3,16,128,15,0,1,20,20,53,24,79,,,,,,,,,,,,,,,2692,2874,3730,3467,3624,3306,3568,3468,3588,3407,3424,3348
'410799,"Leather ""incl. parchment-dressed leather"" of the portions, strips or sheets of hides and skins ...",598,412,101,171,314,213,254,74,246,116,250,80,,,,,,,,,,,,,,,1688,1408,876,1503,1551,744,474,603,1212,889,866,827
'392330,"Carboys, bottles, flasks and similar articles for the conveyance or packaging of goods, of ...",2,8,19,7,14,11,32,9,0,4,4,80,,,,,,,,,,,,,,,4825,4887,6823,4144,6224,5226,5584,4959,6209,5199,4826,5388
'850431,Transformers having a power handling capacity <= 1 kVA (excl. liquid dielectric transformers),189,159,237,97,114,174,71,128,96,145,89,80,,,,,,,,,,,,,,,16353,10983,13369,14135,13422,13786,14337,15510,13642,16022,14611,13102
'420239,"Wallets, purses, key-cases, cigarette-cases, tobacco-pouches and similar articles of a kind ...",0,0,0,0,0,0,19,26,46,0,0,80,,,,,,,,,,,,,,,130,269,298,231,327,288,177,294,370,279,243,309
'392094,"Plates, sheets, film, foil and strip, of non-cellular phenolic resins, not reinforced, laminated, ...",0,0,0,5,1,0,0,0,19,3,0,81,,,,,,,,,,,,,,,116,13,344,163,267,18,167,234,170,183,247,140
'401700,"Hard rubber, e.g. ebonite, in all forms, incl. waste and scrap; articles of hard rubber, n.e.s.",0,6,7,55,311,86,5,163,21,42,139,81,,,,,,,,,,,,,,,237,212,151,232,684,293,385,563,450,302,907,352
'540233,Textured filament yarn of polyester (excl. that put up for retail sale),87,143,196,19,1,69,24,0,0,190,0,81,,,,,,,,,,,,,,,19570,21313,26737,23139,23804,28594,20118,25581,24146,23940,27593,22387
'391810,"Floor coverings, whether or not self-adhesive, in rolls or in the form of tiles, and wall or ...",143,164,161,310,117,105,127,194,131,91,110,82,,,,,,,,,,,,,,,3489,3632,4325,3965,4310,4540,3736,4026,4839,4188,5785,3143
'481141,"Self-adhesive paper and paperboard, surface-coloured, surface-decorated or printed, in rolls ...",65,63,57,78,14,23,14,23,0,17,60,83,,,,,,,,,,,,,,,8736,8624,10800,8362,8649,9081,9496,7448,8867,7963,8606,8954
'620462,"Women's or girls' trousers, bib and brace overalls, breeches and shorts of cotton (excl. knitted ...",136,49,48,112,216,165,74,120,113,133,125,83,,,,,,,,,,,,,,,4702,4091,7049,10215,7547,7216,5501,6610,8695,6477,8289,6996
'500720,Woven fabrics containing >= 85% silk or schappe by weight,296,40,175,146,95,129,189,160,116,277,0,84,,,,,,,,,,,,,,,2864,2432,2692,3474,2607,2991,2948,3161,1322,1850,1743,1750
'841420,Hand-operated or foot-operated air pumps,0,0,0,0,0,0,0,23,255,374,309,86,,,,,,,,,,,,,,,1249,1430,1480,1263,2086,2903,1530,1283,1318,2097,1618,1048
'852359,"Semiconductor media, unrecorded, for the recording of sound or of other phenomena (excl. solid-state ...",47,204,144,348,240,54,150,60,515,56,78,87,,,,,,,,,,,,,,,7662,7964,6804,6541,5711,5634,7094,7687,6052,7292,5220,7125
'851190,"Parts of electrical ignition or starting equipment, generators, etc. of heading 8511, n.e.s.",47,51,50,58,50,42,37,42,3,47,109,87,,,,,,,,,,,,,,,9138,7804,9625,10655,9909,9151,8087,10653,7927,8901,9434,10566
'681410,"Plates, sheets and strips of agglomerated or reconstituted mica, whether or not on a support ...",5,88,101,3,0,0,21,4,0,153,19,88,,,,,,,,,,,,,,,1383,1928,1864,1283,1319,2297,1751,2185,1045,1913,700,2960
'120991,"Vegetable seeds, for sowing",0,5,0,0,3,0,71,8,0,25,0,89,,,,,,,,,,,,,,,13616,11755,14625,14571,13411,9732,16617,10525,10215,9136,7655,13431
'310100,"Animal or vegetable fertilisers, whether or not mixed together or chemically treated; fertilisers ...",43,232,165,201,0,218,0,9,25,130,6,89,,,,,,,,,,,,,,,2731,5189,2016,1287,2056,3763,3424,2145,608,1281,2442,3354
'390740,"Polycarbonates, in primary forms",52,0,0,71,101,106,54,137,392,192,332,89,,,,,,,,,,,,,,,48827,49679,54639,63561,54579,45493,44892,45862,42885,52923,59735,65779
'860699,Railway or tramway goods vans and wagons (excl. those specially designed for the transport ...,0,0,0,0,0,0,0,0,0,0,0,89,,,,,,,,,,,,,,,0,0,0,1042,0,0,0,0,11,1626,1519,1601
'382440,"Prepared additives for cements, mortars or concretes",138,276,73,62,0,145,77,41,73,101,75,90,,,,,,,,,,,,,,,6501,4241,4175,3784,4860,4070,3579,3589,3783,3335,4214,8171
'854470,"Optical fibre cables made up of individually sheathed fibres, whether or not containing electric ...",5,19,51,23,33,5,92,38,133,122,83,90,,,,,,,,,,,,,,,3380,2749,3628,3324,3531,2676,1987,2764,3195,4515,2283,2873
'870590,Special purpose motor vehicles (other than those principally designed for the transport of ...,0,0,0,0,0,0,0,0,0,0,0,90,,,,,,,,,,,,,,,3733,1684,142,1935,550,1247,373,3772,4412,5433,2723,1538
'691010,"Ceramic sinks, washbasins, washbasin pedestals, baths, bidets, water closet pans, flushing ...",156,109,225,66,223,53,214,171,133,89,78,91,,,,,,,,,,,,,,,1758,2055,3115,2787,2343,2839,2591,2644,2466,2137,2318,1102
'540219,"High-tenacity filament yarn of nylon or other polyamides (excl. sewing thread, yarn put up ...",74,54,111,126,66,96,111,100,99,59,82,93,,,,,,,,,,,,,,,9050,7471,7253,8683,6132,6670,7498,5710,8946,8624,7497,8717
'903210,Thermostats,70,0,106,79,95,107,59,102,79,150,71,93,,,,,,,,,,,,,,,4855,3999,4566,5393,5171,5384,4199,4091,5101,4939,4167,4681
'170490,"Sugar confectionery not containing cocoa, incl. white chocolate (excl. chewing gum)",291,119,164,87,82,127,84,52,210,185,219,93,,,,,,,,,,,,,,,2603,1964,2067,1875,2084,1795,2155,2550,2717,2095,2409,1845
'720299,"Ferro-alloys (excl. ferro-manganese, ferro-silicon, ferro-silico-manganese, ferro-chromium, ...",0,36,71,0,0,48,0,0,0,0,34,94,,,,,,,,,,,,,,,5996,4277,4748,3867,2900,4624,3755,3860,4091,3958,4446,3010
'731812,Wood screws of iron or steel (excl. coach screws),0,37,73,0,0,97,0,50,88,101,131,94,,,,,,,,,,,,,,,452,235,623,449,559,741,370,242,575,498,313,254
'283620,Disodium carbonate,20,44,85,50,50,0,45,63,45,45,0,94,,,,,,,,,,,,,,,24214,19856,15942,14575,30790,11042,23619,26825,15566,14269,5283,2098
'846693,Parts and accessories for machine tools for working material by removing material of headings ...,21,8,12,22,3,11,502,1471,153,29,20,94,,,,,,,,,,,,,,,29652,29961,32624,27756,27495,27351,25892,32269,31656,28159,25937,27316
'282690,"Fluorosilicates, fluoroaluminates and other complex fluorine salts (excl. sodium hexafluoroaluminate ...",0,33,0,33,0,0,0,0,25,0,82,95,,,,,,,,,,,,,,,637,1088,468,694,599,614,292,518,424,553,1436,734
'100630,"Semi-milled or wholly milled rice, whether or not polished or glazed",80,55,51,35,0,49,56,97,31,93,198,95,,,,,,,,,,,,,,,534,735,465,437,591,588,546,405,711,486,594,919
'550951,"Yarn containing predominantly, but < 85% polyester staple fibres by weight, mixed principally ...",0,83,87,129,44,0,0,42,0,0,45,95,,,,,,,,,,,,,,,5509,6846,5237,5104,4964,4201,5579,5456,5229,4717,4728,4624
'590610,"Adhesive tape of rubberised textile fabrics, of a width of <= 20 cm (excl. that impregnated ...",0,97,0,0,0,1,0,0,1,96,100,96,,,,,,,,,,,,,,,791,816,868,435,447,461,1617,700,598,554,978,805
'950691,"Articles and equipment for general physical exercise, gymnastics or athletics",59,31,147,111,180,148,89,260,193,153,34,96,,,,,,,,,,,,,,,19807,17464,17520,21390,21358,19835,20810,18693,22411,19721,21974,15356
'650500,"Hats and other headgear, knitted or crocheted, or made up from lace, felt or other textile ...",50,165,36,59,34,106,78,50,228,160,152,96,,,,,,,,,,,,,,,1331,1617,2447,2049,2572,2134,2106,2468,2504,2003,1931,1343
'851713,Smartphones for wireless networks,1471,1109,2981,18,14,517,4402,749,7288,20122,2497,96,,,,,,,,,,,,,,,9185,8810,27848,29323,381776,126602,16980,6497,12972,32564,11498,7779
'620240,"Women's or girls' overcoats, car-coats, capes, cloaks, anoraks, incl. ski jackets, wind-cheaters, ...",13,136,202,580,400,310,315,136,184,101,66,96,,,,,,,,,,,,,,,479,661,1458,2340,3582,3385,3160,3548,2052,521,459,450
'321000,"Paints and varnishes, incl. enamels, lacquers and distempers (excl. those based on synthetic ...",69,29,185,208,104,0,2,40,79,0,115,98,,,,,,,,,,,,,,,1871,1762,1048,2387,1799,1785,1440,2355,1118,906,1557,1210
'401590,"Articles of apparel and clothing accessories, for all purposes, of vulcanised rubber (excl. ...",92,14,43,55,89,19,9,33,29,117,38,98,,,,,,,,,,,,,,,2116,1966,2529,2521,3045,2156,2941,1707,2151,2101,2176,2707
'392112,"Plates, sheets, film, foil and strip, of cellular polymers of vinyl chloride, unworked or merely ...",49,133,205,185,134,136,119,193,184,121,99,99,,,,,,,,,,,,,,,4426,5165,4615,5208,5482,5736,4934,4695,6475,4863,4734,3451
'701990,"Glass fibres and articles thereof, n.e.s.",67,140,0,64,52,58,68,64,77,71,76,101,,,,,,,,,,,,,,,7128,6243,7014,7949,7977,8440,6673,7884,6757,6429,7597,8190
'350691,Adhesives based on polymers of headings 3901 to 3913 or on rubber (excl. put up for retail ...,87,95,116,58,337,348,72,78,41,52,67,102,,,,,,,,,,,,,,,17177,13777,16490,14896,14375,15396,15011,15200,16195,14669,15689,16173
'950710,Fishing rods,0,76,0,11,11,0,18,0,0,18,0,103,,,,,,,,,,,,,,,75,138,77,90,89,43,101,48,81,72,24,210
'610333,"Men's or boys' jackets and blazers of synthetic fibres, knitted or crocheted (excl. wind-jackets ...",214,37,562,471,579,556,277,162,462,565,195,103,,,,,,,,,,,,,,,493,318,1057,1366,2506,2443,1603,504,937,812,474,139
'903300,"Parts and accessories for machines, appliances, instruments or other apparatus in chapter 90, ...",35,16,15,23,67,26,54,31,31,128,71,103,,,,,,,,,,,,,,,14400,15662,20173,16394,16060,17618,14891,15055,15386,15322,14539,14187
'610443,"Women's or girls' dresses of synthetic fibres, knitted or crocheted (excl. petticoats)",1,0,0,91,55,1,70,49,50,145,135,104,,,,,,,,,,,,,,,1917,1190,2523,2661,2511,2766,3087,2528,2657,2589,2469,2403
'340231,Linear alkylbenzene sulphonic acids and their salts,0,0,0,0,0,0,0,0,0,0,0,104,,,,,,,,,,,,,,,1010,1422,1556,1130,1131,1400,313,418,384,790,306,504
'842839,"Continuous-action elevators and conveyors, for goods or materials (excl. those for underground ...",19,4870,37,14,0,77,25,10,168,121,196,106,,,,,,,,,,,,,,,13943,13242,9300,7203,12428,10800,16785,10122,12519,19489,18426,13900
'841231,"Pneumatic power engines and motors, linear-acting, ""cylinders""",0,1,1,0,0,0,1,12,40,57,80,108,,,,,,,,,,,,,,,3369,3567,3944,4285,4496,4259,3705,4901,4192,3774,3912,3797
'482190,"Paper or paperboard labels of all kinds, non-printed",46,170,1,77,135,112,93,34,182,100,55,108,,,,,,,,,,,,,,,1933,1971,2408,3723,3593,3124,3327,4598,1959,3468,1636,4254
'580421,"Mechanically made lace of man-made fibres in the piece, in strips or in motifs (excl. fabrics ...",0,5,71,264,100,63,30,60,173,381,127,109,,,,,,,,,,,,,,,639,1083,2168,1664,1309,1497,1572,2784,2281,2190,1884,1795
'650610,"Safety headgear, whether or not lined or trimmed",52,0,58,3,53,128,32,269,63,61,0,109,,,,,,,,,,,,,,,1119,408,713,733,558,1201,732,1408,755,921,922,1212
'330720,Personal deodorants and antiperspirants,218,115,158,224,26,38,72,1,0,44,0,109,,,,,,,,,,,,,,,2167,2809,1819,2193,3116,2781,2690,1370,2053,1761,1548,2293
'551011,"Single yarn, containing >= 85% artificial staple fibres by weight (excl. sewing thread and ...",564,171,169,295,1,113,55,2,0,55,642,109,,,,,,,,,,,,,,,5227,12906,17944,16483,7130,5805,2319,1332,3837,5658,6343,6758
'392069,"Plates, sheets, film, foil and strip, of non-cellular polyesters, not reinforced, laminated, ...",0,0,0,5,0,23,8,0,40,0,8,110,,,,,,,,,,,,,,,5840,3830,6970,5530,4937,4778,3824,4003,6362,4945,4264,4369
'854620,Electrical insulators of ceramics (excl. insulating fittings),0,0,120,0,22,243,99,83,52,0,61,110,,,,,,,,,,,,,,,2722,2203,2393,2141,1802,2830,2793,4674,3013,3721,5773,2948
'520543,"Multiple ""folded"" or cabled cotton yarn, of combed fibres, containing >= 85% cotton by weight ...",0,56,37,6,95,89,0,21,0,101,16,111,,,,,,,,,,,,,,,0,56,37,6,95,89,8,63,0,102,18,111
'630710,"Floorcloths, dishcloths, dusters and similar cleaning cloths, of all types of textile materials",127,98,135,158,181,109,171,172,204,167,252,111,,,,,,,,,,,,,,,1951,1665,2284,2060,2216,2228,1815,1645,2034,2437,2146,1419
'940179,"Seats, with metal frames (excl. upholstered, swivel seats with variable height adjustments ...",31,14,82,136,50,38,8,1,28,79,78,112,,,,,,,,,,,,,,,2557,3464,4024,3239,5327,4422,3131,3708,4309,4285,3179,2005
'410441,"Full grains leather, unsplit and grain splits leather, in the dry state ""crust"", of hides and ...",53,140,168,27,52,224,126,258,383,50,79,112,,,,,,,,,,,,,,,3617,3541,2912,3256,2434,3471,2550,1978,2023,3225,1707,3674
'853180,Electric sound or visual signalling apparatus (excl. indicator panels with liquid crystal devices ...,0,10,13,254,82,8,18,8,90,107,120,114,,,,,,,,,,,,,,,5002,4979,5194,4261,4892,4707,5169,5563,5357,4636,5263,4741
'731029,"Tanks, casks, drums, cans, boxes and similar containers, of iron or steel, for any material, ...",80,128,153,108,89,172,122,73,146,128,139,114,,,,,,,,,,,,,,,4001,3369,3833,3355,5325,4049,4138,2890,3770,3417,4446,4441
'681099,"Articles of cement, concrete or artificial stone, whether or not reinforced (excl. prefabricated ...",79,372,330,769,15,196,544,289,220,107,174,117,,,,,,,,,,,,,,,1241,782,983,1172,790,659,1165,970,695,431,476,356
'870894,"Steering wheels, steering columns and steering boxes, and parts thereof, for tractors, motor ...",188,127,46,27,120,87,34,111,80,147,151,117,,,,,,,,,,,,,,,20325,18841,19521,21052,19553,20407,17063,17114,18830,18854,17503,19036
'540769,Woven fabrics of yarn containing >= 85% by weight of mixtures of textured and non-textured ...,230,168,63,132,51,112,181,38,182,215,444,118,,,,,,,,,,,,,,,1194,1328,1089,1127,564,478,894,666,1088,1213,1294,1036
'481390,"Cigarette paper, whether or not cut to size (excl. in the form of booklets or tubes, and rolls ...",506,71,322,188,186,191,254,0,445,206,338,119,,,,,,,,,,,,,,,1754,1465,1134,890,1285,1624,2137,2493,2074,1808,1513,1945
'741980,"Articles of copper, n.e.s.",93,97,115,118,102,101,102,123,110,86,164,122,,,,,,,,,,,,,,,7535,6854,8267,8502,7053,6841,7072,8024,8053,8800,7738,9798
'950659,"Badminton and similar rackets, whether or not strung (other than tennis rackets and table-tennis ...",168,168,227,166,55,244,244,215,247,242,157,122,,,,,,,,,,,,,,,2786,2035,4004,3149,3294,2699,3003,3836,2784,3228,3141,2248
'620520,"Men's or boys' shirts of cotton (excl. knitted or crocheted, nightshirts, singlets and other ...",114,311,395,355,239,109,216,243,407,402,94,123,,,,,,,,,,,,,,,4013,5053,10151,13189,6869,7931,4997,6122,8042,10163,5929,4264
'820320,"Pliers, incl. cutting pliers, pincers and tweezers for non-medical use and similar hand tools, ...",0,0,0,0,563,189,0,0,1,376,271,124,,,,,,,,,,,,,,,1376,1041,1117,1548,1606,1927,1189,1142,1231,1669,1785,1160
'340319,"Lubricant preparations, incl. cutting-oil preparations, bolt or nut release preparations, anti-rust ...",29,90,28,13,92,62,79,22,66,346,54,124,,,,,,,,,,,,,,,8896,8791,12480,10510,8739,9634,7458,9352,9775,7666,7519,8804
'580620,"Narrow woven fabrics of textile materials, containing >= 5% elastomeric yarn or rubber thread ...",176,70,154,379,219,257,99,157,206,210,145,126,,,,,,,,,,,,,,,2305,2298,2786,2413,2301,2907,1985,2112,1742,2360,2641,1914
'551321,"Plain woven fabrics containing predominantly, but < 85% polyester staple fibres by weight, ...",0,0,0,0,0,24,0,0,0,11,0,126,,,,,,,,,,,,,,,82,35,91,89,97,80,53,84,31,74,5,185
'631010,"Used or new rags, scrap twine, cordage, rope and cables and worn-out articles thereof, of textile ...",196,228,171,295,129,265,191,137,176,39,162,126,,,,,,,,,,,,,,,12948,4454,2609,10707,12667,11533,10159,10859,11613,9617,9680,10298
'820411,"Hand-operated spanners and wrenches, incl. torque meter wrenches, of base metal, non-adjustable",57,0,82,127,60,0,210,2,62,0,144,127,,,,,,,,,,,,,,,1805,1561,1648,1906,1359,1760,2108,1542,1808,1582,2526,1642
'820730,"Interchangeable tools for pressing, stamping or punching",168,135,167,72,119,119,170,153,200,93,252,127,,,,,,,,,,,,,,,50539,14907,28387,32759,21148,22717,15884,19326,14091,16795,35814,37754
'940599,"Parts of lamps and lighting fittings, illuminated signs and nameplates and the like, n.e.s.",57,119,111,266,200,148,290,202,163,247,76,128,,,,,,,,,,,,,,,10983,11635,12791,13647,14460,14597,13177,13527,15081,14791,15249,7803
'350510,"Dextrins and other modified starches, e.g. pregelatinised or esterified starches",130,276,200,105,63,269,80,61,63,50,118,128,,,,,,,,,,,,,,,9164,8993,9048,7057,7987,7988,6014,6248,5372,5303,6918,8160
'621210,"Brassieres of all types of textile materials, whether or not elasticated, incl. knitted or ...",270,228,306,463,157,121,295,197,816,178,369,129,,,,,,,,,,,,,,,4606,2803,4904,5395,4877,7131,5549,4412,7490,6170,4126,5040
'911390,"Watch straps, watch bands and watch bracelets, and parts thereof, n.e.s.",0,0,0,1,0,0,0,13,0,13,16,129,,,,,,,,,,,,,,,582,634,744,737,538,735,598,601,453,462,686,800
'851230,Electrical sound signalling equipment for cycles or motor vehicles,94,77,49,95,62,46,51,74,73,85,90,130,,,,,,,,,,,,,,,1526,1610,1971,1985,1636,1440,1731,1792,2068,2035,1861,1559
'560811,Made-up knotted fishing nets of man-made textile materials (excl. landing nets),0,0,30,0,0,0,52,0,65,202,216,132,,,,,,,,,,,,,,,3090,1929,3004,2662,2802,2860,3386,3281,2722,2507,2776,2833
'848220,"Tapered roller bearings, incl. cone and tapered roller assemblies",26,36,86,19,72,60,135,38,30,58,64,132,,,,,,,,,,,,,,,15493,13127,16314,13130,12769,14139,13889,15037,16712,14709,15378,16048
'480525,"Testliner ""recycled liner board"", uncoated, in rolls of a width > 36 cm or in square or rectangular ...",0,98,5,31,32,0,0,0,57,131,55,133,,,,,,,,,,,,,,,1170,1607,1206,1600,1255,1338,1127,1514,1626,1914,1571,2102
'390390,"Polymers of styrene, in primary forms (excl. polystyrene, styrene-acrylonitrile copolymers ...",184,6,5,0,8,141,92,0,0,0,44,134,,,,,,,,,,,,,,,11011,12360,12772,11550,8746,11210,9513,9247,9961,10376,11689,11138
'310260,Double salts and mixtures of calcium nitrate and ammonium nitrate (excl. those in tablets or ...,0,0,0,0,78,274,396,172,187,0,80,135,,,,,,,,,,,,,,,3996,7415,6659,2892,5716,7070,11068,6972,7313,3151,3375,10401
'848120,Valves for oleohydraulic or pneumatic transmission,47,71,139,0,14,51,46,227,55,69,317,135,,,,,,,,,,,,,,,21857,18836,22388,21561,20097,24447,21622,24157,20572,25264,23603,22376
'390410,"Poly""vinyl chloride"", in primary forms, not mixed with any other substances",946,17,37,234,943,3238,3910,0,0,802,164,136,,,,,,,,,,,,,,,204003,181398,148147,165432,193568,242467,193468,131292,157934,114854,203835,283147
'850151,"AC motors, multi-phase, of an output > 37,5 W but <= 750 W",280,818,244,196,204,129,278,83,87,78,110,137,,,,,,,,,,,,,,,6500,6597,7232,5344,7652,7448,5522,6874,4862,5563,5579,5641
'340490,"Artificial waxes and prepared waxes (excl. poly""oxyethylene"" [polyethylene glycol] waxes)",22,0,0,23,23,0,47,29,78,0,22,137,,,,,,,,,,,,,,,14839,11887,12083,12667,13719,11896,10948,10663,10981,10289,11175,13608
'841490,"Parts of: air or vacuum pumps, air or other gas compressors, fans and ventilating or recycling ...",292,131,157,255,92,282,21,107,171,174,14,141,,,,,,,,,,,,,,,74983,64376,70717,64427,54855,68376,78348,64943,83607,69478,67928,66499
'390950,"Polyurethanes, in primary forms",423,27,161,132,205,105,111,200,97,311,211,142,,,,,,,,,,,,,,,29957,29019,30943,26309,28713,27706,27997,25554,27556,22938,25416,25238
'846029,"Grinding machines for finishing metal, not numerically controlled (excl. flat-surface and gear ...",0,0,0,0,0,0,0,0,30,0,0,143,,,,,,,,,,,,,,,9214,7506,10512,8762,3620,5816,5299,4523,4754,3930,1901,4808
'847340,"Parts and accessories of other office machines of heading 8472, n.e.s.",1153,2166,858,40,2063,934,102,1647,1816,578,399,143,,,,,,,,,,,,,,,22669,20785,23992,21425,20863,19794,19785,15947,24842,21277,17766,20528
'600622,"Dyed cotton fabrics, knitted or crocheted, of a width of > 30 cm (excl. warp knit fabrics ""incl. ...",1153,461,636,466,212,299,147,223,847,140,117,144,,,,,,,,,,,,,,,5483,4109,5158,2771,2135,2702,1128,2095,2271,1724,2847,2288
'401512,"Gloves, mittens and mitts, of a kind used for medical, surgical, dental or veterinary purposes, ...",0,58,124,65,55,146,43,157,297,56,256,144,,,,,,,,,,,,,,,3701,4982,6970,5990,5680,4935,6322,5184,4888,4654,4908,6034
'853224,"Fixed electrical capacitors, ceramic dielectric, multilayer (excl. power capacitors)",19,54,34,95,39,124,36,4,1,8,82,145,,,,,,,,,,,,,,,33957,35432,40813,36291,37732,34773,35316,36160,34578,36516,31394,45440
'847141,"Data-processing machines, automatic, comprising in the same housing at least a central processing ...",239,159,29,19,0,135,89,43,8,44,39,149,,,,,,,,,,,,,,,8948,7387,8586,6539,4792,6732,7703,8933,4086,3709,7356,7116
'841899,"Parts of refrigerating or freezing equipment and heat pumps, n.e.s.",16,14,38,57,451,196,96,357,111,267,59,150,,,,,,,,,,,,,,,11466,12008,11328,15246,11033,9638,9921,12212,14295,13311,11460,13105
'520829,"Woven fabrics of cotton, containing >= 85% cotton by weight and weighing <= 200 g/m_, bleached ...",208,91,128,306,68,294,260,60,369,66,120,150,,,,,,,,,,,,,,,427,364,424,606,297,437,434,454,535,643,382,380
'550921,Single yarn containing >= 85% polyester staple fibres by weight (excl. sewing thread and yarn ...,0,0,0,148,677,415,672,410,358,436,636,150,,,,,,,,,,,,,,,6556,6464,6153,11227,7034,10728,8799,7479,9120,10727,11805,8676
'854590,"Articles of graphite or other carbon, for electrical purposes (excl. electrodes and carbon ...",19,5,15,8,16,15,11,722,914,914,2694,150,,,,,,,,,,,,,,,7188,7566,4263,10269,5647,5014,10801,4845,11391,16210,4622,7955
'848210,Ball bearings,201,92,277,90,139,153,138,46,52,91,132,150,,,,,,,,,,,,,,,50778,47245,50283,46004,49051,52755,47062,52723,59035,57125,46479,50735
'681490,"Worked mica and articles of mica (excl. electrical insulators, insulating fittings, resistors ...",18,28,0,85,44,0,0,48,42,53,0,151,,,,,,,,,,,,,,,732,747,846,573,700,1246,1065,745,809,1282,630,1512
'620463,"Women's or girls' trousers, bib and brace overalls, breeches and shorts of synthetic fibres ...",103,414,320,362,315,262,314,76,626,360,282,152,,,,,,,,,,,,,,,1959,1912,3191,3166,3086,2561,2288,2073,3591,2869,2840,1955
'940120,Seats for motor vehicles,26,100,322,347,335,572,733,585,636,392,501,154,,,,,,,,,,,,,,,12597,13319,16952,14451,11009,12279,10464,9676,11475,8508,13774,14937
'392310,"Boxes, cases, crates and similar articles for the conveyance or packaging of goods, of plastics",230,270,241,185,324,121,178,71,102,517,145,155,,,,,,,,,,,,,,,7048,5679,6498,6009,6637,5216,6487,6258,5615,5582,5230,6301
'820790,"Interchangeable tools for hand tools, whether or not power-operated, or for machine tools, ...",73,108,64,72,135,17,150,46,84,74,71,155,,,,,,,,,,,,,,,13011,10193,11540,10655,11367,10766,9811,12828,9804,10741,10926,12796
'740721,"Bars, rods and profiles, of copper-zinc base alloys ""brass"", n.e.s.",219,99,188,251,23,64,66,126,112,99,58,159,,,,,,,,,,,,,,,5654,3959,4669,3718,3824,4387,3210,4275,5727,4428,4521,5985
'590310,"Textile fabrics impregnated, coated, covered or laminated with poly""vinyl chloride"" (excl. ...",646,666,364,163,303,261,212,62,426,166,176,159,,,,,,,,,,,,,,,12715,11957,10632,10233,11942,11337,10106,11846,12555,12107,11529,6664
'401012,"Conveyor belts or belting, of vulcanised rubber, reinforced only with textile materials",128,147,12,0,134,290,144,225,127,0,0,161,,,,,,,,,,,,,,,1425,2083,1416,1991,1624,2107,2162,2895,1704,2575,1961,1236
'851610,Electric instantaneous or storage water heaters and immersion heaters,0,0,99,0,2,105,106,232,0,187,327,163,,,,,,,,,,,,,,,142,417,409,814,848,965,747,1355,3177,1674,1262,871
'520524,"Single cotton yarn, of combed fibres, containing >= 85% cotton by weight and with a linear ...",4,305,103,271,109,112,266,42,161,191,14,163,,,,,,,,,,,,,,,18,305,109,271,109,112,266,42,162,191,14,178
'681519,"Articles of graphite or carbon, for non-electrical purposes (excl. carbon fibres and articles ...",127,73,71,55,120,96,28,82,99,58,149,164,,,,,,,,,,,,,,,12219,14319,9173,14906,12949,10738,12642,12870,15486,8481,12947,10482
'741300,"Stranded wire, cables, plaited bands and the like, of copper (excl. electrically insulated ...",117,47,28,0,79,161,136,128,59,76,127,166,,,,,,,,,,,,,,,502,299,1664,1429,548,1326,2360,2507,1336,993,1109,1159
'860900,"Containers, incl. containers for the transport of fluids, specially designed and equipped for ...",69,30,104,164,163,143,62,129,157,136,71,166,,,,,,,,,,,,,,,17340,18411,13355,20421,13459,15059,12107,18090,17733,11210,7843,9490
'830140,Locks of base metal (excl. padlocks and locks for motor vehicles or furniture),167,199,312,436,506,287,150,104,282,67,1,166,,,,,,,,,,,,,,,7845,7720,10536,9254,8545,7713,8133,8171,8073,8108,8155,8347
'848630,Machines and apparatus for the manufacture of flat panel displays,0,0,0,0,0,0,0,0,0,0,0,167,,,,,,,,,,,,,,,467,2657,1516,1192,104,2075,75,2083,451,5907,985,1661
'600537,"Dyed warp knit fabrics of synthetic fibres ""incl. those made on galloon knitting machines"", ...",69,114,78,171,311,431,28,84,140,158,211,171,,,,,,,,,,,,,,,8931,9604,10056,10186,7746,6452,4978,4923,5170,4243,4236,1919
'845230,Sewing machine needles,224,249,195,226,186,187,186,187,220,186,183,173,,,,,,,,,,,,,,,562,736,666,1078,744,723,747,835,797,738,497,954
'410791,"Full grains leather ""incl. parchment-dressed leather"", unsplit, of the portions, strips or ...",74,31,72,9,46,45,28,66,15,33,24,174,,,,,,,,,,,,,,,1988,1361,2198,1444,1599,2020,1311,1314,1696,1133,1415,1508
'640291,"Footwear covering the ankle, with outer soles and uppers of rubber or plastics (excl. waterproof ...",5,0,19,90,89,2,45,0,121,129,2,176,,,,,,,,,,,,,,,19,24,468,646,181,148,206,58,186,145,9,192
'294190,"Antibiotics (excl. penicillins and their derivatives with a penicillanic acid structure, salts ...",0,0,0,0,0,0,0,0,0,0,0,179,,,,,,,,,,,,,,,81503,78465,87492,90612,78669,78214,79729,104548,107723,79605,75380,77429
'851590,"Parts of machines and apparatus for soldering or welding or for hot spraying of metals, metal ...",13,30,13,0,0,0,380,106,10,50,2,179,,,,,,,,,,,,,,,18063,13093,11708,7966,13754,8080,10384,10209,7077,8329,8982,10299
'540490,"Strip and the like, e.g. artificial straw, of synthetic textile material, with an apparent ...",0,13,0,11,34,0,0,0,0,136,0,181,,,,,,,,,,,,,,,1265,1154,1546,1948,1451,1502,1706,1333,980,1387,1090,1040
'410792,"Grain splits leather ""incl. parchment-dressed leather"", of the portions, strips or sheets of ...",127,226,136,105,65,214,307,140,163,185,178,181,,,,,,,,,,,,,,,3635,3380,3042,2999,2256,3706,2469,2934,2099,2977,2955,2996
'600624,"Printed cotton fabrics, knitted or crocheted, of a width of > 30 cm (excl. warp knit fabrics ...",89,74,92,96,69,112,15,93,63,40,95,184,,,,,,,,,,,,,,,740,547,963,468,425,270,298,458,511,372,546,323
'520513,"Single cotton yarn, of uncombed fibres, containing >= 85% cotton by weight and with a linear ...",0,0,144,637,441,136,0,91,179,42,90,185,,,,,,,,,,,,,,,0,0,178,637,441,156,0,137,179,42,92,185
'690510,Roofing tiles,124,116,181,101,118,87,119,100,159,247,132,190,,,,,,,,,,,,,,,2208,1634,1417,945,899,1523,2158,1043,2520,1236,1430,1332
'900410,Sunglasses,253,170,239,222,332,114,11,131,173,205,137,192,,,,,,,,,,,,,,,7992,8319,7657,8840,7971,7532,7335,7569,8943,10045,9900,9426
'850980,"Electromechanical domestic appliances, with self-contained electric motor (excl. vacuum cleaners, ...",0,58,78,216,14,106,0,64,0,29,260,194,,,,,,,,,,,,,,,997,1407,1664,2079,2511,1793,4777,1774,2191,2605,3105,1841
'850710,"Lead-acid accumulators of a kind used for starting piston engine ""starter batteries"" (excl. ...",72,72,114,265,52,133,253,130,69,216,230,197,,,,,,,,,,,,,,,5984,5662,7259,4177,4331,5555,6888,7556,7426,6043,4364,3337
'871680,Vehicles pushed or drawn by hand and other vehicles not mechanically propelled (excl. trailers ...,14,0,0,1,0,0,0,42,215,0,19,197,,,,,,,,,,,,,,,1287,1258,2011,2028,2465,1482,1443,2114,1844,1740,1121,1434
'420292,"Travelling-bags, insulated food or beverage bags, toilet bags, rucksacks, shopping-bags, map-cases, ...",106,164,241,231,237,197,284,208,378,174,319,198,,,,,,,,,,,,,,,2461,2123,3032,2822,5319,3940,2929,3405,3229,3246,3363,2371
'350699,"Glues, prepared, and other prepared adhesives, n.e.s.",113,61,143,119,203,115,81,131,145,139,131,199,,,,,,,,,,,,,,,13809,19486,15130,14738,15258,14098,13382,15330,14462,15268,14938,14744
'320649,"Inorganic or mineral colouring matter, n.e.s.; preparations based on inorganic or mineral colouring ...",122,88,332,30,322,279,226,129,122,165,14,200,,,,,,,,,,,,,,,6242,7197,9708,6709,6666,6292,5275,7155,6874,4868,4428,6903
'852691,Radio navigational aid apparatus,0,0,34,0,0,0,0,0,0,0,0,202,,,,,,,,,,,,,,,12784,5629,8849,7375,4528,8185,7916,6396,6937,5814,4607,4798
'271019,"Medium oils and preparations, of petroleum or bituminous minerals, not containing biodiesel, ...",33,85,46,8,1,95,270,34,44,35,0,203,,,,,,,,,,,,,,,611274,601106,607317,593035,574803,613042,437140,483879,449467,447945,601289,424908
'392062,"Plates, sheets, film, foil and strip, of non-cellular poly""ethylene terephthalate"", not reinforced, ...",411,383,106,140,117,257,127,467,168,151,96,206,,,,,,,,,,,,,,,15623,13421,18117,22206,15797,12315,13021,14633,11486,13377,16345,15044
'870810,"Bumpers and parts thereof for tractors, motor vehicles for the transport of ten or more persons, ...",2,47,94,46,40,126,102,208,122,188,219,207,,,,,,,,,,,,,,,6632,6498,6657,6456,6156,5451,6725,5513,5548,4535,6341,6692
'620140,"Men's or boys' overcoats, car-coats, capes, cloaks, anoraks, incl. ski jackets, wind-cheaters, ...",427,784,743,1382,936,915,557,332,401,272,146,209,,,,,,,,,,,,,,,1696,2405,3828,6009,7858,7243,3629,2406,2321,1075,1221,818
'620469,"Women's or girls' trousers, bib and brace overalls, breeches and shorts of textile materials ...",178,17,0,5,3,9,28,1,135,398,164,212,,,,,,,,,,,,,,,2258,1160,1079,1168,633,497,467,828,1493,2529,2190,2695
'540244,"Synthetic filament elastomeric yarn, single, untwisted or with a twist of <= 50 turns per metre ...",633,182,15,104,276,64,122,182,32,48,238,213,,,,,,,,,,,,,,,4345,2977,4693,2554,3890,3934,3208,3556,2160,3176,2552,3609
'550953,"Yarn containing predominantly, but < 85% polyester staple fibres by weight, mixed principally ...",0,0,0,0,0,0,0,0,0,0,85,214,,,,,,,,,,,,,,,210,95,330,32,7,156,152,108,115,64,534,629
'392119,"Plates, sheets, film, foil and strip, of cellular plastic, unworked or merely surface-worked ...",138,255,129,246,205,295,262,121,173,224,221,215,,,,,,,,,,,,,,,7407,8966,10663,6821,7838,6595,6167,6474,7141,7629,6458,6672
'580810,Braids in the piece,411,393,226,223,333,175,263,182,152,302,169,215,,,,,,,,,,,,,,,1197,1031,823,1058,1093,711,897,678,639,815,701,789
'722519,"Flat-rolled products of silicon-electrical steel, of a width of >= 600 mm, non-grain-oriented",143,2931,1233,0,0,0,9776,3816,1242,0,2609,215,,,,,,,,,,,,,,,32063,25779,55663,44406,34999,68015,49387,60049,37671,38216,48538,31652
'281122,Silicon dioxide,163,22,117,11,29,18,0,87,86,113,69,215,,,,,,,,,,,,,,,10328,9043,9260,8608,9801,8359,8517,8007,7589,7423,10112,9665
'200799,"Jams, jellies, marmalades, purées or pastes of fruit, obtained by cooking, whether or not containing ...",110,52,41,90,108,25,90,262,111,296,102,216,,,,,,,,,,,,,,,1156,820,1063,1042,1526,648,1528,783,1540,1208,967,734
'200811,"Groundnuts, prepared or preserved (excl. preserved with sugar)",0,0,0,0,0,0,0,0,0,130,22,218,,,,,,,,,,,,,,,137,119,157,186,482,189,333,137,448,263,188,364
'300249,"Toxins, cultures of micro-organisms and similar products, e.g. plasmodia (excl. yeasts and ...",2,41,39,8,0,0,41,76,36,0,36,219,,,,,,,,,,,,,,,5281,5009,5048,4906,4432,4647,5782,6468,5742,7418,5834,7863
'580610,"Narrow woven pile fabrics, incl. terry towelling and similar terry fabrics, and chenille fabrics, ...",391,479,534,500,752,598,432,379,436,485,253,223,,,,,,,,,,,,,,,669,789,951,779,1128,1088,664,696,855,989,527,326
'900211,"Objective lenses for cameras, projectors or photographic enlargers or reducers",205,62,143,79,165,173,81,161,134,160,263,223,,,,,,,,,,,,,,,8580,9352,14824,14074,19357,20124,17578,21488,18801,15722,18279,17047
'721070,"Flat products of iron or non-alloy steel, of a width of >= 600 mm, hot-rolled or cold-rolled ...",0,0,0,483,497,0,0,33,167,558,355,226,,,,,,,,,,,,,,,38738,23816,27516,14091,18069,13393,8586,16891,13655,15239,16142,18546
'391732,"Flexible tubes, pipes and hoses of plastics, not reinforced or otherwise combined with other ...",319,80,287,31,94,105,115,530,242,102,207,228,,,,,,,,,,,,,,,5286,5441,6884,5249,5516,6254,5958,8073,5948,5803,6360,6863
'200989,"Juice of fruit or vegetables, unfermented, whether or not containing added sugar or other sweetening ...",199,35,166,51,75,43,107,30,119,152,180,232,,,,,,,,,,,,,,,1292,958,1266,1047,721,1224,640,800,521,491,562,1107
'520842,"Plain woven fabrics of cotton, containing >= 85% cotton by weight and weighing > 100 g to 200 ...",301,406,115,513,240,282,560,57,402,331,94,236,,,,,,,,,,,,,,,1181,1030,952,1280,1096,1246,1451,1225,1343,846,499,1076
'520843,"Woven fabrics of cotton, containing >= 85% cotton by weight and weighing <= 200 g/m_, in three-thread ...",198,165,255,514,171,325,278,2,254,153,152,238,,,,,,,,,,,,,,,581,412,383,1005,282,1001,658,400,546,397,350,404
'130190,"Lac; natural gums, resins, gum-resins, balsams and other natural oleoresins (excl. gum Arabic)",331,80,240,254,154,172,142,184,246,119,80,240,,,,,,,,,,,,,,,13696,10313,20731,22550,20332,22957,17568,24893,21338,20713,26059,20412
'844339,"Printers, copying machines and facsimile machines, whether or not combined (excl. those capable ...",0,0,0,0,0,0,0,0,0,0,0,242,,,,,,,,,,,,,,,11929,10952,12869,10958,11461,9601,10227,10631,6238,9886,7772,9916
'700319,"Cast glass and rolled glass, in non-wired sheets, not otherwise worked (excl. glass coloured ...",20,43,229,81,292,347,263,198,437,212,252,242,,,,,,,,,,,,,,,1109,917,963,1108,1284,1697,1618,1133,1421,1482,1634,1462
'750720,"Tube or pipe fittings, of nickel",0,116,0,0,0,0,33,0,0,0,560,243,,,,,,,,,,,,,,,386,794,666,367,414,1327,770,653,479,375,826,670
'853650,Switches for a voltage <= 1.000 V (excl. relays and automatic circuit breakers),251,100,188,163,190,294,201,341,226,185,224,243,,,,,,,,,,,,,,,47521,35169,45672,35479,40754,39444,36875,38293,35241,35878,38178,40858
'482110,"Paper or paperboard labels of all kinds, printed",285,208,120,249,168,269,109,141,142,136,197,245,,,,,,,,,,,,,,,5251,4082,4983,5773,5243,5285,4088,5502,3825,4665,4443,4462
'610463,"Women's or girls' trousers, bib and brace overalls, breeches and shorts of synthetic fibres, ...",181,129,241,256,380,253,230,650,305,161,183,246,,,,,,,,,,,,,,,2044,1636,3286,3477,3294,4411,2878,3106,3790,2962,4153,3352
'901812,Ultrasonic scanning apparatus,126,170,162,178,132,267,156,131,171,156,214,247,,,,,,,,,,,,,,,21635,22188,23056,20016,25666,14980,31515,21805,18125,19229,28295,20250
'610343,"Men's or boys' trousers, bib and brace overalls, breeches and shorts of synthetic fibres, knitted ...",230,333,328,268,276,403,299,229,415,359,81,248,,,,,,,,,,,,,,,1618,2065,2623,2081,2692,2859,1564,1863,2487,2628,2282,1645
'842199,"Parts of machinery and apparatus for filtering or purifying liquids or gases, n.e.s.",42,1,164,35,232,64,0,9,4,100,40,250,,,,,,,,,,,,,,,41313,40620,45848,45103,43434,42700,50373,41052,36408,44255,46948,47631
'845229,"Sewing machines, industrial type (excl. automatic units)",211,0,34,27,78,28,25,104,0,44,108,251,,,,,,,,,,,,,,,17795,19601,22608,20412,24651,23659,20971,19467,22835,22948,19817,21755
'481940,"Sacks and bags, incl. cones, of paper, paperboard, cellulose wadding or webs of cellulose fibres ...",141,122,92,364,243,235,191,293,283,180,110,253,,,,,,,,,,,,,,,1202,1226,1905,1216,1757,1476,1196,1550,1286,1616,1598,1648
'441234,"Plywood consisting solely of sheets of wood <= 6 mm thick, with at least one outer ply of non-coniferous ...",344,365,353,164,164,176,75,385,103,140,292,254,,,,,,,,,,,,,,,492,399,443,164,196,190,75,385,103,147,292,254
'090112,Decaffeinated coffee (excl. roasted),0,0,0,0,0,0,0,0,0,1223,0,256,,,,,,,,,,,,,,,13,0,0,0,0,0,0,0,0,1223,0,256
'400931,"Tubes, pipes and hoses, of vulcanised rubber (excl. hard rubber), reinforced or otherwise combined ...",0,294,694,258,145,217,178,214,135,4,449,256,,,,,,,,,,,,,,,2685,3017,3891,3325,2930,2378,2609,2759,2969,2401,3841,4625
'848079,Moulds for rubber or plastics (other than injection or compression types),248,437,420,371,191,176,398,225,126,404,212,256,,,,,,,,,,,,,,,23910,20616,26993,30641,29303,31141,23649,29875,35290,28104,28400,27777
'520512,"Single cotton yarn, of uncombed fibres, containing >= 85% cotton by weight and with a linear ...",0,1,97,1,0,57,1,3,0,0,262,259,,,,,,,,,,,,,,,0,1,97,29,6,69,21,18,55,34,270,367
'520839,"Woven fabrics of cotton, containing >= 85% cotton by weight and weighing <= 200 g/m_, dyed ...",74,67,36,343,36,88,62,100,473,142,199,260,,,,,,,,,,,,,,,238,115,154,604,613,464,364,207,788,344,420,398
'841480,"Air pumps, air or other gas compressors and ventilating or recycling hoods incorporating a ...",126,355,70,890,200,529,430,442,142,0,0,266,,,,,,,,,,,,,,,172833,94669,116156,66011,72022,82799,103503,98916,115250,98820,82703,80683
'740829,"Wire of copper alloys (other than copper-zinc alloys [brass], copper-nickel alloys [cupro-nickel] ...",197,1280,648,532,744,26,173,1214,255,1165,204,267,,,,,,,,,,,,,,,2860,5366,4297,3978,5913,4493,5567,6316,5676,8839,6084,7212
'848190,"Parts of valves and similar articles for pipes, boiler shells, tanks, vats or the like, n.e.s.",79,58,22,42,76,155,116,335,85,145,117,268,,,,,,,,,,,,,,,41455,47589,42122,43338,43931,44362,38753,47077,43450,39907,41009,38057
'540742,"Woven fabrics of filament yarn containing >= 85% nylon or other polyamides by weight, incl. ...",130,97,168,161,105,520,661,554,274,443,411,271,,,,,,,,,,,,,,,2095,2413,2044,1621,2338,2949,2707,2056,1823,2219,2262,1188
'140490,Vegetable products n.e.s,1246,1314,361,104,2190,1946,2378,1675,1256,1392,159,272,,,,,,,,,,,,,,,4671,4261,3230,3884,5910,4672,5040,5005,4707,4116,2214,3509
'610510,"Men's or boys' shirts of cotton, knitted or crocheted (excl. nightshirts, T-shirts, singlets ...",196,304,455,290,274,276,225,434,442,553,371,273,,,,,,,,,,,,,,,2365,3373,4811,4194,2335,5718,3029,3882,4702,5967,2568,2665
'960910,"Pencils and crayons, with leads encased in a sheath",201,54,97,196,307,205,207,287,131,283,276,273,,,,,,,,,,,,,,,1079,571,613,736,853,817,751,820,1246,1038,1063,710
'843069,"Earth moving machinery, not self-propelled, n.e.s.",0,0,0,80,79,0,91,4,130,282,454,274,,,,,,,,,,,,,,,511,235,217,457,510,84,779,572,813,638,1091,1097
'391000,Silicones in primary forms,38,95,212,228,246,240,155,106,394,137,103,274,,,,,,,,,,,,,,,33057,31939,33007,35710,30233,33267,29914,34250,33331,30713,36736,49968
'481320,Cigarette paper in rolls of a width of <= 5 cm,273,218,223,244,223,131,110,163,367,432,396,275,,,,,,,,,,,,,,,1273,1254,1327,1527,970,1570,1792,1418,1589,1260,1825,1364
'851680,Electric heating resistors (excl. those of agglomerated coal and graphite),36,128,194,187,354,31,84,132,142,213,179,276,,,,,,,,,,,,,,,5664,5577,7693,7653,7734,6743,5361,6397,5952,6057,5227,6727
'480300,"Toilet or facial tissue stock, towel or napkin stock and similar paper for household or sanitary ...",206,525,230,405,52,415,333,467,247,289,348,277,,,,,,,,,,,,,,,1186,1587,1331,2999,1335,1908,1550,1675,1666,2732,3060,1873
'841810,"Combined refrigerator-freezers, with separate external doors or drawers, or combinations thereof",0,2,1,0,0,2971,780,1041,1920,2028,2806,278,,,,,,,,,,,,,,,8243,8748,5865,7139,9194,8107,6522,3786,3792,3995,7671,5297
'441231,"Plywood consisting solely of sheets of wood <= 6 mm thick, with at least one outer ply of tropical ...",584,347,485,218,347,60,230,98,152,0,228,279,,,,,,,,,,,,,,,1997,1920,1852,1265,1052,1297,1839,2182,1849,1811,1953,2300
'350610,"Products suitable for use as glues or adhesives put up for retail sale as glues or adhesives, ...",426,94,150,112,258,211,132,287,370,177,172,282,,,,,,,,,,,,,,,4488,3008,3411,3943,3957,3740,3985,4417,4680,3633,3599,4159
'722990,"Wire of alloy steel other than stainless, in coils (excl. bars and rods and wire of silico-manganese ...",56,29,106,144,132,165,131,97,264,127,248,290,,,,,,,,,,,,,,,7215,6519,7047,7111,6387,6357,8293,7056,9265,6917,6356,6900
'580632,"Narrow woven fabrics of man-made fibres, with a width of <= 30 cm, n.e.s.",99,158,144,319,131,114,235,166,176,205,111,296,,,,,,,,,,,,,,,4579,4952,4181,4442,4487,4398,3555,4455,4596,4781,4863,4888
'321210,Stamping foils of a kind used in the printing of book bindings or hatband leather,0,3,0,2,156,163,0,0,151,142,20,299,,,,,,,,,,,,,,,3491,2617,4285,3965,3439,3463,3913,4507,3772,3962,3634,3578
'903289,"Regulating or controlling instruments and apparatus (excl. hydraulic or pneumatic, manostats, ...",1,10,0,130,54,52,153,137,139,82,3,303,,,,,,,,,,,,,,,66563,65069,74556,66721,57905,124431,57744,67982,67496,76415,67619,68051
'400110,"Natural rubber latex, whether or not prevulcanised",1041,1525,2431,1264,852,638,321,252,115,256,517,311,,,,,,,,,,,,,,,1570,2782,3076,1806,1053,899,801,495,216,782,662,920
'850590,"Electromagnets and electromagnetic lifting heads, and their parts (excl. magnets for medical ...",171,245,133,13,49,127,186,432,396,472,591,313,,,,,,,,,,,,,,,9110,8312,7773,7666,8504,8561,7635,15199,8396,10397,9530,12900
'611020,"Jerseys, pullovers, cardigans, waistcoats and similar articles, of cotton, knitted or crocheted ...",713,370,788,873,722,437,577,440,526,410,184,314,,,,,,,,,,,,,,,2627,2870,5194,6496,7427,7061,6503,5029,3464,2522,1946,2281
'392390,"Articles for the conveyance or packaging of goods, of plastics (excl. boxes, cases, crates ...",260,276,364,487,430,423,199,224,248,263,241,320,,,,,,,,,,,,,,,11909,13513,12595,8662,8452,10495,10347,8039,9563,9791,8531,9853
'722020,"Flat-rolled products of stainless steel, of a width of < 600 mm, not further worked than cold-rolled ...",599,292,360,1353,162,50,176,699,861,477,654,321,,,,,,,,,,,,,,,8153,6371,9166,8495,7955,7856,7214,9651,9629,7678,10163,16103
'481920,"Folding cartons, boxes and cases, of non-corrugated paper or paperboard",170,61,41,69,65,170,196,190,437,368,169,322,,,,,,,,,,,,,,,5176,1876,1978,1622,1357,1495,1679,1505,2846,1769,1764,1476
'845611,"Machine tools for working any material by removal of material, operated by laser (excl. soldering ...",343,813,294,259,186,173,6,950,178,889,1569,323,,,,,,,,,,,,,,,8584,15590,21464,18620,13434,13219,11579,17573,16802,9588,12071,11045
'220299,"Non-alcoholic beverages (excl. water, fruit or vegetable juices, milk and beer)",257,291,396,231,296,183,136,140,246,214,424,326,,,,,,,,,,,,,,,19927,19275,18370,18284,17949,16675,17694,13455,20978,17401,20495,18927
'900311,"Frames and mountings for spectacles, goggles or the like, of plastics",360,391,133,211,297,191,132,351,264,90,100,336,,,,,,,,,,,,,,,5139,4687,4394,4887,5133,3624,3992,5548,5025,4645,3408,5258
'540245,"Filament yarn of nylon or other polyamides, incl. monofilament of < 67 decitex, single, untwisted ...",547,441,487,640,604,1140,727,182,1289,86,657,342,,,,,,,,,,,,,,,8721,9523,12632,15466,17858,14415,16118,15791,17717,13834,17109,20224
'400129,"Natural rubber in primary forms or in plates, sheets or strip (excl. smoked sheets, technically ...",46,339,87,333,213,198,206,455,451,251,177,345,,,,,,,,,,,,,,,157,420,167,681,294,323,340,463,597,329,271,576
'901832,"Tubular metal needles and needles for sutures, used in medical, surgical, dental or veterinary ...",230,412,505,466,207,407,710,46,555,245,267,346,,,,,,,,,,,,,,,4648,5007,7139,6655,5503,9367,8113,6449,7343,9212,7858,6742
'851769,"Apparatus for the transmission or reception of voice, images or other data, incl. apparatus ...",201,182,303,2063,18,278,343,892,308,264,357,348,,,,,,,,,,,,,,,24764,19617,25837,30505,22323,21462,21536,23842,31376,32100,24121,19257
'620343,"Men's or boys' trousers, bib and brace overalls, breeches and shorts of synthetic fibres (excl. ...",345,420,491,597,327,458,607,422,1354,838,417,352,,,,,,,,,,,,,,,2364,2578,3871,4918,3033,3841,2726,2230,4860,4701,4329,1916
'401693,"Gaskets, washers and other seals, of vulcanised rubber (excl. hard rubber and those of cellular ...",260,430,660,455,147,361,464,355,451,369,370,352,,,,,,,,,,,,,,,39126,36643,44582,42002,38698,36634,37695,40402,40329,41510,39944,43710
'600621,"Unbleached or bleached cotton fabrics, knitted or crocheted, of a width of > 30 cm (excl. warp ...",136,85,351,765,522,227,38,90,200,667,305,359,,,,,,,,,,,,,,,316,277,659,1397,1406,458,170,151,408,856,480,454
'392490,"Household articles and toilet articles, of plastics (excl. tableware, kitchenware, baths, shower-baths, ...",265,93,50,112,255,53,24,113,77,56,6,359,,,,,,,,,,,,,,,4841,3243,4285,3871,5168,4421,3651,3858,4877,4365,3140,3505
'560314,"Nonwovens, whether or not impregnated, coated, covered or laminated, n.e.s., of man-made filaments, ...",575,524,542,303,198,414,316,475,293,268,427,364,,,,,,,,,,,,,,,3348,3487,4107,3422,3111,3885,3635,4340,3351,4202,3819,3069
'550319,"Staple fibres of nylon or other polyamides, not carded, combed or otherwise processed for spinning ...",0,0,0,0,0,0,8,23,0,0,0,365,,,,,,,,,,,,,,,1857,1259,1852,1535,1086,1495,1123,1240,1142,1994,2115,1721
'151321,Crude palm kernel and babassu oil,901,1315,749,1798,653,339,673,1074,0,0,367,367,,,,,,,,,,,,,,,14397,11317,2681,12651,9918,28629,6643,9160,16044,3973,20082,3236
'521031,"Plain woven fabrics of cotton, containing predominantly, but < 85% cotton by weight, mixed ...",0,16,0,0,0,0,0,0,0,0,0,367,,,,,,,,,,,,,,,446,173,194,224,177,287,486,365,585,879,447,1080
'090240,"Black fermented tea and partly fermented tea, whether or not flavoured, in immediate packings ...",225,398,764,500,214,495,342,517,653,599,1153,373,,,,,,,,,,,,,,,6050,4483,5981,5604,5426,5614,7211,6483,4728,5281,2752,6631
'230650,"Oilcake and other solid residues, whether or not ground or in the form of pellets, resulting ...",82,23,75,61,63,148,87,207,142,317,324,374,,,,,,,,,,,,,,,2575,2317,4895,5438,1121,5963,7709,6144,3781,6049,5605,7912
'848320,"Bearing housings, incorporating ball or roller bearings, for machinery",293,151,510,108,228,330,333,234,254,190,336,377,,,,,,,,,,,,,,,6233,9159,7131,6737,6929,7815,6660,7768,8502,7144,8095,5656
'854390,"Parts of electrical machines and apparatus, having individual functions, n.e.s. in chapter ...",0,0,0,0,0,0,53,137,85,48,75,381,,,,,,,,,,,,,,,7616,8681,11946,15963,9666,10117,11444,8914,10328,18909,14421,15807
'901849,"Instruments and appliances used in dental sciences, n.e.s.",382,357,517,361,0,948,530,724,345,581,572,384,,,,,,,,,,,,,,,7261,7962,10385,8428,8036,8870,9264,12909,9818,9336,10952,10325
'540752,"Woven fabrics of yarn containing >= 85% by weight of textured polyester filaments, incl. monofilament ...",404,333,633,527,582,439,419,468,1110,798,385,385,,,,,,,,,,,,,,,22921,21470,21989,22868,19721,14739,14713,16650,20167,16754,14639,8906
'842240,"Packing or wrapping machinery, incl. heat-shrink wrapping machinery (excl. machinery for filling, ...",0,118,0,0,0,123,73,0,0,48,0,385,,,,,,,,,,,,,,,21291,17705,14913,14834,22776,18037,12322,32080,50424,30197,27349,22618
'380190,"Preparations based on graphite or other carbon in the form of pastes, blocks, plates or other ...",0,0,0,174,224,0,0,267,0,188,299,389,,,,,,,,,,,,,,,3318,3172,2130,2048,3039,4742,3136,7340,2514,3004,2500,2303
'610990,"T-shirts, singlets and other vests of textile materials, knitted or crocheted (excl. cotton)",384,588,479,191,516,342,546,641,788,544,749,389,,,,,,,,,,,,,,,3739,3229,5434,4685,5158,5551,4380,5186,7684,5107,5289,4307
'852499,"Flat panel display modules, whether or not incorporating touch-sensitive screens, with drivers ...",1096,2080,718,1553,1007,487,201,1030,532,581,956,390,,,,,,,,,,,,,,,32186,34203,38940,43770,36822,20303,21366,24732,27069,24640,25544,33422
'842890,"Machinery for lifting, handling, loading or unloading, n.e.s.",54,19,208,441,59,110,123,230,122,131,320,396,,,,,,,,,,,,,,,43052,32030,36369,37904,42485,36459,34678,31145,36967,46626,29109,37541
'410711,"Full grains leather ""incl. parchment-dressed leather"", unsplit, of the whole hides and skins ...",287,515,38,453,132,398,402,157,477,266,131,400,,,,,,,,,,,,,,,3449,3090,2384,3176,2505,2523,2137,2598,2434,2623,3272,4290
'620349,"Men's or boys' trousers, bib and brace overalls, breeches and shorts of textile materials (excl. ...",298,163,31,348,126,164,110,373,62,232,12,403,,,,,,,,,,,,,,,3357,1042,1169,1123,806,1140,741,968,918,1544,1369,1920
'850680,"Primary cells and primary batteries, electric (excl. spent, and those of silver oxide, mercuric ...",4,20,0,0,17,6,407,22,2,0,17,420,,,,,,,,,,,,,,,1506,1808,1971,2513,1597,1943,2281,2046,1233,1406,1109,1857
'640620,"Outer soles and heels, of rubber or plastics",726,632,1028,628,563,849,1050,382,355,370,312,423,,,,,,,,,,,,,,,2557,2567,3136,2740,2901,3307,2582,2264,2130,1831,1709,1477
'200819,"Nuts and other seeds, incl. mixtures, prepared or preserved (excl. prepared or preserved with ...",558,118,768,250,1259,794,155,172,124,345,550,434,,,,,,,,,,,,,,,6608,5151,10206,9861,10167,13333,9259,14841,18599,24485,28791,43695
'611030,"Jerseys, pullovers, cardigans, waistcoats and similar articles, of man-made fibres, knitted ...",813,1127,983,809,548,765,1169,1747,672,335,159,434,,,,,,,,,,,,,,,2623,2859,5059,8013,11935,20368,11123,9363,4720,2243,1643,2124
'390430,"Vinyl chloride-vinyl acetate copolymers, in primary forms",554,305,348,235,93,278,235,378,258,316,321,443,,,,,,,,,,,,,,,4975,3814,4729,4629,4543,5710,4497,4429,3020,3167,3627,3997
'481159,"Paper and paperboard, surface-coloured, surface-decorated or printed, coated, impregnated or ...",1,21,17,5,12,37,92,13,45,418,271,449,,,,,,,,,,,,,,,7235,5616,6874,5640,6347,6813,5975,6981,8264,8109,6265,9137
'520511,"Single cotton yarn, of uncombed fibres, containing >= 85% cotton by weight and with a linear ...",645,71,0,0,0,0,0,0,0,0,805,453,,,,,,,,,,,,,,,645,83,14,1,0,8,24,8,1,86,807,511
'380610,Rosin and resin acids,216,54,168,267,224,234,340,148,198,357,309,454,,,,,,,,,,,,,,,6655,4429,5404,7143,5144,5472,6006,5291,6529,7121,7015,7961
'520931,"Plain woven fabrics of cotton, containing >= 85% cotton by weight and weighing > 200 g/m_, ...",290,360,448,405,393,391,137,284,228,513,379,454,,,,,,,,,,,,,,,748,931,743,1139,1047,701,397,557,753,621,1026,1257
'392190,"Plates, sheets, film, foil and strip, of plastics, reinforced, laminated, supported or similarly ...",1389,667,1082,721,497,975,657,422,283,692,1067,456,,,,,,,,,,,,,,,28120,24459,29683,29675,28751,27724,24675,22728,25770,25967,24549,23670
'590320,"Textile fabrics impregnated, coated, covered or laminated with polyurethane (excl. wallcoverings ...",1121,1090,1511,923,630,1121,730,706,435,481,432,464,,,,,,,,,,,,,,,13687,16562,13908,11952,11340,11771,12917,11652,11916,11031,11887,11459
'481910,"Cartons, boxes and cases, of corrugated paper or paperboard",428,664,421,404,255,477,307,429,730,364,300,472,,,,,,,,,,,,,,,3364,3112,3916,3651,3273,3136,2885,2970,3089,2595,3507,3242
'400280,"Mixtures of natural rubber, balata, gutta-percha, guayule, chicle or similar types of natural ...",275,0,568,0,393,402,0,369,368,250,202,475,,,,,,,,,,,,,,,2196,1400,1880,2269,2960,3438,1917,3032,4392,4292,5513,7678
'210111,"Extracts, essences and concentrates, of coffee",0,1,0,0,0,33,18,0,1458,418,10,476,,,,,,,,,,,,,,,2053,2620,1602,2980,2592,2943,2197,2213,3411,4069,1005,3322
'610910,"T-shirts, singlets and other vests of cotton, knitted or crocheted",587,483,724,344,220,450,285,255,835,853,779,477,,,,,,,,,,,,,,,7415,5872,7870,5987,5141,4464,3905,7175,8891,10069,9489,7199
'640391,"Footwear with outer soles of rubber, plastics or composition leather, with uppers of leather, ...",16,0,457,23,216,184,153,148,220,1,108,485,,,,,,,,,,,,,,,188,87,1358,274,1041,546,422,540,515,426,464,1528
'400400,"Waste, parings and scrap of soft rubber and powders and granules obtained therefrom",0,0,0,0,249,0,217,293,124,375,267,489,,,,,,,,,,,,,,,22028,21832,19804,16524,16293,16914,15592,16723,19820,15886,13489,16711
'831120,"Cored wire of base metal, for electric arc-welding",1855,1248,2757,272,1288,1024,1038,1320,1068,776,1056,496,,,,,,,,,,,,,,,3449,4732,5386,2413,4311,3234,3670,2997,3488,2512,3182,2711
'320619,Pigments and preparations based on titanium dioxide of a kind used for colouring any material ...,129,470,1064,579,608,1315,1014,771,850,445,569,502,,,,,,,,,,,,,,,4283,5145,5938,3705,4720,6051,4297,3585,5416,5021,4635,4216
'600643,"Fabrics, knitted or crocheted, of artificial fibres, of yarns of different colours, of a width ...",60,0,0,0,0,0,100,382,1250,730,139,504,,,,,,,,,,,,,,,6398,9755,10745,9698,7024,5723,4509,7242,8092,7412,5038,2658
'441700,"Tools, tool bodies, tool handles, broom or brush bodies and handles, of wood; boot or shoe ...",347,336,575,544,461,442,146,288,509,421,436,514,,,,,,,,,,,,,,,405,341,612,553,482,466,191,348,533,442,450,584
'741533,"Screws, bolts, nuts and similar articles, threaded, of copper (other than screw hooks, ring- ...",476,62,309,6,0,31,37,103,200,342,226,519,,,,,,,,,,,,,,,948,645,756,604,669,863,878,1076,1360,1019,1266,1349
'850450,Inductors (excl. inductors for discharge lamps or tubes),365,262,1007,878,614,797,357,613,784,396,403,522,,,,,,,,,,,,,,,52328,41031,50153,46494,48010,44731,45468,52222,53898,53728,48416,53614
'830890,"Clasps, frames with clasps without locks, buckles and buckle-clasps, of base metal, for clothing, ...",338,152,548,491,215,697,567,240,584,535,338,523,,,,,,,,,,,,,,,9965,8320,9983,8732,9748,9158,8654,8795,10051,10338,7310,7749
'620342,"Men's or boys' trousers, bib and brace overalls, breeches and shorts, of cotton (excl. knitted ...",76,154,37,212,54,119,63,96,383,296,320,533,,,,,,,,,,,,,,,10434,8990,17875,20767,13192,19040,11755,10250,12906,14507,12168,10721
'441520,"Pallets, box pallets and other load boards, of wood; pallet collars of wood (excl. containers ...",378,412,356,250,280,349,465,409,338,443,283,534,,,,,,,,,,,,,,,1211,954,1329,2137,1988,1719,1076,1063,1216,1409,675,1215
'854420,"Coaxial cable and other coaxial electric conductors, insulated",384,376,323,396,371,438,403,233,411,377,233,536,,,,,,,,,,,,,,,8601,7421,9930,7392,8592,7899,9712,9716,9177,8793,8967,9377
'390422,"Plasticised poly""vinyl chloride"", in primary forms, mixed with other substances",516,561,547,439,385,244,168,243,490,474,193,544,,,,,,,,,,,,,,,2654,2434,2591,1931,2181,1320,1513,1476,1822,2064,1991,2774
'841989,"Machinery, plant or laboratory equipment, whether or not electrically heated, for the treatment ...",170,226,70,290,267,169,473,120,4,538,469,545,,,,,,,,,,,,,,,41707,28439,20838,33426,31142,21939,46887,39771,45595,75409,78098,30067
'903190,"Parts and accessories for instruments, appliances and machines for measuring and checking, ...",1519,2018,978,359,487,515,303,280,335,518,381,546,,,,,,,,,,,,,,,36131,36021,39856,37821,30997,38466,29851,35077,30547,33199,32630,45175
'845090,"Parts of household or laundry-type washing machines, n.e.s.",307,497,583,581,375,746,215,152,252,314,504,551,,,,,,,,,,,,,,,8086,7978,13797,12536,9950,10010,7409,9467,8913,7736,8376,9704
'482370,"Moulded or pressed articles of paper pulp, n.e.s.",1034,813,520,538,655,420,194,458,389,1133,635,570,,,,,,,,,,,,,,,2398,2868,2354,2593,2395,1776,1595,1359,1748,3053,1825,2035
'410712,"Grain splits leather ""incl. parchment-dressed leather"", of the whole hides and skins of bovine ...",1940,2166,1343,1193,810,589,482,716,310,870,724,570,,,,,,,,,,,,,,,5416,6813,4820,3802,4812,4355,4189,4824,4108,4785,4742,4631
'640219,Sports footwear with outer soles and uppers of rubber or plastics (excl. waterproof footwear ...,1,0,79,0,5,37,296,0,4,12,25,576,,,,,,,,,,,,,,,103,439,371,226,195,428,593,610,1123,369,376,1116
'520849,"Woven fabrics of cotton, containing >= 85% cotton by weight and weighing <= 200 g/m_, made ...",1170,805,692,1382,465,1140,1622,213,1230,999,415,583,,,,,,,,,,,,,,,1771,1253,1855,1950,1260,1539,2098,1262,1799,1495,633,1241
'850153,"AC motors, multi-phase, of an output > 75 kW",12,436,807,1198,484,713,1687,2751,1312,1225,1119,585,,,,,,,,,,,,,,,16683,15081,17428,18885,16286,22507,16508,15167,18476,21880,19179,12888
'470329,"Semi-bleached or bleached non-coniferous chemical wood pulp, soda or sulphate (excl. dissolving ...",0,70,0,0,29,0,0,0,0,29,595,599,,,,,,,,,,,,,,,29664,39494,43455,30041,40805,32952,30874,28749,32178,30586,21584,30614
'901839,"Needles, catheters, cannulae and the like, used in medical, surgical, dental or veterinary ...",1590,1148,1720,580,1986,964,1366,68,1517,1125,1379,611,,,,,,,,,,,,,,,32327,35197,35331,32758,33351,34259,34688,35428,29739,31792,33098,32564
'850519,"Permanent magnets and articles intended to become permanent magnets after magnetization, of ...",920,897,1538,1150,760,1069,602,830,804,489,643,613,,,,,,,,,,,,,,,8824,6396,8098,9704,9409,11242,9857,10526,11065,9025,9069,9401
'853641,Relays for a voltage <= 60 V,551,183,421,357,434,323,514,455,454,393,528,626,,,,,,,,,,,,,,,12186,10943,12447,10754,11794,11935,10801,12372,12425,11210,13710,13453
'680221,"Marble, travertine and alabaster articles thereof, simply cut or sawn, with a flat or even ...",384,862,1083,994,1445,1043,646,1289,971,1168,896,633,,,,,,,,,,,,,,,2541,2980,3350,3463,3746,4147,3572,3336,4531,4141,2597,2140
'590210,"Tyre cord fabric of high-tenacity yarn of nylon or other polyamides, whether or not dipped ...",291,434,458,380,351,546,687,596,734,407,673,641,,,,,,,,,,,,,,,11029,9259,9952,10098,9996,8838,8105,9343,11258,11160,11008,11776
'940161,"Upholstered seats, with wooden frames (excl. convertible into beds)",780,804,918,1174,1333,1262,1330,1126,1788,2274,634,660,,,,,,,,,,,,,,,2069,1950,2117,2581,3472,4054,3963,2378,3933,4349,1324,1370
'854370,"Electrical machines and apparatus, having individual functions, n.e.s. in chapter 85",994,726,951,981,1095,353,755,619,948,511,348,666,,,,,,,,,,,,,,,55911,45523,57577,70781,54023,54708,56030,70198,72110,53724,63896,77515
'731815,"Threaded screws and bolts, of iron or steel, whether or not with their nuts and washers (excl. ...",556,442,475,540,383,947,723,438,511,526,398,673,,,,,,,,,,,,,,,40288,33665,41393,36944,36843,40569,39619,41577,47916,41525,41824,42742
'902680,"Instruments or apparatus for measuring or checking variables of liquids or gases, n.e.s.",618,614,591,453,601,653,470,509,430,934,1159,673,,,,,,,,,,,,,,,10536,11020,12560,10786,14267,11184,11391,13786,9884,11989,15446,12689
'850490,"Parts of electrical transformers and inductors, n.e.s.",323,127,311,284,100,519,334,528,671,511,607,679,,,,,,,,,,,,,,,68008,62415,63595,74660,70555,86411,64433,93309,111144,103524,111269,83806
'091011,"Ginger, neither crushed nor ground",1523,600,288,548,0,0,63,197,0,84,52,685,,,,,,,,,,,,,,,2088,1902,1589,1808,773,1302,1416,1607,1698,552,674,1704
'440220,"Wood charcoal of shell or nut, whether or not agglomerated (excl. of bamboo, used as a medicament, ...",1419,1104,1301,2369,1021,241,284,540,942,717,795,690,,,,,,,,,,,,,,,2276,1906,4097,4692,2067,1414,1396,1426,2348,1690,1902,1916
'853669,Plugs and sockets for a voltage <= 1.000 V (excl. lamp holders),68,270,128,292,118,218,170,314,573,191,416,707,,,,,,,,,,,,,,,51716,44618,52849,47213,46827,44177,46216,46417,47416,51099,50569,52077
'848640,Machines and apparatus specified in Note 11 C to chapter 84,0,0,0,72,0,0,0,540,0,5323,249,710,,,,,,,,,,,,,,,43066,57825,50335,88516,66300,44151,24357,49506,38664,48120,123908,79084
'847160,"Input or output units for automatic data-processing machines, whether or not containing storage ...",189,532,1976,2349,1414,1879,846,2171,2481,467,759,716,,,,,,,,,,,,,,,30197,26847,40004,36676,34812,31654,25795,30978,30445,29312,31084,28094
'841869,Refrigerating or freezing equipment (excl. refrigerating and freezing furniture),15,43,517,9,587,2,644,435,584,526,137,732,,,,,,,,,,,,,,,25987,15576,17932,21891,25168,17416,20692,26624,29829,34424,31807,43578
'401180,"New pneumatic tyres, of rubber, of a kind used on construction, mining or industrial handling ...",305,321,246,95,185,314,352,505,631,600,496,736,,,,,,,,,,,,,,,8674,11712,10798,11660,11048,8288,9153,9898,11567,9591,14012,14248
'392113,"Plates, sheets, film, foil and strip, of cellular polyurethanes, unworked or merely surface-worked ...",597,435,425,528,266,406,367,258,342,448,478,759,,,,,,,,,,,,,,,5659,4862,5631,4898,4869,5350,4831,5839,5086,6274,5252,5077
'854232,Electronic integrated circuits as memories,2359,280,1158,2743,39,119,4678,3669,882,10059,5267,760,,,,,,,,,,,,,,,475354,409412,491763,631702,614447,494685,610625,644733,461729,736758,775254,1106375
'080232,"Fresh or dried walnuts, shelled",0,0,84,0,0,0,185,224,232,225,176,788,,,,,,,,,,,,,,,1682,1565,2513,1235,3257,1860,3070,5605,6751,4393,1777,2228
'841459,"Fans (excl. table, floor, wall, window, ceiling or roof fans, with a self-contained electric ...",1465,1076,1144,360,913,1271,976,384,455,653,2788,789,,,,,,,,,,,,,,,36844,33426,34789,42700,40814,42345,32853,37253,45322,35536,43670,39055
'853710,"Boards, cabinets and similar combinations of apparatus for electric control or the distribution ...",558,420,535,1100,1153,628,1226,578,700,702,2098,797,,,,,,,,,,,,,,,99316,105521,115211,107129,111791,130206,117221,146505,107167,126525,125926,128569
'252100,"Limestone flux; limestone and other calcareous stone, of a kind used for the manufacture of ...",604,448,1322,380,307,308,446,425,613,530,619,799,,,,,,,,,,,,,,,57867,51503,60432,56208,62747,46821,71302,61827,58514,58679,49558,52580
'851810,Microphones and stands therefor (excl. cordless microphones with built-in transmitter),614,499,411,1028,611,912,571,588,631,781,368,804,,,,,,,,,,,,,,,9307,9214,10218,10707,11099,10482,10220,11579,13757,13724,9362,12082
'900150,Spectacle lenses of materials other than glass,778,624,788,674,428,632,633,744,687,614,543,822,,,,,,,,,,,,,,,16055,13407,16256,14652,13859,16263,12851,16734,15570,16780,17376,15305
'390769,"Poly""ethylene terephthalate"", in primary forms, having a viscosity number of < 78 ml/g",126,0,0,21,0,105,60,179,588,1199,1384,829,,,,,,,,,,,,,,,8314,10697,13219,8977,9381,12764,11501,6987,10483,8690,10238,11556
'440839,"Sheets for veneering, incl. those obtained by slicing laminated wood, for plywood or for other ...",745,697,537,471,705,815,658,1471,1350,650,354,837,,,,,,,,,,,,,,,12990,12017,14799,14052,15469,15857,15985,15929,15668,12704,13499,12535
'900120,Sheets and plates of polarising material,1560,1499,1451,1363,1430,1979,1241,1352,1538,1033,1586,838,,,,,,,,,,,,,,,1858,1983,2217,1959,1955,2331,1614,1683,2006,1282,1634,1279
'540710,"Woven fabrics of high-tenacity yarn, nylon, other polyamides or polyesters, incl. monofilament ...",202,436,785,638,265,618,613,776,580,683,700,838,,,,,,,,,,,,,,,1726,2187,2203,1324,3523,2665,1470,1852,1095,1566,1975,1903
'870899,"Parts and accessories, for tractors, motor vehicles for the transport of ten or more persons, ...",2559,2397,3914,1550,1119,1326,1828,2078,2081,2022,1037,839,,,,,,,,,,,,,,,216338,225069,230420,196028,208955,207328,176534,190048,179422,173606,206714,219389
'253090,"Arsenic sulfides, alunite, pozzuolana, earth colours and other mineral substances, n.e.s.",484,560,645,563,290,412,431,444,547,620,461,843,,,,,,,,,,,,,,,4976,5957,6975,7914,8173,7547,5996,9236,6762,6495,7984,6418
'853229,"Fixed electrical capacitors (excl. tantalum, aluminium electrolytic, ceramic, paper, plastic ...",1204,834,644,782,824,543,580,409,504,648,399,852,,,,,,,,,,,,,,,54861,43929,47093,42704,46499,41941,41559,47018,53032,53695,53813,50822
'401699,"Articles of vulcanised rubber (excl. hard rubber), n.e.s.",392,412,727,710,848,723,626,646,876,783,499,855,,,,,,,,,,,,,,,27814,24914,27955,28028,26765,25218,27421,25895,24237,23815,25529,29661
'940199,"Parts of seats, not of wood, n.e.s.",889,909,1135,1092,736,1149,1316,1239,1230,910,1208,906,,,,,,,,,,,,,,,25479,18523,22649,24568,20777,23063,20033,22280,21370,18106,20495,22329
'401120,"New pneumatic tyres, of rubber, of a kind used for buses and lorries (excl. tyres with lug, ...",428,434,1053,609,648,1082,1136,964,0,101,670,907,,,,,,,,,,,,,,,3200,2790,3042,3075,2718,2756,2673,3160,1562,2756,2796,3531
'854141,"Light emitting diodes ""LED""",693,809,879,674,416,257,260,313,497,360,342,913,,,,,,,,,,,,,,,26902,27453,32072,31413,31406,28325,30117,34926,34614,35297,32473,33111
'730890,"Structures and parts of structures, of iron or steel, n.e.s. (excl. bridges and bridge-sections, ...",1254,2235,2082,2388,2144,587,0,0,1,101,4703,928,,,,,,,,,,,,,,,23517,22241,39879,41078,44059,58202,47335,31480,36879,43010,49857,39136
'902710,Gas or smoke analysis apparatus,1214,1219,1220,865,1110,1064,1145,401,925,1221,1287,936,,,,,,,,,,,,,,,23281,24322,26510,21048,21071,23040,25655,27959,21385,29084,32034,30813
'843860,"Machinery for the industrial preparation of fruits, nuts or vegetables (excl. cooking and other ...",1544,340,1531,2510,887,1315,1549,1159,730,1352,1135,938,,,,,,,,,,,,,,,8390,2403,4637,4566,2889,10381,4115,13587,5130,8691,5095,7501
'640610,Uppers and parts thereof (excl. stiffeners and general parts made of asbestos),2417,1516,1711,1448,1139,690,1193,720,1023,1268,966,963,,,,,,,,,,,,,,,4902,4790,5546,5009,5990,3975,4036,3711,4157,3621,4739,2517
'852491,"Flat panel display modules, whether or not incorporating touch-sensitive screens, with drivers ...",1239,677,2162,1335,1237,1933,172,1323,1655,808,919,965,,,,,,,,,,,,,,,193095,168874,226800,219194,181366,118272,128838,126989,135869,126736,128076,141852
'830710,"Flexible tubing of iron or steel, with or without fittings",904,175,478,208,538,483,482,614,171,970,712,969,,,,,,,,,,,,,,,4616,3548,5433,4308,3633,5194,8276,6766,6253,5689,5004,7785
'845690,"Machine tools for working any material by removal of material, operated by electro-chemical, ...",120,112,0,0,27,52,47,0,26,2,11,1008,,,,,,,,,,,,,,,2349,1340,1312,3065,2041,1518,3901,2801,2488,3093,4065,3187
'380510,"Gum, wood or sulphate turpentine oils",1450,1645,2973,3013,3007,3051,1786,1054,2678,949,1232,1034,,,,,,,,,,,,,,,14404,13626,16619,16491,19537,17923,15915,16056,15183,12208,13895,16488
'091030,"Turmeric ""curcuma""",2622,730,542,346,0,34,0,33,36,464,163,1049,,,,,,,,,,,,,,,6741,4120,2990,1635,844,1811,2422,1845,745,1288,2591,3929
'854160,Mounted piezo-electric crystals,615,436,655,1279,1041,726,627,988,1148,833,674,1063,,,,,,,,,,,,,,,16057,14779,18497,19139,19759,16032,15782,17547,20393,15998,15747,18855
'854449,"Electric conductors, for a voltage <= 1.000 V, insulated, not fitted with connectors, n.e.s.",1668,1951,677,909,744,1207,904,1337,852,1160,1247,1069,,,,,,,,,,,,,,,38096,42858,41339,38841,33337,42691,39937,40042,39556,45295,45795,45080
'852910,"Aerials and aerial reflectors of all kinds; parts suitable for use therewith, n.e.s.",911,401,931,869,777,1083,958,1140,1449,946,591,1078,,,,,,,,,,,,,,,8765,8225,11042,9196,9475,11239,11994,10947,11644,16600,9960,12549
'600632,"Dyed fabrics, knitted or crocheted, of synthetic fibres, of a width of > 30 cm (excl. warp ...",1019,946,783,723,918,1751,935,1413,1002,1785,1405,1086,,,,,,,,,,,,,,,13887,13174,15102,12816,11455,10212,8618,9057,7809,11159,8930,6051
'853690,"Electrical apparatus for switching electrical circuits, or for making connections to or in ...",657,1419,587,1044,486,437,503,745,508,711,613,1107,,,,,,,,,,,,,,,118897,109936,135057,128035,121833,129971,115113,156795,137159,136266,153593,171760
'030462,"Frozen fillets of catfish ""Pangasius spp., Silurus spp., Clarias spp., Ictalurus spp.""",786,1047,1581,1631,1319,1939,2016,2092,2094,1649,950,1118,,,,,,,,,,,,,,,786,1047,1581,1631,1319,1939,2016,2152,2094,1649,1029,1118
'261510,Zirconium ores and concentrates,260,43,0,129,86,0,252,0,625,288,0,1125,,,,,,,,,,,,,,,10891,12403,13434,14175,11607,14576,15182,15744,12972,12404,10631,21535
'730640,"Tubes, pipes and hollow profiles, welded, of circular cross-section, of stainless steel (excl. ...",3233,2488,4138,4877,1271,2035,3067,3016,3307,1276,1938,1141,,,,,,,,,,,,,,,5064,7139,9111,9743,3763,5164,8938,8853,7916,6179,6907,14899
'871410,"Parts and accessories of motorcycles, incl. mopeds, n.e.s.",294,419,1072,935,811,299,674,181,698,797,475,1175,,,,,,,,,,,,,,,40077,44075,57830,59099,64285,80417,34796,34000,33196,38238,38002,34869
'293930,Caffeine and its salts,594,1510,1168,1521,918,1277,635,1367,1046,680,1150,1181,,,,,,,,,,,,,,,2075,3487,3272,2830,2147,2442,2191,3703,2267,4524,4294,5030
'821210,Non-electric razors of base metal,782,742,1092,573,953,1140,760,1272,918,793,920,1207,,,,,,,,,,,,,,,1147,1095,2013,1146,2136,1512,1245,2631,1309,1483,1390,1614
'850300,"Parts suitable for use solely or principally with electric motors and generators, electric ...",1265,1315,1243,694,883,381,1075,455,865,1408,1127,1213,,,,,,,,,,,,,,,77130,77374,71063,86860,106307,129337,168524,192561,136959,159280,154018,151281
'830160,"Parts of padlocks, locks, clasps and frames with clasps, incorporating locks, of base metal, ...",1242,1229,836,507,1089,768,890,571,907,1339,972,1217,,,,,,,,,,,,,,,4593,5074,4350,4326,4454,4413,4893,4160,5407,5711,4674,4790
'600192,"Pile fabrics of man-made fibres, knitted or crocheted (excl. ""long pile"" fabrics)",4,15,59,178,0,174,339,333,183,711,606,1220,,,,,,,,,,,,,,,17438,23398,27745,29365,22613,16043,13899,10735,9187,10975,10540,6068
'850152,"AC motors, multi-phase, of an output > 750 W but <= 75 kW",1145,1475,1420,1040,865,657,1316,728,740,1558,952,1220,,,,,,,,,,,,,,,17852,16865,18575,19688,15953,14780,15456,18092,14971,18647,17430,17576
'251512,"Marble and travertine, merely cut, by sawing or otherwise, into blocks or slabs of a square ...",2025,1850,2548,535,1969,1823,2490,2462,1377,3142,1749,1230,,,,,,,,,,,,,,,19676,21104,28730,25781,35008,39073,36391,27140,37629,33757,26110,17350
'391990,"Self-adhesive plates, sheets, film, foil, tape, strip and other flat shapes, of plastics, whether ...",1400,1204,1609,1682,1495,965,1094,1532,1504,1636,1170,1257,,,,,,,,,,,,,,,58390,58920,67420,63918,59373,58161,62146,59566,62320,61170,59270,63378
'851821,"Single loudspeakers, mounted in their enclosures",2155,1607,4264,3527,2182,1332,1949,1723,1294,2092,1066,1264,,,,,,,,,,,,,,,12844,8876,14418,13751,13728,12243,12413,13004,12767,13496,12744,10142
'940320,"Metal furniture (excl. for offices, seats and medical, surgical, dental or veterinary furniture)",87,26,685,150,41,36,73,163,45,312,566,1278,,,,,,,,,,,,,,,16557,16372,19778,19292,22492,22921,19006,19739,24429,25047,20446,13714
'851771,"Aerials and aerial reflectors of all kinds, of telephone sets, telephones for cellular networks ...",1429,1335,1641,2371,1844,1404,909,1227,1701,1235,1028,1290,,,,,,,,,,,,,,,12410,10475,11985,10312,12093,14572,12469,9342,11531,11328,13166,14245
'720421,"Waste and scrap of stainless steel (excl. radioactive, and waste and scrap of batteries and ...",6938,6763,6460,7219,4919,5421,6274,5803,3099,5714,4496,1322,,,,,,,,,,,,,,,162419,152407,176136,154319,155792,172891,167863,171037,165961,137589,118398,137204
'851290,"Parts of electrical lighting or signalling equipment, windscreen wipers, defrosters and demisters ...",3093,1215,1799,1270,1357,2657,1968,2795,1987,2201,1016,1388,,,,,,,,,,,,,,,23828,19534,23834,19976,18646,23526,21003,21998,20804,23855,20456,20748
'282570,Molybdenum oxides and hydroxides,514,521,557,0,0,654,0,0,0,0,717,1416,,,,,,,,,,,,,,,2981,3286,4227,2444,4216,5225,2222,6296,4133,3673,4261,9342
'846630,"Dividing heads and other special attachments for machine tools, n.e.s.",235,916,5915,2382,540,129,884,1031,1258,257,584,1428,,,,,,,,,,,,,,,42070,36383,28335,17841,13185,10806,13009,11958,16843,23981,20515,18775
'852351,"Solid-state, non-volatile data storage devices for recording data from an external source [flash ...",279,70,13,155,544,1052,335,2224,467,1764,1701,1483,,,,,,,,,,,,,,,76249,75872,79641,89082,91500,92059,114293,152514,158330,142044,130533,105212
'590390,"Textile fabrics impregnated, coated, covered or laminated with plastics other than poly""vinyl ...",1200,1348,1599,1826,1156,2321,1738,1765,2208,3475,2607,1488,,,,,,,,,,,,,,,18872,17900,20050,18766,20319,19553,17766,20195,22100,23909,18507,13300
'848299,"Parts of ball or roller bearings (excl. balls, needles and rollers), n.e.s.",660,1259,1529,1213,985,1419,1208,1133,1263,891,590,1512,,,,,,,,,,,,,,,19725,14903,18271,15266,16667,18656,17389,16175,20492,21469,16925,18822
'842833,"Continuous-action elevators and conveyors for goods or materials, belt type (excl. those for ...",1464,399,259,102,317,1152,96,133,18,576,4232,1634,,,,,,,,,,,,,,,6920,9419,9956,17273,10377,25178,12671,15630,5792,14565,11957,20824
'850131,"DC motors of an output > 37,5 W but <= 750 W and DC generators of an output <= 750 W (excl. ...",2087,1237,1389,1230,171,927,461,653,877,1366,1308,1637,,,,,,,,,,,,,,,33050,25981,29363,24772,32790,31176,27980,33089,33132,34646,36627,35331
'392690,"Articles of plastics and articles of other materials of heading 3901 to 3914, n.e.s (excl. ...",967,1402,1154,1377,1033,1290,1021,1205,1006,1459,1105,1689,,,,,,,,,,,,,,,115235,103817,128055,120851,115140,110318,113818,124604,111522,116165,110532,110743
'740821,"Wire of copper-zinc base alloys ""brass""",1421,1189,1881,1850,2309,1568,1935,1185,1554,1441,653,1717,,,,,,,,,,,,,,,3855,2695,5011,3710,4889,4429,4822,3158,4666,3621,2991,4839
'847990,"Parts of machines and mechanical appliances, n.e.s.",382,44,894,101,313,296,155,217,153,193,204,1722,,,,,,,,,,,,,,,61840,56358,55574,70608,63685,51437,60003,64340,49539,46333,49451,59098
'842489,"Mechanical appliances, whether or not hand-operated, for projecting, dispersing or spraying ...",438,1502,709,39,157,329,497,282,101,840,504,1726,,,,,,,,,,,,,,,19725,18467,20301,13506,21519,26287,18731,24586,25059,21988,16470,16359
'850610,Manganese dioxide cells and batteries (excl. spent),612,221,1378,1090,1810,380,732,1381,1349,2816,2301,1747,,,,,,,,,,,,,,,2631,2220,3282,3594,5020,3519,3604,2323,4353,7975,4885,2848
'840991,Parts suitable for use solely or principally with spark-ignition internal combustion piston ...,1865,1952,2382,1336,2759,2611,1426,2145,2797,1902,1881,1747,,,,,,,,,,,,,,,63920,52146,60197,51506,55524,57873,47382,59580,54496,54613,56857,58099
'731814,"Self-tapping screws, of iron or steel (excl. wood screws)",77,101,14,151,46,693,844,806,1007,1076,408,1752,,,,,,,,,,,,,,,5267,5286,4348,5748,4534,7787,7371,6534,6438,6335,5019,6109
'090961,"Juniper berries and seeds of anise, badian, caraway or fennel, neither crushed nor ground",6850,5075,4398,2064,2170,2803,1722,2133,3054,1955,2848,1773,,,,,,,,,,,,,,,7673,6200,6196,5312,7918,7223,5828,7457,5005,3511,5806,4276
'540220,High-tenacity filament yarn of polyesters (excl. that put up for retail sale),3539,1182,1407,1835,1317,1116,1913,1565,1234,1136,1329,1833,,,,,,,,,,,,,,,7150,6484,5508,5284,5284,4552,5291,5498,6395,5076,5915,6722
'570331,"Turf, of man-made textile materials, tufted ""needle punched"", whether or not made up (excl. ...",1632,1013,1182,1032,1110,1276,774,1465,1991,2122,1340,1856,,,,,,,,,,,,,,,2133,1312,1713,1238,1596,2277,1032,1725,2443,2446,1660,2186
'821220,"Safety razor blades of base metal, incl. razor blade blanks in strips",861,1819,3060,659,1890,1682,2595,2758,1308,3701,1506,1861,,,,,,,,,,,,,,,3747,2941,5101,2095,3604,4804,5196,3361,2768,4841,3305,3706
'852872,"Reception apparatus for television, colour, whether or not incorporating radio-broadcast receivers ...",3729,3032,2928,3226,5080,2756,1541,2112,2162,1257,2196,1874,,,,,,,,,,,,,,,3865,3702,3906,4086,6662,3480,2137,2670,2789,1647,2984,2302
'570339,"Carpets and other floor coverings, of man-made textile materials, tufted ""needle punched"", ...",1646,1179,1861,1117,1457,1404,1230,1608,1091,2136,1882,1928,,,,,,,,,,,,,,,3964,3338,4025,4030,4501,4475,3588,3972,4466,5235,3965,3938
'151110,Crude palm oil,6256,3871,5884,4415,1752,5528,5764,4255,3733,1781,3874,1960,,,,,,,,,,,,,,,578314,753524,965460,1114136,783318,746457,723243,576024,787228,936443,825310,623207
'854430,"Ignition wiring sets and other wiring sets for vehicles, aircraft or ships",684,947,1905,169,940,1526,770,241,1632,1333,274,2058,,,,,,,,,,,,,,,11069,12271,15104,10665,11911,12284,9513,8960,12728,11032,13263,15293
'283650,Calcium carbonate,1780,1687,1849,1335,1838,1726,1948,1273,1421,1769,1874,2080,,,,,,,,,,,,,,,5402,4597,5019,3981,4257,3832,4171,3169,3597,3911,4406,4596
'284920,"Carbides of silicon, whether or not chemically defined",2632,1642,2044,1698,1841,2138,1162,1427,1349,1920,1099,2193,,,,,,,,,,,,,,,7484,4719,6022,5828,5300,6766,5984,4716,4963,6186,4709,5813
'600410,"Knitted or crocheted fabrics, of a width of > 30 cm, containing >= 5% by weight elastomeric ...",547,403,1049,1233,336,1193,1918,874,1753,1702,1063,2243,,,,,,,,,,,,,,,10137,10233,12661,12179,10537,10335,9013,7782,9841,9195,7283,6694
'844399,"Parts and accessories of printers, copying machines and facsimile machines, n.e.s. (excl. of ...",1096,1845,1857,1604,1289,1596,932,1768,1738,1354,1821,2251,,,,,,,,,,,,,,,54697,48183,58542,47852,48783,48074,45303,56683,50867,47720,56089,54180
'870840,"Gear boxes and parts thereof, for tractors, motor vehicles for the transport of ten or more ...",1797,3030,1992,2106,989,1417,2521,1774,3245,2450,1638,2363,,,,,,,,,,,,,,,140207,155448,169016,172005,157199,147134,135834,142343,169529,154036,166036,150764
'721932,"Flat-rolled products of stainless steel, of a width of >= 600 mm, not further worked than cold-rolled ...",290,176,272,1012,333,52,472,604,777,469,956,2403,,,,,,,,,,,,,,,716,642,723,3097,1985,915,1598,1335,2403,1320,2472,2690
'732690,"Articles of iron or steel, n.e.s. (excl. cast articles or articles of iron or steel wire)",1686,2070,1931,2449,2224,2202,1774,1986,2606,1760,1538,2455,,,,,,,,,,,,,,,109383,92643,96357,97005,102268,107741,105440,99132,102917,96004,93886,103336
'902140,Hearing aids (excl. parts and accessories),331,427,362,429,893,1426,2074,644,382,646,997,2519,,,,,,,,,,,,,,,6593,4659,4802,4602,7418,7037,7676,6117,5964,5827,5833,8443
'390230,"Propylene copolymers, in primary forms",7,0,0,97,0,1001,0,561,900,117,539,2526,,,,,,,,,,,,,,,56331,58743,57268,56809,50474,50923,37727,52062,45199,47334,47364,48144
'640690,"Parts of footwear; removable in-soles, heel cushions and similar articles; gaiters, leggings ...",3540,3267,3850,3270,1959,1363,1795,1978,2303,3205,2085,2562,,,,,,,,,,,,,,,12525,10316,11698,11411,9884,7520,7778,7398,8669,9255,8699,6387
'903180,"Instruments, appliances and machines for measuring or checking, not elsewhere specified in ...",2143,1632,3049,1687,3476,1247,1772,1094,1391,2286,1405,2621,,,,,,,,,,,,,,,107678,101641,121449,113739,103074,106473,108634,116099,101277,105744,120028,105294
'392099,"Plates, sheets, film, foil and strip, of non-cellular plastics, n.e.s., not reinforced, laminated, ...",3123,2632,4437,5718,4260,1657,1698,1972,5289,5119,3753,2638,,,,,,,,,,,,,,,34491,32581,37839,38902,28426,22016,22333,21815,26318,25707,18870,23843
'901890,"Instruments and appliances used in medical, surgical or veterinary sciences, n.e.s.",1306,1374,2017,1688,2247,1656,2383,1249,971,1657,1609,2795,,,,,,,,,,,,,,,116630,96569,123409,115230,106803,110924,108262,127358,111722,120263,121549,128702
'830990,"Stoppers, caps and lids, incl. screw caps and pouring stoppers, capsules for bottles, threaded ...",991,1836,1010,899,1551,1986,2951,28,5079,19,3095,2818,,,,,,,,,,,,,,,12481,9173,15097,10724,9706,14745,13926,11070,16170,10120,16074,14940
'870895,"Safety airbags with inflator system and parts thereof, for tractors, motor vehicles for the ...",2114,1908,1977,2144,1964,1936,2287,2042,3440,2836,2285,2925,,,,,,,,,,,,,,,20546,15865,19899,19041,17456,19621,16818,18804,21911,20928,22557,22763
'850760,Lithium-ion accumulators (excl. spent),1235,1618,3878,4824,3030,4636,6438,1377,4918,1695,1923,2987,,,,,,,,,,,,,,,323501,306280,321827,356376,429865,359635,389584,430075,591653,435347,435281,553734
'121190,"Plants, parts of plants, incl. seeds and fruits, used primarily in perfumery, in pharmacy or ...",3539,2681,3553,2653,2638,3289,2981,2455,3270,3312,2371,3067,,,,,,,,,,,,,,,13861,16700,19119,15209,18319,11603,14666,12438,12031,13094,16914,16372
'851829,"Loudspeakers, without enclosure",4871,4093,3945,5720,5657,3315,4458,3358,3149,3336,2696,3111,,,,,,,,,,,,,,,27319,23105,28934,33770,31877,19938,26110,23174,26333,22606,19396,23319
'853890,"Parts suitable for use solely or principally with the apparatus of heading 8535, 8536 or 8537, ...",1575,1771,1568,1614,2214,1537,2180,1969,2059,1639,2091,3167,,,,,,,,,,,,,,,107759,91930,111221,102823,102207,96725,98083,109597,104581,114544,121548,126915
'640399,"Footwear with outer soles of rubber, plastics or composition leather, with uppers of leather ...",1199,41,1992,2842,2111,1614,1273,2318,2386,2109,3230,3366,,,,,,,,,,,,,,,3692,4033,7449,6815,9982,3839,2976,7686,13066,6619,7196,8732
'731210,"Stranded wire, ropes and cables, of iron or steel (excl. electrically insulated products and ...",1706,2656,2330,2090,2371,2509,2651,2810,3286,2656,2815,3535,,,,,,,,,,,,,,,18557,19704,18363,15785,17996,18612,20831,20242,25638,21268,23252,24609
'640299,Footwear with outer soles and uppers of rubber or plastics (excl. covering the ankle or with ...,1153,1554,2529,4566,3216,1641,3382,3481,3222,3481,3290,3562,,,,,,,,,,,,,,,5542,5850,7331,8891,7192,4072,6487,7184,7306,8430,6963,8013
'720712,"Semi-finished products of iron or non-alloy steel containing, by weight, < 0,25% of carbon, ...",47706,7593,49770,24166,38276,23701,0,27333,0,2185,23047,3594,,,,,,,,,,,,,,,57267,28235,67247,55975,58256,23701,0,27333,0,2185,23047,3594
'390210,"Polypropylene, in primary forms",296,1082,602,459,732,1304,151,136,704,896,1494,3693,,,,,,,,,,,,,,,119224,133934,119977,134949,134675,132125,88584,97806,103263,109996,92364,120314
'851220,Electrical lighting or visual signalling equipment for motor vehicles (excl. lamps of heading ...,2544,3551,3964,3719,2862,2986,3016,3597,3440,3114,1594,3717,,,,,,,,,,,,,,,20465,18811,23740,20906,18029,21379,20306,20035,23082,20208,18727,20272
'852859,"Monitors (excl. with TV receiver, CRT and those designed for computer use)",2914,6326,6573,3837,4912,3709,2899,1347,4658,3979,3539,3842,,,,,,,,,,,,,,,19083,25403,24520,18240,17927,18853,20581,16363,21439,19545,20190,16875
'848060,"Moulds for mineral materials (excl. moulds of graphite or other carbons, ceramic or glass moulds)",2826,1109,551,2027,462,1497,1729,558,2231,1931,944,3946,,,,,,,,,,,,,,,15131,17003,12959,16018,9904,16815,16853,12644,14785,14144,8949,13004
'280920,"Phosphoric acid; polyphosphoric acids, whether or not chemically defined",521,2875,3556,747,1628,1549,1635,1247,366,1232,285,4083,,,,,,,,,,,,,,,207980,149389,211056,201352,266545,214159,247158,300946,253774,249514,171055,192803
'851822,"Multiple loudspeakers, mounted in the same enclosure",3321,4970,13094,12675,5311,6121,3615,3262,3784,3875,3708,4178,,,,,,,,,,,,,,,22243,19099,40931,41664,31724,26860,21966,27582,19757,19166,17180,20908
'400121,Smoked sheets of natural rubber,3485,1614,3180,7526,7496,2923,1760,580,81,1097,4020,4212,,,,,,,,,,,,,,,5568,5517,7562,12982,12939,7327,4199,4093,3969,4102,9003,11085
'400510,"Rubber, unvulcanised, compounded with carbon black or silica, in primary forms or in plates, ...",380,156,111,80,1562,2858,2450,3657,2017,1011,575,4249,,,,,,,,,,,,,,,43521,46939,48485,50251,51918,59647,52090,52067,59469,47028,68936,67069
'850110,"Motors of an output <= 37,5 W",3165,3144,4498,3127,4156,3049,1946,2691,3498,2636,4108,4271,,,,,,,,,,,,,,,38123,29914,39107,29313,32212,33795,34960,45595,43065,39832,55548,40956
'090619,"Cinnamon and cinnamon-tree flowers (excl. cinnamon ""Cinnamomum zeylanicum Blume"" and crushed ...",7366,12292,17075,15143,9309,5811,5342,6614,8390,6097,6128,4364,,,,,,,,,,,,,,,7630,12654,17811,16094,9997,6136,5488,6868,8775,6282,6224,4524
'230990,Preparations of a kind used in animal feeding (excl. dog or cat food put up for retail sale),3715,4570,3392,2321,1050,3942,3740,1961,2320,2773,3825,4438,,,,,,,,,,,,,,,51931,52868,52893,40925,40593,43921,46855,43307,48442,50390,54684,54909
'844332,"Machines which only perform one of the functions of printing, copying or facsimile transmission, ...",5455,1978,2984,2657,1307,1911,2500,2745,2627,3131,3018,4491,,,,,,,,,,,,,,,27160,21136,29831,26521,40179,26852,22430,24566,19225,22090,26071,24753
'730661,"Tubes and pipes and hollow profiles, welded, of square or rectangular cross-section, of iron ...",3207,3773,4254,2330,1003,2253,1172,1173,1175,241,2218,4509,,,,,,,,,,,,,,,3567,4303,5513,3304,1195,3063,2037,2225,1833,1615,3002,5665
'851890,"Parts of microphones, loudspeakers, headphones and earphones, earphones, audio-frequency electric ...",296,264,1062,874,872,3206,5989,3032,1637,1792,1636,4532,,,,,,,,,,,,,,,14965,15878,21957,28205,20333,16741,19578,18112,24203,20787,16359,16711
'090411,"Pepper of the genus Piper, neither crushed nor ground",15574,8730,11626,7113,2344,3666,1890,1706,4299,3325,6418,4555,,,,,,,,,,,,,,,26138,28080,27070,17789,10318,14633,12030,12129,14728,11797,14273,11651
'850440,Static converters,5014,9017,10927,11593,9128,5775,5972,6106,5690,4706,5767,4641,,,,,,,,,,,,,,,176289,176747,226973,196399,204218,204437,159019,206571,213092,206366,224281,213656
'081090,"Fresh tamarinds, cashew apples, jackfruit, lychees, sapodillo plums, passion fruit, carambola, ...",3593,3491,1533,2880,3504,5060,5176,2945,3739,6319,4864,4650,,,,,,,,,,,,,,,3932,3783,2145,4065,4397,6670,6448,4581,5056,8528,6775,6451
'847170,Storage units for automatic data-processing machines,2939,894,472,7415,858,2262,1923,8438,7238,567,430,4758,,,,,,,,,,,,,,,62936,56647,85566,67403,54328,57397,48197,87818,81844,61252,79017,109003
'440890,"Sheets for veneering, incl. those obtained by slicing laminated wood, for plywood or for other ...",4304,3872,5210,3562,2737,4728,4015,4884,4713,3455,4099,4883,,,,,,,,,,,,,,,23400,22060,33963,24757,26379,30700,27225,32753,31225,19538,27257,27034
'640419,Footwear with outer soles of rubber or plastics and uppers of textile materials (excl. sports ...,4325,1409,4132,10294,4823,6836,4333,3107,4994,6015,5290,4936,,,,,,,,,,,,,,,14692,6897,13285,18336,14574,18711,15730,14233,15535,15815,12573,13395
'847150,"Processing units for automatic data-processing machines, whether or not containing in the same ...",5809,3451,2761,5345,2317,13080,6600,16578,6768,1628,3311,4982,,,,,,,,,,,,,,,276678,255627,408471,294313,389369,636056,486054,520167,461592,443417,470913,1641520
'640411,"Sports footwear, incl. tennis shoes, basketball shoes, gym shoes, training shoes and the like, ...",1906,1447,4838,6829,5909,2683,4860,3747,4585,5032,3615,5158,,,,,,,,,,,,,,,3779,4203,12588,8906,9333,6070,7186,8010,9589,7548,8108,13086
'390729,"Polyethers, in primary forms (excl. polyacetals, bis(polyoxyethylene) methylphosphonate and ...",2343,3317,4156,2839,2794,2626,3346,2619,3077,3364,3160,5162,,,,,,,,,,,,,,,73931,60795,76703,70671,67012,81537,60852,69375,66435,74770,75952,92320
'150710,"Crude soya-bean oil, whether or not degummed",0,0,0,0,0,0,0,0,0,0,0,5246,,,,,,,,,,,,,,,402687,364568,572195,460588,529695,420930,475451,579829,326193,359538,294064,418907
'282590,"Bases, inorganic, and metal oxides, hydroxides and peroxides, n.e.s.",440,540,1220,1098,1318,1376,1438,1470,301,2120,1579,5277,,,,,,,,,,,,,,,3840,3215,6087,4588,3933,4819,4380,4890,4524,6230,5471,12399
'852852,Monitors capable of directly connecting to and designed for use with an automatic data processing ...,6583,9872,6927,7348,8718,7091,9617,5524,6813,7245,5749,5451,,,,,,,,,,,,,,,61243,51194,52509,54423,55043,58424,55106,51036,52154,55202,47940,52180
'590220,"Tyre cord fabric of high-tenacity polyester yarn, whether or not dipped or impregnated with ...",3577,4805,4904,3973,3653,4457,4179,4845,5627,3161,2739,5466,,,,,,,,,,,,,,,5711,6790,6738,5139,5351,5943,5285,6246,6761,4341,3829,6556
'852721,"Radio-broadcast receivers not capable of operating without an external source of power, of ...",1478,2340,2947,2187,1481,1941,2994,2728,3283,4056,3118,5872,,,,,,,,,,,,,,,6375,6327,6512,5921,6360,5255,6633,6868,7757,8077,6913,10129
'761090,"Structures and parts of structures, of aluminium, n.e.s., and plates, rods, profiles, tubes ...",3410,4875,2109,8808,8922,9000,2485,9344,9001,16953,7463,5934,,,,,,,,,,,,,,,53320,41259,60266,69186,66128,72943,57359,60460,75412,89734,54972,57881
'847989,"Machines and mechanical appliances, n.e.s.",965,3231,1800,3337,1241,602,2656,7553,1254,651,3756,5954,,,,,,,,,,,,,,,171693,138488,255123,237970,191737,177605,192470,312455,236384,204534,206986,191802
'310230,"Ammonium nitrate, whether or not in aqueous solution (excl. that in tablets or similar forms, ...",0,0,0,0,0,0,0,0,0,0,0,5961,,,,,,,,,,,,,,,12384,15451,17597,18901,6075,8712,17059,17119,19692,3635,5679,10465
'853400,Printed circuits,3352,3257,4521,6323,4042,4706,5075,4173,6158,4554,4879,6273,,,,,,,,,,,,,,,138558,119361,141308,138739,132821,142556,136245,140368,156874,143350,153695,183457
'850720,Lead acid accumulators (excl. spent and starter batteries),2952,3244,4567,5072,5360,5336,4238,5174,2904,6297,2157,7055,,,,,,,,,,,,,,,11581,13336,15371,19188,25232,27706,16585,15197,13687,15297,12820,14673
'850790,"Plates, separators and other parts of electric accumulators, n.e.s.",4392,5915,5449,5006,4809,5803,8032,6874,8562,8717,9560,7190,,,,,,,,,,,,,,,39610,42603,51861,52862,51850,43834,44259,47316,49427,47294,55485,53470
'848180,"Appliances for pipes, boiler shells, tanks, vats or the like (excl. pressure-reducing valves, ...",5783,4235,6052,3306,5814,4350,6508,6945,6014,9488,6963,7324,,,,,,,,,,,,,,,138682,125695,134111,117215,117537,118100,130754,130182,114899,120225,113914,115168
'844331,"Machines which perform two or more of the functions of printing, copying or facsimile transmission, ...",5062,6427,9739,6379,7573,7967,7606,7999,7001,9634,9693,7789,,,,,,,,,,,,,,,47669,41127,46842,41694,49454,38644,36506,37608,38689,37051,51077,39888
'500200,"Raw silk ""non-thrown""",7042,10313,10736,10266,7182,11800,8519,10721,10042,8400,7715,8008,,,,,,,,,,,,,,,10434,13152,12965,14057,10971,15920,11261,14220,12986,11511,10213,11420
'870829,"Parts and accessories of bodies for tractors, motor vehicles for the transport of ten or more ...",644,1523,2446,2397,1360,3729,4965,7401,6216,6061,6132,8241,,,,,,,,,,,,,,,62586,55918,63360,64175,57491,62561,60876,63903,69697,54350,70884,75224
'382499,"Chemical products and preparations of the chemical or allied industries, incl. those consisting ...",9260,10079,10844,8479,8159,10331,10859,9408,6991,6987,7148,8528,,,,,,,,,,,,,,,121246,98281,131506,114928,147617,125448,109411,107226,107032,118705,94684,116173
'700510,"Float glass and surface ground or polished glass, in sheets, having an absorbent, reflecting ...",7270,7880,6837,4756,5328,6667,8845,7782,6444,8089,5275,9957,,,,,,,,,,,,,,,18903,16315,12322,10579,12492,13786,15359,13998,13075,13070,11829,14560
'852990,"Parts suitable for use solely or principally with flat panel display modules, transmission ...",10649,9869,14618,13125,10754,7827,9077,8903,7650,6687,6459,10940,,,,,,,,,,,,,,,114945,119681,150814,165304,126120,101689,97735,122963,124086,112366,116645,129995
'700719,"Toughened ""tempered"" safety glass (excl. glass of size and shape suitable for incorporation ...",1292,1862,2924,10094,18121,20081,6069,11377,15357,23454,21032,10958,,,,,,,,,,,,,,,76646,72441,125250,138582,153655,146124,113355,136187,144848,146065,162291,180253
'842612,Mobile lifting frames on tyres and straddle carriers,23185,0,0,0,0,0,11540,0,0,0,0,11539,,,,,,,,,,,,,,,23214,51,36,6437,39,36,11540,579,1236,34,4,11539
'400122,"Technically specified natural rubber ""TSNR""",7561,6926,11744,12487,10720,5544,4077,5617,6520,11323,7823,12325,,,,,,,,,,,,,,,76775,65664,72403,84978,96324,70842,48096,42136,52442,54521,44100,75678
'854142,Photovoltaic cells not assembled in modules or made up into panels,4258,2740,7569,7504,11642,18866,1528,2913,3775,4187,14174,12473,,,,,,,,,,,,,,,230097,165741,206487,214453,262467,293440,306276,292563,319083,221488,334115,497449
'854239,"Electronic integrated circuits (excl. such as processors, controllers, memories and amplifiers)",4527,6829,5635,5878,12745,4237,7112,3926,8258,5784,8707,12788,,,,,,,,,,,,,,,473685,445878,556282,524914,434540,408141,351565,438599,427697,421898,402822,499530
'720711,"Semi-finished products of iron or non-alloy steel containing, by weight, < 0,25% of carbon, ...",25320,12190,0,0,8434,0,14106,12193,0,13279,0,12858,,,,,,,,,,,,,,,25321,12190,0,0,8434,0,14432,12194,0,13453,3,12913
'847130,"Data-processing machines, automatic, portable, weighing <= 10 kg, consisting of at least a ...",6876,16847,16143,35736,43895,32357,20797,35826,45085,7470,8276,13121,,,,,,,,,,,,,,,485951,530526,685404,745731,611434,527498,378261,566338,577589,447368,676326,557233
'090111,Coffee (excl. roasted and decaffeinated),3851,4260,3519,2836,4063,2229,2571,2532,4239,7987,9301,13426,,,,,,,,,,,,,,,20397,28588,21288,22253,25812,27558,32591,27833,33916,25092,22962,29936
'392010,"Plates, sheets, film, foil and strip, of non-cellular polymers of ethylene, not reinforced, ...",17401,12680,15746,14872,11538,17040,13477,10961,14668,15695,15889,13550,,,,,,,,,,,,,,,46427,47868,64211,59501,53129,62127,59435,44494,73356,68717,60518,68423
'280470,Phosphorus,8309,9384,6556,5506,11641,9992,5804,15227,8772,11252,1540,14094,,,,,,,,,,,,,,,24017,13604,14758,15075,24205,16962,9479,15246,10409,15141,16045,20199
'761699,"Articles of aluminium, n.e.s.",2410,5207,11601,21463,11520,16345,26313,18156,27707,14568,25685,14671,,,,,,,,,,,,,,,50382,50070,57320,62769,54079,72732,79110,82057,87502,74489,86790,63874
'854231,"Electronic integrated circuits as processors and controllers, whether or not combined with ...",3332,4778,1479,287,768,1051,2384,9475,11871,7919,7955,14745,,,,,,,,,,,,,,,1553089,1300031,1458285,1427897,1319320,1381670,1200213,1543303,1604322,1603361,1710979,1775644
'854143,Photovoltaic cells assembled in modules or made up into panels,18973,24198,9349,12883,15056,36353,17858,19209,42707,69664,24860,15689,,,,,,,,,,,,,,,68633,77818,48371,42629,62989,91639,58772,65940,155736,150682,85391,36884
'854442,"Electric conductors for a voltage <= 1.000 V, insulated, fitted with connectors, n.e.s.",11510,12533,7500,13046,11613,7336,7947,8529,12248,10155,15973,15698,,,,,,,,,,,,,,,59605,60058,56179,59937,58225,51114,51799,55752,64581,56125,61798,61570
'721935,"Flat-rolled products of stainless steel, of a width of >= 600 mm, not further worked than cold-rolled ...",2704,3934,2708,7152,2661,2017,10505,10082,13866,7009,9026,15765,,,,,,,,,,,,,,,17387,20183,16247,23479,19168,11544,23892,25412,45854,18873,14373,19814
'851830,"Headphones and earphones, whether or not combined with microphone, and sets consisting of a ...",16755,15073,27100,36120,27725,19160,14364,17370,20691,11204,11580,15847,,,,,,,,,,,,,,,43354,45144,71947,91729,83535,52180,34037,43696,39798,32476,34789,34097
'842619,"Overhead travelling cranes, transporter cranes, gantry cranes, bridge cranes and mobile lifting ...",18758,1385,0,0,0,0,18713,0,0,0,0,18949,,,,,,,,,,,,,,,19533,77497,2992,803,11231,11633,26259,9758,76,1498,888,19097
'847330,Parts and accessories of automatic data-processing machines or for other machines of heading ...,14220,27971,15464,28545,21721,17067,16915,29091,16105,11298,15233,20032,,,,,,,,,,,,,,,236647,298784,259206,295373,276039,306191,291393,415341,326039,353172,432110,379885
'852412,"Flat panel display modules, whether or not incorporating touch-sensitive screens, without drivers ...",26975,51177,0,5540,15942,26098,10125,62797,24161,66768,33281,23457,,,,,,,,,,,,,,,214960,177387,173924,160818,174633,179610,158288,175335,180335,215059,191404,155320
'281820,Aluminium oxide (excl. artificial corundum),10768,9557,20383,9509,2220,18208,127,48332,4899,0,75,27593,,,,,,,,,,,,,,,170823,76017,121228,80437,106714,71168,47331,171101,55623,28710,32685,139531
'721934,"Flat-rolled products of stainless steel, of a width of >= 600 mm, not further worked than cold-rolled ...",7667,8758,11115,12433,4946,2732,8665,15803,17942,11836,9939,30556,,,,,,,,,,,,,,,20065,22396,22130,28783,18526,12535,22519,31870,39191,22306,20785,41698
'390761,"Poly""ethylene terephthalate"", in primary forms, having a viscosity number of >= 78 ml/g",3604,2270,2732,2628,1807,3275,5539,4639,6436,14158,16662,31695,,,,,,,,,,,,,,,21355,22073,22873,13476,12328,24276,31887,21685,19913,26725,29197,45853
'851762,"Machines for the reception, conversion and transmission or regeneration of voice, images or ...",27872,25144,34656,29642,41860,35241,23112,30479,25254,20220,38264,36285,,,,,,,,,,,,,,,308620,309339,340278,320335,324323,322301,289504,405783,299569,315147,406338,521463
'852492,"Flat panel display modules, whether or not incorporating touch-sensitive screens, with drivers ...",37669,38661,30688,63102,36201,36580,19759,17748,42815,38484,32583,44145,,,,,,,,,,,,,,,100543,95647,109972,78251,46475,49772,28663,23279,53884,75004,117806,104600
'310210,"Urea, whether or not in aqueous solution (excl. that in tablets or similar forms, or in packages ...",504,603,3883,5475,38683,42526,0,0,0,19989,23824,49535,,,,,,,,,,,,,,,122478,113871,257696,350388,864625,1090822,733901,495350,338945,406203,300859,289408
'721933,"Flat-rolled products of stainless steel, of a width of >= 600 mm, not further worked than cold-rolled ...",15044,13611,20631,23102,10159,5855,10216,19379,22270,21484,21612,55711,,,,,,,,,,,,,,,33508,32644,35854,56218,36279,29575,32264,40465,55138,38798,40105,69256
'852589,"Television cameras, digital cameras and video camera recorders (excl. high-speed, radiation-hardened ...",60154,61059,61313,86600,66827,65182,43453,38811,58080,49703,53630,56709,,,,,,,,,,,,,,,155795,159031,181557,226801,182081,172559,142952,144557,159888,144894,139675,135478
'741110,Tubes and pipes of refined copper,78845,49840,28610,16868,13048,24932,49528,55332,53000,46109,64654,63113,,,,,,,,,,,,,,,134569,96890,55226,41624,35167,50915,88528,113493,113702,103219,122636,132419
'851779,"Parts of telephone sets, telephones for cellular networks or for other wireless networks and ...",53266,71249,100490,102092,71171,66219,62999,61020,54374,52651,82140,75030,,,,,,,,,,,,,,,1335608,1213006,1273875,1200472,1269942,1310260,1309607,1395254,1470046,1471552,1726871,1665461